{
"type": "FeatureCollection",
"crs": { "type": "name", "properties": { "name": "urn:ogc:def:crs:OGC::CRS84" } },
"features": [
{ "type": "Feature", "properties": { "lat": 47.463855969072341, "lon": -122.26903393942906, "time_of_day": "Morning", "causation": [ "0", "0", "0", "0", "0", "0", "0", "0", "1", "0", "0", "0", "0", "0", "0", "0", "0", "0", "0", "0", "0", "0", "0", "0" ], "duration": 294.0, "sum": 1 }, "geometry": { "type": "Point", "coordinates": [ -122.269033939429065, 47.463855969072341 ] } },
{ "type": "Feature", "properties": { "lat": 47.464050797788353, "lon": -122.2677683241152, "time_of_day": "Morning", "causation": [ "0", "0", "0", "0", "0", "0", "0", "0", "1", "0", "0", "0", "0", "0", "0", "0", "0", "0", "0", "0", "0", "0", "0", "0" ], "duration": 294.0, "sum": 1 }, "geometry": { "type": "Point", "coordinates": [ -122.267768324115195, 47.464050797788353 ] } },
{ "type": "Feature", "properties": { "lat": 47.464410737013132, "lon": -122.27006859846774, "time_of_day": "Morning", "causation": [ "0", "0", "0", "0", "0", "0", "0", "0", "1", "0", "0", "0", "0", "0", "0", "0", "0", "0", "0", "0", "0", "0", "0", "0" ], "duration": 294.0, "sum": 1 }, "geometry": { "type": "Point", "coordinates": [ -122.270068598467745, 47.464410737013132 ] } },
{ "type": "Feature", "properties": { "lat": 47.464457911520363, "lon": -122.26920087628125, "time_of_day": "Morning", "causation": [ "0", "0", "0", "0", "0", "0", "0", "0", "4", "0", "0", "0", "0", "0", "0", "0", "0", "0", "0", "0", "0", "0", "0", "0" ], "duration": 1176.0, "sum": 4 }, "geometry": { "type": "Point", "coordinates": [ -122.269200876281246, 47.464457911520363 ] } },
{ "type": "Feature", "properties": { "lat": 47.464480289540766, "lon": -122.268307611807, "time_of_day": "Morning", "causation": [ "0", "0", "0", "0", "0", "0", "0", "0", "2", "0", "0", "0", "0", "0", "0", "0", "0", "0", "0", "0", "0", "0", "0", "0" ], "duration": 588.0, "sum": 2 }, "geometry": { "type": "Point", "coordinates": [ -122.268307611807003, 47.464480289540766 ] } },
{ "type": "Feature", "properties": { "lat": 47.464580952669898, "lon": -122.26760447747108, "time_of_day": "Morning", "causation": [ "0", "0", "0", "0", "0", "0", "0", "0", "1", "0", "0", "0", "0", "0", "0", "0", "0", "0", "0", "0", "0", "0", "0", "0" ], "duration": 294.0, "sum": 1 }, "geometry": { "type": "Point", "coordinates": [ -122.267604477471082, 47.464580952669898 ] } },
{ "type": "Feature", "properties": { "lat": 47.464695105697082, "lon": -122.27072396166736, "time_of_day": "Morning", "causation": [ "0", "0", "0", "0", "0", "0", "0", "0", "1", "0", "0", "0", "0", "0", "0", "0", "0", "0", "0", "0", "0", "0", "0", "0" ], "duration": 294.0, "sum": 1 }, "geometry": { "type": "Point", "coordinates": [ -122.270723961667358, 47.464695105697082 ] } },
{ "type": "Feature", "properties": { "lat": 47.464746207275731, "lon": -122.26895124184388, "time_of_day": "Morning", "causation": [ "0", "0", "0", "0", "0", "0", "0", "0", "5", "0", "0", "0", "0", "0", "0", "0", "0", "0", "0", "0", "0", "0", "0", "0" ], "duration": 1470.0, "sum": 5 }, "geometry": { "type": "Point", "coordinates": [ -122.26895124184388, 47.464746207275731 ] } },
{ "type": "Feature", "properties": { "lat": 47.46554270519978, "lon": -122.27188185504288, "time_of_day": "Morning", "causation": [ "0", "0", "0", "0", "0", "0", "0", "0", "1", "0", "0", "0", "0", "0", "0", "0", "0", "0", "0", "0", "0", "0", "0", "0" ], "duration": 294.0, "sum": 1 }, "geometry": { "type": "Point", "coordinates": [ -122.271881855042878, 47.46554270519978 ] } },
{ "type": "Feature", "properties": { "lat": 47.465588061947898, "lon": -122.26853596582468, "time_of_day": "Morning", "causation": [ "0", "0", "0", "0", "0", "0", "0", "0", "1", "0", "0", "0", "0", "0", "0", "0", "0", "0", "0", "0", "0", "0", "0", "0" ], "duration": 294.0, "sum": 1 }, "geometry": { "type": "Point", "coordinates": [ -122.268535965824682, 47.465588061947898 ] } },
{ "type": "Feature", "properties": { "lat": 47.465662195669999, "lon": -122.27295462030878, "time_of_day": "Late Night", "causation": [ "0", "0", "0", "0", "0", "0", "0", "0", "15", "0", "0", "0", "0", "0", "0", "0", "0", "0", "0", "0", "0", "0", "0", "0" ], "duration": 7635.0, "sum": 15 }, "geometry": { "type": "Point", "coordinates": [ -122.272954620308781, 47.465662195669999 ] } },
{ "type": "Feature", "properties": { "lat": 47.465662195669999, "lon": -122.27295462030878, "time_of_day": "Morning", "causation": [ "0", "0", "0", "0", "0", "0", "0", "0", "1", "0", "0", "0", "0", "0", "0", "0", "0", "0", "0", "0", "0", "0", "0", "0" ], "duration": 294.0, "sum": 1 }, "geometry": { "type": "Point", "coordinates": [ -122.272954620308781, 47.465662195669999 ] } },
{ "type": "Feature", "properties": { "lat": 47.465722335285491, "lon": -122.27102266554984, "time_of_day": "Morning", "causation": [ "0", "0", "0", "0", "0", "0", "0", "0", "2", "0", "0", "0", "0", "0", "0", "0", "0", "0", "0", "0", "0", "0", "0", "0" ], "duration": 588.0, "sum": 2 }, "geometry": { "type": "Point", "coordinates": [ -122.271022665549836, 47.465722335285491 ] } },
{ "type": "Feature", "properties": { "lat": 47.46572339780456, "lon": -122.27187563604792, "time_of_day": "Morning", "causation": [ "0", "0", "0", "0", "0", "0", "0", "0", "1", "0", "0", "0", "0", "0", "0", "0", "0", "0", "0", "0", "0", "0", "0", "0" ], "duration": 294.0, "sum": 1 }, "geometry": { "type": "Point", "coordinates": [ -122.271875636047923, 47.46572339780456 ] } },
{ "type": "Feature", "properties": { "lat": 47.465776251985211, "lon": -122.27214465357196, "time_of_day": "Morning", "causation": [ "0", "0", "0", "0", "0", "0", "0", "0", "1", "0", "0", "0", "0", "0", "0", "0", "0", "0", "0", "0", "0", "0", "0", "0" ], "duration": 294.0, "sum": 1 }, "geometry": { "type": "Point", "coordinates": [ -122.272144653571956, 47.465776251985211 ] } },
{ "type": "Feature", "properties": { "lat": 47.465980755840278, "lon": -122.35835774019176, "time_of_day": "Morning", "causation": [ "0", "0", "1", "0", "0", "0", "0", "0", "0", "0", "0", "0", "0", "0", "0", "0", "0", "0", "0", "0", "0", "0", "0", "0" ], "duration": 112.0, "sum": 1 }, "geometry": { "type": "Point", "coordinates": [ -122.358357740191764, 47.465980755840278 ] } },
{ "type": "Feature", "properties": { "lat": 47.465987143758362, "lon": -122.27030483289766, "time_of_day": "Morning", "causation": [ "0", "0", "0", "0", "0", "0", "0", "0", "1", "0", "0", "0", "0", "0", "0", "0", "0", "0", "0", "0", "0", "0", "0", "0" ], "duration": 294.0, "sum": 1 }, "geometry": { "type": "Point", "coordinates": [ -122.270304832897665, 47.465987143758362 ] } },
{ "type": "Feature", "properties": { "lat": 47.466043933992971, "lon": -122.27343210185349, "time_of_day": "Late Night", "causation": [ "0", "0", "0", "0", "0", "0", "0", "0", "27", "0", "0", "0", "0", "0", "0", "0", "0", "0", "0", "0", "0", "0", "0", "0" ], "duration": 13743.0, "sum": 27 }, "geometry": { "type": "Point", "coordinates": [ -122.273432101853487, 47.466043933992971 ] } },
{ "type": "Feature", "properties": { "lat": 47.46604420700757, "lon": -122.28007641485702, "time_of_day": "Late Night", "causation": [ "0", "0", "0", "0", "0", "0", "0", "0", "1", "0", "0", "0", "0", "0", "0", "0", "0", "0", "0", "0", "0", "0", "0", "0" ], "duration": 509.0, "sum": 1 }, "geometry": { "type": "Point", "coordinates": [ -122.280076414857021, 47.46604420700757 ] } },
{ "type": "Feature", "properties": { "lat": 47.466215178607563, "lon": -122.27108957950932, "time_of_day": "Morning", "causation": [ "0", "0", "0", "0", "0", "0", "0", "0", "1", "0", "0", "0", "0", "0", "0", "0", "0", "0", "0", "0", "0", "0", "0", "0" ], "duration": 294.0, "sum": 1 }, "geometry": { "type": "Point", "coordinates": [ -122.271089579509322, 47.466215178607563 ] } },
{ "type": "Feature", "properties": { "lat": 47.466253864200723, "lon": -122.27823094230858, "time_of_day": "Late Night", "causation": [ "0", "0", "0", "0", "0", "0", "0", "0", "13", "0", "0", "0", "0", "0", "0", "0", "0", "0", "0", "0", "0", "0", "0", "0" ], "duration": 6617.0, "sum": 13 }, "geometry": { "type": "Point", "coordinates": [ -122.278230942308582, 47.466253864200723 ] } },
{ "type": "Feature", "properties": { "lat": 47.466266150351522, "lon": -122.2696823672521, "time_of_day": "Morning", "causation": [ "0", "0", "0", "0", "0", "0", "0", "0", "1", "0", "0", "0", "0", "0", "0", "0", "0", "0", "0", "0", "0", "0", "0", "0" ], "duration": 294.0, "sum": 1 }, "geometry": { "type": "Point", "coordinates": [ -122.269682367252102, 47.466266150351522 ] } },
{ "type": "Feature", "properties": { "lat": 47.466272870124072, "lon": -122.28082101499233, "time_of_day": "Late Night", "causation": [ "0", "0", "0", "0", "0", "0", "0", "0", "1", "0", "0", "0", "0", "0", "0", "0", "0", "0", "0", "0", "0", "0", "0", "0" ], "duration": 509.0, "sum": 1 }, "geometry": { "type": "Point", "coordinates": [ -122.280821014992327, 47.466272870124072 ] } },
{ "type": "Feature", "properties": { "lat": 47.466282593332593, "lon": -122.35752667854914, "time_of_day": "Morning", "causation": [ "0", "0", "1", "0", "0", "0", "0", "0", "0", "0", "0", "0", "0", "0", "0", "0", "0", "0", "0", "0", "0", "0", "0", "0" ], "duration": 112.0, "sum": 1 }, "geometry": { "type": "Point", "coordinates": [ -122.357526678549135, 47.466282593332593 ] } },
{ "type": "Feature", "properties": { "lat": 47.466303931455705, "lon": -122.27979788072037, "time_of_day": "Late Night", "causation": [ "0", "0", "0", "0", "0", "0", "0", "0", "3", "0", "0", "0", "0", "0", "0", "0", "0", "0", "0", "0", "0", "0", "0", "0" ], "duration": 1527.0, "sum": 3 }, "geometry": { "type": "Point", "coordinates": [ -122.279797880720366, 47.466303931455705 ] } },
{ "type": "Feature", "properties": { "lat": 47.466325759974445, "lon": -122.35770882046759, "time_of_day": "Morning", "causation": [ "0", "0", "1", "0", "0", "0", "0", "0", "0", "0", "0", "0", "0", "0", "0", "0", "0", "0", "0", "0", "0", "0", "0", "0" ], "duration": 112.0, "sum": 1 }, "geometry": { "type": "Point", "coordinates": [ -122.357708820467593, 47.466325759974445 ] } },
{ "type": "Feature", "properties": { "lat": 47.466367102915271, "lon": -122.27432668590367, "time_of_day": "Late Night", "causation": [ "0", "0", "0", "0", "0", "0", "0", "0", "41", "0", "0", "0", "0", "0", "0", "0", "0", "0", "0", "0", "0", "0", "0", "0" ], "duration": 2091.0, "sum": 41 }, "geometry": { "type": "Point", "coordinates": [ -122.274326685903674, 47.466367102915271 ] } },
{ "type": "Feature", "properties": { "lat": 47.466398824329602, "lon": -122.35801555219514, "time_of_day": "Morning", "causation": [ "0", "0", "1", "0", "0", "0", "0", "0", "0", "0", "0", "0", "0", "0", "0", "0", "0", "0", "0", "0", "0", "0", "0", "0" ], "duration": 112.0, "sum": 1 }, "geometry": { "type": "Point", "coordinates": [ -122.358015552195141, 47.466398824329602 ] } },
{ "type": "Feature", "properties": { "lat": 47.466452899155634, "lon": -122.27105342956304, "time_of_day": "Morning", "causation": [ "0", "0", "0", "0", "0", "0", "0", "0", "1", "0", "0", "0", "0", "0", "0", "0", "0", "0", "0", "0", "0", "0", "0", "0" ], "duration": 294.0, "sum": 1 }, "geometry": { "type": "Point", "coordinates": [ -122.27105342956304, 47.466452899155634 ] } },
{ "type": "Feature", "properties": { "lat": 47.466481839014712, "lon": -122.27525781738036, "time_of_day": "Late Night", "causation": [ "0", "0", "0", "0", "0", "0", "0", "0", "28", "0", "0", "0", "0", "0", "0", "0", "0", "0", "0", "0", "0", "0", "0", "0" ], "duration": 14252.0, "sum": 28 }, "geometry": { "type": "Point", "coordinates": [ -122.275257817380364, 47.466481839014712 ] } },
{ "type": "Feature", "properties": { "lat": 47.46652061359562, "lon": -122.27722201226102, "time_of_day": "Late Night", "causation": [ "0", "0", "0", "0", "0", "0", "0", "0", "16", "0", "0", "0", "0", "0", "0", "0", "0", "0", "0", "0", "0", "0", "0", "0" ], "duration": 8144.0, "sum": 16 }, "geometry": { "type": "Point", "coordinates": [ -122.277222012261021, 47.46652061359562 ] } },
{ "type": "Feature", "properties": { "lat": 47.466539707307305, "lon": -122.27626202536742, "time_of_day": "Late Night", "causation": [ "0", "0", "0", "0", "0", "0", "0", "0", "12", "0", "0", "0", "0", "0", "0", "0", "0", "0", "0", "0", "0", "0", "0", "0" ], "duration": 6108.0, "sum": 12 }, "geometry": { "type": "Point", "coordinates": [ -122.276262025367416, 47.466539707307305 ] } },
{ "type": "Feature", "properties": { "lat": 47.466544677586647, "lon": -122.26877893346899, "time_of_day": "Morning", "causation": [ "0", "0", "0", "0", "0", "0", "0", "0", "1", "0", "0", "0", "0", "0", "0", "0", "0", "0", "0", "0", "0", "0", "0", "0" ], "duration": 294.0, "sum": 1 }, "geometry": { "type": "Point", "coordinates": [ -122.268778933468994, 47.466544677586647 ] } },
{ "type": "Feature", "properties": { "lat": 47.466549959478726, "lon": -122.27346272748404, "time_of_day": "Late Night", "causation": [ "0", "0", "0", "0", "0", "0", "0", "0", "40", "0", "0", "0", "0", "0", "0", "0", "0", "0", "0", "0", "0", "0", "0", "0" ], "duration": 20360.0, "sum": 40 }, "geometry": { "type": "Point", "coordinates": [ -122.273462727484045, 47.466549959478726 ] } },
{ "type": "Feature", "properties": { "lat": 47.466557553262241, "lon": -122.2748751213486, "time_of_day": "Late Night", "causation": [ "0", "0", "0", "0", "0", "0", "0", "0", "15", "0", "0", "0", "0", "0", "0", "0", "0", "0", "0", "0", "0", "0", "0", "0" ], "duration": 7635.0, "sum": 15 }, "geometry": { "type": "Point", "coordinates": [ -122.2748751213486, 47.466557553262241 ] } },
{ "type": "Feature", "properties": { "lat": 47.466566610836637, "lon": -122.27398056476784, "time_of_day": "Late Night", "causation": [ "0", "0", "0", "0", "0", "0", "0", "0", "15", "0", "0", "0", "0", "0", "0", "0", "0", "0", "0", "0", "0", "0", "0", "0" ], "duration": 765.0, "sum": 15 }, "geometry": { "type": "Point", "coordinates": [ -122.273980564767839, 47.466566610836637 ] } },
{ "type": "Feature", "properties": { "lat": 47.466569684788404, "lon": -122.27157669366358, "time_of_day": "Morning", "causation": [ "0", "0", "0", "0", "0", "0", "0", "0", "1", "0", "0", "0", "0", "0", "0", "0", "0", "0", "0", "0", "0", "0", "0", "0" ], "duration": 294.0, "sum": 1 }, "geometry": { "type": "Point", "coordinates": [ -122.271576693663576, 47.466569684788404 ] } },
{ "type": "Feature", "properties": { "lat": 47.466593442404339, "lon": -122.27257918919619, "time_of_day": "Morning", "causation": [ "0", "0", "0", "0", "0", "0", "0", "0", "1", "0", "0", "0", "0", "0", "0", "0", "0", "0", "0", "0", "0", "0", "0", "0" ], "duration": 294.0, "sum": 1 }, "geometry": { "type": "Point", "coordinates": [ -122.272579189196193, 47.466593442404339 ] } },
{ "type": "Feature", "properties": { "lat": 47.4666013731606, "lon": -122.28081775461644, "time_of_day": "Late Night", "causation": [ "0", "0", "0", "0", "0", "0", "0", "0", "1", "0", "0", "0", "0", "0", "0", "0", "0", "0", "0", "0", "0", "0", "0", "0" ], "duration": 509.0, "sum": 1 }, "geometry": { "type": "Point", "coordinates": [ -122.280817754616436, 47.4666013731606 ] } },
{ "type": "Feature", "properties": { "lat": 47.466609049897762, "lon": -122.28187071978932, "time_of_day": "Late Night", "causation": [ "0", "0", "0", "0", "0", "0", "0", "0", "1", "0", "0", "0", "0", "0", "0", "0", "0", "0", "0", "0", "0", "0", "0", "0" ], "duration": 509.0, "sum": 1 }, "geometry": { "type": "Point", "coordinates": [ -122.281870719789325, 47.466609049897762 ] } },
{ "type": "Feature", "properties": { "lat": 47.466649476920558, "lon": -122.27113090294463, "time_of_day": "Morning", "causation": [ "0", "0", "0", "0", "0", "0", "0", "0", "1", "0", "0", "0", "0", "0", "0", "0", "0", "0", "0", "0", "0", "0", "0", "0" ], "duration": 294.0, "sum": 1 }, "geometry": { "type": "Point", "coordinates": [ -122.271130902944634, 47.466649476920558 ] } },
{ "type": "Feature", "properties": { "lat": 47.466664626747423, "lon": -122.269551284828, "time_of_day": "Morning", "causation": [ "0", "0", "0", "0", "0", "0", "0", "0", "2", "0", "0", "0", "0", "0", "0", "0", "0", "0", "0", "0", "0", "0", "0", "0" ], "duration": 588.0, "sum": 2 }, "geometry": { "type": "Point", "coordinates": [ -122.269551284827998, 47.466664626747423 ] } },
{ "type": "Feature", "properties": { "lat": 47.466667577868151, "lon": -122.28232272176484, "time_of_day": "Late Night", "causation": [ "0", "0", "0", "0", "0", "0", "0", "0", "1", "0", "0", "0", "0", "0", "0", "0", "0", "0", "0", "0", "0", "0", "0", "0" ], "duration": 509.0, "sum": 1 }, "geometry": { "type": "Point", "coordinates": [ -122.282322721764842, 47.466667577868151 ] } },
{ "type": "Feature", "properties": { "lat": 47.466757720438068, "lon": -122.2808929764366, "time_of_day": "Late Night", "causation": [ "0", "0", "0", "0", "0", "0", "0", "0", "1", "0", "0", "0", "0", "0", "0", "0", "0", "0", "0", "0", "0", "0", "0", "0" ], "duration": 509.0, "sum": 1 }, "geometry": { "type": "Point", "coordinates": [ -122.280892976436604, 47.466757720438068 ] } },
{ "type": "Feature", "properties": { "lat": 47.466773535913177, "lon": -122.28155098807868, "time_of_day": "Late Night", "causation": [ "0", "0", "0", "0", "0", "0", "0", "0", "1", "0", "0", "0", "0", "0", "0", "0", "0", "0", "0", "0", "0", "0", "0", "0" ], "duration": 509.0, "sum": 1 }, "geometry": { "type": "Point", "coordinates": [ -122.281550988078678, 47.466773535913177 ] } },
{ "type": "Feature", "properties": { "lat": 47.466905041796828, "lon": -122.35848930896093, "time_of_day": "Morning", "causation": [ "0", "0", "1", "0", "0", "0", "0", "0", "0", "0", "0", "0", "0", "0", "0", "0", "0", "0", "0", "0", "0", "0", "0", "0" ], "duration": 112.0, "sum": 1 }, "geometry": { "type": "Point", "coordinates": [ -122.358489308960927, 47.466905041796828 ] } },
{ "type": "Feature", "properties": { "lat": 47.466942444896425, "lon": -122.36104633780069, "time_of_day": "Morning", "causation": [ "0", "0", "0", "0", "0", "0", "0", "0", "0", "0", "0", "0", "0", "0", "0", "0", "0", "0", "6", "0", "0", "0", "0", "0" ], "duration": 1464.0, "sum": 6 }, "geometry": { "type": "Point", "coordinates": [ -122.361046337800687, 47.466942444896425 ] } },
{ "type": "Feature", "properties": { "lat": 47.467016509928492, "lon": -122.27144732137846, "time_of_day": "Morning", "causation": [ "0", "0", "0", "0", "0", "0", "0", "0", "1", "0", "0", "0", "0", "0", "0", "0", "0", "0", "0", "0", "0", "0", "0", "0" ], "duration": 294.0, "sum": 1 }, "geometry": { "type": "Point", "coordinates": [ -122.27144732137846, 47.467016509928492 ] } },
{ "type": "Feature", "properties": { "lat": 47.467033677098257, "lon": -122.27202836638148, "time_of_day": "Morning", "causation": [ "0", "0", "0", "0", "0", "0", "0", "0", "1", "0", "0", "0", "0", "0", "0", "0", "0", "0", "0", "0", "0", "0", "0", "0" ], "duration": 294.0, "sum": 1 }, "geometry": { "type": "Point", "coordinates": [ -122.272028366381477, 47.467033677098257 ] } },
{ "type": "Feature", "properties": { "lat": 47.467083578005749, "lon": -122.28148171289902, "time_of_day": "Late Night", "causation": [ "0", "0", "0", "0", "0", "0", "0", "0", "1", "0", "0", "0", "0", "0", "0", "0", "0", "0", "0", "0", "0", "0", "0", "0" ], "duration": 509.0, "sum": 1 }, "geometry": { "type": "Point", "coordinates": [ -122.281481712899023, 47.467083578005749 ] } },
{ "type": "Feature", "properties": { "lat": 47.467084840728958, "lon": -122.26932540948437, "time_of_day": "Morning", "causation": [ "0", "0", "0", "0", "0", "0", "0", "0", "3", "0", "0", "0", "0", "0", "0", "0", "0", "0", "0", "0", "0", "0", "0", "0" ], "duration": 882.0, "sum": 3 }, "geometry": { "type": "Point", "coordinates": [ -122.269325409484367, 47.467084840728958 ] } },
{ "type": "Feature", "properties": { "lat": 47.467101693270678, "lon": -122.26847854283612, "time_of_day": "Morning", "causation": [ "0", "0", "0", "0", "0", "0", "0", "0", "4", "0", "0", "0", "0", "0", "0", "0", "0", "0", "0", "0", "0", "0", "0", "0" ], "duration": 1176.0, "sum": 4 }, "geometry": { "type": "Point", "coordinates": [ -122.268478542836121, 47.467101693270678 ] } },
{ "type": "Feature", "properties": { "lat": 47.467110214407583, "lon": -122.26559501103814, "time_of_day": "Morning", "causation": [ "0", "0", "0", "0", "0", "0", "0", "0", "28", "0", "0", "0", "0", "0", "0", "0", "0", "0", "0", "0", "0", "0", "0", "0" ], "duration": 8232.0, "sum": 28 }, "geometry": { "type": "Point", "coordinates": [ -122.265595011038144, 47.467110214407583 ] } },
{ "type": "Feature", "properties": { "lat": 47.46715742266894, "lon": -122.28181445179769, "time_of_day": "Late Night", "causation": [ "0", "0", "0", "0", "0", "0", "0", "0", "1", "0", "0", "0", "0", "0", "0", "0", "0", "0", "0", "0", "0", "0", "0", "0" ], "duration": 509.0, "sum": 1 }, "geometry": { "type": "Point", "coordinates": [ -122.281814451797686, 47.46715742266894 ] } },
{ "type": "Feature", "properties": { "lat": 47.46716859976177, "lon": -122.2709671219168, "time_of_day": "Morning", "causation": [ "0", "0", "0", "0", "0", "0", "0", "0", "1", "0", "0", "0", "0", "0", "0", "0", "0", "0", "0", "0", "0", "0", "0", "0" ], "duration": 294.0, "sum": 1 }, "geometry": { "type": "Point", "coordinates": [ -122.270967121916797, 47.46716859976177 ] } },
{ "type": "Feature", "properties": { "lat": 47.467223415500619, "lon": -122.28156573913904, "time_of_day": "Late Night", "causation": [ "0", "0", "0", "0", "0", "0", "0", "0", "1", "0", "0", "0", "0", "0", "0", "0", "0", "0", "0", "0", "0", "0", "0", "0" ], "duration": 509.0, "sum": 1 }, "geometry": { "type": "Point", "coordinates": [ -122.28156573913904, 47.467223415500619 ] } },
{ "type": "Feature", "properties": { "lat": 47.467307627033591, "lon": -122.26630155714108, "time_of_day": "Morning", "causation": [ "0", "0", "0", "0", "0", "0", "0", "0", "24", "0", "0", "0", "0", "0", "0", "0", "0", "0", "0", "0", "0", "0", "0", "0" ], "duration": 7056.0, "sum": 24 }, "geometry": { "type": "Point", "coordinates": [ -122.266301557141077, 47.467307627033591 ] } },
{ "type": "Feature", "properties": { "lat": 47.467316101898668, "lon": -122.28049480136194, "time_of_day": "Late Night", "causation": [ "0", "0", "0", "0", "0", "0", "0", "0", "1", "0", "0", "0", "0", "0", "0", "0", "0", "0", "0", "0", "0", "0", "0", "0" ], "duration": 509.0, "sum": 1 }, "geometry": { "type": "Point", "coordinates": [ -122.280494801361939, 47.467316101898668 ] } },
{ "type": "Feature", "properties": { "lat": 47.467323549057248, "lon": -122.2824058390309, "time_of_day": "Late Night", "causation": [ "0", "0", "0", "0", "0", "0", "0", "0", "1", "0", "0", "0", "0", "0", "0", "0", "0", "0", "0", "0", "0", "0", "0", "0" ], "duration": 509.0, "sum": 1 }, "geometry": { "type": "Point", "coordinates": [ -122.282405839030901, 47.467323549057248 ] } },
{ "type": "Feature", "properties": { "lat": 47.467327837456686, "lon": -122.27201805034235, "time_of_day": "Morning", "causation": [ "0", "0", "0", "0", "0", "0", "0", "0", "1", "0", "0", "0", "0", "0", "0", "0", "0", "0", "0", "0", "0", "0", "0", "0" ], "duration": 294.0, "sum": 1 }, "geometry": { "type": "Point", "coordinates": [ -122.272018050342353, 47.467327837456686 ] } },
{ "type": "Feature", "properties": { "lat": 47.467338334696912, "lon": -122.26932110415368, "time_of_day": "Morning", "causation": [ "0", "0", "0", "0", "0", "0", "0", "0", "2", "0", "0", "0", "0", "0", "0", "0", "0", "0", "0", "0", "0", "0", "0", "0" ], "duration": 588.0, "sum": 2 }, "geometry": { "type": "Point", "coordinates": [ -122.269321104153676, 47.467338334696912 ] } },
{ "type": "Feature", "properties": { "lat": 47.467360190298017, "lon": -122.28089694508898, "time_of_day": "Late Night", "causation": [ "0", "0", "0", "0", "0", "0", "0", "0", "1", "0", "0", "0", "0", "0", "0", "0", "0", "0", "0", "0", "0", "0", "0", "0" ], "duration": 509.0, "sum": 1 }, "geometry": { "type": "Point", "coordinates": [ -122.280896945088983, 47.467360190298017 ] } },
{ "type": "Feature", "properties": { "lat": 47.467410420218229, "lon": -122.26565893265852, "time_of_day": "Morning", "causation": [ "0", "0", "0", "0", "0", "0", "0", "0", "1", "0", "0", "0", "0", "0", "0", "0", "0", "0", "0", "0", "0", "0", "0", "0" ], "duration": 294.0, "sum": 1 }, "geometry": { "type": "Point", "coordinates": [ -122.265658932658525, 47.467410420218229 ] } },
{ "type": "Feature", "properties": { "lat": 47.46750259857243, "lon": -122.28150385606379, "time_of_day": "Late Night", "causation": [ "0", "0", "0", "0", "0", "0", "0", "0", "1", "0", "0", "0", "0", "0", "0", "0", "0", "0", "0", "0", "0", "0", "0", "0" ], "duration": 509.0, "sum": 1 }, "geometry": { "type": "Point", "coordinates": [ -122.281503856063793, 47.46750259857243 ] } },
{ "type": "Feature", "properties": { "lat": 47.467533503430296, "lon": -122.26929550096573, "time_of_day": "Morning", "causation": [ "0", "0", "0", "0", "0", "0", "0", "0", "1", "0", "0", "0", "0", "0", "0", "0", "0", "0", "0", "0", "0", "0", "0", "0" ], "duration": 294.0, "sum": 1 }, "geometry": { "type": "Point", "coordinates": [ -122.269295500965725, 47.467533503430296 ] } },
{ "type": "Feature", "properties": { "lat": 47.46760465051036, "lon": -122.26874593492776, "time_of_day": "Morning", "causation": [ "0", "0", "0", "0", "0", "0", "0", "0", "1", "0", "0", "0", "0", "0", "0", "0", "0", "0", "0", "0", "0", "0", "0", "0" ], "duration": 294.0, "sum": 1 }, "geometry": { "type": "Point", "coordinates": [ -122.268745934927765, 47.46760465051036 ] } },
{ "type": "Feature", "properties": { "lat": 47.467604860164826, "lon": -122.27197056129192, "time_of_day": "Morning", "causation": [ "0", "0", "0", "0", "0", "0", "0", "0", "1", "0", "0", "0", "0", "0", "0", "0", "0", "0", "0", "0", "0", "0", "0", "0" ], "duration": 294.0, "sum": 1 }, "geometry": { "type": "Point", "coordinates": [ -122.271970561291923, 47.467604860164826 ] } },
{ "type": "Feature", "properties": { "lat": 47.467619671994633, "lon": -122.27086863633978, "time_of_day": "Morning", "causation": [ "0", "0", "0", "0", "0", "0", "0", "0", "1", "0", "0", "0", "0", "0", "0", "0", "0", "0", "0", "0", "0", "0", "0", "0" ], "duration": 294.0, "sum": 1 }, "geometry": { "type": "Point", "coordinates": [ -122.270868636339785, 47.467619671994633 ] } },
{ "type": "Feature", "properties": { "lat": 47.467948009904347, "lon": -122.26561986859799, "time_of_day": "Morning", "causation": [ "0", "0", "0", "0", "0", "0", "0", "0", "12", "0", "0", "0", "0", "0", "0", "0", "0", "0", "0", "0", "0", "0", "0", "0" ], "duration": 3528.0, "sum": 12 }, "geometry": { "type": "Point", "coordinates": [ -122.265619868597994, 47.467948009904347 ] } },
{ "type": "Feature", "properties": { "lat": 47.467950604518784, "lon": -122.26650890519868, "time_of_day": "Morning", "causation": [ "0", "0", "0", "0", "0", "0", "0", "0", "12", "0", "0", "0", "0", "0", "0", "0", "0", "0", "0", "0", "0", "0", "0", "0" ], "duration": 3528.0, "sum": 12 }, "geometry": { "type": "Point", "coordinates": [ -122.266508905198677, 47.467950604518784 ] } },
{ "type": "Feature", "properties": { "lat": 47.468024108289065, "lon": -122.26589284486325, "time_of_day": "Morning", "causation": [ "0", "0", "0", "0", "0", "0", "0", "0", "6", "0", "0", "0", "0", "0", "0", "0", "0", "0", "0", "0", "0", "0", "0", "0" ], "duration": 1764.0, "sum": 6 }, "geometry": { "type": "Point", "coordinates": [ -122.265892844863245, 47.468024108289065 ] } },
{ "type": "Feature", "properties": { "lat": 47.468030946764131, "lon": -122.26615910799764, "time_of_day": "Morning", "causation": [ "0", "0", "0", "0", "0", "0", "0", "0", "6", "0", "0", "0", "0", "0", "0", "0", "0", "0", "0", "0", "0", "0", "0", "0" ], "duration": 1764.0, "sum": 6 }, "geometry": { "type": "Point", "coordinates": [ -122.266159107997638, 47.468030946764131 ] } },
{ "type": "Feature", "properties": { "lat": 47.468143529619141, "lon": -122.28147849861362, "time_of_day": "Late Night", "causation": [ "0", "0", "0", "0", "0", "0", "0", "0", "1", "0", "0", "0", "0", "0", "0", "0", "0", "0", "0", "0", "0", "0", "0", "0" ], "duration": 509.0, "sum": 1 }, "geometry": { "type": "Point", "coordinates": [ -122.281478498613623, 47.468143529619141 ] } },
{ "type": "Feature", "properties": { "lat": 47.468459554098281, "lon": -122.27097552200225, "time_of_day": "Morning", "causation": [ "0", "0", "0", "0", "0", "0", "0", "0", "1", "0", "0", "0", "0", "0", "0", "0", "0", "0", "0", "0", "0", "0", "0", "0" ], "duration": 294.0, "sum": 1 }, "geometry": { "type": "Point", "coordinates": [ -122.270975522002246, 47.468459554098281 ] } },
{ "type": "Feature", "properties": { "lat": 47.46848442635563, "lon": -122.2814171459805, "time_of_day": "Late Night", "causation": [ "0", "0", "0", "0", "0", "0", "0", "0", "1", "0", "0", "0", "0", "0", "0", "0", "0", "0", "0", "0", "0", "0", "0", "0" ], "duration": 509.0, "sum": 1 }, "geometry": { "type": "Point", "coordinates": [ -122.281417145980498, 47.46848442635563 ] } },
{ "type": "Feature", "properties": { "lat": 47.46853928557438, "lon": -122.26543096075048, "time_of_day": "Morning", "causation": [ "0", "0", "0", "0", "0", "0", "0", "0", "64", "0", "0", "0", "0", "0", "0", "0", "0", "0", "0", "0", "0", "0", "0", "0" ], "duration": 18816.0, "sum": 64 }, "geometry": { "type": "Point", "coordinates": [ -122.265430960750479, 47.46853928557438 ] } },
{ "type": "Feature", "properties": { "lat": 47.468730185187013, "lon": -122.26658822519306, "time_of_day": "Morning", "causation": [ "0", "0", "0", "0", "0", "0", "0", "0", "1", "0", "0", "0", "0", "0", "0", "0", "0", "0", "0", "0", "0", "0", "0", "0" ], "duration": 294.0, "sum": 1 }, "geometry": { "type": "Point", "coordinates": [ -122.266588225193061, 47.468730185187013 ] } },
{ "type": "Feature", "properties": { "lat": 47.46875289025121, "lon": -122.26600832742308, "time_of_day": "Morning", "causation": [ "0", "0", "0", "0", "0", "0", "0", "0", "1", "0", "0", "0", "0", "0", "0", "0", "0", "0", "0", "0", "0", "0", "0", "0" ], "duration": 294.0, "sum": 1 }, "geometry": { "type": "Point", "coordinates": [ -122.26600832742308, 47.46875289025121 ] } },
{ "type": "Feature", "properties": { "lat": 47.468817813318317, "lon": -122.27099117590728, "time_of_day": "Morning", "causation": [ "0", "0", "0", "0", "0", "0", "0", "0", "1", "0", "0", "0", "0", "0", "0", "0", "0", "0", "0", "0", "0", "0", "0", "0" ], "duration": 294.0, "sum": 1 }, "geometry": { "type": "Point", "coordinates": [ -122.270991175907284, 47.468817813318317 ] } },
{ "type": "Feature", "properties": { "lat": 47.46886149426301, "lon": -122.26534186458272, "time_of_day": "Morning", "causation": [ "0", "0", "0", "0", "0", "0", "0", "0", "1", "0", "0", "0", "0", "0", "0", "0", "0", "0", "0", "0", "0", "0", "0", "0" ], "duration": 294.0, "sum": 1 }, "geometry": { "type": "Point", "coordinates": [ -122.265341864582723, 47.46886149426301 ] } },
{ "type": "Feature", "properties": { "lat": 47.468877983038801, "lon": -122.27629834340588, "time_of_day": "Morning", "causation": [ "0", "0", "0", "0", "0", "0", "0", "0", "1", "0", "0", "0", "0", "0", "0", "0", "0", "0", "0", "0", "0", "0", "0", "0" ], "duration": 294.0, "sum": 1 }, "geometry": { "type": "Point", "coordinates": [ -122.276298343405884, 47.468877983038801 ] } },
{ "type": "Feature", "properties": { "lat": 47.468892953483042, "lon": -122.27032792481644, "time_of_day": "Morning", "causation": [ "0", "0", "0", "0", "0", "0", "0", "0", "1", "0", "0", "0", "0", "0", "0", "0", "0", "0", "0", "0", "0", "0", "0", "0" ], "duration": 294.0, "sum": 1 }, "geometry": { "type": "Point", "coordinates": [ -122.270327924816442, 47.468892953483042 ] } },
{ "type": "Feature", "properties": { "lat": 47.468900965816587, "lon": -122.27653295191176, "time_of_day": "Morning", "causation": [ "0", "0", "0", "0", "0", "0", "0", "0", "1", "0", "0", "0", "0", "0", "0", "0", "0", "0", "0", "0", "0", "0", "0", "0" ], "duration": 294.0, "sum": 1 }, "geometry": { "type": "Point", "coordinates": [ -122.276532951911761, 47.468900965816587 ] } },
{ "type": "Feature", "properties": { "lat": 47.468919123439626, "lon": -122.26664772304292, "time_of_day": "Morning", "causation": [ "0", "0", "0", "0", "0", "0", "0", "0", "1", "0", "0", "0", "0", "0", "0", "0", "0", "0", "0", "0", "0", "0", "0", "0" ], "duration": 294.0, "sum": 1 }, "geometry": { "type": "Point", "coordinates": [ -122.266647723042922, 47.468919123439626 ] } },
{ "type": "Feature", "properties": { "lat": 47.469086730240768, "lon": -122.27045550529679, "time_of_day": "Morning", "causation": [ "0", "0", "0", "0", "0", "0", "0", "0", "1", "0", "0", "0", "0", "0", "0", "0", "0", "0", "0", "0", "0", "0", "0", "0" ], "duration": 294.0, "sum": 1 }, "geometry": { "type": "Point", "coordinates": [ -122.270455505296795, 47.469086730240768 ] } },
{ "type": "Feature", "properties": { "lat": 47.46916791829279, "lon": -122.27086046271064, "time_of_day": "Morning", "causation": [ "0", "0", "0", "0", "0", "0", "0", "0", "1", "0", "0", "0", "0", "0", "0", "0", "0", "0", "0", "0", "0", "0", "0", "0" ], "duration": 294.0, "sum": 1 }, "geometry": { "type": "Point", "coordinates": [ -122.270860462710644, 47.46916791829279 ] } },
{ "type": "Feature", "properties": { "lat": 47.469262226262686, "lon": -122.26554005020284, "time_of_day": "Morning", "causation": [ "0", "0", "0", "0", "0", "0", "0", "0", "1", "0", "0", "0", "0", "0", "0", "0", "0", "0", "0", "0", "0", "0", "0", "0" ], "duration": 294.0, "sum": 1 }, "geometry": { "type": "Point", "coordinates": [ -122.265540050202844, 47.469262226262686 ] } },
{ "type": "Feature", "properties": { "lat": 47.469276550164331, "lon": -122.27550501286916, "time_of_day": "Morning", "causation": [ "0", "0", "0", "0", "0", "0", "0", "0", "1", "0", "0", "0", "0", "0", "0", "0", "0", "0", "0", "0", "0", "0", "0", "0" ], "duration": 294.0, "sum": 1 }, "geometry": { "type": "Point", "coordinates": [ -122.275505012869161, 47.469276550164331 ] } },
{ "type": "Feature", "properties": { "lat": 47.469280552233002, "lon": -122.2667684518176, "time_of_day": "Morning", "causation": [ "0", "0", "0", "0", "0", "0", "0", "0", "1", "0", "0", "0", "0", "0", "0", "0", "0", "0", "0", "0", "0", "0", "0", "0" ], "duration": 294.0, "sum": 1 }, "geometry": { "type": "Point", "coordinates": [ -122.266768451817597, 47.469280552233002 ] } },
{ "type": "Feature", "properties": { "lat": 47.469319292408798, "lon": -122.26603785136568, "time_of_day": "Morning", "causation": [ "0", "0", "0", "0", "0", "0", "0", "0", "1", "0", "0", "0", "0", "0", "0", "0", "0", "0", "0", "0", "0", "0", "0", "0" ], "duration": 294.0, "sum": 1 }, "geometry": { "type": "Point", "coordinates": [ -122.266037851365681, 47.469319292408798 ] } },
{ "type": "Feature", "properties": { "lat": 47.469322889218205, "lon": -122.26531158281776, "time_of_day": "Morning", "causation": [ "0", "0", "0", "0", "0", "0", "0", "0", "1", "0", "0", "0", "0", "0", "0", "0", "0", "0", "0", "0", "0", "0", "0", "0" ], "duration": 294.0, "sum": 1 }, "geometry": { "type": "Point", "coordinates": [ -122.265311582817759, 47.469322889218205 ] } },
{ "type": "Feature", "properties": { "lat": 47.469323021847082, "lon": -122.26579985490012, "time_of_day": "Morning", "causation": [ "0", "0", "0", "0", "0", "0", "0", "0", "1", "0", "0", "0", "0", "0", "0", "0", "0", "0", "0", "0", "0", "0", "0", "0" ], "duration": 294.0, "sum": 1 }, "geometry": { "type": "Point", "coordinates": [ -122.265799854900123, 47.469323021847082 ] } },
{ "type": "Feature", "properties": { "lat": 47.469383211482601, "lon": -122.2761695289017, "time_of_day": "Morning", "causation": [ "0", "0", "0", "0", "0", "0", "0", "0", "1", "0", "0", "0", "0", "0", "0", "0", "0", "0", "0", "0", "0", "0", "0", "0" ], "duration": 294.0, "sum": 1 }, "geometry": { "type": "Point", "coordinates": [ -122.276169528901704, 47.469383211482601 ] } },
{ "type": "Feature", "properties": { "lat": 47.469383714922834, "lon": -122.27648787183932, "time_of_day": "Morning", "causation": [ "0", "0", "0", "0", "0", "0", "0", "0", "1", "0", "0", "0", "0", "0", "0", "0", "0", "0", "0", "0", "0", "0", "0", "0" ], "duration": 294.0, "sum": 1 }, "geometry": { "type": "Point", "coordinates": [ -122.276487871839322, 47.469383714922834 ] } },
{ "type": "Feature", "properties": { "lat": 47.469388259326152, "lon": -122.27678380255672, "time_of_day": "Morning", "causation": [ "0", "0", "0", "0", "0", "0", "0", "0", "1", "0", "0", "0", "0", "0", "0", "0", "0", "0", "0", "0", "0", "0", "0", "0" ], "duration": 294.0, "sum": 1 }, "geometry": { "type": "Point", "coordinates": [ -122.276783802556722, 47.469388259326152 ] } },
{ "type": "Feature", "properties": { "lat": 47.469438429582361, "lon": -122.26677970413398, "time_of_day": "Morning", "causation": [ "0", "0", "0", "0", "0", "0", "0", "0", "1", "0", "0", "0", "0", "0", "0", "0", "0", "0", "0", "0", "0", "0", "0", "0" ], "duration": 294.0, "sum": 1 }, "geometry": { "type": "Point", "coordinates": [ -122.266779704133981, 47.469438429582361 ] } },
{ "type": "Feature", "properties": { "lat": 47.46950896889129, "lon": -122.27556687791034, "time_of_day": "Morning", "causation": [ "0", "0", "0", "0", "0", "0", "0", "0", "1", "0", "0", "0", "0", "0", "0", "0", "0", "0", "0", "0", "0", "0", "0", "0" ], "duration": 294.0, "sum": 1 }, "geometry": { "type": "Point", "coordinates": [ -122.275566877910336, 47.46950896889129 ] } },
{ "type": "Feature", "properties": { "lat": 47.469701127162537, "lon": -122.26957805393948, "time_of_day": "Morning", "causation": [ "0", "0", "0", "0", "0", "0", "0", "0", "1", "0", "0", "0", "0", "0", "0", "0", "0", "0", "0", "0", "0", "0", "0", "0" ], "duration": 294.0, "sum": 1 }, "geometry": { "type": "Point", "coordinates": [ -122.269578053939483, 47.469701127162537 ] } },
{ "type": "Feature", "properties": { "lat": 47.469702588546106, "lon": -122.26985036537084, "time_of_day": "Morning", "causation": [ "0", "0", "0", "0", "0", "0", "0", "0", "1", "0", "0", "0", "0", "0", "0", "0", "0", "0", "0", "0", "0", "0", "0", "0" ], "duration": 294.0, "sum": 1 }, "geometry": { "type": "Point", "coordinates": [ -122.269850365370843, 47.469702588546106 ] } },
{ "type": "Feature", "properties": { "lat": 47.469707764580022, "lon": -122.26547189289801, "time_of_day": "Morning", "causation": [ "0", "0", "0", "0", "0", "0", "0", "0", "1", "0", "0", "0", "0", "0", "0", "0", "0", "0", "0", "0", "0", "0", "0", "0" ], "duration": 294.0, "sum": 1 }, "geometry": { "type": "Point", "coordinates": [ -122.265471892898006, 47.469707764580022 ] } },
{ "type": "Feature", "properties": { "lat": 47.469720693633548, "lon": -122.26682843103768, "time_of_day": "Morning", "causation": [ "0", "0", "0", "0", "0", "0", "0", "0", "1", "0", "0", "0", "0", "0", "0", "0", "0", "0", "0", "0", "0", "0", "0", "0" ], "duration": 294.0, "sum": 1 }, "geometry": { "type": "Point", "coordinates": [ -122.266828431037681, 47.469720693633548 ] } },
{ "type": "Feature", "properties": { "lat": 47.469795081556313, "lon": -122.26643198712088, "time_of_day": "Morning", "causation": [ "0", "0", "0", "0", "0", "0", "0", "0", "1", "0", "0", "0", "0", "0", "0", "0", "0", "0", "0", "0", "0", "0", "0", "0" ], "duration": 294.0, "sum": 1 }, "geometry": { "type": "Point", "coordinates": [ -122.266431987120882, 47.469795081556313 ] } },
{ "type": "Feature", "properties": { "lat": 47.46980593512675, "lon": -122.26683395955656, "time_of_day": "Morning", "causation": [ "0", "0", "0", "0", "0", "0", "0", "0", "1", "0", "0", "0", "0", "0", "0", "0", "0", "0", "0", "0", "0", "0", "0", "0" ], "duration": 294.0, "sum": 1 }, "geometry": { "type": "Point", "coordinates": [ -122.266833959556564, 47.46980593512675 ] } },
{ "type": "Feature", "properties": { "lat": 47.46983397481744, "lon": -122.275577641059, "time_of_day": "Morning", "causation": [ "0", "0", "0", "0", "0", "0", "0", "0", "1", "0", "0", "0", "0", "0", "0", "0", "0", "0", "0", "0", "0", "0", "0", "0" ], "duration": 294.0, "sum": 1 }, "geometry": { "type": "Point", "coordinates": [ -122.275577641059002, 47.46983397481744 ] } },
{ "type": "Feature", "properties": { "lat": 47.46998341037321, "lon": -122.27033846655516, "time_of_day": "Morning", "causation": [ "0", "0", "0", "0", "0", "0", "0", "0", "2", "0", "0", "0", "0", "0", "0", "0", "0", "0", "0", "0", "0", "0", "0", "0" ], "duration": 588.0, "sum": 2 }, "geometry": { "type": "Point", "coordinates": [ -122.27033846655516, 47.46998341037321 ] } },
{ "type": "Feature", "properties": { "lat": 47.470008263903708, "lon": -122.27612696480344, "time_of_day": "Morning", "causation": [ "0", "0", "0", "0", "0", "0", "0", "0", "1", "0", "0", "0", "0", "0", "0", "0", "0", "0", "0", "0", "0", "0", "0", "0" ], "duration": 294.0, "sum": 1 }, "geometry": { "type": "Point", "coordinates": [ -122.276126964803439, 47.470008263903708 ] } },
{ "type": "Feature", "properties": { "lat": 47.470053477627971, "lon": -122.27096030796022, "time_of_day": "Morning", "causation": [ "0", "0", "0", "0", "0", "0", "0", "0", "1", "0", "0", "0", "0", "0", "0", "0", "0", "0", "0", "0", "0", "0", "0", "0" ], "duration": 294.0, "sum": 1 }, "geometry": { "type": "Point", "coordinates": [ -122.270960307960223, 47.470053477627971 ] } },
{ "type": "Feature", "properties": { "lat": 47.470091567256119, "lon": -122.27558104119218, "time_of_day": "Morning", "causation": [ "0", "0", "0", "0", "0", "0", "0", "0", "1", "0", "0", "0", "0", "0", "0", "0", "0", "0", "0", "0", "0", "0", "0", "0" ], "duration": 294.0, "sum": 1 }, "geometry": { "type": "Point", "coordinates": [ -122.275581041192183, 47.470091567256119 ] } },
{ "type": "Feature", "properties": { "lat": 47.470219298949928, "lon": -122.26987304351792, "time_of_day": "Morning", "causation": [ "0", "0", "0", "0", "0", "0", "0", "0", "1", "0", "0", "0", "0", "0", "0", "0", "0", "0", "0", "0", "0", "0", "0", "0" ], "duration": 294.0, "sum": 1 }, "geometry": { "type": "Point", "coordinates": [ -122.269873043517919, 47.470219298949928 ] } },
{ "type": "Feature", "properties": { "lat": 47.470263454001731, "lon": -122.26567263425515, "time_of_day": "Morning", "causation": [ "0", "0", "0", "0", "0", "0", "0", "0", "3", "0", "0", "0", "0", "0", "0", "0", "0", "0", "0", "0", "0", "0", "0", "0" ], "duration": 882.0, "sum": 3 }, "geometry": { "type": "Point", "coordinates": [ -122.265672634255154, 47.470263454001731 ] } },
{ "type": "Feature", "properties": { "lat": 47.470539559730149, "lon": -122.2676041855663, "time_of_day": "Morning", "causation": [ "0", "0", "0", "0", "0", "0", "0", "0", "1", "0", "0", "0", "0", "0", "0", "0", "0", "0", "0", "0", "0", "0", "0", "0" ], "duration": 294.0, "sum": 1 }, "geometry": { "type": "Point", "coordinates": [ -122.267604185566299, 47.470539559730149 ] } },
{ "type": "Feature", "properties": { "lat": 47.470688205950793, "lon": -122.26694995630751, "time_of_day": "Morning", "causation": [ "0", "0", "0", "0", "0", "0", "0", "0", "1", "0", "0", "0", "0", "0", "0", "0", "0", "0", "0", "0", "0", "0", "0", "0" ], "duration": 294.0, "sum": 1 }, "geometry": { "type": "Point", "coordinates": [ -122.266949956307514, 47.470688205950793 ] } },
{ "type": "Feature", "properties": { "lat": 47.47081740966253, "lon": -122.27614072686448, "time_of_day": "Morning", "causation": [ "0", "0", "0", "0", "0", "0", "0", "0", "1", "0", "0", "0", "0", "0", "0", "0", "0", "0", "0", "0", "0", "0", "0", "0" ], "duration": 294.0, "sum": 1 }, "geometry": { "type": "Point", "coordinates": [ -122.276140726864483, 47.47081740966253 ] } },
{ "type": "Feature", "properties": { "lat": 47.47084578895101, "lon": -122.27017154767871, "time_of_day": "Morning", "causation": [ "0", "0", "0", "0", "0", "0", "0", "0", "1", "0", "0", "0", "0", "0", "0", "0", "0", "0", "0", "0", "0", "0", "0", "0" ], "duration": 294.0, "sum": 1 }, "geometry": { "type": "Point", "coordinates": [ -122.270171547678714, 47.47084578895101 ] } },
{ "type": "Feature", "properties": { "lat": 47.470885045388961, "lon": -122.27553956646194, "time_of_day": "Morning", "causation": [ "0", "0", "0", "0", "0", "0", "0", "0", "1", "0", "0", "0", "0", "0", "0", "0", "0", "0", "0", "0", "0", "0", "0", "0" ], "duration": 294.0, "sum": 1 }, "geometry": { "type": "Point", "coordinates": [ -122.275539566461944, 47.470885045388961 ] } },
{ "type": "Feature", "properties": { "lat": 47.471009850523977, "lon": -122.26711395993148, "time_of_day": "Morning", "causation": [ "0", "0", "0", "0", "0", "0", "0", "0", "1", "0", "0", "0", "0", "0", "0", "0", "0", "0", "0", "0", "0", "0", "0", "0" ], "duration": 294.0, "sum": 1 }, "geometry": { "type": "Point", "coordinates": [ -122.267113959931478, 47.471009850523977 ] } },
{ "type": "Feature", "properties": { "lat": 47.471060484053083, "lon": -122.27621325992672, "time_of_day": "Morning", "causation": [ "0", "0", "0", "0", "0", "0", "0", "0", "1", "0", "0", "0", "0", "0", "0", "0", "0", "0", "0", "0", "0", "0", "0", "0" ], "duration": 294.0, "sum": 1 }, "geometry": { "type": "Point", "coordinates": [ -122.27621325992672, 47.471060484053083 ] } },
{ "type": "Feature", "properties": { "lat": 47.471071619511022, "lon": -122.27313218853696, "time_of_day": "Morning", "causation": [ "0", "0", "0", "0", "0", "0", "0", "0", "1", "0", "0", "0", "0", "0", "0", "0", "0", "0", "0", "0", "0", "0", "0", "0" ], "duration": 294.0, "sum": 1 }, "geometry": { "type": "Point", "coordinates": [ -122.273132188536962, 47.471071619511022 ] } },
{ "type": "Feature", "properties": { "lat": 47.471081763648229, "lon": -122.2767430431644, "time_of_day": "Morning", "causation": [ "0", "0", "0", "0", "0", "0", "0", "0", "1", "0", "0", "0", "0", "0", "0", "0", "0", "0", "0", "0", "0", "0", "0", "0" ], "duration": 294.0, "sum": 1 }, "geometry": { "type": "Point", "coordinates": [ -122.276743043164402, 47.471081763648229 ] } },
{ "type": "Feature", "properties": { "lat": 47.471121949441041, "lon": -122.27559795844088, "time_of_day": "Morning", "causation": [ "0", "0", "0", "0", "0", "0", "0", "0", "1", "0", "0", "0", "0", "0", "0", "0", "0", "0", "0", "0", "0", "0", "0", "0" ], "duration": 294.0, "sum": 1 }, "geometry": { "type": "Point", "coordinates": [ -122.275597958440883, 47.471121949441041 ] } },
{ "type": "Feature", "properties": { "lat": 47.471166444783123, "lon": -122.2710454188904, "time_of_day": "Morning", "causation": [ "0", "0", "0", "0", "0", "0", "0", "0", "1", "0", "0", "0", "0", "0", "0", "0", "0", "0", "0", "0", "0", "0", "0", "0" ], "duration": 294.0, "sum": 1 }, "geometry": { "type": "Point", "coordinates": [ -122.271045418890395, 47.471166444783123 ] } },
{ "type": "Feature", "properties": { "lat": 47.471196178185536, "lon": -122.27042545166761, "time_of_day": "Morning", "causation": [ "0", "0", "0", "0", "0", "0", "0", "0", "1", "0", "0", "0", "0", "0", "0", "0", "0", "0", "0", "0", "0", "0", "0", "0" ], "duration": 294.0, "sum": 1 }, "geometry": { "type": "Point", "coordinates": [ -122.270425451667606, 47.471196178185536 ] } },
{ "type": "Feature", "properties": { "lat": 47.471266238648489, "lon": -122.27613676069532, "time_of_day": "Morning", "causation": [ "0", "0", "0", "0", "0", "0", "0", "0", "1", "0", "0", "0", "0", "0", "0", "0", "0", "0", "0", "0", "0", "0", "0", "0" ], "duration": 294.0, "sum": 1 }, "geometry": { "type": "Point", "coordinates": [ -122.276136760695323, 47.471266238648489 ] } },
{ "type": "Feature", "properties": { "lat": 47.471266683993733, "lon": -122.27254080495996, "time_of_day": "Morning", "causation": [ "0", "0", "0", "0", "0", "0", "0", "0", "1", "0", "0", "0", "0", "0", "0", "0", "0", "0", "0", "0", "0", "0", "0", "0" ], "duration": 294.0, "sum": 1 }, "geometry": { "type": "Point", "coordinates": [ -122.272540804959959, 47.471266683993733 ] } },
{ "type": "Feature", "properties": { "lat": 47.471315298897856, "lon": -122.27677569677851, "time_of_day": "Morning", "causation": [ "0", "0", "0", "0", "0", "0", "0", "0", "1", "0", "0", "0", "0", "0", "0", "0", "0", "0", "0", "0", "0", "0", "0", "0" ], "duration": 294.0, "sum": 1 }, "geometry": { "type": "Point", "coordinates": [ -122.276775696778515, 47.471315298897856 ] } },
{ "type": "Feature", "properties": { "lat": 47.471388244689763, "lon": -122.27298136749604, "time_of_day": "Morning", "causation": [ "0", "0", "0", "0", "0", "0", "0", "0", "1", "0", "0", "0", "0", "0", "0", "0", "0", "0", "0", "0", "0", "0", "0", "0" ], "duration": 294.0, "sum": 1 }, "geometry": { "type": "Point", "coordinates": [ -122.272981367496044, 47.471388244689763 ] } },
{ "type": "Feature", "properties": { "lat": 47.47148034718991, "lon": -122.27094573090284, "time_of_day": "Morning", "causation": [ "0", "0", "0", "0", "0", "0", "0", "0", "1", "0", "0", "0", "0", "0", "0", "0", "0", "0", "0", "0", "0", "0", "0", "0" ], "duration": 294.0, "sum": 1 }, "geometry": { "type": "Point", "coordinates": [ -122.270945730902838, 47.47148034718991 ] } },
{ "type": "Feature", "properties": { "lat": 47.471486240629623, "lon": -122.27432289384494, "time_of_day": "Morning", "causation": [ "0", "0", "0", "0", "0", "0", "0", "0", "1", "0", "0", "0", "0", "0", "0", "0", "0", "0", "0", "0", "0", "0", "0", "0" ], "duration": 294.0, "sum": 1 }, "geometry": { "type": "Point", "coordinates": [ -122.274322893844939, 47.471486240629623 ] } },
{ "type": "Feature", "properties": { "lat": 47.471499792216441, "lon": -122.27503978789927, "time_of_day": "Morning", "causation": [ "0", "0", "0", "0", "0", "0", "0", "0", "1", "0", "0", "0", "0", "0", "0", "0", "0", "0", "0", "0", "0", "0", "0", "0" ], "duration": 294.0, "sum": 1 }, "geometry": { "type": "Point", "coordinates": [ -122.275039787899274, 47.471499792216441 ] } },
{ "type": "Feature", "properties": { "lat": 47.471542036358791, "lon": -122.27747465529356, "time_of_day": "Morning", "causation": [ "0", "0", "0", "0", "0", "0", "0", "0", "1", "0", "0", "0", "0", "0", "0", "0", "0", "0", "0", "0", "0", "0", "0", "0" ], "duration": 294.0, "sum": 1 }, "geometry": { "type": "Point", "coordinates": [ -122.27747465529356, 47.471542036358791 ] } },
{ "type": "Feature", "properties": { "lat": 47.47157600697706, "lon": -122.27804324167759, "time_of_day": "Morning", "causation": [ "0", "0", "0", "0", "0", "0", "0", "0", "1", "0", "0", "0", "0", "0", "0", "0", "0", "0", "0", "0", "0", "0", "0", "0" ], "duration": 294.0, "sum": 1 }, "geometry": { "type": "Point", "coordinates": [ -122.278043241677594, 47.47157600697706 ] } },
{ "type": "Feature", "properties": { "lat": 47.471576169287303, "lon": -122.2783880404188, "time_of_day": "Morning", "causation": [ "0", "0", "0", "0", "0", "0", "0", "0", "1", "0", "0", "0", "0", "0", "0", "0", "0", "0", "0", "0", "0", "0", "0", "0" ], "duration": 294.0, "sum": 1 }, "geometry": { "type": "Point", "coordinates": [ -122.278388040418804, 47.471576169287303 ] } },
{ "type": "Feature", "properties": { "lat": 47.471595870789912, "lon": -122.27559156735508, "time_of_day": "Morning", "causation": [ "0", "0", "0", "0", "0", "0", "0", "0", "1", "0", "0", "0", "0", "0", "0", "0", "0", "0", "0", "0", "0", "0", "0", "0" ], "duration": 294.0, "sum": 1 }, "geometry": { "type": "Point", "coordinates": [ -122.275591567355079, 47.471595870789912 ] } },
{ "type": "Feature", "properties": { "lat": 47.471686429787979, "lon": -122.27628251989221, "time_of_day": "Morning", "causation": [ "0", "0", "0", "0", "0", "0", "0", "0", "1", "0", "0", "0", "0", "0", "0", "0", "0", "0", "0", "0", "0", "0", "0", "0" ], "duration": 294.0, "sum": 1 }, "geometry": { "type": "Point", "coordinates": [ -122.276282519892206, 47.471686429787979 ] } },
{ "type": "Feature", "properties": { "lat": 47.471771040984414, "lon": -122.27554197343774, "time_of_day": "Morning", "causation": [ "0", "0", "0", "0", "0", "0", "0", "0", "1", "0", "0", "0", "0", "0", "0", "0", "0", "0", "0", "0", "0", "0", "0", "0" ], "duration": 294.0, "sum": 1 }, "geometry": { "type": "Point", "coordinates": [ -122.27554197343774, 47.471771040984414 ] } },
{ "type": "Feature", "properties": { "lat": 47.471777738438441, "lon": -122.27748097726396, "time_of_day": "Morning", "causation": [ "0", "0", "0", "0", "0", "0", "0", "0", "1", "0", "0", "0", "0", "0", "0", "0", "0", "0", "0", "0", "0", "0", "0", "0" ], "duration": 294.0, "sum": 1 }, "geometry": { "type": "Point", "coordinates": [ -122.277480977263963, 47.471777738438441 ] } },
{ "type": "Feature", "properties": { "lat": 47.471861509156682, "lon": -122.27265030625141, "time_of_day": "Morning", "causation": [ "0", "0", "0", "0", "0", "0", "0", "0", "1", "0", "0", "0", "0", "0", "0", "0", "0", "0", "0", "0", "0", "0", "0", "0" ], "duration": 294.0, "sum": 1 }, "geometry": { "type": "Point", "coordinates": [ -122.272650306251407, 47.471861509156682 ] } },
{ "type": "Feature", "properties": { "lat": 47.4718784242746, "lon": -122.27805182610852, "time_of_day": "Morning", "causation": [ "0", "0", "0", "0", "0", "0", "0", "0", "1", "0", "0", "0", "0", "0", "0", "0", "0", "0", "0", "0", "0", "0", "0", "0" ], "duration": 294.0, "sum": 1 }, "geometry": { "type": "Point", "coordinates": [ -122.278051826108523, 47.4718784242746 ] } },
{ "type": "Feature", "properties": { "lat": 47.471896222232722, "lon": -122.27624982314951, "time_of_day": "Morning", "causation": [ "0", "0", "0", "0", "0", "0", "0", "0", "1", "0", "0", "0", "0", "0", "0", "0", "0", "0", "0", "0", "0", "0", "0", "0" ], "duration": 294.0, "sum": 1 }, "geometry": { "type": "Point", "coordinates": [ -122.276249823149513, 47.471896222232722 ] } },
{ "type": "Feature", "properties": { "lat": 47.471921208737832, "lon": -122.27555898848284, "time_of_day": "Morning", "causation": [ "0", "0", "0", "0", "0", "0", "0", "0", "1", "0", "0", "0", "0", "0", "0", "0", "0", "0", "0", "0", "0", "0", "0", "0" ], "duration": 294.0, "sum": 1 }, "geometry": { "type": "Point", "coordinates": [ -122.275558988482842, 47.471921208737832 ] } },
{ "type": "Feature", "properties": { "lat": 47.471965604651523, "lon": -122.2729153915986, "time_of_day": "Morning", "causation": [ "0", "0", "0", "0", "0", "0", "0", "0", "1", "0", "0", "0", "0", "0", "0", "0", "0", "0", "0", "0", "0", "0", "0", "0" ], "duration": 294.0, "sum": 1 }, "geometry": { "type": "Point", "coordinates": [ -122.272915391598602, 47.471965604651523 ] } },
{ "type": "Feature", "properties": { "lat": 47.472004754783732, "lon": -122.2739616068244, "time_of_day": "Morning", "causation": [ "0", "0", "0", "0", "0", "0", "0", "0", "1", "0", "0", "0", "0", "0", "0", "0", "0", "0", "0", "0", "0", "0", "0", "0" ], "duration": 294.0, "sum": 1 }, "geometry": { "type": "Point", "coordinates": [ -122.2739616068244, 47.472004754783732 ] } },
{ "type": "Feature", "properties": { "lat": 47.472025571382829, "lon": -122.27486383555755, "time_of_day": "Morning", "causation": [ "0", "0", "0", "0", "0", "0", "0", "0", "1", "0", "0", "0", "0", "0", "0", "0", "0", "0", "0", "0", "0", "0", "0", "0" ], "duration": 294.0, "sum": 1 }, "geometry": { "type": "Point", "coordinates": [ -122.274863835557554, 47.472025571382829 ] } },
{ "type": "Feature", "properties": { "lat": 47.472071918790803, "lon": -122.27836675418614, "time_of_day": "Morning", "causation": [ "0", "0", "0", "0", "0", "0", "0", "0", "1", "0", "0", "0", "0", "0", "0", "0", "0", "0", "0", "0", "0", "0", "0", "0" ], "duration": 294.0, "sum": 1 }, "geometry": { "type": "Point", "coordinates": [ -122.278366754186138, 47.472071918790803 ] } },
{ "type": "Feature", "properties": { "lat": 47.472086882660051, "lon": -122.27202877060785, "time_of_day": "Morning", "causation": [ "0", "0", "0", "0", "0", "0", "0", "0", "1", "0", "0", "0", "0", "0", "0", "0", "0", "0", "0", "0", "0", "0", "0", "0" ], "duration": 294.0, "sum": 1 }, "geometry": { "type": "Point", "coordinates": [ -122.272028770607847, 47.472086882660051 ] } },
{ "type": "Feature", "properties": { "lat": 47.472090537000746, "lon": -122.27674642475372, "time_of_day": "Morning", "causation": [ "0", "0", "0", "0", "0", "0", "0", "0", "1", "0", "0", "0", "0", "0", "0", "0", "0", "0", "0", "0", "0", "0", "0", "0" ], "duration": 294.0, "sum": 1 }, "geometry": { "type": "Point", "coordinates": [ -122.276746424753725, 47.472090537000746 ] } },
{ "type": "Feature", "properties": { "lat": 47.47209084433991, "lon": -122.2777954936378, "time_of_day": "Morning", "causation": [ "0", "0", "0", "0", "0", "0", "0", "0", "1", "0", "0", "0", "0", "0", "0", "0", "0", "0", "0", "0", "0", "0", "0", "0" ], "duration": 294.0, "sum": 1 }, "geometry": { "type": "Point", "coordinates": [ -122.277795493637797, 47.47209084433991 ] } },
{ "type": "Feature", "properties": { "lat": 47.472093101146228, "lon": -122.27745876972028, "time_of_day": "Morning", "causation": [ "0", "0", "0", "0", "0", "0", "0", "0", "1", "0", "0", "0", "0", "0", "0", "0", "0", "0", "0", "0", "0", "0", "0", "0" ], "duration": 294.0, "sum": 1 }, "geometry": { "type": "Point", "coordinates": [ -122.277458769720283, 47.472093101146228 ] } },
{ "type": "Feature", "properties": { "lat": 47.472093228531087, "lon": -122.2704307938982, "time_of_day": "Morning", "causation": [ "0", "0", "0", "0", "0", "0", "0", "0", "1", "0", "0", "0", "0", "0", "0", "0", "0", "0", "0", "0", "0", "0", "0", "0" ], "duration": 294.0, "sum": 1 }, "geometry": { "type": "Point", "coordinates": [ -122.2704307938982, 47.472093228531087 ] } },
{ "type": "Feature", "properties": { "lat": 47.472103748412657, "lon": -122.2751441434938, "time_of_day": "Morning", "causation": [ "0", "0", "0", "0", "0", "0", "0", "0", "1", "0", "0", "0", "0", "0", "0", "0", "0", "0", "0", "0", "0", "0", "0", "0" ], "duration": 294.0, "sum": 1 }, "geometry": { "type": "Point", "coordinates": [ -122.275144143493804, 47.472103748412657 ] } },
{ "type": "Feature", "properties": { "lat": 47.4721083646807, "lon": -122.27628897257554, "time_of_day": "Morning", "causation": [ "0", "0", "0", "0", "0", "0", "0", "0", "1", "0", "0", "0", "0", "0", "0", "0", "0", "0", "0", "0", "0", "0", "0", "0" ], "duration": 294.0, "sum": 1 }, "geometry": { "type": "Point", "coordinates": [ -122.276288972575543, 47.4721083646807 ] } },
{ "type": "Feature", "properties": { "lat": 47.472109064060888, "lon": -122.2754551949515, "time_of_day": "Morning", "causation": [ "0", "0", "0", "0", "0", "0", "0", "0", "1", "0", "0", "0", "0", "0", "0", "0", "0", "0", "0", "0", "0", "0", "0", "0" ], "duration": 294.0, "sum": 1 }, "geometry": { "type": "Point", "coordinates": [ -122.275455194951505, 47.472109064060888 ] } },
{ "type": "Feature", "properties": { "lat": 47.472112291234481, "lon": -122.27712716502836, "time_of_day": "Morning", "causation": [ "0", "0", "0", "0", "0", "0", "0", "0", "1", "0", "0", "0", "0", "0", "0", "0", "0", "0", "0", "0", "0", "0", "0", "0" ], "duration": 294.0, "sum": 1 }, "geometry": { "type": "Point", "coordinates": [ -122.277127165028361, 47.472112291234481 ] } },
{ "type": "Feature", "properties": { "lat": 47.472130625316169, "lon": -122.27867026692896, "time_of_day": "Morning", "causation": [ "0", "0", "0", "0", "0", "0", "0", "0", "1", "0", "0", "0", "0", "0", "0", "0", "0", "0", "0", "0", "0", "0", "0", "0" ], "duration": 294.0, "sum": 1 }, "geometry": { "type": "Point", "coordinates": [ -122.278670266928955, 47.472130625316169 ] } },
{ "type": "Feature", "properties": { "lat": 47.472142079455637, "lon": -122.28028467817197, "time_of_day": "Morning", "causation": [ "0", "0", "0", "0", "0", "0", "0", "0", "1", "0", "0", "0", "0", "0", "0", "0", "0", "0", "0", "0", "0", "0", "0", "0" ], "duration": 294.0, "sum": 1 }, "geometry": { "type": "Point", "coordinates": [ -122.280284678171967, 47.472142079455637 ] } },
{ "type": "Feature", "properties": { "lat": 47.472192252719182, "lon": -122.28084406165048, "time_of_day": "Morning", "causation": [ "0", "0", "0", "0", "0", "0", "0", "0", "1", "0", "0", "0", "0", "0", "0", "0", "0", "0", "0", "0", "0", "0", "0", "0" ], "duration": 294.0, "sum": 1 }, "geometry": { "type": "Point", "coordinates": [ -122.280844061650484, 47.472192252719182 ] } },
{ "type": "Feature", "properties": { "lat": 47.472367783622168, "lon": -122.27025083038198, "time_of_day": "Morning", "causation": [ "0", "0", "0", "0", "0", "0", "0", "0", "1", "0", "0", "0", "0", "0", "0", "0", "0", "0", "0", "0", "0", "0", "0", "0" ], "duration": 294.0, "sum": 1 }, "geometry": { "type": "Point", "coordinates": [ -122.270250830381983, 47.472367783622168 ] } },
{ "type": "Feature", "properties": { "lat": 47.472393639245233, "lon": -122.26809020533634, "time_of_day": "Morning", "causation": [ "0", "0", "0", "0", "0", "0", "0", "0", "1", "0", "0", "0", "0", "0", "0", "0", "0", "0", "0", "0", "0", "0", "0", "0" ], "duration": 294.0, "sum": 1 }, "geometry": { "type": "Point", "coordinates": [ -122.268090205336335, 47.472393639245233 ] } },
{ "type": "Feature", "properties": { "lat": 47.472411500027647, "lon": -122.27123510078307, "time_of_day": "Morning", "causation": [ "0", "0", "0", "0", "0", "0", "0", "0", "1", "0", "0", "0", "0", "0", "0", "0", "0", "0", "0", "0", "0", "0", "0", "0" ], "duration": 294.0, "sum": 1 }, "geometry": { "type": "Point", "coordinates": [ -122.271235100783073, 47.472411500027647 ] } },
{ "type": "Feature", "properties": { "lat": 47.472431194960748, "lon": -122.34483649374503, "time_of_day": "Late Night", "causation": [ "0", "0", "0", "0", "0", "0", "0", "0", "0", "0", "0", "0", "0", "0", "1", "0", "0", "0", "0", "0", "0", "0", "0", "0" ], "duration": 31.0, "sum": 1 }, "geometry": { "type": "Point", "coordinates": [ -122.344836493745035, 47.472431194960748 ] } },
{ "type": "Feature", "properties": { "lat": 47.472455945466201, "lon": -122.27160725784184, "time_of_day": "Morning", "causation": [ "0", "0", "0", "0", "0", "0", "0", "0", "1", "0", "0", "0", "0", "0", "0", "0", "0", "0", "0", "0", "0", "0", "0", "0" ], "duration": 294.0, "sum": 1 }, "geometry": { "type": "Point", "coordinates": [ -122.271607257841836, 47.472455945466201 ] } },
{ "type": "Feature", "properties": { "lat": 47.472464284519333, "lon": -122.27244131790064, "time_of_day": "Morning", "causation": [ "0", "0", "0", "0", "0", "0", "0", "0", "1", "0", "0", "0", "0", "0", "0", "0", "0", "0", "0", "0", "0", "0", "0", "0" ], "duration": 294.0, "sum": 1 }, "geometry": { "type": "Point", "coordinates": [ -122.272441317900643, 47.472464284519333 ] } },
{ "type": "Feature", "properties": { "lat": 47.472465403483319, "lon": -122.27216352262802, "time_of_day": "Morning", "causation": [ "0", "0", "0", "0", "0", "0", "0", "0", "1", "0", "0", "0", "0", "0", "0", "0", "0", "0", "0", "0", "0", "0", "0", "0" ], "duration": 294.0, "sum": 1 }, "geometry": { "type": "Point", "coordinates": [ -122.27216352262802, 47.472465403483319 ] } },
{ "type": "Feature", "properties": { "lat": 47.472466029666094, "lon": -122.27183200881478, "time_of_day": "Morning", "causation": [ "0", "0", "0", "0", "0", "0", "0", "0", "1", "0", "0", "0", "0", "0", "0", "0", "0", "0", "0", "0", "0", "0", "0", "0" ], "duration": 294.0, "sum": 1 }, "geometry": { "type": "Point", "coordinates": [ -122.271832008814783, 47.472466029666094 ] } },
{ "type": "Feature", "properties": { "lat": 47.472471287771803, "lon": -122.27623535667976, "time_of_day": "Morning", "causation": [ "0", "0", "0", "0", "0", "0", "0", "0", "1", "0", "0", "0", "0", "0", "0", "0", "0", "0", "0", "0", "0", "0", "0", "0" ], "duration": 294.0, "sum": 1 }, "geometry": { "type": "Point", "coordinates": [ -122.276235356679763, 47.472471287771803 ] } },
{ "type": "Feature", "properties": { "lat": 47.472491764097441, "lon": -122.27542476660928, "time_of_day": "Morning", "causation": [ "0", "0", "0", "0", "0", "0", "0", "0", "1", "0", "0", "0", "0", "0", "0", "0", "0", "0", "0", "0", "0", "0", "0", "0" ], "duration": 294.0, "sum": 1 }, "geometry": { "type": "Point", "coordinates": [ -122.275424766609277, 47.472491764097441 ] } },
{ "type": "Feature", "properties": { "lat": 47.472497283343493, "lon": -122.27410291808464, "time_of_day": "Morning", "causation": [ "0", "0", "0", "0", "0", "0", "0", "0", "1", "0", "0", "0", "0", "0", "0", "0", "0", "0", "0", "0", "0", "0", "0", "0" ], "duration": 294.0, "sum": 1 }, "geometry": { "type": "Point", "coordinates": [ -122.274102918084637, 47.472497283343493 ] } },
{ "type": "Feature", "properties": { "lat": 47.472503471506855, "lon": -122.27778358353548, "time_of_day": "Morning", "causation": [ "0", "0", "0", "0", "0", "0", "0", "0", "1", "0", "0", "0", "0", "0", "0", "0", "0", "0", "0", "0", "0", "0", "0", "0" ], "duration": 294.0, "sum": 1 }, "geometry": { "type": "Point", "coordinates": [ -122.277783583535481, 47.472503471506855 ] } },
{ "type": "Feature", "properties": { "lat": 47.472506994639005, "lon": -122.27491875063264, "time_of_day": "Morning", "causation": [ "0", "0", "0", "0", "0", "0", "0", "0", "1", "0", "0", "0", "0", "0", "0", "0", "0", "0", "0", "0", "0", "0", "0", "0" ], "duration": 294.0, "sum": 1 }, "geometry": { "type": "Point", "coordinates": [ -122.274918750632636, 47.472506994639005 ] } },
{ "type": "Feature", "properties": { "lat": 47.472508537795626, "lon": -122.27461370981162, "time_of_day": "Morning", "causation": [ "0", "0", "0", "0", "0", "0", "0", "0", "1", "0", "0", "0", "0", "0", "0", "0", "0", "0", "0", "0", "0", "0", "0", "0" ], "duration": 294.0, "sum": 1 }, "geometry": { "type": "Point", "coordinates": [ -122.274613709811618, 47.472508537795626 ] } },
{ "type": "Feature", "properties": { "lat": 47.47251966913278, "lon": -122.27516429192715, "time_of_day": "Morning", "causation": [ "0", "0", "0", "0", "0", "0", "0", "0", "1", "0", "0", "0", "0", "0", "0", "0", "0", "0", "0", "0", "0", "0", "0", "0" ], "duration": 294.0, "sum": 1 }, "geometry": { "type": "Point", "coordinates": [ -122.275164291927155, 47.47251966913278 ] } },
{ "type": "Feature", "properties": { "lat": 47.472547658154873, "lon": -122.27678899758855, "time_of_day": "Morning", "causation": [ "0", "0", "0", "0", "0", "0", "0", "0", "1", "0", "0", "0", "0", "0", "0", "0", "0", "0", "0", "0", "0", "0", "0", "0" ], "duration": 294.0, "sum": 1 }, "geometry": { "type": "Point", "coordinates": [ -122.276788997588554, 47.472547658154873 ] } },
{ "type": "Feature", "properties": { "lat": 47.472582629483405, "lon": -122.27943090029578, "time_of_day": "Afternoon", "causation": [ "0", "0", "0", "0", "0", "0", "0", "0", "1", "0", "0", "0", "0", "0", "0", "0", "0", "0", "0", "0", "0", "0", "0", "0" ], "duration": 48.0, "sum": 1 }, "geometry": { "type": "Point", "coordinates": [ -122.279430900295779, 47.472582629483405 ] } },
{ "type": "Feature", "properties": { "lat": 47.472582629483405, "lon": -122.27943090029578, "time_of_day": "Morning", "causation": [ "0", "0", "0", "0", "0", "0", "0", "0", "2", "0", "0", "0", "0", "0", "0", "0", "0", "0", "0", "0", "0", "0", "0", "0" ], "duration": 349.0, "sum": 2 }, "geometry": { "type": "Point", "coordinates": [ -122.279430900295779, 47.472582629483405 ] } },
{ "type": "Feature", "properties": { "lat": 47.472584152218985, "lon": -122.2791844163191, "time_of_day": "Morning", "causation": [ "0", "0", "0", "0", "0", "0", "0", "0", "1", "0", "0", "0", "0", "0", "0", "0", "0", "0", "0", "0", "0", "0", "0", "0" ], "duration": 294.0, "sum": 1 }, "geometry": { "type": "Point", "coordinates": [ -122.279184416319097, 47.472584152218985 ] } },
{ "type": "Feature", "properties": { "lat": 47.472590746752779, "lon": -122.28029344142676, "time_of_day": "Morning", "causation": [ "0", "0", "0", "0", "0", "0", "0", "0", "1", "0", "0", "0", "0", "0", "0", "0", "0", "0", "0", "0", "0", "0", "0", "0" ], "duration": 294.0, "sum": 1 }, "geometry": { "type": "Point", "coordinates": [ -122.280293441426764, 47.472590746752779 ] } },
{ "type": "Feature", "properties": { "lat": 47.472598346581456, "lon": -122.27877401351689, "time_of_day": "Morning", "causation": [ "0", "0", "0", "0", "0", "0", "0", "0", "1", "0", "0", "0", "0", "0", "0", "0", "0", "0", "0", "0", "0", "0", "0", "0" ], "duration": 294.0, "sum": 1 }, "geometry": { "type": "Point", "coordinates": [ -122.278774013516895, 47.472598346581456 ] } },
{ "type": "Feature", "properties": { "lat": 47.472604868789865, "lon": -122.27825748396477, "time_of_day": "Morning", "causation": [ "0", "0", "0", "0", "0", "0", "0", "0", "1", "0", "0", "0", "0", "0", "0", "0", "0", "0", "0", "0", "0", "0", "0", "0" ], "duration": 294.0, "sum": 1 }, "geometry": { "type": "Point", "coordinates": [ -122.278257483964765, 47.472604868789865 ] } },
{ "type": "Feature", "properties": { "lat": 47.472605853008012, "lon": -122.27661574234828, "time_of_day": "Morning", "causation": [ "0", "0", "0", "0", "0", "0", "0", "0", "1", "0", "0", "0", "0", "0", "0", "0", "0", "0", "0", "0", "0", "0", "0", "0" ], "duration": 294.0, "sum": 1 }, "geometry": { "type": "Point", "coordinates": [ -122.276615742348284, 47.472605853008012 ] } },
{ "type": "Feature", "properties": { "lat": 47.472616133770991, "lon": -122.27618674932695, "time_of_day": "Morning", "causation": [ "0", "0", "0", "0", "0", "0", "0", "0", "1", "0", "0", "0", "0", "0", "0", "0", "0", "0", "0", "0", "0", "0", "0", "0" ], "duration": 294.0, "sum": 1 }, "geometry": { "type": "Point", "coordinates": [ -122.276186749326953, 47.472616133770991 ] } },
{ "type": "Feature", "properties": { "lat": 47.472644561082369, "lon": -122.27348784713941, "time_of_day": "Morning", "causation": [ "0", "0", "0", "0", "0", "0", "0", "0", "1", "0", "0", "0", "0", "0", "0", "0", "0", "0", "0", "0", "0", "0", "0", "0" ], "duration": 294.0, "sum": 1 }, "geometry": { "type": "Point", "coordinates": [ -122.273487847139407, 47.472644561082369 ] } },
{ "type": "Feature", "properties": { "lat": 47.472652153015609, "lon": -122.27096427831977, "time_of_day": "Morning", "causation": [ "0", "0", "0", "0", "0", "0", "0", "0", "1", "0", "0", "0", "0", "0", "0", "0", "0", "0", "0", "0", "0", "0", "0", "0" ], "duration": 294.0, "sum": 1 }, "geometry": { "type": "Point", "coordinates": [ -122.270964278319767, 47.472652153015609 ] } },
{ "type": "Feature", "properties": { "lat": 47.472660658256871, "lon": -122.28077795946091, "time_of_day": "Morning", "causation": [ "0", "0", "0", "0", "0", "0", "0", "0", "1", "0", "0", "0", "0", "0", "0", "0", "0", "0", "0", "0", "0", "0", "0", "0" ], "duration": 294.0, "sum": 1 }, "geometry": { "type": "Point", "coordinates": [ -122.280777959460906, 47.472660658256871 ] } },
{ "type": "Feature", "properties": { "lat": 47.472685151442526, "lon": -122.27026717407712, "time_of_day": "Morning", "causation": [ "0", "0", "0", "0", "0", "0", "0", "0", "1", "0", "0", "0", "0", "0", "0", "0", "0", "0", "0", "0", "0", "0", "0", "0" ], "duration": 294.0, "sum": 1 }, "geometry": { "type": "Point", "coordinates": [ -122.270267174077119, 47.472685151442526 ] } },
{ "type": "Feature", "properties": { "lat": 47.4726958790569, "lon": -122.27141665127159, "time_of_day": "Morning", "causation": [ "0", "0", "0", "0", "0", "0", "0", "0", "1", "0", "0", "0", "0", "0", "0", "0", "0", "0", "0", "0", "0", "0", "0", "0" ], "duration": 294.0, "sum": 1 }, "geometry": { "type": "Point", "coordinates": [ -122.271416651271593, 47.4726958790569 ] } },
{ "type": "Feature", "properties": { "lat": 47.472706597559842, "lon": -122.27167900627288, "time_of_day": "Morning", "causation": [ "0", "0", "0", "0", "0", "0", "0", "0", "1", "0", "0", "0", "0", "0", "0", "0", "0", "0", "0", "0", "0", "0", "0", "0" ], "duration": 294.0, "sum": 1 }, "geometry": { "type": "Point", "coordinates": [ -122.271679006272876, 47.472706597559842 ] } },
{ "type": "Feature", "properties": { "lat": 47.472732220385375, "lon": -122.27216240060206, "time_of_day": "Morning", "causation": [ "0", "0", "0", "0", "0", "0", "0", "0", "1", "0", "0", "0", "0", "0", "0", "0", "0", "0", "0", "0", "0", "0", "0", "0" ], "duration": 294.0, "sum": 1 }, "geometry": { "type": "Point", "coordinates": [ -122.272162400602056, 47.472732220385375 ] } },
{ "type": "Feature", "properties": { "lat": 47.472732581614672, "lon": -122.27193506917894, "time_of_day": "Morning", "causation": [ "0", "0", "0", "0", "0", "0", "0", "0", "1", "0", "0", "0", "0", "0", "0", "0", "0", "0", "0", "0", "0", "0", "0", "0" ], "duration": 294.0, "sum": 1 }, "geometry": { "type": "Point", "coordinates": [ -122.271935069178937, 47.472732581614672 ] } },
{ "type": "Feature", "properties": { "lat": 47.472737638685331, "lon": -122.27973170851648, "time_of_day": "Morning", "causation": [ "0", "0", "0", "0", "0", "0", "0", "0", "1", "0", "0", "0", "0", "0", "0", "0", "0", "0", "0", "0", "0", "0", "0", "0" ], "duration": 294.0, "sum": 1 }, "geometry": { "type": "Point", "coordinates": [ -122.279731708516479, 47.472737638685331 ] } },
{ "type": "Feature", "properties": { "lat": 47.472743719404349, "lon": -122.27241126627732, "time_of_day": "Morning", "causation": [ "0", "0", "0", "0", "0", "0", "0", "0", "1", "0", "0", "0", "0", "0", "0", "0", "0", "0", "0", "0", "0", "0", "0", "0" ], "duration": 294.0, "sum": 1 }, "geometry": { "type": "Point", "coordinates": [ -122.272411266277317, 47.472743719404349 ] } },
{ "type": "Feature", "properties": { "lat": 47.472744909378299, "lon": -122.2681750445702, "time_of_day": "Morning", "causation": [ "0", "0", "0", "0", "0", "0", "0", "0", "1", "0", "0", "0", "0", "0", "0", "0", "0", "0", "0", "0", "0", "0", "0", "0" ], "duration": 294.0, "sum": 1 }, "geometry": { "type": "Point", "coordinates": [ -122.268175044570199, 47.472744909378299 ] } },
{ "type": "Feature", "properties": { "lat": 47.472777897178503, "lon": -122.28039602550965, "time_of_day": "Morning", "causation": [ "0", "0", "0", "0", "0", "0", "0", "0", "1", "0", "0", "0", "0", "0", "0", "0", "0", "0", "0", "0", "0", "0", "0", "0" ], "duration": 294.0, "sum": 1 }, "geometry": { "type": "Point", "coordinates": [ -122.280396025509646, 47.472777897178503 ] } },
{ "type": "Feature", "properties": { "lat": 47.472785272536392, "lon": -122.27708043654424, "time_of_day": "Morning", "causation": [ "0", "0", "0", "0", "0", "0", "0", "0", "2", "0", "0", "0", "0", "0", "0", "0", "0", "0", "0", "0", "0", "0", "0", "0" ], "duration": 588.0, "sum": 2 }, "geometry": { "type": "Point", "coordinates": [ -122.277080436544239, 47.472785272536392 ] } },
{ "type": "Feature", "properties": { "lat": 47.472787877063553, "lon": -122.27619432984081, "time_of_day": "Morning", "causation": [ "0", "0", "0", "0", "0", "0", "0", "0", "1", "0", "0", "0", "0", "0", "0", "0", "0", "0", "0", "0", "0", "0", "0", "0" ], "duration": 294.0, "sum": 1 }, "geometry": { "type": "Point", "coordinates": [ -122.276194329840806, 47.472787877063553 ] } },
{ "type": "Feature", "properties": { "lat": 47.472791227093403, "lon": -122.27097531306222, "time_of_day": "Morning", "causation": [ "0", "0", "0", "0", "0", "0", "0", "0", "1", "0", "0", "0", "0", "0", "0", "0", "0", "0", "0", "0", "0", "0", "0", "0" ], "duration": 294.0, "sum": 1 }, "geometry": { "type": "Point", "coordinates": [ -122.270975313062223, 47.472791227093403 ] } },
{ "type": "Feature", "properties": { "lat": 47.472805656867642, "lon": -122.2777669170423, "time_of_day": "Morning", "causation": [ "0", "0", "0", "0", "0", "0", "0", "0", "1", "0", "0", "0", "0", "0", "0", "0", "0", "0", "0", "0", "0", "0", "0", "0" ], "duration": 294.0, "sum": 1 }, "geometry": { "type": "Point", "coordinates": [ -122.2777669170423, 47.472805656867642 ] } },
{ "type": "Feature", "properties": { "lat": 47.47288252572671, "lon": -122.27204909760138, "time_of_day": "Morning", "causation": [ "0", "0", "0", "0", "0", "0", "0", "0", "1", "0", "0", "0", "0", "0", "0", "0", "0", "0", "0", "0", "0", "0", "0", "0" ], "duration": 294.0, "sum": 1 }, "geometry": { "type": "Point", "coordinates": [ -122.272049097601382, 47.47288252572671 ] } },
{ "type": "Feature", "properties": { "lat": 47.472887005342763, "lon": -122.2702593072222, "time_of_day": "Morning", "causation": [ "0", "0", "0", "0", "0", "0", "0", "0", "1", "0", "0", "0", "0", "0", "0", "0", "0", "0", "0", "0", "0", "0", "0", "0" ], "duration": 294.0, "sum": 1 }, "geometry": { "type": "Point", "coordinates": [ -122.270259307222204, 47.472887005342763 ] } },
{ "type": "Feature", "properties": { "lat": 47.472895813215011, "lon": -122.27555264723632, "time_of_day": "Morning", "causation": [ "0", "0", "0", "0", "0", "0", "0", "0", "1", "0", "0", "0", "0", "0", "0", "0", "0", "0", "0", "0", "0", "0", "0", "0" ], "duration": 294.0, "sum": 1 }, "geometry": { "type": "Point", "coordinates": [ -122.275552647236324, 47.472895813215011 ] } },
{ "type": "Feature", "properties": { "lat": 47.472919147699109, "lon": -122.26813396448476, "time_of_day": "Morning", "causation": [ "0", "0", "0", "0", "0", "0", "0", "0", "1", "0", "0", "0", "0", "0", "0", "0", "0", "0", "0", "0", "0", "0", "0", "0" ], "duration": 294.0, "sum": 1 }, "geometry": { "type": "Point", "coordinates": [ -122.268133964484761, 47.472919147699109 ] } },
{ "type": "Feature", "properties": { "lat": 47.472922131146362, "lon": -122.27619161264415, "time_of_day": "Morning", "causation": [ "0", "0", "0", "0", "0", "0", "0", "0", "1", "0", "0", "0", "0", "0", "0", "0", "0", "0", "0", "0", "0", "0", "0", "0" ], "duration": 294.0, "sum": 1 }, "geometry": { "type": "Point", "coordinates": [ -122.276191612644155, 47.472922131146362 ] } },
{ "type": "Feature", "properties": { "lat": 47.472962222061909, "lon": -122.28026176636642, "time_of_day": "Morning", "causation": [ "0", "0", "0", "0", "0", "0", "0", "0", "1", "0", "0", "0", "0", "0", "0", "0", "0", "0", "0", "0", "0", "0", "0", "0" ], "duration": 294.0, "sum": 1 }, "geometry": { "type": "Point", "coordinates": [ -122.280261766366422, 47.472962222061909 ] } },
{ "type": "Feature", "properties": { "lat": 47.473024478757893, "lon": -122.27943691547232, "time_of_day": "Morning", "causation": [ "0", "0", "0", "0", "0", "0", "0", "0", "1", "0", "0", "0", "0", "0", "0", "0", "0", "0", "0", "0", "0", "0", "0", "0" ], "duration": 294.0, "sum": 1 }, "geometry": { "type": "Point", "coordinates": [ -122.279436915472317, 47.473024478757893 ] } },
{ "type": "Feature", "properties": { "lat": 47.473035739704848, "lon": -122.26821054282075, "time_of_day": "Morning", "causation": [ "0", "0", "0", "0", "0", "0", "0", "0", "1", "0", "0", "0", "0", "0", "0", "0", "0", "0", "0", "0", "0", "0", "0", "0" ], "duration": 294.0, "sum": 1 }, "geometry": { "type": "Point", "coordinates": [ -122.268210542820754, 47.473035739704848 ] } },
{ "type": "Feature", "properties": { "lat": 47.473038776550311, "lon": -122.27874838321659, "time_of_day": "Morning", "causation": [ "0", "0", "0", "0", "0", "0", "0", "0", "1", "0", "0", "0", "0", "0", "0", "0", "0", "0", "0", "0", "0", "0", "0", "0" ], "duration": 294.0, "sum": 1 }, "geometry": { "type": "Point", "coordinates": [ -122.278748383216595, 47.473038776550311 ] } },
{ "type": "Feature", "properties": { "lat": 47.47307478452732, "lon": -122.27001600993664, "time_of_day": "Morning", "causation": [ "0", "0", "0", "0", "0", "0", "0", "0", "1", "0", "0", "0", "0", "0", "0", "0", "0", "0", "0", "0", "0", "0", "0", "0" ], "duration": 294.0, "sum": 1 }, "geometry": { "type": "Point", "coordinates": [ -122.27001600993664, 47.47307478452732 ] } },
{ "type": "Feature", "properties": { "lat": 47.473086560795601, "lon": -122.27831490535256, "time_of_day": "Morning", "causation": [ "0", "0", "0", "0", "0", "0", "0", "0", "1", "0", "0", "0", "0", "0", "0", "0", "0", "0", "0", "0", "0", "0", "0", "0" ], "duration": 294.0, "sum": 1 }, "geometry": { "type": "Point", "coordinates": [ -122.278314905352559, 47.473086560795601 ] } },
{ "type": "Feature", "properties": { "lat": 47.473091712596243, "lon": -122.27236464810125, "time_of_day": "Morning", "causation": [ "0", "0", "0", "0", "0", "0", "0", "0", "1", "0", "0", "0", "0", "0", "0", "0", "0", "0", "0", "0", "0", "0", "0", "0" ], "duration": 294.0, "sum": 1 }, "geometry": { "type": "Point", "coordinates": [ -122.272364648101245, 47.473091712596243 ] } },
{ "type": "Feature", "properties": { "lat": 47.473102821279888, "lon": -122.27193744483546, "time_of_day": "Morning", "causation": [ "0", "0", "0", "0", "0", "0", "0", "0", "1", "0", "0", "0", "0", "0", "0", "0", "0", "0", "0", "0", "0", "0", "0", "0" ], "duration": 294.0, "sum": 1 }, "geometry": { "type": "Point", "coordinates": [ -122.271937444835459, 47.473102821279888 ] } },
{ "type": "Feature", "properties": { "lat": 47.473105145688272, "lon": -122.27617742413908, "time_of_day": "Morning", "causation": [ "0", "0", "0", "0", "0", "0", "0", "0", "1", "0", "0", "0", "0", "0", "0", "0", "0", "0", "0", "0", "0", "0", "0", "0" ], "duration": 294.0, "sum": 1 }, "geometry": { "type": "Point", "coordinates": [ -122.276177424139078, 47.473105145688272 ] } },
{ "type": "Feature", "properties": { "lat": 47.473108739572162, "lon": -122.27552948045884, "time_of_day": "Morning", "causation": [ "0", "0", "0", "0", "0", "0", "0", "0", "1", "0", "0", "0", "0", "0", "0", "0", "0", "0", "0", "0", "0", "0", "0", "0" ], "duration": 294.0, "sum": 1 }, "geometry": { "type": "Point", "coordinates": [ -122.275529480458843, 47.473108739572162 ] } },
{ "type": "Feature", "properties": { "lat": 47.473109175235848, "lon": -122.27663253755264, "time_of_day": "Morning", "causation": [ "0", "0", "0", "0", "0", "0", "0", "0", "1", "0", "0", "0", "0", "0", "0", "0", "0", "0", "0", "0", "0", "0", "0", "0" ], "duration": 294.0, "sum": 1 }, "geometry": { "type": "Point", "coordinates": [ -122.276632537552643, 47.473109175235848 ] } },
{ "type": "Feature", "properties": { "lat": 47.473124026529753, "lon": -122.27917088724774, "time_of_day": "Morning", "causation": [ "0", "0", "0", "0", "0", "0", "0", "0", "1", "0", "0", "0", "0", "0", "0", "0", "0", "0", "0", "0", "0", "0", "0", "0" ], "duration": 294.0, "sum": 1 }, "geometry": { "type": "Point", "coordinates": [ -122.279170887247744, 47.473124026529753 ] } },
{ "type": "Feature", "properties": { "lat": 47.473130069131074, "lon": -122.27773384004024, "time_of_day": "Morning", "causation": [ "0", "0", "0", "0", "0", "0", "0", "0", "1", "0", "0", "0", "0", "0", "0", "0", "0", "0", "0", "0", "0", "0", "0", "0" ], "duration": 294.0, "sum": 1 }, "geometry": { "type": "Point", "coordinates": [ -122.277733840040241, 47.473130069131074 ] } },
{ "type": "Feature", "properties": { "lat": 47.473139899149707, "lon": -122.28033726374048, "time_of_day": "Morning", "causation": [ "0", "0", "0", "0", "0", "0", "0", "0", "1", "0", "0", "0", "0", "0", "0", "0", "0", "0", "0", "0", "0", "0", "0", "0" ], "duration": 294.0, "sum": 1 }, "geometry": { "type": "Point", "coordinates": [ -122.280337263740478, 47.473139899149707 ] } },
{ "type": "Feature", "properties": { "lat": 47.473193380790313, "lon": -122.27028622701155, "time_of_day": "Morning", "causation": [ "0", "0", "0", "0", "0", "0", "0", "0", "1", "0", "0", "0", "0", "0", "0", "0", "0", "0", "0", "0", "0", "0", "0", "0" ], "duration": 294.0, "sum": 1 }, "geometry": { "type": "Point", "coordinates": [ -122.270286227011553, 47.473193380790313 ] } },
{ "type": "Feature", "properties": { "lat": 47.473223365771865, "lon": -122.26819370315734, "time_of_day": "Morning", "causation": [ "0", "0", "0", "0", "0", "0", "0", "0", "1", "0", "0", "0", "0", "0", "0", "0", "0", "0", "0", "0", "0", "0", "0", "0" ], "duration": 294.0, "sum": 1 }, "geometry": { "type": "Point", "coordinates": [ -122.268193703157337, 47.473223365771865 ] } },
{ "type": "Feature", "properties": { "lat": 47.47324990422981, "lon": -122.27302391860968, "time_of_day": "Morning", "causation": [ "0", "0", "0", "0", "0", "0", "0", "0", "1", "0", "0", "0", "0", "0", "0", "0", "0", "0", "0", "0", "0", "0", "0", "0" ], "duration": 294.0, "sum": 1 }, "geometry": { "type": "Point", "coordinates": [ -122.273023918609681, 47.47324990422981 ] } },
{ "type": "Feature", "properties": { "lat": 47.473253314291767, "lon": -122.27241828590584, "time_of_day": "Morning", "causation": [ "0", "0", "0", "0", "0", "0", "0", "0", "1", "0", "0", "0", "0", "0", "0", "0", "0", "0", "0", "0", "0", "0", "0", "0" ], "duration": 294.0, "sum": 1 }, "geometry": { "type": "Point", "coordinates": [ -122.272418285905843, 47.473253314291767 ] } },
{ "type": "Feature", "properties": { "lat": 47.473255002734135, "lon": -122.2715497669562, "time_of_day": "Morning", "causation": [ "0", "0", "0", "0", "0", "0", "0", "0", "1", "0", "0", "0", "0", "0", "0", "0", "0", "0", "0", "0", "0", "0", "0", "0" ], "duration": 294.0, "sum": 1 }, "geometry": { "type": "Point", "coordinates": [ -122.271549766956198, 47.473255002734135 ] } },
{ "type": "Feature", "properties": { "lat": 47.473276902778238, "lon": -122.27177397765038, "time_of_day": "Morning", "causation": [ "0", "0", "0", "0", "0", "0", "0", "0", "1", "0", "0", "0", "0", "0", "0", "0", "0", "0", "0", "0", "0", "0", "0", "0" ], "duration": 294.0, "sum": 1 }, "geometry": { "type": "Point", "coordinates": [ -122.271773977650383, 47.473276902778238 ] } },
{ "type": "Feature", "properties": { "lat": 47.473290630332968, "lon": -122.27559575259789, "time_of_day": "Morning", "causation": [ "0", "0", "0", "0", "0", "0", "0", "0", "1", "0", "0", "0", "0", "0", "0", "0", "0", "0", "0", "0", "0", "0", "0", "0" ], "duration": 294.0, "sum": 1 }, "geometry": { "type": "Point", "coordinates": [ -122.275595752597894, 47.473290630332968 ] } },
{ "type": "Feature", "properties": { "lat": 47.473323882963903, "lon": -122.27211387859457, "time_of_day": "Morning", "causation": [ "0", "0", "0", "0", "0", "0", "0", "0", "1", "0", "0", "0", "0", "0", "0", "0", "0", "0", "0", "0", "0", "0", "0", "0" ], "duration": 294.0, "sum": 1 }, "geometry": { "type": "Point", "coordinates": [ -122.272113878594567, 47.473323882963903 ] } },
{ "type": "Feature", "properties": { "lat": 47.473367657414123, "lon": -122.27097278429278, "time_of_day": "Morning", "causation": [ "0", "0", "0", "0", "0", "0", "0", "0", "1", "0", "0", "0", "0", "0", "0", "0", "0", "0", "0", "0", "0", "0", "0", "0" ], "duration": 294.0, "sum": 1 }, "geometry": { "type": "Point", "coordinates": [ -122.27097278429278, 47.473367657414123 ] } },
{ "type": "Feature", "properties": { "lat": 47.473381746409743, "lon": -122.27024134894567, "time_of_day": "Morning", "causation": [ "0", "0", "0", "0", "0", "0", "0", "0", "1", "0", "0", "0", "0", "0", "0", "0", "0", "0", "0", "0", "0", "0", "0", "0" ], "duration": 294.0, "sum": 1 }, "geometry": { "type": "Point", "coordinates": [ -122.270241348945675, 47.473381746409743 ] } },
{ "type": "Feature", "properties": { "lat": 47.473411029116953, "lon": -122.27357273213934, "time_of_day": "Morning", "causation": [ "0", "0", "0", "0", "0", "0", "0", "0", "1", "0", "0", "0", "0", "0", "0", "0", "0", "0", "0", "0", "0", "0", "0", "0" ], "duration": 294.0, "sum": 1 }, "geometry": { "type": "Point", "coordinates": [ -122.273572732139343, 47.473411029116953 ] } },
{ "type": "Feature", "properties": { "lat": 47.473428760354167, "lon": -122.27255543693779, "time_of_day": "Morning", "causation": [ "0", "0", "0", "0", "0", "0", "0", "0", "1", "0", "0", "0", "0", "0", "0", "0", "0", "0", "0", "0", "0", "0", "0", "0" ], "duration": 294.0, "sum": 1 }, "geometry": { "type": "Point", "coordinates": [ -122.272555436937793, 47.473428760354167 ] } },
{ "type": "Feature", "properties": { "lat": 47.473430081897988, "lon": -122.27549474347732, "time_of_day": "Morning", "causation": [ "0", "0", "0", "0", "0", "0", "0", "0", "1", "0", "0", "0", "0", "0", "0", "0", "0", "0", "0", "0", "0", "0", "0", "0" ], "duration": 294.0, "sum": 1 }, "geometry": { "type": "Point", "coordinates": [ -122.275494743477324, 47.473430081897988 ] } },
{ "type": "Feature", "properties": { "lat": 47.473520856512643, "lon": -122.27613214130444, "time_of_day": "Morning", "causation": [ "0", "0", "0", "0", "0", "0", "0", "0", "1", "0", "0", "0", "0", "0", "0", "0", "0", "0", "0", "0", "0", "0", "0", "0" ], "duration": 294.0, "sum": 1 }, "geometry": { "type": "Point", "coordinates": [ -122.276132141304444, 47.473520856512643 ] } },
{ "type": "Feature", "properties": { "lat": 47.473551192191593, "lon": -122.26821566049304, "time_of_day": "Morning", "causation": [ "0", "0", "0", "0", "0", "0", "0", "0", "1", "0", "0", "0", "0", "0", "0", "0", "0", "0", "0", "0", "0", "0", "0", "0" ], "duration": 294.0, "sum": 1 }, "geometry": { "type": "Point", "coordinates": [ -122.268215660493041, 47.473551192191593 ] } },
{ "type": "Feature", "properties": { "lat": 47.473553671825783, "lon": -122.27212397673136, "time_of_day": "Morning", "causation": [ "0", "0", "0", "0", "0", "0", "0", "0", "1", "0", "0", "0", "0", "0", "0", "0", "0", "0", "0", "0", "0", "0", "0", "0" ], "duration": 294.0, "sum": 1 }, "geometry": { "type": "Point", "coordinates": [ -122.272123976731365, 47.473553671825783 ] } },
{ "type": "Feature", "properties": { "lat": 47.473584633451388, "lon": -122.27559073676588, "time_of_day": "Morning", "causation": [ "0", "0", "0", "0", "0", "0", "0", "0", "1", "0", "0", "0", "0", "0", "0", "0", "0", "0", "0", "0", "0", "0", "0", "0" ], "duration": 294.0, "sum": 1 }, "geometry": { "type": "Point", "coordinates": [ -122.275590736765878, 47.473584633451388 ] } },
{ "type": "Feature", "properties": { "lat": 47.47360511467933, "lon": -122.27254930590782, "time_of_day": "Morning", "causation": [ "0", "0", "0", "0", "0", "0", "0", "0", "1", "0", "0", "0", "0", "0", "0", "0", "0", "0", "0", "0", "0", "0", "0", "0" ], "duration": 294.0, "sum": 1 }, "geometry": { "type": "Point", "coordinates": [ -122.272549305907816, 47.47360511467933 ] } },
{ "type": "Feature", "properties": { "lat": 47.473646220096015, "lon": -122.27308095830712, "time_of_day": "Morning", "causation": [ "0", "0", "0", "0", "0", "0", "0", "0", "1", "0", "0", "0", "0", "0", "0", "0", "0", "0", "0", "0", "0", "0", "0", "0" ], "duration": 294.0, "sum": 1 }, "geometry": { "type": "Point", "coordinates": [ -122.273080958307119, 47.473646220096015 ] } },
{ "type": "Feature", "properties": { "lat": 47.473650541811303, "lon": -122.2743394406084, "time_of_day": "Morning", "causation": [ "0", "0", "0", "0", "0", "0", "0", "0", "1", "0", "0", "0", "0", "0", "0", "0", "0", "0", "0", "0", "0", "0", "0", "0" ], "duration": 294.0, "sum": 1 }, "geometry": { "type": "Point", "coordinates": [ -122.274339440608401, 47.473650541811303 ] } },
{ "type": "Feature", "properties": { "lat": 47.473691511694312, "lon": -122.27039474167699, "time_of_day": "Morning", "causation": [ "0", "0", "0", "0", "0", "0", "0", "0", "2", "0", "0", "0", "0", "0", "0", "0", "0", "0", "0", "0", "0", "0", "0", "0" ], "duration": 588.0, "sum": 2 }, "geometry": { "type": "Point", "coordinates": [ -122.270394741676995, 47.473691511694312 ] } },
{ "type": "Feature", "properties": { "lat": 47.473789943291827, "lon": -122.27553560458426, "time_of_day": "Morning", "causation": [ "0", "0", "0", "0", "0", "0", "0", "0", "1", "0", "0", "0", "0", "0", "0", "0", "0", "0", "0", "0", "0", "0", "0", "0" ], "duration": 294.0, "sum": 1 }, "geometry": { "type": "Point", "coordinates": [ -122.275535604584263, 47.473789943291827 ] } },
{ "type": "Feature", "properties": { "lat": 47.473794778319132, "lon": -122.26848753467959, "time_of_day": "Morning", "causation": [ "0", "0", "0", "0", "0", "0", "0", "0", "1", "0", "0", "0", "0", "0", "0", "0", "0", "0", "0", "0", "0", "0", "0", "0" ], "duration": 294.0, "sum": 1 }, "geometry": { "type": "Point", "coordinates": [ -122.268487534679593, 47.473794778319132 ] } },
{ "type": "Feature", "properties": { "lat": 47.473815074427073, "lon": -122.27176187371433, "time_of_day": "Morning", "causation": [ "0", "0", "0", "0", "0", "0", "0", "0", "1", "0", "0", "0", "0", "0", "0", "0", "0", "0", "0", "0", "0", "0", "0", "0" ], "duration": 294.0, "sum": 1 }, "geometry": { "type": "Point", "coordinates": [ -122.271761873714325, 47.473815074427073 ] } },
{ "type": "Feature", "properties": { "lat": 47.473818731951333, "lon": -122.27682529760121, "time_of_day": "Morning", "causation": [ "0", "0", "0", "0", "0", "0", "0", "0", "1", "0", "0", "0", "0", "0", "0", "0", "0", "0", "0", "0", "0", "0", "0", "0" ], "duration": 294.0, "sum": 1 }, "geometry": { "type": "Point", "coordinates": [ -122.276825297601206, 47.473818731951333 ] } },
{ "type": "Feature", "properties": { "lat": 47.473845073263888, "lon": -122.27260307631316, "time_of_day": "Morning", "causation": [ "0", "0", "0", "0", "0", "0", "0", "0", "1", "0", "0", "0", "0", "0", "0", "0", "0", "0", "0", "0", "0", "0", "0", "0" ], "duration": 294.0, "sum": 1 }, "geometry": { "type": "Point", "coordinates": [ -122.27260307631316, 47.473845073263888 ] } },
{ "type": "Feature", "properties": { "lat": 47.473847571679855, "lon": -122.27237145554702, "time_of_day": "Morning", "causation": [ "0", "0", "0", "0", "0", "0", "0", "0", "1", "0", "0", "0", "0", "0", "1", "0", "0", "0", "0", "0", "0", "0", "0", "0" ], "duration": 330.0, "sum": 2 }, "geometry": { "type": "Point", "coordinates": [ -122.272371455547017, 47.473847571679855 ] } },
{ "type": "Feature", "properties": { "lat": 47.473854649318817, "lon": -122.26803971455664, "time_of_day": "Morning", "causation": [ "0", "0", "0", "0", "0", "0", "0", "0", "2", "0", "0", "0", "0", "0", "0", "0", "0", "0", "0", "0", "0", "0", "0", "0" ], "duration": 588.0, "sum": 2 }, "geometry": { "type": "Point", "coordinates": [ -122.268039714556636, 47.473854649318817 ] } },
{ "type": "Feature", "properties": { "lat": 47.473859136898426, "lon": -122.27305940256716, "time_of_day": "Morning", "causation": [ "0", "0", "0", "0", "0", "0", "0", "0", "1", "0", "0", "0", "0", "0", "0", "0", "0", "0", "0", "0", "0", "0", "0", "0" ], "duration": 294.0, "sum": 1 }, "geometry": { "type": "Point", "coordinates": [ -122.273059402567156, 47.473859136898426 ] } },
{ "type": "Feature", "properties": { "lat": 47.473885659937714, "lon": -122.27619807986704, "time_of_day": "Morning", "causation": [ "0", "0", "0", "0", "0", "0", "0", "0", "1", "0", "0", "0", "0", "0", "0", "0", "0", "0", "0", "0", "0", "0", "0", "0" ], "duration": 294.0, "sum": 1 }, "geometry": { "type": "Point", "coordinates": [ -122.276198079867044, 47.473885659937714 ] } },
{ "type": "Feature", "properties": { "lat": 47.473890939325997, "lon": -122.27077759525984, "time_of_day": "Morning", "causation": [ "0", "0", "0", "0", "0", "0", "0", "0", "2", "0", "0", "0", "0", "0", "0", "0", "0", "0", "0", "0", "0", "0", "0", "0" ], "duration": 588.0, "sum": 2 }, "geometry": { "type": "Point", "coordinates": [ -122.270777595259844, 47.473890939325997 ] } },
{ "type": "Feature", "properties": { "lat": 47.473893395416731, "lon": -122.27459445991531, "time_of_day": "Morning", "causation": [ "0", "0", "0", "0", "0", "0", "0", "0", "1", "0", "0", "0", "0", "0", "0", "0", "0", "0", "0", "0", "0", "0", "0", "0" ], "duration": 294.0, "sum": 1 }, "geometry": { "type": "Point", "coordinates": [ -122.274594459915306, 47.473893395416731 ] } },
{ "type": "Feature", "properties": { "lat": 47.473896148811022, "lon": -122.2749325065892, "time_of_day": "Morning", "causation": [ "0", "0", "0", "0", "0", "0", "0", "0", "1", "0", "0", "0", "0", "0", "0", "0", "0", "0", "0", "0", "0", "0", "0", "0" ], "duration": 294.0, "sum": 1 }, "geometry": { "type": "Point", "coordinates": [ -122.274932506589195, 47.473896148811022 ] } },
{ "type": "Feature", "properties": { "lat": 47.473964138130938, "lon": -122.27553822803772, "time_of_day": "Morning", "causation": [ "0", "0", "0", "0", "0", "0", "0", "0", "1", "0", "0", "0", "0", "0", "0", "0", "0", "0", "0", "0", "0", "0", "0", "0" ], "duration": 294.0, "sum": 1 }, "geometry": { "type": "Point", "coordinates": [ -122.275538228037718, 47.473964138130938 ] } },
{ "type": "Feature", "properties": { "lat": 47.474164777756599, "lon": -122.2703753719116, "time_of_day": "Morning", "causation": [ "0", "0", "0", "0", "0", "0", "0", "0", "1", "0", "0", "0", "0", "0", "0", "0", "0", "0", "0", "0", "0", "0", "0", "0" ], "duration": 294.0, "sum": 1 }, "geometry": { "type": "Point", "coordinates": [ -122.270375371911598, 47.474164777756599 ] } },
{ "type": "Feature", "properties": { "lat": 47.474264603896003, "lon": -122.27366136713702, "time_of_day": "Morning", "causation": [ "0", "0", "0", "0", "0", "0", "0", "0", "1", "0", "0", "0", "0", "0", "0", "0", "0", "0", "0", "0", "0", "0", "0", "0" ], "duration": 294.0, "sum": 1 }, "geometry": { "type": "Point", "coordinates": [ -122.273661367137024, 47.474264603896003 ] } },
{ "type": "Feature", "properties": { "lat": 47.474267339280345, "lon": -122.27267203179323, "time_of_day": "Morning", "causation": [ "0", "0", "0", "0", "0", "0", "0", "0", "1", "0", "0", "0", "0", "0", "0", "0", "0", "0", "0", "0", "0", "0", "0", "0" ], "duration": 294.0, "sum": 1 }, "geometry": { "type": "Point", "coordinates": [ -122.272672031793235, 47.474267339280345 ] } },
{ "type": "Feature", "properties": { "lat": 47.474295101659891, "lon": -122.27337131041682, "time_of_day": "Morning", "causation": [ "0", "0", "0", "0", "0", "0", "0", "0", "1", "0", "0", "0", "0", "0", "0", "0", "0", "0", "0", "0", "0", "0", "0", "0" ], "duration": 294.0, "sum": 1 }, "geometry": { "type": "Point", "coordinates": [ -122.27337131041682, 47.474295101659891 ] } },
{ "type": "Feature", "properties": { "lat": 47.474297075991473, "lon": -122.27301899451398, "time_of_day": "Morning", "causation": [ "0", "0", "0", "0", "0", "0", "0", "0", "1", "0", "0", "0", "0", "0", "0", "0", "0", "0", "0", "0", "0", "0", "0", "0" ], "duration": 294.0, "sum": 1 }, "geometry": { "type": "Point", "coordinates": [ -122.273018994513976, 47.474297075991473 ] } },
{ "type": "Feature", "properties": { "lat": 47.474426663192425, "lon": -122.27524138176619, "time_of_day": "Morning", "causation": [ "0", "0", "0", "0", "0", "0", "0", "0", "2", "0", "0", "0", "0", "0", "0", "0", "0", "0", "0", "0", "0", "0", "0", "0" ], "duration": 588.0, "sum": 2 }, "geometry": { "type": "Point", "coordinates": [ -122.275241381766193, 47.474426663192425 ] } },
{ "type": "Feature", "properties": { "lat": 47.474489185778928, "lon": -122.27295789006187, "time_of_day": "Morning", "causation": [ "0", "0", "0", "0", "0", "0", "0", "0", "1", "0", "0", "0", "0", "0", "0", "0", "0", "0", "0", "0", "0", "0", "0", "0" ], "duration": 294.0, "sum": 1 }, "geometry": { "type": "Point", "coordinates": [ -122.272957890061875, 47.474489185778928 ] } },
{ "type": "Feature", "properties": { "lat": 47.474519007255779, "lon": -122.270927550249, "time_of_day": "Morning", "causation": [ "0", "0", "0", "0", "0", "0", "0", "0", "1", "0", "0", "0", "0", "0", "0", "0", "0", "0", "0", "0", "0", "0", "0", "0" ], "duration": 294.0, "sum": 1 }, "geometry": { "type": "Point", "coordinates": [ -122.270927550248999, 47.474519007255779 ] } },
{ "type": "Feature", "properties": { "lat": 47.474629186786871, "lon": -122.27120624002508, "time_of_day": "Morning", "causation": [ "0", "0", "0", "0", "0", "0", "0", "0", "1", "0", "0", "0", "0", "0", "0", "0", "0", "0", "0", "0", "0", "0", "0", "0" ], "duration": 294.0, "sum": 1 }, "geometry": { "type": "Point", "coordinates": [ -122.27120624002508, 47.474629186786871 ] } },
{ "type": "Feature", "properties": { "lat": 47.474666408259672, "lon": -122.2729853067614, "time_of_day": "Morning", "causation": [ "0", "0", "0", "0", "0", "0", "0", "0", "1", "0", "0", "0", "0", "0", "0", "0", "0", "0", "0", "0", "0", "0", "0", "0" ], "duration": 294.0, "sum": 1 }, "geometry": { "type": "Point", "coordinates": [ -122.272985306761399, 47.474666408259672 ] } },
{ "type": "Feature", "properties": { "lat": 47.474899413890711, "lon": -122.2729901593722, "time_of_day": "Morning", "causation": [ "0", "0", "0", "0", "0", "0", "0", "0", "1", "0", "0", "0", "0", "0", "0", "0", "0", "0", "0", "0", "0", "0", "0", "0" ], "duration": 294.0, "sum": 1 }, "geometry": { "type": "Point", "coordinates": [ -122.272990159372199, 47.474899413890711 ] } },
{ "type": "Feature", "properties": { "lat": 47.474923349402687, "lon": -122.27144826623888, "time_of_day": "Morning", "causation": [ "0", "0", "0", "0", "0", "0", "0", "0", "1", "0", "0", "0", "0", "0", "0", "0", "0", "0", "0", "0", "0", "0", "0", "0" ], "duration": 294.0, "sum": 1 }, "geometry": { "type": "Point", "coordinates": [ -122.271448266238878, 47.474923349402687 ] } },
{ "type": "Feature", "properties": { "lat": 47.474938558659005, "lon": -122.27369336031992, "time_of_day": "Morning", "causation": [ "0", "0", "0", "0", "0", "0", "0", "0", "1", "0", "0", "0", "0", "0", "0", "0", "0", "0", "0", "0", "0", "0", "0", "0" ], "duration": 294.0, "sum": 1 }, "geometry": { "type": "Point", "coordinates": [ -122.273693360319925, 47.474938558659005 ] } },
{ "type": "Feature", "properties": { "lat": 47.475159878179682, "lon": -122.27360790871832, "time_of_day": "Morning", "causation": [ "0", "0", "0", "0", "0", "0", "0", "0", "1", "0", "0", "0", "0", "0", "0", "0", "0", "0", "0", "0", "0", "0", "0", "0" ], "duration": 294.0, "sum": 1 }, "geometry": { "type": "Point", "coordinates": [ -122.273607908718319, 47.475159878179682 ] } },
{ "type": "Feature", "properties": { "lat": 47.475165444466022, "lon": -122.27322106724992, "time_of_day": "Morning", "causation": [ "0", "0", "0", "0", "0", "0", "0", "0", "1", "0", "0", "0", "0", "0", "0", "0", "0", "0", "0", "0", "0", "0", "0", "0" ], "duration": 294.0, "sum": 1 }, "geometry": { "type": "Point", "coordinates": [ -122.273221067249921, 47.475165444466022 ] } },
{ "type": "Feature", "properties": { "lat": 47.475227118219962, "lon": -122.27128492058284, "time_of_day": "Morning", "causation": [ "0", "0", "0", "0", "0", "0", "0", "0", "1", "0", "0", "0", "0", "0", "0", "0", "0", "0", "0", "0", "0", "0", "0", "0" ], "duration": 294.0, "sum": 1 }, "geometry": { "type": "Point", "coordinates": [ -122.271284920582843, 47.475227118219962 ] } },
{ "type": "Feature", "properties": { "lat": 47.475380207102283, "lon": -122.27143384427538, "time_of_day": "Morning", "causation": [ "0", "0", "0", "0", "0", "0", "0", "0", "1", "0", "0", "0", "0", "0", "0", "0", "0", "0", "0", "0", "0", "0", "0", "0" ], "duration": 294.0, "sum": 1 }, "geometry": { "type": "Point", "coordinates": [ -122.271433844275379, 47.475380207102283 ] } },
{ "type": "Feature", "properties": { "lat": 47.475770136783851, "lon": -122.27221741919028, "time_of_day": "Morning", "causation": [ "0", "0", "0", "0", "0", "0", "0", "0", "1", "0", "0", "0", "0", "0", "0", "0", "0", "0", "0", "0", "0", "0", "0", "0" ], "duration": 294.0, "sum": 1 }, "geometry": { "type": "Point", "coordinates": [ -122.272217419190284, 47.475770136783851 ] } },
{ "type": "Feature", "properties": { "lat": 47.475809062351125, "lon": -122.27119165129982, "time_of_day": "Morning", "causation": [ "0", "0", "0", "0", "0", "0", "0", "0", "1", "0", "0", "0", "0", "0", "0", "0", "0", "0", "0", "0", "0", "0", "0", "0" ], "duration": 294.0, "sum": 1 }, "geometry": { "type": "Point", "coordinates": [ -122.271191651299816, 47.475809062351125 ] } },
{ "type": "Feature", "properties": { "lat": 47.476826465847331, "lon": -122.27204340491456, "time_of_day": "Morning", "causation": [ "0", "0", "0", "0", "0", "0", "0", "0", "1", "0", "0", "0", "0", "0", "0", "0", "0", "0", "0", "0", "0", "0", "0", "0" ], "duration": 294.0, "sum": 1 }, "geometry": { "type": "Point", "coordinates": [ -122.272043404914555, 47.476826465847331 ] } },
{ "type": "Feature", "properties": { "lat": 47.477427897600862, "lon": -122.27306341550312, "time_of_day": "Morning", "causation": [ "0", "0", "0", "0", "0", "0", "0", "0", "1", "0", "0", "0", "0", "0", "0", "0", "0", "0", "0", "0", "0", "0", "0", "0" ], "duration": 294.0, "sum": 1 }, "geometry": { "type": "Point", "coordinates": [ -122.273063415503117, 47.477427897600862 ] } },
{ "type": "Feature", "properties": { "lat": 47.477599707758721, "lon": -122.27312405142295, "time_of_day": "Morning", "causation": [ "0", "0", "0", "0", "0", "0", "0", "0", "1", "0", "0", "0", "0", "0", "0", "0", "0", "0", "0", "0", "0", "0", "0", "0" ], "duration": 294.0, "sum": 1 }, "geometry": { "type": "Point", "coordinates": [ -122.273124051422954, 47.477599707758721 ] } },
{ "type": "Feature", "properties": { "lat": 47.477636818314323, "lon": -122.27237721642744, "time_of_day": "Morning", "causation": [ "0", "0", "0", "0", "0", "0", "0", "0", "1", "0", "0", "0", "0", "0", "0", "0", "0", "0", "0", "0", "0", "0", "0", "0" ], "duration": 294.0, "sum": 1 }, "geometry": { "type": "Point", "coordinates": [ -122.272377216427444, 47.477636818314323 ] } },
{ "type": "Feature", "properties": { "lat": 47.477951817267787, "lon": -122.2734753253997, "time_of_day": "Morning", "causation": [ "0", "0", "0", "0", "0", "0", "0", "0", "1", "0", "0", "0", "0", "0", "0", "0", "0", "0", "0", "0", "0", "0", "0", "0" ], "duration": 294.0, "sum": 1 }, "geometry": { "type": "Point", "coordinates": [ -122.273475325399701, 47.477951817267787 ] } },
{ "type": "Feature", "properties": { "lat": 47.478128780232147, "lon": -122.2735328052446, "time_of_day": "Morning", "causation": [ "0", "0", "0", "0", "0", "0", "0", "0", "1", "0", "0", "0", "0", "0", "0", "0", "0", "0", "0", "0", "0", "0", "0", "0" ], "duration": 294.0, "sum": 1 }, "geometry": { "type": "Point", "coordinates": [ -122.273532805244599, 47.478128780232147 ] } },
{ "type": "Feature", "properties": { "lat": 47.478257137800213, "lon": -122.27368160706165, "time_of_day": "Morning", "causation": [ "0", "0", "0", "0", "0", "0", "0", "0", "1", "0", "0", "0", "0", "0", "0", "0", "0", "0", "0", "0", "0", "0", "0", "0" ], "duration": 294.0, "sum": 1 }, "geometry": { "type": "Point", "coordinates": [ -122.273681607061647, 47.478257137800213 ] } },
{ "type": "Feature", "properties": { "lat": 47.478341163887777, "lon": -122.27374268563725, "time_of_day": "Morning", "causation": [ "0", "0", "0", "0", "0", "0", "0", "0", "1", "0", "0", "0", "0", "0", "0", "0", "0", "0", "0", "0", "0", "0", "0", "0" ], "duration": 294.0, "sum": 1 }, "geometry": { "type": "Point", "coordinates": [ -122.273742685637245, 47.478341163887777 ] } },
{ "type": "Feature", "properties": { "lat": 47.478506706008389, "lon": -122.27384939276509, "time_of_day": "Morning", "causation": [ "0", "0", "0", "0", "0", "0", "0", "0", "1", "0", "0", "0", "0", "0", "0", "0", "0", "0", "0", "0", "0", "0", "0", "0" ], "duration": 294.0, "sum": 1 }, "geometry": { "type": "Point", "coordinates": [ -122.273849392765086, 47.478506706008389 ] } },
{ "type": "Feature", "properties": { "lat": 47.478769065188473, "lon": -122.27462425060948, "time_of_day": "Morning", "causation": [ "0", "0", "0", "0", "0", "0", "0", "0", "1", "0", "0", "0", "0", "0", "0", "0", "0", "0", "0", "0", "0", "0", "0", "0" ], "duration": 294.0, "sum": 1 }, "geometry": { "type": "Point", "coordinates": [ -122.274624250609477, 47.478769065188473 ] } },
{ "type": "Feature", "properties": { "lat": 47.47881180291521, "lon": -122.27501358619264, "time_of_day": "Morning", "causation": [ "0", "0", "0", "0", "0", "0", "0", "0", "1", "0", "0", "0", "0", "0", "0", "0", "0", "0", "0", "0", "0", "0", "0", "0" ], "duration": 294.0, "sum": 1 }, "geometry": { "type": "Point", "coordinates": [ -122.275013586192642, 47.47881180291521 ] } },
{ "type": "Feature", "properties": { "lat": 47.478840255519948, "lon": -122.27345702061046, "time_of_day": "Morning", "causation": [ "0", "0", "0", "0", "0", "0", "0", "0", "1", "0", "0", "0", "0", "0", "0", "0", "0", "0", "0", "0", "0", "0", "0", "0" ], "duration": 294.0, "sum": 1 }, "geometry": { "type": "Point", "coordinates": [ -122.273457020610465, 47.478840255519948 ] } },
{ "type": "Feature", "properties": { "lat": 47.478913116935857, "lon": -122.27516271799904, "time_of_day": "Morning", "causation": [ "0", "0", "0", "0", "0", "0", "0", "0", "1", "0", "0", "0", "0", "0", "0", "0", "0", "0", "0", "0", "0", "0", "0", "0" ], "duration": 294.0, "sum": 1 }, "geometry": { "type": "Point", "coordinates": [ -122.275162717999038, 47.478913116935857 ] } },
{ "type": "Feature", "properties": { "lat": 47.47895250717999, "lon": -122.2731245429737, "time_of_day": "Morning", "causation": [ "0", "0", "0", "0", "0", "0", "0", "0", "1", "0", "0", "0", "0", "0", "0", "0", "0", "0", "0", "0", "0", "0", "0", "0" ], "duration": 294.0, "sum": 1 }, "geometry": { "type": "Point", "coordinates": [ -122.273124542973704, 47.47895250717999 ] } },
{ "type": "Feature", "properties": { "lat": 47.478999615556468, "lon": -122.27527576785975, "time_of_day": "Morning", "causation": [ "0", "0", "0", "0", "0", "0", "0", "0", "1", "0", "0", "0", "0", "0", "0", "0", "0", "0", "0", "0", "0", "0", "0", "0" ], "duration": 294.0, "sum": 1 }, "geometry": { "type": "Point", "coordinates": [ -122.275275767859753, 47.478999615556468 ] } },
{ "type": "Feature", "properties": { "lat": 47.479084486349358, "lon": -122.27406607932166, "time_of_day": "Morning", "causation": [ "0", "0", "0", "0", "0", "0", "0", "0", "1", "0", "0", "0", "0", "0", "0", "0", "0", "0", "0", "0", "0", "0", "0", "0" ], "duration": 294.0, "sum": 1 }, "geometry": { "type": "Point", "coordinates": [ -122.274066079321656, 47.479084486349358 ] } },
{ "type": "Feature", "properties": { "lat": 47.479223151811077, "lon": -122.2729746668093, "time_of_day": "Morning", "causation": [ "0", "0", "0", "0", "0", "0", "0", "0", "1", "0", "0", "0", "0", "0", "0", "0", "0", "0", "0", "0", "0", "0", "0", "0" ], "duration": 294.0, "sum": 1 }, "geometry": { "type": "Point", "coordinates": [ -122.272974666809304, 47.479223151811077 ] } },
{ "type": "Feature", "properties": { "lat": 47.479236514368871, "lon": -122.27551160314478, "time_of_day": "Morning", "causation": [ "0", "0", "0", "0", "0", "0", "0", "0", "1", "0", "0", "0", "0", "0", "0", "0", "0", "0", "0", "0", "0", "0", "0", "0" ], "duration": 294.0, "sum": 1 }, "geometry": { "type": "Point", "coordinates": [ -122.275511603144778, 47.479236514368871 ] } },
{ "type": "Feature", "properties": { "lat": 47.479318161847033, "lon": -122.27328351617324, "time_of_day": "Morning", "causation": [ "0", "0", "0", "0", "0", "0", "0", "0", "1", "0", "0", "0", "0", "0", "0", "0", "0", "0", "0", "0", "0", "0", "0", "0" ], "duration": 294.0, "sum": 1 }, "geometry": { "type": "Point", "coordinates": [ -122.273283516173237, 47.479318161847033 ] } },
{ "type": "Feature", "properties": { "lat": 47.479354574394229, "lon": -122.27557707277434, "time_of_day": "Morning", "causation": [ "0", "0", "0", "0", "0", "0", "0", "0", "1", "0", "0", "0", "0", "0", "0", "0", "0", "0", "0", "0", "0", "0", "0", "0" ], "duration": 294.0, "sum": 1 }, "geometry": { "type": "Point", "coordinates": [ -122.27557707277434, 47.479354574394229 ] } },
{ "type": "Feature", "properties": { "lat": 47.479751255893753, "lon": -122.27598914470086, "time_of_day": "Morning", "causation": [ "0", "0", "0", "0", "0", "0", "0", "0", "1", "0", "0", "0", "0", "0", "0", "0", "0", "0", "0", "0", "0", "0", "0", "0" ], "duration": 294.0, "sum": 1 }, "geometry": { "type": "Point", "coordinates": [ -122.275989144700858, 47.479751255893753 ] } },
{ "type": "Feature", "properties": { "lat": 47.47990095774361, "lon": -122.27594030015436, "time_of_day": "Morning", "causation": [ "0", "0", "0", "0", "0", "0", "0", "0", "1", "0", "0", "0", "0", "0", "0", "0", "0", "0", "0", "0", "0", "0", "0", "0" ], "duration": 294.0, "sum": 1 }, "geometry": { "type": "Point", "coordinates": [ -122.27594030015436, 47.47990095774361 ] } },
{ "type": "Feature", "properties": { "lat": 47.480151103262202, "lon": -122.27591259567996, "time_of_day": "Morning", "causation": [ "0", "0", "0", "0", "0", "0", "0", "0", "1", "0", "0", "0", "0", "0", "0", "0", "0", "0", "0", "0", "0", "0", "0", "0" ], "duration": 294.0, "sum": 1 }, "geometry": { "type": "Point", "coordinates": [ -122.275912595679955, 47.480151103262202 ] } },
{ "type": "Feature", "properties": { "lat": 47.487603603317964, "lon": -122.27394254900622, "time_of_day": "Morning", "causation": [ "0", "0", "0", "0", "0", "0", "0", "0", "6", "0", "0", "0", "0", "0", "0", "0", "0", "0", "0", "0", "0", "0", "0", "0" ], "duration": 240.0, "sum": 6 }, "geometry": { "type": "Point", "coordinates": [ -122.273942549006222, 47.487603603317964 ] } },
{ "type": "Feature", "properties": { "lat": 47.487838248576061, "lon": -122.32216289691472, "time_of_day": "Late Night", "causation": [ "0", "0", "0", "0", "0", "0", "0", "0", "0", "0", "0", "0", "0", "0", "0", "0", "0", "0", "0", "0", "2", "0", "0", "0" ], "duration": 426.0, "sum": 2 }, "geometry": { "type": "Point", "coordinates": [ -122.322162896914719, 47.487838248576061 ] } },
{ "type": "Feature", "properties": { "lat": 47.488511103130136, "lon": -122.27331883070336, "time_of_day": "Morning", "causation": [ "0", "0", "0", "0", "0", "0", "0", "0", "7", "0", "0", "0", "0", "0", "0", "0", "0", "0", "0", "0", "0", "0", "0", "0" ], "duration": 280.0, "sum": 7 }, "geometry": { "type": "Point", "coordinates": [ -122.27331883070336, 47.488511103130136 ] } },
{ "type": "Feature", "properties": { "lat": 47.492316304361992, "lon": -122.22907387987514, "time_of_day": "Morning", "causation": [ "0", "0", "0", "0", "0", "0", "0", "0", "0", "0", "0", "0", "0", "0", "0", "0", "0", "0", "1", "0", "0", "0", "0", "0" ], "duration": 303.0, "sum": 1 }, "geometry": { "type": "Point", "coordinates": [ -122.229073879875145, 47.492316304361992 ] } },
{ "type": "Feature", "properties": { "lat": 47.4923598042053, "lon": -122.22969939368984, "time_of_day": "Morning", "causation": [ "0", "0", "0", "0", "0", "0", "0", "0", "0", "0", "0", "0", "0", "0", "0", "0", "0", "0", "1", "0", "0", "0", "0", "0" ], "duration": 303.0, "sum": 1 }, "geometry": { "type": "Point", "coordinates": [ -122.229699393689842, 47.4923598042053 ] } },
{ "type": "Feature", "properties": { "lat": 47.492387637380325, "lon": -122.2294160602566, "time_of_day": "Morning", "causation": [ "0", "0", "0", "0", "0", "0", "0", "0", "0", "0", "0", "0", "0", "0", "0", "0", "0", "0", "1", "0", "0", "0", "0", "0" ], "duration": 303.0, "sum": 1 }, "geometry": { "type": "Point", "coordinates": [ -122.229416060256597, 47.492387637380325 ] } },
{ "type": "Feature", "properties": { "lat": 47.49278566901507, "lon": -122.22970719547776, "time_of_day": "Morning", "causation": [ "0", "0", "0", "0", "0", "0", "0", "0", "0", "0", "0", "0", "0", "0", "0", "0", "0", "0", "1", "0", "0", "0", "0", "0" ], "duration": 303.0, "sum": 1 }, "geometry": { "type": "Point", "coordinates": [ -122.229707195477758, 47.49278566901507 ] } },
{ "type": "Feature", "properties": { "lat": 47.492795415455582, "lon": -122.22896599003001, "time_of_day": "Morning", "causation": [ "0", "0", "0", "0", "0", "0", "0", "0", "0", "0", "0", "0", "0", "0", "0", "0", "0", "0", "1", "0", "0", "0", "0", "0" ], "duration": 303.0, "sum": 1 }, "geometry": { "type": "Point", "coordinates": [ -122.228965990030005, 47.492795415455582 ] } },
{ "type": "Feature", "properties": { "lat": 47.492825782273677, "lon": -122.23006177281631, "time_of_day": "Morning", "causation": [ "0", "0", "0", "0", "0", "0", "0", "0", "0", "0", "0", "0", "0", "0", "0", "0", "0", "0", "1", "0", "0", "0", "0", "0" ], "duration": 303.0, "sum": 1 }, "geometry": { "type": "Point", "coordinates": [ -122.230061772816313, 47.492825782273677 ] } },
{ "type": "Feature", "properties": { "lat": 47.492856959480029, "lon": -122.22949541629156, "time_of_day": "Morning", "causation": [ "0", "0", "0", "0", "0", "0", "0", "0", "0", "0", "0", "0", "0", "0", "0", "0", "0", "0", "1", "0", "0", "0", "0", "0" ], "duration": 303.0, "sum": 1 }, "geometry": { "type": "Point", "coordinates": [ -122.229495416291556, 47.492856959480029 ] } },
{ "type": "Feature", "properties": { "lat": 47.492869059891575, "lon": -122.22920704699926, "time_of_day": "Morning", "causation": [ "0", "0", "0", "0", "0", "0", "0", "0", "0", "0", "0", "0", "0", "0", "0", "0", "0", "0", "1", "0", "0", "0", "0", "0" ], "duration": 303.0, "sum": 1 }, "geometry": { "type": "Point", "coordinates": [ -122.229207046999264, 47.492869059891575 ] } },
{ "type": "Feature", "properties": { "lat": 47.494064216136529, "lon": -122.34906957680096, "time_of_day": "Morning", "causation": [ "0", "0", "0", "0", "0", "0", "0", "0", "35", "0", "0", "0", "0", "0", "0", "0", "0", "0", "0", "0", "0", "0", "0", "0" ], "duration": 53445.0, "sum": 35 }, "geometry": { "type": "Point", "coordinates": [ -122.349069576800957, 47.494064216136529 ] } },
{ "type": "Feature", "properties": { "lat": 47.494405502356251, "lon": -122.35074508277316, "time_of_day": "Morning", "causation": [ "0", "0", "0", "0", "0", "0", "0", "0", "1", "0", "0", "0", "0", "0", "0", "0", "0", "0", "0", "0", "0", "0", "0", "0" ], "duration": 1527.0, "sum": 1 }, "geometry": { "type": "Point", "coordinates": [ -122.350745082773159, 47.494405502356251 ] } },
{ "type": "Feature", "properties": { "lat": 47.495264364877833, "lon": -122.30787531719984, "time_of_day": "Morning", "causation": [ "0", "0", "0", "0", "0", "0", "0", "0", "0", "0", "0", "0", "0", "0", "0", "0", "0", "0", "1", "0", "0", "0", "0", "0" ], "duration": 1014.0, "sum": 1 }, "geometry": { "type": "Point", "coordinates": [ -122.307875317199844, 47.495264364877833 ] } },
{ "type": "Feature", "properties": { "lat": 47.495415607936501, "lon": -122.30855751859826, "time_of_day": "Morning", "causation": [ "0", "0", "0", "0", "0", "0", "0", "0", "0", "0", "0", "0", "0", "0", "0", "0", "0", "0", "1", "0", "0", "0", "0", "0" ], "duration": 1014.0, "sum": 1 }, "geometry": { "type": "Point", "coordinates": [ -122.308557518598263, 47.495415607936501 ] } },
{ "type": "Feature", "properties": { "lat": 47.495620350055603, "lon": -122.30812953953954, "time_of_day": "Morning", "causation": [ "0", "0", "0", "0", "0", "0", "0", "0", "0", "0", "0", "0", "0", "0", "0", "0", "0", "0", "1", "0", "0", "0", "0", "0" ], "duration": 1014.0, "sum": 1 }, "geometry": { "type": "Point", "coordinates": [ -122.308129539539536, 47.495620350055603 ] } },
{ "type": "Feature", "properties": { "lat": 47.505638428165177, "lon": -122.26666175007919, "time_of_day": "Late Night", "causation": [ "0", "0", "0", "0", "0", "0", "0", "0", "1", "0", "0", "0", "0", "0", "0", "0", "0", "0", "0", "0", "0", "0", "0", "0" ], "duration": 106.0, "sum": 1 }, "geometry": { "type": "Point", "coordinates": [ -122.266661750079194, 47.505638428165177 ] } },
{ "type": "Feature", "properties": { "lat": 47.506683534907033, "lon": -122.34965594011372, "time_of_day": "Morning", "causation": [ "0", "0", "0", "0", "0", "0", "0", "0", "1", "0", "0", "0", "0", "0", "0", "0", "0", "0", "0", "0", "0", "0", "0", "0" ], "duration": 294.0, "sum": 1 }, "geometry": { "type": "Point", "coordinates": [ -122.34965594011372, 47.506683534907033 ] } },
{ "type": "Feature", "properties": { "lat": 47.507500865272469, "lon": -122.25865464482756, "time_of_day": "Late Night", "causation": [ "0", "0", "0", "0", "0", "0", "0", "0", "0", "0", "0", "0", "0", "0", "0", "0", "0", "1", "0", "0", "0", "0", "0", "0" ], "duration": 9.0, "sum": 1 }, "geometry": { "type": "Point", "coordinates": [ -122.258654644827558, 47.507500865272469 ] } },
{ "type": "Feature", "properties": { "lat": 47.507500865272469, "lon": -122.25865464482756, "time_of_day": "Morning", "causation": [ "0", "0", "0", "0", "0", "0", "0", "0", "0", "0", "0", "0", "0", "1", "0", "0", "0", "0", "0", "0", "0", "0", "0", "0" ], "duration": 76.0, "sum": 1 }, "geometry": { "type": "Point", "coordinates": [ -122.258654644827558, 47.507500865272469 ] } },
{ "type": "Feature", "properties": { "lat": 47.507731971620352, "lon": -122.26156715192056, "time_of_day": "Morning", "causation": [ "0", "0", "1", "0", "0", "0", "0", "0", "0", "0", "0", "0", "0", "0", "0", "0", "0", "0", "0", "0", "0", "0", "0", "0" ], "duration": 584.0, "sum": 1 }, "geometry": { "type": "Point", "coordinates": [ -122.261567151920559, 47.507731971620352 ] } },
{ "type": "Feature", "properties": { "lat": 47.507734899816981, "lon": -122.26101371450019, "time_of_day": "Morning", "causation": [ "0", "0", "1", "0", "0", "0", "0", "0", "0", "0", "0", "0", "0", "0", "0", "0", "0", "0", "0", "0", "0", "0", "0", "0" ], "duration": 584.0, "sum": 1 }, "geometry": { "type": "Point", "coordinates": [ -122.261013714500194, 47.507734899816981 ] } },
{ "type": "Feature", "properties": { "lat": 47.507881238458907, "lon": -122.26102245644142, "time_of_day": "Morning", "causation": [ "0", "0", "1", "0", "0", "0", "0", "0", "0", "0", "0", "0", "0", "0", "0", "0", "0", "0", "0", "0", "0", "0", "0", "0" ], "duration": 584.0, "sum": 1 }, "geometry": { "type": "Point", "coordinates": [ -122.261022456441424, 47.507881238458907 ] } },
{ "type": "Feature", "properties": { "lat": 47.507906077851501, "lon": -122.26152858025166, "time_of_day": "Morning", "causation": [ "0", "0", "1", "0", "0", "0", "0", "0", "0", "0", "0", "0", "0", "0", "0", "0", "0", "0", "0", "0", "0", "0", "0", "0" ], "duration": 584.0, "sum": 1 }, "geometry": { "type": "Point", "coordinates": [ -122.261528580251664, 47.507906077851501 ] } },
{ "type": "Feature", "properties": { "lat": 47.508213277567549, "lon": -122.29754567325536, "time_of_day": "Morning", "causation": [ "0", "0", "0", "0", "0", "0", "0", "0", "0", "0", "0", "0", "0", "0", "0", "0", "0", "0", "3", "0", "0", "0", "0", "0" ], "duration": 1311.0, "sum": 3 }, "geometry": { "type": "Point", "coordinates": [ -122.297545673255357, 47.508213277567549 ] } },
{ "type": "Feature", "properties": { "lat": 47.50983448704735, "lon": -122.36552683018644, "time_of_day": "Morning", "causation": [ "0", "0", "0", "0", "0", "0", "0", "0", "1", "0", "0", "0", "0", "0", "0", "0", "0", "0", "0", "0", "0", "0", "0", "0" ], "duration": 495.0, "sum": 1 }, "geometry": { "type": "Point", "coordinates": [ -122.36552683018644, 47.50983448704735 ] } },
{ "type": "Feature", "properties": { "lat": 47.509855824254139, "lon": -122.36642296281616, "time_of_day": "Morning", "causation": [ "0", "0", "0", "0", "0", "0", "0", "0", "1", "0", "0", "0", "0", "0", "0", "0", "0", "0", "0", "0", "0", "0", "0", "0" ], "duration": 495.0, "sum": 1 }, "geometry": { "type": "Point", "coordinates": [ -122.366422962816159, 47.509855824254139 ] } },
{ "type": "Feature", "properties": { "lat": 47.509860135091024, "lon": -122.36522566643303, "time_of_day": "Morning", "causation": [ "0", "0", "0", "0", "0", "0", "0", "0", "1", "0", "0", "0", "0", "0", "0", "0", "0", "0", "0", "0", "0", "0", "0", "0" ], "duration": 495.0, "sum": 1 }, "geometry": { "type": "Point", "coordinates": [ -122.365225666433034, 47.509860135091024 ] } },
{ "type": "Feature", "properties": { "lat": 47.510199735241443, "lon": -122.36555708770692, "time_of_day": "Morning", "causation": [ "0", "0", "0", "0", "0", "0", "0", "0", "1", "0", "0", "0", "0", "0", "0", "0", "0", "0", "0", "0", "0", "0", "0", "0" ], "duration": 495.0, "sum": 1 }, "geometry": { "type": "Point", "coordinates": [ -122.365557087706918, 47.510199735241443 ] } },
{ "type": "Feature", "properties": { "lat": 47.510219265459206, "lon": -122.36525575018253, "time_of_day": "Morning", "causation": [ "0", "0", "0", "0", "0", "0", "0", "0", "1", "0", "0", "0", "0", "0", "0", "0", "0", "0", "0", "0", "0", "0", "0", "0" ], "duration": 495.0, "sum": 1 }, "geometry": { "type": "Point", "coordinates": [ -122.365255750182527, 47.510219265459206 ] } },
{ "type": "Feature", "properties": { "lat": 47.516050562937295, "lon": -122.35578483493212, "time_of_day": "Late Night", "causation": [ "0", "0", "0", "0", "0", "0", "0", "0", "2", "0", "0", "0", "0", "0", "0", "0", "0", "0", "0", "0", "0", "0", "0", "0" ], "duration": 70.0, "sum": 2 }, "geometry": { "type": "Point", "coordinates": [ -122.355784834932123, 47.516050562937295 ] } },
{ "type": "Feature", "properties": { "lat": 47.518189020759451, "lon": -122.3109505209578, "time_of_day": "Late Night", "causation": [ "0", "0", "0", "0", "0", "0", "0", "0", "1", "0", "0", "0", "0", "0", "0", "0", "0", "0", "0", "0", "0", "0", "0", "0" ], "duration": 377.0, "sum": 1 }, "geometry": { "type": "Point", "coordinates": [ -122.310950520957803, 47.518189020759451 ] } },
{ "type": "Feature", "properties": { "lat": 47.51884842130751, "lon": -122.31035768880128, "time_of_day": "Late Night", "causation": [ "0", "0", "0", "0", "0", "0", "0", "0", "1", "0", "0", "0", "0", "0", "0", "0", "0", "0", "0", "0", "0", "0", "0", "0" ], "duration": 377.0, "sum": 1 }, "geometry": { "type": "Point", "coordinates": [ -122.310357688801275, 47.51884842130751 ] } },
{ "type": "Feature", "properties": { "lat": 47.518891801653027, "lon": -122.3133740823754, "time_of_day": "Late Night", "causation": [ "0", "0", "0", "0", "0", "0", "0", "0", "9", "0", "0", "0", "0", "0", "0", "0", "0", "0", "0", "0", "0", "0", "0", "0" ], "duration": 3393.0, "sum": 9 }, "geometry": { "type": "Point", "coordinates": [ -122.313374082375404, 47.518891801653027 ] } },
{ "type": "Feature", "properties": { "lat": 47.518940401932063, "lon": -122.31002761537248, "time_of_day": "Late Night", "causation": [ "0", "0", "0", "0", "0", "0", "0", "0", "1", "0", "0", "0", "0", "0", "0", "0", "0", "0", "0", "0", "0", "0", "0", "0" ], "duration": 377.0, "sum": 1 }, "geometry": { "type": "Point", "coordinates": [ -122.310027615372476, 47.518940401932063 ] } },
{ "type": "Feature", "properties": { "lat": 47.519353965414091, "lon": -122.3134014934619, "time_of_day": "Late Night", "causation": [ "0", "0", "0", "0", "0", "0", "0", "0", "8", "0", "0", "0", "0", "0", "0", "0", "0", "0", "0", "0", "0", "0", "0", "0" ], "duration": 3016.0, "sum": 8 }, "geometry": { "type": "Point", "coordinates": [ -122.313401493461896, 47.519353965414091 ] } },
{ "type": "Feature", "properties": { "lat": 47.51943246175248, "lon": -122.31413838592704, "time_of_day": "Late Night", "causation": [ "0", "0", "0", "0", "0", "0", "0", "0", "2", "0", "0", "0", "0", "0", "0", "0", "0", "0", "0", "0", "0", "0", "0", "0" ], "duration": 754.0, "sum": 2 }, "geometry": { "type": "Point", "coordinates": [ -122.314138385927038, 47.51943246175248 ] } },
{ "type": "Feature", "properties": { "lat": 47.519506137041432, "lon": -122.31110876370502, "time_of_day": "Late Night", "causation": [ "0", "0", "0", "0", "0", "0", "0", "0", "18", "0", "0", "0", "0", "0", "0", "0", "0", "0", "0", "0", "0", "0", "0", "0" ], "duration": 6786.0, "sum": 18 }, "geometry": { "type": "Point", "coordinates": [ -122.311108763705022, 47.519506137041432 ] } },
{ "type": "Feature", "properties": { "lat": 47.519654397035282, "lon": -122.31194101483386, "time_of_day": "Late Night", "causation": [ "0", "0", "0", "0", "0", "0", "0", "0", "27", "0", "0", "0", "0", "0", "0", "0", "0", "0", "0", "0", "0", "0", "0", "0" ], "duration": 10179.0, "sum": 27 }, "geometry": { "type": "Point", "coordinates": [ -122.311941014833863, 47.519654397035282 ] } },
{ "type": "Feature", "properties": { "lat": 47.519933887207593, "lon": -122.31328235980706, "time_of_day": "Late Night", "causation": [ "0", "0", "0", "0", "0", "0", "0", "0", "10", "0", "0", "0", "0", "0", "0", "0", "0", "0", "0", "0", "0", "0", "0", "0" ], "duration": 3770.0, "sum": 10 }, "geometry": { "type": "Point", "coordinates": [ -122.313282359807062, 47.519933887207593 ] } },
{ "type": "Feature", "properties": { "lat": 47.519976828206147, "lon": -122.31432365496541, "time_of_day": "Morning", "causation": [ "0", "0", "0", "0", "0", "0", "0", "0", "1", "0", "0", "0", "0", "0", "0", "0", "0", "0", "0", "0", "0", "0", "0", "0" ], "duration": 131.0, "sum": 1 }, "geometry": { "type": "Point", "coordinates": [ -122.314323654965406, 47.519976828206147 ] } },
{ "type": "Feature", "properties": { "lat": 47.520024490732283, "lon": -122.31472266309132, "time_of_day": "Late Night", "causation": [ "0", "0", "0", "0", "0", "0", "0", "0", "2", "0", "0", "0", "0", "0", "0", "0", "0", "0", "0", "0", "0", "0", "0", "0" ], "duration": 754.0, "sum": 2 }, "geometry": { "type": "Point", "coordinates": [ -122.314722663091317, 47.520024490732283 ] } },
{ "type": "Feature", "properties": { "lat": 47.520674502277721, "lon": -122.31052054672796, "time_of_day": "Late Night", "causation": [ "0", "0", "0", "0", "0", "0", "0", "0", "6", "0", "0", "0", "0", "0", "0", "0", "0", "0", "0", "0", "0", "0", "0", "0" ], "duration": 2262.0, "sum": 6 }, "geometry": { "type": "Point", "coordinates": [ -122.310520546727957, 47.520674502277721 ] } },
{ "type": "Feature", "properties": { "lat": 47.520677642018789, "lon": -122.31220113182162, "time_of_day": "Late Night", "causation": [ "0", "0", "0", "0", "0", "0", "0", "0", "5", "0", "0", "0", "0", "0", "0", "0", "0", "0", "0", "0", "0", "0", "0", "0" ], "duration": 1885.0, "sum": 5 }, "geometry": { "type": "Point", "coordinates": [ -122.312201131821624, 47.520677642018789 ] } },
{ "type": "Feature", "properties": { "lat": 47.520688747321337, "lon": -122.31331698834252, "time_of_day": "Late Night", "causation": [ "0", "0", "0", "0", "0", "0", "0", "0", "4", "0", "0", "0", "0", "0", "0", "0", "0", "0", "0", "0", "0", "0", "0", "0" ], "duration": 1508.0, "sum": 4 }, "geometry": { "type": "Point", "coordinates": [ -122.313316988342521, 47.520688747321337 ] } },
{ "type": "Feature", "properties": { "lat": 47.520706629227433, "lon": -122.3115161708274, "time_of_day": "Late Night", "causation": [ "0", "0", "0", "0", "0", "0", "0", "0", "6", "0", "0", "0", "0", "0", "0", "0", "0", "0", "0", "0", "0", "0", "0", "0" ], "duration": 2262.0, "sum": 6 }, "geometry": { "type": "Point", "coordinates": [ -122.311516170827403, 47.520706629227433 ] } },
{ "type": "Feature", "properties": { "lat": 47.520708270558352, "lon": -122.3095534654914, "time_of_day": "Late Night", "causation": [ "0", "0", "0", "0", "0", "0", "0", "0", "1", "0", "0", "0", "0", "0", "0", "0", "0", "0", "0", "0", "0", "0", "0", "0" ], "duration": 377.0, "sum": 1 }, "geometry": { "type": "Point", "coordinates": [ -122.309553465491405, 47.520708270558352 ] } },
{ "type": "Feature", "properties": { "lat": 47.521373677425011, "lon": -122.31257130525437, "time_of_day": "Late Night", "causation": [ "0", "0", "0", "0", "0", "0", "0", "0", "10", "0", "0", "0", "0", "0", "0", "0", "0", "0", "0", "0", "0", "0", "0", "0" ], "duration": 3770.0, "sum": 10 }, "geometry": { "type": "Point", "coordinates": [ -122.312571305254366, 47.521373677425011 ] } },
{ "type": "Feature", "properties": { "lat": 47.521391857375534, "lon": -122.29864854009683, "time_of_day": "Morning", "causation": [ "0", "0", "0", "0", "0", "0", "0", "0", "2", "0", "0", "0", "0", "0", "0", "0", "0", "0", "0", "0", "0", "0", "0", "0" ], "duration": 868.0, "sum": 2 }, "geometry": { "type": "Point", "coordinates": [ -122.298648540096835, 47.521391857375534 ] } },
{ "type": "Feature", "properties": { "lat": 47.521630932750547, "lon": -122.31052518643824, "time_of_day": "Late Night", "causation": [ "0", "0", "0", "0", "0", "0", "0", "0", "6", "0", "0", "0", "0", "0", "0", "0", "0", "0", "0", "0", "0", "0", "0", "0" ], "duration": 2262.0, "sum": 6 }, "geometry": { "type": "Point", "coordinates": [ -122.310525186438241, 47.521630932750547 ] } },
{ "type": "Feature", "properties": { "lat": 47.52170337198487, "lon": -122.26392290834376, "time_of_day": "Morning", "causation": [ "0", "0", "0", "0", "0", "0", "0", "0", "0", "0", "0", "0", "0", "0", "0", "0", "0", "0", "1", "0", "0", "0", "0", "0" ], "duration": 400.0, "sum": 1 }, "geometry": { "type": "Point", "coordinates": [ -122.263922908343758, 47.52170337198487 ] } },
{ "type": "Feature", "properties": { "lat": 47.521816855784657, "lon": -122.30955798455548, "time_of_day": "Late Night", "causation": [ "0", "0", "0", "0", "0", "0", "0", "0", "4", "0", "0", "0", "0", "0", "0", "0", "0", "0", "0", "0", "0", "0", "0", "0" ], "duration": 1508.0, "sum": 4 }, "geometry": { "type": "Point", "coordinates": [ -122.309557984555482, 47.521816855784657 ] } },
{ "type": "Feature", "properties": { "lat": 47.521960033705305, "lon": -122.31242331672212, "time_of_day": "Late Night", "causation": [ "0", "0", "0", "0", "0", "0", "0", "0", "6", "0", "0", "0", "0", "0", "0", "0", "0", "0", "0", "0", "0", "0", "0", "0" ], "duration": 2262.0, "sum": 6 }, "geometry": { "type": "Point", "coordinates": [ -122.312423316722118, 47.521960033705305 ] } },
{ "type": "Feature", "properties": { "lat": 47.522118298382033, "lon": -122.3933360022062, "time_of_day": "Morning", "causation": [ "0", "1", "0", "0", "0", "0", "0", "0", "1", "0", "0", "0", "0", "0", "0", "0", "0", "0", "0", "0", "0", "0", "0", "0" ], "duration": 353.0, "sum": 2 }, "geometry": { "type": "Point", "coordinates": [ -122.393336002206198, 47.522118298382033 ] } },
{ "type": "Feature", "properties": { "lat": 47.52218988493405, "lon": -122.39367198584894, "time_of_day": "Morning", "causation": [ "0", "1", "0", "0", "0", "0", "0", "0", "1", "0", "0", "0", "0", "0", "0", "0", "0", "0", "0", "0", "0", "0", "0", "0" ], "duration": 353.0, "sum": 2 }, "geometry": { "type": "Point", "coordinates": [ -122.39367198584894, 47.52218988493405 ] } },
{ "type": "Feature", "properties": { "lat": 47.522321500409312, "lon": -122.3936442702702, "time_of_day": "Morning", "causation": [ "0", "1", "0", "0", "0", "0", "0", "0", "1", "0", "0", "0", "0", "0", "0", "0", "0", "0", "0", "0", "0", "0", "0", "0" ], "duration": 353.0, "sum": 2 }, "geometry": { "type": "Point", "coordinates": [ -122.393644270270201, 47.522321500409312 ] } },
{ "type": "Feature", "properties": { "lat": 47.522458184898269, "lon": -122.39362281885244, "time_of_day": "Morning", "causation": [ "0", "1", "0", "0", "0", "0", "0", "0", "1", "0", "0", "0", "0", "0", "0", "0", "0", "0", "0", "0", "0", "0", "0", "0" ], "duration": 353.0, "sum": 2 }, "geometry": { "type": "Point", "coordinates": [ -122.393622818852435, 47.522458184898269 ] } },
{ "type": "Feature", "properties": { "lat": 47.522488333271831, "lon": -122.39321855169401, "time_of_day": "Morning", "causation": [ "0", "1", "0", "0", "0", "0", "0", "0", "1", "0", "0", "0", "0", "0", "0", "0", "0", "0", "0", "0", "0", "0", "0", "0" ], "duration": 353.0, "sum": 2 }, "geometry": { "type": "Point", "coordinates": [ -122.393218551694005, 47.522488333271831 ] } },
{ "type": "Feature", "properties": { "lat": 47.523053098172575, "lon": -122.3525264273338, "time_of_day": "Morning", "causation": [ "0", "0", "0", "0", "0", "0", "0", "0", "1", "0", "0", "0", "0", "0", "0", "0", "0", "0", "0", "0", "0", "0", "0", "0" ], "duration": 511.0, "sum": 1 }, "geometry": { "type": "Point", "coordinates": [ -122.3525264273338, 47.523053098172575 ] } },
{ "type": "Feature", "properties": { "lat": 47.523113674831038, "lon": -122.35307128060504, "time_of_day": "Morning", "causation": [ "0", "0", "0", "0", "0", "0", "0", "0", "1", "0", "0", "0", "0", "0", "0", "0", "0", "0", "0", "0", "0", "0", "0", "0" ], "duration": 511.0, "sum": 1 }, "geometry": { "type": "Point", "coordinates": [ -122.353071280605036, 47.523113674831038 ] } },
{ "type": "Feature", "properties": { "lat": 47.523205612676762, "lon": -122.35255896630164, "time_of_day": "Morning", "causation": [ "0", "0", "0", "0", "0", "0", "0", "0", "1", "0", "0", "0", "0", "0", "0", "0", "0", "0", "0", "0", "0", "0", "0", "0" ], "duration": 511.0, "sum": 1 }, "geometry": { "type": "Point", "coordinates": [ -122.352558966301643, 47.523205612676762 ] } },
{ "type": "Feature", "properties": { "lat": 47.523347661330135, "lon": -122.35309931507672, "time_of_day": "Morning", "causation": [ "0", "0", "0", "0", "0", "0", "0", "0", "2", "0", "0", "0", "0", "0", "0", "0", "0", "0", "0", "0", "0", "0", "0", "0" ], "duration": 1022.0, "sum": 2 }, "geometry": { "type": "Point", "coordinates": [ -122.353099315076719, 47.523347661330135 ] } },
{ "type": "Feature", "properties": { "lat": 47.523392332968726, "lon": -122.35242863621173, "time_of_day": "Morning", "causation": [ "0", "0", "0", "0", "0", "0", "0", "0", "1", "0", "0", "0", "0", "0", "0", "0", "0", "0", "0", "0", "0", "0", "0", "0" ], "duration": 511.0, "sum": 1 }, "geometry": { "type": "Point", "coordinates": [ -122.352428636211727, 47.523392332968726 ] } },
{ "type": "Feature", "properties": { "lat": 47.523473577216905, "lon": -122.35304380355174, "time_of_day": "Morning", "causation": [ "0", "0", "0", "0", "0", "0", "0", "0", "1", "0", "0", "0", "0", "0", "0", "0", "0", "0", "0", "0", "0", "0", "0", "0" ], "duration": 511.0, "sum": 1 }, "geometry": { "type": "Point", "coordinates": [ -122.353043803551742, 47.523473577216905 ] } },
{ "type": "Feature", "properties": { "lat": 47.523513659208618, "lon": -122.35252151368512, "time_of_day": "Morning", "causation": [ "0", "0", "0", "0", "0", "0", "0", "0", "1", "0", "0", "0", "0", "0", "0", "0", "0", "0", "0", "0", "0", "0", "0", "0" ], "duration": 511.0, "sum": 1 }, "geometry": { "type": "Point", "coordinates": [ -122.352521513685119, 47.523513659208618 ] } },
{ "type": "Feature", "properties": { "lat": 47.523685416001271, "lon": -122.35256692003676, "time_of_day": "Morning", "causation": [ "0", "0", "0", "0", "0", "0", "0", "0", "1", "0", "0", "0", "0", "0", "0", "0", "0", "0", "0", "0", "0", "0", "0", "0" ], "duration": 511.0, "sum": 1 }, "geometry": { "type": "Point", "coordinates": [ -122.352566920036764, 47.523685416001271 ] } },
{ "type": "Feature", "properties": { "lat": 47.523691672653065, "lon": -122.35316840780467, "time_of_day": "Morning", "causation": [ "0", "0", "0", "0", "0", "0", "0", "0", "2", "0", "0", "0", "0", "0", "0", "0", "0", "0", "0", "0", "0", "0", "0", "0" ], "duration": 1022.0, "sum": 2 }, "geometry": { "type": "Point", "coordinates": [ -122.353168407804674, 47.523691672653065 ] } },
{ "type": "Feature", "properties": { "lat": 47.524076444535055, "lon": -122.2658737845186, "time_of_day": "Morning", "causation": [ "0", "0", "0", "0", "0", "0", "0", "0", "2", "0", "0", "0", "0", "0", "0", "0", "0", "0", "0", "0", "0", "0", "0", "0" ], "duration": 948.0, "sum": 2 }, "geometry": { "type": "Point", "coordinates": [ -122.265873784518604, 47.524076444535055 ] } },
{ "type": "Feature", "properties": { "lat": 47.532421966424693, "lon": -122.28313449139176, "time_of_day": "Morning", "causation": [ "0", "0", "0", "0", "0", "0", "0", "0", "0", "0", "0", "0", "0", "0", "0", "0", "0", "0", "1", "0", "0", "0", "0", "0" ], "duration": 985.0, "sum": 1 }, "geometry": { "type": "Point", "coordinates": [ -122.283134491391763, 47.532421966424693 ] } },
{ "type": "Feature", "properties": { "lat": 47.532451357440657, "lon": -122.28364139832053, "time_of_day": "Morning", "causation": [ "0", "0", "0", "0", "0", "0", "0", "0", "0", "0", "0", "0", "0", "0", "0", "0", "0", "0", "1", "0", "0", "0", "0", "0" ], "duration": 985.0, "sum": 1 }, "geometry": { "type": "Point", "coordinates": [ -122.283641398320526, 47.532451357440657 ] } },
{ "type": "Feature", "properties": { "lat": 47.532477776735504, "lon": -122.28284352435878, "time_of_day": "Morning", "causation": [ "0", "0", "0", "0", "0", "0", "0", "0", "0", "0", "0", "0", "0", "0", "0", "0", "0", "0", "1", "0", "0", "0", "0", "0" ], "duration": 985.0, "sum": 1 }, "geometry": { "type": "Point", "coordinates": [ -122.282843524358782, 47.532477776735504 ] } },
{ "type": "Feature", "properties": { "lat": 47.532479629012464, "lon": -122.28269832820716, "time_of_day": "Morning", "causation": [ "0", "0", "0", "0", "0", "0", "0", "0", "0", "0", "0", "0", "0", "0", "0", "0", "0", "0", "1", "0", "0", "0", "0", "0" ], "duration": 985.0, "sum": 1 }, "geometry": { "type": "Point", "coordinates": [ -122.282698328207161, 47.532479629012464 ] } },
{ "type": "Feature", "properties": { "lat": 47.532490344084358, "lon": -122.2825199766109, "time_of_day": "Morning", "causation": [ "0", "0", "0", "0", "0", "0", "0", "0", "0", "0", "0", "0", "0", "0", "0", "0", "0", "0", "1", "0", "0", "0", "0", "0" ], "duration": 985.0, "sum": 1 }, "geometry": { "type": "Point", "coordinates": [ -122.282519976610899, 47.532490344084358 ] } },
{ "type": "Feature", "properties": { "lat": 47.532491014924837, "lon": -122.28224569474936, "time_of_day": "Morning", "causation": [ "0", "0", "0", "0", "0", "0", "0", "0", "0", "0", "0", "0", "0", "0", "0", "0", "0", "0", "1", "0", "0", "0", "0", "0" ], "duration": 985.0, "sum": 1 }, "geometry": { "type": "Point", "coordinates": [ -122.282245694749363, 47.532491014924837 ] } },
{ "type": "Feature", "properties": { "lat": 47.532492195947903, "lon": -122.28237478041278, "time_of_day": "Morning", "causation": [ "0", "0", "0", "0", "0", "0", "0", "0", "0", "0", "0", "0", "0", "0", "0", "0", "0", "0", "1", "0", "0", "0", "0", "0" ], "duration": 985.0, "sum": 1 }, "geometry": { "type": "Point", "coordinates": [ -122.282374780412781, 47.532492195947903 ] } },
{ "type": "Feature", "properties": { "lat": 47.53249318253134, "lon": -122.2820757089418, "time_of_day": "Morning", "causation": [ "0", "0", "0", "0", "0", "0", "0", "0", "0", "0", "0", "0", "0", "0", "0", "0", "0", "0", "1", "0", "0", "0", "0", "0" ], "duration": 985.0, "sum": 1 }, "geometry": { "type": "Point", "coordinates": [ -122.282075708941804, 47.53249318253134 ] } },
{ "type": "Feature", "properties": { "lat": 47.53254536226617, "lon": -122.28312729644792, "time_of_day": "Morning", "causation": [ "0", "0", "0", "0", "0", "0", "0", "0", "0", "0", "0", "0", "0", "0", "0", "0", "0", "0", "1", "0", "0", "0", "0", "0" ], "duration": 985.0, "sum": 1 }, "geometry": { "type": "Point", "coordinates": [ -122.283127296447915, 47.53254536226617 ] } },
{ "type": "Feature", "properties": { "lat": 47.532547785343411, "lon": -122.2836390210408, "time_of_day": "Morning", "causation": [ "0", "0", "0", "0", "0", "0", "0", "0", "0", "0", "0", "0", "0", "0", "0", "0", "0", "0", "1", "0", "0", "0", "0", "0" ], "duration": 985.0, "sum": 1 }, "geometry": { "type": "Point", "coordinates": [ -122.283639021040798, 47.532547785343411 ] } },
{ "type": "Feature", "properties": { "lat": 47.532645875872603, "lon": -122.28315288308541, "time_of_day": "Morning", "causation": [ "0", "0", "0", "0", "0", "0", "0", "0", "0", "0", "0", "0", "0", "0", "0", "0", "0", "0", "1", "0", "0", "0", "0", "0" ], "duration": 985.0, "sum": 1 }, "geometry": { "type": "Point", "coordinates": [ -122.283152883085407, 47.532645875872603 ] } },
{ "type": "Feature", "properties": { "lat": 47.532672808551602, "lon": -122.28363187256323, "time_of_day": "Morning", "causation": [ "0", "0", "0", "0", "0", "0", "0", "0", "0", "0", "0", "0", "0", "0", "0", "0", "0", "0", "1", "0", "0", "0", "0", "0" ], "duration": 985.0, "sum": 1 }, "geometry": { "type": "Point", "coordinates": [ -122.283631872563234, 47.532672808551602 ] } },
{ "type": "Feature", "properties": { "lat": 47.5327432210374, "lon": -122.28314342892868, "time_of_day": "Morning", "causation": [ "0", "0", "0", "0", "0", "0", "0", "0", "0", "0", "0", "0", "0", "0", "0", "0", "0", "0", "1", "0", "0", "0", "0", "0" ], "duration": 985.0, "sum": 1 }, "geometry": { "type": "Point", "coordinates": [ -122.283143428928682, 47.5327432210374 ] } },
{ "type": "Feature", "properties": { "lat": 47.532751994974568, "lon": -122.28126607160873, "time_of_day": "Morning", "causation": [ "0", "0", "0", "0", "0", "0", "0", "0", "0", "0", "0", "0", "0", "0", "0", "0", "0", "0", "1", "0", "0", "0", "0", "0" ], "duration": 985.0, "sum": 1 }, "geometry": { "type": "Point", "coordinates": [ -122.281266071608727, 47.532751994974568 ] } },
{ "type": "Feature", "properties": { "lat": 47.532754112560831, "lon": -122.33643335374131, "time_of_day": "Morning", "causation": [ "0", "0", "0", "0", "0", "0", "0", "0", "0", "0", "0", "0", "0", "0", "0", "0", "0", "0", "2", "0", "0", "0", "0", "0" ], "duration": 3540.0, "sum": 2 }, "geometry": { "type": "Point", "coordinates": [ -122.336433353741313, 47.532754112560831 ] } },
{ "type": "Feature", "properties": { "lat": 47.53276012422883, "lon": -122.2826312278022, "time_of_day": "Morning", "causation": [ "0", "0", "0", "0", "0", "0", "0", "0", "0", "0", "0", "0", "0", "0", "0", "0", "0", "0", "7", "0", "0", "0", "0", "0" ], "duration": 6895.0, "sum": 7 }, "geometry": { "type": "Point", "coordinates": [ -122.282631227802199, 47.53276012422883 ] } },
{ "type": "Feature", "properties": { "lat": 47.532771135310696, "lon": -122.28196602275762, "time_of_day": "Morning", "causation": [ "0", "0", "0", "0", "0", "0", "0", "0", "0", "0", "0", "0", "0", "0", "0", "0", "0", "0", "1", "0", "0", "0", "0", "0" ], "duration": 985.0, "sum": 1 }, "geometry": { "type": "Point", "coordinates": [ -122.281966022757615, 47.532771135310696 ] } },
{ "type": "Feature", "properties": { "lat": 47.532772547881798, "lon": -122.28185522783518, "time_of_day": "Morning", "causation": [ "0", "0", "0", "0", "0", "0", "0", "0", "0", "0", "0", "0", "0", "0", "0", "0", "0", "0", "1", "0", "0", "0", "0", "0" ], "duration": 985.0, "sum": 1 }, "geometry": { "type": "Point", "coordinates": [ -122.28185522783518, 47.532772547881798 ] } },
{ "type": "Feature", "properties": { "lat": 47.532775243087229, "lon": -122.28147573361242, "time_of_day": "Morning", "causation": [ "0", "0", "0", "0", "0", "0", "0", "0", "0", "0", "0", "0", "0", "0", "0", "0", "0", "0", "1", "0", "0", "0", "0", "0" ], "duration": 985.0, "sum": 1 }, "geometry": { "type": "Point", "coordinates": [ -122.281475733612425, 47.532775243087229 ] } },
{ "type": "Feature", "properties": { "lat": 47.53277969497892, "lon": -122.28365256048043, "time_of_day": "Morning", "causation": [ "0", "0", "0", "0", "0", "0", "0", "0", "0", "0", "0", "0", "0", "0", "0", "0", "0", "0", "1", "0", "0", "0", "0", "0" ], "duration": 985.0, "sum": 1 }, "geometry": { "type": "Point", "coordinates": [ -122.283652560480434, 47.53277969497892 ] } },
{ "type": "Feature", "properties": { "lat": 47.532782648527323, "lon": -122.28173505863356, "time_of_day": "Morning", "causation": [ "0", "0", "0", "0", "0", "0", "0", "0", "0", "0", "0", "0", "0", "0", "0", "0", "0", "0", "1", "0", "0", "0", "0", "0" ], "duration": 985.0, "sum": 1 }, "geometry": { "type": "Point", "coordinates": [ -122.281735058633558, 47.532782648527323 ] } },
{ "type": "Feature", "properties": { "lat": 47.532786518411193, "lon": -122.28159953345757, "time_of_day": "Morning", "causation": [ "0", "0", "0", "0", "0", "0", "0", "0", "0", "0", "0", "0", "0", "0", "0", "0", "0", "0", "1", "0", "0", "0", "0", "0" ], "duration": 985.0, "sum": 1 }, "geometry": { "type": "Point", "coordinates": [ -122.281599533457566, 47.532786518411193 ] } },
{ "type": "Feature", "properties": { "lat": 47.532787907498729, "lon": -122.28109044323956, "time_of_day": "Morning", "causation": [ "0", "0", "0", "0", "0", "0", "0", "0", "0", "0", "0", "0", "0", "0", "0", "0", "0", "0", "4", "0", "0", "0", "0", "0" ], "duration": 3940.0, "sum": 4 }, "geometry": { "type": "Point", "coordinates": [ -122.281090443239563, 47.532787907498729 ] } },
{ "type": "Feature", "properties": { "lat": 47.532858985758843, "lon": -122.28314664961442, "time_of_day": "Morning", "causation": [ "0", "0", "0", "0", "0", "0", "0", "0", "0", "0", "0", "0", "0", "0", "0", "0", "0", "0", "1", "0", "0", "0", "0", "0" ], "duration": 985.0, "sum": 1 }, "geometry": { "type": "Point", "coordinates": [ -122.283146649614423, 47.532858985758843 ] } },
{ "type": "Feature", "properties": { "lat": 47.532902211430816, "lon": -122.28235363756086, "time_of_day": "Morning", "causation": [ "0", "0", "0", "0", "0", "0", "0", "0", "0", "0", "0", "0", "0", "0", "0", "0", "0", "0", "1", "0", "0", "0", "0", "0" ], "duration": 985.0, "sum": 1 }, "geometry": { "type": "Point", "coordinates": [ -122.28235363756086, 47.532902211430816 ] } },
{ "type": "Feature", "properties": { "lat": 47.53290447278922, "lon": -122.28366463673406, "time_of_day": "Morning", "causation": [ "0", "0", "0", "0", "0", "0", "0", "0", "0", "0", "0", "0", "0", "0", "0", "0", "0", "0", "1", "0", "0", "0", "0", "0" ], "duration": 985.0, "sum": 1 }, "geometry": { "type": "Point", "coordinates": [ -122.283664636734059, 47.53290447278922 ] } },
{ "type": "Feature", "properties": { "lat": 47.53298942807843, "lon": -122.28108490773648, "time_of_day": "Morning", "causation": [ "0", "0", "0", "0", "0", "0", "0", "0", "0", "0", "0", "0", "0", "0", "0", "0", "0", "0", "4", "0", "0", "0", "0", "0" ], "duration": 3940.0, "sum": 4 }, "geometry": { "type": "Point", "coordinates": [ -122.281084907736485, 47.53298942807843 ] } },
{ "type": "Feature", "properties": { "lat": 47.533026070072466, "lon": -122.283647271025, "time_of_day": "Morning", "causation": [ "0", "0", "0", "0", "0", "0", "0", "0", "0", "0", "0", "0", "0", "0", "0", "0", "0", "0", "1", "0", "0", "0", "0", "0" ], "duration": 985.0, "sum": 1 }, "geometry": { "type": "Point", "coordinates": [ -122.283647271025004, 47.533026070072466 ] } },
{ "type": "Feature", "properties": { "lat": 47.533042453003887, "lon": -122.28311885770611, "time_of_day": "Morning", "causation": [ "0", "0", "0", "0", "0", "0", "0", "0", "0", "0", "0", "0", "0", "0", "0", "0", "0", "0", "1", "0", "0", "0", "0", "0" ], "duration": 985.0, "sum": 1 }, "geometry": { "type": "Point", "coordinates": [ -122.283118857706114, 47.533042453003887 ] } },
{ "type": "Feature", "properties": { "lat": 47.533064762674108, "lon": -122.28154754705702, "time_of_day": "Morning", "causation": [ "0", "0", "0", "0", "0", "0", "0", "0", "0", "0", "0", "0", "0", "0", "0", "0", "0", "0", "1", "0", "0", "0", "0", "0" ], "duration": 985.0, "sum": 1 }, "geometry": { "type": "Point", "coordinates": [ -122.281547547057016, 47.533064762674108 ] } },
{ "type": "Feature", "properties": { "lat": 47.533077423435181, "lon": -122.2823404884534, "time_of_day": "Morning", "causation": [ "0", "0", "0", "0", "0", "0", "0", "0", "0", "0", "0", "0", "0", "0", "0", "0", "0", "0", "1", "0", "0", "0", "0", "0" ], "duration": 985.0, "sum": 1 }, "geometry": { "type": "Point", "coordinates": [ -122.2823404884534, 47.533077423435181 ] } },
{ "type": "Feature", "properties": { "lat": 47.533133140037272, "lon": -122.28365025086534, "time_of_day": "Morning", "causation": [ "0", "0", "0", "0", "0", "0", "0", "0", "0", "0", "0", "0", "0", "0", "0", "0", "0", "0", "1", "0", "0", "0", "0", "0" ], "duration": 985.0, "sum": 1 }, "geometry": { "type": "Point", "coordinates": [ -122.283650250865335, 47.533133140037272 ] } },
{ "type": "Feature", "properties": { "lat": 47.533135747766913, "lon": -122.28312702028036, "time_of_day": "Morning", "causation": [ "0", "0", "0", "0", "0", "0", "0", "0", "0", "0", "0", "0", "0", "0", "0", "0", "0", "0", "1", "0", "0", "0", "0", "0" ], "duration": 985.0, "sum": 1 }, "geometry": { "type": "Point", "coordinates": [ -122.283127020280361, 47.533135747766913 ] } },
{ "type": "Feature", "properties": { "lat": 47.533142617107828, "lon": -122.28264018518072, "time_of_day": "Morning", "causation": [ "0", "0", "0", "0", "0", "0", "0", "0", "0", "0", "0", "0", "0", "0", "0", "0", "0", "0", "7", "0", "0", "0", "0", "0" ], "duration": 6895.0, "sum": 7 }, "geometry": { "type": "Point", "coordinates": [ -122.282640185180725, 47.533142617107828 ] } },
{ "type": "Feature", "properties": { "lat": 47.533167418791457, "lon": -122.2819674230296, "time_of_day": "Morning", "causation": [ "0", "0", "0", "0", "0", "0", "0", "0", "0", "0", "0", "0", "0", "0", "0", "0", "0", "0", "1", "0", "0", "0", "0", "0" ], "duration": 985.0, "sum": 1 }, "geometry": { "type": "Point", "coordinates": [ -122.281967423029599, 47.533167418791457 ] } },
{ "type": "Feature", "properties": { "lat": 47.533179493093328, "lon": -122.28169244238232, "time_of_day": "Morning", "causation": [ "0", "0", "0", "0", "0", "0", "0", "0", "0", "0", "0", "0", "0", "0", "0", "0", "0", "0", "1", "0", "0", "0", "0", "0" ], "duration": 985.0, "sum": 1 }, "geometry": { "type": "Point", "coordinates": [ -122.281692442382322, 47.533179493093328 ] } },
{ "type": "Feature", "properties": { "lat": 47.53318394337807, "lon": -122.28184743149752, "time_of_day": "Morning", "causation": [ "0", "0", "0", "0", "0", "0", "0", "0", "0", "0", "0", "0", "0", "0", "0", "0", "0", "0", "1", "0", "0", "0", "0", "0" ], "duration": 985.0, "sum": 1 }, "geometry": { "type": "Point", "coordinates": [ -122.281847431497525, 47.53318394337807 ] } },
{ "type": "Feature", "properties": { "lat": 47.533213818907441, "lon": -122.28153043335698, "time_of_day": "Morning", "causation": [ "0", "0", "0", "0", "0", "0", "0", "0", "0", "0", "0", "0", "0", "0", "0", "0", "0", "0", "2", "0", "0", "0", "0", "0" ], "duration": 1970.0, "sum": 2 }, "geometry": { "type": "Point", "coordinates": [ -122.281530433356977, 47.533213818907441 ] } },
{ "type": "Feature", "properties": { "lat": 47.533228679713702, "lon": -122.28108042041742, "time_of_day": "Morning", "causation": [ "0", "0", "0", "0", "0", "0", "0", "0", "0", "0", "0", "0", "0", "0", "0", "0", "0", "0", "4", "0", "0", "0", "0", "0" ], "duration": 3940.0, "sum": 4 }, "geometry": { "type": "Point", "coordinates": [ -122.281080420417425, 47.533228679713702 ] } },
{ "type": "Feature", "properties": { "lat": 47.53323390814527, "lon": -122.28358979322113, "time_of_day": "Morning", "causation": [ "0", "0", "0", "0", "0", "0", "0", "0", "0", "0", "0", "0", "0", "0", "0", "0", "0", "0", "2", "0", "0", "0", "0", "0" ], "duration": 1970.0, "sum": 2 }, "geometry": { "type": "Point", "coordinates": [ -122.283589793221125, 47.53323390814527 ] } },
{ "type": "Feature", "properties": { "lat": 47.533236455440488, "lon": -122.28239984827221, "time_of_day": "Morning", "causation": [ "0", "0", "0", "0", "0", "0", "0", "0", "0", "0", "0", "0", "0", "0", "0", "0", "0", "0", "1", "0", "0", "0", "0", "0" ], "duration": 985.0, "sum": 1 }, "geometry": { "type": "Point", "coordinates": [ -122.282399848272206, 47.533236455440488 ] } },
{ "type": "Feature", "properties": { "lat": 47.533236705104194, "lon": -122.28312223754629, "time_of_day": "Morning", "causation": [ "0", "0", "0", "0", "0", "0", "0", "0", "0", "0", "0", "0", "0", "0", "0", "0", "0", "0", "1", "0", "0", "0", "0", "0" ], "duration": 985.0, "sum": 1 }, "geometry": { "type": "Point", "coordinates": [ -122.283122237546294, 47.533236705104194 ] } },
{ "type": "Feature", "properties": { "lat": 47.533241692427545, "lon": -122.2812897998498, "time_of_day": "Morning", "causation": [ "0", "0", "0", "0", "0", "0", "0", "0", "0", "0", "0", "0", "0", "0", "0", "0", "0", "0", "1", "0", "0", "0", "0", "0" ], "duration": 985.0, "sum": 1 }, "geometry": { "type": "Point", "coordinates": [ -122.281289799849802, 47.533241692427545 ] } },
{ "type": "Feature", "properties": { "lat": 47.533472001345217, "lon": -122.28309538115238, "time_of_day": "Morning", "causation": [ "0", "0", "0", "0", "0", "0", "0", "0", "0", "0", "0", "0", "0", "0", "0", "0", "0", "0", "1", "0", "0", "0", "0", "0" ], "duration": 985.0, "sum": 1 }, "geometry": { "type": "Point", "coordinates": [ -122.283095381152378, 47.533472001345217 ] } },
{ "type": "Feature", "properties": { "lat": 47.533474054410313, "lon": -122.28370326339204, "time_of_day": "Morning", "causation": [ "0", "0", "0", "0", "0", "0", "0", "0", "0", "0", "0", "0", "0", "0", "0", "0", "0", "0", "1", "0", "0", "0", "0", "0" ], "duration": 985.0, "sum": 1 }, "geometry": { "type": "Point", "coordinates": [ -122.283703263392042, 47.533474054410313 ] } },
{ "type": "Feature", "properties": { "lat": 47.533479063804833, "lon": -122.28254848443706, "time_of_day": "Morning", "causation": [ "0", "0", "0", "0", "0", "0", "0", "0", "0", "0", "0", "0", "0", "0", "0", "0", "0", "0", "3", "0", "0", "0", "0", "0" ], "duration": 2955.0, "sum": 3 }, "geometry": { "type": "Point", "coordinates": [ -122.282548484437058, 47.533479063804833 ] } },
{ "type": "Feature", "properties": { "lat": 47.533517060036473, "lon": -122.28125848149134, "time_of_day": "Morning", "causation": [ "0", "0", "0", "0", "0", "0", "0", "0", "0", "0", "0", "0", "0", "0", "0", "0", "0", "0", "1", "0", "0", "0", "0", "0" ], "duration": 985.0, "sum": 1 }, "geometry": { "type": "Point", "coordinates": [ -122.281258481491335, 47.533517060036473 ] } },
{ "type": "Feature", "properties": { "lat": 47.533518808436881, "lon": -122.28152473834062, "time_of_day": "Morning", "causation": [ "0", "0", "0", "0", "0", "0", "0", "0", "0", "0", "0", "0", "0", "0", "0", "0", "0", "0", "1", "0", "0", "0", "0", "0" ], "duration": 985.0, "sum": 1 }, "geometry": { "type": "Point", "coordinates": [ -122.281524738340622, 47.533518808436881 ] } },
{ "type": "Feature", "properties": { "lat": 47.533532379954728, "lon": -122.2828097825259, "time_of_day": "Morning", "causation": [ "0", "0", "0", "0", "0", "0", "0", "0", "0", "0", "0", "0", "0", "0", "0", "0", "0", "0", "1", "0", "0", "0", "0", "0" ], "duration": 985.0, "sum": 1 }, "geometry": { "type": "Point", "coordinates": [ -122.282809782525902, 47.533532379954728 ] } },
{ "type": "Feature", "properties": { "lat": 47.533576855344421, "lon": -122.28169994376748, "time_of_day": "Morning", "causation": [ "0", "0", "0", "0", "0", "0", "0", "0", "0", "0", "0", "0", "0", "0", "0", "0", "0", "0", "4", "0", "0", "0", "0", "0" ], "duration": 3940.0, "sum": 4 }, "geometry": { "type": "Point", "coordinates": [ -122.281699943767478, 47.533576855344421 ] } },
{ "type": "Feature", "properties": { "lat": 47.533581717982962, "lon": -122.28307565900704, "time_of_day": "Morning", "causation": [ "0", "0", "0", "0", "0", "0", "0", "0", "0", "0", "0", "0", "0", "0", "0", "0", "0", "0", "1", "0", "0", "0", "0", "0" ], "duration": 985.0, "sum": 1 }, "geometry": { "type": "Point", "coordinates": [ -122.283075659007039, 47.533581717982962 ] } },
{ "type": "Feature", "properties": { "lat": 47.533581839748486, "lon": -122.28374422080395, "time_of_day": "Morning", "causation": [ "0", "0", "0", "0", "0", "0", "0", "0", "0", "0", "0", "0", "0", "0", "0", "0", "0", "0", "1", "0", "0", "0", "0", "0" ], "duration": 985.0, "sum": 1 }, "geometry": { "type": "Point", "coordinates": [ -122.283744220803953, 47.533581839748486 ] } },
{ "type": "Feature", "properties": { "lat": 47.533611646045117, "lon": -122.28117203593644, "time_of_day": "Morning", "causation": [ "0", "0", "0", "0", "0", "0", "0", "0", "0", "0", "0", "0", "0", "0", "0", "0", "0", "0", "6", "0", "0", "0", "0", "0" ], "duration": 5910.0, "sum": 6 }, "geometry": { "type": "Point", "coordinates": [ -122.281172035936436, 47.533611646045117 ] } },
{ "type": "Feature", "properties": { "lat": 47.533656361112072, "lon": -122.28310506503487, "time_of_day": "Morning", "causation": [ "0", "0", "0", "0", "0", "0", "0", "0", "0", "0", "0", "0", "0", "0", "0", "0", "0", "0", "1", "0", "0", "0", "0", "0" ], "duration": 985.0, "sum": 1 }, "geometry": { "type": "Point", "coordinates": [ -122.283105065034874, 47.533656361112072 ] } },
{ "type": "Feature", "properties": { "lat": 47.533660315396816, "lon": -122.28261375104454, "time_of_day": "Morning", "causation": [ "0", "0", "0", "0", "0", "0", "0", "0", "0", "0", "0", "0", "0", "0", "0", "0", "0", "0", "6", "0", "0", "0", "0", "0" ], "duration": 5910.0, "sum": 6 }, "geometry": { "type": "Point", "coordinates": [ -122.282613751044536, 47.533660315396816 ] } },
{ "type": "Feature", "properties": { "lat": 47.533704907323362, "lon": -122.28379623187834, "time_of_day": "Morning", "causation": [ "0", "0", "0", "0", "0", "0", "0", "0", "0", "0", "0", "0", "0", "0", "0", "0", "0", "0", "1", "0", "0", "0", "0", "0" ], "duration": 985.0, "sum": 1 }, "geometry": { "type": "Point", "coordinates": [ -122.283796231878341, 47.533704907323362 ] } },
{ "type": "Feature", "properties": { "lat": 47.533743663122927, "lon": -122.28312621960308, "time_of_day": "Morning", "causation": [ "0", "0", "0", "0", "0", "0", "0", "0", "0", "0", "0", "0", "0", "0", "0", "0", "0", "0", "2", "0", "0", "0", "0", "0" ], "duration": 1970.0, "sum": 2 }, "geometry": { "type": "Point", "coordinates": [ -122.283126219603076, 47.533743663122927 ] } },
{ "type": "Feature", "properties": { "lat": 47.533790996746717, "lon": -122.28170589556036, "time_of_day": "Morning", "causation": [ "0", "0", "0", "0", "0", "0", "0", "0", "0", "0", "0", "0", "0", "0", "0", "0", "0", "0", "5", "0", "0", "0", "0", "0" ], "duration": 4925.0, "sum": 5 }, "geometry": { "type": "Point", "coordinates": [ -122.281705895560364, 47.533790996746717 ] } },
{ "type": "Feature", "properties": { "lat": 47.53381288638726, "lon": -122.28382201198131, "time_of_day": "Morning", "causation": [ "0", "0", "0", "0", "0", "0", "0", "0", "0", "0", "0", "0", "0", "0", "0", "0", "0", "0", "1", "0", "0", "0", "0", "0" ], "duration": 985.0, "sum": 1 }, "geometry": { "type": "Point", "coordinates": [ -122.283822011981314, 47.53381288638726 ] } },
{ "type": "Feature", "properties": { "lat": 47.533821353280139, "lon": -122.2831653265166, "time_of_day": "Morning", "causation": [ "0", "0", "0", "0", "0", "0", "0", "0", "0", "0", "0", "0", "0", "0", "0", "0", "0", "0", "1", "0", "0", "0", "0", "0" ], "duration": 985.0, "sum": 1 }, "geometry": { "type": "Point", "coordinates": [ -122.283165326516595, 47.533821353280139 ] } },
{ "type": "Feature", "properties": { "lat": 47.533899327328506, "lon": -122.28328532485018, "time_of_day": "Morning", "causation": [ "0", "0", "0", "0", "0", "0", "0", "0", "0", "0", "0", "0", "0", "0", "0", "0", "0", "0", "1", "0", "0", "0", "0", "0" ], "duration": 985.0, "sum": 1 }, "geometry": { "type": "Point", "coordinates": [ -122.283285324850183, 47.533899327328506 ] } },
{ "type": "Feature", "properties": { "lat": 47.533912307583016, "lon": -122.2817143282976, "time_of_day": "Morning", "causation": [ "0", "0", "0", "0", "0", "0", "0", "0", "0", "0", "0", "0", "0", "0", "0", "0", "0", "0", "4", "0", "0", "0", "0", "0" ], "duration": 3940.0, "sum": 4 }, "geometry": { "type": "Point", "coordinates": [ -122.281714328297596, 47.533912307583016 ] } },
{ "type": "Feature", "properties": { "lat": 47.533912992309567, "lon": -122.28116978027906, "time_of_day": "Morning", "causation": [ "0", "0", "0", "0", "0", "0", "0", "0", "0", "0", "0", "0", "0", "0", "0", "0", "0", "0", "6", "0", "0", "0", "0", "0" ], "duration": 5910.0, "sum": 6 }, "geometry": { "type": "Point", "coordinates": [ -122.281169780279058, 47.533912992309567 ] } },
{ "type": "Feature", "properties": { "lat": 47.533923050685679, "lon": -122.28386455443628, "time_of_day": "Morning", "causation": [ "0", "0", "0", "0", "0", "0", "0", "0", "0", "0", "0", "0", "0", "0", "0", "0", "0", "0", "1", "0", "0", "0", "0", "0" ], "duration": 985.0, "sum": 1 }, "geometry": { "type": "Point", "coordinates": [ -122.283864554436278, 47.533923050685679 ] } },
{ "type": "Feature", "properties": { "lat": 47.533982476648418, "lon": -122.28156039858288, "time_of_day": "Morning", "causation": [ "0", "0", "0", "0", "0", "0", "0", "0", "0", "0", "0", "0", "0", "0", "0", "0", "0", "0", "1", "0", "0", "0", "0", "0" ], "duration": 985.0, "sum": 1 }, "geometry": { "type": "Point", "coordinates": [ -122.281560398582883, 47.533982476648418 ] } },
{ "type": "Feature", "properties": { "lat": 47.533983415682641, "lon": -122.28320678101343, "time_of_day": "Morning", "causation": [ "0", "0", "0", "0", "0", "0", "0", "0", "0", "0", "0", "0", "0", "0", "0", "0", "0", "0", "1", "0", "0", "0", "0", "0" ], "duration": 985.0, "sum": 1 }, "geometry": { "type": "Point", "coordinates": [ -122.283206781013433, 47.533983415682641 ] } },
{ "type": "Feature", "properties": { "lat": 47.533996286238221, "lon": -122.28128698009677, "time_of_day": "Morning", "causation": [ "0", "0", "0", "0", "0", "0", "0", "0", "0", "0", "0", "0", "0", "0", "0", "0", "0", "0", "1", "0", "0", "0", "0", "0" ], "duration": 985.0, "sum": 1 }, "geometry": { "type": "Point", "coordinates": [ -122.281286980096766, 47.533996286238221 ] } },
{ "type": "Feature", "properties": { "lat": 47.534031819009122, "lon": -122.28275415194764, "time_of_day": "Morning", "causation": [ "0", "0", "0", "0", "0", "0", "0", "0", "0", "0", "0", "0", "0", "0", "0", "0", "0", "0", "5", "0", "0", "0", "0", "0" ], "duration": 4925.0, "sum": 5 }, "geometry": { "type": "Point", "coordinates": [ -122.282754151947643, 47.534031819009122 ] } },
{ "type": "Feature", "properties": { "lat": 47.53404187088659, "lon": -122.28294017193164, "time_of_day": "Morning", "causation": [ "0", "0", "0", "0", "0", "0", "0", "0", "0", "0", "0", "0", "0", "0", "0", "0", "0", "0", "1", "0", "0", "0", "0", "0" ], "duration": 985.0, "sum": 1 }, "geometry": { "type": "Point", "coordinates": [ -122.282940171931642, 47.53404187088659 ] } },
{ "type": "Feature", "properties": { "lat": 47.534047666179383, "lon": -122.28388927956522, "time_of_day": "Morning", "causation": [ "0", "0", "0", "0", "0", "0", "0", "0", "0", "0", "0", "0", "0", "0", "0", "0", "0", "0", "2", "0", "0", "0", "0", "0" ], "duration": 1970.0, "sum": 2 }, "geometry": { "type": "Point", "coordinates": [ -122.283889279565216, 47.534047666179383 ] } },
{ "type": "Feature", "properties": { "lat": 47.534065242086889, "lon": -122.28333385502825, "time_of_day": "Morning", "causation": [ "0", "0", "0", "0", "0", "0", "0", "0", "0", "0", "0", "0", "0", "0", "0", "0", "0", "0", "1", "0", "0", "0", "0", "0" ], "duration": 985.0, "sum": 1 }, "geometry": { "type": "Point", "coordinates": [ -122.283333855028246, 47.534065242086889 ] } },
{ "type": "Feature", "properties": { "lat": 47.534161617787952, "lon": -122.28391370796788, "time_of_day": "Morning", "causation": [ "0", "0", "0", "0", "0", "0", "0", "0", "0", "0", "0", "0", "0", "0", "0", "0", "0", "0", "1", "0", "0", "0", "0", "0" ], "duration": 985.0, "sum": 1 }, "geometry": { "type": "Point", "coordinates": [ -122.283913707967884, 47.534161617787952 ] } },
{ "type": "Feature", "properties": { "lat": 47.534201787275997, "lon": -122.28335346115379, "time_of_day": "Morning", "causation": [ "0", "0", "0", "0", "0", "0", "0", "0", "0", "0", "0", "0", "0", "0", "0", "0", "0", "0", "1", "0", "0", "0", "0", "0" ], "duration": 985.0, "sum": 1 }, "geometry": { "type": "Point", "coordinates": [ -122.283353461153794, 47.534201787275997 ] } },
{ "type": "Feature", "properties": { "lat": 47.534241046647388, "lon": -122.28300087817986, "time_of_day": "Morning", "causation": [ "0", "0", "0", "0", "0", "0", "0", "0", "0", "0", "0", "0", "0", "0", "0", "0", "0", "0", "1", "0", "0", "0", "0", "0" ], "duration": 985.0, "sum": 1 }, "geometry": { "type": "Point", "coordinates": [ -122.283000878179863, 47.534241046647388 ] } },
{ "type": "Feature", "properties": { "lat": 47.53425181726282, "lon": -122.28275774049681, "time_of_day": "Morning", "causation": [ "0", "0", "0", "0", "0", "0", "0", "0", "0", "0", "0", "0", "0", "0", "0", "0", "0", "0", "6", "0", "0", "0", "0", "0" ], "duration": 5910.0, "sum": 6 }, "geometry": { "type": "Point", "coordinates": [ -122.282757740496805, 47.53425181726282 ] } },
{ "type": "Feature", "properties": { "lat": 47.53428308620434, "lon": -122.28390646097492, "time_of_day": "Morning", "causation": [ "0", "0", "0", "0", "0", "0", "0", "0", "0", "0", "0", "0", "0", "0", "0", "0", "0", "0", "1", "0", "0", "0", "0", "0" ], "duration": 985.0, "sum": 1 }, "geometry": { "type": "Point", "coordinates": [ -122.283906460974919, 47.53428308620434 ] } },
{ "type": "Feature", "properties": { "lat": 47.534285595134122, "lon": -122.28329363512618, "time_of_day": "Morning", "causation": [ "0", "0", "0", "0", "0", "0", "0", "0", "0", "0", "0", "0", "0", "0", "0", "0", "0", "0", "1", "0", "0", "0", "0", "0" ], "duration": 985.0, "sum": 1 }, "geometry": { "type": "Point", "coordinates": [ -122.283293635126185, 47.534285595134122 ] } },
{ "type": "Feature", "properties": { "lat": 47.53433601490002, "lon": -122.28175806259613, "time_of_day": "Morning", "causation": [ "0", "0", "0", "0", "0", "0", "0", "0", "0", "0", "0", "0", "0", "0", "0", "0", "0", "0", "4", "0", "0", "0", "0", "0" ], "duration": 3940.0, "sum": 4 }, "geometry": { "type": "Point", "coordinates": [ -122.281758062596126, 47.53433601490002 ] } },
{ "type": "Feature", "properties": { "lat": 47.534353813493773, "lon": -122.28153579712604, "time_of_day": "Morning", "causation": [ "0", "0", "0", "0", "0", "0", "0", "0", "0", "0", "0", "0", "0", "0", "0", "0", "0", "0", "1", "0", "0", "0", "0", "0" ], "duration": 985.0, "sum": 1 }, "geometry": { "type": "Point", "coordinates": [ -122.28153579712604, 47.534353813493773 ] } },
{ "type": "Feature", "properties": { "lat": 47.53437138123828, "lon": -122.28339330817823, "time_of_day": "Morning", "causation": [ "0", "0", "0", "0", "0", "0", "0", "0", "0", "0", "0", "0", "0", "0", "0", "0", "0", "0", "1", "0", "0", "0", "0", "0" ], "duration": 985.0, "sum": 1 }, "geometry": { "type": "Point", "coordinates": [ -122.283393308178233, 47.53437138123828 ] } },
{ "type": "Feature", "properties": { "lat": 47.534388159136455, "lon": -122.2812680083729, "time_of_day": "Morning", "causation": [ "0", "0", "0", "0", "0", "0", "0", "0", "0", "0", "0", "0", "0", "0", "0", "0", "0", "0", "1", "0", "0", "0", "0", "0" ], "duration": 985.0, "sum": 1 }, "geometry": { "type": "Point", "coordinates": [ -122.281268008372905, 47.534388159136455 ] } },
{ "type": "Feature", "properties": { "lat": 47.534390021071331, "lon": -122.2839200659302, "time_of_day": "Morning", "causation": [ "0", "0", "0", "0", "0", "0", "0", "0", "0", "0", "0", "0", "0", "0", "0", "0", "0", "0", "1", "0", "0", "0", "0", "0" ], "duration": 985.0, "sum": 1 }, "geometry": { "type": "Point", "coordinates": [ -122.283920065930204, 47.534390021071331 ] } },
{ "type": "Feature", "properties": { "lat": 47.534425782495632, "lon": -122.28111620910521, "time_of_day": "Morning", "causation": [ "0", "0", "0", "0", "0", "0", "0", "0", "0", "0", "0", "0", "0", "0", "0", "0", "0", "0", "4", "0", "0", "0", "0", "0" ], "duration": 3940.0, "sum": 4 }, "geometry": { "type": "Point", "coordinates": [ -122.281116209105207, 47.534425782495632 ] } },
{ "type": "Feature", "properties": { "lat": 47.534454250024822, "lon": -122.2833119928318, "time_of_day": "Morning", "causation": [ "0", "0", "0", "0", "0", "0", "0", "0", "0", "0", "0", "0", "0", "0", "0", "0", "0", "0", "1", "0", "0", "0", "0", "0" ], "duration": 985.0, "sum": 1 }, "geometry": { "type": "Point", "coordinates": [ -122.283311992831798, 47.534454250024822 ] } },
{ "type": "Feature", "properties": { "lat": 47.534496962395799, "lon": -122.283933165012, "time_of_day": "Morning", "causation": [ "0", "0", "0", "0", "0", "0", "0", "0", "0", "0", "0", "0", "0", "0", "0", "0", "0", "0", "1", "0", "0", "0", "0", "0" ], "duration": 985.0, "sum": 1 }, "geometry": { "type": "Point", "coordinates": [ -122.283933165012002, 47.534496962395799 ] } },
{ "type": "Feature", "properties": { "lat": 47.534537648099047, "lon": -122.28165731121042, "time_of_day": "Morning", "causation": [ "0", "0", "0", "0", "0", "0", "0", "0", "0", "0", "0", "0", "0", "0", "0", "0", "0", "0", "4", "0", "0", "0", "0", "0" ], "duration": 3940.0, "sum": 4 }, "geometry": { "type": "Point", "coordinates": [ -122.281657311210424, 47.534537648099047 ] } },
{ "type": "Feature", "properties": { "lat": 47.534554166816982, "lon": -122.28115115478332, "time_of_day": "Morning", "causation": [ "0", "0", "0", "0", "0", "0", "0", "0", "0", "0", "0", "0", "0", "0", "0", "0", "0", "0", "4", "0", "0", "0", "0", "0" ], "duration": 3940.0, "sum": 4 }, "geometry": { "type": "Point", "coordinates": [ -122.281151154783316, 47.534554166816982 ] } },
{ "type": "Feature", "properties": { "lat": 47.534613818337533, "lon": -122.28284372590066, "time_of_day": "Morning", "causation": [ "0", "0", "0", "0", "0", "0", "0", "0", "0", "0", "0", "0", "0", "0", "0", "0", "0", "0", "3", "0", "0", "0", "0", "0" ], "duration": 2955.0, "sum": 3 }, "geometry": { "type": "Point", "coordinates": [ -122.282843725900662, 47.534613818337533 ] } },
{ "type": "Feature", "properties": { "lat": 47.534622219808369, "lon": -122.28342092534248, "time_of_day": "Morning", "causation": [ "0", "0", "0", "0", "0", "0", "0", "0", "0", "0", "0", "0", "0", "0", "0", "0", "0", "0", "2", "0", "0", "0", "0", "0" ], "duration": 1970.0, "sum": 2 }, "geometry": { "type": "Point", "coordinates": [ -122.283420925342483, 47.534622219808369 ] } },
{ "type": "Feature", "properties": { "lat": 47.534624134410649, "lon": -122.28303582865691, "time_of_day": "Morning", "causation": [ "0", "0", "0", "0", "0", "0", "0", "0", "0", "0", "0", "0", "0", "0", "0", "0", "0", "0", "1", "0", "0", "0", "0", "0" ], "duration": 985.0, "sum": 1 }, "geometry": { "type": "Point", "coordinates": [ -122.283035828656907, 47.534624134410649 ] } },
{ "type": "Feature", "properties": { "lat": 47.534625511319597, "lon": -122.283931682332, "time_of_day": "Morning", "causation": [ "0", "0", "0", "0", "0", "0", "0", "0", "0", "0", "0", "0", "0", "0", "0", "0", "0", "0", "1", "0", "0", "0", "0", "0" ], "duration": 985.0, "sum": 1 }, "geometry": { "type": "Point", "coordinates": [ -122.283931682331996, 47.534625511319597 ] } },
{ "type": "Feature", "properties": { "lat": 47.534629398592763, "lon": -122.28327131643006, "time_of_day": "Morning", "causation": [ "0", "0", "0", "0", "0", "0", "0", "0", "0", "0", "0", "0", "0", "0", "0", "0", "0", "0", "1", "0", "0", "0", "0", "0" ], "duration": 985.0, "sum": 1 }, "geometry": { "type": "Point", "coordinates": [ -122.28327131643006, 47.534629398592763 ] } },
{ "type": "Feature", "properties": { "lat": 47.534778216407112, "lon": -122.28167057688722, "time_of_day": "Morning", "causation": [ "0", "0", "0", "0", "0", "0", "0", "0", "0", "0", "0", "0", "0", "0", "0", "0", "0", "0", "6", "0", "0", "0", "0", "0" ], "duration": 5910.0, "sum": 6 }, "geometry": { "type": "Point", "coordinates": [ -122.281670576887223, 47.534778216407112 ] } },
{ "type": "Feature", "properties": { "lat": 47.534811868187781, "lon": -122.28117147360624, "time_of_day": "Morning", "causation": [ "0", "0", "0", "0", "0", "0", "0", "0", "0", "0", "0", "0", "0", "0", "0", "0", "0", "0", "5", "0", "0", "0", "0", "0" ], "duration": 4925.0, "sum": 5 }, "geometry": { "type": "Point", "coordinates": [ -122.281171473606236, 47.534811868187781 ] } },
{ "type": "Feature", "properties": { "lat": 47.534892745828039, "lon": -122.28384953938084, "time_of_day": "Morning", "causation": [ "0", "0", "0", "0", "0", "0", "0", "0", "0", "0", "0", "0", "0", "0", "0", "0", "0", "0", "1", "0", "0", "0", "0", "0" ], "duration": 985.0, "sum": 1 }, "geometry": { "type": "Point", "coordinates": [ -122.283849539380839, 47.534892745828039 ] } },
{ "type": "Feature", "properties": { "lat": 47.534905433688081, "lon": -122.28284525809153, "time_of_day": "Morning", "causation": [ "0", "0", "0", "0", "0", "0", "0", "0", "0", "0", "0", "0", "0", "0", "0", "0", "0", "0", "3", "0", "0", "0", "0", "0" ], "duration": 2955.0, "sum": 3 }, "geometry": { "type": "Point", "coordinates": [ -122.282845258091527, 47.534905433688081 ] } },
{ "type": "Feature", "properties": { "lat": 47.534912033062952, "lon": -122.283271588899, "time_of_day": "Morning", "causation": [ "0", "0", "0", "0", "0", "0", "0", "0", "0", "0", "0", "0", "0", "0", "0", "0", "0", "0", "1", "0", "0", "0", "0", "0" ], "duration": 985.0, "sum": 1 }, "geometry": { "type": "Point", "coordinates": [ -122.283271588898998, 47.534912033062952 ] } },
{ "type": "Feature", "properties": { "lat": 47.534912894337708, "lon": -122.28343913631733, "time_of_day": "Morning", "causation": [ "0", "0", "0", "0", "0", "0", "0", "0", "0", "0", "0", "0", "0", "0", "0", "0", "0", "0", "2", "0", "0", "0", "0", "0" ], "duration": 1970.0, "sum": 2 }, "geometry": { "type": "Point", "coordinates": [ -122.283439136317327, 47.534912894337708 ] } },
{ "type": "Feature", "properties": { "lat": 47.534938107915522, "lon": -122.28307359001484, "time_of_day": "Morning", "causation": [ "0", "0", "0", "0", "0", "0", "0", "0", "0", "0", "0", "0", "0", "0", "0", "0", "0", "0", "1", "0", "0", "0", "0", "0" ], "duration": 985.0, "sum": 1 }, "geometry": { "type": "Point", "coordinates": [ -122.283073590014837, 47.534938107915522 ] } },
{ "type": "Feature", "properties": { "lat": 47.535012010283339, "lon": -122.28384374913084, "time_of_day": "Morning", "causation": [ "0", "0", "0", "0", "0", "0", "0", "0", "0", "0", "0", "0", "0", "0", "0", "0", "0", "0", "1", "0", "0", "0", "0", "0" ], "duration": 985.0, "sum": 1 }, "geometry": { "type": "Point", "coordinates": [ -122.283843749130838, 47.535012010283339 ] } },
{ "type": "Feature", "properties": { "lat": 47.535025603463126, "lon": -122.28120929726472, "time_of_day": "Morning", "causation": [ "0", "0", "0", "0", "0", "0", "0", "0", "0", "0", "0", "0", "0", "0", "0", "0", "0", "0", "4", "0", "0", "0", "0", "0" ], "duration": 3940.0, "sum": 4 }, "geometry": { "type": "Point", "coordinates": [ -122.281209297264724, 47.535025603463126 ] } },
{ "type": "Feature", "properties": { "lat": 47.53505642997046, "lon": -122.28168488900312, "time_of_day": "Morning", "causation": [ "0", "0", "0", "0", "0", "0", "0", "0", "0", "0", "0", "0", "0", "0", "0", "0", "0", "0", "4", "0", "0", "0", "0", "0" ], "duration": 3940.0, "sum": 4 }, "geometry": { "type": "Point", "coordinates": [ -122.281684889003117, 47.53505642997046 ] } },
{ "type": "Feature", "properties": { "lat": 47.53509283535081, "lon": -122.2833778790724, "time_of_day": "Morning", "causation": [ "0", "0", "0", "0", "0", "0", "0", "0", "0", "0", "0", "0", "0", "0", "0", "0", "0", "0", "1", "0", "0", "0", "0", "0" ], "duration": 985.0, "sum": 1 }, "geometry": { "type": "Point", "coordinates": [ -122.283377879072404, 47.53509283535081 ] } },
{ "type": "Feature", "properties": { "lat": 47.53510056843583, "lon": -122.28283651482676, "time_of_day": "Morning", "causation": [ "0", "0", "0", "0", "0", "0", "0", "0", "0", "0", "0", "0", "0", "0", "0", "0", "0", "0", "6", "0", "0", "0", "0", "0" ], "duration": 5910.0, "sum": 6 }, "geometry": { "type": "Point", "coordinates": [ -122.282836514826755, 47.53510056843583 ] } },
{ "type": "Feature", "properties": { "lat": 47.535142352563405, "lon": -122.28383269994146, "time_of_day": "Morning", "causation": [ "0", "0", "0", "0", "0", "0", "0", "0", "0", "0", "0", "0", "0", "0", "0", "0", "0", "0", "1", "0", "0", "0", "0", "0" ], "duration": 985.0, "sum": 1 }, "geometry": { "type": "Point", "coordinates": [ -122.283832699941456, 47.535142352563405 ] } },
{ "type": "Feature", "properties": { "lat": 47.535176052689472, "lon": -122.28337126685496, "time_of_day": "Morning", "causation": [ "0", "0", "0", "0", "0", "0", "0", "0", "0", "0", "0", "0", "0", "0", "0", "0", "0", "0", "1", "0", "0", "0", "0", "0" ], "duration": 985.0, "sum": 1 }, "geometry": { "type": "Point", "coordinates": [ -122.283371266854957, 47.535176052689472 ] } },
{ "type": "Feature", "properties": { "lat": 47.535230655663241, "lon": -122.28118209712264, "time_of_day": "Morning", "causation": [ "0", "0", "0", "0", "0", "0", "0", "0", "0", "0", "0", "0", "0", "0", "0", "0", "0", "0", "4", "0", "0", "0", "0", "0" ], "duration": 3940.0, "sum": 4 }, "geometry": { "type": "Point", "coordinates": [ -122.281182097122638, 47.535230655663241 ] } },
{ "type": "Feature", "properties": { "lat": 47.535238126349256, "lon": -122.28134223736514, "time_of_day": "Morning", "causation": [ "0", "0", "0", "0", "0", "0", "0", "0", "0", "0", "0", "0", "0", "0", "0", "0", "0", "0", "1", "0", "0", "0", "0", "0" ], "duration": 985.0, "sum": 1 }, "geometry": { "type": "Point", "coordinates": [ -122.281342237365138, 47.535238126349256 ] } },
{ "type": "Feature", "properties": { "lat": 47.535260695436378, "lon": -122.2833713912145, "time_of_day": "Morning", "causation": [ "0", "0", "0", "0", "0", "0", "0", "0", "0", "0", "0", "0", "0", "0", "0", "0", "0", "0", "1", "0", "0", "0", "0", "0" ], "duration": 985.0, "sum": 1 }, "geometry": { "type": "Point", "coordinates": [ -122.283371391214502, 47.535260695436378 ] } },
{ "type": "Feature", "properties": { "lat": 47.53526125045061, "lon": -122.28300294168862, "time_of_day": "Morning", "causation": [ "0", "0", "0", "0", "0", "0", "0", "0", "0", "0", "0", "0", "0", "0", "0", "0", "0", "0", "1", "0", "0", "0", "0", "0" ], "duration": 985.0, "sum": 1 }, "geometry": { "type": "Point", "coordinates": [ -122.283002941688622, 47.53526125045061 ] } },
{ "type": "Feature", "properties": { "lat": 47.535262086781778, "lon": -122.28155648425188, "time_of_day": "Morning", "causation": [ "0", "0", "0", "0", "0", "0", "0", "0", "0", "0", "0", "0", "0", "0", "0", "0", "0", "0", "1", "0", "0", "0", "0", "0" ], "duration": 985.0, "sum": 1 }, "geometry": { "type": "Point", "coordinates": [ -122.28155648425188, 47.535262086781778 ] } },
{ "type": "Feature", "properties": { "lat": 47.535262476359485, "lon": -122.28169061590737, "time_of_day": "Morning", "causation": [ "0", "0", "0", "0", "0", "0", "0", "0", "0", "0", "0", "0", "0", "0", "0", "0", "0", "0", "4", "0", "0", "0", "0", "0" ], "duration": 3940.0, "sum": 4 }, "geometry": { "type": "Point", "coordinates": [ -122.281690615907365, 47.535262476359485 ] } },
{ "type": "Feature", "properties": { "lat": 47.535326386022213, "lon": -122.28379059579572, "time_of_day": "Morning", "causation": [ "0", "0", "0", "0", "0", "0", "0", "0", "0", "0", "0", "0", "0", "0", "0", "0", "0", "0", "1", "0", "0", "0", "0", "0" ], "duration": 985.0, "sum": 1 }, "geometry": { "type": "Point", "coordinates": [ -122.283790595795722, 47.535326386022213 ] } },
{ "type": "Feature", "properties": { "lat": 47.535336504765681, "lon": -122.28393293446013, "time_of_day": "Morning", "causation": [ "0", "0", "0", "0", "0", "0", "0", "0", "0", "0", "0", "0", "0", "0", "0", "0", "0", "0", "1", "0", "0", "0", "0", "0" ], "duration": 985.0, "sum": 1 }, "geometry": { "type": "Point", "coordinates": [ -122.283932934460125, 47.535336504765681 ] } },
{ "type": "Feature", "properties": { "lat": 47.535345205408241, "lon": -122.28407622164582, "time_of_day": "Morning", "causation": [ "0", "0", "0", "0", "0", "0", "0", "0", "0", "0", "0", "0", "0", "0", "0", "0", "0", "0", "1", "0", "0", "0", "0", "0" ], "duration": 985.0, "sum": 1 }, "geometry": { "type": "Point", "coordinates": [ -122.284076221645819, 47.535345205408241 ] } },
{ "type": "Feature", "properties": { "lat": 47.535345594156972, "lon": -122.28335143591164, "time_of_day": "Morning", "causation": [ "0", "0", "0", "0", "0", "0", "0", "0", "0", "0", "0", "0", "0", "0", "0", "0", "0", "0", "2", "0", "0", "0", "0", "0" ], "duration": 1970.0, "sum": 2 }, "geometry": { "type": "Point", "coordinates": [ -122.283351435911641, 47.535345594156972 ] } },
{ "type": "Feature", "properties": { "lat": 47.535356672144111, "lon": -122.28422269548696, "time_of_day": "Morning", "causation": [ "0", "0", "0", "0", "0", "0", "0", "0", "0", "0", "0", "0", "0", "0", "0", "0", "0", "0", "1", "0", "0", "0", "0", "0" ], "duration": 985.0, "sum": 1 }, "geometry": { "type": "Point", "coordinates": [ -122.28422269548696, 47.535356672144111 ] } },
{ "type": "Feature", "properties": { "lat": 47.53541539113705, "lon": -122.28279212968511, "time_of_day": "Morning", "causation": [ "0", "0", "0", "0", "0", "0", "0", "0", "0", "0", "0", "0", "0", "0", "0", "0", "0", "0", "5", "0", "0", "0", "0", "0" ], "duration": 4925.0, "sum": 5 }, "geometry": { "type": "Point", "coordinates": [ -122.282792129685106, 47.53541539113705 ] } },
{ "type": "Feature", "properties": { "lat": 47.53547068696232, "lon": -122.28333012912452, "time_of_day": "Morning", "causation": [ "0", "0", "0", "0", "0", "0", "0", "0", "0", "0", "0", "0", "0", "0", "0", "0", "0", "0", "1", "0", "0", "0", "0", "0" ], "duration": 985.0, "sum": 1 }, "geometry": { "type": "Point", "coordinates": [ -122.283330129124522, 47.53547068696232 ] } },
{ "type": "Feature", "properties": { "lat": 47.535475394752623, "lon": -122.28298511153751, "time_of_day": "Morning", "causation": [ "0", "0", "0", "0", "0", "0", "0", "0", "0", "0", "0", "0", "0", "0", "0", "0", "0", "0", "1", "0", "0", "0", "0", "0" ], "duration": 985.0, "sum": 1 }, "geometry": { "type": "Point", "coordinates": [ -122.282985111537513, 47.535475394752623 ] } },
{ "type": "Feature", "properties": { "lat": 47.535539852929119, "lon": -122.2837724017904, "time_of_day": "Morning", "causation": [ "0", "0", "0", "0", "0", "0", "0", "0", "0", "0", "0", "0", "0", "0", "0", "0", "0", "0", "1", "0", "0", "0", "0", "0" ], "duration": 985.0, "sum": 1 }, "geometry": { "type": "Point", "coordinates": [ -122.283772401790401, 47.535539852929119 ] } },
{ "type": "Feature", "properties": { "lat": 47.535558278838032, "lon": -122.28332070301558, "time_of_day": "Morning", "causation": [ "0", "0", "0", "0", "0", "0", "0", "0", "0", "0", "0", "0", "0", "0", "0", "0", "0", "0", "1", "0", "0", "0", "0", "0" ], "duration": 985.0, "sum": 1 }, "geometry": { "type": "Point", "coordinates": [ -122.283320703015576, 47.535558278838032 ] } },
{ "type": "Feature", "properties": { "lat": 47.53557638947909, "lon": -122.2815439663719, "time_of_day": "Morning", "causation": [ "0", "0", "0", "0", "0", "0", "0", "0", "0", "0", "0", "0", "0", "0", "0", "0", "0", "0", "1", "0", "0", "0", "0", "0" ], "duration": 985.0, "sum": 1 }, "geometry": { "type": "Point", "coordinates": [ -122.281543966371899, 47.53557638947909 ] } },
{ "type": "Feature", "properties": { "lat": 47.535583515446163, "lon": -122.28172990620504, "time_of_day": "Morning", "causation": [ "0", "0", "0", "0", "0", "0", "0", "0", "0", "0", "0", "0", "0", "0", "0", "0", "0", "0", "4", "0", "0", "0", "0", "0" ], "duration": 3940.0, "sum": 4 }, "geometry": { "type": "Point", "coordinates": [ -122.281729906205044, 47.535583515446163 ] } },
{ "type": "Feature", "properties": { "lat": 47.535591098704138, "lon": -122.28411090398554, "time_of_day": "Morning", "causation": [ "0", "0", "0", "0", "0", "0", "0", "0", "0", "0", "0", "0", "0", "0", "0", "0", "0", "0", "1", "0", "0", "0", "0", "0" ], "duration": 985.0, "sum": 1 }, "geometry": { "type": "Point", "coordinates": [ -122.284110903985535, 47.535591098704138 ] } },
{ "type": "Feature", "properties": { "lat": 47.535611471272396, "lon": -122.28375010149196, "time_of_day": "Morning", "causation": [ "0", "0", "0", "0", "0", "0", "0", "0", "0", "0", "0", "0", "0", "0", "0", "0", "0", "0", "1", "0", "0", "0", "0", "0" ], "duration": 985.0, "sum": 1 }, "geometry": { "type": "Point", "coordinates": [ -122.283750101491961, 47.535611471272396 ] } },
{ "type": "Feature", "properties": { "lat": 47.535646106905816, "lon": -122.28329283232672, "time_of_day": "Morning", "causation": [ "0", "0", "0", "0", "0", "0", "0", "0", "0", "0", "0", "0", "0", "0", "0", "0", "0", "0", "1", "0", "0", "0", "0", "0" ], "duration": 985.0, "sum": 1 }, "geometry": { "type": "Point", "coordinates": [ -122.283292832326723, 47.535646106905816 ] } },
{ "type": "Feature", "properties": { "lat": 47.535681260279297, "lon": -122.28272968039296, "time_of_day": "Morning", "causation": [ "0", "0", "0", "0", "0", "0", "0", "0", "0", "0", "0", "0", "0", "0", "0", "0", "0", "0", "6", "0", "0", "0", "0", "0" ], "duration": 5910.0, "sum": 6 }, "geometry": { "type": "Point", "coordinates": [ -122.282729680392961, 47.535681260279297 ] } },
{ "type": "Feature", "properties": { "lat": 47.535690407946113, "lon": -122.28442645152354, "time_of_day": "Morning", "causation": [ "0", "0", "0", "0", "0", "0", "0", "0", "0", "0", "0", "0", "0", "0", "0", "0", "0", "0", "1", "0", "0", "0", "0", "0" ], "duration": 985.0, "sum": 1 }, "geometry": { "type": "Point", "coordinates": [ -122.284426451523544, 47.535690407946113 ] } },
{ "type": "Feature", "properties": { "lat": 47.535709925296217, "lon": -122.28371994401265, "time_of_day": "Morning", "causation": [ "0", "0", "0", "0", "0", "0", "0", "0", "0", "0", "0", "0", "0", "0", "0", "0", "0", "0", "1", "0", "0", "0", "0", "0" ], "duration": 985.0, "sum": 1 }, "geometry": { "type": "Point", "coordinates": [ -122.283719944012645, 47.535709925296217 ] } },
{ "type": "Feature", "properties": { "lat": 47.535729371961672, "lon": -122.28327274626372, "time_of_day": "Morning", "causation": [ "0", "0", "0", "0", "0", "0", "0", "0", "0", "0", "0", "0", "0", "0", "0", "0", "0", "0", "1", "0", "0", "0", "0", "0" ], "duration": 985.0, "sum": 1 }, "geometry": { "type": "Point", "coordinates": [ -122.283272746263719, 47.535729371961672 ] } },
{ "type": "Feature", "properties": { "lat": 47.535808209976601, "lon": -122.28324989702438, "time_of_day": "Morning", "causation": [ "0", "0", "0", "0", "0", "0", "0", "0", "0", "0", "0", "0", "0", "0", "0", "0", "0", "0", "1", "0", "0", "0", "0", "0" ], "duration": 985.0, "sum": 1 }, "geometry": { "type": "Point", "coordinates": [ -122.283249897024376, 47.535808209976601 ] } },
{ "type": "Feature", "properties": { "lat": 47.53580831146278, "lon": -122.28369838860309, "time_of_day": "Morning", "causation": [ "0", "0", "0", "0", "0", "0", "0", "0", "0", "0", "0", "0", "0", "0", "0", "0", "0", "0", "1", "0", "0", "0", "0", "0" ], "duration": 985.0, "sum": 1 }, "geometry": { "type": "Point", "coordinates": [ -122.283698388603085, 47.53580831146278 ] } },
{ "type": "Feature", "properties": { "lat": 47.53581656374719, "lon": -122.2817718123985, "time_of_day": "Morning", "causation": [ "0", "0", "0", "0", "0", "0", "0", "0", "0", "0", "0", "0", "0", "0", "0", "0", "0", "0", "5", "0", "0", "0", "0", "0" ], "duration": 4925.0, "sum": 5 }, "geometry": { "type": "Point", "coordinates": [ -122.281771812398503, 47.53581656374719 ] } },
{ "type": "Feature", "properties": { "lat": 47.535897654308258, "lon": -122.28323525048924, "time_of_day": "Morning", "causation": [ "0", "0", "0", "0", "0", "0", "0", "0", "0", "0", "0", "0", "0", "0", "0", "0", "0", "0", "1", "0", "0", "0", "0", "0" ], "duration": 985.0, "sum": 1 }, "geometry": { "type": "Point", "coordinates": [ -122.283235250489241, 47.535897654308258 ] } },
{ "type": "Feature", "properties": { "lat": 47.535997612196851, "lon": -122.28416676070481, "time_of_day": "Morning", "causation": [ "0", "0", "0", "0", "0", "0", "0", "0", "0", "0", "0", "0", "0", "0", "0", "0", "0", "0", "1", "0", "0", "0", "0", "0" ], "duration": 985.0, "sum": 1 }, "geometry": { "type": "Point", "coordinates": [ -122.284166760704807, 47.535997612196851 ] } },
{ "type": "Feature", "properties": { "lat": 47.53599886539773, "lon": -122.28176338848326, "time_of_day": "Morning", "causation": [ "0", "0", "0", "0", "0", "0", "0", "0", "0", "0", "0", "0", "0", "0", "0", "0", "0", "0", "4", "0", "0", "0", "0", "0" ], "duration": 3940.0, "sum": 4 }, "geometry": { "type": "Point", "coordinates": [ -122.281763388483256, 47.53599886539773 ] } },
{ "type": "Feature", "properties": { "lat": 47.535998932223961, "lon": -122.28442238998484, "time_of_day": "Morning", "causation": [ "0", "0", "0", "0", "0", "0", "0", "0", "0", "0", "0", "0", "0", "0", "0", "0", "0", "0", "1", "0", "0", "0", "0", "0" ], "duration": 985.0, "sum": 1 }, "geometry": { "type": "Point", "coordinates": [ -122.28442238998484, 47.535998932223961 ] } },
{ "type": "Feature", "properties": { "lat": 47.536004587626174, "lon": -122.28403991783084, "time_of_day": "Morning", "causation": [ "0", "0", "0", "0", "0", "0", "0", "0", "0", "0", "0", "0", "0", "0", "0", "0", "0", "0", "1", "0", "0", "0", "0", "0" ], "duration": 985.0, "sum": 1 }, "geometry": { "type": "Point", "coordinates": [ -122.284039917830839, 47.536004587626174 ] } },
{ "type": "Feature", "properties": { "lat": 47.536006241203943, "lon": -122.2839103961611, "time_of_day": "Morning", "causation": [ "0", "0", "0", "0", "0", "0", "0", "0", "0", "0", "0", "0", "0", "0", "0", "0", "0", "0", "1", "0", "0", "0", "0", "0" ], "duration": 985.0, "sum": 1 }, "geometry": { "type": "Point", "coordinates": [ -122.283910396161104, 47.536006241203943 ] } },
{ "type": "Feature", "properties": { "lat": 47.536021104698612, "lon": -122.2850456817674, "time_of_day": "Morning", "causation": [ "0", "0", "0", "0", "0", "0", "0", "0", "0", "0", "0", "0", "0", "0", "0", "0", "0", "0", "5", "0", "0", "0", "0", "0" ], "duration": 4925.0, "sum": 5 }, "geometry": { "type": "Point", "coordinates": [ -122.2850456817674, 47.536021104698612 ] } },
{ "type": "Feature", "properties": { "lat": 47.536023536980323, "lon": -122.28280347845048, "time_of_day": "Morning", "causation": [ "0", "0", "0", "0", "0", "0", "0", "0", "0", "0", "0", "0", "0", "0", "0", "0", "0", "0", "1", "0", "0", "0", "0", "0" ], "duration": 985.0, "sum": 1 }, "geometry": { "type": "Point", "coordinates": [ -122.282803478450475, 47.536023536980323 ] } },
{ "type": "Feature", "properties": { "lat": 47.536028351527861, "lon": -122.28155158346182, "time_of_day": "Morning", "causation": [ "0", "0", "0", "0", "0", "0", "0", "0", "0", "0", "0", "0", "0", "0", "0", "0", "0", "0", "1", "0", "0", "0", "0", "0" ], "duration": 985.0, "sum": 1 }, "geometry": { "type": "Point", "coordinates": [ -122.28155158346182, 47.536028351527861 ] } },
{ "type": "Feature", "properties": { "lat": 47.536035014339639, "lon": -122.2826023603662, "time_of_day": "Morning", "causation": [ "0", "0", "0", "0", "0", "0", "0", "0", "0", "0", "0", "0", "0", "0", "0", "0", "0", "0", "5", "0", "0", "0", "0", "0" ], "duration": 4925.0, "sum": 5 }, "geometry": { "type": "Point", "coordinates": [ -122.282602360366198, 47.536035014339639 ] } },
{ "type": "Feature", "properties": { "lat": 47.536042083832498, "lon": -122.2836633930813, "time_of_day": "Morning", "causation": [ "0", "0", "0", "0", "0", "0", "0", "0", "0", "0", "0", "0", "0", "0", "0", "0", "0", "0", "1", "0", "0", "0", "0", "0" ], "duration": 985.0, "sum": 1 }, "geometry": { "type": "Point", "coordinates": [ -122.283663393081298, 47.536042083832498 ] } },
{ "type": "Feature", "properties": { "lat": 47.53604826198881, "lon": -122.28315237960798, "time_of_day": "Morning", "causation": [ "0", "0", "0", "0", "0", "0", "0", "0", "0", "0", "0", "0", "0", "0", "0", "0", "0", "0", "2", "0", "0", "0", "0", "0" ], "duration": 1970.0, "sum": 2 }, "geometry": { "type": "Point", "coordinates": [ -122.283152379607984, 47.53604826198881 ] } },
{ "type": "Feature", "properties": { "lat": 47.536119781652317, "lon": -122.28213605047011, "time_of_day": "Morning", "causation": [ "0", "0", "0", "0", "0", "0", "0", "0", "0", "0", "0", "0", "0", "0", "0", "0", "0", "0", "1", "0", "0", "0", "0", "0" ], "duration": 985.0, "sum": 1 }, "geometry": { "type": "Point", "coordinates": [ -122.282136050470115, 47.536119781652317 ] } },
{ "type": "Feature", "properties": { "lat": 47.53612155343167, "lon": -122.2854737670125, "time_of_day": "Morning", "causation": [ "0", "0", "0", "0", "0", "0", "0", "0", "0", "0", "0", "0", "0", "0", "0", "0", "0", "0", "5", "0", "0", "0", "0", "0" ], "duration": 4925.0, "sum": 5 }, "geometry": { "type": "Point", "coordinates": [ -122.285473767012505, 47.53612155343167 ] } },
{ "type": "Feature", "properties": { "lat": 47.536243750441862, "lon": -122.28587609709002, "time_of_day": "Morning", "causation": [ "0", "0", "0", "0", "0", "0", "0", "0", "0", "0", "0", "0", "0", "0", "0", "0", "0", "0", "5", "0", "0", "0", "0", "0" ], "duration": 4925.0, "sum": 5 }, "geometry": { "type": "Point", "coordinates": [ -122.285876097090025, 47.536243750441862 ] } },
{ "type": "Feature", "properties": { "lat": 47.536295265218683, "lon": -122.28490389081968, "time_of_day": "Morning", "causation": [ "0", "0", "0", "0", "0", "0", "0", "0", "0", "0", "0", "0", "0", "0", "0", "0", "0", "0", "1", "0", "0", "0", "0", "0" ], "duration": 985.0, "sum": 1 }, "geometry": { "type": "Point", "coordinates": [ -122.284903890819677, 47.536295265218683 ] } },
{ "type": "Feature", "properties": { "lat": 47.536310781470561, "lon": -122.28404388712966, "time_of_day": "Morning", "causation": [ "0", "0", "0", "0", "0", "0", "0", "0", "0", "0", "0", "0", "0", "0", "0", "0", "0", "0", "5", "0", "0", "0", "0", "0" ], "duration": 4925.0, "sum": 5 }, "geometry": { "type": "Point", "coordinates": [ -122.284043887129656, 47.536310781470561 ] } },
{ "type": "Feature", "properties": { "lat": 47.536320756127957, "lon": -122.28446728694466, "time_of_day": "Morning", "causation": [ "0", "0", "0", "0", "0", "0", "0", "0", "0", "0", "0", "0", "0", "0", "0", "0", "0", "0", "2", "0", "0", "0", "0", "0" ], "duration": 1970.0, "sum": 2 }, "geometry": { "type": "Point", "coordinates": [ -122.284467286944661, 47.536320756127957 ] } },
{ "type": "Feature", "properties": { "lat": 47.536328322149416, "lon": -122.28631587400332, "time_of_day": "Morning", "causation": [ "0", "0", "0", "0", "0", "0", "0", "0", "0", "0", "0", "0", "0", "0", "0", "0", "0", "0", "3", "0", "0", "0", "0", "0" ], "duration": 2955.0, "sum": 3 }, "geometry": { "type": "Point", "coordinates": [ -122.286315874003321, 47.536328322149416 ] } },
{ "type": "Feature", "properties": { "lat": 47.536345947816336, "lon": -122.2836384460785, "time_of_day": "Morning", "causation": [ "0", "0", "0", "0", "0", "0", "0", "0", "0", "0", "0", "0", "0", "0", "0", "0", "0", "0", "2", "0", "0", "0", "0", "0" ], "duration": 1970.0, "sum": 2 }, "geometry": { "type": "Point", "coordinates": [ -122.283638446078498, 47.536345947816336 ] } },
{ "type": "Feature", "properties": { "lat": 47.536356020920458, "lon": -122.28494655933946, "time_of_day": "Morning", "causation": [ "0", "0", "0", "0", "0", "0", "0", "0", "0", "0", "0", "0", "0", "0", "0", "0", "0", "0", "1", "0", "0", "0", "0", "0" ], "duration": 985.0, "sum": 1 }, "geometry": { "type": "Point", "coordinates": [ -122.28494655933946, 47.536356020920458 ] } },
{ "type": "Feature", "properties": { "lat": 47.536361814956173, "lon": -122.28517044931816, "time_of_day": "Morning", "causation": [ "0", "0", "0", "0", "0", "0", "0", "0", "0", "0", "0", "0", "0", "0", "0", "0", "0", "0", "1", "0", "0", "0", "0", "0" ], "duration": 985.0, "sum": 1 }, "geometry": { "type": "Point", "coordinates": [ -122.285170449318159, 47.536361814956173 ] } },
{ "type": "Feature", "properties": { "lat": 47.536384434802819, "lon": -122.28631727262392, "time_of_day": "Morning", "causation": [ "0", "0", "0", "0", "0", "0", "0", "0", "0", "0", "0", "0", "0", "0", "0", "0", "0", "0", "3", "0", "0", "0", "0", "0" ], "duration": 2955.0, "sum": 3 }, "geometry": { "type": "Point", "coordinates": [ -122.286317272623918, 47.536384434802819 ] } },
{ "type": "Feature", "properties": { "lat": 47.53640134453461, "lon": -122.28530264993992, "time_of_day": "Morning", "causation": [ "0", "0", "0", "0", "0", "0", "0", "0", "0", "0", "0", "0", "0", "0", "0", "0", "0", "0", "1", "0", "0", "0", "0", "0" ], "duration": 985.0, "sum": 1 }, "geometry": { "type": "Point", "coordinates": [ -122.285302649939922, 47.53640134453461 ] } },
{ "type": "Feature", "properties": { "lat": 47.536440889182245, "lon": -122.28543368101791, "time_of_day": "Morning", "causation": [ "0", "0", "0", "0", "0", "0", "0", "0", "0", "0", "0", "0", "0", "0", "0", "0", "0", "0", "1", "0", "0", "0", "0", "0" ], "duration": 985.0, "sum": 1 }, "geometry": { "type": "Point", "coordinates": [ -122.285433681017906, 47.536440889182245 ] } },
{ "type": "Feature", "properties": { "lat": 47.536460827024413, "lon": -122.28556124652088, "time_of_day": "Morning", "causation": [ "0", "0", "0", "0", "0", "0", "0", "0", "0", "0", "0", "0", "0", "0", "0", "0", "0", "0", "1", "0", "0", "0", "0", "0" ], "duration": 985.0, "sum": 1 }, "geometry": { "type": "Point", "coordinates": [ -122.285561246520885, 47.536460827024413 ] } },
{ "type": "Feature", "properties": { "lat": 47.536464504935573, "lon": -122.28494958143256, "time_of_day": "Morning", "causation": [ "0", "0", "0", "0", "0", "0", "0", "0", "0", "0", "0", "0", "0", "0", "0", "0", "0", "0", "1", "0", "0", "0", "0", "0" ], "duration": 985.0, "sum": 1 }, "geometry": { "type": "Point", "coordinates": [ -122.284949581432556, 47.536464504935573 ] } },
{ "type": "Feature", "properties": { "lat": 47.536477385404403, "lon": -122.28443971817062, "time_of_day": "Morning", "causation": [ "0", "0", "0", "0", "0", "0", "0", "0", "0", "0", "0", "0", "0", "0", "0", "0", "0", "0", "1", "0", "0", "0", "0", "0" ], "duration": 985.0, "sum": 1 }, "geometry": { "type": "Point", "coordinates": [ -122.284439718170617, 47.536477385404403 ] } },
{ "type": "Feature", "properties": { "lat": 47.536522415154813, "lon": -122.28569112696719, "time_of_day": "Morning", "causation": [ "0", "0", "0", "0", "0", "0", "0", "0", "0", "0", "0", "0", "0", "0", "0", "0", "0", "0", "1", "0", "0", "0", "0", "0" ], "duration": 985.0, "sum": 1 }, "geometry": { "type": "Point", "coordinates": [ -122.285691126967194, 47.536522415154813 ] } },
{ "type": "Feature", "properties": { "lat": 47.536527577187741, "lon": -122.28362376223774, "time_of_day": "Morning", "causation": [ "0", "0", "0", "0", "0", "0", "0", "0", "0", "0", "0", "0", "0", "0", "0", "0", "0", "0", "1", "0", "0", "0", "0", "0" ], "duration": 985.0, "sum": 1 }, "geometry": { "type": "Point", "coordinates": [ -122.283623762237738, 47.536527577187741 ] } },
{ "type": "Feature", "properties": { "lat": 47.536535675122678, "lon": -122.28443581853119, "time_of_day": "Morning", "causation": [ "0", "0", "0", "0", "0", "0", "0", "0", "0", "0", "0", "0", "0", "0", "0", "0", "0", "0", "1", "0", "0", "0", "0", "0" ], "duration": 985.0, "sum": 1 }, "geometry": { "type": "Point", "coordinates": [ -122.284435818531193, 47.536535675122678 ] } },
{ "type": "Feature", "properties": { "lat": 47.536563232798251, "lon": -122.2849482827196, "time_of_day": "Morning", "causation": [ "0", "0", "0", "0", "0", "0", "0", "0", "0", "0", "0", "0", "0", "0", "0", "0", "0", "0", "1", "0", "0", "0", "0", "0" ], "duration": 985.0, "sum": 1 }, "geometry": { "type": "Point", "coordinates": [ -122.284948282719597, 47.536563232798251 ] } },
{ "type": "Feature", "properties": { "lat": 47.536563558607533, "lon": -122.28582103305116, "time_of_day": "Morning", "causation": [ "0", "0", "0", "0", "0", "0", "0", "0", "0", "0", "0", "0", "0", "0", "0", "0", "0", "0", "1", "0", "0", "0", "0", "0" ], "duration": 985.0, "sum": 1 }, "geometry": { "type": "Point", "coordinates": [ -122.285821033051164, 47.536563558607533 ] } },
{ "type": "Feature", "properties": { "lat": 47.536606212537023, "lon": -122.28595683231356, "time_of_day": "Morning", "causation": [ "0", "0", "0", "0", "0", "0", "0", "0", "0", "0", "0", "0", "0", "0", "0", "0", "0", "0", "1", "0", "0", "0", "0", "0" ], "duration": 985.0, "sum": 1 }, "geometry": { "type": "Point", "coordinates": [ -122.285956832313559, 47.536606212537023 ] } },
{ "type": "Feature", "properties": { "lat": 47.536644201819215, "lon": -122.2860854766657, "time_of_day": "Morning", "causation": [ "0", "0", "0", "0", "0", "0", "0", "0", "0", "0", "0", "0", "0", "0", "0", "0", "0", "0", "1", "0", "0", "0", "0", "0" ], "duration": 985.0, "sum": 1 }, "geometry": { "type": "Point", "coordinates": [ -122.286085476665704, 47.536644201819215 ] } },
{ "type": "Feature", "properties": { "lat": 47.536663632246928, "lon": -122.28495361026266, "time_of_day": "Morning", "causation": [ "0", "0", "0", "0", "0", "0", "0", "0", "0", "0", "0", "0", "0", "0", "0", "0", "0", "0", "2", "0", "0", "0", "0", "0" ], "duration": 1970.0, "sum": 2 }, "geometry": { "type": "Point", "coordinates": [ -122.284953610262662, 47.536663632246928 ] } },
{ "type": "Feature", "properties": { "lat": 47.53668803573413, "lon": -122.28625291611704, "time_of_day": "Morning", "causation": [ "0", "0", "0", "0", "0", "0", "0", "0", "0", "0", "0", "0", "0", "0", "0", "0", "0", "0", "1", "0", "0", "0", "0", "0" ], "duration": 985.0, "sum": 1 }, "geometry": { "type": "Point", "coordinates": [ -122.286252916117036, 47.53668803573413 ] } },
{ "type": "Feature", "properties": { "lat": 47.537023162396594, "lon": -122.32881306952928, "time_of_day": "Morning", "causation": [ "0", "0", "0", "0", "0", "0", "0", "0", "1", "0", "0", "0", "0", "0", "0", "0", "0", "0", "0", "0", "0", "0", "0", "0" ], "duration": 252.0, "sum": 1 }, "geometry": { "type": "Point", "coordinates": [ -122.328813069529275, 47.537023162396594 ] } },
{ "type": "Feature", "properties": { "lat": 47.538097142187326, "lon": -122.26601253125848, "time_of_day": "Late Night", "causation": [ "0", "0", "0", "0", "0", "0", "0", "0", "0", "0", "0", "0", "0", "0", "0", "0", "0", "0", "1", "0", "0", "0", "0", "0" ], "duration": 176.0, "sum": 1 }, "geometry": { "type": "Point", "coordinates": [ -122.266012531258482, 47.538097142187326 ] } },
{ "type": "Feature", "properties": { "lat": 47.538101064092459, "lon": -122.26678861555575, "time_of_day": "Late Night", "causation": [ "0", "0", "0", "0", "0", "0", "0", "0", "0", "0", "0", "0", "0", "0", "0", "0", "0", "0", "1", "0", "0", "0", "0", "0" ], "duration": 176.0, "sum": 1 }, "geometry": { "type": "Point", "coordinates": [ -122.266788615555754, 47.538101064092459 ] } },
{ "type": "Feature", "properties": { "lat": 47.538104718435513, "lon": -122.26698797411689, "time_of_day": "Late Night", "causation": [ "0", "0", "0", "0", "0", "0", "0", "0", "0", "0", "0", "0", "0", "0", "0", "0", "0", "0", "1", "0", "0", "0", "0", "0" ], "duration": 176.0, "sum": 1 }, "geometry": { "type": "Point", "coordinates": [ -122.266987974116887, 47.538104718435513 ] } },
{ "type": "Feature", "properties": { "lat": 47.538105597361373, "lon": -122.26580945660967, "time_of_day": "Late Night", "causation": [ "0", "0", "0", "0", "0", "0", "0", "0", "0", "0", "0", "0", "0", "0", "0", "0", "0", "0", "1", "0", "0", "0", "0", "0" ], "duration": 176.0, "sum": 1 }, "geometry": { "type": "Point", "coordinates": [ -122.265809456609674, 47.538105597361373 ] } },
{ "type": "Feature", "properties": { "lat": 47.538115811318129, "lon": -122.26619327165592, "time_of_day": "Late Night", "causation": [ "0", "0", "0", "0", "0", "0", "0", "0", "0", "0", "0", "0", "0", "0", "0", "0", "0", "0", "2", "0", "0", "0", "0", "0" ], "duration": 352.0, "sum": 2 }, "geometry": { "type": "Point", "coordinates": [ -122.266193271655922, 47.538115811318129 ] } },
{ "type": "Feature", "properties": { "lat": 47.538121861021473, "lon": -122.26660065980469, "time_of_day": "Late Night", "causation": [ "0", "0", "0", "0", "0", "0", "0", "0", "0", "0", "0", "0", "0", "0", "0", "0", "0", "0", "1", "0", "0", "0", "0", "0" ], "duration": 176.0, "sum": 1 }, "geometry": { "type": "Point", "coordinates": [ -122.266600659804695, 47.538121861021473 ] } },
{ "type": "Feature", "properties": { "lat": 47.538122385465122, "lon": -122.26641344209, "time_of_day": "Late Night", "causation": [ "0", "0", "0", "0", "0", "0", "0", "0", "0", "0", "0", "0", "0", "0", "0", "0", "0", "0", "1", "0", "0", "0", "0", "0" ], "duration": 176.0, "sum": 1 }, "geometry": { "type": "Point", "coordinates": [ -122.266413442089998, 47.538122385465122 ] } },
{ "type": "Feature", "properties": { "lat": 47.538328435962534, "lon": -122.26697270940058, "time_of_day": "Late Night", "causation": [ "0", "0", "0", "0", "0", "0", "0", "0", "0", "0", "0", "0", "0", "0", "0", "0", "0", "0", "1", "0", "0", "0", "0", "0" ], "duration": 176.0, "sum": 1 }, "geometry": { "type": "Point", "coordinates": [ -122.266972709400576, 47.538328435962534 ] } },
{ "type": "Feature", "properties": { "lat": 47.538359557889422, "lon": -122.26660752190892, "time_of_day": "Late Night", "causation": [ "0", "0", "0", "0", "0", "0", "0", "0", "0", "0", "0", "0", "0", "0", "0", "0", "0", "0", "1", "0", "0", "0", "0", "0" ], "duration": 176.0, "sum": 1 }, "geometry": { "type": "Point", "coordinates": [ -122.266607521908924, 47.538359557889422 ] } },
{ "type": "Feature", "properties": { "lat": 47.53837479095256, "lon": -122.26595618854655, "time_of_day": "Late Night", "causation": [ "0", "0", "0", "0", "0", "0", "0", "0", "0", "0", "0", "0", "0", "0", "0", "0", "0", "0", "1", "0", "0", "0", "0", "0" ], "duration": 176.0, "sum": 1 }, "geometry": { "type": "Point", "coordinates": [ -122.265956188546554, 47.53837479095256 ] } },
{ "type": "Feature", "properties": { "lat": 47.538378964363083, "lon": -122.2661688840579, "time_of_day": "Late Night", "causation": [ "0", "0", "0", "0", "0", "0", "0", "0", "0", "0", "0", "0", "0", "0", "0", "0", "0", "0", "1", "0", "0", "0", "0", "0" ], "duration": 176.0, "sum": 1 }, "geometry": { "type": "Point", "coordinates": [ -122.266168884057905, 47.538378964363083 ] } },
{ "type": "Feature", "properties": { "lat": 47.538381642408922, "lon": -122.26577809251582, "time_of_day": "Late Night", "causation": [ "0", "0", "0", "0", "0", "0", "0", "0", "0", "0", "0", "0", "0", "0", "0", "0", "0", "0", "1", "0", "0", "0", "0", "0" ], "duration": 176.0, "sum": 1 }, "geometry": { "type": "Point", "coordinates": [ -122.265778092515816, 47.538381642408922 ] } },
{ "type": "Feature", "properties": { "lat": 47.538394853450008, "lon": -122.26637441087648, "time_of_day": "Late Night", "causation": [ "0", "0", "0", "0", "0", "0", "0", "0", "0", "0", "0", "0", "0", "0", "0", "0", "0", "0", "1", "0", "0", "0", "0", "0" ], "duration": 176.0, "sum": 1 }, "geometry": { "type": "Point", "coordinates": [ -122.26637441087648, 47.538394853450008 ] } },
{ "type": "Feature", "properties": { "lat": 47.538482700367688, "lon": -122.26698347292002, "time_of_day": "Late Night", "causation": [ "0", "0", "0", "0", "0", "0", "0", "0", "0", "0", "0", "0", "0", "0", "0", "0", "0", "0", "1", "0", "0", "0", "0", "0" ], "duration": 176.0, "sum": 1 }, "geometry": { "type": "Point", "coordinates": [ -122.266983472920018, 47.538482700367688 ] } },
{ "type": "Feature", "properties": { "lat": 47.538727085744199, "lon": -122.26644707970432, "time_of_day": "Morning", "causation": [ "0", "0", "0", "0", "0", "0", "0", "0", "0", "0", "0", "0", "0", "0", "0", "0", "0", "1", "0", "0", "0", "0", "0", "0" ], "duration": 291.0, "sum": 1 }, "geometry": { "type": "Point", "coordinates": [ -122.266447079704321, 47.538727085744199 ] } },
{ "type": "Feature", "properties": { "lat": 47.53875153049114, "lon": -122.26675030727212, "time_of_day": "Morning", "causation": [ "0", "0", "0", "0", "0", "0", "0", "0", "0", "0", "0", "0", "0", "0", "0", "0", "0", "1", "0", "0", "0", "0", "0", "0" ], "duration": 291.0, "sum": 1 }, "geometry": { "type": "Point", "coordinates": [ -122.266750307272119, 47.53875153049114 ] } },
{ "type": "Feature", "properties": { "lat": 47.538759586407046, "lon": -122.26695509385485, "time_of_day": "Morning", "causation": [ "0", "0", "0", "0", "0", "0", "0", "0", "0", "0", "0", "0", "0", "0", "0", "0", "0", "1", "0", "0", "0", "0", "0", "0" ], "duration": 291.0, "sum": 1 }, "geometry": { "type": "Point", "coordinates": [ -122.266955093854847, 47.538759586407046 ] } },
{ "type": "Feature", "properties": { "lat": 47.539060049597502, "lon": -122.26647915599705, "time_of_day": "Morning", "causation": [ "0", "0", "0", "0", "0", "0", "0", "0", "0", "0", "0", "0", "0", "0", "0", "0", "0", "1", "0", "0", "0", "0", "0", "0" ], "duration": 291.0, "sum": 1 }, "geometry": { "type": "Point", "coordinates": [ -122.266479155997047, 47.539060049597502 ] } },
{ "type": "Feature", "properties": { "lat": 47.539229567162849, "lon": -122.26684363254692, "time_of_day": "Morning", "causation": [ "0", "0", "0", "0", "0", "0", "0", "0", "0", "0", "0", "0", "0", "0", "0", "0", "0", "1", "0", "0", "0", "0", "0", "0" ], "duration": 291.0, "sum": 1 }, "geometry": { "type": "Point", "coordinates": [ -122.266843632546923, 47.539229567162849 ] } },
{ "type": "Feature", "properties": { "lat": 47.539383822367327, "lon": -122.26678774518736, "time_of_day": "Morning", "causation": [ "0", "0", "0", "0", "0", "0", "0", "0", "0", "0", "0", "0", "0", "0", "0", "0", "0", "1", "0", "0", "0", "0", "0", "0" ], "duration": 291.0, "sum": 1 }, "geometry": { "type": "Point", "coordinates": [ -122.266787745187358, 47.539383822367327 ] } },
{ "type": "Feature", "properties": { "lat": 47.539489379663273, "lon": -122.26592524468629, "time_of_day": "Morning", "causation": [ "0", "0", "0", "0", "0", "0", "0", "0", "0", "0", "0", "0", "0", "0", "0", "0", "0", "1", "0", "0", "0", "0", "0", "0" ], "duration": 291.0, "sum": 1 }, "geometry": { "type": "Point", "coordinates": [ -122.265925244686287, 47.539489379663273 ] } },
{ "type": "Feature", "properties": { "lat": 47.5395354148827, "lon": -122.26674296017302, "time_of_day": "Morning", "causation": [ "0", "0", "0", "0", "0", "0", "0", "0", "0", "0", "0", "0", "0", "0", "0", "0", "0", "1", "0", "0", "0", "0", "0", "0" ], "duration": 291.0, "sum": 1 }, "geometry": { "type": "Point", "coordinates": [ -122.266742960173019, 47.5395354148827 ] } },
{ "type": "Feature", "properties": { "lat": 47.540873792675882, "lon": -122.35460830288456, "time_of_day": "Late Night", "causation": [ "0", "0", "0", "0", "0", "0", "0", "0", "1", "0", "0", "0", "0", "0", "0", "0", "0", "0", "0", "0", "0", "0", "0", "0" ], "duration": 150.0, "sum": 1 }, "geometry": { "type": "Point", "coordinates": [ -122.354608302884557, 47.540873792675882 ] } },
{ "type": "Feature", "properties": { "lat": 47.540873792675882, "lon": -122.35460830288456, "time_of_day": "Morning", "causation": [ "0", "0", "0", "0", "0", "0", "0", "0", "1", "0", "0", "0", "0", "0", "0", "0", "0", "0", "0", "0", "0", "0", "0", "0" ], "duration": 7.0, "sum": 1 }, "geometry": { "type": "Point", "coordinates": [ -122.354608302884557, 47.540873792675882 ] } },
{ "type": "Feature", "properties": { "lat": 47.540899026765175, "lon": -122.3552764283626, "time_of_day": "Late Night", "causation": [ "0", "0", "0", "0", "0", "0", "0", "0", "1", "0", "0", "0", "0", "0", "0", "0", "0", "0", "0", "0", "0", "0", "0", "0" ], "duration": 150.0, "sum": 1 }, "geometry": { "type": "Point", "coordinates": [ -122.3552764283626, 47.540899026765175 ] } },
{ "type": "Feature", "properties": { "lat": 47.540899026765175, "lon": -122.3552764283626, "time_of_day": "Morning", "causation": [ "0", "0", "0", "0", "0", "0", "0", "0", "1", "0", "0", "0", "0", "0", "0", "0", "0", "0", "0", "0", "0", "0", "0", "0" ], "duration": 7.0, "sum": 1 }, "geometry": { "type": "Point", "coordinates": [ -122.3552764283626, 47.540899026765175 ] } },
{ "type": "Feature", "properties": { "lat": 47.541053777644173, "lon": -122.3436724365132, "time_of_day": "Late Night", "causation": [ "0", "0", "0", "0", "0", "0", "0", "0", "1", "0", "0", "0", "0", "0", "0", "0", "0", "0", "0", "0", "0", "0", "0", "0" ], "duration": 150.0, "sum": 1 }, "geometry": { "type": "Point", "coordinates": [ -122.343672436513202, 47.541053777644173 ] } },
{ "type": "Feature", "properties": { "lat": 47.541053777644173, "lon": -122.3436724365132, "time_of_day": "Morning", "causation": [ "0", "0", "0", "0", "0", "0", "0", "0", "1", "0", "0", "0", "0", "0", "0", "0", "0", "0", "0", "0", "0", "0", "0", "0" ], "duration": 7.0, "sum": 1 }, "geometry": { "type": "Point", "coordinates": [ -122.343672436513202, 47.541053777644173 ] } },
{ "type": "Feature", "properties": { "lat": 47.541104873831685, "lon": -122.35525984519748, "time_of_day": "Late Night", "causation": [ "0", "0", "0", "0", "0", "0", "0", "0", "1", "0", "0", "0", "0", "0", "0", "0", "0", "0", "0", "0", "0", "0", "0", "0" ], "duration": 150.0, "sum": 1 }, "geometry": { "type": "Point", "coordinates": [ -122.35525984519748, 47.541104873831685 ] } },
{ "type": "Feature", "properties": { "lat": 47.541104873831685, "lon": -122.35525984519748, "time_of_day": "Morning", "causation": [ "0", "0", "0", "0", "0", "0", "0", "0", "1", "0", "0", "0", "0", "0", "0", "0", "0", "0", "0", "0", "0", "0", "0", "0" ], "duration": 7.0, "sum": 1 }, "geometry": { "type": "Point", "coordinates": [ -122.35525984519748, 47.541104873831685 ] } },
{ "type": "Feature", "properties": { "lat": 47.541155278529963, "lon": -122.35455695392372, "time_of_day": "Late Night", "causation": [ "0", "0", "0", "0", "0", "0", "0", "0", "1", "0", "0", "0", "0", "0", "0", "0", "0", "0", "0", "0", "0", "0", "0", "0" ], "duration": 150.0, "sum": 1 }, "geometry": { "type": "Point", "coordinates": [ -122.354556953923719, 47.541155278529963 ] } },
{ "type": "Feature", "properties": { "lat": 47.541155278529963, "lon": -122.35455695392372, "time_of_day": "Morning", "causation": [ "0", "0", "0", "0", "0", "0", "0", "0", "1", "0", "0", "0", "0", "0", "0", "0", "0", "0", "0", "0", "0", "0", "0", "0" ], "duration": 7.0, "sum": 1 }, "geometry": { "type": "Point", "coordinates": [ -122.354556953923719, 47.541155278529963 ] } },
{ "type": "Feature", "properties": { "lat": 47.541222611694181, "lon": -122.35537538574503, "time_of_day": "Late Night", "causation": [ "0", "0", "0", "0", "0", "0", "0", "0", "1", "0", "0", "0", "0", "0", "0", "0", "0", "0", "0", "0", "0", "0", "0", "0" ], "duration": 150.0, "sum": 1 }, "geometry": { "type": "Point", "coordinates": [ -122.355375385745035, 47.541222611694181 ] } },
{ "type": "Feature", "properties": { "lat": 47.541222611694181, "lon": -122.35537538574503, "time_of_day": "Morning", "causation": [ "0", "0", "0", "0", "0", "0", "0", "0", "1", "0", "0", "0", "0", "0", "0", "0", "0", "0", "0", "0", "0", "0", "0", "0" ], "duration": 7.0, "sum": 1 }, "geometry": { "type": "Point", "coordinates": [ -122.355375385745035, 47.541222611694181 ] } },
{ "type": "Feature", "properties": { "lat": 47.541381484698483, "lon": -122.35345748348664, "time_of_day": "Late Night", "causation": [ "0", "0", "0", "0", "0", "0", "0", "0", "1", "0", "0", "0", "0", "0", "0", "0", "0", "0", "0", "0", "0", "0", "0", "0" ], "duration": 150.0, "sum": 1 }, "geometry": { "type": "Point", "coordinates": [ -122.353457483486636, 47.541381484698483 ] } },
{ "type": "Feature", "properties": { "lat": 47.541381484698483, "lon": -122.35345748348664, "time_of_day": "Morning", "causation": [ "0", "0", "0", "0", "0", "0", "0", "0", "1", "0", "0", "0", "0", "0", "0", "0", "0", "0", "0", "0", "0", "0", "0", "0" ], "duration": 7.0, "sum": 1 }, "geometry": { "type": "Point", "coordinates": [ -122.353457483486636, 47.541381484698483 ] } },
{ "type": "Feature", "properties": { "lat": 47.541386432349242, "lon": -122.35537189821328, "time_of_day": "Late Night", "causation": [ "0", "0", "0", "0", "0", "0", "0", "0", "1", "0", "0", "0", "0", "0", "0", "0", "0", "0", "0", "0", "0", "0", "0", "0" ], "duration": 150.0, "sum": 1 }, "geometry": { "type": "Point", "coordinates": [ -122.355371898213278, 47.541386432349242 ] } },
{ "type": "Feature", "properties": { "lat": 47.541386432349242, "lon": -122.35537189821328, "time_of_day": "Morning", "causation": [ "0", "0", "0", "0", "0", "0", "0", "0", "1", "0", "0", "0", "0", "0", "0", "0", "0", "0", "0", "0", "0", "0", "0", "0" ], "duration": 7.0, "sum": 1 }, "geometry": { "type": "Point", "coordinates": [ -122.355371898213278, 47.541386432349242 ] } },
{ "type": "Feature", "properties": { "lat": 47.541417589115348, "lon": -122.35465260773761, "time_of_day": "Late Night", "causation": [ "0", "0", "0", "0", "0", "0", "0", "0", "1", "0", "0", "0", "0", "0", "0", "0", "0", "0", "0", "0", "0", "0", "0", "0" ], "duration": 150.0, "sum": 1 }, "geometry": { "type": "Point", "coordinates": [ -122.354652607737606, 47.541417589115348 ] } },
{ "type": "Feature", "properties": { "lat": 47.541417589115348, "lon": -122.35465260773761, "time_of_day": "Morning", "causation": [ "0", "0", "0", "0", "0", "0", "0", "0", "1", "0", "0", "0", "0", "0", "0", "0", "0", "0", "0", "0", "0", "0", "0", "0" ], "duration": 7.0, "sum": 1 }, "geometry": { "type": "Point", "coordinates": [ -122.354652607737606, 47.541417589115348 ] } },
{ "type": "Feature", "properties": { "lat": 47.54144006220028, "lon": -122.34303016642728, "time_of_day": "Late Night", "causation": [ "0", "0", "0", "0", "0", "0", "0", "0", "1", "0", "0", "0", "0", "0", "0", "0", "0", "0", "0", "0", "0", "0", "0", "0" ], "duration": 150.0, "sum": 1 }, "geometry": { "type": "Point", "coordinates": [ -122.343030166427283, 47.54144006220028 ] } },
{ "type": "Feature", "properties": { "lat": 47.54144006220028, "lon": -122.34303016642728, "time_of_day": "Morning", "causation": [ "0", "0", "0", "0", "0", "0", "0", "0", "1", "0", "0", "0", "0", "0", "0", "0", "0", "0", "0", "0", "0", "0", "0", "0" ], "duration": 7.0, "sum": 1 }, "geometry": { "type": "Point", "coordinates": [ -122.343030166427283, 47.54144006220028 ] } },
{ "type": "Feature", "properties": { "lat": 47.541462313630028, "lon": -122.34275929391126, "time_of_day": "Late Night", "causation": [ "0", "0", "0", "0", "0", "0", "0", "0", "1", "0", "0", "0", "0", "0", "0", "0", "0", "0", "0", "0", "0", "0", "0", "0" ], "duration": 150.0, "sum": 1 }, "geometry": { "type": "Point", "coordinates": [ -122.342759293911257, 47.541462313630028 ] } },
{ "type": "Feature", "properties": { "lat": 47.541462313630028, "lon": -122.34275929391126, "time_of_day": "Morning", "causation": [ "0", "0", "0", "0", "0", "0", "0", "0", "1", "0", "0", "0", "0", "0", "0", "0", "0", "0", "0", "0", "0", "0", "0", "0" ], "duration": 7.0, "sum": 1 }, "geometry": { "type": "Point", "coordinates": [ -122.342759293911257, 47.541462313630028 ] } },
{ "type": "Feature", "properties": { "lat": 47.541502721542081, "lon": -122.35416976215646, "time_of_day": "Late Night", "causation": [ "0", "0", "0", "0", "0", "0", "0", "0", "1", "0", "0", "0", "0", "0", "0", "0", "0", "0", "0", "0", "0", "0", "0", "0" ], "duration": 150.0, "sum": 1 }, "geometry": { "type": "Point", "coordinates": [ -122.354169762156459, 47.541502721542081 ] } },
{ "type": "Feature", "properties": { "lat": 47.541502721542081, "lon": -122.35416976215646, "time_of_day": "Morning", "causation": [ "0", "0", "0", "0", "0", "0", "0", "0", "1", "0", "0", "0", "0", "0", "0", "0", "0", "0", "0", "0", "0", "0", "0", "0" ], "duration": 7.0, "sum": 1 }, "geometry": { "type": "Point", "coordinates": [ -122.354169762156459, 47.541502721542081 ] } },
{ "type": "Feature", "properties": { "lat": 47.541536927363111, "lon": -122.35466864564866, "time_of_day": "Late Night", "causation": [ "0", "0", "0", "0", "0", "0", "0", "0", "1", "0", "0", "0", "0", "0", "0", "0", "0", "0", "0", "0", "0", "0", "0", "0" ], "duration": 150.0, "sum": 1 }, "geometry": { "type": "Point", "coordinates": [ -122.354668645648658, 47.541536927363111 ] } },
{ "type": "Feature", "properties": { "lat": 47.541536927363111, "lon": -122.35466864564866, "time_of_day": "Morning", "causation": [ "0", "0", "0", "0", "0", "0", "0", "0", "1", "0", "0", "0", "0", "0", "0", "0", "0", "0", "0", "0", "0", "0", "0", "0" ], "duration": 7.0, "sum": 1 }, "geometry": { "type": "Point", "coordinates": [ -122.354668645648658, 47.541536927363111 ] } },
{ "type": "Feature", "properties": { "lat": 47.541541439426176, "lon": -122.35347296237993, "time_of_day": "Late Night", "causation": [ "0", "0", "0", "0", "0", "0", "0", "0", "1", "0", "0", "0", "0", "0", "0", "0", "0", "0", "0", "0", "0", "0", "0", "0" ], "duration": 150.0, "sum": 1 }, "geometry": { "type": "Point", "coordinates": [ -122.353472962379925, 47.541541439426176 ] } },
{ "type": "Feature", "properties": { "lat": 47.541541439426176, "lon": -122.35347296237993, "time_of_day": "Morning", "causation": [ "0", "0", "0", "0", "0", "0", "0", "0", "1", "0", "0", "0", "0", "0", "0", "0", "0", "0", "0", "0", "0", "0", "0", "0" ], "duration": 7.0, "sum": 1 }, "geometry": { "type": "Point", "coordinates": [ -122.353472962379925, 47.541541439426176 ] } },
{ "type": "Feature", "properties": { "lat": 47.541564331539348, "lon": -122.35528824911827, "time_of_day": "Late Night", "causation": [ "0", "0", "0", "0", "0", "0", "0", "0", "1", "0", "0", "0", "0", "0", "0", "0", "0", "0", "0", "0", "0", "0", "0", "0" ], "duration": 150.0, "sum": 1 }, "geometry": { "type": "Point", "coordinates": [ -122.355288249118274, 47.541564331539348 ] } },
{ "type": "Feature", "properties": { "lat": 47.541564331539348, "lon": -122.35528824911827, "time_of_day": "Morning", "causation": [ "0", "0", "0", "0", "0", "0", "0", "0", "1", "0", "0", "0", "0", "0", "0", "0", "0", "0", "0", "0", "0", "0", "0", "0" ], "duration": 7.0, "sum": 1 }, "geometry": { "type": "Point", "coordinates": [ -122.355288249118274, 47.541564331539348 ] } },
{ "type": "Feature", "properties": { "lat": 47.541693294964873, "lon": -122.35410603783096, "time_of_day": "Late Night", "causation": [ "0", "0", "0", "0", "0", "0", "0", "0", "1", "0", "0", "0", "0", "0", "0", "0", "0", "0", "0", "0", "0", "0", "0", "0" ], "duration": 150.0, "sum": 1 }, "geometry": { "type": "Point", "coordinates": [ -122.35410603783096, 47.541693294964873 ] } },
{ "type": "Feature", "properties": { "lat": 47.541693294964873, "lon": -122.35410603783096, "time_of_day": "Morning", "causation": [ "0", "0", "0", "0", "0", "0", "0", "0", "1", "0", "0", "0", "0", "0", "0", "0", "0", "0", "0", "0", "0", "0", "0", "0" ], "duration": 7.0, "sum": 1 }, "geometry": { "type": "Point", "coordinates": [ -122.35410603783096, 47.541693294964873 ] } },
{ "type": "Feature", "properties": { "lat": 47.541715664305251, "lon": -122.35538240672736, "time_of_day": "Late Night", "causation": [ "0", "0", "0", "0", "0", "0", "0", "0", "1", "0", "0", "0", "0", "0", "0", "0", "0", "0", "0", "0", "0", "0", "0", "0" ], "duration": 150.0, "sum": 1 }, "geometry": { "type": "Point", "coordinates": [ -122.355382406727358, 47.541715664305251 ] } },
{ "type": "Feature", "properties": { "lat": 47.541715664305251, "lon": -122.35538240672736, "time_of_day": "Morning", "causation": [ "0", "0", "0", "0", "0", "0", "0", "0", "1", "0", "0", "0", "0", "0", "0", "0", "0", "0", "0", "0", "0", "0", "0", "0" ], "duration": 7.0, "sum": 1 }, "geometry": { "type": "Point", "coordinates": [ -122.355382406727358, 47.541715664305251 ] } },
{ "type": "Feature", "properties": { "lat": 47.541742388829547, "lon": -122.35349854635096, "time_of_day": "Late Night", "causation": [ "0", "0", "0", "0", "0", "0", "0", "0", "1", "0", "0", "0", "0", "0", "0", "0", "0", "0", "0", "0", "0", "0", "0", "0" ], "duration": 150.0, "sum": 1 }, "geometry": { "type": "Point", "coordinates": [ -122.353498546350963, 47.541742388829547 ] } },
{ "type": "Feature", "properties": { "lat": 47.541742388829547, "lon": -122.35349854635096, "time_of_day": "Morning", "causation": [ "0", "0", "0", "0", "0", "0", "0", "0", "1", "0", "0", "0", "0", "0", "0", "0", "0", "0", "0", "0", "0", "0", "0", "0" ], "duration": 7.0, "sum": 1 }, "geometry": { "type": "Point", "coordinates": [ -122.353498546350963, 47.541742388829547 ] } },
{ "type": "Feature", "properties": { "lat": 47.541744907306217, "lon": -122.35466066662195, "time_of_day": "Late Night", "causation": [ "0", "0", "0", "0", "0", "0", "0", "0", "1", "0", "0", "0", "0", "0", "0", "0", "0", "0", "0", "0", "0", "0", "0", "0" ], "duration": 150.0, "sum": 1 }, "geometry": { "type": "Point", "coordinates": [ -122.354660666621953, 47.541744907306217 ] } },
{ "type": "Feature", "properties": { "lat": 47.541744907306217, "lon": -122.35466066662195, "time_of_day": "Morning", "causation": [ "0", "0", "0", "0", "0", "0", "0", "0", "1", "0", "0", "0", "0", "0", "0", "0", "0", "0", "0", "0", "0", "0", "0", "0" ], "duration": 7.0, "sum": 1 }, "geometry": { "type": "Point", "coordinates": [ -122.354660666621953, 47.541744907306217 ] } },
{ "type": "Feature", "properties": { "lat": 47.541871953939051, "lon": -122.35350439185112, "time_of_day": "Late Night", "causation": [ "0", "0", "0", "0", "0", "0", "0", "0", "1", "0", "0", "0", "0", "0", "0", "0", "0", "0", "0", "0", "0", "0", "0", "0" ], "duration": 150.0, "sum": 1 }, "geometry": { "type": "Point", "coordinates": [ -122.353504391851118, 47.541871953939051 ] } },
{ "type": "Feature", "properties": { "lat": 47.541871953939051, "lon": -122.35350439185112, "time_of_day": "Morning", "causation": [ "0", "0", "0", "0", "0", "0", "0", "0", "1", "0", "0", "0", "0", "0", "0", "0", "0", "0", "0", "0", "0", "0", "0", "0" ], "duration": 7.0, "sum": 1 }, "geometry": { "type": "Point", "coordinates": [ -122.353504391851118, 47.541871953939051 ] } },
{ "type": "Feature", "properties": { "lat": 47.541878922545493, "lon": -122.35406768065208, "time_of_day": "Late Night", "causation": [ "0", "0", "0", "0", "0", "0", "0", "0", "1", "0", "0", "0", "0", "0", "0", "0", "0", "0", "0", "0", "0", "0", "0", "0" ], "duration": 150.0, "sum": 1 }, "geometry": { "type": "Point", "coordinates": [ -122.354067680652079, 47.541878922545493 ] } },
{ "type": "Feature", "properties": { "lat": 47.541878922545493, "lon": -122.35406768065208, "time_of_day": "Morning", "causation": [ "0", "0", "0", "0", "0", "0", "0", "0", "1", "0", "0", "0", "0", "0", "0", "0", "0", "0", "0", "0", "0", "0", "0", "0" ], "duration": 7.0, "sum": 1 }, "geometry": { "type": "Point", "coordinates": [ -122.354067680652079, 47.541878922545493 ] } },
{ "type": "Feature", "properties": { "lat": 47.541908845722361, "lon": -122.33885720727264, "time_of_day": "Late Night", "causation": [ "0", "0", "0", "0", "0", "0", "0", "0", "3", "0", "0", "0", "0", "0", "0", "0", "0", "0", "0", "0", "0", "0", "0", "0" ], "duration": 450.0, "sum": 3 }, "geometry": { "type": "Point", "coordinates": [ -122.338857207272639, 47.541908845722361 ] } },
{ "type": "Feature", "properties": { "lat": 47.541908845722361, "lon": -122.33885720727264, "time_of_day": "Morning", "causation": [ "0", "0", "0", "0", "0", "0", "0", "0", "3", "0", "0", "0", "0", "0", "0", "0", "0", "0", "0", "0", "0", "0", "0", "0" ], "duration": 21.0, "sum": 3 }, "geometry": { "type": "Point", "coordinates": [ -122.338857207272639, 47.541908845722361 ] } },
{ "type": "Feature", "properties": { "lat": 47.541964346624162, "lon": -122.3546405495909, "time_of_day": "Late Night", "causation": [ "0", "0", "0", "0", "0", "0", "0", "0", "1", "0", "0", "0", "0", "0", "0", "0", "0", "0", "0", "0", "0", "0", "0", "0" ], "duration": 150.0, "sum": 1 }, "geometry": { "type": "Point", "coordinates": [ -122.354640549590897, 47.541964346624162 ] } },
{ "type": "Feature", "properties": { "lat": 47.541964346624162, "lon": -122.3546405495909, "time_of_day": "Morning", "causation": [ "0", "0", "0", "0", "0", "0", "0", "0", "1", "0", "0", "0", "0", "0", "0", "0", "0", "0", "0", "0", "0", "0", "0", "0" ], "duration": 7.0, "sum": 1 }, "geometry": { "type": "Point", "coordinates": [ -122.354640549590897, 47.541964346624162 ] } },
{ "type": "Feature", "properties": { "lat": 47.54203951346944, "lon": -122.35353353735935, "time_of_day": "Late Night", "causation": [ "0", "0", "0", "0", "0", "0", "0", "0", "1", "0", "0", "0", "0", "0", "0", "0", "0", "0", "0", "0", "0", "0", "0", "0" ], "duration": 150.0, "sum": 1 }, "geometry": { "type": "Point", "coordinates": [ -122.353533537359354, 47.54203951346944 ] } },
{ "type": "Feature", "properties": { "lat": 47.54203951346944, "lon": -122.35353353735935, "time_of_day": "Morning", "causation": [ "0", "0", "0", "0", "0", "0", "0", "0", "1", "0", "0", "0", "0", "0", "0", "0", "0", "0", "0", "0", "0", "0", "0", "0" ], "duration": 7.0, "sum": 1 }, "geometry": { "type": "Point", "coordinates": [ -122.353533537359354, 47.54203951346944 ] } },
{ "type": "Feature", "properties": { "lat": 47.542046039070648, "lon": -122.35402542181257, "time_of_day": "Late Night", "causation": [ "0", "0", "0", "0", "0", "0", "0", "0", "1", "0", "0", "0", "0", "0", "0", "0", "0", "0", "0", "0", "0", "0", "0", "0" ], "duration": 150.0, "sum": 1 }, "geometry": { "type": "Point", "coordinates": [ -122.354025421812565, 47.542046039070648 ] } },
{ "type": "Feature", "properties": { "lat": 47.542046039070648, "lon": -122.35402542181257, "time_of_day": "Morning", "causation": [ "0", "0", "0", "0", "0", "0", "0", "0", "1", "0", "0", "0", "0", "0", "0", "0", "0", "0", "0", "0", "0", "0", "0", "0" ], "duration": 7.0, "sum": 1 }, "geometry": { "type": "Point", "coordinates": [ -122.354025421812565, 47.542046039070648 ] } },
{ "type": "Feature", "properties": { "lat": 47.54205794618062, "lon": -122.35533585396637, "time_of_day": "Late Night", "causation": [ "0", "0", "0", "0", "0", "0", "0", "0", "1", "0", "0", "0", "0", "0", "0", "0", "0", "0", "0", "0", "0", "0", "0", "0" ], "duration": 150.0, "sum": 1 }, "geometry": { "type": "Point", "coordinates": [ -122.355335853966366, 47.54205794618062 ] } },
{ "type": "Feature", "properties": { "lat": 47.54205794618062, "lon": -122.35533585396637, "time_of_day": "Morning", "causation": [ "0", "0", "0", "0", "0", "0", "0", "0", "1", "0", "0", "0", "0", "0", "0", "0", "0", "0", "0", "0", "0", "0", "0", "0" ], "duration": 7.0, "sum": 1 }, "geometry": { "type": "Point", "coordinates": [ -122.355335853966366, 47.54205794618062 ] } },
{ "type": "Feature", "properties": { "lat": 47.542099358282414, "lon": -122.33747834365624, "time_of_day": "Late Night", "causation": [ "0", "0", "0", "0", "0", "0", "0", "0", "1", "0", "0", "0", "0", "0", "0", "0", "0", "0", "0", "0", "0", "0", "0", "0" ], "duration": 150.0, "sum": 1 }, "geometry": { "type": "Point", "coordinates": [ -122.337478343656244, 47.542099358282414 ] } },
{ "type": "Feature", "properties": { "lat": 47.542099358282414, "lon": -122.33747834365624, "time_of_day": "Morning", "causation": [ "0", "0", "0", "0", "0", "0", "0", "0", "1", "0", "0", "0", "0", "0", "0", "0", "0", "0", "0", "0", "0", "0", "0", "0" ], "duration": 7.0, "sum": 1 }, "geometry": { "type": "Point", "coordinates": [ -122.337478343656244, 47.542099358282414 ] } },
{ "type": "Feature", "properties": { "lat": 47.542174123256331, "lon": -122.35467858514724, "time_of_day": "Late Night", "causation": [ "0", "0", "0", "0", "0", "0", "0", "0", "1", "0", "0", "0", "0", "0", "0", "0", "0", "0", "0", "0", "0", "0", "0", "0" ], "duration": 150.0, "sum": 1 }, "geometry": { "type": "Point", "coordinates": [ -122.354678585147241, 47.542174123256331 ] } },
{ "type": "Feature", "properties": { "lat": 47.542174123256331, "lon": -122.35467858514724, "time_of_day": "Morning", "causation": [ "0", "0", "0", "0", "0", "0", "0", "0", "1", "0", "0", "0", "0", "0", "0", "0", "0", "0", "0", "0", "0", "0", "0", "0" ], "duration": 7.0, "sum": 1 }, "geometry": { "type": "Point", "coordinates": [ -122.354678585147241, 47.542174123256331 ] } },
{ "type": "Feature", "properties": { "lat": 47.542210097139808, "lon": -122.35348825969298, "time_of_day": "Late Night", "causation": [ "0", "0", "0", "0", "0", "0", "0", "0", "1", "0", "0", "0", "0", "0", "0", "0", "0", "0", "0", "0", "0", "0", "0", "0" ], "duration": 150.0, "sum": 1 }, "geometry": { "type": "Point", "coordinates": [ -122.35348825969298, 47.542210097139808 ] } },
{ "type": "Feature", "properties": { "lat": 47.542210097139808, "lon": -122.35348825969298, "time_of_day": "Morning", "causation": [ "0", "0", "0", "0", "0", "0", "0", "0", "1", "0", "0", "0", "0", "0", "0", "0", "0", "0", "0", "0", "0", "0", "0", "0" ], "duration": 7.0, "sum": 1 }, "geometry": { "type": "Point", "coordinates": [ -122.35348825969298, 47.542210097139808 ] } },
{ "type": "Feature", "properties": { "lat": 47.542223266724683, "lon": -122.35406562307377, "time_of_day": "Late Night", "causation": [ "0", "0", "0", "0", "0", "0", "0", "0", "1", "0", "0", "0", "0", "0", "0", "0", "0", "0", "0", "0", "0", "0", "0", "0" ], "duration": 150.0, "sum": 1 }, "geometry": { "type": "Point", "coordinates": [ -122.354065623073765, 47.542223266724683 ] } },
{ "type": "Feature", "properties": { "lat": 47.542223266724683, "lon": -122.35406562307377, "time_of_day": "Morning", "causation": [ "0", "0", "0", "0", "0", "0", "0", "0", "1", "0", "0", "0", "0", "0", "0", "0", "0", "0", "0", "0", "0", "0", "0", "0" ], "duration": 7.0, "sum": 1 }, "geometry": { "type": "Point", "coordinates": [ -122.354065623073765, 47.542223266724683 ] } },
{ "type": "Feature", "properties": { "lat": 47.542352901450762, "lon": -122.3540887636712, "time_of_day": "Late Night", "causation": [ "0", "0", "0", "0", "0", "0", "0", "0", "1", "0", "0", "0", "0", "0", "0", "0", "0", "0", "0", "0", "0", "0", "0", "0" ], "duration": 150.0, "sum": 1 }, "geometry": { "type": "Point", "coordinates": [ -122.3540887636712, 47.542352901450762 ] } },
{ "type": "Feature", "properties": { "lat": 47.542352901450762, "lon": -122.3540887636712, "time_of_day": "Morning", "causation": [ "0", "0", "0", "0", "0", "0", "0", "0", "1", "0", "0", "0", "0", "0", "0", "0", "0", "0", "0", "0", "0", "0", "0", "0" ], "duration": 7.0, "sum": 1 }, "geometry": { "type": "Point", "coordinates": [ -122.3540887636712, 47.542352901450762 ] } },
{ "type": "Feature", "properties": { "lat": 47.542367566791803, "lon": -122.35353784467073, "time_of_day": "Late Night", "causation": [ "0", "0", "0", "0", "0", "0", "0", "0", "2", "0", "0", "0", "0", "0", "0", "0", "0", "0", "0", "0", "0", "0", "0", "0" ], "duration": 300.0, "sum": 2 }, "geometry": { "type": "Point", "coordinates": [ -122.353537844670726, 47.542367566791803 ] } },
{ "type": "Feature", "properties": { "lat": 47.542367566791803, "lon": -122.35353784467073, "time_of_day": "Morning", "causation": [ "0", "0", "0", "0", "0", "0", "0", "0", "2", "0", "0", "0", "0", "0", "0", "0", "0", "0", "0", "0", "0", "0", "0", "0" ], "duration": 14.0, "sum": 2 }, "geometry": { "type": "Point", "coordinates": [ -122.353537844670726, 47.542367566791803 ] } },
{ "type": "Feature", "properties": { "lat": 47.542375830318903, "lon": -122.35464964866928, "time_of_day": "Late Night", "causation": [ "0", "0", "0", "0", "0", "0", "0", "0", "1", "0", "0", "0", "0", "0", "0", "0", "0", "0", "0", "0", "0", "0", "0", "0" ], "duration": 150.0, "sum": 1 }, "geometry": { "type": "Point", "coordinates": [ -122.35464964866928, 47.542375830318903 ] } },
{ "type": "Feature", "properties": { "lat": 47.542375830318903, "lon": -122.35464964866928, "time_of_day": "Morning", "causation": [ "0", "0", "0", "0", "0", "0", "0", "0", "1", "0", "0", "0", "0", "0", "0", "0", "0", "0", "0", "0", "0", "0", "0", "0" ], "duration": 7.0, "sum": 1 }, "geometry": { "type": "Point", "coordinates": [ -122.35464964866928, 47.542375830318903 ] } },
{ "type": "Feature", "properties": { "lat": 47.542419027473954, "lon": -122.35531034052774, "time_of_day": "Late Night", "causation": [ "0", "0", "0", "0", "0", "0", "0", "0", "1", "0", "0", "0", "0", "0", "0", "0", "0", "0", "0", "0", "0", "0", "0", "0" ], "duration": 150.0, "sum": 1 }, "geometry": { "type": "Point", "coordinates": [ -122.355310340527737, 47.542419027473954 ] } },
{ "type": "Feature", "properties": { "lat": 47.542419027473954, "lon": -122.35531034052774, "time_of_day": "Morning", "causation": [ "0", "0", "0", "0", "0", "0", "0", "0", "1", "0", "0", "0", "0", "0", "0", "0", "0", "0", "0", "0", "0", "0", "0", "0" ], "duration": 7.0, "sum": 1 }, "geometry": { "type": "Point", "coordinates": [ -122.355310340527737, 47.542419027473954 ] } },
{ "type": "Feature", "properties": { "lat": 47.54251373770699, "lon": -122.35407932518685, "time_of_day": "Late Night", "causation": [ "0", "0", "0", "0", "0", "0", "0", "0", "1", "0", "0", "0", "0", "0", "0", "0", "0", "0", "0", "0", "0", "0", "0", "0" ], "duration": 150.0, "sum": 1 }, "geometry": { "type": "Point", "coordinates": [ -122.354079325186845, 47.54251373770699 ] } },
{ "type": "Feature", "properties": { "lat": 47.54251373770699, "lon": -122.35407932518685, "time_of_day": "Morning", "causation": [ "0", "0", "0", "0", "0", "0", "0", "0", "1", "0", "0", "0", "0", "0", "0", "0", "0", "0", "0", "0", "0", "0", "0", "0" ], "duration": 7.0, "sum": 1 }, "geometry": { "type": "Point", "coordinates": [ -122.354079325186845, 47.54251373770699 ] } },
{ "type": "Feature", "properties": { "lat": 47.542534521775067, "lon": -122.35352607228036, "time_of_day": "Late Night", "causation": [ "0", "0", "0", "0", "0", "0", "0", "0", "1", "0", "0", "0", "0", "0", "0", "0", "0", "0", "0", "0", "0", "0", "0", "0" ], "duration": 150.0, "sum": 1 }, "geometry": { "type": "Point", "coordinates": [ -122.35352607228036, 47.542534521775067 ] } },
{ "type": "Feature", "properties": { "lat": 47.542534521775067, "lon": -122.35352607228036, "time_of_day": "Morning", "causation": [ "0", "0", "0", "0", "0", "0", "0", "0", "1", "0", "0", "0", "0", "0", "0", "0", "0", "0", "0", "0", "0", "0", "0", "0" ], "duration": 7.0, "sum": 1 }, "geometry": { "type": "Point", "coordinates": [ -122.35352607228036, 47.542534521775067 ] } },
{ "type": "Feature", "properties": { "lat": 47.542552462922387, "lon": -122.3546523764047, "time_of_day": "Late Night", "causation": [ "0", "0", "0", "0", "0", "0", "0", "0", "1", "0", "0", "0", "0", "0", "0", "0", "0", "0", "0", "0", "0", "0", "0", "0" ], "duration": 150.0, "sum": 1 }, "geometry": { "type": "Point", "coordinates": [ -122.354652376404701, 47.542552462922387 ] } },
{ "type": "Feature", "properties": { "lat": 47.542552462922387, "lon": -122.3546523764047, "time_of_day": "Morning", "causation": [ "0", "0", "0", "0", "0", "0", "0", "0", "1", "0", "0", "0", "0", "0", "0", "0", "0", "0", "0", "0", "0", "0", "0", "0" ], "duration": 7.0, "sum": 1 }, "geometry": { "type": "Point", "coordinates": [ -122.354652376404701, 47.542552462922387 ] } },
{ "type": "Feature", "properties": { "lat": 47.542616129635761, "lon": -122.35531812299016, "time_of_day": "Late Night", "causation": [ "0", "0", "0", "0", "0", "0", "0", "0", "1", "0", "0", "0", "0", "0", "0", "0", "0", "0", "0", "0", "0", "0", "0", "0" ], "duration": 150.0, "sum": 1 }, "geometry": { "type": "Point", "coordinates": [ -122.355318122990155, 47.542616129635761 ] } },
{ "type": "Feature", "properties": { "lat": 47.542616129635761, "lon": -122.35531812299016, "time_of_day": "Morning", "causation": [ "0", "0", "0", "0", "0", "0", "0", "0", "1", "0", "0", "0", "0", "0", "0", "0", "0", "0", "0", "0", "0", "0", "0", "0" ], "duration": 7.0, "sum": 1 }, "geometry": { "type": "Point", "coordinates": [ -122.355318122990155, 47.542616129635761 ] } },
{ "type": "Feature", "properties": { "lat": 47.542663255514896, "lon": -122.35350176481506, "time_of_day": "Late Night", "causation": [ "0", "0", "0", "0", "0", "0", "0", "0", "1", "0", "0", "0", "0", "0", "0", "0", "0", "0", "0", "0", "0", "0", "0", "0" ], "duration": 150.0, "sum": 1 }, "geometry": { "type": "Point", "coordinates": [ -122.353501764815064, 47.542663255514896 ] } },
{ "type": "Feature", "properties": { "lat": 47.542663255514896, "lon": -122.35350176481506, "time_of_day": "Morning", "causation": [ "0", "0", "0", "0", "0", "0", "0", "0", "1", "0", "0", "0", "0", "0", "0", "0", "0", "0", "0", "0", "0", "0", "0", "0" ], "duration": 7.0, "sum": 1 }, "geometry": { "type": "Point", "coordinates": [ -122.353501764815064, 47.542663255514896 ] } },
{ "type": "Feature", "properties": { "lat": 47.542706468152332, "lon": -122.35405117709166, "time_of_day": "Late Night", "causation": [ "0", "0", "0", "0", "0", "0", "0", "0", "1", "0", "0", "0", "0", "0", "0", "0", "0", "0", "0", "0", "0", "0", "0", "0" ], "duration": 150.0, "sum": 1 }, "geometry": { "type": "Point", "coordinates": [ -122.354051177091662, 47.542706468152332 ] } },
{ "type": "Feature", "properties": { "lat": 47.542706468152332, "lon": -122.35405117709166, "time_of_day": "Morning", "causation": [ "0", "0", "0", "0", "0", "0", "0", "0", "1", "0", "0", "0", "0", "0", "0", "0", "0", "0", "0", "0", "0", "0", "0", "0" ], "duration": 7.0, "sum": 1 }, "geometry": { "type": "Point", "coordinates": [ -122.354051177091662, 47.542706468152332 ] } },
{ "type": "Feature", "properties": { "lat": 47.542706709511059, "lon": -122.35459038610074, "time_of_day": "Late Night", "causation": [ "0", "0", "0", "0", "0", "0", "0", "0", "1", "0", "0", "0", "0", "0", "0", "0", "0", "0", "0", "0", "0", "0", "0", "0" ], "duration": 150.0, "sum": 1 }, "geometry": { "type": "Point", "coordinates": [ -122.354590386100739, 47.542706709511059 ] } },
{ "type": "Feature", "properties": { "lat": 47.542706709511059, "lon": -122.35459038610074, "time_of_day": "Morning", "causation": [ "0", "0", "0", "0", "0", "0", "0", "0", "1", "0", "0", "0", "0", "0", "0", "0", "0", "0", "0", "0", "0", "0", "0", "0" ], "duration": 7.0, "sum": 1 }, "geometry": { "type": "Point", "coordinates": [ -122.354590386100739, 47.542706709511059 ] } },
{ "type": "Feature", "properties": { "lat": 47.542738224222347, "lon": -122.35531670860644, "time_of_day": "Late Night", "causation": [ "0", "0", "0", "0", "0", "0", "0", "0", "1", "0", "0", "0", "0", "0", "0", "0", "0", "0", "0", "0", "0", "0", "0", "0" ], "duration": 150.0, "sum": 1 }, "geometry": { "type": "Point", "coordinates": [ -122.355316708606438, 47.542738224222347 ] } },
{ "type": "Feature", "properties": { "lat": 47.542738224222347, "lon": -122.35531670860644, "time_of_day": "Morning", "causation": [ "0", "0", "0", "0", "0", "0", "0", "0", "1", "0", "0", "0", "0", "0", "0", "0", "0", "0", "0", "0", "0", "0", "0", "0" ], "duration": 7.0, "sum": 1 }, "geometry": { "type": "Point", "coordinates": [ -122.355316708606438, 47.542738224222347 ] } },
{ "type": "Feature", "properties": { "lat": 47.542924937653602, "lon": -122.33981023788736, "time_of_day": "Late Night", "causation": [ "0", "0", "0", "0", "0", "0", "0", "0", "1", "0", "0", "0", "0", "0", "0", "0", "0", "0", "0", "0", "0", "0", "0", "0" ], "duration": 150.0, "sum": 1 }, "geometry": { "type": "Point", "coordinates": [ -122.339810237887363, 47.542924937653602 ] } },
{ "type": "Feature", "properties": { "lat": 47.542924937653602, "lon": -122.33981023788736, "time_of_day": "Morning", "causation": [ "0", "0", "0", "0", "0", "0", "0", "0", "1", "0", "0", "0", "0", "0", "0", "0", "0", "0", "0", "0", "0", "0", "0", "0" ], "duration": 7.0, "sum": 1 }, "geometry": { "type": "Point", "coordinates": [ -122.339810237887363, 47.542924937653602 ] } },
{ "type": "Feature", "properties": { "lat": 47.543026385168588, "lon": -122.3546039720888, "time_of_day": "Late Night", "causation": [ "0", "0", "0", "0", "0", "0", "0", "0", "1", "0", "0", "0", "0", "0", "0", "0", "0", "0", "0", "0", "0", "0", "0", "0" ], "duration": 150.0, "sum": 1 }, "geometry": { "type": "Point", "coordinates": [ -122.354603972088796, 47.543026385168588 ] } },
{ "type": "Feature", "properties": { "lat": 47.543026385168588, "lon": -122.3546039720888, "time_of_day": "Morning", "causation": [ "0", "0", "0", "0", "0", "0", "0", "0", "1", "0", "0", "0", "0", "0", "0", "0", "0", "0", "0", "0", "0", "0", "0", "0" ], "duration": 7.0, "sum": 1 }, "geometry": { "type": "Point", "coordinates": [ -122.354603972088796, 47.543026385168588 ] } },
{ "type": "Feature", "properties": { "lat": 47.54303783759751, "lon": -122.3541129674588, "time_of_day": "Late Night", "causation": [ "0", "0", "0", "0", "0", "0", "0", "0", "1", "0", "0", "0", "0", "0", "0", "0", "0", "0", "0", "0", "0", "0", "0", "0" ], "duration": 150.0, "sum": 1 }, "geometry": { "type": "Point", "coordinates": [ -122.354112967458803, 47.54303783759751 ] } },
{ "type": "Feature", "properties": { "lat": 47.54303783759751, "lon": -122.3541129674588, "time_of_day": "Morning", "causation": [ "0", "0", "0", "0", "0", "0", "0", "0", "1", "0", "0", "0", "0", "0", "0", "0", "0", "0", "0", "0", "0", "0", "0", "0" ], "duration": 7.0, "sum": 1 }, "geometry": { "type": "Point", "coordinates": [ -122.354112967458803, 47.54303783759751 ] } },
{ "type": "Feature", "properties": { "lat": 47.543193803380291, "lon": -122.3545862635448, "time_of_day": "Late Night", "causation": [ "0", "0", "0", "0", "0", "0", "0", "0", "1", "0", "0", "0", "0", "0", "0", "0", "0", "0", "0", "0", "0", "0", "0", "0" ], "duration": 150.0, "sum": 1 }, "geometry": { "type": "Point", "coordinates": [ -122.354586263544803, 47.543193803380291 ] } },
{ "type": "Feature", "properties": { "lat": 47.543193803380291, "lon": -122.3545862635448, "time_of_day": "Morning", "causation": [ "0", "0", "0", "0", "0", "0", "0", "0", "1", "0", "0", "0", "0", "0", "0", "0", "0", "0", "0", "0", "0", "0", "0", "0" ], "duration": 7.0, "sum": 1 }, "geometry": { "type": "Point", "coordinates": [ -122.354586263544803, 47.543193803380291 ] } },
{ "type": "Feature", "properties": { "lat": 47.54332290255239, "lon": -122.35459614794053, "time_of_day": "Late Night", "causation": [ "0", "0", "0", "0", "0", "0", "0", "0", "1", "0", "0", "0", "0", "0", "0", "0", "0", "0", "0", "0", "0", "0", "0", "0" ], "duration": 150.0, "sum": 1 }, "geometry": { "type": "Point", "coordinates": [ -122.354596147940526, 47.54332290255239 ] } },
{ "type": "Feature", "properties": { "lat": 47.54332290255239, "lon": -122.35459614794053, "time_of_day": "Morning", "causation": [ "0", "0", "0", "0", "0", "0", "0", "0", "1", "0", "0", "0", "0", "0", "0", "0", "0", "0", "0", "0", "0", "0", "0", "0" ], "duration": 7.0, "sum": 1 }, "geometry": { "type": "Point", "coordinates": [ -122.354596147940526, 47.54332290255239 ] } },
{ "type": "Feature", "properties": { "lat": 47.543479724958928, "lon": -122.35459165570222, "time_of_day": "Late Night", "causation": [ "0", "0", "0", "0", "0", "0", "0", "0", "1", "0", "0", "0", "0", "0", "0", "0", "0", "0", "0", "0", "0", "0", "0", "0" ], "duration": 150.0, "sum": 1 }, "geometry": { "type": "Point", "coordinates": [ -122.354591655702222, 47.543479724958928 ] } },
{ "type": "Feature", "properties": { "lat": 47.543479724958928, "lon": -122.35459165570222, "time_of_day": "Morning", "causation": [ "0", "0", "0", "0", "0", "0", "0", "0", "1", "0", "0", "0", "0", "0", "0", "0", "0", "0", "0", "0", "0", "0", "0", "0" ], "duration": 7.0, "sum": 1 }, "geometry": { "type": "Point", "coordinates": [ -122.354591655702222, 47.543479724958928 ] } },
{ "type": "Feature", "properties": { "lat": 47.543567747209472, "lon": -122.35538597298104, "time_of_day": "Late Night", "causation": [ "0", "0", "0", "0", "0", "0", "0", "0", "1", "0", "0", "0", "0", "0", "0", "0", "0", "0", "0", "0", "0", "0", "0", "0" ], "duration": 150.0, "sum": 1 }, "geometry": { "type": "Point", "coordinates": [ -122.35538597298104, 47.543567747209472 ] } },
{ "type": "Feature", "properties": { "lat": 47.543567747209472, "lon": -122.35538597298104, "time_of_day": "Morning", "causation": [ "0", "0", "0", "0", "0", "0", "0", "0", "1", "0", "0", "0", "0", "0", "0", "0", "0", "0", "0", "0", "0", "0", "0", "0" ], "duration": 7.0, "sum": 1 }, "geometry": { "type": "Point", "coordinates": [ -122.35538597298104, 47.543567747209472 ] } },
{ "type": "Feature", "properties": { "lat": 47.543599965660803, "lon": -122.35458735070596, "time_of_day": "Late Night", "causation": [ "0", "0", "0", "0", "0", "0", "0", "0", "2", "0", "0", "0", "0", "0", "0", "0", "0", "0", "0", "0", "0", "0", "0", "0" ], "duration": 300.0, "sum": 2 }, "geometry": { "type": "Point", "coordinates": [ -122.354587350705955, 47.543599965660803 ] } },
{ "type": "Feature", "properties": { "lat": 47.543599965660803, "lon": -122.35458735070596, "time_of_day": "Morning", "causation": [ "0", "0", "0", "0", "0", "0", "0", "0", "2", "0", "0", "0", "0", "0", "0", "0", "0", "0", "0", "0", "0", "0", "0", "0" ], "duration": 14.0, "sum": 2 }, "geometry": { "type": "Point", "coordinates": [ -122.354587350705955, 47.543599965660803 ] } },
{ "type": "Feature", "properties": { "lat": 47.543732186021245, "lon": -122.3544992434816, "time_of_day": "Late Night", "causation": [ "0", "0", "0", "0", "0", "0", "0", "0", "1", "0", "0", "0", "0", "0", "0", "0", "0", "0", "0", "0", "0", "0", "0", "0" ], "duration": 150.0, "sum": 1 }, "geometry": { "type": "Point", "coordinates": [ -122.354499243481598, 47.543732186021245 ] } },
{ "type": "Feature", "properties": { "lat": 47.543732186021245, "lon": -122.3544992434816, "time_of_day": "Morning", "causation": [ "0", "0", "0", "0", "0", "0", "0", "0", "1", "0", "0", "0", "0", "0", "0", "0", "0", "0", "0", "0", "0", "0", "0", "0" ], "duration": 7.0, "sum": 1 }, "geometry": { "type": "Point", "coordinates": [ -122.354499243481598, 47.543732186021245 ] } },
{ "type": "Feature", "properties": { "lat": 47.543790270362443, "lon": -122.35542223877466, "time_of_day": "Late Night", "causation": [ "0", "0", "0", "0", "0", "0", "0", "0", "2", "0", "0", "0", "0", "0", "0", "0", "0", "0", "0", "0", "0", "0", "0", "0" ], "duration": 300.0, "sum": 2 }, "geometry": { "type": "Point", "coordinates": [ -122.355422238774665, 47.543790270362443 ] } },
{ "type": "Feature", "properties": { "lat": 47.543790270362443, "lon": -122.35542223877466, "time_of_day": "Morning", "causation": [ "0", "0", "0", "0", "0", "0", "0", "0", "2", "0", "0", "0", "0", "0", "0", "0", "0", "0", "0", "0", "0", "0", "0", "0" ], "duration": 14.0, "sum": 2 }, "geometry": { "type": "Point", "coordinates": [ -122.355422238774665, 47.543790270362443 ] } },
{ "type": "Feature", "properties": { "lat": 47.543886800923602, "lon": -122.35457770479904, "time_of_day": "Late Night", "causation": [ "0", "0", "0", "0", "0", "0", "0", "0", "1", "0", "0", "0", "0", "0", "0", "0", "0", "0", "0", "0", "0", "0", "0", "0" ], "duration": 150.0, "sum": 1 }, "geometry": { "type": "Point", "coordinates": [ -122.354577704799041, 47.543886800923602 ] } },
{ "type": "Feature", "properties": { "lat": 47.543886800923602, "lon": -122.35457770479904, "time_of_day": "Morning", "causation": [ "0", "0", "0", "0", "0", "0", "0", "0", "1", "0", "0", "0", "0", "0", "0", "0", "0", "0", "0", "0", "0", "0", "0", "0" ], "duration": 7.0, "sum": 1 }, "geometry": { "type": "Point", "coordinates": [ -122.354577704799041, 47.543886800923602 ] } },
{ "type": "Feature", "properties": { "lat": 47.543993846108521, "lon": -122.35408830789854, "time_of_day": "Late Night", "causation": [ "0", "0", "0", "0", "0", "0", "0", "0", "1", "0", "0", "0", "0", "0", "0", "0", "0", "0", "0", "0", "0", "0", "0", "0" ], "duration": 150.0, "sum": 1 }, "geometry": { "type": "Point", "coordinates": [ -122.354088307898536, 47.543993846108521 ] } },
{ "type": "Feature", "properties": { "lat": 47.543993846108521, "lon": -122.35408830789854, "time_of_day": "Morning", "causation": [ "0", "0", "0", "0", "0", "0", "0", "0", "1", "0", "0", "0", "0", "0", "0", "0", "0", "0", "0", "0", "0", "0", "0", "0" ], "duration": 7.0, "sum": 1 }, "geometry": { "type": "Point", "coordinates": [ -122.354088307898536, 47.543993846108521 ] } },
{ "type": "Feature", "properties": { "lat": 47.544003229978607, "lon": -122.35458163079244, "time_of_day": "Late Night", "causation": [ "0", "0", "0", "0", "0", "0", "0", "0", "1", "0", "0", "0", "0", "0", "0", "0", "0", "0", "0", "0", "0", "0", "0", "0" ], "duration": 150.0, "sum": 1 }, "geometry": { "type": "Point", "coordinates": [ -122.354581630792438, 47.544003229978607 ] } },
{ "type": "Feature", "properties": { "lat": 47.544003229978607, "lon": -122.35458163079244, "time_of_day": "Morning", "causation": [ "0", "0", "0", "0", "0", "0", "0", "0", "1", "0", "0", "0", "0", "0", "0", "0", "0", "0", "0", "0", "0", "0", "0", "0" ], "duration": 7.0, "sum": 1 }, "geometry": { "type": "Point", "coordinates": [ -122.354581630792438, 47.544003229978607 ] } },
{ "type": "Feature", "properties": { "lat": 47.544127193403163, "lon": -122.3551890880434, "time_of_day": "Late Night", "causation": [ "0", "0", "0", "0", "0", "0", "0", "0", "1", "0", "0", "0", "0", "0", "0", "0", "0", "0", "0", "0", "0", "0", "0", "0" ], "duration": 150.0, "sum": 1 }, "geometry": { "type": "Point", "coordinates": [ -122.355189088043403, 47.544127193403163 ] } },
{ "type": "Feature", "properties": { "lat": 47.544127193403163, "lon": -122.3551890880434, "time_of_day": "Morning", "causation": [ "0", "0", "0", "0", "0", "0", "0", "0", "1", "0", "0", "0", "0", "0", "0", "0", "0", "0", "0", "0", "0", "0", "0", "0" ], "duration": 7.0, "sum": 1 }, "geometry": { "type": "Point", "coordinates": [ -122.355189088043403, 47.544127193403163 ] } },
{ "type": "Feature", "properties": { "lat": 47.544131774195549, "lon": -122.35456740344742, "time_of_day": "Late Night", "causation": [ "0", "0", "0", "0", "0", "0", "0", "0", "1", "0", "0", "0", "0", "0", "0", "0", "0", "0", "0", "0", "0", "0", "0", "0" ], "duration": 150.0, "sum": 1 }, "geometry": { "type": "Point", "coordinates": [ -122.354567403447419, 47.544131774195549 ] } },
{ "type": "Feature", "properties": { "lat": 47.544131774195549, "lon": -122.35456740344742, "time_of_day": "Morning", "causation": [ "0", "0", "0", "0", "0", "0", "0", "0", "1", "0", "0", "0", "0", "0", "0", "0", "0", "0", "0", "0", "0", "0", "0", "0" ], "duration": 7.0, "sum": 1 }, "geometry": { "type": "Point", "coordinates": [ -122.354567403447419, 47.544131774195549 ] } },
{ "type": "Feature", "properties": { "lat": 47.544282451973132, "lon": -122.35457536672236, "time_of_day": "Late Night", "causation": [ "0", "0", "0", "0", "0", "0", "0", "0", "1", "0", "0", "0", "0", "0", "0", "0", "0", "0", "0", "0", "0", "0", "0", "0" ], "duration": 150.0, "sum": 1 }, "geometry": { "type": "Point", "coordinates": [ -122.354575366722358, 47.544282451973132 ] } },
{ "type": "Feature", "properties": { "lat": 47.544282451973132, "lon": -122.35457536672236, "time_of_day": "Morning", "causation": [ "0", "0", "0", "0", "0", "0", "0", "0", "1", "0", "0", "0", "0", "0", "0", "0", "0", "0", "0", "0", "0", "0", "0", "0" ], "duration": 7.0, "sum": 1 }, "geometry": { "type": "Point", "coordinates": [ -122.354575366722358, 47.544282451973132 ] } },
{ "type": "Feature", "properties": { "lat": 47.544319286428554, "lon": -122.34512058683067, "time_of_day": "Late Night", "causation": [ "0", "0", "0", "0", "0", "0", "0", "0", "1", "0", "0", "0", "0", "0", "0", "0", "0", "0", "0", "0", "0", "0", "0", "0" ], "duration": 150.0, "sum": 1 }, "geometry": { "type": "Point", "coordinates": [ -122.345120586830674, 47.544319286428554 ] } },
{ "type": "Feature", "properties": { "lat": 47.544319286428554, "lon": -122.34512058683067, "time_of_day": "Morning", "causation": [ "0", "0", "0", "0", "0", "0", "0", "0", "1", "0", "0", "0", "0", "0", "0", "0", "0", "0", "0", "0", "0", "0", "0", "0" ], "duration": 7.0, "sum": 1 }, "geometry": { "type": "Point", "coordinates": [ -122.345120586830674, 47.544319286428554 ] } },
{ "type": "Feature", "properties": { "lat": 47.544359080440003, "lon": -122.35518036327814, "time_of_day": "Late Night", "causation": [ "0", "0", "0", "0", "0", "0", "0", "0", "1", "0", "0", "0", "0", "0", "0", "0", "0", "0", "0", "0", "0", "0", "0", "0" ], "duration": 150.0, "sum": 1 }, "geometry": { "type": "Point", "coordinates": [ -122.355180363278137, 47.544359080440003 ] } },
{ "type": "Feature", "properties": { "lat": 47.544359080440003, "lon": -122.35518036327814, "time_of_day": "Morning", "causation": [ "0", "0", "0", "0", "0", "0", "0", "0", "1", "0", "0", "0", "0", "0", "0", "0", "0", "0", "0", "0", "0", "0", "0", "0" ], "duration": 7.0, "sum": 1 }, "geometry": { "type": "Point", "coordinates": [ -122.355180363278137, 47.544359080440003 ] } },
{ "type": "Feature", "properties": { "lat": 47.544411792828512, "lon": -122.35456719662244, "time_of_day": "Late Night", "causation": [ "0", "0", "0", "0", "0", "0", "0", "0", "1", "0", "0", "0", "0", "0", "0", "0", "0", "0", "0", "0", "0", "0", "0", "0" ], "duration": 150.0, "sum": 1 }, "geometry": { "type": "Point", "coordinates": [ -122.35456719662244, 47.544411792828512 ] } },
{ "type": "Feature", "properties": { "lat": 47.544411792828512, "lon": -122.35456719662244, "time_of_day": "Morning", "causation": [ "0", "0", "0", "0", "0", "0", "0", "0", "1", "0", "0", "0", "0", "0", "0", "0", "0", "0", "0", "0", "0", "0", "0", "0" ], "duration": 7.0, "sum": 1 }, "geometry": { "type": "Point", "coordinates": [ -122.35456719662244, 47.544411792828512 ] } },
{ "type": "Feature", "properties": { "lat": 47.54457424706149, "lon": -122.35456805229552, "time_of_day": "Late Night", "causation": [ "0", "0", "0", "0", "0", "0", "0", "0", "2", "0", "0", "0", "0", "0", "0", "0", "0", "0", "0", "0", "0", "0", "0", "0" ], "duration": 300.0, "sum": 2 }, "geometry": { "type": "Point", "coordinates": [ -122.354568052295519, 47.54457424706149 ] } },
{ "type": "Feature", "properties": { "lat": 47.54457424706149, "lon": -122.35456805229552, "time_of_day": "Morning", "causation": [ "0", "0", "0", "0", "0", "0", "0", "0", "2", "0", "0", "0", "0", "0", "0", "0", "0", "0", "0", "0", "0", "0", "0", "0" ], "duration": 14.0, "sum": 2 }, "geometry": { "type": "Point", "coordinates": [ -122.354568052295519, 47.54457424706149 ] } },
{ "type": "Feature", "properties": { "lat": 47.545090824411368, "lon": -122.35525122607504, "time_of_day": "Late Night", "causation": [ "0", "0", "0", "0", "0", "0", "0", "0", "1", "0", "0", "0", "0", "0", "0", "0", "0", "0", "0", "0", "0", "0", "0", "0" ], "duration": 150.0, "sum": 1 }, "geometry": { "type": "Point", "coordinates": [ -122.35525122607504, 47.545090824411368 ] } },
{ "type": "Feature", "properties": { "lat": 47.545090824411368, "lon": -122.35525122607504, "time_of_day": "Morning", "causation": [ "0", "0", "0", "0", "0", "0", "0", "0", "1", "0", "0", "0", "0", "0", "0", "0", "0", "0", "0", "0", "0", "0", "0", "0" ], "duration": 7.0, "sum": 1 }, "geometry": { "type": "Point", "coordinates": [ -122.35525122607504, 47.545090824411368 ] } },
{ "type": "Feature", "properties": { "lat": 47.545255958559281, "lon": -122.35527070612956, "time_of_day": "Late Night", "causation": [ "0", "0", "0", "0", "0", "0", "0", "0", "1", "0", "0", "0", "0", "0", "0", "0", "0", "0", "0", "0", "0", "0", "0", "0" ], "duration": 150.0, "sum": 1 }, "geometry": { "type": "Point", "coordinates": [ -122.355270706129559, 47.545255958559281 ] } },
{ "type": "Feature", "properties": { "lat": 47.545255958559281, "lon": -122.35527070612956, "time_of_day": "Morning", "causation": [ "0", "0", "0", "0", "0", "0", "0", "0", "1", "0", "0", "0", "0", "0", "0", "0", "0", "0", "0", "0", "0", "0", "0", "0" ], "duration": 7.0, "sum": 1 }, "geometry": { "type": "Point", "coordinates": [ -122.355270706129559, 47.545255958559281 ] } },
{ "type": "Feature", "properties": { "lat": 47.545428229243839, "lon": -122.35525131426024, "time_of_day": "Late Night", "causation": [ "0", "0", "0", "0", "0", "0", "0", "0", "1", "0", "0", "0", "0", "0", "0", "0", "0", "0", "0", "0", "0", "0", "0", "0" ], "duration": 150.0, "sum": 1 }, "geometry": { "type": "Point", "coordinates": [ -122.355251314260244, 47.545428229243839 ] } },
{ "type": "Feature", "properties": { "lat": 47.545428229243839, "lon": -122.35525131426024, "time_of_day": "Morning", "causation": [ "0", "0", "0", "0", "0", "0", "0", "0", "1", "0", "0", "0", "0", "0", "0", "0", "0", "0", "0", "0", "0", "0", "0", "0" ], "duration": 7.0, "sum": 1 }, "geometry": { "type": "Point", "coordinates": [ -122.355251314260244, 47.545428229243839 ] } },
{ "type": "Feature", "properties": { "lat": 47.545536569192478, "lon": -122.36287586097332, "time_of_day": "Late Night", "causation": [ "0", "0", "0", "0", "1", "0", "0", "0", "0", "0", "0", "0", "0", "0", "0", "0", "0", "0", "0", "0", "0", "0", "0", "0" ], "duration": 398.0, "sum": 1 }, "geometry": { "type": "Point", "coordinates": [ -122.362875860973318, 47.545536569192478 ] } },
{ "type": "Feature", "properties": { "lat": 47.54555838529253, "lon": -122.37881526373825, "time_of_day": "Late Night", "causation": [ "0", "0", "0", "0", "0", "0", "0", "0", "1", "0", "0", "0", "0", "0", "0", "0", "0", "0", "0", "0", "0", "0", "0", "0" ], "duration": 109.0, "sum": 1 }, "geometry": { "type": "Point", "coordinates": [ -122.378815263738247, 47.54555838529253 ] } },
{ "type": "Feature", "properties": { "lat": 47.545579837620821, "lon": -122.37811070294993, "time_of_day": "Late Night", "causation": [ "0", "0", "0", "0", "0", "0", "0", "0", "1", "0", "0", "0", "0", "0", "0", "0", "0", "0", "0", "0", "0", "0", "0", "0" ], "duration": 109.0, "sum": 1 }, "geometry": { "type": "Point", "coordinates": [ -122.378110702949925, 47.545579837620821 ] } },
{ "type": "Feature", "properties": { "lat": 47.545674507655278, "lon": -122.36287484837408, "time_of_day": "Late Night", "causation": [ "0", "0", "0", "0", "1", "0", "0", "0", "0", "0", "0", "0", "0", "0", "0", "0", "0", "0", "0", "0", "0", "0", "0", "0" ], "duration": 398.0, "sum": 1 }, "geometry": { "type": "Point", "coordinates": [ -122.362874848374076, 47.545674507655278 ] } },
{ "type": "Feature", "properties": { "lat": 47.545681261584569, "lon": -122.37803028359851, "time_of_day": "Late Night", "causation": [ "0", "0", "0", "0", "0", "0", "0", "0", "1", "0", "0", "0", "0", "0", "0", "0", "0", "0", "0", "0", "0", "0", "0", "0" ], "duration": 109.0, "sum": 1 }, "geometry": { "type": "Point", "coordinates": [ -122.378030283598505, 47.545681261584569 ] } },
{ "type": "Feature", "properties": { "lat": 47.545685833620922, "lon": -122.34554612658036, "time_of_day": "Late Night", "causation": [ "0", "0", "0", "0", "0", "0", "0", "0", "2", "0", "0", "0", "0", "0", "0", "0", "0", "0", "0", "0", "0", "0", "0", "0" ], "duration": 300.0, "sum": 2 }, "geometry": { "type": "Point", "coordinates": [ -122.345546126580359, 47.545685833620922 ] } },
{ "type": "Feature", "properties": { "lat": 47.545685833620922, "lon": -122.34554612658036, "time_of_day": "Morning", "causation": [ "0", "0", "0", "0", "0", "0", "0", "0", "2", "0", "0", "0", "0", "0", "0", "0", "0", "0", "0", "0", "0", "0", "0", "0" ], "duration": 14.0, "sum": 2 }, "geometry": { "type": "Point", "coordinates": [ -122.345546126580359, 47.545685833620922 ] } },
{ "type": "Feature", "properties": { "lat": 47.545699602772203, "lon": -122.37883524728382, "time_of_day": "Late Night", "causation": [ "0", "0", "0", "0", "0", "0", "0", "0", "1", "0", "0", "0", "0", "0", "0", "0", "0", "0", "0", "0", "0", "0", "0", "0" ], "duration": 109.0, "sum": 1 }, "geometry": { "type": "Point", "coordinates": [ -122.378835247283817, 47.545699602772203 ] } },
{ "type": "Feature", "properties": { "lat": 47.545829567940565, "lon": -122.36190484867416, "time_of_day": "Late Night", "causation": [ "0", "0", "0", "0", "1", "0", "0", "0", "0", "0", "0", "0", "0", "0", "0", "0", "0", "0", "0", "0", "0", "0", "0", "0" ], "duration": 398.0, "sum": 1 }, "geometry": { "type": "Point", "coordinates": [ -122.361904848674158, 47.545829567940565 ] } },
{ "type": "Feature", "properties": { "lat": 47.545832726340983, "lon": -122.35524363873132, "time_of_day": "Late Night", "causation": [ "0", "0", "0", "0", "0", "0", "0", "0", "1", "0", "0", "0", "0", "0", "0", "0", "0", "0", "0", "0", "0", "0", "0", "0" ], "duration": 150.0, "sum": 1 }, "geometry": { "type": "Point", "coordinates": [ -122.355243638731324, 47.545832726340983 ] } },
{ "type": "Feature", "properties": { "lat": 47.545832726340983, "lon": -122.35524363873132, "time_of_day": "Morning", "causation": [ "0", "0", "0", "0", "0", "0", "0", "0", "1", "0", "0", "0", "0", "0", "0", "0", "0", "0", "0", "0", "0", "0", "0", "0" ], "duration": 7.0, "sum": 1 }, "geometry": { "type": "Point", "coordinates": [ -122.355243638731324, 47.545832726340983 ] } },
{ "type": "Feature", "properties": { "lat": 47.545929050276548, "lon": -122.36284429339956, "time_of_day": "Late Night", "causation": [ "0", "0", "0", "0", "1", "0", "0", "0", "0", "0", "0", "0", "0", "0", "0", "0", "0", "0", "0", "0", "0", "0", "0", "0" ], "duration": 398.0, "sum": 1 }, "geometry": { "type": "Point", "coordinates": [ -122.362844293399561, 47.545929050276548 ] } },
{ "type": "Feature", "properties": { "lat": 47.545952936055031, "lon": -122.36205252527976, "time_of_day": "Late Night", "causation": [ "0", "0", "0", "0", "1", "0", "0", "0", "0", "0", "0", "0", "0", "0", "0", "0", "0", "0", "0", "0", "0", "0", "0", "0" ], "duration": 398.0, "sum": 1 }, "geometry": { "type": "Point", "coordinates": [ -122.362052525279765, 47.545952936055031 ] } },
{ "type": "Feature", "properties": { "lat": 47.545953968505593, "lon": -122.35524414310612, "time_of_day": "Late Night", "causation": [ "0", "0", "0", "0", "0", "0", "0", "0", "1", "0", "0", "0", "0", "0", "0", "0", "0", "0", "0", "0", "0", "0", "0", "0" ], "duration": 150.0, "sum": 1 }, "geometry": { "type": "Point", "coordinates": [ -122.35524414310612, 47.545953968505593 ] } },
{ "type": "Feature", "properties": { "lat": 47.545953968505593, "lon": -122.35524414310612, "time_of_day": "Morning", "causation": [ "0", "0", "0", "0", "0", "0", "0", "0", "1", "0", "0", "0", "0", "0", "0", "0", "0", "0", "0", "0", "0", "0", "0", "0" ], "duration": 7.0, "sum": 1 }, "geometry": { "type": "Point", "coordinates": [ -122.35524414310612, 47.545953968505593 ] } },
{ "type": "Feature", "properties": { "lat": 47.545957393111287, "lon": -122.36172114802842, "time_of_day": "Late Night", "causation": [ "0", "0", "0", "0", "1", "0", "0", "0", "0", "0", "0", "0", "0", "0", "0", "0", "0", "0", "0", "0", "0", "0", "0", "0" ], "duration": 398.0, "sum": 1 }, "geometry": { "type": "Point", "coordinates": [ -122.361721148028423, 47.545957393111287 ] } },
{ "type": "Feature", "properties": { "lat": 47.546062638771041, "lon": -122.35522810109975, "time_of_day": "Late Night", "causation": [ "0", "0", "0", "0", "0", "0", "0", "0", "1", "0", "0", "0", "0", "0", "0", "0", "0", "0", "0", "0", "0", "0", "0", "0" ], "duration": 150.0, "sum": 1 }, "geometry": { "type": "Point", "coordinates": [ -122.355228101099755, 47.546062638771041 ] } },
{ "type": "Feature", "properties": { "lat": 47.546062638771041, "lon": -122.35522810109975, "time_of_day": "Morning", "causation": [ "0", "0", "0", "0", "0", "0", "0", "0", "1", "0", "0", "0", "0", "0", "0", "0", "0", "0", "0", "0", "0", "0", "0", "0" ], "duration": 7.0, "sum": 1 }, "geometry": { "type": "Point", "coordinates": [ -122.355228101099755, 47.546062638771041 ] } },
{ "type": "Feature", "properties": { "lat": 47.546134977466401, "lon": -122.34540375086986, "time_of_day": "Late Night", "causation": [ "0", "0", "0", "0", "0", "0", "0", "0", "1", "0", "0", "0", "0", "0", "0", "0", "0", "0", "0", "0", "0", "0", "0", "0" ], "duration": 150.0, "sum": 1 }, "geometry": { "type": "Point", "coordinates": [ -122.345403750869863, 47.546134977466401 ] } },
{ "type": "Feature", "properties": { "lat": 47.546134977466401, "lon": -122.34540375086986, "time_of_day": "Morning", "causation": [ "0", "0", "0", "0", "0", "0", "0", "0", "1", "0", "0", "0", "0", "0", "0", "0", "0", "0", "0", "0", "0", "0", "0", "0" ], "duration": 7.0, "sum": 1 }, "geometry": { "type": "Point", "coordinates": [ -122.345403750869863, 47.546134977466401 ] } },
{ "type": "Feature", "properties": { "lat": 47.54622724332107, "lon": -122.35525676319972, "time_of_day": "Late Night", "causation": [ "0", "0", "0", "0", "0", "0", "0", "0", "1", "0", "0", "0", "0", "0", "0", "0", "0", "0", "0", "0", "0", "0", "0", "0" ], "duration": 150.0, "sum": 1 }, "geometry": { "type": "Point", "coordinates": [ -122.355256763199719, 47.54622724332107 ] } },
{ "type": "Feature", "properties": { "lat": 47.54622724332107, "lon": -122.35525676319972, "time_of_day": "Morning", "causation": [ "0", "0", "0", "0", "0", "0", "0", "0", "1", "0", "0", "0", "0", "0", "0", "0", "0", "0", "0", "0", "0", "0", "0", "0" ], "duration": 7.0, "sum": 1 }, "geometry": { "type": "Point", "coordinates": [ -122.355256763199719, 47.54622724332107 ] } },
{ "type": "Feature", "properties": { "lat": 47.546312177099551, "lon": -122.3552229980583, "time_of_day": "Late Night", "causation": [ "0", "0", "0", "0", "0", "0", "0", "0", "1", "0", "0", "0", "0", "0", "0", "0", "0", "0", "0", "0", "0", "0", "0", "0" ], "duration": 150.0, "sum": 1 }, "geometry": { "type": "Point", "coordinates": [ -122.355222998058295, 47.546312177099551 ] } },
{ "type": "Feature", "properties": { "lat": 47.546312177099551, "lon": -122.3552229980583, "time_of_day": "Morning", "causation": [ "0", "0", "0", "0", "0", "0", "0", "0", "1", "0", "0", "0", "0", "0", "0", "0", "0", "0", "0", "0", "0", "0", "0", "0" ], "duration": 7.0, "sum": 1 }, "geometry": { "type": "Point", "coordinates": [ -122.355222998058295, 47.546312177099551 ] } },
{ "type": "Feature", "properties": { "lat": 47.546481254407816, "lon": -122.35522477825948, "time_of_day": "Late Night", "causation": [ "0", "0", "0", "0", "0", "0", "0", "0", "1", "0", "0", "0", "0", "0", "0", "0", "0", "0", "0", "0", "0", "0", "0", "0" ], "duration": 150.0, "sum": 1 }, "geometry": { "type": "Point", "coordinates": [ -122.355224778259483, 47.546481254407816 ] } },
{ "type": "Feature", "properties": { "lat": 47.546481254407816, "lon": -122.35522477825948, "time_of_day": "Morning", "causation": [ "0", "0", "0", "0", "0", "0", "0", "0", "1", "0", "0", "0", "0", "0", "0", "0", "0", "0", "0", "0", "0", "0", "0", "0" ], "duration": 7.0, "sum": 1 }, "geometry": { "type": "Point", "coordinates": [ -122.355224778259483, 47.546481254407816 ] } },
{ "type": "Feature", "properties": { "lat": 47.546811580928257, "lon": -122.31750528463049, "time_of_day": "Morning", "causation": [ "0", "0", "0", "0", "0", "0", "0", "0", "1", "0", "0", "0", "0", "0", "0", "0", "0", "0", "0", "0", "0", "0", "0", "0" ], "duration": 387.0, "sum": 1 }, "geometry": { "type": "Point", "coordinates": [ -122.317505284630485, 47.546811580928257 ] } },
{ "type": "Feature", "properties": { "lat": 47.547003678179948, "lon": -122.35308868327613, "time_of_day": "Late Night", "causation": [ "0", "0", "0", "0", "0", "0", "0", "0", "20", "0", "0", "0", "0", "0", "0", "0", "0", "0", "0", "0", "0", "0", "0", "0" ], "duration": 21660.0, "sum": 20 }, "geometry": { "type": "Point", "coordinates": [ -122.353088683276127, 47.547003678179948 ] } },
{ "type": "Feature", "properties": { "lat": 47.547003678179948, "lon": -122.35308868327613, "time_of_day": "Morning", "causation": [ "0", "0", "0", "0", "0", "0", "0", "0", "5", "0", "0", "0", "0", "0", "0", "0", "0", "0", "4", "0", "0", "0", "0", "0" ], "duration": 811.0, "sum": 9 }, "geometry": { "type": "Point", "coordinates": [ -122.353088683276127, 47.547003678179948 ] } },
{ "type": "Feature", "properties": { "lat": 47.54703867581739, "lon": -122.28637013079867, "time_of_day": "Morning", "causation": [ "0", "0", "0", "0", "0", "0", "0", "0", "0", "0", "0", "0", "0", "0", "0", "0", "0", "0", "1", "0", "0", "0", "0", "0" ], "duration": 1106.0, "sum": 1 }, "geometry": { "type": "Point", "coordinates": [ -122.286370130798673, 47.54703867581739 ] } },
{ "type": "Feature", "properties": { "lat": 47.547070264557661, "lon": -122.34438938061921, "time_of_day": "Late Night", "causation": [ "0", "0", "0", "0", "0", "0", "0", "0", "1", "0", "0", "0", "0", "0", "0", "0", "0", "0", "0", "0", "0", "0", "0", "0" ], "duration": 150.0, "sum": 1 }, "geometry": { "type": "Point", "coordinates": [ -122.344389380619205, 47.547070264557661 ] } },
{ "type": "Feature", "properties": { "lat": 47.547070264557661, "lon": -122.34438938061921, "time_of_day": "Morning", "causation": [ "0", "0", "0", "0", "0", "0", "0", "0", "1", "0", "0", "0", "0", "0", "0", "0", "0", "0", "0", "0", "0", "0", "0", "0" ], "duration": 7.0, "sum": 1 }, "geometry": { "type": "Point", "coordinates": [ -122.344389380619205, 47.547070264557661 ] } },
{ "type": "Feature", "properties": { "lat": 47.547304338855362, "lon": -122.28651013309018, "time_of_day": "Morning", "causation": [ "0", "0", "0", "0", "0", "0", "0", "0", "0", "0", "0", "0", "0", "0", "0", "0", "0", "0", "1", "0", "0", "0", "0", "0" ], "duration": 1106.0, "sum": 1 }, "geometry": { "type": "Point", "coordinates": [ -122.286510133090175, 47.547304338855362 ] } },
{ "type": "Feature", "properties": { "lat": 47.547577675597438, "lon": -122.28547701614735, "time_of_day": "Morning", "causation": [ "0", "0", "0", "0", "0", "0", "0", "0", "0", "0", "0", "0", "0", "0", "0", "0", "0", "0", "10", "0", "0", "0", "0", "0" ], "duration": 11060.0, "sum": 10 }, "geometry": { "type": "Point", "coordinates": [ -122.285477016147354, 47.547577675597438 ] } },
{ "type": "Feature", "properties": { "lat": 47.547696873885599, "lon": -122.28671434359336, "time_of_day": "Morning", "causation": [ "0", "0", "0", "0", "0", "0", "0", "0", "0", "0", "0", "0", "0", "0", "0", "0", "0", "0", "1", "0", "0", "0", "0", "0" ], "duration": 1106.0, "sum": 1 }, "geometry": { "type": "Point", "coordinates": [ -122.28671434359336, 47.547696873885599 ] } },
{ "type": "Feature", "properties": { "lat": 47.548090552030679, "lon": -122.28692142403141, "time_of_day": "Morning", "causation": [ "0", "0", "0", "0", "0", "0", "0", "0", "0", "0", "0", "0", "0", "0", "0", "0", "0", "0", "1", "0", "0", "0", "0", "0" ], "duration": 1106.0, "sum": 1 }, "geometry": { "type": "Point", "coordinates": [ -122.286921424031405, 47.548090552030679 ] } },
{ "type": "Feature", "properties": { "lat": 47.548197568609943, "lon": -122.28696879732939, "time_of_day": "Morning", "causation": [ "0", "0", "0", "0", "0", "0", "0", "0", "0", "0", "0", "0", "0", "0", "0", "0", "0", "0", "1", "0", "0", "0", "0", "0" ], "duration": 1106.0, "sum": 1 }, "geometry": { "type": "Point", "coordinates": [ -122.286968797329394, 47.548197568609943 ] } },
{ "type": "Feature", "properties": { "lat": 47.548316892720393, "lon": -122.28702076669468, "time_of_day": "Morning", "causation": [ "0", "0", "0", "0", "0", "0", "0", "0", "0", "0", "0", "0", "0", "0", "0", "0", "0", "0", "1", "0", "0", "0", "0", "0" ], "duration": 1106.0, "sum": 1 }, "geometry": { "type": "Point", "coordinates": [ -122.287020766694681, 47.548316892720393 ] } },
{ "type": "Feature", "properties": { "lat": 47.548551477652445, "lon": -122.2872194835228, "time_of_day": "Morning", "causation": [ "0", "0", "0", "0", "0", "0", "0", "0", "0", "0", "0", "0", "0", "0", "0", "0", "0", "0", "1", "0", "0", "0", "0", "0" ], "duration": 1106.0, "sum": 1 }, "geometry": { "type": "Point", "coordinates": [ -122.287219483522804, 47.548551477652445 ] } },
{ "type": "Feature", "properties": { "lat": 47.548639652505322, "lon": -122.35520192681015, "time_of_day": "Late Night", "causation": [ "0", "0", "0", "0", "0", "0", "0", "0", "1", "0", "0", "0", "0", "0", "0", "0", "0", "0", "0", "0", "0", "0", "0", "0" ], "duration": 150.0, "sum": 1 }, "geometry": { "type": "Point", "coordinates": [ -122.355201926810153, 47.548639652505322 ] } },
{ "type": "Feature", "properties": { "lat": 47.548639652505322, "lon": -122.35520192681015, "time_of_day": "Morning", "causation": [ "0", "0", "0", "0", "0", "0", "0", "0", "1", "0", "0", "0", "0", "0", "0", "0", "0", "0", "0", "0", "0", "0", "0", "0" ], "duration": 7.0, "sum": 1 }, "geometry": { "type": "Point", "coordinates": [ -122.355201926810153, 47.548639652505322 ] } },
{ "type": "Feature", "properties": { "lat": 47.548657539684122, "lon": -122.28725362828986, "time_of_day": "Morning", "causation": [ "0", "0", "0", "0", "0", "0", "0", "0", "0", "0", "0", "0", "0", "0", "0", "0", "0", "0", "4", "0", "0", "0", "0", "0" ], "duration": 4424.0, "sum": 4 }, "geometry": { "type": "Point", "coordinates": [ -122.287253628289861, 47.548657539684122 ] } },
{ "type": "Feature", "properties": { "lat": 47.548729541577529, "lon": -122.34587292426762, "time_of_day": "Late Night", "causation": [ "0", "0", "0", "0", "0", "0", "0", "0", "1", "0", "0", "0", "0", "0", "0", "0", "0", "0", "0", "0", "0", "0", "0", "0" ], "duration": 89.0, "sum": 1 }, "geometry": { "type": "Point", "coordinates": [ -122.345872924267624, 47.548729541577529 ] } },
{ "type": "Feature", "properties": { "lat": 47.54876589595964, "lon": -122.355200969346, "time_of_day": "Late Night", "causation": [ "0", "0", "0", "0", "0", "0", "0", "0", "1", "0", "0", "0", "0", "0", "0", "0", "0", "0", "0", "0", "0", "0", "0", "0" ], "duration": 150.0, "sum": 1 }, "geometry": { "type": "Point", "coordinates": [ -122.355200969346001, 47.54876589595964 ] } },
{ "type": "Feature", "properties": { "lat": 47.54876589595964, "lon": -122.355200969346, "time_of_day": "Morning", "causation": [ "0", "0", "0", "0", "0", "0", "0", "0", "1", "0", "0", "0", "0", "0", "0", "0", "0", "0", "0", "0", "0", "0", "0", "0" ], "duration": 7.0, "sum": 1 }, "geometry": { "type": "Point", "coordinates": [ -122.355200969346001, 47.54876589595964 ] } },
{ "type": "Feature", "properties": { "lat": 47.548779079804817, "lon": -122.28734239399688, "time_of_day": "Morning", "causation": [ "0", "0", "0", "0", "0", "0", "0", "0", "0", "0", "0", "0", "0", "0", "0", "0", "0", "0", "4", "0", "0", "0", "0", "0" ], "duration": 4424.0, "sum": 4 }, "geometry": { "type": "Point", "coordinates": [ -122.28734239399688, 47.548779079804817 ] } },
{ "type": "Feature", "properties": { "lat": 47.54880402089367, "lon": -122.28607601084498, "time_of_day": "Morning", "causation": [ "0", "0", "0", "0", "0", "0", "0", "0", "0", "0", "0", "0", "0", "0", "0", "0", "0", "0", "4", "0", "0", "0", "0", "0" ], "duration": 4424.0, "sum": 4 }, "geometry": { "type": "Point", "coordinates": [ -122.28607601084498, 47.54880402089367 ] } },
{ "type": "Feature", "properties": { "lat": 47.548892139962057, "lon": -122.35520001189325, "time_of_day": "Late Night", "causation": [ "0", "0", "0", "0", "0", "0", "0", "0", "1", "0", "0", "0", "0", "0", "0", "0", "0", "0", "0", "0", "0", "0", "0", "0" ], "duration": 150.0, "sum": 1 }, "geometry": { "type": "Point", "coordinates": [ -122.355200011893245, 47.548892139962057 ] } },
{ "type": "Feature", "properties": { "lat": 47.548892139962057, "lon": -122.35520001189325, "time_of_day": "Morning", "causation": [ "0", "0", "0", "0", "0", "0", "0", "0", "1", "0", "0", "0", "0", "0", "0", "0", "0", "0", "0", "0", "0", "0", "0", "0" ], "duration": 7.0, "sum": 1 }, "geometry": { "type": "Point", "coordinates": [ -122.355200011893245, 47.548892139962057 ] } },
{ "type": "Feature", "properties": { "lat": 47.549018383910216, "lon": -122.35519905848436, "time_of_day": "Late Night", "causation": [ "0", "0", "0", "0", "0", "0", "0", "0", "1", "0", "0", "0", "0", "0", "0", "0", "0", "0", "0", "0", "0", "0", "0", "0" ], "duration": 150.0, "sum": 1 }, "geometry": { "type": "Point", "coordinates": [ -122.355199058484359, 47.549018383910216 ] } },
{ "type": "Feature", "properties": { "lat": 47.549018383910216, "lon": -122.35519905848436, "time_of_day": "Morning", "causation": [ "0", "0", "0", "0", "0", "0", "0", "0", "1", "0", "0", "0", "0", "0", "0", "0", "0", "0", "0", "0", "0", "0", "0", "0" ], "duration": 7.0, "sum": 1 }, "geometry": { "type": "Point", "coordinates": [ -122.355199058484359, 47.549018383910216 ] } },
{ "type": "Feature", "properties": { "lat": 47.549076893918262, "lon": -122.28742972175428, "time_of_day": "Morning", "causation": [ "0", "0", "0", "0", "0", "0", "0", "0", "0", "0", "0", "0", "0", "0", "0", "0", "0", "0", "1", "0", "0", "0", "0", "0" ], "duration": 1106.0, "sum": 1 }, "geometry": { "type": "Point", "coordinates": [ -122.287429721754279, 47.549076893918262 ] } },
{ "type": "Feature", "properties": { "lat": 47.549135719174174, "lon": -122.35519837943136, "time_of_day": "Late Night", "causation": [ "0", "0", "0", "0", "0", "0", "0", "0", "1", "0", "0", "0", "0", "0", "0", "0", "0", "0", "0", "0", "0", "0", "0", "0" ], "duration": 150.0, "sum": 1 }, "geometry": { "type": "Point", "coordinates": [ -122.355198379431357, 47.549135719174174 ] } },
{ "type": "Feature", "properties": { "lat": 47.549135719174174, "lon": -122.35519837943136, "time_of_day": "Morning", "causation": [ "0", "0", "0", "0", "0", "0", "0", "0", "1", "0", "0", "0", "0", "0", "0", "0", "0", "0", "0", "0", "0", "0", "0", "0" ], "duration": 7.0, "sum": 1 }, "geometry": { "type": "Point", "coordinates": [ -122.355198379431357, 47.549135719174174 ] } },
{ "type": "Feature", "properties": { "lat": 47.549222532514051, "lon": -122.28750591769808, "time_of_day": "Morning", "causation": [ "0", "0", "0", "0", "0", "0", "0", "0", "0", "0", "0", "0", "0", "0", "0", "0", "0", "0", "1", "0", "0", "0", "0", "0" ], "duration": 1106.0, "sum": 1 }, "geometry": { "type": "Point", "coordinates": [ -122.287505917698084, 47.549222532514051 ] } },
{ "type": "Feature", "properties": { "lat": 47.549251809836832, "lon": -122.3551612698852, "time_of_day": "Late Night", "causation": [ "0", "0", "0", "0", "0", "0", "0", "0", "1", "0", "0", "0", "0", "0", "0", "0", "0", "0", "0", "0", "0", "0", "0", "0" ], "duration": 150.0, "sum": 1 }, "geometry": { "type": "Point", "coordinates": [ -122.355161269885201, 47.549251809836832 ] } },
{ "type": "Feature", "properties": { "lat": 47.549251809836832, "lon": -122.3551612698852, "time_of_day": "Morning", "causation": [ "0", "0", "0", "0", "0", "0", "0", "0", "1", "0", "0", "0", "0", "0", "0", "0", "0", "0", "0", "0", "0", "0", "0", "0" ], "duration": 7.0, "sum": 1 }, "geometry": { "type": "Point", "coordinates": [ -122.355161269885201, 47.549251809836832 ] } },
{ "type": "Feature", "properties": { "lat": 47.549389958959011, "lon": -122.35519821266352, "time_of_day": "Late Night", "causation": [ "0", "0", "0", "0", "0", "0", "0", "0", "1", "0", "0", "0", "0", "0", "0", "0", "0", "0", "0", "0", "0", "0", "0", "0" ], "duration": 150.0, "sum": 1 }, "geometry": { "type": "Point", "coordinates": [ -122.355198212663524, 47.549389958959011 ] } },
{ "type": "Feature", "properties": { "lat": 47.549389958959011, "lon": -122.35519821266352, "time_of_day": "Morning", "causation": [ "0", "0", "0", "0", "0", "0", "0", "0", "1", "0", "0", "0", "0", "0", "0", "0", "0", "0", "0", "0", "0", "0", "0", "0" ], "duration": 7.0, "sum": 1 }, "geometry": { "type": "Point", "coordinates": [ -122.355198212663524, 47.549389958959011 ] } },
{ "type": "Feature", "properties": { "lat": 47.549446775552418, "lon": -122.28649590101278, "time_of_day": "Morning", "causation": [ "0", "0", "0", "0", "0", "0", "0", "0", "0", "0", "0", "0", "0", "0", "0", "0", "0", "0", "1", "0", "0", "0", "0", "0" ], "duration": 1106.0, "sum": 1 }, "geometry": { "type": "Point", "coordinates": [ -122.286495901012785, 47.549446775552418 ] } },
{ "type": "Feature", "properties": { "lat": 47.549518353372797, "lon": -122.35519892590824, "time_of_day": "Late Night", "causation": [ "0", "0", "0", "0", "0", "0", "0", "0", "1", "0", "0", "0", "0", "0", "0", "0", "0", "0", "0", "0", "0", "0", "0", "0" ], "duration": 150.0, "sum": 1 }, "geometry": { "type": "Point", "coordinates": [ -122.35519892590824, 47.549518353372797 ] } },
{ "type": "Feature", "properties": { "lat": 47.549518353372797, "lon": -122.35519892590824, "time_of_day": "Morning", "causation": [ "0", "0", "0", "0", "0", "0", "0", "0", "1", "0", "0", "0", "0", "0", "0", "0", "0", "0", "0", "0", "0", "0", "0", "0" ], "duration": 7.0, "sum": 1 }, "geometry": { "type": "Point", "coordinates": [ -122.35519892590824, 47.549518353372797 ] } },
{ "type": "Feature", "properties": { "lat": 47.549592629441932, "lon": -122.28822273926588, "time_of_day": "Morning", "causation": [ "0", "0", "0", "0", "0", "0", "0", "0", "0", "0", "0", "0", "0", "0", "0", "0", "0", "0", "1", "0", "0", "0", "0", "0" ], "duration": 1106.0, "sum": 1 }, "geometry": { "type": "Point", "coordinates": [ -122.288222739265876, 47.549592629441932 ] } },
{ "type": "Feature", "properties": { "lat": 47.549615129454295, "lon": -122.34451754907714, "time_of_day": "Late Night", "causation": [ "0", "0", "0", "0", "0", "0", "0", "0", "3", "0", "0", "0", "0", "0", "0", "0", "0", "0", "0", "0", "0", "0", "0", "0" ], "duration": 267.0, "sum": 3 }, "geometry": { "type": "Point", "coordinates": [ -122.344517549077139, 47.549615129454295 ] } },
{ "type": "Feature", "properties": { "lat": 47.549669267906125, "lon": -122.34642773618964, "time_of_day": "Late Night", "causation": [ "0", "0", "0", "0", "0", "0", "0", "0", "1", "0", "0", "0", "0", "0", "0", "0", "0", "0", "0", "0", "0", "0", "0", "0" ], "duration": 89.0, "sum": 1 }, "geometry": { "type": "Point", "coordinates": [ -122.346427736189639, 47.549669267906125 ] } },
{ "type": "Feature", "properties": { "lat": 47.549699839983219, "lon": -122.35511734037772, "time_of_day": "Late Night", "causation": [ "0", "0", "0", "0", "0", "0", "0", "0", "1", "0", "0", "0", "0", "0", "0", "0", "0", "0", "0", "0", "0", "0", "0", "0" ], "duration": 150.0, "sum": 1 }, "geometry": { "type": "Point", "coordinates": [ -122.355117340377717, 47.549699839983219 ] } },
{ "type": "Feature", "properties": { "lat": 47.549699839983219, "lon": -122.35511734037772, "time_of_day": "Morning", "causation": [ "0", "0", "0", "0", "0", "0", "0", "0", "1", "0", "0", "0", "0", "0", "0", "0", "0", "0", "0", "0", "0", "0", "0", "0" ], "duration": 7.0, "sum": 1 }, "geometry": { "type": "Point", "coordinates": [ -122.355117340377717, 47.549699839983219 ] } },
{ "type": "Feature", "properties": { "lat": 47.549825575724341, "lon": -122.3551179717122, "time_of_day": "Late Night", "causation": [ "0", "0", "0", "0", "0", "0", "0", "0", "1", "0", "0", "0", "0", "0", "0", "0", "0", "0", "0", "0", "0", "0", "0", "0" ], "duration": 150.0, "sum": 1 }, "geometry": { "type": "Point", "coordinates": [ -122.355117971712204, 47.549825575724341 ] } },
{ "type": "Feature", "properties": { "lat": 47.549825575724341, "lon": -122.3551179717122, "time_of_day": "Morning", "causation": [ "0", "0", "0", "0", "0", "0", "0", "0", "1", "0", "0", "0", "0", "0", "0", "0", "0", "0", "0", "0", "0", "0", "0", "0" ], "duration": 7.0, "sum": 1 }, "geometry": { "type": "Point", "coordinates": [ -122.355117971712204, 47.549825575724341 ] } },
{ "type": "Feature", "properties": { "lat": 47.549909911644271, "lon": -122.3433796698878, "time_of_day": "Late Night", "causation": [ "0", "0", "0", "0", "0", "0", "0", "0", "2", "0", "0", "0", "0", "0", "0", "0", "0", "0", "0", "0", "0", "0", "0", "0" ], "duration": 178.0, "sum": 2 }, "geometry": { "type": "Point", "coordinates": [ -122.343379669887796, 47.549909911644271 ] } },
{ "type": "Feature", "properties": { "lat": 47.550007661106406, "lon": -122.35510480996388, "time_of_day": "Late Night", "causation": [ "0", "0", "0", "0", "0", "0", "0", "0", "1", "0", "0", "0", "0", "0", "0", "0", "0", "0", "0", "0", "0", "0", "0", "0" ], "duration": 150.0, "sum": 1 }, "geometry": { "type": "Point", "coordinates": [ -122.355104809963876, 47.550007661106406 ] } },
{ "type": "Feature", "properties": { "lat": 47.550007661106406, "lon": -122.35510480996388, "time_of_day": "Morning", "causation": [ "0", "0", "0", "0", "0", "0", "0", "0", "1", "0", "0", "0", "0", "0", "0", "0", "0", "0", "0", "0", "0", "0", "0", "0" ], "duration": 7.0, "sum": 1 }, "geometry": { "type": "Point", "coordinates": [ -122.355104809963876, 47.550007661106406 ] } },
{ "type": "Feature", "properties": { "lat": 47.550050442287024, "lon": -122.28717399738916, "time_of_day": "Morning", "causation": [ "0", "0", "0", "0", "0", "0", "0", "0", "0", "0", "0", "0", "0", "0", "0", "0", "0", "0", "1", "0", "0", "0", "0", "0" ], "duration": 1106.0, "sum": 1 }, "geometry": { "type": "Point", "coordinates": [ -122.287173997389161, 47.550050442287024 ] } },
{ "type": "Feature", "properties": { "lat": 47.550137793653427, "lon": -122.28803614831369, "time_of_day": "Morning", "causation": [ "0", "0", "0", "0", "0", "0", "0", "0", "0", "0", "0", "0", "0", "0", "0", "0", "0", "0", "1", "0", "0", "0", "0", "0" ], "duration": 1106.0, "sum": 1 }, "geometry": { "type": "Point", "coordinates": [ -122.288036148313694, 47.550137793653427 ] } },
{ "type": "Feature", "properties": { "lat": 47.55029214591405, "lon": -122.35508701696158, "time_of_day": "Late Night", "causation": [ "0", "0", "0", "0", "0", "0", "0", "0", "1", "0", "0", "0", "0", "0", "0", "0", "0", "0", "0", "0", "0", "0", "0", "0" ], "duration": 150.0, "sum": 1 }, "geometry": { "type": "Point", "coordinates": [ -122.355087016961576, 47.55029214591405 ] } },
{ "type": "Feature", "properties": { "lat": 47.55029214591405, "lon": -122.35508701696158, "time_of_day": "Morning", "causation": [ "0", "0", "0", "0", "0", "0", "0", "0", "1", "0", "0", "0", "0", "0", "0", "0", "0", "0", "0", "0", "0", "0", "0", "0" ], "duration": 7.0, "sum": 1 }, "geometry": { "type": "Point", "coordinates": [ -122.355087016961576, 47.55029214591405 ] } },
{ "type": "Feature", "properties": { "lat": 47.550507541740522, "lon": -122.35508567039427, "time_of_day": "Late Night", "causation": [ "0", "0", "0", "0", "0", "0", "0", "0", "1", "0", "0", "0", "0", "0", "0", "0", "0", "0", "0", "0", "0", "0", "0", "0" ], "duration": 150.0, "sum": 1 }, "geometry": { "type": "Point", "coordinates": [ -122.355085670394274, 47.550507541740522 ] } },
{ "type": "Feature", "properties": { "lat": 47.550507541740522, "lon": -122.35508567039427, "time_of_day": "Morning", "causation": [ "0", "0", "0", "0", "0", "0", "0", "0", "1", "0", "0", "0", "0", "0", "0", "0", "0", "0", "0", "0", "0", "0", "0", "0" ], "duration": 7.0, "sum": 1 }, "geometry": { "type": "Point", "coordinates": [ -122.355085670394274, 47.550507541740522 ] } },
{ "type": "Feature", "properties": { "lat": 47.550617543951986, "lon": -122.35509634017204, "time_of_day": "Late Night", "causation": [ "0", "0", "0", "0", "0", "0", "0", "0", "1", "0", "0", "0", "0", "0", "0", "0", "0", "0", "0", "0", "0", "0", "0", "0" ], "duration": 150.0, "sum": 1 }, "geometry": { "type": "Point", "coordinates": [ -122.35509634017204, 47.550617543951986 ] } },
{ "type": "Feature", "properties": { "lat": 47.550617543951986, "lon": -122.35509634017204, "time_of_day": "Morning", "causation": [ "0", "0", "0", "0", "0", "0", "0", "0", "1", "0", "0", "0", "0", "0", "0", "0", "0", "0", "0", "0", "0", "0", "0", "0" ], "duration": 7.0, "sum": 1 }, "geometry": { "type": "Point", "coordinates": [ -122.35509634017204, 47.550617543951986 ] } },
{ "type": "Feature", "properties": { "lat": 47.550825377554261, "lon": -122.35510869331461, "time_of_day": "Late Night", "causation": [ "0", "0", "0", "0", "0", "0", "0", "0", "1", "0", "0", "0", "0", "0", "0", "0", "0", "0", "0", "0", "0", "0", "0", "0" ], "duration": 150.0, "sum": 1 }, "geometry": { "type": "Point", "coordinates": [ -122.355108693314605, 47.550825377554261 ] } },
{ "type": "Feature", "properties": { "lat": 47.550825377554261, "lon": -122.35510869331461, "time_of_day": "Morning", "causation": [ "0", "0", "0", "0", "0", "0", "0", "0", "1", "0", "0", "0", "0", "0", "0", "0", "0", "0", "0", "0", "0", "0", "0", "0" ], "duration": 7.0, "sum": 1 }, "geometry": { "type": "Point", "coordinates": [ -122.355108693314605, 47.550825377554261 ] } },
{ "type": "Feature", "properties": { "lat": 47.550964978399868, "lon": -122.35508237040146, "time_of_day": "Late Night", "causation": [ "0", "0", "0", "0", "0", "0", "0", "0", "1", "0", "0", "0", "0", "0", "0", "0", "0", "0", "0", "0", "0", "0", "0", "0" ], "duration": 150.0, "sum": 1 }, "geometry": { "type": "Point", "coordinates": [ -122.355082370401462, 47.550964978399868 ] } },
{ "type": "Feature", "properties": { "lat": 47.550964978399868, "lon": -122.35508237040146, "time_of_day": "Morning", "causation": [ "0", "0", "0", "0", "0", "0", "0", "0", "1", "0", "0", "0", "0", "0", "0", "0", "0", "0", "0", "0", "0", "0", "0", "0" ], "duration": 7.0, "sum": 1 }, "geometry": { "type": "Point", "coordinates": [ -122.355082370401462, 47.550964978399868 ] } },
{ "type": "Feature", "properties": { "lat": 47.551052669995805, "lon": -122.34696761455676, "time_of_day": "Late Night", "causation": [ "0", "0", "0", "0", "0", "0", "0", "0", "2", "0", "0", "0", "0", "0", "0", "0", "0", "0", "0", "0", "0", "0", "0", "0" ], "duration": 178.0, "sum": 2 }, "geometry": { "type": "Point", "coordinates": [ -122.34696761455676, 47.551052669995805 ] } },
{ "type": "Feature", "properties": { "lat": 47.551167030704136, "lon": -122.35508317350772, "time_of_day": "Late Night", "causation": [ "0", "0", "0", "0", "0", "0", "0", "0", "2", "0", "0", "0", "0", "0", "0", "0", "0", "0", "0", "0", "0", "0", "0", "0" ], "duration": 300.0, "sum": 2 }, "geometry": { "type": "Point", "coordinates": [ -122.355083173507722, 47.551167030704136 ] } },
{ "type": "Feature", "properties": { "lat": 47.551167030704136, "lon": -122.35508317350772, "time_of_day": "Morning", "causation": [ "0", "0", "0", "0", "0", "0", "0", "0", "2", "0", "0", "0", "0", "0", "0", "0", "0", "0", "0", "0", "0", "0", "0", "0" ], "duration": 14.0, "sum": 2 }, "geometry": { "type": "Point", "coordinates": [ -122.355083173507722, 47.551167030704136 ] } },
{ "type": "Feature", "properties": { "lat": 47.551227001199003, "lon": -122.30261612473106, "time_of_day": "Morning", "causation": [ "0", "0", "0", "0", "0", "0", "0", "0", "0", "0", "0", "0", "1", "0", "0", "0", "0", "0", "0", "0", "0", "0", "0", "0" ], "duration": 1335.0, "sum": 1 }, "geometry": { "type": "Point", "coordinates": [ -122.30261612473106, 47.551227001199003 ] } },
{ "type": "Feature", "properties": { "lat": 47.551229097284605, "lon": -122.30288025640736, "time_of_day": "Morning", "causation": [ "0", "0", "0", "0", "0", "0", "0", "0", "0", "0", "0", "0", "1", "0", "0", "0", "0", "0", "0", "0", "0", "0", "0", "0" ], "duration": 1335.0, "sum": 1 }, "geometry": { "type": "Point", "coordinates": [ -122.302880256407363, 47.551229097284605 ] } },
{ "type": "Feature", "properties": { "lat": 47.551303183658902, "lon": -122.30240320791496, "time_of_day": "Morning", "causation": [ "0", "0", "0", "0", "0", "0", "0", "0", "0", "0", "0", "0", "1", "0", "0", "0", "0", "0", "0", "0", "0", "0", "0", "0" ], "duration": 1335.0, "sum": 1 }, "geometry": { "type": "Point", "coordinates": [ -122.302403207914963, 47.551303183658902 ] } },
{ "type": "Feature", "properties": { "lat": 47.551349336706288, "lon": -122.34566049181534, "time_of_day": "Late Night", "causation": [ "0", "0", "0", "0", "0", "0", "0", "0", "2", "0", "0", "0", "0", "0", "0", "0", "0", "0", "0", "0", "0", "0", "0", "0" ], "duration": 178.0, "sum": 2 }, "geometry": { "type": "Point", "coordinates": [ -122.345660491815337, 47.551349336706288 ] } },
{ "type": "Feature", "properties": { "lat": 47.551805007204258, "lon": -122.3550632799238, "time_of_day": "Late Night", "causation": [ "0", "0", "0", "0", "0", "0", "0", "0", "1", "0", "0", "0", "0", "0", "0", "0", "0", "0", "0", "0", "0", "0", "0", "0" ], "duration": 150.0, "sum": 1 }, "geometry": { "type": "Point", "coordinates": [ -122.355063279923797, 47.551805007204258 ] } },
{ "type": "Feature", "properties": { "lat": 47.551805007204258, "lon": -122.3550632799238, "time_of_day": "Morning", "causation": [ "0", "0", "0", "0", "0", "0", "0", "0", "1", "0", "0", "0", "0", "0", "0", "0", "0", "0", "0", "0", "0", "0", "0", "0" ], "duration": 7.0, "sum": 1 }, "geometry": { "type": "Point", "coordinates": [ -122.355063279923797, 47.551805007204258 ] } },
{ "type": "Feature", "properties": { "lat": 47.552040759571831, "lon": -122.35516871483524, "time_of_day": "Late Night", "causation": [ "0", "0", "0", "0", "0", "0", "0", "0", "1", "0", "0", "0", "0", "0", "0", "0", "0", "0", "0", "0", "0", "0", "0", "0" ], "duration": 150.0, "sum": 1 }, "geometry": { "type": "Point", "coordinates": [ -122.355168714835244, 47.552040759571831 ] } },
{ "type": "Feature", "properties": { "lat": 47.552040759571831, "lon": -122.35516871483524, "time_of_day": "Morning", "causation": [ "0", "0", "0", "0", "0", "0", "0", "0", "1", "0", "0", "0", "0", "0", "0", "0", "0", "0", "0", "0", "0", "0", "0", "0" ], "duration": 7.0, "sum": 1 }, "geometry": { "type": "Point", "coordinates": [ -122.355168714835244, 47.552040759571831 ] } },
{ "type": "Feature", "properties": { "lat": 47.552101669157608, "lon": -122.35412487747742, "time_of_day": "Late Night", "causation": [ "0", "0", "0", "0", "0", "0", "0", "0", "1", "0", "0", "0", "0", "0", "0", "0", "0", "0", "0", "0", "0", "0", "0", "0" ], "duration": 150.0, "sum": 1 }, "geometry": { "type": "Point", "coordinates": [ -122.354124877477417, 47.552101669157608 ] } },
{ "type": "Feature", "properties": { "lat": 47.552101669157608, "lon": -122.35412487747742, "time_of_day": "Morning", "causation": [ "0", "0", "0", "0", "0", "0", "0", "0", "1", "0", "0", "0", "0", "0", "0", "0", "0", "0", "0", "0", "0", "0", "0", "0" ], "duration": 7.0, "sum": 1 }, "geometry": { "type": "Point", "coordinates": [ -122.354124877477417, 47.552101669157608 ] } },
{ "type": "Feature", "properties": { "lat": 47.552112161199005, "lon": -122.35454358121989, "time_of_day": "Late Night", "causation": [ "0", "0", "0", "0", "0", "0", "0", "0", "1", "0", "0", "0", "0", "0", "0", "0", "0", "0", "0", "0", "0", "0", "0", "0" ], "duration": 150.0, "sum": 1 }, "geometry": { "type": "Point", "coordinates": [ -122.354543581219886, 47.552112161199005 ] } },
{ "type": "Feature", "properties": { "lat": 47.552112161199005, "lon": -122.35454358121989, "time_of_day": "Morning", "causation": [ "0", "0", "0", "0", "0", "0", "0", "0", "1", "0", "0", "0", "0", "0", "0", "0", "0", "0", "0", "0", "0", "0", "0", "0" ], "duration": 7.0, "sum": 1 }, "geometry": { "type": "Point", "coordinates": [ -122.354543581219886, 47.552112161199005 ] } },
{ "type": "Feature", "properties": { "lat": 47.552267569124012, "lon": -122.30706306910346, "time_of_day": "Morning", "causation": [ "0", "0", "0", "0", "0", "0", "0", "0", "0", "0", "0", "0", "1", "0", "0", "0", "0", "0", "0", "0", "0", "0", "0", "0" ], "duration": 982.0, "sum": 1 }, "geometry": { "type": "Point", "coordinates": [ -122.307063069103464, 47.552267569124012 ] } },
{ "type": "Feature", "properties": { "lat": 47.55227042441819, "lon": -122.35448056241964, "time_of_day": "Late Night", "causation": [ "0", "0", "0", "0", "0", "0", "0", "0", "1", "0", "0", "0", "0", "0", "0", "0", "0", "0", "0", "0", "0", "0", "0", "0" ], "duration": 150.0, "sum": 1 }, "geometry": { "type": "Point", "coordinates": [ -122.354480562419639, 47.55227042441819 ] } },
{ "type": "Feature", "properties": { "lat": 47.55227042441819, "lon": -122.35448056241964, "time_of_day": "Morning", "causation": [ "0", "0", "0", "0", "0", "0", "0", "0", "1", "0", "0", "0", "0", "0", "0", "0", "0", "0", "0", "0", "0", "0", "0", "0" ], "duration": 7.0, "sum": 1 }, "geometry": { "type": "Point", "coordinates": [ -122.354480562419639, 47.55227042441819 ] } },
{ "type": "Feature", "properties": { "lat": 47.55241439430101, "lon": -122.32460531276836, "time_of_day": "Late Night", "causation": [ "0", "0", "0", "0", "0", "0", "0", "0", "1", "0", "0", "0", "0", "0", "0", "0", "0", "0", "0", "0", "0", "0", "0", "0" ], "duration": 325.0, "sum": 1 }, "geometry": { "type": "Point", "coordinates": [ -122.324605312768355, 47.55241439430101 ] } },
{ "type": "Feature", "properties": { "lat": 47.552417139629647, "lon": -122.3543645921485, "time_of_day": "Late Night", "causation": [ "0", "0", "0", "0", "0", "0", "0", "0", "1", "0", "0", "0", "0", "0", "0", "0", "0", "0", "0", "0", "0", "0", "0", "0" ], "duration": 150.0, "sum": 1 }, "geometry": { "type": "Point", "coordinates": [ -122.354364592148499, 47.552417139629647 ] } },
{ "type": "Feature", "properties": { "lat": 47.552417139629647, "lon": -122.3543645921485, "time_of_day": "Morning", "causation": [ "0", "0", "0", "0", "0", "0", "0", "0", "1", "0", "0", "0", "0", "0", "0", "0", "0", "0", "0", "0", "0", "0", "0", "0" ], "duration": 7.0, "sum": 1 }, "geometry": { "type": "Point", "coordinates": [ -122.354364592148499, 47.552417139629647 ] } },
{ "type": "Feature", "properties": { "lat": 47.552426544828322, "lon": -122.35508646703846, "time_of_day": "Late Night", "causation": [ "0", "0", "0", "0", "0", "0", "0", "0", "1", "0", "0", "0", "0", "0", "0", "0", "0", "0", "0", "0", "0", "0", "0", "0" ], "duration": 150.0, "sum": 1 }, "geometry": { "type": "Point", "coordinates": [ -122.355086467038461, 47.552426544828322 ] } },
{ "type": "Feature", "properties": { "lat": 47.552426544828322, "lon": -122.35508646703846, "time_of_day": "Morning", "causation": [ "0", "0", "0", "0", "0", "0", "0", "0", "1", "0", "0", "0", "0", "0", "0", "0", "0", "0", "0", "0", "0", "0", "0", "0" ], "duration": 7.0, "sum": 1 }, "geometry": { "type": "Point", "coordinates": [ -122.355086467038461, 47.552426544828322 ] } },
{ "type": "Feature", "properties": { "lat": 47.55257334982349, "lon": -122.30655757059441, "time_of_day": "Morning", "causation": [ "0", "0", "0", "0", "0", "0", "0", "0", "0", "0", "0", "0", "1", "0", "0", "0", "0", "0", "0", "0", "0", "0", "0", "0" ], "duration": 982.0, "sum": 1 }, "geometry": { "type": "Point", "coordinates": [ -122.306557570594407, 47.55257334982349 ] } },
{ "type": "Feature", "properties": { "lat": 47.552615480434426, "lon": -122.354490881524, "time_of_day": "Late Night", "causation": [ "0", "0", "0", "0", "0", "0", "0", "0", "1", "0", "0", "0", "0", "0", "0", "0", "0", "0", "0", "0", "0", "0", "0", "0" ], "duration": 150.0, "sum": 1 }, "geometry": { "type": "Point", "coordinates": [ -122.354490881524001, 47.552615480434426 ] } },
{ "type": "Feature", "properties": { "lat": 47.552615480434426, "lon": -122.354490881524, "time_of_day": "Morning", "causation": [ "0", "0", "0", "0", "0", "0", "0", "0", "1", "0", "0", "0", "0", "0", "0", "0", "0", "0", "0", "0", "0", "0", "0", "0" ], "duration": 7.0, "sum": 1 }, "geometry": { "type": "Point", "coordinates": [ -122.354490881524001, 47.552615480434426 ] } },
{ "type": "Feature", "properties": { "lat": 47.552622759644017, "lon": -122.35402898519352, "time_of_day": "Late Night", "causation": [ "0", "0", "0", "0", "0", "0", "0", "0", "2", "0", "0", "0", "0", "0", "0", "0", "0", "0", "0", "0", "0", "0", "0", "0" ], "duration": 300.0, "sum": 2 }, "geometry": { "type": "Point", "coordinates": [ -122.354028985193523, 47.552622759644017 ] } },
{ "type": "Feature", "properties": { "lat": 47.552622759644017, "lon": -122.35402898519352, "time_of_day": "Morning", "causation": [ "0", "0", "0", "0", "0", "0", "0", "0", "2", "0", "0", "0", "0", "0", "0", "0", "0", "0", "0", "0", "0", "0", "0", "0" ], "duration": 14.0, "sum": 2 }, "geometry": { "type": "Point", "coordinates": [ -122.354028985193523, 47.552622759644017 ] } },
{ "type": "Feature", "properties": { "lat": 47.552671036709512, "lon": -122.305987583252, "time_of_day": "Morning", "causation": [ "0", "0", "0", "0", "0", "0", "0", "0", "0", "0", "0", "0", "1", "0", "0", "0", "0", "0", "0", "0", "0", "0", "0", "0" ], "duration": 1307.0, "sum": 1 }, "geometry": { "type": "Point", "coordinates": [ -122.305987583252005, 47.552671036709512 ] } },
{ "type": "Feature", "properties": { "lat": 47.552697884567166, "lon": -122.30653950847363, "time_of_day": "Morning", "causation": [ "0", "0", "0", "0", "0", "0", "0", "0", "0", "0", "0", "0", "1", "0", "0", "0", "0", "0", "0", "0", "0", "0", "0", "0" ], "duration": 1307.0, "sum": 1 }, "geometry": { "type": "Point", "coordinates": [ -122.306539508473634, 47.552697884567166 ] } },
{ "type": "Feature", "properties": { "lat": 47.552756830445837, "lon": -122.3550895297824, "time_of_day": "Late Night", "causation": [ "0", "0", "0", "0", "0", "0", "0", "0", "1", "0", "0", "0", "0", "0", "0", "0", "0", "0", "0", "0", "0", "0", "0", "0" ], "duration": 150.0, "sum": 1 }, "geometry": { "type": "Point", "coordinates": [ -122.355089529782404, 47.552756830445837 ] } },
{ "type": "Feature", "properties": { "lat": 47.552756830445837, "lon": -122.3550895297824, "time_of_day": "Morning", "causation": [ "0", "0", "0", "0", "0", "0", "0", "0", "1", "0", "0", "0", "0", "0", "0", "0", "0", "0", "0", "0", "0", "0", "0", "0" ], "duration": 7.0, "sum": 1 }, "geometry": { "type": "Point", "coordinates": [ -122.355089529782404, 47.552756830445837 ] } },
{ "type": "Feature", "properties": { "lat": 47.552783002474577, "lon": -122.30598256691152, "time_of_day": "Morning", "causation": [ "0", "0", "0", "0", "0", "0", "0", "0", "0", "0", "0", "0", "1", "0", "0", "0", "0", "0", "0", "0", "0", "0", "0", "0" ], "duration": 1307.0, "sum": 1 }, "geometry": { "type": "Point", "coordinates": [ -122.305982566911524, 47.552783002474577 ] } },
{ "type": "Feature", "properties": { "lat": 47.552787452454531, "lon": -122.30649611092799, "time_of_day": "Morning", "causation": [ "0", "0", "0", "0", "0", "0", "0", "0", "0", "0", "0", "0", "1", "0", "0", "0", "0", "0", "0", "0", "0", "0", "0", "0" ], "duration": 1307.0, "sum": 1 }, "geometry": { "type": "Point", "coordinates": [ -122.306496110927995, 47.552787452454531 ] } },
{ "type": "Feature", "properties": { "lat": 47.552787502985169, "lon": -122.35429099681188, "time_of_day": "Late Night", "causation": [ "0", "0", "0", "0", "0", "0", "0", "0", "1", "0", "0", "0", "0", "0", "0", "0", "0", "0", "0", "0", "0", "0", "0", "0" ], "duration": 150.0, "sum": 1 }, "geometry": { "type": "Point", "coordinates": [ -122.354290996811883, 47.552787502985169 ] } },
{ "type": "Feature", "properties": { "lat": 47.552787502985169, "lon": -122.35429099681188, "time_of_day": "Morning", "causation": [ "0", "0", "0", "0", "0", "0", "0", "0", "1", "0", "0", "0", "0", "0", "0", "0", "0", "0", "0", "0", "0", "0", "0", "0" ], "duration": 7.0, "sum": 1 }, "geometry": { "type": "Point", "coordinates": [ -122.354290996811883, 47.552787502985169 ] } },
{ "type": "Feature", "properties": { "lat": 47.552793502159453, "lon": -122.35400352707724, "time_of_day": "Late Night", "causation": [ "0", "0", "0", "0", "0", "0", "0", "0", "1", "0", "0", "0", "0", "0", "0", "0", "0", "0", "0", "0", "0", "0", "0", "0" ], "duration": 150.0, "sum": 1 }, "geometry": { "type": "Point", "coordinates": [ -122.354003527077239, 47.552793502159453 ] } },
{ "type": "Feature", "properties": { "lat": 47.552793502159453, "lon": -122.35400352707724, "time_of_day": "Morning", "causation": [ "0", "0", "0", "0", "0", "0", "0", "0", "1", "0", "0", "0", "0", "0", "0", "0", "0", "0", "0", "0", "0", "0", "0", "0" ], "duration": 7.0, "sum": 1 }, "geometry": { "type": "Point", "coordinates": [ -122.354003527077239, 47.552793502159453 ] } },
{ "type": "Feature", "properties": { "lat": 47.552851642765418, "lon": -122.34547172947248, "time_of_day": "Late Night", "causation": [ "0", "0", "0", "0", "0", "0", "0", "0", "1", "0", "0", "0", "0", "0", "0", "0", "0", "0", "0", "0", "0", "0", "0", "0" ], "duration": 89.0, "sum": 1 }, "geometry": { "type": "Point", "coordinates": [ -122.345471729472479, 47.552851642765418 ] } },
{ "type": "Feature", "properties": { "lat": 47.552900679061914, "lon": -122.30598330144464, "time_of_day": "Morning", "causation": [ "0", "0", "0", "0", "0", "0", "0", "0", "0", "0", "0", "0", "1", "0", "0", "0", "0", "0", "0", "0", "0", "0", "0", "0" ], "duration": 1307.0, "sum": 1 }, "geometry": { "type": "Point", "coordinates": [ -122.305983301444641, 47.552900679061914 ] } },
{ "type": "Feature", "properties": { "lat": 47.552913620746935, "lon": -122.30652288735256, "time_of_day": "Morning", "causation": [ "0", "0", "0", "0", "0", "0", "0", "0", "0", "0", "0", "0", "1", "0", "0", "0", "0", "0", "0", "0", "0", "0", "0", "0" ], "duration": 985.0, "sum": 1 }, "geometry": { "type": "Point", "coordinates": [ -122.306522887352557, 47.552913620746935 ] } },
{ "type": "Feature", "properties": { "lat": 47.552920002938627, "lon": -122.3070289538241, "time_of_day": "Morning", "causation": [ "0", "0", "0", "0", "0", "0", "0", "0", "0", "0", "0", "0", "1", "0", "0", "0", "0", "0", "0", "0", "0", "0", "0", "0" ], "duration": 985.0, "sum": 1 }, "geometry": { "type": "Point", "coordinates": [ -122.307028953824101, 47.552920002938627 ] } },
{ "type": "Feature", "properties": { "lat": 47.55294923938726, "lon": -122.35444173533304, "time_of_day": "Late Night", "causation": [ "0", "0", "0", "0", "0", "0", "0", "0", "1", "0", "0", "0", "0", "0", "0", "0", "0", "0", "0", "0", "0", "0", "0", "0" ], "duration": 150.0, "sum": 1 }, "geometry": { "type": "Point", "coordinates": [ -122.35444173533304, 47.55294923938726 ] } },
{ "type": "Feature", "properties": { "lat": 47.55294923938726, "lon": -122.35444173533304, "time_of_day": "Morning", "causation": [ "0", "0", "0", "0", "0", "0", "0", "0", "1", "0", "0", "0", "0", "0", "0", "0", "0", "0", "0", "0", "0", "0", "0", "0" ], "duration": 7.0, "sum": 1 }, "geometry": { "type": "Point", "coordinates": [ -122.35444173533304, 47.55294923938726 ] } },
{ "type": "Feature", "properties": { "lat": 47.552983913205082, "lon": -122.35509065102508, "time_of_day": "Late Night", "causation": [ "0", "0", "0", "0", "0", "0", "0", "0", "1", "0", "0", "0", "0", "0", "0", "0", "0", "0", "0", "0", "0", "0", "0", "0" ], "duration": 150.0, "sum": 1 }, "geometry": { "type": "Point", "coordinates": [ -122.35509065102508, 47.552983913205082 ] } },
{ "type": "Feature", "properties": { "lat": 47.552983913205082, "lon": -122.35509065102508, "time_of_day": "Morning", "causation": [ "0", "0", "0", "0", "0", "0", "0", "0", "1", "0", "0", "0", "0", "0", "0", "0", "0", "0", "0", "0", "0", "0", "0", "0" ], "duration": 7.0, "sum": 1 }, "geometry": { "type": "Point", "coordinates": [ -122.35509065102508, 47.552983913205082 ] } },
{ "type": "Feature", "properties": { "lat": 47.552992968344491, "lon": -122.35401394714737, "time_of_day": "Late Night", "causation": [ "0", "0", "0", "0", "0", "0", "0", "0", "1", "0", "0", "0", "0", "0", "0", "0", "0", "0", "0", "0", "0", "0", "0", "0" ], "duration": 150.0, "sum": 1 }, "geometry": { "type": "Point", "coordinates": [ -122.354013947147365, 47.552992968344491 ] } },
{ "type": "Feature", "properties": { "lat": 47.552992968344491, "lon": -122.35401394714737, "time_of_day": "Morning", "causation": [ "0", "0", "0", "0", "0", "0", "0", "0", "1", "0", "0", "0", "0", "0", "0", "0", "0", "0", "0", "0", "0", "0", "0", "0" ], "duration": 7.0, "sum": 1 }, "geometry": { "type": "Point", "coordinates": [ -122.354013947147365, 47.552992968344491 ] } },
{ "type": "Feature", "properties": { "lat": 47.552996055001046, "lon": -122.30592333909426, "time_of_day": "Morning", "causation": [ "0", "0", "0", "0", "0", "0", "0", "0", "0", "0", "0", "0", "1", "0", "0", "0", "0", "0", "0", "0", "0", "0", "0", "0" ], "duration": 1307.0, "sum": 1 }, "geometry": { "type": "Point", "coordinates": [ -122.305923339094264, 47.552996055001046 ] } },
{ "type": "Feature", "properties": { "lat": 47.553017913931797, "lon": -122.30653657022027, "time_of_day": "Morning", "causation": [ "0", "0", "0", "0", "0", "0", "0", "0", "0", "0", "0", "0", "1", "0", "0", "0", "0", "0", "0", "0", "0", "0", "0", "0" ], "duration": 1307.0, "sum": 1 }, "geometry": { "type": "Point", "coordinates": [ -122.306536570220274, 47.553017913931797 ] } },
{ "type": "Feature", "properties": { "lat": 47.553113065113656, "lon": -122.30593320842939, "time_of_day": "Morning", "causation": [ "0", "0", "0", "0", "0", "0", "0", "0", "0", "0", "0", "0", "1", "0", "0", "0", "0", "0", "0", "0", "0", "0", "0", "0" ], "duration": 1307.0, "sum": 1 }, "geometry": { "type": "Point", "coordinates": [ -122.305933208429394, 47.553113065113656 ] } },
{ "type": "Feature", "properties": { "lat": 47.55312510302798, "lon": -122.35443840537746, "time_of_day": "Late Night", "causation": [ "0", "0", "0", "0", "0", "0", "0", "0", "1", "0", "0", "0", "0", "0", "0", "0", "0", "0", "0", "0", "0", "0", "0", "0" ], "duration": 150.0, "sum": 1 }, "geometry": { "type": "Point", "coordinates": [ -122.354438405377465, 47.55312510302798 ] } },
{ "type": "Feature", "properties": { "lat": 47.55312510302798, "lon": -122.35443840537746, "time_of_day": "Morning", "causation": [ "0", "0", "0", "0", "0", "0", "0", "0", "1", "0", "0", "0", "0", "0", "0", "0", "0", "0", "0", "0", "0", "0", "0", "0" ], "duration": 7.0, "sum": 1 }, "geometry": { "type": "Point", "coordinates": [ -122.354438405377465, 47.55312510302798 ] } },
{ "type": "Feature", "properties": { "lat": 47.553131771163862, "lon": -122.30652524947732, "time_of_day": "Morning", "causation": [ "0", "0", "0", "0", "0", "0", "0", "0", "0", "0", "0", "0", "1", "0", "0", "0", "0", "0", "0", "0", "0", "0", "0", "0" ], "duration": 985.0, "sum": 1 }, "geometry": { "type": "Point", "coordinates": [ -122.306525249477318, 47.553131771163862 ] } },
{ "type": "Feature", "properties": { "lat": 47.553237838154473, "lon": -122.30655008053826, "time_of_day": "Morning", "causation": [ "0", "0", "0", "0", "0", "0", "0", "0", "0", "0", "0", "0", "1", "0", "0", "0", "0", "0", "0", "0", "0", "0", "0", "0" ], "duration": 985.0, "sum": 1 }, "geometry": { "type": "Point", "coordinates": [ -122.306550080538258, 47.553237838154473 ] } },
{ "type": "Feature", "properties": { "lat": 47.553254966908248, "lon": -122.3071599002504, "time_of_day": "Morning", "causation": [ "0", "0", "0", "0", "0", "0", "0", "0", "0", "0", "0", "0", "1", "0", "0", "0", "0", "0", "0", "0", "0", "0", "0", "0" ], "duration": 985.0, "sum": 1 }, "geometry": { "type": "Point", "coordinates": [ -122.307159900250397, 47.553254966908248 ] } },
{ "type": "Feature", "properties": { "lat": 47.55327362639359, "lon": -122.3550651235274, "time_of_day": "Late Night", "causation": [ "0", "0", "0", "0", "0", "0", "0", "0", "1", "0", "0", "0", "0", "0", "0", "0", "0", "0", "0", "0", "0", "0", "0", "0" ], "duration": 150.0, "sum": 1 }, "geometry": { "type": "Point", "coordinates": [ -122.355065123527396, 47.55327362639359 ] } },
{ "type": "Feature", "properties": { "lat": 47.55327362639359, "lon": -122.3550651235274, "time_of_day": "Morning", "causation": [ "0", "0", "0", "0", "0", "0", "0", "0", "1", "0", "0", "0", "0", "0", "0", "0", "0", "0", "0", "0", "0", "0", "0", "0" ], "duration": 7.0, "sum": 1 }, "geometry": { "type": "Point", "coordinates": [ -122.355065123527396, 47.55327362639359 ] } },
{ "type": "Feature", "properties": { "lat": 47.553338945064709, "lon": -122.35453946984308, "time_of_day": "Late Night", "causation": [ "0", "0", "0", "0", "0", "0", "0", "0", "2", "0", "0", "0", "0", "0", "0", "0", "0", "0", "0", "0", "0", "0", "0", "0" ], "duration": 300.0, "sum": 2 }, "geometry": { "type": "Point", "coordinates": [ -122.354539469843075, 47.553338945064709 ] } },
{ "type": "Feature", "properties": { "lat": 47.553338945064709, "lon": -122.35453946984308, "time_of_day": "Morning", "causation": [ "0", "0", "0", "0", "0", "0", "0", "0", "2", "0", "0", "0", "0", "0", "0", "0", "0", "0", "0", "0", "0", "0", "0", "0" ], "duration": 14.0, "sum": 2 }, "geometry": { "type": "Point", "coordinates": [ -122.354539469843075, 47.553338945064709 ] } },
{ "type": "Feature", "properties": { "lat": 47.553445569873098, "lon": -122.3551586198008, "time_of_day": "Late Night", "causation": [ "0", "0", "0", "0", "0", "0", "0", "0", "1", "0", "0", "0", "0", "0", "0", "0", "0", "0", "0", "0", "0", "0", "0", "0" ], "duration": 150.0, "sum": 1 }, "geometry": { "type": "Point", "coordinates": [ -122.355158619800804, 47.553445569873098 ] } },
{ "type": "Feature", "properties": { "lat": 47.553445569873098, "lon": -122.3551586198008, "time_of_day": "Morning", "causation": [ "0", "0", "0", "0", "0", "0", "0", "0", "1", "0", "0", "0", "0", "0", "0", "0", "0", "0", "0", "0", "0", "0", "0", "0" ], "duration": 7.0, "sum": 1 }, "geometry": { "type": "Point", "coordinates": [ -122.355158619800804, 47.553445569873098 ] } },
{ "type": "Feature", "properties": { "lat": 47.553487489627045, "lon": -122.34734475790816, "time_of_day": "Late Night", "causation": [ "0", "0", "0", "0", "0", "0", "0", "0", "3", "0", "0", "0", "0", "0", "0", "0", "0", "0", "0", "0", "0", "0", "0", "0" ], "duration": 267.0, "sum": 3 }, "geometry": { "type": "Point", "coordinates": [ -122.347344757908161, 47.553487489627045 ] } },
{ "type": "Feature", "properties": { "lat": 47.553487489627045, "lon": -122.34734475790816, "time_of_day": "Morning", "causation": [ "0", "0", "0", "0", "1", "0", "0", "0", "0", "0", "0", "0", "0", "0", "0", "0", "0", "0", "0", "0", "0", "0", "0", "0" ], "duration": 428.0, "sum": 1 }, "geometry": { "type": "Point", "coordinates": [ -122.347344757908161, 47.553487489627045 ] } },
{ "type": "Feature", "properties": { "lat": 47.553496369725103, "lon": -122.35397145901121, "time_of_day": "Late Night", "causation": [ "0", "0", "0", "0", "0", "0", "0", "0", "1", "0", "0", "0", "0", "0", "0", "0", "0", "0", "0", "0", "0", "0", "0", "0" ], "duration": 150.0, "sum": 1 }, "geometry": { "type": "Point", "coordinates": [ -122.353971459011206, 47.553496369725103 ] } },
{ "type": "Feature", "properties": { "lat": 47.553496369725103, "lon": -122.35397145901121, "time_of_day": "Morning", "causation": [ "0", "0", "0", "0", "0", "0", "0", "0", "1", "0", "0", "0", "0", "0", "0", "0", "0", "0", "0", "0", "0", "0", "0", "0" ], "duration": 7.0, "sum": 1 }, "geometry": { "type": "Point", "coordinates": [ -122.353971459011206, 47.553496369725103 ] } },
{ "type": "Feature", "properties": { "lat": 47.553511549354788, "lon": -122.35452146348727, "time_of_day": "Late Night", "causation": [ "0", "0", "0", "0", "0", "0", "0", "0", "1", "0", "0", "0", "0", "0", "0", "0", "0", "0", "0", "0", "0", "0", "0", "0" ], "duration": 150.0, "sum": 1 }, "geometry": { "type": "Point", "coordinates": [ -122.354521463487274, 47.553511549354788 ] } },
{ "type": "Feature", "properties": { "lat": 47.553511549354788, "lon": -122.35452146348727, "time_of_day": "Morning", "causation": [ "0", "0", "0", "0", "0", "0", "0", "0", "1", "0", "0", "0", "0", "0", "0", "0", "0", "0", "0", "0", "0", "0", "0", "0" ], "duration": 7.0, "sum": 1 }, "geometry": { "type": "Point", "coordinates": [ -122.354521463487274, 47.553511549354788 ] } },
{ "type": "Feature", "properties": { "lat": 47.553562901231388, "lon": -122.30708314970509, "time_of_day": "Morning", "causation": [ "0", "0", "0", "0", "0", "0", "0", "0", "0", "0", "0", "0", "1", "0", "0", "0", "0", "0", "0", "0", "0", "0", "0", "0" ], "duration": 985.0, "sum": 1 }, "geometry": { "type": "Point", "coordinates": [ -122.307083149705093, 47.553562901231388 ] } },
{ "type": "Feature", "properties": { "lat": 47.553570515933714, "lon": -122.35515079116789, "time_of_day": "Late Night", "causation": [ "0", "0", "0", "0", "0", "0", "0", "0", "1", "0", "0", "0", "0", "0", "0", "0", "0", "0", "0", "0", "0", "0", "0", "0" ], "duration": 150.0, "sum": 1 }, "geometry": { "type": "Point", "coordinates": [ -122.355150791167887, 47.553570515933714 ] } },
{ "type": "Feature", "properties": { "lat": 47.553570515933714, "lon": -122.35515079116789, "time_of_day": "Morning", "causation": [ "0", "0", "0", "0", "0", "0", "0", "0", "1", "0", "0", "0", "0", "0", "0", "0", "0", "0", "0", "0", "0", "0", "0", "0" ], "duration": 7.0, "sum": 1 }, "geometry": { "type": "Point", "coordinates": [ -122.355150791167887, 47.553570515933714 ] } },
{ "type": "Feature", "properties": { "lat": 47.553678033021811, "lon": -122.30707081299524, "time_of_day": "Morning", "causation": [ "0", "0", "0", "0", "0", "0", "0", "0", "0", "0", "0", "0", "1", "0", "0", "0", "0", "0", "0", "0", "0", "0", "0", "0" ], "duration": 985.0, "sum": 1 }, "geometry": { "type": "Point", "coordinates": [ -122.307070812995235, 47.553678033021811 ] } },
{ "type": "Feature", "properties": { "lat": 47.553789169474051, "lon": -122.30709169795628, "time_of_day": "Morning", "causation": [ "0", "0", "0", "0", "0", "0", "0", "0", "0", "0", "0", "0", "1", "0", "0", "0", "0", "0", "0", "0", "0", "0", "0", "0" ], "duration": 985.0, "sum": 1 }, "geometry": { "type": "Point", "coordinates": [ -122.307091697956281, 47.553789169474051 ] } },
{ "type": "Feature", "properties": { "lat": 47.55379961671558, "lon": -122.30653113512348, "time_of_day": "Morning", "causation": [ "0", "0", "0", "0", "0", "0", "0", "0", "0", "0", "0", "0", "1", "0", "0", "0", "0", "0", "0", "0", "0", "0", "0", "0" ], "duration": 985.0, "sum": 1 }, "geometry": { "type": "Point", "coordinates": [ -122.306531135123478, 47.55379961671558 ] } },
{ "type": "Feature", "properties": { "lat": 47.553904005234173, "lon": -122.3550936083673, "time_of_day": "Late Night", "causation": [ "0", "0", "0", "0", "0", "0", "0", "0", "1", "0", "0", "0", "0", "0", "0", "0", "0", "0", "0", "0", "0", "0", "0", "0" ], "duration": 150.0, "sum": 1 }, "geometry": { "type": "Point", "coordinates": [ -122.355093608367298, 47.553904005234173 ] } },
{ "type": "Feature", "properties": { "lat": 47.553904005234173, "lon": -122.3550936083673, "time_of_day": "Morning", "causation": [ "0", "0", "0", "0", "0", "0", "0", "0", "1", "0", "0", "0", "0", "0", "0", "0", "0", "0", "0", "0", "0", "0", "0", "0" ], "duration": 7.0, "sum": 1 }, "geometry": { "type": "Point", "coordinates": [ -122.355093608367298, 47.553904005234173 ] } },
{ "type": "Feature", "properties": { "lat": 47.553943968892099, "lon": -122.34516395044147, "time_of_day": "Late Night", "causation": [ "0", "0", "0", "0", "0", "0", "0", "0", "1", "0", "0", "0", "0", "0", "0", "0", "0", "0", "0", "0", "0", "0", "0", "0" ], "duration": 89.0, "sum": 1 }, "geometry": { "type": "Point", "coordinates": [ -122.345163950441474, 47.553943968892099 ] } },
{ "type": "Feature", "properties": { "lat": 47.553962308920802, "lon": -122.35454296683869, "time_of_day": "Late Night", "causation": [ "0", "0", "0", "0", "0", "0", "0", "0", "1", "0", "0", "0", "0", "0", "0", "0", "0", "0", "0", "0", "0", "0", "0", "0" ], "duration": 150.0, "sum": 1 }, "geometry": { "type": "Point", "coordinates": [ -122.354542966838693, 47.553962308920802 ] } },
{ "type": "Feature", "properties": { "lat": 47.553962308920802, "lon": -122.35454296683869, "time_of_day": "Morning", "causation": [ "0", "0", "0", "0", "0", "0", "0", "0", "1", "0", "0", "0", "0", "0", "0", "0", "0", "0", "0", "0", "0", "0", "0", "0" ], "duration": 7.0, "sum": 1 }, "geometry": { "type": "Point", "coordinates": [ -122.354542966838693, 47.553962308920802 ] } },
{ "type": "Feature", "properties": { "lat": 47.553972280196298, "lon": -122.35436031096276, "time_of_day": "Late Night", "causation": [ "0", "0", "0", "0", "0", "0", "0", "0", "1", "0", "0", "0", "0", "0", "0", "0", "0", "0", "0", "0", "0", "0", "0", "0" ], "duration": 150.0, "sum": 1 }, "geometry": { "type": "Point", "coordinates": [ -122.354360310962761, 47.553972280196298 ] } },
{ "type": "Feature", "properties": { "lat": 47.553972280196298, "lon": -122.35436031096276, "time_of_day": "Morning", "causation": [ "0", "0", "0", "0", "0", "0", "0", "0", "1", "0", "0", "0", "0", "0", "0", "0", "0", "0", "0", "0", "0", "0", "0", "0" ], "duration": 7.0, "sum": 1 }, "geometry": { "type": "Point", "coordinates": [ -122.354360310962761, 47.553972280196298 ] } },
{ "type": "Feature", "properties": { "lat": 47.553986433458753, "lon": -122.35388124299142, "time_of_day": "Late Night", "causation": [ "0", "0", "0", "0", "0", "0", "0", "0", "1", "0", "0", "0", "0", "0", "0", "0", "0", "0", "0", "0", "0", "0", "0", "0" ], "duration": 150.0, "sum": 1 }, "geometry": { "type": "Point", "coordinates": [ -122.35388124299142, 47.553986433458753 ] } },
{ "type": "Feature", "properties": { "lat": 47.553986433458753, "lon": -122.35388124299142, "time_of_day": "Morning", "causation": [ "0", "0", "0", "0", "0", "0", "0", "0", "1", "0", "0", "0", "0", "0", "0", "0", "0", "0", "0", "0", "0", "0", "0", "0" ], "duration": 7.0, "sum": 1 }, "geometry": { "type": "Point", "coordinates": [ -122.35388124299142, 47.553986433458753 ] } },
{ "type": "Feature", "properties": { "lat": 47.554003892433421, "lon": -122.35410524489969, "time_of_day": "Late Night", "causation": [ "0", "0", "0", "0", "0", "0", "0", "0", "1", "0", "0", "0", "0", "0", "0", "0", "0", "0", "0", "0", "0", "0", "0", "0" ], "duration": 150.0, "sum": 1 }, "geometry": { "type": "Point", "coordinates": [ -122.354105244899685, 47.554003892433421 ] } },
{ "type": "Feature", "properties": { "lat": 47.554003892433421, "lon": -122.35410524489969, "time_of_day": "Morning", "causation": [ "0", "0", "0", "0", "0", "0", "0", "0", "1", "0", "0", "0", "0", "0", "0", "0", "0", "0", "0", "0", "0", "0", "0", "0" ], "duration": 7.0, "sum": 1 }, "geometry": { "type": "Point", "coordinates": [ -122.354105244899685, 47.554003892433421 ] } },
{ "type": "Feature", "properties": { "lat": 47.554138115138571, "lon": -122.35514796777724, "time_of_day": "Late Night", "causation": [ "0", "0", "0", "0", "0", "0", "0", "0", "1", "0", "0", "0", "0", "0", "0", "0", "0", "0", "0", "0", "0", "0", "0", "0" ], "duration": 150.0, "sum": 1 }, "geometry": { "type": "Point", "coordinates": [ -122.355147967777242, 47.554138115138571 ] } },
{ "type": "Feature", "properties": { "lat": 47.554138115138571, "lon": -122.35514796777724, "time_of_day": "Morning", "causation": [ "0", "0", "0", "0", "0", "0", "0", "0", "1", "0", "0", "0", "0", "0", "0", "0", "0", "0", "0", "0", "0", "0", "0", "0" ], "duration": 7.0, "sum": 1 }, "geometry": { "type": "Point", "coordinates": [ -122.355147967777242, 47.554138115138571 ] } },
{ "type": "Feature", "properties": { "lat": 47.55420803645336, "lon": -122.35438577860572, "time_of_day": "Late Night", "causation": [ "0", "0", "0", "0", "0", "0", "0", "0", "1", "0", "0", "0", "0", "0", "0", "0", "0", "0", "0", "0", "0", "0", "0", "0" ], "duration": 150.0, "sum": 1 }, "geometry": { "type": "Point", "coordinates": [ -122.354385778605717, 47.55420803645336 ] } },
{ "type": "Feature", "properties": { "lat": 47.55420803645336, "lon": -122.35438577860572, "time_of_day": "Morning", "causation": [ "0", "0", "0", "0", "0", "0", "0", "0", "1", "0", "0", "0", "0", "0", "0", "0", "0", "0", "0", "0", "0", "0", "0", "0" ], "duration": 7.0, "sum": 1 }, "geometry": { "type": "Point", "coordinates": [ -122.354385778605717, 47.55420803645336 ] } },
{ "type": "Feature", "properties": { "lat": 47.554356501699537, "lon": -122.35507276705511, "time_of_day": "Late Night", "causation": [ "0", "0", "0", "0", "0", "0", "0", "0", "1", "0", "0", "0", "0", "0", "0", "0", "0", "0", "0", "0", "0", "0", "0", "0" ], "duration": 150.0, "sum": 1 }, "geometry": { "type": "Point", "coordinates": [ -122.355072767055105, 47.554356501699537 ] } },
{ "type": "Feature", "properties": { "lat": 47.554356501699537, "lon": -122.35507276705511, "time_of_day": "Morning", "causation": [ "0", "0", "0", "0", "0", "0", "0", "0", "1", "0", "0", "0", "0", "0", "0", "0", "0", "0", "0", "0", "0", "0", "0", "0" ], "duration": 7.0, "sum": 1 }, "geometry": { "type": "Point", "coordinates": [ -122.355072767055105, 47.554356501699537 ] } },
{ "type": "Feature", "properties": { "lat": 47.55436927010075, "lon": -122.35439684597098, "time_of_day": "Late Night", "causation": [ "0", "0", "0", "0", "0", "0", "0", "0", "1", "0", "0", "0", "0", "0", "0", "0", "0", "0", "0", "0", "0", "0", "0", "0" ], "duration": 150.0, "sum": 1 }, "geometry": { "type": "Point", "coordinates": [ -122.354396845970982, 47.55436927010075 ] } },
{ "type": "Feature", "properties": { "lat": 47.55436927010075, "lon": -122.35439684597098, "time_of_day": "Morning", "causation": [ "0", "0", "0", "0", "0", "0", "0", "0", "1", "0", "0", "0", "0", "0", "0", "0", "0", "0", "0", "0", "0", "0", "0", "0" ], "duration": 7.0, "sum": 1 }, "geometry": { "type": "Point", "coordinates": [ -122.354396845970982, 47.55436927010075 ] } },
{ "type": "Feature", "properties": { "lat": 47.554479243804721, "lon": -122.35439733534916, "time_of_day": "Late Night", "causation": [ "0", "0", "0", "0", "0", "0", "0", "0", "1", "0", "0", "0", "0", "0", "0", "0", "0", "0", "0", "0", "0", "0", "0", "0" ], "duration": 150.0, "sum": 1 }, "geometry": { "type": "Point", "coordinates": [ -122.354397335349162, 47.554479243804721 ] } },
{ "type": "Feature", "properties": { "lat": 47.554479243804721, "lon": -122.35439733534916, "time_of_day": "Morning", "causation": [ "0", "0", "0", "0", "0", "0", "0", "0", "1", "0", "0", "0", "0", "0", "0", "0", "0", "0", "0", "0", "0", "0", "0", "0" ], "duration": 7.0, "sum": 1 }, "geometry": { "type": "Point", "coordinates": [ -122.354397335349162, 47.554479243804721 ] } },
{ "type": "Feature", "properties": { "lat": 47.554598645416142, "lon": -122.35511613354116, "time_of_day": "Late Night", "causation": [ "0", "0", "0", "0", "0", "0", "0", "0", "1", "0", "0", "0", "0", "0", "0", "0", "0", "0", "0", "0", "0", "0", "0", "0" ], "duration": 150.0, "sum": 1 }, "geometry": { "type": "Point", "coordinates": [ -122.355116133541159, 47.554598645416142 ] } },
{ "type": "Feature", "properties": { "lat": 47.554598645416142, "lon": -122.35511613354116, "time_of_day": "Morning", "causation": [ "0", "0", "0", "0", "0", "0", "0", "0", "1", "0", "0", "0", "0", "0", "0", "0", "0", "0", "0", "0", "0", "0", "0", "0" ], "duration": 7.0, "sum": 1 }, "geometry": { "type": "Point", "coordinates": [ -122.355116133541159, 47.554598645416142 ] } },
{ "type": "Feature", "properties": { "lat": 47.554635219504817, "lon": -122.35440111632175, "time_of_day": "Late Night", "causation": [ "0", "0", "0", "0", "0", "0", "0", "0", "1", "0", "0", "0", "0", "0", "0", "0", "0", "0", "0", "0", "0", "0", "0", "0" ], "duration": 150.0, "sum": 1 }, "geometry": { "type": "Point", "coordinates": [ -122.354401116321753, 47.554635219504817 ] } },
{ "type": "Feature", "properties": { "lat": 47.554635219504817, "lon": -122.35440111632175, "time_of_day": "Morning", "causation": [ "0", "0", "0", "0", "0", "0", "0", "0", "1", "0", "0", "0", "0", "0", "0", "0", "0", "0", "0", "0", "0", "0", "0", "0" ], "duration": 7.0, "sum": 1 }, "geometry": { "type": "Point", "coordinates": [ -122.354401116321753, 47.554635219504817 ] } },
{ "type": "Feature", "properties": { "lat": 47.554726039638723, "lon": -122.35526382288836, "time_of_day": "Late Night", "causation": [ "0", "0", "0", "0", "0", "0", "0", "0", "1", "0", "0", "0", "0", "0", "0", "0", "0", "0", "0", "0", "0", "0", "0", "0" ], "duration": 150.0, "sum": 1 }, "geometry": { "type": "Point", "coordinates": [ -122.355263822888361, 47.554726039638723 ] } },
{ "type": "Feature", "properties": { "lat": 47.554726039638723, "lon": -122.35526382288836, "time_of_day": "Morning", "causation": [ "0", "0", "0", "0", "0", "0", "0", "0", "1", "0", "0", "0", "0", "0", "0", "0", "0", "0", "0", "0", "0", "0", "0", "0" ], "duration": 7.0, "sum": 1 }, "geometry": { "type": "Point", "coordinates": [ -122.355263822888361, 47.554726039638723 ] } },
{ "type": "Feature", "properties": { "lat": 47.55475863192629, "lon": -122.35436244480935, "time_of_day": "Late Night", "causation": [ "0", "0", "0", "0", "0", "0", "0", "0", "1", "0", "0", "0", "0", "0", "0", "0", "0", "0", "0", "0", "0", "0", "0", "0" ], "duration": 150.0, "sum": 1 }, "geometry": { "type": "Point", "coordinates": [ -122.354362444809354, 47.55475863192629 ] } },
{ "type": "Feature", "properties": { "lat": 47.55475863192629, "lon": -122.35436244480935, "time_of_day": "Morning", "causation": [ "0", "0", "0", "0", "0", "0", "0", "0", "1", "0", "0", "0", "0", "0", "0", "0", "0", "0", "0", "0", "0", "0", "0", "0" ], "duration": 7.0, "sum": 1 }, "geometry": { "type": "Point", "coordinates": [ -122.354362444809354, 47.55475863192629 ] } },
{ "type": "Feature", "properties": { "lat": 47.554862894420559, "lon": -122.3550750243899, "time_of_day": "Late Night", "causation": [ "0", "0", "0", "0", "0", "0", "0", "0", "1", "0", "0", "0", "0", "0", "0", "0", "0", "0", "0", "0", "0", "0", "0", "0" ], "duration": 150.0, "sum": 1 }, "geometry": { "type": "Point", "coordinates": [ -122.355075024389905, 47.554862894420559 ] } },
{ "type": "Feature", "properties": { "lat": 47.554862894420559, "lon": -122.3550750243899, "time_of_day": "Morning", "causation": [ "0", "0", "0", "0", "0", "0", "0", "0", "1", "0", "0", "0", "0", "0", "0", "0", "0", "0", "0", "0", "0", "0", "0", "0" ], "duration": 7.0, "sum": 1 }, "geometry": { "type": "Point", "coordinates": [ -122.355075024389905, 47.554862894420559 ] } },
{ "type": "Feature", "properties": { "lat": 47.554889172568991, "lon": -122.35437612372664, "time_of_day": "Late Night", "causation": [ "0", "0", "0", "0", "0", "0", "0", "0", "1", "0", "0", "0", "0", "0", "0", "0", "0", "0", "0", "0", "0", "0", "0", "0" ], "duration": 150.0, "sum": 1 }, "geometry": { "type": "Point", "coordinates": [ -122.354376123726638, 47.554889172568991 ] } },
{ "type": "Feature", "properties": { "lat": 47.554889172568991, "lon": -122.35437612372664, "time_of_day": "Morning", "causation": [ "0", "0", "0", "0", "0", "0", "0", "0", "1", "0", "0", "0", "0", "0", "0", "0", "0", "0", "0", "0", "0", "0", "0", "0" ], "duration": 7.0, "sum": 1 }, "geometry": { "type": "Point", "coordinates": [ -122.354376123726638, 47.554889172568991 ] } },
{ "type": "Feature", "properties": { "lat": 47.555019791624851, "lon": -122.35505503336314, "time_of_day": "Late Night", "causation": [ "0", "0", "0", "0", "0", "0", "0", "0", "2", "0", "0", "0", "0", "0", "0", "0", "0", "0", "0", "0", "0", "0", "0", "0" ], "duration": 300.0, "sum": 2 }, "geometry": { "type": "Point", "coordinates": [ -122.355055033363143, 47.555019791624851 ] } },
{ "type": "Feature", "properties": { "lat": 47.555019791624851, "lon": -122.35505503336314, "time_of_day": "Morning", "causation": [ "0", "0", "0", "0", "0", "0", "0", "0", "2", "0", "0", "0", "0", "0", "0", "0", "0", "0", "0", "0", "0", "0", "0", "0" ], "duration": 14.0, "sum": 2 }, "geometry": { "type": "Point", "coordinates": [ -122.355055033363143, 47.555019791624851 ] } },
{ "type": "Feature", "properties": { "lat": 47.555029754574122, "lon": -122.35437115154976, "time_of_day": "Late Night", "causation": [ "0", "0", "0", "0", "0", "0", "0", "0", "1", "0", "0", "0", "0", "0", "0", "0", "0", "0", "0", "0", "0", "0", "0", "0" ], "duration": 150.0, "sum": 1 }, "geometry": { "type": "Point", "coordinates": [ -122.354371151549756, 47.555029754574122 ] } },
{ "type": "Feature", "properties": { "lat": 47.555029754574122, "lon": -122.35437115154976, "time_of_day": "Morning", "causation": [ "0", "0", "0", "0", "0", "0", "0", "0", "1", "0", "0", "0", "0", "0", "0", "0", "0", "0", "0", "0", "0", "0", "0", "0" ], "duration": 7.0, "sum": 1 }, "geometry": { "type": "Point", "coordinates": [ -122.354371151549756, 47.555029754574122 ] } },
{ "type": "Feature", "properties": { "lat": 47.555184128136986, "lon": -122.3542254000494, "time_of_day": "Late Night", "causation": [ "0", "0", "0", "0", "0", "0", "0", "0", "1", "0", "0", "0", "0", "0", "0", "0", "0", "0", "0", "0", "0", "0", "0", "0" ], "duration": 150.0, "sum": 1 }, "geometry": { "type": "Point", "coordinates": [ -122.354225400049401, 47.555184128136986 ] } },
{ "type": "Feature", "properties": { "lat": 47.555184128136986, "lon": -122.3542254000494, "time_of_day": "Morning", "causation": [ "0", "0", "0", "0", "0", "0", "0", "0", "1", "0", "0", "0", "0", "0", "0", "0", "0", "0", "0", "0", "0", "0", "0", "0" ], "duration": 7.0, "sum": 1 }, "geometry": { "type": "Point", "coordinates": [ -122.354225400049401, 47.555184128136986 ] } },
{ "type": "Feature", "properties": { "lat": 47.55522070255391, "lon": -122.3550704093886, "time_of_day": "Late Night", "causation": [ "0", "0", "0", "0", "0", "0", "0", "0", "2", "0", "0", "0", "0", "0", "0", "0", "0", "0", "0", "0", "0", "0", "0", "0" ], "duration": 300.0, "sum": 2 }, "geometry": { "type": "Point", "coordinates": [ -122.355070409388603, 47.55522070255391 ] } },
{ "type": "Feature", "properties": { "lat": 47.55522070255391, "lon": -122.3550704093886, "time_of_day": "Morning", "causation": [ "0", "0", "0", "0", "0", "0", "0", "0", "2", "0", "0", "0", "0", "0", "0", "0", "0", "0", "0", "0", "0", "0", "0", "0" ], "duration": 14.0, "sum": 2 }, "geometry": { "type": "Point", "coordinates": [ -122.355070409388603, 47.55522070255391 ] } },
{ "type": "Feature", "properties": { "lat": 47.555328653864542, "lon": -122.35439084855102, "time_of_day": "Late Night", "causation": [ "0", "0", "0", "0", "0", "0", "0", "0", "1", "0", "0", "0", "0", "0", "0", "0", "0", "0", "0", "0", "0", "0", "0", "0" ], "duration": 150.0, "sum": 1 }, "geometry": { "type": "Point", "coordinates": [ -122.35439084855102, 47.555328653864542 ] } },
{ "type": "Feature", "properties": { "lat": 47.555328653864542, "lon": -122.35439084855102, "time_of_day": "Morning", "causation": [ "0", "0", "0", "0", "0", "0", "0", "0", "1", "0", "0", "0", "0", "0", "0", "0", "0", "0", "0", "0", "0", "0", "0", "0" ], "duration": 7.0, "sum": 1 }, "geometry": { "type": "Point", "coordinates": [ -122.35439084855102, 47.555328653864542 ] } },
{ "type": "Feature", "properties": { "lat": 47.555373944692683, "lon": -122.35504596922308, "time_of_day": "Late Night", "causation": [ "0", "0", "0", "0", "0", "0", "0", "0", "1", "0", "0", "0", "0", "0", "0", "0", "0", "0", "0", "0", "0", "0", "0", "0" ], "duration": 150.0, "sum": 1 }, "geometry": { "type": "Point", "coordinates": [ -122.355045969223085, 47.555373944692683 ] } },
{ "type": "Feature", "properties": { "lat": 47.555373944692683, "lon": -122.35504596922308, "time_of_day": "Morning", "causation": [ "0", "0", "0", "0", "0", "0", "0", "0", "1", "0", "0", "0", "0", "0", "0", "0", "0", "0", "0", "0", "0", "0", "0", "0" ], "duration": 7.0, "sum": 1 }, "geometry": { "type": "Point", "coordinates": [ -122.355045969223085, 47.555373944692683 ] } },
{ "type": "Feature", "properties": { "lat": 47.555446448832704, "lon": -122.35440622128984, "time_of_day": "Late Night", "causation": [ "0", "0", "0", "0", "0", "0", "0", "0", "1", "0", "0", "0", "0", "0", "0", "0", "0", "0", "0", "0", "0", "0", "0", "0" ], "duration": 150.0, "sum": 1 }, "geometry": { "type": "Point", "coordinates": [ -122.354406221289835, 47.555446448832704 ] } },
{ "type": "Feature", "properties": { "lat": 47.555446448832704, "lon": -122.35440622128984, "time_of_day": "Morning", "causation": [ "0", "0", "0", "0", "0", "0", "0", "0", "1", "0", "0", "0", "0", "0", "0", "0", "0", "0", "0", "0", "0", "0", "0", "0" ], "duration": 7.0, "sum": 1 }, "geometry": { "type": "Point", "coordinates": [ -122.354406221289835, 47.555446448832704 ] } },
{ "type": "Feature", "properties": { "lat": 47.55554917775828, "lon": -122.35512601611256, "time_of_day": "Late Night", "causation": [ "0", "0", "0", "0", "0", "0", "0", "0", "1", "0", "0", "0", "0", "0", "0", "0", "0", "0", "0", "0", "0", "0", "0", "0" ], "duration": 150.0, "sum": 1 }, "geometry": { "type": "Point", "coordinates": [ -122.355126016112564, 47.55554917775828 ] } },
{ "type": "Feature", "properties": { "lat": 47.55554917775828, "lon": -122.35512601611256, "time_of_day": "Morning", "causation": [ "0", "0", "0", "0", "0", "0", "0", "0", "1", "0", "0", "0", "0", "0", "0", "0", "0", "0", "0", "0", "0", "0", "0", "0" ], "duration": 7.0, "sum": 1 }, "geometry": { "type": "Point", "coordinates": [ -122.355126016112564, 47.55554917775828 ] } },
{ "type": "Feature", "properties": { "lat": 47.555592148434663, "lon": -122.35439728318818, "time_of_day": "Late Night", "causation": [ "0", "0", "0", "0", "0", "0", "0", "0", "1", "0", "0", "0", "0", "0", "0", "0", "0", "0", "0", "0", "0", "0", "0", "0" ], "duration": 150.0, "sum": 1 }, "geometry": { "type": "Point", "coordinates": [ -122.354397283188177, 47.555592148434663 ] } },
{ "type": "Feature", "properties": { "lat": 47.555592148434663, "lon": -122.35439728318818, "time_of_day": "Morning", "causation": [ "0", "0", "0", "0", "0", "0", "0", "0", "1", "0", "0", "0", "0", "0", "0", "0", "0", "0", "0", "0", "0", "0", "0", "0" ], "duration": 7.0, "sum": 1 }, "geometry": { "type": "Point", "coordinates": [ -122.354397283188177, 47.555592148434663 ] } },
{ "type": "Feature", "properties": { "lat": 47.555646754774649, "lon": -122.35509672543463, "time_of_day": "Late Night", "causation": [ "0", "0", "0", "0", "0", "0", "0", "0", "2", "0", "0", "0", "0", "0", "0", "0", "0", "0", "0", "0", "0", "0", "0", "0" ], "duration": 300.0, "sum": 2 }, "geometry": { "type": "Point", "coordinates": [ -122.355096725434635, 47.555646754774649 ] } },
{ "type": "Feature", "properties": { "lat": 47.555646754774649, "lon": -122.35509672543463, "time_of_day": "Morning", "causation": [ "0", "0", "0", "0", "0", "0", "0", "0", "2", "0", "0", "0", "0", "0", "0", "0", "0", "0", "0", "0", "0", "0", "0", "0" ], "duration": 14.0, "sum": 2 }, "geometry": { "type": "Point", "coordinates": [ -122.355096725434635, 47.555646754774649 ] } },
{ "type": "Feature", "properties": { "lat": 47.55571839965733, "lon": -122.35442735952824, "time_of_day": "Late Night", "causation": [ "0", "0", "0", "0", "0", "0", "0", "0", "1", "0", "0", "0", "0", "0", "0", "0", "0", "0", "0", "0", "0", "0", "0", "0" ], "duration": 150.0, "sum": 1 }, "geometry": { "type": "Point", "coordinates": [ -122.354427359528245, 47.55571839965733 ] } },
{ "type": "Feature", "properties": { "lat": 47.55571839965733, "lon": -122.35442735952824, "time_of_day": "Morning", "causation": [ "0", "0", "0", "0", "0", "0", "0", "0", "1", "0", "0", "0", "0", "0", "0", "0", "0", "0", "0", "0", "0", "0", "0", "0" ], "duration": 7.0, "sum": 1 }, "geometry": { "type": "Point", "coordinates": [ -122.354427359528245, 47.55571839965733 ] } },
{ "type": "Feature", "properties": { "lat": 47.555789128246261, "lon": -122.35510416179852, "time_of_day": "Late Night", "causation": [ "0", "0", "0", "0", "0", "0", "0", "0", "1", "0", "0", "0", "0", "0", "0", "0", "0", "0", "0", "0", "0", "0", "0", "0" ], "duration": 150.0, "sum": 1 }, "geometry": { "type": "Point", "coordinates": [ -122.355104161798522, 47.555789128246261 ] } },
{ "type": "Feature", "properties": { "lat": 47.555789128246261, "lon": -122.35510416179852, "time_of_day": "Morning", "causation": [ "0", "0", "0", "0", "0", "0", "0", "0", "1", "0", "0", "0", "0", "0", "0", "0", "0", "0", "0", "0", "0", "0", "0", "0" ], "duration": 7.0, "sum": 1 }, "geometry": { "type": "Point", "coordinates": [ -122.355104161798522, 47.555789128246261 ] } },
{ "type": "Feature", "properties": { "lat": 47.555888705671443, "lon": -122.35505905100112, "time_of_day": "Late Night", "causation": [ "0", "0", "0", "0", "0", "0", "0", "0", "1", "0", "0", "0", "0", "0", "0", "0", "0", "0", "0", "0", "0", "0", "0", "0" ], "duration": 150.0, "sum": 1 }, "geometry": { "type": "Point", "coordinates": [ -122.35505905100112, 47.555888705671443 ] } },
{ "type": "Feature", "properties": { "lat": 47.555888705671443, "lon": -122.35505905100112, "time_of_day": "Morning", "causation": [ "0", "0", "0", "0", "0", "0", "0", "0", "1", "0", "0", "0", "0", "0", "0", "0", "0", "0", "0", "0", "0", "0", "0", "0" ], "duration": 7.0, "sum": 1 }, "geometry": { "type": "Point", "coordinates": [ -122.35505905100112, 47.555888705671443 ] } },
{ "type": "Feature", "properties": { "lat": 47.555892433587459, "lon": -122.35445853165292, "time_of_day": "Late Night", "causation": [ "0", "0", "0", "0", "0", "0", "0", "0", "1", "0", "0", "0", "0", "0", "0", "0", "0", "0", "0", "0", "0", "0", "0", "0" ], "duration": 150.0, "sum": 1 }, "geometry": { "type": "Point", "coordinates": [ -122.354458531652924, 47.555892433587459 ] } },
{ "type": "Feature", "properties": { "lat": 47.555892433587459, "lon": -122.35445853165292, "time_of_day": "Morning", "causation": [ "0", "0", "0", "0", "0", "0", "0", "0", "1", "0", "0", "0", "0", "0", "0", "0", "0", "0", "0", "0", "0", "0", "0", "0" ], "duration": 7.0, "sum": 1 }, "geometry": { "type": "Point", "coordinates": [ -122.354458531652924, 47.555892433587459 ] } },
{ "type": "Feature", "properties": { "lat": 47.557515128699407, "lon": -122.26856555342761, "time_of_day": "Morning", "causation": [ "0", "0", "0", "0", "0", "0", "0", "0", "1", "0", "0", "0", "0", "0", "0", "0", "0", "0", "0", "0", "0", "0", "0", "0" ], "duration": 1045.0, "sum": 1 }, "geometry": { "type": "Point", "coordinates": [ -122.268565553427607, 47.557515128699407 ] } },
{ "type": "Feature", "properties": { "lat": 47.557629255251243, "lon": -122.26782676376683, "time_of_day": "Morning", "causation": [ "0", "0", "0", "0", "0", "0", "0", "0", "5", "0", "0", "0", "0", "0", "0", "0", "0", "0", "0", "0", "0", "0", "0", "0" ], "duration": 5225.0, "sum": 5 }, "geometry": { "type": "Point", "coordinates": [ -122.267826763766834, 47.557629255251243 ] } },
{ "type": "Feature", "properties": { "lat": 47.557633730281403, "lon": -122.26854021566903, "time_of_day": "Morning", "causation": [ "0", "0", "0", "0", "0", "0", "0", "0", "1", "0", "0", "0", "0", "0", "0", "0", "0", "0", "0", "0", "0", "0", "0", "0" ], "duration": 1045.0, "sum": 1 }, "geometry": { "type": "Point", "coordinates": [ -122.268540215669034, 47.557633730281403 ] } },
{ "type": "Feature", "properties": { "lat": 47.55773894916787, "lon": -122.26850872875876, "time_of_day": "Morning", "causation": [ "0", "0", "0", "0", "0", "0", "0", "0", "1", "0", "0", "0", "0", "0", "0", "0", "0", "0", "0", "0", "0", "0", "0", "0" ], "duration": 1045.0, "sum": 1 }, "geometry": { "type": "Point", "coordinates": [ -122.268508728758761, 47.55773894916787 ] } },
{ "type": "Feature", "properties": { "lat": 47.557872603038227, "lon": -122.26786341629894, "time_of_day": "Morning", "causation": [ "0", "0", "0", "0", "0", "0", "0", "0", "1", "0", "0", "0", "0", "0", "0", "0", "0", "0", "0", "0", "0", "0", "0", "0" ], "duration": 1045.0, "sum": 1 }, "geometry": { "type": "Point", "coordinates": [ -122.267863416298937, 47.557872603038227 ] } },
{ "type": "Feature", "properties": { "lat": 47.564138420830453, "lon": -122.31209801072094, "time_of_day": "Late Night", "causation": [ "0", "0", "0", "0", "0", "0", "0", "0", "0", "0", "0", "0", "0", "0", "0", "0", "0", "0", "1", "0", "0", "0", "0", "0" ], "duration": 1221.0, "sum": 1 }, "geometry": { "type": "Point", "coordinates": [ -122.312098010720945, 47.564138420830453 ] } },
{ "type": "Feature", "properties": { "lat": 47.564320786847581, "lon": -122.31634267935482, "time_of_day": "Late Night", "causation": [ "0", "0", "0", "0", "0", "0", "0", "0", "0", "0", "0", "0", "0", "0", "0", "0", "0", "1", "0", "0", "0", "0", "0", "0" ], "duration": 99.0, "sum": 1 }, "geometry": { "type": "Point", "coordinates": [ -122.316342679354818, 47.564320786847581 ] } },
{ "type": "Feature", "properties": { "lat": 47.564422344395531, "lon": -122.31702762055922, "time_of_day": "Late Night", "causation": [ "0", "0", "0", "0", "0", "0", "0", "0", "0", "0", "0", "0", "0", "0", "0", "0", "0", "1", "0", "0", "0", "0", "0", "0" ], "duration": 99.0, "sum": 1 }, "geometry": { "type": "Point", "coordinates": [ -122.317027620559216, 47.564422344395531 ] } },
{ "type": "Feature", "properties": { "lat": 47.564510458849441, "lon": -122.31633894886455, "time_of_day": "Late Night", "causation": [ "0", "0", "0", "0", "0", "0", "0", "0", "0", "0", "0", "0", "0", "0", "0", "0", "0", "1", "0", "0", "0", "0", "0", "0" ], "duration": 99.0, "sum": 1 }, "geometry": { "type": "Point", "coordinates": [ -122.316338948864555, 47.564510458849441 ] } },
{ "type": "Feature", "properties": { "lat": 47.564564687795432, "lon": -122.3170253031268, "time_of_day": "Late Night", "causation": [ "0", "0", "0", "0", "0", "0", "0", "0", "0", "0", "0", "0", "0", "0", "0", "0", "0", "1", "0", "0", "0", "0", "0", "0" ], "duration": 99.0, "sum": 1 }, "geometry": { "type": "Point", "coordinates": [ -122.317025303126798, 47.564564687795432 ] } },
{ "type": "Feature", "properties": { "lat": 47.564640369081602, "lon": -122.31635957018942, "time_of_day": "Late Night", "causation": [ "0", "0", "0", "0", "0", "0", "0", "0", "0", "0", "0", "0", "0", "0", "0", "0", "0", "1", "0", "0", "0", "0", "0", "0" ], "duration": 99.0, "sum": 1 }, "geometry": { "type": "Point", "coordinates": [ -122.31635957018942, 47.564640369081602 ] } },
{ "type": "Feature", "properties": { "lat": 47.564947901965049, "lon": -122.35877799080176, "time_of_day": "Morning", "causation": [ "0", "0", "0", "0", "0", "0", "0", "0", "0", "0", "0", "0", "0", "0", "0", "0", "0", "0", "1", "0", "0", "0", "0", "0" ], "duration": 155.0, "sum": 1 }, "geometry": { "type": "Point", "coordinates": [ -122.358777990801755, 47.564947901965049 ] } },
{ "type": "Feature", "properties": { "lat": 47.564963905721847, "lon": -122.35937779133909, "time_of_day": "Morning", "causation": [ "0", "0", "0", "0", "0", "0", "0", "0", "0", "0", "0", "0", "0", "0", "0", "0", "0", "0", "1", "0", "0", "0", "0", "0" ], "duration": 155.0, "sum": 1 }, "geometry": { "type": "Point", "coordinates": [ -122.359377791339085, 47.564963905721847 ] } },
{ "type": "Feature", "properties": { "lat": 47.565047735293902, "lon": -122.3587862789543, "time_of_day": "Morning", "causation": [ "0", "0", "0", "0", "0", "0", "0", "0", "0", "0", "0", "0", "0", "0", "0", "0", "0", "0", "1", "0", "0", "0", "0", "0" ], "duration": 155.0, "sum": 1 }, "geometry": { "type": "Point", "coordinates": [ -122.358786278954298, 47.565047735293902 ] } },
{ "type": "Feature", "properties": { "lat": 47.565115321341111, "lon": -122.35940227415789, "time_of_day": "Morning", "causation": [ "0", "0", "0", "0", "0", "0", "0", "0", "0", "0", "0", "0", "0", "0", "0", "0", "0", "0", "1", "0", "0", "0", "0", "0" ], "duration": 155.0, "sum": 1 }, "geometry": { "type": "Point", "coordinates": [ -122.359402274157887, 47.565115321341111 ] } },
{ "type": "Feature", "properties": { "lat": 47.565152925596379, "lon": -122.35876375971483, "time_of_day": "Morning", "causation": [ "0", "0", "0", "0", "0", "0", "0", "0", "0", "0", "0", "0", "0", "0", "0", "0", "0", "0", "1", "0", "0", "0", "0", "0" ], "duration": 155.0, "sum": 1 }, "geometry": { "type": "Point", "coordinates": [ -122.358763759714833, 47.565152925596379 ] } },
{ "type": "Feature", "properties": { "lat": 47.565239513566098, "lon": -122.35874415131084, "time_of_day": "Morning", "causation": [ "0", "0", "0", "0", "0", "0", "0", "0", "0", "0", "0", "0", "0", "0", "0", "0", "0", "0", "1", "0", "0", "0", "0", "0" ], "duration": 155.0, "sum": 1 }, "geometry": { "type": "Point", "coordinates": [ -122.358744151310844, 47.565239513566098 ] } },
{ "type": "Feature", "properties": { "lat": 47.565250857883811, "lon": -122.35931540255568, "time_of_day": "Morning", "causation": [ "0", "0", "0", "0", "0", "0", "0", "0", "0", "0", "0", "0", "0", "0", "0", "0", "0", "0", "1", "0", "0", "0", "0", "0" ], "duration": 155.0, "sum": 1 }, "geometry": { "type": "Point", "coordinates": [ -122.35931540255568, 47.565250857883811 ] } },
{ "type": "Feature", "properties": { "lat": 47.565329286128907, "lon": -122.3587573021242, "time_of_day": "Morning", "causation": [ "0", "0", "0", "0", "0", "0", "0", "0", "0", "0", "0", "0", "0", "0", "0", "0", "0", "0", "1", "0", "0", "0", "0", "0" ], "duration": 155.0, "sum": 1 }, "geometry": { "type": "Point", "coordinates": [ -122.358757302124204, 47.565329286128907 ] } },
{ "type": "Feature", "properties": { "lat": 47.565366579387053, "lon": -122.35928141964466, "time_of_day": "Morning", "causation": [ "0", "0", "0", "0", "0", "0", "0", "0", "0", "0", "0", "0", "0", "0", "0", "0", "0", "0", "1", "0", "0", "0", "0", "0" ], "duration": 155.0, "sum": 1 }, "geometry": { "type": "Point", "coordinates": [ -122.35928141964466, 47.565366579387053 ] } },
{ "type": "Feature", "properties": { "lat": 47.565399451121387, "lon": -122.35876067398884, "time_of_day": "Morning", "causation": [ "0", "0", "0", "0", "0", "0", "0", "0", "0", "0", "0", "0", "0", "0", "0", "0", "0", "0", "1", "0", "0", "0", "0", "0" ], "duration": 155.0, "sum": 1 }, "geometry": { "type": "Point", "coordinates": [ -122.35876067398884, 47.565399451121387 ] } },
{ "type": "Feature", "properties": { "lat": 47.565457965497352, "lon": -122.3594572239632, "time_of_day": "Morning", "causation": [ "0", "0", "0", "0", "0", "0", "0", "0", "0", "0", "0", "0", "0", "0", "0", "0", "0", "0", "1", "0", "0", "0", "0", "0" ], "duration": 155.0, "sum": 1 }, "geometry": { "type": "Point", "coordinates": [ -122.359457223963204, 47.565457965497352 ] } },
{ "type": "Feature", "properties": { "lat": 47.565472307927855, "lon": -122.35879306760626, "time_of_day": "Morning", "causation": [ "0", "0", "0", "0", "0", "0", "0", "0", "0", "0", "0", "0", "0", "0", "0", "0", "0", "0", "1", "0", "0", "0", "0", "0" ], "duration": 155.0, "sum": 1 }, "geometry": { "type": "Point", "coordinates": [ -122.358793067606257, 47.565472307927855 ] } },
{ "type": "Feature", "properties": { "lat": 47.565574606476623, "lon": -122.3586798101414, "time_of_day": "Morning", "causation": [ "0", "0", "0", "0", "0", "0", "0", "0", "0", "0", "0", "0", "0", "0", "0", "0", "0", "0", "1", "0", "0", "0", "0", "0" ], "duration": 155.0, "sum": 1 }, "geometry": { "type": "Point", "coordinates": [ -122.358679810141396, 47.565574606476623 ] } },
{ "type": "Feature", "properties": { "lat": 47.565597623061848, "lon": -122.35940301732606, "time_of_day": "Morning", "causation": [ "0", "0", "0", "0", "0", "0", "0", "0", "0", "0", "0", "0", "0", "0", "0", "0", "0", "0", "1", "0", "0", "0", "0", "0" ], "duration": 155.0, "sum": 1 }, "geometry": { "type": "Point", "coordinates": [ -122.359403017326059, 47.565597623061848 ] } },
{ "type": "Feature", "properties": { "lat": 47.565669578658891, "lon": -122.35866486705156, "time_of_day": "Morning", "causation": [ "0", "0", "0", "0", "0", "0", "0", "0", "0", "0", "0", "0", "0", "0", "0", "0", "0", "0", "1", "0", "0", "0", "0", "0" ], "duration": 155.0, "sum": 1 }, "geometry": { "type": "Point", "coordinates": [ -122.358664867051559, 47.565669578658891 ] } },
{ "type": "Feature", "properties": { "lat": 47.565672770895645, "lon": -122.35936467324665, "time_of_day": "Morning", "causation": [ "0", "0", "0", "0", "0", "0", "0", "0", "0", "0", "0", "0", "0", "0", "0", "0", "0", "0", "1", "0", "0", "0", "0", "0" ], "duration": 155.0, "sum": 1 }, "geometry": { "type": "Point", "coordinates": [ -122.359364673246645, 47.565672770895645 ] } },
{ "type": "Feature", "properties": { "lat": 47.565762386642412, "lon": -122.35876716417825, "time_of_day": "Morning", "causation": [ "0", "0", "0", "0", "0", "0", "0", "0", "0", "0", "0", "0", "0", "0", "0", "0", "0", "0", "1", "0", "0", "0", "0", "0" ], "duration": 155.0, "sum": 1 }, "geometry": { "type": "Point", "coordinates": [ -122.358767164178246, 47.565762386642412 ] } },
{ "type": "Feature", "properties": { "lat": 47.565770412420477, "lon": -122.3593701272698, "time_of_day": "Morning", "causation": [ "0", "0", "0", "0", "0", "0", "0", "0", "0", "0", "0", "0", "0", "0", "0", "0", "0", "0", "1", "0", "0", "0", "0", "0" ], "duration": 155.0, "sum": 1 }, "geometry": { "type": "Point", "coordinates": [ -122.359370127269798, 47.565770412420477 ] } },
{ "type": "Feature", "properties": { "lat": 47.565859386360898, "lon": -122.35864510517467, "time_of_day": "Morning", "causation": [ "0", "0", "0", "0", "0", "0", "0", "0", "0", "0", "0", "0", "0", "0", "0", "0", "0", "0", "1", "0", "0", "0", "0", "0" ], "duration": 155.0, "sum": 1 }, "geometry": { "type": "Point", "coordinates": [ -122.358645105174674, 47.565859386360898 ] } },
{ "type": "Feature", "properties": { "lat": 47.565948961681407, "lon": -122.35867463403584, "time_of_day": "Morning", "causation": [ "0", "0", "0", "0", "0", "0", "0", "0", "0", "0", "0", "0", "0", "0", "0", "0", "0", "0", "1", "0", "0", "0", "0", "0" ], "duration": 155.0, "sum": 1 }, "geometry": { "type": "Point", "coordinates": [ -122.358674634035836, 47.565948961681407 ] } },
{ "type": "Feature", "properties": { "lat": 47.566047624110908, "lon": -122.35932144156148, "time_of_day": "Morning", "causation": [ "0", "0", "0", "0", "0", "0", "0", "0", "0", "0", "0", "0", "0", "0", "0", "0", "0", "0", "1", "0", "0", "0", "0", "0" ], "duration": 155.0, "sum": 1 }, "geometry": { "type": "Point", "coordinates": [ -122.359321441561477, 47.566047624110908 ] } },
{ "type": "Feature", "properties": { "lat": 47.566054389868185, "lon": -122.35868690649301, "time_of_day": "Morning", "causation": [ "0", "0", "0", "0", "0", "0", "0", "0", "0", "0", "0", "0", "0", "0", "0", "0", "0", "0", "1", "0", "0", "0", "0", "0" ], "duration": 155.0, "sum": 1 }, "geometry": { "type": "Point", "coordinates": [ -122.358686906493006, 47.566054389868185 ] } },
{ "type": "Feature", "properties": { "lat": 47.566168772353997, "lon": -122.35931534501972, "time_of_day": "Morning", "causation": [ "0", "0", "0", "0", "0", "0", "0", "0", "0", "0", "0", "0", "0", "0", "0", "0", "0", "0", "1", "0", "0", "0", "0", "0" ], "duration": 155.0, "sum": 1 }, "geometry": { "type": "Point", "coordinates": [ -122.359315345019724, 47.566168772353997 ] } },
{ "type": "Feature", "properties": { "lat": 47.566185008965377, "lon": -122.35867756519504, "time_of_day": "Morning", "causation": [ "0", "0", "0", "0", "0", "0", "0", "0", "0", "0", "0", "0", "0", "0", "0", "0", "0", "0", "1", "0", "0", "0", "0", "0" ], "duration": 155.0, "sum": 1 }, "geometry": { "type": "Point", "coordinates": [ -122.358677565195038, 47.566185008965377 ] } },
{ "type": "Feature", "properties": { "lat": 47.566234953706719, "lon": -122.35498847678372, "time_of_day": "Morning", "causation": [ "0", "0", "1", "0", "0", "0", "0", "0", "0", "0", "0", "0", "0", "0", "0", "0", "0", "0", "0", "0", "0", "0", "0", "0" ], "duration": 71.0, "sum": 1 }, "geometry": { "type": "Point", "coordinates": [ -122.354988476783717, 47.566234953706719 ] } },
{ "type": "Feature", "properties": { "lat": 47.566285678893472, "lon": -122.35929064157614, "time_of_day": "Morning", "causation": [ "0", "0", "0", "0", "0", "0", "0", "0", "0", "0", "0", "0", "0", "0", "0", "0", "0", "0", "1", "0", "0", "0", "0", "0" ], "duration": 155.0, "sum": 1 }, "geometry": { "type": "Point", "coordinates": [ -122.359290641576138, 47.566285678893472 ] } },
{ "type": "Feature", "properties": { "lat": 47.566335921575778, "lon": -122.35948655381335, "time_of_day": "Morning", "causation": [ "0", "0", "0", "0", "0", "0", "0", "0", "0", "0", "0", "0", "0", "0", "0", "0", "0", "0", "1", "0", "0", "0", "0", "0" ], "duration": 155.0, "sum": 1 }, "geometry": { "type": "Point", "coordinates": [ -122.359486553813355, 47.566335921575778 ] } },
{ "type": "Feature", "properties": { "lat": 47.566367665440907, "lon": -122.35876407737391, "time_of_day": "Morning", "causation": [ "0", "0", "0", "0", "0", "0", "0", "0", "0", "0", "0", "0", "0", "0", "0", "0", "0", "0", "1", "0", "0", "0", "0", "0" ], "duration": 155.0, "sum": 1 }, "geometry": { "type": "Point", "coordinates": [ -122.358764077373905, 47.566367665440907 ] } },
{ "type": "Feature", "properties": { "lat": 47.566402553589192, "lon": -122.36155815201499, "time_of_day": "Morning", "causation": [ "0", "0", "0", "0", "0", "0", "0", "0", "0", "0", "0", "0", "0", "0", "0", "0", "0", "0", "1", "0", "0", "0", "0", "0" ], "duration": 159.0, "sum": 1 }, "geometry": { "type": "Point", "coordinates": [ -122.361558152014993, 47.566402553589192 ] } },
{ "type": "Feature", "properties": { "lat": 47.566448998909664, "lon": -122.35968205951116, "time_of_day": "Morning", "causation": [ "0", "0", "0", "0", "0", "0", "0", "0", "0", "0", "0", "0", "0", "0", "0", "0", "0", "0", "1", "0", "0", "0", "0", "0" ], "duration": 155.0, "sum": 1 }, "geometry": { "type": "Point", "coordinates": [ -122.359682059511158, 47.566448998909664 ] } },
{ "type": "Feature", "properties": { "lat": 47.566455647040186, "lon": -122.35930834744472, "time_of_day": "Morning", "causation": [ "0", "0", "0", "0", "0", "0", "0", "0", "0", "0", "0", "0", "0", "0", "0", "0", "0", "0", "1", "0", "0", "0", "0", "0" ], "duration": 155.0, "sum": 1 }, "geometry": { "type": "Point", "coordinates": [ -122.359308347444724, 47.566455647040186 ] } },
{ "type": "Feature", "properties": { "lat": 47.566725483219997, "lon": -122.35991981170794, "time_of_day": "Morning", "causation": [ "0", "0", "0", "0", "0", "0", "0", "0", "0", "0", "0", "0", "0", "0", "0", "0", "0", "0", "1", "0", "0", "0", "0", "0" ], "duration": 155.0, "sum": 1 }, "geometry": { "type": "Point", "coordinates": [ -122.35991981170794, 47.566725483219997 ] } },
{ "type": "Feature", "properties": { "lat": 47.566750994591239, "lon": -122.35941491328109, "time_of_day": "Morning", "causation": [ "0", "0", "0", "0", "0", "0", "0", "0", "0", "0", "0", "0", "0", "0", "0", "0", "0", "0", "1", "0", "0", "0", "0", "0" ], "duration": 155.0, "sum": 1 }, "geometry": { "type": "Point", "coordinates": [ -122.359414913281086, 47.566750994591239 ] } },
{ "type": "Feature", "properties": { "lat": 47.566818722658894, "lon": -122.35509631496764, "time_of_day": "Morning", "causation": [ "0", "0", "1", "0", "0", "0", "0", "0", "0", "0", "0", "0", "0", "0", "0", "0", "0", "0", "0", "0", "0", "0", "0", "0" ], "duration": 71.0, "sum": 1 }, "geometry": { "type": "Point", "coordinates": [ -122.355096314967639, 47.566818722658894 ] } },
{ "type": "Feature", "properties": { "lat": 47.566857484940151, "lon": -122.35885727051745, "time_of_day": "Morning", "causation": [ "0", "0", "0", "0", "0", "0", "0", "0", "0", "0", "0", "0", "0", "0", "0", "0", "0", "0", "1", "0", "0", "0", "0", "0" ], "duration": 155.0, "sum": 1 }, "geometry": { "type": "Point", "coordinates": [ -122.358857270517447, 47.566857484940151 ] } },
{ "type": "Feature", "properties": { "lat": 47.566879642985441, "lon": -122.35940633432942, "time_of_day": "Morning", "causation": [ "0", "0", "0", "0", "0", "0", "0", "0", "0", "0", "0", "0", "0", "0", "0", "0", "0", "0", "1", "0", "0", "0", "0", "0" ], "duration": 155.0, "sum": 1 }, "geometry": { "type": "Point", "coordinates": [ -122.359406334329421, 47.566879642985441 ] } },
{ "type": "Feature", "properties": { "lat": 47.566903150707617, "lon": -122.35512264518022, "time_of_day": "Morning", "causation": [ "0", "0", "1", "0", "0", "0", "0", "0", "0", "0", "0", "0", "0", "0", "0", "0", "0", "0", "0", "0", "0", "0", "0", "0" ], "duration": 71.0, "sum": 1 }, "geometry": { "type": "Point", "coordinates": [ -122.355122645180217, 47.566903150707617 ] } },
{ "type": "Feature", "properties": { "lat": 47.566934064674953, "lon": -122.36166210795164, "time_of_day": "Morning", "causation": [ "0", "0", "0", "0", "0", "0", "0", "0", "0", "0", "0", "0", "0", "0", "0", "0", "0", "0", "1", "0", "0", "0", "0", "0" ], "duration": 159.0, "sum": 1 }, "geometry": { "type": "Point", "coordinates": [ -122.361662107951645, 47.566934064674953 ] } },
{ "type": "Feature", "properties": { "lat": 47.566979590597889, "lon": -122.35506793950988, "time_of_day": "Morning", "causation": [ "0", "0", "1", "0", "0", "0", "0", "0", "0", "0", "0", "0", "0", "0", "0", "0", "0", "0", "0", "0", "0", "0", "0", "0" ], "duration": 71.0, "sum": 1 }, "geometry": { "type": "Point", "coordinates": [ -122.35506793950988, 47.566979590597889 ] } },
{ "type": "Feature", "properties": { "lat": 47.567021864580198, "lon": -122.35882517679688, "time_of_day": "Morning", "causation": [ "0", "0", "0", "0", "0", "0", "0", "0", "0", "0", "0", "0", "0", "0", "0", "0", "0", "0", "1", "0", "0", "0", "0", "0" ], "duration": 155.0, "sum": 1 }, "geometry": { "type": "Point", "coordinates": [ -122.358825176796884, 47.567021864580198 ] } },
{ "type": "Feature", "properties": { "lat": 47.567056116616961, "lon": -122.359392864848, "time_of_day": "Morning", "causation": [ "0", "0", "0", "0", "0", "0", "0", "0", "0", "0", "0", "0", "0", "0", "0", "0", "0", "0", "1", "0", "0", "0", "0", "0" ], "duration": 155.0, "sum": 1 }, "geometry": { "type": "Point", "coordinates": [ -122.359392864848004, 47.567056116616961 ] } },
{ "type": "Feature", "properties": { "lat": 47.567131298324782, "lon": -122.35868155655388, "time_of_day": "Morning", "causation": [ "0", "0", "0", "0", "0", "0", "0", "0", "0", "0", "0", "0", "0", "0", "0", "0", "0", "0", "1", "0", "0", "0", "0", "0" ], "duration": 155.0, "sum": 1 }, "geometry": { "type": "Point", "coordinates": [ -122.358681556553876, 47.567131298324782 ] } },
{ "type": "Feature", "properties": { "lat": 47.567150808005763, "lon": -122.36158582243544, "time_of_day": "Morning", "causation": [ "0", "0", "0", "0", "0", "0", "0", "0", "0", "0", "0", "0", "0", "0", "0", "0", "0", "0", "1", "0", "0", "0", "0", "0" ], "duration": 159.0, "sum": 1 }, "geometry": { "type": "Point", "coordinates": [ -122.361585822435444, 47.567150808005763 ] } },
{ "type": "Feature", "properties": { "lat": 47.567178045418814, "lon": -122.35440805099424, "time_of_day": "Morning", "causation": [ "0", "0", "17", "0", "0", "0", "0", "0", "0", "0", "0", "0", "0", "0", "0", "0", "0", "0", "0", "0", "0", "0", "0", "0" ], "duration": 1207.0, "sum": 17 }, "geometry": { "type": "Point", "coordinates": [ -122.354408050994238, 47.567178045418814 ] } },
{ "type": "Feature", "properties": { "lat": 47.567208878235377, "lon": -122.36093762621316, "time_of_day": "Morning", "causation": [ "0", "0", "0", "0", "0", "0", "0", "0", "0", "0", "0", "0", "0", "0", "0", "0", "0", "0", "1", "0", "0", "0", "0", "0" ], "duration": 159.0, "sum": 1 }, "geometry": { "type": "Point", "coordinates": [ -122.360937626213158, 47.567208878235377 ] } },
{ "type": "Feature", "properties": { "lat": 47.567210302219614, "lon": -122.36158706191304, "time_of_day": "Morning", "causation": [ "0", "0", "0", "0", "0", "0", "0", "0", "0", "0", "0", "0", "0", "0", "0", "0", "0", "0", "1", "0", "0", "0", "0", "0" ], "duration": 159.0, "sum": 1 }, "geometry": { "type": "Point", "coordinates": [ -122.361587061913042, 47.567210302219614 ] } },
{ "type": "Feature", "properties": { "lat": 47.567258170701159, "lon": -122.35885355157625, "time_of_day": "Morning", "causation": [ "0", "0", "0", "0", "0", "0", "0", "0", "0", "0", "0", "0", "0", "0", "0", "0", "0", "0", "1", "0", "0", "0", "0", "0" ], "duration": 155.0, "sum": 1 }, "geometry": { "type": "Point", "coordinates": [ -122.358853551576246, 47.567258170701159 ] } },
{ "type": "Feature", "properties": { "lat": 47.567267056978814, "lon": -122.35937623223217, "time_of_day": "Morning", "causation": [ "0", "0", "0", "0", "0", "0", "0", "0", "0", "0", "0", "0", "0", "0", "0", "0", "0", "0", "1", "0", "0", "0", "0", "0" ], "duration": 155.0, "sum": 1 }, "geometry": { "type": "Point", "coordinates": [ -122.359376232232165, 47.567267056978814 ] } },
{ "type": "Feature", "properties": { "lat": 47.567282070210773, "lon": -122.36158359720372, "time_of_day": "Morning", "causation": [ "0", "0", "0", "0", "0", "0", "0", "0", "0", "0", "0", "0", "0", "0", "0", "0", "0", "0", "1", "0", "0", "0", "0", "0" ], "duration": 159.0, "sum": 1 }, "geometry": { "type": "Point", "coordinates": [ -122.361583597203719, 47.567282070210773 ] } },
{ "type": "Feature", "properties": { "lat": 47.56734551435914, "lon": -122.36162242902915, "time_of_day": "Morning", "causation": [ "0", "0", "0", "0", "0", "0", "0", "0", "0", "0", "0", "0", "0", "0", "0", "0", "0", "0", "1", "0", "0", "0", "0", "0" ], "duration": 159.0, "sum": 1 }, "geometry": { "type": "Point", "coordinates": [ -122.361622429029154, 47.56734551435914 ] } },
{ "type": "Feature", "properties": { "lat": 47.567368475557913, "lon": -122.35936749531068, "time_of_day": "Morning", "causation": [ "0", "0", "0", "0", "0", "0", "0", "0", "0", "0", "0", "0", "0", "0", "0", "0", "0", "0", "1", "0", "0", "0", "0", "0" ], "duration": 155.0, "sum": 1 }, "geometry": { "type": "Point", "coordinates": [ -122.359367495310678, 47.567368475557913 ] } },
{ "type": "Feature", "properties": { "lat": 47.567389580427538, "lon": -122.35880772551296, "time_of_day": "Morning", "causation": [ "0", "0", "0", "0", "0", "0", "0", "0", "0", "0", "0", "0", "0", "0", "0", "0", "0", "0", "2", "0", "0", "0", "0", "0" ], "duration": 310.0, "sum": 2 }, "geometry": { "type": "Point", "coordinates": [ -122.35880772551296, 47.567389580427538 ] } },
{ "type": "Feature", "properties": { "lat": 47.567396172346349, "lon": -122.36097912193884, "time_of_day": "Morning", "causation": [ "0", "0", "0", "0", "0", "0", "0", "0", "0", "0", "0", "0", "0", "0", "0", "0", "0", "0", "1", "0", "0", "0", "0", "0" ], "duration": 159.0, "sum": 1 }, "geometry": { "type": "Point", "coordinates": [ -122.36097912193884, 47.567396172346349 ] } },
{ "type": "Feature", "properties": { "lat": 47.567418365556357, "lon": -122.36151622549882, "time_of_day": "Morning", "causation": [ "0", "0", "0", "0", "0", "0", "0", "0", "0", "0", "0", "0", "0", "0", "0", "0", "0", "0", "1", "0", "0", "0", "0", "0" ], "duration": 159.0, "sum": 1 }, "geometry": { "type": "Point", "coordinates": [ -122.361516225498818, 47.567418365556357 ] } },
{ "type": "Feature", "properties": { "lat": 47.567483255711913, "lon": -122.36144415304054, "time_of_day": "Morning", "causation": [ "0", "0", "0", "0", "0", "0", "0", "0", "0", "0", "0", "0", "0", "0", "0", "0", "0", "0", "1", "0", "0", "0", "0", "0" ], "duration": 159.0, "sum": 1 }, "geometry": { "type": "Point", "coordinates": [ -122.361444153040537, 47.567483255711913 ] } },
{ "type": "Feature", "properties": { "lat": 47.567505082922636, "lon": -122.35937959331601, "time_of_day": "Morning", "causation": [ "0", "0", "0", "0", "0", "0", "0", "0", "0", "0", "0", "0", "0", "0", "0", "0", "0", "0", "1", "0", "0", "0", "0", "0" ], "duration": 155.0, "sum": 1 }, "geometry": { "type": "Point", "coordinates": [ -122.359379593316007, 47.567505082922636 ] } },
{ "type": "Feature", "properties": { "lat": 47.567524192144312, "lon": -122.36099711437234, "time_of_day": "Morning", "causation": [ "0", "0", "0", "0", "0", "0", "0", "0", "0", "0", "0", "0", "0", "0", "0", "0", "0", "0", "1", "0", "0", "0", "0", "0" ], "duration": 159.0, "sum": 1 }, "geometry": { "type": "Point", "coordinates": [ -122.360997114372339, 47.567524192144312 ] } },
{ "type": "Feature", "properties": { "lat": 47.567555410554732, "lon": -122.36145336047518, "time_of_day": "Morning", "causation": [ "0", "0", "0", "0", "0", "0", "0", "0", "0", "0", "0", "0", "0", "0", "0", "0", "0", "0", "1", "0", "0", "0", "0", "0" ], "duration": 159.0, "sum": 1 }, "geometry": { "type": "Point", "coordinates": [ -122.361453360475181, 47.567555410554732 ] } },
{ "type": "Feature", "properties": { "lat": 47.567561248007401, "lon": -122.35510585002518, "time_of_day": "Morning", "causation": [ "0", "0", "3", "0", "0", "0", "0", "0", "0", "0", "0", "0", "0", "0", "0", "0", "0", "0", "0", "0", "0", "0", "0", "0" ], "duration": 213.0, "sum": 3 }, "geometry": { "type": "Point", "coordinates": [ -122.355105850025183, 47.567561248007401 ] } },
{ "type": "Feature", "properties": { "lat": 47.567597048042082, "lon": -122.35884305076672, "time_of_day": "Morning", "causation": [ "0", "0", "0", "0", "0", "0", "0", "0", "0", "0", "0", "0", "0", "0", "0", "0", "0", "0", "1", "0", "0", "0", "0", "0" ], "duration": 155.0, "sum": 1 }, "geometry": { "type": "Point", "coordinates": [ -122.358843050766723, 47.567597048042082 ] } },
{ "type": "Feature", "properties": { "lat": 47.567647436448929, "lon": -122.36150629981816, "time_of_day": "Morning", "causation": [ "0", "0", "0", "0", "0", "0", "0", "0", "0", "0", "0", "0", "0", "0", "0", "0", "0", "0", "2", "0", "0", "0", "0", "0" ], "duration": 318.0, "sum": 2 }, "geometry": { "type": "Point", "coordinates": [ -122.36150629981816, 47.567647436448929 ] } },
{ "type": "Feature", "properties": { "lat": 47.567652342383887, "lon": -122.3609623395501, "time_of_day": "Morning", "causation": [ "0", "0", "0", "0", "0", "0", "0", "0", "0", "0", "0", "0", "0", "0", "0", "0", "0", "0", "1", "0", "0", "0", "0", "0" ], "duration": 159.0, "sum": 1 }, "geometry": { "type": "Point", "coordinates": [ -122.360962339550099, 47.567652342383887 ] } },
{ "type": "Feature", "properties": { "lat": 47.567666589669997, "lon": -122.35938584135512, "time_of_day": "Morning", "causation": [ "0", "0", "0", "0", "0", "0", "0", "0", "0", "0", "0", "0", "0", "0", "0", "0", "0", "0", "1", "0", "0", "0", "0", "0" ], "duration": 155.0, "sum": 1 }, "geometry": { "type": "Point", "coordinates": [ -122.35938584135512, 47.567666589669997 ] } },
{ "type": "Feature", "properties": { "lat": 47.567736808719317, "lon": -122.35883349118716, "time_of_day": "Morning", "causation": [ "0", "0", "0", "0", "0", "0", "0", "0", "0", "0", "0", "0", "0", "0", "0", "0", "0", "0", "1", "0", "0", "0", "0", "0" ], "duration": 155.0, "sum": 1 }, "geometry": { "type": "Point", "coordinates": [ -122.358833491187156, 47.567736808719317 ] } },
{ "type": "Feature", "properties": { "lat": 47.567780469223777, "lon": -122.36150325524062, "time_of_day": "Morning", "causation": [ "0", "0", "0", "0", "0", "0", "0", "0", "0", "0", "0", "0", "0", "0", "0", "0", "0", "0", "1", "0", "0", "0", "0", "0" ], "duration": 159.0, "sum": 1 }, "geometry": { "type": "Point", "coordinates": [ -122.361503255240621, 47.567780469223777 ] } },
{ "type": "Feature", "properties": { "lat": 47.567802520011853, "lon": -122.36097135150996, "time_of_day": "Morning", "causation": [ "0", "0", "0", "0", "0", "0", "0", "0", "0", "0", "0", "0", "0", "0", "0", "0", "0", "0", "1", "0", "0", "0", "0", "0" ], "duration": 159.0, "sum": 1 }, "geometry": { "type": "Point", "coordinates": [ -122.36097135150996, 47.567802520011853 ] } },
{ "type": "Feature", "properties": { "lat": 47.56780463588106, "lon": -122.35938986235681, "time_of_day": "Morning", "causation": [ "0", "0", "0", "0", "0", "0", "0", "0", "0", "0", "0", "0", "0", "0", "0", "0", "0", "0", "1", "0", "0", "0", "0", "0" ], "duration": 155.0, "sum": 1 }, "geometry": { "type": "Point", "coordinates": [ -122.359389862356807, 47.56780463588106 ] } },
{ "type": "Feature", "properties": { "lat": 47.567810989429468, "lon": -122.35883424615569, "time_of_day": "Morning", "causation": [ "0", "0", "0", "0", "0", "0", "0", "0", "0", "0", "0", "0", "0", "0", "0", "0", "0", "0", "1", "0", "0", "0", "0", "0" ], "duration": 155.0, "sum": 1 }, "geometry": { "type": "Point", "coordinates": [ -122.358834246155695, 47.567810989429468 ] } },
{ "type": "Feature", "properties": { "lat": 47.567884838991013, "lon": -122.35938483072476, "time_of_day": "Morning", "causation": [ "0", "0", "0", "0", "0", "0", "0", "0", "0", "0", "0", "0", "0", "0", "0", "0", "0", "0", "1", "0", "0", "0", "0", "0" ], "duration": 155.0, "sum": 1 }, "geometry": { "type": "Point", "coordinates": [ -122.359384830724764, 47.567884838991013 ] } },
{ "type": "Feature", "properties": { "lat": 47.567899136376688, "lon": -122.36200845302059, "time_of_day": "Morning", "causation": [ "0", "0", "0", "0", "0", "0", "0", "0", "0", "0", "0", "0", "0", "0", "0", "0", "0", "0", "1", "0", "0", "0", "0", "0" ], "duration": 167.0, "sum": 1 }, "geometry": { "type": "Point", "coordinates": [ -122.362008453020593, 47.567899136376688 ] } },
{ "type": "Feature", "properties": { "lat": 47.567901297955139, "lon": -122.36161206828704, "time_of_day": "Morning", "causation": [ "0", "0", "0", "0", "0", "0", "0", "0", "0", "0", "0", "0", "0", "0", "0", "0", "0", "0", "1", "0", "0", "0", "0", "0" ], "duration": 159.0, "sum": 1 }, "geometry": { "type": "Point", "coordinates": [ -122.361612068287045, 47.567901297955139 ] } },
{ "type": "Feature", "properties": { "lat": 47.567920640065246, "lon": -122.36249918019254, "time_of_day": "Morning", "causation": [ "0", "0", "0", "0", "0", "0", "0", "0", "0", "0", "0", "0", "0", "0", "0", "0", "0", "0", "1", "0", "0", "0", "0", "0" ], "duration": 167.0, "sum": 1 }, "geometry": { "type": "Point", "coordinates": [ -122.362499180192543, 47.567920640065246 ] } },
{ "type": "Feature", "properties": { "lat": 47.567934979868376, "lon": -122.3588219070644, "time_of_day": "Morning", "causation": [ "0", "0", "0", "0", "0", "0", "0", "0", "0", "0", "0", "0", "0", "0", "0", "0", "0", "0", "1", "0", "0", "0", "0", "0" ], "duration": 155.0, "sum": 1 }, "geometry": { "type": "Point", "coordinates": [ -122.358821907064396, 47.567934979868376 ] } },
{ "type": "Feature", "properties": { "lat": 47.567965201663753, "lon": -122.36148678562834, "time_of_day": "Morning", "causation": [ "0", "0", "0", "0", "0", "0", "0", "0", "0", "0", "0", "0", "0", "0", "0", "0", "0", "0", "1", "0", "0", "0", "0", "0" ], "duration": 159.0, "sum": 1 }, "geometry": { "type": "Point", "coordinates": [ -122.361486785628344, 47.567965201663753 ] } },
{ "type": "Feature", "properties": { "lat": 47.567965413230581, "lon": -122.36199954037744, "time_of_day": "Morning", "causation": [ "0", "0", "0", "0", "0", "0", "0", "0", "0", "0", "0", "0", "0", "0", "0", "0", "0", "0", "1", "0", "0", "0", "0", "0" ], "duration": 167.0, "sum": 1 }, "geometry": { "type": "Point", "coordinates": [ -122.36199954037744, 47.567965413230581 ] } },
{ "type": "Feature", "properties": { "lat": 47.568017193060122, "lon": -122.35937121867838, "time_of_day": "Morning", "causation": [ "0", "0", "0", "0", "0", "0", "0", "0", "0", "0", "0", "0", "0", "0", "0", "0", "0", "0", "1", "0", "0", "0", "0", "0" ], "duration": 155.0, "sum": 1 }, "geometry": { "type": "Point", "coordinates": [ -122.359371218678376, 47.568017193060122 ] } },
{ "type": "Feature", "properties": { "lat": 47.568078758781709, "lon": -122.36250738046211, "time_of_day": "Morning", "causation": [ "0", "0", "0", "0", "0", "0", "0", "0", "0", "0", "0", "0", "0", "0", "0", "0", "0", "0", "1", "0", "0", "0", "0", "0" ], "duration": 167.0, "sum": 1 }, "geometry": { "type": "Point", "coordinates": [ -122.362507380462105, 47.568078758781709 ] } },
{ "type": "Feature", "properties": { "lat": 47.568085852787689, "lon": -122.35881715795696, "time_of_day": "Morning", "causation": [ "0", "0", "0", "0", "0", "0", "0", "0", "0", "0", "0", "0", "0", "0", "0", "0", "0", "0", "1", "0", "0", "0", "0", "0" ], "duration": 155.0, "sum": 1 }, "geometry": { "type": "Point", "coordinates": [ -122.358817157956963, 47.568085852787689 ] } },
{ "type": "Feature", "properties": { "lat": 47.568090744515906, "lon": -122.3614517771902, "time_of_day": "Morning", "causation": [ "0", "0", "0", "0", "0", "0", "0", "0", "0", "0", "0", "0", "0", "0", "0", "0", "0", "0", "1", "0", "0", "0", "0", "0" ], "duration": 159.0, "sum": 1 }, "geometry": { "type": "Point", "coordinates": [ -122.361451777190197, 47.568090744515906 ] } },
{ "type": "Feature", "properties": { "lat": 47.568105069497101, "lon": -122.36200001780452, "time_of_day": "Morning", "causation": [ "0", "0", "0", "0", "0", "0", "0", "0", "0", "0", "0", "0", "0", "0", "0", "0", "0", "0", "1", "0", "0", "0", "0", "0" ], "duration": 167.0, "sum": 1 }, "geometry": { "type": "Point", "coordinates": [ -122.362000017804519, 47.568105069497101 ] } },
{ "type": "Feature", "properties": { "lat": 47.568171242684784, "lon": -122.3619517045977, "time_of_day": "Morning", "causation": [ "0", "0", "0", "0", "0", "0", "0", "0", "0", "0", "0", "0", "0", "0", "0", "0", "0", "0", "2", "0", "0", "0", "0", "0" ], "duration": 318.0, "sum": 2 }, "geometry": { "type": "Point", "coordinates": [ -122.361951704597701, 47.568171242684784 ] } },
{ "type": "Feature", "properties": { "lat": 47.568190479068669, "lon": -122.36089153940918, "time_of_day": "Morning", "causation": [ "0", "0", "0", "0", "0", "0", "0", "0", "0", "0", "0", "0", "0", "0", "0", "0", "0", "0", "1", "0", "0", "0", "0", "0" ], "duration": 159.0, "sum": 1 }, "geometry": { "type": "Point", "coordinates": [ -122.360891539409181, 47.568190479068669 ] } },
{ "type": "Feature", "properties": { "lat": 47.568197560561138, "lon": -122.3593928927644, "time_of_day": "Afternoon", "causation": [ "0", "0", "0", "0", "0", "0", "0", "0", "0", "0", "0", "0", "0", "0", "0", "0", "0", "0", "1", "0", "0", "0", "0", "0" ], "duration": 408.0, "sum": 1 }, "geometry": { "type": "Point", "coordinates": [ -122.359392892764404, 47.568197560561138 ] } },
{ "type": "Feature", "properties": { "lat": 47.568197560561138, "lon": -122.3593928927644, "time_of_day": "Morning", "causation": [ "0", "0", "0", "0", "0", "0", "0", "0", "0", "0", "0", "0", "0", "0", "0", "0", "0", "0", "1", "0", "0", "0", "0", "0" ], "duration": 129.0, "sum": 1 }, "geometry": { "type": "Point", "coordinates": [ -122.359392892764404, 47.568197560561138 ] } },
{ "type": "Feature", "properties": { "lat": 47.568199439966548, "lon": -122.36148230270246, "time_of_day": "Morning", "causation": [ "0", "0", "0", "0", "0", "0", "0", "0", "0", "0", "0", "0", "0", "0", "0", "0", "0", "0", "1", "0", "0", "0", "0", "0" ], "duration": 159.0, "sum": 1 }, "geometry": { "type": "Point", "coordinates": [ -122.361482302702456, 47.568199439966548 ] } },
{ "type": "Feature", "properties": { "lat": 47.568228223857247, "lon": -122.36039712694524, "time_of_day": "Morning", "causation": [ "0", "0", "0", "0", "0", "0", "0", "0", "0", "0", "0", "0", "0", "0", "0", "0", "0", "0", "2", "0", "0", "0", "0", "0" ], "duration": 318.0, "sum": 2 }, "geometry": { "type": "Point", "coordinates": [ -122.360397126945244, 47.568228223857247 ] } },
{ "type": "Feature", "properties": { "lat": 47.568288352713694, "lon": -122.39988467291244, "time_of_day": "Morning", "causation": [ "0", "0", "0", "0", "0", "0", "0", "0", "0", "0", "0", "0", "0", "0", "0", "0", "0", "0", "1", "0", "0", "0", "0", "0" ], "duration": 244.0, "sum": 1 }, "geometry": { "type": "Point", "coordinates": [ -122.399884672912435, 47.568288352713694 ] } },
{ "type": "Feature", "properties": { "lat": 47.568303032627512, "lon": -122.40011001191432, "time_of_day": "Morning", "causation": [ "0", "0", "0", "0", "0", "0", "0", "0", "0", "0", "0", "0", "0", "0", "0", "0", "0", "0", "1", "0", "0", "0", "0", "0" ], "duration": 244.0, "sum": 1 }, "geometry": { "type": "Point", "coordinates": [ -122.400110011914322, 47.568303032627512 ] } },
{ "type": "Feature", "properties": { "lat": 47.568394424688371, "lon": -122.40042028831505, "time_of_day": "Morning", "causation": [ "0", "0", "0", "0", "0", "0", "0", "0", "0", "0", "0", "0", "0", "0", "0", "0", "0", "0", "1", "0", "0", "0", "0", "0" ], "duration": 244.0, "sum": 1 }, "geometry": { "type": "Point", "coordinates": [ -122.400420288315047, 47.568394424688371 ] } },
{ "type": "Feature", "properties": { "lat": 47.568487443792201, "lon": -122.36138515331604, "time_of_day": "Morning", "causation": [ "0", "0", "0", "0", "0", "0", "0", "0", "0", "0", "0", "0", "0", "0", "0", "0", "0", "0", "4", "0", "0", "0", "0", "0" ], "duration": 636.0, "sum": 4 }, "geometry": { "type": "Point", "coordinates": [ -122.361385153316036, 47.568487443792201 ] } },
{ "type": "Feature", "properties": { "lat": 47.568497326016391, "lon": -122.36253174113718, "time_of_day": "Morning", "causation": [ "0", "0", "0", "0", "0", "0", "0", "0", "0", "0", "0", "0", "0", "0", "0", "0", "0", "0", "1", "0", "0", "0", "0", "0" ], "duration": 167.0, "sum": 1 }, "geometry": { "type": "Point", "coordinates": [ -122.362531741137175, 47.568497326016391 ] } },
{ "type": "Feature", "properties": { "lat": 47.568498477533069, "lon": -122.35927354694584, "time_of_day": "Morning", "causation": [ "0", "0", "0", "0", "0", "0", "0", "0", "0", "0", "0", "0", "0", "0", "0", "0", "0", "0", "1", "0", "0", "0", "0", "0" ], "duration": 153.0, "sum": 1 }, "geometry": { "type": "Point", "coordinates": [ -122.359273546945843, 47.568498477533069 ] } },
{ "type": "Feature", "properties": { "lat": 47.568499574955069, "lon": -122.36196345730129, "time_of_day": "Morning", "causation": [ "0", "0", "0", "0", "0", "0", "0", "0", "0", "0", "0", "0", "0", "0", "0", "0", "0", "0", "1", "0", "0", "0", "0", "0" ], "duration": 48.0, "sum": 1 }, "geometry": { "type": "Point", "coordinates": [ -122.361963457301286, 47.568499574955069 ] } },
{ "type": "Feature", "properties": { "lat": 47.568500104023286, "lon": -122.36090829951851, "time_of_day": "Morning", "causation": [ "0", "0", "0", "0", "0", "0", "0", "0", "0", "0", "0", "0", "0", "0", "0", "0", "0", "0", "2", "0", "0", "0", "0", "0" ], "duration": 318.0, "sum": 2 }, "geometry": { "type": "Point", "coordinates": [ -122.360908299518513, 47.568500104023286 ] } },
{ "type": "Feature", "properties": { "lat": 47.568500400108448, "lon": -122.35954580960799, "time_of_day": "Afternoon", "causation": [ "0", "0", "0", "0", "0", "0", "0", "0", "0", "0", "0", "0", "0", "0", "0", "0", "0", "0", "1", "0", "0", "0", "0", "0" ], "duration": 408.0, "sum": 1 }, "geometry": { "type": "Point", "coordinates": [ -122.359545809607994, 47.568500400108448 ] } },
{ "type": "Feature", "properties": { "lat": 47.568500400108448, "lon": -122.35954580960799, "time_of_day": "Morning", "causation": [ "0", "0", "0", "0", "0", "0", "0", "0", "0", "0", "0", "0", "0", "0", "0", "0", "0", "0", "1", "0", "0", "0", "0", "0" ], "duration": 129.0, "sum": 1 }, "geometry": { "type": "Point", "coordinates": [ -122.359545809607994, 47.568500400108448 ] } },
{ "type": "Feature", "properties": { "lat": 47.568501868829813, "lon": -122.36165084673704, "time_of_day": "Morning", "causation": [ "0", "0", "0", "0", "0", "0", "0", "0", "0", "0", "0", "0", "0", "0", "0", "0", "0", "0", "2", "0", "0", "0", "0", "0" ], "duration": 318.0, "sum": 2 }, "geometry": { "type": "Point", "coordinates": [ -122.361650846737035, 47.568501868829813 ] } },
{ "type": "Feature", "properties": { "lat": 47.568503349114472, "lon": -122.36298337130567, "time_of_day": "Morning", "causation": [ "0", "0", "0", "0", "0", "0", "0", "0", "0", "0", "0", "0", "0", "0", "0", "0", "0", "0", "2", "0", "0", "0", "0", "0" ], "duration": 334.0, "sum": 2 }, "geometry": { "type": "Point", "coordinates": [ -122.362983371305674, 47.568503349114472 ] } },
{ "type": "Feature", "properties": { "lat": 47.568507815313218, "lon": -122.35981699757696, "time_of_day": "Afternoon", "causation": [ "0", "0", "0", "0", "0", "0", "0", "0", "0", "0", "0", "0", "0", "0", "0", "0", "0", "0", "1", "0", "0", "0", "0", "0" ], "duration": 408.0, "sum": 1 }, "geometry": { "type": "Point", "coordinates": [ -122.359816997576957, 47.568507815313218 ] } },
{ "type": "Feature", "properties": { "lat": 47.568507815313218, "lon": -122.35981699757696, "time_of_day": "Morning", "causation": [ "0", "0", "0", "0", "0", "0", "0", "0", "0", "0", "0", "0", "0", "0", "0", "0", "0", "0", "1", "0", "0", "0", "0", "0" ], "duration": 129.0, "sum": 1 }, "geometry": { "type": "Point", "coordinates": [ -122.359816997576957, 47.568507815313218 ] } },
{ "type": "Feature", "properties": { "lat": 47.568535889532612, "lon": -122.35882155725866, "time_of_day": "Morning", "causation": [ "0", "0", "0", "0", "0", "0", "0", "0", "0", "0", "0", "0", "0", "0", "0", "0", "0", "0", "2", "0", "0", "0", "0", "0" ], "duration": 306.0, "sum": 2 }, "geometry": { "type": "Point", "coordinates": [ -122.358821557258665, 47.568535889532612 ] } },
{ "type": "Feature", "properties": { "lat": 47.568600370111689, "lon": -122.35930939517436, "time_of_day": "Morning", "causation": [ "0", "0", "0", "0", "0", "0", "0", "0", "0", "0", "0", "0", "0", "0", "0", "0", "0", "0", "1", "0", "0", "0", "0", "0" ], "duration": 153.0, "sum": 1 }, "geometry": { "type": "Point", "coordinates": [ -122.359309395174364, 47.568600370111689 ] } },
{ "type": "Feature", "properties": { "lat": 47.56862218869999, "lon": -122.36285006359638, "time_of_day": "Morning", "causation": [ "0", "0", "0", "0", "0", "0", "0", "0", "0", "0", "0", "0", "0", "0", "0", "0", "0", "0", "1", "0", "0", "0", "0", "0" ], "duration": 167.0, "sum": 1 }, "geometry": { "type": "Point", "coordinates": [ -122.362850063596383, 47.56862218869999 ] } },
{ "type": "Feature", "properties": { "lat": 47.568624572094748, "lon": -122.36141381081931, "time_of_day": "Morning", "causation": [ "0", "0", "0", "0", "0", "0", "0", "0", "0", "0", "0", "0", "0", "0", "0", "0", "0", "0", "1", "0", "0", "0", "0", "0" ], "duration": 159.0, "sum": 1 }, "geometry": { "type": "Point", "coordinates": [ -122.361413810819315, 47.568624572094748 ] } },
{ "type": "Feature", "properties": { "lat": 47.568626187020847, "lon": -122.3625136788668, "time_of_day": "Morning", "causation": [ "0", "0", "0", "0", "0", "0", "0", "0", "0", "0", "0", "0", "0", "0", "0", "0", "0", "0", "1", "0", "0", "0", "0", "0" ], "duration": 48.0, "sum": 1 }, "geometry": { "type": "Point", "coordinates": [ -122.362513678866804, 47.568626187020847 ] } },
{ "type": "Feature", "properties": { "lat": 47.568643859449708, "lon": -122.35978933021752, "time_of_day": "Afternoon", "causation": [ "0", "0", "0", "0", "0", "0", "0", "0", "0", "0", "0", "0", "0", "0", "0", "0", "0", "0", "1", "0", "0", "0", "0", "0" ], "duration": 408.0, "sum": 1 }, "geometry": { "type": "Point", "coordinates": [ -122.359789330217524, 47.568643859449708 ] } },
{ "type": "Feature", "properties": { "lat": 47.568643859449708, "lon": -122.35978933021752, "time_of_day": "Morning", "causation": [ "0", "0", "0", "0", "0", "0", "0", "0", "0", "0", "0", "0", "0", "0", "0", "0", "0", "0", "1", "0", "0", "0", "0", "0" ], "duration": 129.0, "sum": 1 }, "geometry": { "type": "Point", "coordinates": [ -122.359789330217524, 47.568643859449708 ] } },
{ "type": "Feature", "properties": { "lat": 47.568667565022615, "lon": -122.3619019056283, "time_of_day": "Morning", "causation": [ "0", "0", "0", "0", "0", "0", "0", "0", "0", "0", "0", "0", "0", "0", "0", "0", "0", "0", "1", "0", "0", "0", "0", "0" ], "duration": 159.0, "sum": 1 }, "geometry": { "type": "Point", "coordinates": [ -122.361901905628301, 47.568667565022615 ] } },
{ "type": "Feature", "properties": { "lat": 47.568667698827312, "lon": -122.35929991016756, "time_of_day": "Morning", "causation": [ "0", "0", "0", "0", "0", "0", "0", "0", "0", "0", "0", "0", "0", "0", "0", "0", "0", "0", "1", "0", "0", "0", "0", "0" ], "duration": 153.0, "sum": 1 }, "geometry": { "type": "Point", "coordinates": [ -122.359299910167564, 47.568667698827312 ] } },
{ "type": "Feature", "properties": { "lat": 47.568696069362616, "lon": -122.39919301625964, "time_of_day": "Morning", "causation": [ "0", "0", "0", "0", "0", "0", "0", "0", "0", "0", "0", "0", "0", "0", "0", "0", "0", "0", "1", "0", "0", "0", "0", "0" ], "duration": 244.0, "sum": 1 }, "geometry": { "type": "Point", "coordinates": [ -122.399193016259645, 47.568696069362616 ] } },
{ "type": "Feature", "properties": { "lat": 47.568700938633008, "lon": -122.35881375113826, "time_of_day": "Morning", "causation": [ "0", "0", "0", "0", "0", "0", "0", "0", "0", "0", "0", "0", "0", "0", "0", "0", "0", "0", "1", "0", "0", "0", "0", "0" ], "duration": 153.0, "sum": 1 }, "geometry": { "type": "Point", "coordinates": [ -122.358813751138257, 47.568700938633008 ] } },
{ "type": "Feature", "properties": { "lat": 47.568720100746624, "lon": -122.39983873775452, "time_of_day": "Morning", "causation": [ "0", "0", "0", "0", "0", "0", "0", "0", "0", "0", "0", "0", "0", "0", "0", "0", "0", "0", "1", "0", "0", "0", "0", "0" ], "duration": 244.0, "sum": 1 }, "geometry": { "type": "Point", "coordinates": [ -122.399838737754521, 47.568720100746624 ] } },
{ "type": "Feature", "properties": { "lat": 47.568739053769043, "lon": -122.35940917432254, "time_of_day": "Morning", "causation": [ "0", "0", "0", "0", "0", "0", "0", "0", "0", "0", "0", "0", "0", "0", "0", "0", "0", "0", "1", "0", "0", "0", "0", "0" ], "duration": 153.0, "sum": 1 }, "geometry": { "type": "Point", "coordinates": [ -122.359409174322536, 47.568739053769043 ] } },
{ "type": "Feature", "properties": { "lat": 47.568766792148345, "lon": -122.40124239278008, "time_of_day": "Morning", "causation": [ "0", "0", "0", "0", "0", "0", "0", "0", "0", "0", "0", "0", "0", "0", "0", "0", "0", "0", "1", "0", "0", "0", "0", "0" ], "duration": 244.0, "sum": 1 }, "geometry": { "type": "Point", "coordinates": [ -122.401242392780077, 47.568766792148345 ] } },
{ "type": "Feature", "properties": { "lat": 47.568774393445842, "lon": -122.3637038465738, "time_of_day": "Morning", "causation": [ "0", "0", "0", "0", "0", "0", "0", "0", "0", "0", "0", "0", "0", "0", "0", "0", "0", "0", "10", "0", "0", "0", "0", "0" ], "duration": 480.0, "sum": 10 }, "geometry": { "type": "Point", "coordinates": [ -122.363703846573799, 47.568774393445842 ] } },
{ "type": "Feature", "properties": { "lat": 47.568781047016266, "lon": -122.36045314506995, "time_of_day": "Morning", "causation": [ "0", "0", "0", "0", "0", "0", "0", "0", "0", "0", "0", "0", "0", "0", "0", "0", "0", "0", "1", "0", "0", "0", "0", "0" ], "duration": 159.0, "sum": 1 }, "geometry": { "type": "Point", "coordinates": [ -122.360453145069954, 47.568781047016266 ] } },
{ "type": "Feature", "properties": { "lat": 47.568785257050905, "lon": -122.361387944272, "time_of_day": "Morning", "causation": [ "0", "0", "0", "0", "0", "0", "0", "0", "0", "0", "0", "0", "0", "0", "0", "0", "0", "0", "1", "0", "0", "0", "0", "0" ], "duration": 159.0, "sum": 1 }, "geometry": { "type": "Point", "coordinates": [ -122.361387944271996, 47.568785257050905 ] } },
{ "type": "Feature", "properties": { "lat": 47.568799494692136, "lon": -122.36197982960236, "time_of_day": "Morning", "causation": [ "0", "0", "0", "0", "0", "0", "0", "0", "0", "0", "0", "0", "0", "0", "0", "0", "0", "0", "1", "0", "0", "0", "0", "0" ], "duration": 48.0, "sum": 1 }, "geometry": { "type": "Point", "coordinates": [ -122.361979829602362, 47.568799494692136 ] } },
{ "type": "Feature", "properties": { "lat": 47.568800245674446, "lon": -122.35978628912039, "time_of_day": "Morning", "causation": [ "0", "0", "0", "0", "0", "0", "0", "0", "0", "0", "0", "0", "0", "0", "0", "0", "0", "0", "2", "0", "0", "0", "0", "0" ], "duration": 306.0, "sum": 2 }, "geometry": { "type": "Point", "coordinates": [ -122.359786289120393, 47.568800245674446 ] } },
{ "type": "Feature", "properties": { "lat": 47.568806912843833, "lon": -122.35943443542747, "time_of_day": "Morning", "causation": [ "0", "0", "0", "0", "0", "0", "0", "0", "0", "0", "0", "0", "0", "0", "0", "0", "0", "0", "1", "0", "0", "0", "0", "0" ], "duration": 153.0, "sum": 1 }, "geometry": { "type": "Point", "coordinates": [ -122.359434435427474, 47.568806912843833 ] } },
{ "type": "Feature", "properties": { "lat": 47.568816317257003, "lon": -122.36252814313546, "time_of_day": "Morning", "causation": [ "0", "0", "0", "0", "0", "0", "0", "0", "0", "0", "0", "0", "0", "0", "0", "0", "0", "0", "1", "0", "0", "0", "0", "0" ], "duration": 48.0, "sum": 1 }, "geometry": { "type": "Point", "coordinates": [ -122.362528143135464, 47.568816317257003 ] } },
{ "type": "Feature", "properties": { "lat": 47.568817082667437, "lon": -122.36591323620544, "time_of_day": "Morning", "causation": [ "0", "0", "0", "0", "0", "0", "0", "0", "0", "0", "0", "0", "0", "0", "0", "0", "0", "0", "1", "0", "0", "0", "0", "0" ], "duration": 48.0, "sum": 1 }, "geometry": { "type": "Point", "coordinates": [ -122.365913236205444, 47.568817082667437 ] } },
{ "type": "Feature", "properties": { "lat": 47.568834263692331, "lon": -122.40178947034202, "time_of_day": "Morning", "causation": [ "0", "0", "0", "0", "0", "0", "0", "0", "0", "0", "0", "0", "0", "0", "0", "0", "0", "0", "1", "0", "0", "0", "0", "0" ], "duration": 244.0, "sum": 1 }, "geometry": { "type": "Point", "coordinates": [ -122.401789470342024, 47.568834263692331 ] } },
{ "type": "Feature", "properties": { "lat": 47.568853686535121, "lon": -122.39912265000711, "time_of_day": "Morning", "causation": [ "0", "0", "0", "0", "0", "0", "0", "0", "0", "0", "0", "0", "0", "0", "0", "0", "0", "0", "1", "0", "0", "0", "0", "0" ], "duration": 244.0, "sum": 1 }, "geometry": { "type": "Point", "coordinates": [ -122.399122650007115, 47.568853686535121 ] } },
{ "type": "Feature", "properties": { "lat": 47.568861035121628, "lon": -122.35879529403545, "time_of_day": "Morning", "causation": [ "0", "0", "0", "0", "0", "0", "0", "0", "0", "0", "0", "0", "0", "0", "0", "0", "0", "0", "1", "0", "0", "0", "0", "0" ], "duration": 153.0, "sum": 1 }, "geometry": { "type": "Point", "coordinates": [ -122.358795294035446, 47.568861035121628 ] } },
{ "type": "Feature", "properties": { "lat": 47.568875853124737, "lon": -122.40059465056792, "time_of_day": "Morning", "causation": [ "0", "0", "0", "0", "0", "0", "0", "0", "0", "0", "0", "0", "0", "0", "0", "0", "0", "0", "1", "0", "0", "0", "0", "0" ], "duration": 244.0, "sum": 1 }, "geometry": { "type": "Point", "coordinates": [ -122.400594650567925, 47.568875853124737 ] } },
{ "type": "Feature", "properties": { "lat": 47.568905793995867, "lon": -122.3613771546466, "time_of_day": "Morning", "causation": [ "0", "0", "0", "0", "0", "0", "0", "0", "0", "0", "0", "0", "0", "0", "0", "0", "0", "0", "2", "0", "0", "0", "0", "0" ], "duration": 318.0, "sum": 2 }, "geometry": { "type": "Point", "coordinates": [ -122.361377154646604, 47.568905793995867 ] } },
{ "type": "Feature", "properties": { "lat": 47.568918717753853, "lon": -122.3593146397376, "time_of_day": "Morning", "causation": [ "0", "0", "0", "0", "0", "0", "0", "0", "0", "0", "0", "0", "0", "0", "0", "0", "0", "0", "1", "0", "0", "0", "0", "0" ], "duration": 153.0, "sum": 1 }, "geometry": { "type": "Point", "coordinates": [ -122.359314639737605, 47.568918717753853 ] } },
{ "type": "Feature", "properties": { "lat": 47.568924274434245, "lon": -122.35983458173, "time_of_day": "Morning", "causation": [ "0", "0", "0", "0", "0", "0", "0", "0", "0", "0", "0", "0", "0", "0", "0", "0", "0", "0", "1", "0", "0", "0", "0", "0" ], "duration": 153.0, "sum": 1 }, "geometry": { "type": "Point", "coordinates": [ -122.359834581729999, 47.568924274434245 ] } },
{ "type": "Feature", "properties": { "lat": 47.568932340388791, "lon": -122.399784695675, "time_of_day": "Morning", "causation": [ "0", "0", "0", "0", "0", "0", "0", "0", "0", "0", "0", "0", "0", "0", "0", "0", "0", "0", "1", "0", "0", "0", "0", "0" ], "duration": 244.0, "sum": 1 }, "geometry": { "type": "Point", "coordinates": [ -122.399784695674995, 47.568932340388791 ] } },
{ "type": "Feature", "properties": { "lat": 47.568936321400834, "lon": -122.40185636618168, "time_of_day": "Morning", "causation": [ "0", "0", "0", "0", "0", "0", "0", "0", "0", "0", "0", "0", "0", "0", "0", "0", "0", "0", "1", "0", "0", "0", "0", "0" ], "duration": 244.0, "sum": 1 }, "geometry": { "type": "Point", "coordinates": [ -122.401856366181676, 47.568936321400834 ] } },
{ "type": "Feature", "properties": { "lat": 47.56893680356243, "lon": -122.36194705927652, "time_of_day": "Morning", "causation": [ "0", "0", "0", "0", "0", "0", "0", "0", "0", "0", "0", "0", "0", "0", "0", "0", "0", "0", "1", "0", "0", "0", "0", "0" ], "duration": 48.0, "sum": 1 }, "geometry": { "type": "Point", "coordinates": [ -122.361947059276517, 47.56893680356243 ] } },
{ "type": "Feature", "properties": { "lat": 47.568946890673907, "lon": -122.40115384891271, "time_of_day": "Morning", "causation": [ "0", "0", "0", "0", "0", "0", "0", "0", "0", "0", "0", "0", "0", "0", "0", "0", "0", "0", "1", "0", "0", "0", "0", "0" ], "duration": 244.0, "sum": 1 }, "geometry": { "type": "Point", "coordinates": [ -122.401153848912713, 47.568946890673907 ] } },
{ "type": "Feature", "properties": { "lat": 47.568979605359601, "lon": -122.40051728255324, "time_of_day": "Morning", "causation": [ "0", "0", "0", "0", "0", "0", "0", "0", "0", "0", "0", "0", "0", "0", "0", "0", "0", "0", "1", "0", "0", "0", "0", "0" ], "duration": 244.0, "sum": 1 }, "geometry": { "type": "Point", "coordinates": [ -122.400517282553238, 47.568979605359601 ] } },
{ "type": "Feature", "properties": { "lat": 47.568990007205848, "lon": -122.3588379758239, "time_of_day": "Morning", "causation": [ "0", "0", "0", "0", "0", "0", "0", "0", "0", "0", "0", "0", "0", "0", "0", "0", "0", "0", "1", "0", "0", "0", "0", "0" ], "duration": 153.0, "sum": 1 }, "geometry": { "type": "Point", "coordinates": [ -122.358837975823903, 47.568990007205848 ] } },
{ "type": "Feature", "properties": { "lat": 47.568998275841935, "lon": -122.39914847544198, "time_of_day": "Morning", "causation": [ "0", "0", "0", "0", "0", "0", "0", "0", "0", "0", "0", "0", "0", "0", "0", "0", "0", "0", "1", "0", "0", "0", "0", "0" ], "duration": 244.0, "sum": 1 }, "geometry": { "type": "Point", "coordinates": [ -122.399148475441976, 47.568998275841935 ] } },
{ "type": "Feature", "properties": { "lat": 47.569019434064487, "lon": -122.3608543640017, "time_of_day": "Morning", "causation": [ "0", "0", "0", "0", "0", "0", "0", "0", "0", "0", "0", "0", "0", "0", "0", "0", "0", "0", "1", "0", "0", "0", "0", "0" ], "duration": 159.0, "sum": 1 }, "geometry": { "type": "Point", "coordinates": [ -122.360854364001696, 47.569019434064487 ] } },
{ "type": "Feature", "properties": { "lat": 47.569050288648, "lon": -122.39982916155326, "time_of_day": "Morning", "causation": [ "0", "0", "0", "0", "0", "0", "0", "0", "0", "0", "0", "0", "0", "0", "0", "0", "0", "0", "1", "0", "0", "0", "0", "0" ], "duration": 244.0, "sum": 1 }, "geometry": { "type": "Point", "coordinates": [ -122.399829161553257, 47.569050288648 ] } },
{ "type": "Feature", "properties": { "lat": 47.569052320332119, "lon": -122.35985450121726, "time_of_day": "Morning", "causation": [ "0", "0", "0", "0", "0", "0", "0", "0", "0", "0", "0", "0", "0", "0", "0", "0", "0", "0", "1", "0", "0", "0", "0", "0" ], "duration": 153.0, "sum": 1 }, "geometry": { "type": "Point", "coordinates": [ -122.359854501217256, 47.569052320332119 ] } },
{ "type": "Feature", "properties": { "lat": 47.56906546199172, "lon": -122.40123846048569, "time_of_day": "Morning", "causation": [ "0", "0", "0", "0", "0", "0", "0", "0", "0", "0", "0", "0", "0", "0", "0", "0", "0", "0", "1", "0", "0", "0", "0", "0" ], "duration": 244.0, "sum": 1 }, "geometry": { "type": "Point", "coordinates": [ -122.401238460485686, 47.56906546199172 ] } },
{ "type": "Feature", "properties": { "lat": 47.569068686319277, "lon": -122.40046244170637, "time_of_day": "Morning", "causation": [ "0", "0", "0", "0", "0", "0", "0", "0", "0", "0", "0", "0", "0", "0", "0", "0", "0", "0", "1", "0", "0", "0", "0", "0" ], "duration": 244.0, "sum": 1 }, "geometry": { "type": "Point", "coordinates": [ -122.400462441706367, 47.569068686319277 ] } },
{ "type": "Feature", "properties": { "lat": 47.569075847691558, "lon": -122.35935159245751, "time_of_day": "Morning", "causation": [ "0", "0", "0", "0", "0", "0", "0", "0", "0", "0", "0", "0", "0", "0", "0", "0", "0", "0", "1", "0", "0", "0", "0", "0" ], "duration": 153.0, "sum": 1 }, "geometry": { "type": "Point", "coordinates": [ -122.359351592457514, 47.569075847691558 ] } },
{ "type": "Feature", "properties": { "lat": 47.569090152725863, "lon": -122.36051217856034, "time_of_day": "Morning", "causation": [ "0", "0", "0", "0", "0", "0", "0", "0", "0", "0", "0", "0", "0", "0", "0", "0", "0", "0", "1", "0", "0", "0", "0", "0" ], "duration": 153.0, "sum": 1 }, "geometry": { "type": "Point", "coordinates": [ -122.360512178560342, 47.569090152725863 ] } },
{ "type": "Feature", "properties": { "lat": 47.569092843521808, "lon": -122.36186964252651, "time_of_day": "Morning", "causation": [ "0", "0", "0", "0", "0", "0", "0", "0", "0", "0", "0", "0", "0", "0", "0", "0", "0", "0", "1", "0", "0", "0", "0", "0" ], "duration": 48.0, "sum": 1 }, "geometry": { "type": "Point", "coordinates": [ -122.361869642526514, 47.569092843521808 ] } },
{ "type": "Feature", "properties": { "lat": 47.569122317259684, "lon": -122.40181747285412, "time_of_day": "Morning", "causation": [ "0", "0", "0", "0", "0", "0", "0", "0", "0", "0", "0", "0", "0", "0", "0", "0", "0", "0", "1", "0", "0", "0", "0", "0" ], "duration": 244.0, "sum": 1 }, "geometry": { "type": "Point", "coordinates": [ -122.40181747285412, 47.569122317259684 ] } },
{ "type": "Feature", "properties": { "lat": 47.56912995560144, "lon": -122.39847053232508, "time_of_day": "Morning", "causation": [ "0", "0", "0", "0", "0", "0", "0", "0", "0", "0", "0", "0", "0", "0", "0", "0", "0", "0", "1", "0", "0", "0", "0", "0" ], "duration": 244.0, "sum": 1 }, "geometry": { "type": "Point", "coordinates": [ -122.398470532325078, 47.56912995560144 ] } },
{ "type": "Feature", "properties": { "lat": 47.569137045266139, "lon": -122.39913363347894, "time_of_day": "Morning", "causation": [ "0", "0", "0", "0", "0", "0", "0", "0", "0", "0", "0", "0", "0", "0", "0", "0", "0", "0", "1", "0", "0", "0", "0", "0" ], "duration": 244.0, "sum": 1 }, "geometry": { "type": "Point", "coordinates": [ -122.399133633478939, 47.569137045266139 ] } },
{ "type": "Feature", "properties": { "lat": 47.569138766926059, "lon": -122.35884542098194, "time_of_day": "Morning", "causation": [ "0", "0", "0", "0", "0", "0", "0", "0", "0", "0", "0", "0", "0", "0", "0", "0", "0", "0", "1", "0", "0", "0", "0", "0" ], "duration": 153.0, "sum": 1 }, "geometry": { "type": "Point", "coordinates": [ -122.358845420981936, 47.569138766926059 ] } },
{ "type": "Feature", "properties": { "lat": 47.569146694838246, "lon": -122.35938598043248, "time_of_day": "Morning", "causation": [ "0", "0", "0", "0", "0", "0", "0", "0", "0", "0", "0", "0", "0", "0", "0", "0", "0", "0", "1", "0", "0", "0", "0", "0" ], "duration": 153.0, "sum": 1 }, "geometry": { "type": "Point", "coordinates": [ -122.359385980432478, 47.569146694838246 ] } },
{ "type": "Feature", "properties": { "lat": 47.569147174704263, "lon": -122.36085884841708, "time_of_day": "Morning", "causation": [ "0", "0", "0", "0", "0", "0", "0", "0", "0", "0", "0", "0", "0", "0", "0", "0", "0", "0", "1", "0", "0", "0", "0", "0" ], "duration": 159.0, "sum": 1 }, "geometry": { "type": "Point", "coordinates": [ -122.360858848417081, 47.569147174704263 ] } },
{ "type": "Feature", "properties": { "lat": 47.569166192542873, "lon": -122.3619159665724, "time_of_day": "Morning", "causation": [ "0", "0", "0", "0", "0", "0", "0", "0", "0", "0", "0", "0", "0", "0", "0", "0", "0", "0", "1", "0", "0", "0", "0", "0" ], "duration": 48.0, "sum": 1 }, "geometry": { "type": "Point", "coordinates": [ -122.361915966572397, 47.569166192542873 ] } },
{ "type": "Feature", "properties": { "lat": 47.569176746301601, "lon": -122.39774429612548, "time_of_day": "Morning", "causation": [ "0", "0", "0", "0", "0", "0", "0", "0", "0", "0", "0", "0", "0", "0", "0", "0", "0", "0", "1", "0", "0", "0", "0", "0" ], "duration": 244.0, "sum": 1 }, "geometry": { "type": "Point", "coordinates": [ -122.397744296125481, 47.569176746301601 ] } },
{ "type": "Feature", "properties": { "lat": 47.569181682663597, "lon": -122.3998419184242, "time_of_day": "Morning", "causation": [ "0", "0", "0", "0", "0", "0", "0", "0", "0", "0", "0", "0", "0", "0", "0", "0", "0", "0", "1", "0", "0", "0", "0", "0" ], "duration": 244.0, "sum": 1 }, "geometry": { "type": "Point", "coordinates": [ -122.399841918424201, 47.569181682663597 ] } },
{ "type": "Feature", "properties": { "lat": 47.569195347968105, "lon": -122.35985347943216, "time_of_day": "Morning", "causation": [ "0", "0", "0", "0", "0", "0", "0", "0", "0", "0", "0", "0", "0", "0", "0", "0", "0", "0", "1", "0", "0", "0", "0", "0" ], "duration": 153.0, "sum": 1 }, "geometry": { "type": "Point", "coordinates": [ -122.359853479432161, 47.569195347968105 ] } },
{ "type": "Feature", "properties": { "lat": 47.569205147823268, "lon": -122.40116134472365, "time_of_day": "Morning", "causation": [ "0", "0", "0", "0", "0", "0", "0", "0", "0", "0", "0", "0", "0", "0", "0", "0", "0", "0", "1", "0", "0", "0", "0", "0" ], "duration": 244.0, "sum": 1 }, "geometry": { "type": "Point", "coordinates": [ -122.401161344723647, 47.569205147823268 ] } },
{ "type": "Feature", "properties": { "lat": 47.569222564724015, "lon": -122.36050773964516, "time_of_day": "Morning", "causation": [ "0", "0", "0", "0", "0", "0", "0", "0", "0", "0", "0", "0", "0", "0", "0", "0", "0", "0", "1", "0", "0", "0", "0", "0" ], "duration": 153.0, "sum": 1 }, "geometry": { "type": "Point", "coordinates": [ -122.360507739645158, 47.569222564724015 ] } },
{ "type": "Feature", "properties": { "lat": 47.569243669244266, "lon": -122.40054173613788, "time_of_day": "Morning", "causation": [ "0", "0", "0", "0", "0", "0", "0", "0", "0", "0", "0", "0", "0", "0", "0", "0", "0", "0", "1", "0", "0", "0", "0", "0" ], "duration": 244.0, "sum": 1 }, "geometry": { "type": "Point", "coordinates": [ -122.400541736137882, 47.569243669244266 ] } },
{ "type": "Feature", "properties": { "lat": 47.569244924250043, "lon": -122.40178104991506, "time_of_day": "Morning", "causation": [ "0", "0", "0", "0", "0", "0", "0", "0", "0", "0", "0", "0", "0", "0", "0", "0", "0", "0", "1", "0", "0", "0", "0", "0" ], "duration": 244.0, "sum": 1 }, "geometry": { "type": "Point", "coordinates": [ -122.401781049915058, 47.569244924250043 ] } },
{ "type": "Feature", "properties": { "lat": 47.569251797332953, "lon": -122.39914779656226, "time_of_day": "Morning", "causation": [ "0", "0", "0", "0", "0", "0", "0", "0", "0", "0", "0", "0", "0", "0", "0", "0", "0", "0", "1", "0", "0", "0", "0", "0" ], "duration": 244.0, "sum": 1 }, "geometry": { "type": "Point", "coordinates": [ -122.399147796562261, 47.569251797332953 ] } },
{ "type": "Feature", "properties": { "lat": 47.569253878219683, "lon": -122.36150242334932, "time_of_day": "Morning", "causation": [ "0", "0", "0", "0", "0", "0", "0", "0", "0", "0", "0", "0", "0", "0", "0", "0", "0", "0", "3", "0", "0", "0", "0", "0" ], "duration": 477.0, "sum": 3 }, "geometry": { "type": "Point", "coordinates": [ -122.361502423349322, 47.569253878219683 ] } },
{ "type": "Feature", "properties": { "lat": 47.569259099503967, "lon": -122.36090064654957, "time_of_day": "Morning", "causation": [ "0", "0", "0", "0", "0", "0", "0", "0", "0", "0", "0", "0", "0", "0", "0", "0", "0", "0", "1", "0", "0", "0", "0", "0" ], "duration": 159.0, "sum": 1 }, "geometry": { "type": "Point", "coordinates": [ -122.360900646549567, 47.569259099503967 ] } },
{ "type": "Feature", "properties": { "lat": 47.569276905300363, "lon": -122.35937119508849, "time_of_day": "Morning", "causation": [ "0", "0", "0", "0", "0", "0", "0", "0", "0", "0", "0", "0", "0", "0", "0", "0", "0", "0", "1", "0", "0", "0", "0", "0" ], "duration": 153.0, "sum": 1 }, "geometry": { "type": "Point", "coordinates": [ -122.359371195088485, 47.569276905300363 ] } },
{ "type": "Feature", "properties": { "lat": 47.569284952468657, "lon": -122.39849233762976, "time_of_day": "Morning", "causation": [ "0", "0", "0", "0", "0", "0", "0", "0", "0", "0", "0", "0", "0", "0", "0", "0", "0", "0", "1", "0", "0", "0", "0", "0" ], "duration": 244.0, "sum": 1 }, "geometry": { "type": "Point", "coordinates": [ -122.398492337629762, 47.569284952468657 ] } },
{ "type": "Feature", "properties": { "lat": 47.569291948464503, "lon": -122.35882795244014, "time_of_day": "Morning", "causation": [ "0", "0", "0", "0", "0", "0", "0", "0", "0", "0", "0", "0", "0", "0", "0", "0", "0", "0", "1", "0", "0", "0", "0", "0" ], "duration": 153.0, "sum": 1 }, "geometry": { "type": "Point", "coordinates": [ -122.358827952440137, 47.569291948464503 ] } },
{ "type": "Feature", "properties": { "lat": 47.569293108062354, "lon": -122.4011692682827, "time_of_day": "Morning", "causation": [ "0", "0", "0", "0", "0", "0", "0", "0", "0", "0", "0", "0", "0", "0", "0", "0", "0", "0", "1", "0", "0", "0", "0", "0" ], "duration": 244.0, "sum": 1 }, "geometry": { "type": "Point", "coordinates": [ -122.4011692682827, 47.569293108062354 ] } },
{ "type": "Feature", "properties": { "lat": 47.569293167680449, "lon": -122.35979725755593, "time_of_day": "Morning", "causation": [ "0", "0", "0", "0", "0", "0", "0", "0", "0", "0", "0", "0", "0", "0", "0", "0", "0", "0", "1", "0", "0", "0", "0", "0" ], "duration": 153.0, "sum": 1 }, "geometry": { "type": "Point", "coordinates": [ -122.359797257555925, 47.569293167680449 ] } },
{ "type": "Feature", "properties": { "lat": 47.569312882269088, "lon": -122.36193009770123, "time_of_day": "Morning", "causation": [ "0", "0", "0", "0", "0", "0", "0", "0", "0", "0", "0", "0", "0", "0", "0", "0", "0", "0", "2", "0", "0", "0", "0", "0" ], "duration": 96.0, "sum": 2 }, "geometry": { "type": "Point", "coordinates": [ -122.361930097701233, 47.569312882269088 ] } },
{ "type": "Feature", "properties": { "lat": 47.569314352980641, "lon": -122.39982592642608, "time_of_day": "Morning", "causation": [ "0", "0", "0", "0", "0", "0", "0", "0", "0", "0", "0", "0", "0", "0", "0", "0", "0", "0", "1", "0", "0", "0", "0", "0" ], "duration": 244.0, "sum": 1 }, "geometry": { "type": "Point", "coordinates": [ -122.399825926426075, 47.569314352980641 ] } },
{ "type": "Feature", "properties": { "lat": 47.569359224707874, "lon": -122.40044072848733, "time_of_day": "Morning", "causation": [ "0", "0", "0", "0", "0", "0", "0", "0", "0", "0", "0", "0", "0", "0", "0", "0", "0", "0", "1", "0", "0", "0", "0", "0" ], "duration": 244.0, "sum": 1 }, "geometry": { "type": "Point", "coordinates": [ -122.400440728487325, 47.569359224707874 ] } },
{ "type": "Feature", "properties": { "lat": 47.569360494682925, "lon": -122.3593903820544, "time_of_day": "Morning", "causation": [ "0", "0", "0", "0", "0", "0", "0", "0", "0", "0", "0", "0", "0", "0", "0", "0", "0", "0", "1", "0", "0", "0", "0", "0" ], "duration": 153.0, "sum": 1 }, "geometry": { "type": "Point", "coordinates": [ -122.3593903820544, 47.569360494682925 ] } },
{ "type": "Feature", "properties": { "lat": 47.569378951559251, "lon": -122.36088611213025, "time_of_day": "Morning", "causation": [ "0", "0", "0", "0", "0", "0", "0", "0", "0", "0", "0", "0", "0", "0", "0", "0", "0", "0", "1", "0", "0", "0", "0", "0" ], "duration": 159.0, "sum": 1 }, "geometry": { "type": "Point", "coordinates": [ -122.360886112130245, 47.569378951559251 ] } },
{ "type": "Feature", "properties": { "lat": 47.56938536462291, "lon": -122.40179514578382, "time_of_day": "Morning", "causation": [ "0", "0", "0", "0", "0", "0", "0", "0", "0", "0", "0", "0", "0", "0", "0", "0", "0", "0", "1", "0", "0", "0", "0", "0" ], "duration": 244.0, "sum": 1 }, "geometry": { "type": "Point", "coordinates": [ -122.401795145783822, 47.56938536462291 ] } },
{ "type": "Feature", "properties": { "lat": 47.569397121337694, "lon": -122.39775117588262, "time_of_day": "Morning", "causation": [ "0", "0", "0", "0", "0", "0", "0", "0", "0", "0", "0", "0", "0", "0", "0", "0", "0", "0", "1", "0", "0", "0", "0", "0" ], "duration": 244.0, "sum": 1 }, "geometry": { "type": "Point", "coordinates": [ -122.397751175882618, 47.569397121337694 ] } },
{ "type": "Feature", "properties": { "lat": 47.569409243108737, "lon": -122.3991438519967, "time_of_day": "Morning", "causation": [ "0", "0", "0", "0", "0", "0", "0", "0", "0", "0", "0", "0", "0", "0", "0", "0", "0", "0", "1", "0", "0", "0", "0", "0" ], "duration": 244.0, "sum": 1 }, "geometry": { "type": "Point", "coordinates": [ -122.399143851996698, 47.569409243108737 ] } },
{ "type": "Feature", "properties": { "lat": 47.569415169485048, "lon": -122.35979424981956, "time_of_day": "Morning", "causation": [ "0", "0", "0", "0", "0", "0", "0", "0", "0", "0", "0", "0", "0", "0", "0", "0", "0", "0", "1", "0", "0", "0", "0", "0" ], "duration": 153.0, "sum": 1 }, "geometry": { "type": "Point", "coordinates": [ -122.359794249819558, 47.569415169485048 ] } },
{ "type": "Feature", "properties": { "lat": 47.569435376850002, "lon": -122.39850243800532, "time_of_day": "Morning", "causation": [ "0", "0", "0", "0", "0", "0", "0", "0", "0", "0", "0", "0", "0", "0", "0", "0", "0", "0", "1", "0", "0", "0", "0", "0" ], "duration": 244.0, "sum": 1 }, "geometry": { "type": "Point", "coordinates": [ -122.398502438005323, 47.569435376850002 ] } },
{ "type": "Feature", "properties": { "lat": 47.569452129331161, "lon": -122.40117876411348, "time_of_day": "Morning", "causation": [ "0", "0", "0", "0", "0", "0", "0", "0", "0", "0", "0", "0", "0", "0", "0", "0", "0", "0", "1", "0", "0", "0", "0", "0" ], "duration": 244.0, "sum": 1 }, "geometry": { "type": "Point", "coordinates": [ -122.401178764113482, 47.569452129331161 ] } },
{ "type": "Feature", "properties": { "lat": 47.569456850064412, "lon": -122.39977713152376, "time_of_day": "Morning", "causation": [ "0", "0", "0", "0", "0", "0", "0", "0", "0", "0", "0", "0", "0", "0", "0", "0", "0", "0", "1", "0", "0", "0", "0", "0" ], "duration": 244.0, "sum": 1 }, "geometry": { "type": "Point", "coordinates": [ -122.399777131523763, 47.569456850064412 ] } },
{ "type": "Feature", "properties": { "lat": 47.569477106749709, "lon": -122.35926650807292, "time_of_day": "Morning", "causation": [ "0", "0", "0", "0", "0", "0", "0", "0", "0", "0", "0", "0", "0", "0", "0", "0", "0", "0", "1", "0", "0", "0", "0", "0" ], "duration": 153.0, "sum": 1 }, "geometry": { "type": "Point", "coordinates": [ -122.35926650807292, 47.569477106749709 ] } },
{ "type": "Feature", "properties": { "lat": 47.569480854266729, "lon": -122.40044329479311, "time_of_day": "Morning", "causation": [ "0", "0", "0", "0", "0", "0", "0", "0", "0", "0", "0", "0", "0", "0", "0", "0", "0", "0", "1", "0", "0", "0", "0", "0" ], "duration": 244.0, "sum": 1 }, "geometry": { "type": "Point", "coordinates": [ -122.400443294793106, 47.569480854266729 ] } },
{ "type": "Feature", "properties": { "lat": 47.569494459148373, "lon": -122.35876981172622, "time_of_day": "Morning", "causation": [ "0", "0", "0", "0", "0", "0", "0", "0", "0", "0", "0", "0", "0", "0", "0", "0", "0", "0", "1", "0", "0", "0", "0", "0" ], "duration": 153.0, "sum": 1 }, "geometry": { "type": "Point", "coordinates": [ -122.358769811726219, 47.569494459148373 ] } },
{ "type": "Feature", "properties": { "lat": 47.569498588127296, "lon": -122.36083395964344, "time_of_day": "Morning", "causation": [ "0", "0", "0", "0", "0", "0", "0", "0", "0", "0", "0", "0", "0", "0", "0", "0", "0", "0", "1", "0", "0", "0", "0", "0" ], "duration": 159.0, "sum": 1 }, "geometry": { "type": "Point", "coordinates": [ -122.360833959643443, 47.569498588127296 ] } },
{ "type": "Feature", "properties": { "lat": 47.569508013498449, "lon": -122.40181547627002, "time_of_day": "Morning", "causation": [ "0", "0", "0", "0", "0", "0", "0", "0", "0", "0", "0", "0", "0", "0", "0", "0", "0", "0", "1", "0", "0", "0", "0", "0" ], "duration": 244.0, "sum": 1 }, "geometry": { "type": "Point", "coordinates": [ -122.401815476270016, 47.569508013498449 ] } },
{ "type": "Feature", "properties": { "lat": 47.569517162975202, "lon": -122.3614848347471, "time_of_day": "Morning", "causation": [ "0", "0", "0", "0", "0", "0", "0", "0", "0", "0", "0", "0", "0", "0", "0", "0", "0", "0", "1", "0", "0", "0", "0", "0" ], "duration": 159.0, "sum": 1 }, "geometry": { "type": "Point", "coordinates": [ -122.361484834747102, 47.569517162975202 ] } },
{ "type": "Feature", "properties": { "lat": 47.56953322897612, "lon": -122.40070162018444, "time_of_day": "Morning", "causation": [ "0", "0", "0", "0", "0", "0", "0", "0", "0", "0", "0", "0", "0", "0", "0", "0", "0", "0", "1", "0", "0", "0", "0", "0" ], "duration": 244.0, "sum": 1 }, "geometry": { "type": "Point", "coordinates": [ -122.400701620184435, 47.56953322897612 ] } },
{ "type": "Feature", "properties": { "lat": 47.569539393987952, "lon": -122.39910987381074, "time_of_day": "Morning", "causation": [ "0", "0", "0", "0", "0", "0", "0", "0", "0", "0", "0", "0", "0", "0", "0", "0", "0", "0", "1", "0", "0", "0", "0", "0" ], "duration": 244.0, "sum": 1 }, "geometry": { "type": "Point", "coordinates": [ -122.399109873810744, 47.569539393987952 ] } },
{ "type": "Feature", "properties": { "lat": 47.569546086368746, "lon": -122.3964459382792, "time_of_day": "Morning", "causation": [ "0", "0", "0", "0", "0", "0", "0", "0", "0", "0", "0", "0", "0", "0", "0", "0", "0", "0", "1", "0", "0", "0", "0", "0" ], "duration": 244.0, "sum": 1 }, "geometry": { "type": "Point", "coordinates": [ -122.3964459382792, 47.569546086368746 ] } },
{ "type": "Feature", "properties": { "lat": 47.569561421573738, "lon": -122.36028852238876, "time_of_day": "Morning", "causation": [ "0", "0", "0", "0", "0", "0", "0", "0", "0", "0", "0", "0", "0", "0", "0", "0", "0", "0", "2", "0", "0", "0", "0", "0" ], "duration": 306.0, "sum": 2 }, "geometry": { "type": "Point", "coordinates": [ -122.360288522388757, 47.569561421573738 ] } },
{ "type": "Feature", "properties": { "lat": 47.569564400400232, "lon": -122.35983858994742, "time_of_day": "Morning", "causation": [ "0", "0", "0", "0", "0", "0", "0", "0", "0", "0", "0", "0", "0", "0", "0", "0", "0", "0", "1", "0", "0", "0", "0", "0" ], "duration": 153.0, "sum": 1 }, "geometry": { "type": "Point", "coordinates": [ -122.359838589947415, 47.569564400400232 ] } },
{ "type": "Feature", "properties": { "lat": 47.569578555145249, "lon": -122.39848600068022, "time_of_day": "Morning", "causation": [ "0", "0", "0", "0", "0", "0", "0", "0", "0", "0", "0", "0", "0", "0", "0", "0", "0", "0", "1", "0", "0", "0", "0", "0" ], "duration": 244.0, "sum": 1 }, "geometry": { "type": "Point", "coordinates": [ -122.398486000680222, 47.569578555145249 ] } },
{ "type": "Feature", "properties": { "lat": 47.569583551318452, "lon": -122.36075976977054, "time_of_day": "Morning", "causation": [ "0", "0", "0", "0", "0", "0", "0", "0", "0", "0", "0", "0", "0", "0", "0", "0", "0", "0", "1", "0", "0", "0", "0", "0" ], "duration": 159.0, "sum": 1 }, "geometry": { "type": "Point", "coordinates": [ -122.360759769770539, 47.569583551318452 ] } },
{ "type": "Feature", "properties": { "lat": 47.569583557423329, "lon": -122.3998266828693, "time_of_day": "Morning", "causation": [ "0", "0", "0", "0", "0", "0", "0", "0", "0", "0", "0", "0", "0", "0", "0", "0", "0", "0", "1", "0", "0", "0", "0", "0" ], "duration": 244.0, "sum": 1 }, "geometry": { "type": "Point", "coordinates": [ -122.399826682869303, 47.569583557423329 ] } },
{ "type": "Feature", "properties": { "lat": 47.569586549733621, "lon": -122.39719117385351, "time_of_day": "Morning", "causation": [ "0", "0", "0", "0", "0", "0", "0", "0", "0", "0", "0", "0", "0", "0", "0", "0", "0", "0", "1", "0", "0", "0", "0", "0" ], "duration": 244.0, "sum": 1 }, "geometry": { "type": "Point", "coordinates": [ -122.397191173853514, 47.569586549733621 ] } },
{ "type": "Feature", "properties": { "lat": 47.569593739544175, "lon": -122.39775647492476, "time_of_day": "Morning", "causation": [ "0", "0", "0", "0", "0", "0", "0", "0", "0", "0", "0", "0", "0", "0", "0", "0", "0", "0", "1", "0", "0", "0", "0", "0" ], "duration": 244.0, "sum": 1 }, "geometry": { "type": "Point", "coordinates": [ -122.397756474924762, 47.569593739544175 ] } },
{ "type": "Feature", "properties": { "lat": 47.5695941824128, "lon": -122.36192251288644, "time_of_day": "Morning", "causation": [ "0", "0", "0", "0", "0", "0", "0", "0", "0", "0", "0", "0", "0", "0", "0", "0", "0", "0", "2", "0", "0", "0", "0", "0" ], "duration": 96.0, "sum": 2 }, "geometry": { "type": "Point", "coordinates": [ -122.361922512886437, 47.5695941824128 ] } },
{ "type": "Feature", "properties": { "lat": 47.569611280559641, "lon": -122.35937797942852, "time_of_day": "Morning", "causation": [ "0", "0", "0", "0", "0", "0", "0", "0", "0", "0", "0", "0", "0", "0", "0", "0", "0", "0", "1", "0", "0", "0", "0", "0" ], "duration": 153.0, "sum": 1 }, "geometry": { "type": "Point", "coordinates": [ -122.359377979428515, 47.569611280559641 ] } },
{ "type": "Feature", "properties": { "lat": 47.569625210881824, "lon": -122.36146257303687, "time_of_day": "Morning", "causation": [ "0", "0", "0", "0", "0", "0", "0", "0", "0", "0", "0", "0", "0", "0", "0", "0", "0", "0", "2", "0", "0", "0", "0", "0" ], "duration": 318.0, "sum": 2 }, "geometry": { "type": "Point", "coordinates": [ -122.361462573036874, 47.569625210881824 ] } },
{ "type": "Feature", "properties": { "lat": 47.569638883664993, "lon": -122.40117152670392, "time_of_day": "Morning", "causation": [ "0", "0", "0", "0", "0", "0", "0", "0", "0", "0", "0", "0", "0", "0", "0", "0", "0", "0", "1", "0", "0", "0", "0", "0" ], "duration": 244.0, "sum": 1 }, "geometry": { "type": "Point", "coordinates": [ -122.401171526703919, 47.569638883664993 ] } },
{ "type": "Feature", "properties": { "lat": 47.569642458849231, "lon": -122.35882946878192, "time_of_day": "Morning", "causation": [ "0", "0", "0", "0", "0", "0", "0", "0", "0", "0", "0", "0", "0", "0", "0", "0", "0", "0", "1", "0", "0", "0", "0", "0" ], "duration": 153.0, "sum": 1 }, "geometry": { "type": "Point", "coordinates": [ -122.35882946878192, 47.569642458849231 ] } },
{ "type": "Feature", "properties": { "lat": 47.569644525027719, "lon": -122.36095705198468, "time_of_day": "Morning", "causation": [ "0", "0", "0", "0", "0", "0", "0", "0", "0", "0", "0", "0", "0", "0", "0", "0", "0", "0", "1", "0", "0", "0", "0", "0" ], "duration": 159.0, "sum": 1 }, "geometry": { "type": "Point", "coordinates": [ -122.360957051984684, 47.569644525027719 ] } },
{ "type": "Feature", "properties": { "lat": 47.569647714928116, "lon": -122.3607196155574, "time_of_day": "Morning", "causation": [ "0", "0", "0", "0", "0", "0", "0", "0", "0", "0", "0", "0", "0", "0", "0", "0", "0", "0", "1", "0", "0", "0", "0", "0" ], "duration": 159.0, "sum": 1 }, "geometry": { "type": "Point", "coordinates": [ -122.3607196155574, 47.569647714928116 ] } },
{ "type": "Feature", "properties": { "lat": 47.569662879864659, "lon": -122.40041906535572, "time_of_day": "Morning", "causation": [ "0", "0", "0", "0", "0", "0", "0", "0", "0", "0", "0", "0", "0", "0", "0", "0", "0", "0", "1", "0", "0", "0", "0", "0" ], "duration": 244.0, "sum": 1 }, "geometry": { "type": "Point", "coordinates": [ -122.40041906535572, 47.569662879864659 ] } },
{ "type": "Feature", "properties": { "lat": 47.569681546118822, "lon": -122.39649684230756, "time_of_day": "Morning", "causation": [ "0", "0", "0", "0", "0", "0", "0", "0", "0", "0", "0", "0", "0", "0", "0", "0", "0", "0", "1", "0", "0", "0", "0", "0" ], "duration": 244.0, "sum": 1 }, "geometry": { "type": "Point", "coordinates": [ -122.396496842307556, 47.569681546118822 ] } },
{ "type": "Feature", "properties": { "lat": 47.569693494647893, "lon": -122.3991574840154, "time_of_day": "Morning", "causation": [ "0", "0", "0", "0", "0", "0", "0", "0", "0", "0", "0", "0", "0", "0", "0", "0", "0", "0", "1", "0", "0", "0", "0", "0" ], "duration": 244.0, "sum": 1 }, "geometry": { "type": "Point", "coordinates": [ -122.399157484015404, 47.569693494647893 ] } },
{ "type": "Feature", "properties": { "lat": 47.569714005029162, "lon": -122.39850208516202, "time_of_day": "Morning", "causation": [ "0", "0", "0", "0", "0", "0", "0", "0", "0", "0", "0", "0", "0", "0", "0", "0", "0", "0", "1", "0", "0", "0", "0", "0" ], "duration": 244.0, "sum": 1 }, "geometry": { "type": "Point", "coordinates": [ -122.398502085162022, 47.569714005029162 ] } },
{ "type": "Feature", "properties": { "lat": 47.569715828930185, "lon": -122.39714779691693, "time_of_day": "Morning", "causation": [ "0", "0", "0", "0", "0", "0", "0", "0", "0", "0", "0", "0", "0", "0", "0", "0", "0", "0", "1", "0", "0", "0", "0", "0" ], "duration": 244.0, "sum": 1 }, "geometry": { "type": "Point", "coordinates": [ -122.397147796916926, 47.569715828930185 ] } },
{ "type": "Feature", "properties": { "lat": 47.569723765662083, "lon": -122.36147288782544, "time_of_day": "Morning", "causation": [ "0", "0", "0", "0", "0", "0", "0", "0", "0", "0", "0", "0", "0", "0", "0", "0", "0", "0", "1", "0", "0", "0", "0", "0" ], "duration": 159.0, "sum": 1 }, "geometry": { "type": "Point", "coordinates": [ -122.361472887825443, 47.569723765662083 ] } },
{ "type": "Feature", "properties": { "lat": 47.569738680456027, "lon": -122.39984007265043, "time_of_day": "Morning", "causation": [ "0", "0", "0", "0", "0", "0", "0", "0", "0", "0", "0", "0", "0", "0", "0", "0", "0", "0", "1", "0", "0", "0", "0", "0" ], "duration": 244.0, "sum": 1 }, "geometry": { "type": "Point", "coordinates": [ -122.399840072650434, 47.569738680456027 ] } },
{ "type": "Feature", "properties": { "lat": 47.569742450602611, "lon": -122.36096144404584, "time_of_day": "Morning", "causation": [ "0", "0", "0", "0", "0", "0", "0", "0", "0", "0", "0", "0", "0", "0", "0", "0", "0", "0", "1", "0", "0", "0", "0", "0" ], "duration": 159.0, "sum": 1 }, "geometry": { "type": "Point", "coordinates": [ -122.360961444045842, 47.569742450602611 ] } },
{ "type": "Feature", "properties": { "lat": 47.569743593946136, "lon": -122.36071685668422, "time_of_day": "Morning", "causation": [ "0", "0", "0", "0", "0", "0", "0", "0", "0", "0", "0", "0", "0", "0", "0", "0", "0", "0", "1", "0", "0", "0", "0", "0" ], "duration": 159.0, "sum": 1 }, "geometry": { "type": "Point", "coordinates": [ -122.36071685668422, 47.569743593946136 ] } },
{ "type": "Feature", "properties": { "lat": 47.569750496389517, "lon": -122.3598377447527, "time_of_day": "Morning", "causation": [ "0", "0", "0", "0", "0", "0", "0", "0", "0", "0", "0", "0", "0", "0", "0", "0", "0", "0", "1", "0", "0", "0", "0", "0" ], "duration": 153.0, "sum": 1 }, "geometry": { "type": "Point", "coordinates": [ -122.359837744752696, 47.569750496389517 ] } },
{ "type": "Feature", "properties": { "lat": 47.569765025209193, "lon": -122.40179667457151, "time_of_day": "Morning", "causation": [ "0", "0", "0", "0", "0", "0", "0", "0", "0", "0", "0", "0", "0", "0", "0", "0", "0", "0", "1", "0", "0", "0", "0", "0" ], "duration": 244.0, "sum": 1 }, "geometry": { "type": "Point", "coordinates": [ -122.401796674571514, 47.569765025209193 ] } },
{ "type": "Feature", "properties": { "lat": 47.569785521934726, "lon": -122.40116190238626, "time_of_day": "Morning", "causation": [ "0", "0", "0", "0", "0", "0", "0", "0", "0", "0", "0", "0", "0", "0", "0", "0", "0", "0", "1", "0", "0", "0", "0", "0" ], "duration": 244.0, "sum": 1 }, "geometry": { "type": "Point", "coordinates": [ -122.401161902386264, 47.569785521934726 ] } },
{ "type": "Feature", "properties": { "lat": 47.569787793254932, "lon": -122.39772587152773, "time_of_day": "Morning", "causation": [ "0", "0", "0", "0", "0", "0", "0", "0", "0", "0", "0", "0", "0", "0", "0", "0", "0", "0", "1", "0", "0", "0", "0", "0" ], "duration": 244.0, "sum": 1 }, "geometry": { "type": "Point", "coordinates": [ -122.397725871527726, 47.569787793254932 ] } },
{ "type": "Feature", "properties": { "lat": 47.569788274415799, "lon": -122.40045048795209, "time_of_day": "Morning", "causation": [ "0", "0", "0", "0", "0", "0", "0", "0", "0", "0", "0", "0", "0", "0", "0", "0", "0", "0", "1", "0", "0", "0", "0", "0" ], "duration": 244.0, "sum": 1 }, "geometry": { "type": "Point", "coordinates": [ -122.400450487952085, 47.569788274415799 ] } },
{ "type": "Feature", "properties": { "lat": 47.569823917601653, "lon": -122.39913299897916, "time_of_day": "Morning", "causation": [ "0", "0", "0", "0", "0", "0", "0", "0", "0", "0", "0", "0", "0", "0", "0", "0", "0", "0", "1", "0", "0", "0", "0", "0" ], "duration": 244.0, "sum": 1 }, "geometry": { "type": "Point", "coordinates": [ -122.399132998979155, 47.569823917601653 ] } },
{ "type": "Feature", "properties": { "lat": 47.569830590411058, "lon": -122.39647571745169, "time_of_day": "Morning", "causation": [ "0", "0", "0", "0", "0", "0", "0", "0", "0", "0", "0", "0", "0", "0", "0", "0", "0", "0", "1", "0", "0", "0", "0", "0" ], "duration": 244.0, "sum": 1 }, "geometry": { "type": "Point", "coordinates": [ -122.396475717451693, 47.569830590411058 ] } },
{ "type": "Feature", "properties": { "lat": 47.569837844203903, "lon": -122.36074291838482, "time_of_day": "Morning", "causation": [ "0", "0", "0", "0", "0", "0", "0", "0", "0", "0", "0", "0", "0", "0", "0", "0", "0", "0", "1", "0", "0", "0", "0", "0" ], "duration": 159.0, "sum": 1 }, "geometry": { "type": "Point", "coordinates": [ -122.360742918384815, 47.569837844203903 ] } },
{ "type": "Feature", "properties": { "lat": 47.569839744959239, "lon": -122.36099367304104, "time_of_day": "Morning", "causation": [ "0", "0", "0", "0", "0", "0", "0", "0", "0", "0", "0", "0", "0", "0", "0", "0", "0", "0", "1", "0", "0", "0", "0", "0" ], "duration": 159.0, "sum": 1 }, "geometry": { "type": "Point", "coordinates": [ -122.360993673041037, 47.569839744959239 ] } },
{ "type": "Feature", "properties": { "lat": 47.569851500876652, "lon": -122.35983130159072, "time_of_day": "Morning", "causation": [ "0", "0", "0", "0", "0", "0", "0", "0", "0", "0", "0", "0", "0", "0", "0", "0", "0", "0", "1", "0", "0", "0", "0", "0" ], "duration": 153.0, "sum": 1 }, "geometry": { "type": "Point", "coordinates": [ -122.359831301590717, 47.569851500876652 ] } },
{ "type": "Feature", "properties": { "lat": 47.569853695846902, "lon": -122.39710201565973, "time_of_day": "Morning", "causation": [ "0", "0", "0", "0", "0", "0", "0", "0", "0", "0", "0", "0", "0", "0", "0", "0", "0", "0", "1", "0", "0", "0", "0", "0" ], "duration": 244.0, "sum": 1 }, "geometry": { "type": "Point", "coordinates": [ -122.397102015659726, 47.569853695846902 ] } },
{ "type": "Feature", "properties": { "lat": 47.569867372864223, "lon": -122.39982081666088, "time_of_day": "Morning", "causation": [ "0", "0", "0", "0", "0", "0", "0", "0", "0", "0", "0", "0", "0", "0", "0", "0", "0", "0", "1", "0", "0", "0", "0", "0" ], "duration": 244.0, "sum": 1 }, "geometry": { "type": "Point", "coordinates": [ -122.399820816660878, 47.569867372864223 ] } },
{ "type": "Feature", "properties": { "lat": 47.569877343657787, "lon": -122.35940647656059, "time_of_day": "Morning", "causation": [ "0", "0", "0", "0", "0", "0", "0", "0", "0", "0", "0", "0", "0", "0", "0", "0", "0", "0", "1", "0", "0", "0", "0", "0" ], "duration": 153.0, "sum": 1 }, "geometry": { "type": "Point", "coordinates": [ -122.359406476560594, 47.569877343657787 ] } },
{ "type": "Feature", "properties": { "lat": 47.569891813453722, "lon": -122.3984815753001, "time_of_day": "Morning", "causation": [ "0", "0", "0", "0", "0", "0", "0", "0", "0", "0", "0", "0", "0", "0", "0", "0", "0", "0", "1", "0", "0", "0", "0", "0" ], "duration": 244.0, "sum": 1 }, "geometry": { "type": "Point", "coordinates": [ -122.398481575300096, 47.569891813453722 ] } },
{ "type": "Feature", "properties": { "lat": 47.569906304940581, "lon": -122.40044601750569, "time_of_day": "Morning", "causation": [ "0", "0", "0", "0", "0", "0", "0", "0", "0", "0", "0", "0", "0", "0", "0", "0", "0", "0", "1", "0", "0", "0", "0", "0" ], "duration": 244.0, "sum": 1 }, "geometry": { "type": "Point", "coordinates": [ -122.400446017505686, 47.569906304940581 ] } },
{ "type": "Feature", "properties": { "lat": 47.569911798221135, "lon": -122.36100085143455, "time_of_day": "Morning", "causation": [ "0", "0", "0", "0", "0", "0", "0", "0", "0", "0", "0", "0", "0", "0", "0", "0", "0", "0", "1", "0", "0", "0", "0", "0" ], "duration": 159.0, "sum": 1 }, "geometry": { "type": "Point", "coordinates": [ -122.361000851434554, 47.569911798221135 ] } },
{ "type": "Feature", "properties": { "lat": 47.569913981236091, "lon": -122.36257823659962, "time_of_day": "Morning", "causation": [ "0", "0", "0", "0", "0", "0", "0", "0", "0", "0", "0", "0", "0", "0", "0", "0", "0", "0", "1", "0", "0", "0", "0", "0" ], "duration": 48.0, "sum": 1 }, "geometry": { "type": "Point", "coordinates": [ -122.362578236599617, 47.569913981236091 ] } },
{ "type": "Feature", "properties": { "lat": 47.569923093159922, "lon": -122.3607469382367, "time_of_day": "Morning", "causation": [ "0", "0", "0", "0", "0", "0", "0", "0", "0", "0", "0", "0", "0", "0", "0", "0", "0", "0", "1", "0", "0", "0", "0", "0" ], "duration": 159.0, "sum": 1 }, "geometry": { "type": "Point", "coordinates": [ -122.360746938236701, 47.569923093159922 ] } },
{ "type": "Feature", "properties": { "lat": 47.569927155093787, "lon": -122.40118477226432, "time_of_day": "Morning", "causation": [ "0", "0", "0", "0", "0", "0", "0", "0", "0", "0", "0", "0", "0", "0", "0", "0", "0", "0", "1", "0", "0", "0", "0", "0" ], "duration": 244.0, "sum": 1 }, "geometry": { "type": "Point", "coordinates": [ -122.401184772264315, 47.569927155093787 ] } },
{ "type": "Feature", "properties": { "lat": 47.569949691978373, "lon": -122.36143133884048, "time_of_day": "Morning", "causation": [ "0", "0", "0", "0", "0", "0", "0", "0", "0", "0", "0", "0", "0", "0", "0", "0", "0", "0", "4", "0", "0", "0", "0", "0" ], "duration": 636.0, "sum": 4 }, "geometry": { "type": "Point", "coordinates": [ -122.361431338840475, 47.569949691978373 ] } },
{ "type": "Feature", "properties": { "lat": 47.569953195331962, "lon": -122.4018301656147, "time_of_day": "Morning", "causation": [ "0", "0", "0", "0", "0", "0", "0", "0", "0", "0", "0", "0", "0", "0", "0", "0", "0", "0", "1", "0", "0", "0", "0", "0" ], "duration": 244.0, "sum": 1 }, "geometry": { "type": "Point", "coordinates": [ -122.401830165614697, 47.569953195331962 ] } },
{ "type": "Feature", "properties": { "lat": 47.56996499159353, "lon": -122.39778402561356, "time_of_day": "Morning", "causation": [ "0", "0", "0", "0", "0", "0", "0", "0", "0", "0", "0", "0", "0", "0", "0", "0", "0", "0", "1", "0", "0", "0", "0", "0" ], "duration": 244.0, "sum": 1 }, "geometry": { "type": "Point", "coordinates": [ -122.397784025613561, 47.56996499159353 ] } },
{ "type": "Feature", "properties": { "lat": 47.569973308382373, "lon": -122.39915881533408, "time_of_day": "Morning", "causation": [ "0", "0", "0", "0", "0", "0", "0", "0", "0", "0", "0", "0", "0", "0", "0", "0", "0", "0", "1", "0", "0", "0", "0", "0" ], "duration": 244.0, "sum": 1 }, "geometry": { "type": "Point", "coordinates": [ -122.399158815334076, 47.569973308382373 ] } },
{ "type": "Feature", "properties": { "lat": 47.569987671686832, "lon": -122.39652641191506, "time_of_day": "Morning", "causation": [ "0", "0", "0", "0", "0", "0", "0", "0", "0", "0", "0", "0", "0", "0", "0", "0", "0", "0", "1", "0", "0", "0", "0", "0" ], "duration": 244.0, "sum": 1 }, "geometry": { "type": "Point", "coordinates": [ -122.396526411915062, 47.569987671686832 ] } },
{ "type": "Feature", "properties": { "lat": 47.569992451684051, "lon": -122.36084852721784, "time_of_day": "Morning", "causation": [ "0", "0", "0", "0", "0", "0", "0", "0", "0", "0", "0", "0", "0", "0", "0", "0", "0", "0", "1", "0", "0", "0", "0", "0" ], "duration": 159.0, "sum": 1 }, "geometry": { "type": "Point", "coordinates": [ -122.36084852721784, 47.569992451684051 ] } },
{ "type": "Feature", "properties": { "lat": 47.570006933725729, "lon": -122.39710752494676, "time_of_day": "Morning", "causation": [ "0", "0", "0", "0", "0", "0", "0", "0", "0", "0", "0", "0", "0", "0", "0", "0", "0", "0", "1", "0", "0", "0", "0", "0" ], "duration": 244.0, "sum": 1 }, "geometry": { "type": "Point", "coordinates": [ -122.397107524946762, 47.570006933725729 ] } },
{ "type": "Feature", "properties": { "lat": 47.570007661127136, "lon": -122.39851059138979, "time_of_day": "Morning", "causation": [ "0", "0", "0", "0", "0", "0", "0", "0", "0", "0", "0", "0", "0", "0", "0", "0", "0", "0", "1", "0", "0", "0", "0", "0" ], "duration": 244.0, "sum": 1 }, "geometry": { "type": "Point", "coordinates": [ -122.398510591389794, 47.570007661127136 ] } },
{ "type": "Feature", "properties": { "lat": 47.570007743367462, "lon": -122.36254025819024, "time_of_day": "Morning", "causation": [ "0", "0", "0", "0", "0", "0", "0", "0", "0", "0", "0", "0", "0", "0", "0", "0", "0", "0", "2", "0", "0", "0", "0", "0" ], "duration": 96.0, "sum": 2 }, "geometry": { "type": "Point", "coordinates": [ -122.362540258190236, 47.570007743367462 ] } },
{ "type": "Feature", "properties": { "lat": 47.570008426643646, "lon": -122.39977350532163, "time_of_day": "Morning", "causation": [ "0", "0", "0", "0", "0", "0", "0", "0", "0", "0", "0", "0", "0", "0", "0", "0", "0", "0", "1", "0", "0", "0", "0", "0" ], "duration": 244.0, "sum": 1 }, "geometry": { "type": "Point", "coordinates": [ -122.399773505321633, 47.570008426643646 ] } },
{ "type": "Feature", "properties": { "lat": 47.570009843081074, "lon": -122.35982715099333, "time_of_day": "Morning", "causation": [ "0", "0", "0", "0", "0", "0", "0", "0", "0", "0", "0", "0", "0", "0", "0", "0", "0", "0", "2", "0", "0", "0", "0", "0" ], "duration": 306.0, "sum": 2 }, "geometry": { "type": "Point", "coordinates": [ -122.359827150993326, 47.570009843081074 ] } },
{ "type": "Feature", "properties": { "lat": 47.570035575375215, "lon": -122.35940610168052, "time_of_day": "Morning", "causation": [ "0", "0", "0", "0", "0", "0", "0", "0", "0", "0", "0", "0", "0", "0", "0", "0", "0", "0", "1", "0", "0", "0", "0", "0" ], "duration": 153.0, "sum": 1 }, "geometry": { "type": "Point", "coordinates": [ -122.35940610168052, 47.570035575375215 ] } },
{ "type": "Feature", "properties": { "lat": 47.570052957367785, "lon": -122.36148169722354, "time_of_day": "Morning", "causation": [ "0", "0", "0", "0", "0", "0", "0", "0", "0", "0", "0", "0", "0", "0", "0", "0", "0", "0", "1", "0", "0", "0", "0", "0" ], "duration": 159.0, "sum": 1 }, "geometry": { "type": "Point", "coordinates": [ -122.361481697223539, 47.570052957367785 ] } },
{ "type": "Feature", "properties": { "lat": 47.57008308435384, "lon": -122.40251015903668, "time_of_day": "Morning", "causation": [ "0", "0", "0", "0", "0", "0", "0", "0", "0", "0", "0", "0", "0", "0", "0", "0", "0", "0", "1", "0", "0", "0", "0", "0" ], "duration": 244.0, "sum": 1 }, "geometry": { "type": "Point", "coordinates": [ -122.40251015903668, 47.57008308435384 ] } },
{ "type": "Feature", "properties": { "lat": 47.570107309340578, "lon": -122.36147992523409, "time_of_day": "Morning", "causation": [ "0", "0", "0", "0", "0", "0", "0", "0", "0", "0", "0", "0", "0", "0", "0", "0", "0", "0", "1", "0", "0", "0", "0", "0" ], "duration": 159.0, "sum": 1 }, "geometry": { "type": "Point", "coordinates": [ -122.361479925234093, 47.570107309340578 ] } },
{ "type": "Feature", "properties": { "lat": 47.570108109467242, "lon": -122.39802059645712, "time_of_day": "Morning", "causation": [ "0", "0", "0", "0", "0", "0", "0", "0", "0", "0", "0", "0", "0", "0", "0", "0", "0", "0", "1", "0", "0", "0", "0", "0" ], "duration": 244.0, "sum": 1 }, "geometry": { "type": "Point", "coordinates": [ -122.398020596457116, 47.570108109467242 ] } },
{ "type": "Feature", "properties": { "lat": 47.570109780791846, "lon": -122.39648751375832, "time_of_day": "Morning", "causation": [ "0", "0", "0", "0", "0", "0", "0", "0", "0", "0", "0", "0", "0", "0", "0", "0", "0", "0", "1", "0", "0", "0", "0", "0" ], "duration": 244.0, "sum": 1 }, "geometry": { "type": "Point", "coordinates": [ -122.396487513758316, 47.570109780791846 ] } },
{ "type": "Feature", "properties": { "lat": 47.570128745225411, "lon": -122.39712122319884, "time_of_day": "Morning", "causation": [ "0", "0", "0", "0", "0", "0", "0", "0", "0", "0", "0", "0", "0", "0", "0", "0", "0", "0", "1", "0", "0", "0", "0", "0" ], "duration": 244.0, "sum": 1 }, "geometry": { "type": "Point", "coordinates": [ -122.397121223198837, 47.570128745225411 ] } },
{ "type": "Feature", "properties": { "lat": 47.570139068102357, "lon": -122.401899198674, "time_of_day": "Morning", "causation": [ "0", "0", "0", "0", "0", "0", "0", "0", "0", "0", "0", "0", "0", "0", "0", "0", "0", "0", "1", "0", "0", "0", "0", "0" ], "duration": 244.0, "sum": 1 }, "geometry": { "type": "Point", "coordinates": [ -122.401899198674002, 47.570139068102357 ] } },
{ "type": "Feature", "properties": { "lat": 47.570143378903325, "lon": -122.39976541359876, "time_of_day": "Morning", "causation": [ "0", "0", "0", "0", "0", "0", "0", "0", "0", "0", "0", "0", "0", "0", "0", "0", "0", "0", "1", "0", "0", "0", "0", "0" ], "duration": 244.0, "sum": 1 }, "geometry": { "type": "Point", "coordinates": [ -122.399765413598757, 47.570143378903325 ] } },
{ "type": "Feature", "properties": { "lat": 47.570143744079708, "lon": -122.39841596851976, "time_of_day": "Morning", "causation": [ "0", "0", "0", "0", "0", "0", "0", "0", "0", "0", "0", "0", "0", "0", "0", "0", "0", "0", "1", "0", "0", "0", "0", "0" ], "duration": 244.0, "sum": 1 }, "geometry": { "type": "Point", "coordinates": [ -122.398415968519757, 47.570143744079708 ] } },
{ "type": "Feature", "properties": { "lat": 47.570146863090123, "lon": -122.40093892580516, "time_of_day": "Morning", "causation": [ "0", "0", "0", "0", "0", "0", "0", "0", "0", "0", "0", "0", "0", "0", "0", "0", "0", "0", "1", "0", "0", "0", "0", "0" ], "duration": 244.0, "sum": 1 }, "geometry": { "type": "Point", "coordinates": [ -122.400938925805164, 47.570146863090123 ] } },
{ "type": "Feature", "properties": { "lat": 47.570149808757691, "lon": -122.39918059300491, "time_of_day": "Morning", "causation": [ "0", "0", "0", "0", "0", "0", "0", "0", "0", "0", "0", "0", "0", "0", "0", "0", "0", "0", "1", "0", "0", "0", "0", "0" ], "duration": 244.0, "sum": 1 }, "geometry": { "type": "Point", "coordinates": [ -122.399180593004914, 47.570149808757691 ] } },
{ "type": "Feature", "properties": { "lat": 47.570153229914638, "lon": -122.40121434991131, "time_of_day": "Morning", "causation": [ "0", "0", "0", "0", "0", "0", "0", "0", "0", "0", "0", "0", "0", "0", "0", "0", "0", "0", "1", "0", "0", "0", "0", "0" ], "duration": 244.0, "sum": 1 }, "geometry": { "type": "Point", "coordinates": [ -122.401214349911314, 47.570153229914638 ] } },
{ "type": "Feature", "properties": { "lat": 47.570153342273166, "lon": -122.40066269720946, "time_of_day": "Morning", "causation": [ "0", "0", "0", "0", "0", "0", "0", "0", "0", "0", "0", "0", "0", "0", "0", "0", "0", "0", "1", "0", "0", "0", "0", "0" ], "duration": 244.0, "sum": 1 }, "geometry": { "type": "Point", "coordinates": [ -122.400662697209455, 47.570153342273166 ] } },
{ "type": "Feature", "properties": { "lat": 47.570154953350041, "lon": -122.40045669719105, "time_of_day": "Morning", "causation": [ "0", "0", "0", "0", "0", "0", "0", "0", "0", "0", "0", "0", "0", "0", "0", "0", "0", "0", "1", "0", "0", "0", "0", "0" ], "duration": 244.0, "sum": 1 }, "geometry": { "type": "Point", "coordinates": [ -122.400456697191046, 47.570154953350041 ] } },
{ "type": "Feature", "properties": { "lat": 47.570191727345723, "lon": -122.40246151751508, "time_of_day": "Morning", "causation": [ "0", "0", "0", "0", "0", "0", "0", "0", "0", "0", "0", "0", "0", "0", "0", "0", "0", "0", "2", "0", "0", "0", "0", "0" ], "duration": 488.0, "sum": 2 }, "geometry": { "type": "Point", "coordinates": [ -122.402461517515079, 47.570191727345723 ] } },
{ "type": "Feature", "properties": { "lat": 47.570260483208848, "lon": -122.3599256216654, "time_of_day": "Morning", "causation": [ "0", "0", "0", "0", "0", "0", "0", "0", "0", "0", "0", "0", "0", "0", "0", "0", "0", "0", "1", "0", "0", "0", "0", "0" ], "duration": 153.0, "sum": 1 }, "geometry": { "type": "Point", "coordinates": [ -122.359925621665397, 47.570260483208848 ] } },
{ "type": "Feature", "properties": { "lat": 47.570266484931963, "lon": -122.35941710273106, "time_of_day": "Morning", "causation": [ "0", "0", "0", "0", "0", "0", "0", "0", "0", "0", "0", "0", "0", "0", "0", "0", "0", "0", "1", "0", "0", "0", "0", "0" ], "duration": 153.0, "sum": 1 }, "geometry": { "type": "Point", "coordinates": [ -122.359417102731058, 47.570266484931963 ] } },
{ "type": "Feature", "properties": { "lat": 47.570278756636199, "lon": -122.36093823979346, "time_of_day": "Morning", "causation": [ "0", "0", "0", "0", "0", "0", "0", "0", "0", "0", "0", "0", "0", "0", "0", "0", "0", "0", "1", "0", "0", "0", "0", "0" ], "duration": 159.0, "sum": 1 }, "geometry": { "type": "Point", "coordinates": [ -122.360938239793455, 47.570278756636199 ] } },
{ "type": "Feature", "properties": { "lat": 47.570325655187517, "lon": -122.36141355542516, "time_of_day": "Morning", "causation": [ "0", "0", "0", "0", "0", "0", "0", "0", "0", "0", "0", "0", "0", "0", "0", "0", "0", "0", "1", "0", "0", "0", "0", "0" ], "duration": 159.0, "sum": 1 }, "geometry": { "type": "Point", "coordinates": [ -122.361413555425159, 47.570325655187517 ] } },
{ "type": "Feature", "properties": { "lat": 47.570349160954287, "lon": -122.36093720554382, "time_of_day": "Morning", "causation": [ "0", "0", "0", "0", "0", "0", "0", "0", "0", "0", "0", "0", "0", "0", "0", "0", "0", "0", "1", "0", "0", "0", "0", "0" ], "duration": 159.0, "sum": 1 }, "geometry": { "type": "Point", "coordinates": [ -122.36093720554382, 47.570349160954287 ] } },
{ "type": "Feature", "properties": { "lat": 47.570361513275273, "lon": -122.35946035235182, "time_of_day": "Morning", "causation": [ "0", "0", "0", "0", "0", "0", "0", "0", "0", "0", "0", "0", "0", "0", "0", "0", "0", "0", "1", "0", "0", "0", "0", "0" ], "duration": 153.0, "sum": 1 }, "geometry": { "type": "Point", "coordinates": [ -122.359460352351817, 47.570361513275273 ] } },
{ "type": "Feature", "properties": { "lat": 47.570403015090605, "lon": -122.3589302516187, "time_of_day": "Morning", "causation": [ "0", "0", "0", "0", "0", "0", "0", "0", "0", "0", "0", "0", "0", "0", "0", "0", "0", "0", "1", "0", "0", "0", "0", "0" ], "duration": 153.0, "sum": 1 }, "geometry": { "type": "Point", "coordinates": [ -122.358930251618702, 47.570403015090605 ] } },
{ "type": "Feature", "properties": { "lat": 47.570421491360953, "lon": -122.36141604759774, "time_of_day": "Morning", "causation": [ "0", "0", "0", "0", "0", "0", "0", "0", "0", "0", "0", "0", "0", "0", "0", "0", "0", "0", "1", "0", "0", "0", "0", "0" ], "duration": 159.0, "sum": 1 }, "geometry": { "type": "Point", "coordinates": [ -122.361416047597743, 47.570421491360953 ] } },
{ "type": "Feature", "properties": { "lat": 47.570432463804643, "lon": -122.36090027034317, "time_of_day": "Morning", "causation": [ "0", "0", "0", "0", "0", "0", "0", "0", "0", "0", "0", "0", "0", "0", "0", "0", "0", "0", "1", "0", "0", "0", "0", "0" ], "duration": 159.0, "sum": 1 }, "geometry": { "type": "Point", "coordinates": [ -122.360900270343166, 47.570432463804643 ] } },
{ "type": "Feature", "properties": { "lat": 47.570497841915461, "lon": -122.3589292697184, "time_of_day": "Morning", "causation": [ "0", "0", "0", "0", "0", "0", "0", "0", "0", "0", "0", "0", "0", "0", "0", "0", "0", "0", "1", "0", "0", "0", "0", "0" ], "duration": 153.0, "sum": 1 }, "geometry": { "type": "Point", "coordinates": [ -122.358929269718402, 47.570497841915461 ] } },
{ "type": "Feature", "properties": { "lat": 47.570498806009709, "lon": -122.35954659408472, "time_of_day": "Morning", "causation": [ "0", "0", "0", "0", "0", "0", "0", "0", "0", "0", "0", "0", "0", "0", "0", "0", "0", "0", "1", "0", "0", "0", "0", "0" ], "duration": 153.0, "sum": 1 }, "geometry": { "type": "Point", "coordinates": [ -122.359546594084719, 47.570498806009709 ] } },
{ "type": "Feature", "properties": { "lat": 47.570504792740401, "lon": -122.36133985564156, "time_of_day": "Morning", "causation": [ "0", "0", "0", "0", "0", "0", "0", "0", "0", "0", "0", "0", "0", "0", "0", "0", "0", "0", "1", "0", "0", "0", "0", "0" ], "duration": 159.0, "sum": 1 }, "geometry": { "type": "Point", "coordinates": [ -122.36133985564156, 47.570504792740401 ] } },
{ "type": "Feature", "properties": { "lat": 47.570511952515901, "lon": -122.39711707090146, "time_of_day": "Morning", "causation": [ "0", "0", "0", "0", "0", "0", "0", "0", "0", "0", "0", "0", "0", "0", "0", "0", "0", "0", "1", "0", "0", "0", "0", "0" ], "duration": 244.0, "sum": 1 }, "geometry": { "type": "Point", "coordinates": [ -122.397117070901459, 47.570511952515901 ] } },
{ "type": "Feature", "properties": { "lat": 47.570522269345048, "lon": -122.3987650945227, "time_of_day": "Morning", "causation": [ "0", "0", "0", "0", "0", "0", "0", "0", "0", "0", "0", "0", "0", "0", "0", "0", "0", "0", "1", "0", "0", "0", "0", "0" ], "duration": 244.0, "sum": 1 }, "geometry": { "type": "Point", "coordinates": [ -122.398765094522702, 47.570522269345048 ] } },
{ "type": "Feature", "properties": { "lat": 47.570523310172263, "lon": -122.39897346494919, "time_of_day": "Morning", "causation": [ "0", "0", "0", "0", "0", "0", "0", "0", "0", "0", "0", "0", "0", "0", "0", "0", "0", "0", "1", "0", "0", "0", "0", "0" ], "duration": 244.0, "sum": 1 }, "geometry": { "type": "Point", "coordinates": [ -122.398973464949194, 47.570523310172263 ] } },
{ "type": "Feature", "properties": { "lat": 47.570532724082597, "lon": -122.39975584960057, "time_of_day": "Morning", "causation": [ "0", "0", "0", "0", "0", "0", "0", "0", "0", "0", "0", "0", "0", "0", "0", "0", "0", "0", "1", "0", "0", "0", "0", "0" ], "duration": 244.0, "sum": 1 }, "geometry": { "type": "Point", "coordinates": [ -122.399755849600567, 47.570532724082597 ] } },
{ "type": "Feature", "properties": { "lat": 47.570539770944826, "lon": -122.39779974196256, "time_of_day": "Morning", "causation": [ "0", "0", "0", "0", "0", "0", "0", "0", "0", "0", "0", "0", "0", "0", "0", "0", "0", "0", "1", "0", "0", "0", "0", "0" ], "duration": 244.0, "sum": 1 }, "geometry": { "type": "Point", "coordinates": [ -122.397799741962558, 47.570539770944826 ] } },
{ "type": "Feature", "properties": { "lat": 47.570544619474518, "lon": -122.4005730211187, "time_of_day": "Morning", "causation": [ "0", "0", "0", "0", "0", "0", "0", "0", "0", "0", "0", "0", "0", "0", "0", "0", "0", "0", "1", "0", "0", "0", "0", "0" ], "duration": 244.0, "sum": 1 }, "geometry": { "type": "Point", "coordinates": [ -122.400573021118703, 47.570544619474518 ] } },
{ "type": "Feature", "properties": { "lat": 47.570545099950166, "lon": -122.40074802456569, "time_of_day": "Morning", "causation": [ "0", "0", "0", "0", "0", "0", "0", "0", "0", "0", "0", "0", "0", "0", "0", "0", "0", "0", "1", "0", "0", "0", "0", "0" ], "duration": 244.0, "sum": 1 }, "geometry": { "type": "Point", "coordinates": [ -122.400748024565686, 47.570545099950166 ] } },
{ "type": "Feature", "properties": { "lat": 47.570545635175613, "lon": -122.39999812612989, "time_of_day": "Morning", "causation": [ "0", "0", "0", "0", "0", "0", "0", "0", "0", "0", "0", "0", "0", "0", "0", "0", "0", "0", "1", "0", "0", "0", "0", "0" ], "duration": 244.0, "sum": 1 }, "geometry": { "type": "Point", "coordinates": [ -122.399998126129887, 47.570545635175613 ] } },
{ "type": "Feature", "properties": { "lat": 47.570548271074365, "lon": -122.40097009366021, "time_of_day": "Morning", "causation": [ "0", "0", "0", "0", "0", "0", "0", "0", "0", "0", "0", "0", "0", "0", "0", "0", "0", "0", "1", "0", "0", "0", "0", "0" ], "duration": 244.0, "sum": 1 }, "geometry": { "type": "Point", "coordinates": [ -122.400970093660206, 47.570548271074365 ] } },
{ "type": "Feature", "properties": { "lat": 47.570551236498858, "lon": -122.40115538653912, "time_of_day": "Morning", "causation": [ "0", "0", "0", "0", "0", "0", "0", "0", "0", "0", "0", "0", "0", "0", "0", "0", "0", "0", "1", "0", "0", "0", "0", "0" ], "duration": 244.0, "sum": 1 }, "geometry": { "type": "Point", "coordinates": [ -122.401155386539116, 47.570551236498858 ] } },
{ "type": "Feature", "properties": { "lat": 47.570551399563193, "lon": -122.39916145380458, "time_of_day": "Morning", "causation": [ "0", "0", "0", "0", "0", "0", "0", "0", "0", "0", "0", "0", "0", "0", "0", "0", "0", "0", "1", "0", "0", "0", "0", "0" ], "duration": 244.0, "sum": 1 }, "geometry": { "type": "Point", "coordinates": [ -122.399161453804581, 47.570551399563193 ] } },
{ "type": "Feature", "properties": { "lat": 47.570552748981257, "lon": -122.40039086199836, "time_of_day": "Morning", "causation": [ "0", "0", "0", "0", "0", "0", "0", "0", "0", "0", "0", "0", "0", "0", "0", "0", "0", "0", "1", "0", "0", "0", "0", "0" ], "duration": 244.0, "sum": 1 }, "geometry": { "type": "Point", "coordinates": [ -122.40039086199836, 47.570552748981257 ] } },
{ "type": "Feature", "properties": { "lat": 47.570553867864994, "lon": -122.3993571527716, "time_of_day": "Morning", "causation": [ "0", "0", "0", "0", "0", "0", "0", "0", "0", "0", "0", "0", "0", "0", "0", "0", "0", "0", "1", "0", "0", "0", "0", "0" ], "duration": 244.0, "sum": 1 }, "geometry": { "type": "Point", "coordinates": [ -122.3993571527716, 47.570553867864994 ] } },
{ "type": "Feature", "properties": { "lat": 47.570557993709123, "lon": -122.39812460723188, "time_of_day": "Morning", "causation": [ "0", "0", "0", "0", "0", "0", "0", "0", "0", "0", "0", "0", "0", "0", "0", "0", "0", "0", "1", "0", "0", "0", "0", "0" ], "duration": 244.0, "sum": 1 }, "geometry": { "type": "Point", "coordinates": [ -122.398124607231878, 47.570557993709123 ] } },
{ "type": "Feature", "properties": { "lat": 47.570563142940166, "lon": -122.39828519279769, "time_of_day": "Morning", "causation": [ "0", "0", "0", "0", "0", "0", "0", "0", "0", "0", "0", "0", "0", "0", "0", "0", "0", "0", "1", "0", "0", "0", "0", "0" ], "duration": 244.0, "sum": 1 }, "geometry": { "type": "Point", "coordinates": [ -122.398285192797687, 47.570563142940166 ] } },
{ "type": "Feature", "properties": { "lat": 47.570564487769779, "lon": -122.3589300269625, "time_of_day": "Morning", "causation": [ "0", "0", "0", "0", "0", "0", "0", "0", "0", "0", "0", "0", "0", "0", "0", "0", "0", "0", "1", "0", "0", "0", "0", "0" ], "duration": 153.0, "sum": 1 }, "geometry": { "type": "Point", "coordinates": [ -122.358930026962497, 47.570564487769779 ] } },
{ "type": "Feature", "properties": { "lat": 47.570565380967679, "lon": -122.40142172384677, "time_of_day": "Morning", "causation": [ "0", "0", "0", "0", "0", "0", "0", "0", "0", "0", "0", "0", "0", "0", "0", "0", "0", "0", "1", "0", "0", "0", "0", "0" ], "duration": 244.0, "sum": 1 }, "geometry": { "type": "Point", "coordinates": [ -122.401421723846767, 47.570565380967679 ] } },
{ "type": "Feature", "properties": { "lat": 47.5705876850067, "lon": -122.4017034405456, "time_of_day": "Morning", "causation": [ "0", "0", "0", "0", "0", "0", "0", "0", "0", "0", "0", "0", "0", "0", "0", "0", "0", "0", "1", "0", "0", "0", "0", "0" ], "duration": 244.0, "sum": 1 }, "geometry": { "type": "Point", "coordinates": [ -122.401703440545603, 47.5705876850067 ] } },
{ "type": "Feature", "properties": { "lat": 47.570604829035936, "lon": -122.40199975468028, "time_of_day": "Morning", "causation": [ "0", "0", "0", "0", "0", "0", "0", "0", "0", "0", "0", "0", "0", "0", "0", "0", "0", "0", "1", "0", "0", "0", "0", "0" ], "duration": 244.0, "sum": 1 }, "geometry": { "type": "Point", "coordinates": [ -122.401999754680276, 47.570604829035936 ] } },
{ "type": "Feature", "properties": { "lat": 47.570626041648723, "lon": -122.39643842536752, "time_of_day": "Morning", "causation": [ "0", "0", "0", "0", "0", "0", "0", "0", "0", "0", "0", "0", "0", "0", "0", "0", "0", "0", "1", "0", "0", "0", "0", "0" ], "duration": 244.0, "sum": 1 }, "geometry": { "type": "Point", "coordinates": [ -122.396438425367521, 47.570626041648723 ] } },
{ "type": "Feature", "properties": { "lat": 47.570629225892979, "lon": -122.358927685447, "time_of_day": "Morning", "causation": [ "0", "0", "0", "0", "0", "0", "0", "0", "0", "0", "0", "0", "0", "0", "0", "0", "0", "0", "1", "0", "0", "0", "0", "0" ], "duration": 153.0, "sum": 1 }, "geometry": { "type": "Point", "coordinates": [ -122.358927685447, 47.570629225892979 ] } },
{ "type": "Feature", "properties": { "lat": 47.570635811480592, "lon": -122.39711304744635, "time_of_day": "Morning", "causation": [ "0", "0", "0", "0", "0", "0", "0", "0", "0", "0", "0", "0", "0", "0", "0", "0", "0", "0", "1", "0", "0", "0", "0", "0" ], "duration": 244.0, "sum": 1 }, "geometry": { "type": "Point", "coordinates": [ -122.397113047446354, 47.570635811480592 ] } },
{ "type": "Feature", "properties": { "lat": 47.570642012800704, "lon": -122.40219777230244, "time_of_day": "Morning", "causation": [ "0", "0", "0", "0", "0", "0", "0", "0", "0", "0", "0", "0", "0", "0", "0", "0", "0", "0", "1", "0", "0", "0", "0", "0" ], "duration": 244.0, "sum": 1 }, "geometry": { "type": "Point", "coordinates": [ -122.402197772302443, 47.570642012800704 ] } },
{ "type": "Feature", "properties": { "lat": 47.570644110258399, "lon": -122.36091027138256, "time_of_day": "Morning", "causation": [ "0", "0", "0", "0", "0", "0", "0", "0", "0", "0", "0", "0", "0", "0", "0", "0", "0", "0", "1", "0", "0", "0", "0", "0" ], "duration": 159.0, "sum": 1 }, "geometry": { "type": "Point", "coordinates": [ -122.360910271382565, 47.570644110258399 ] } },
{ "type": "Feature", "properties": { "lat": 47.570650167217664, "lon": -122.3603029845566, "time_of_day": "Morning", "causation": [ "0", "0", "0", "0", "0", "0", "0", "0", "0", "0", "0", "0", "0", "0", "0", "0", "0", "0", "1", "0", "0", "0", "0", "0" ], "duration": 153.0, "sum": 1 }, "geometry": { "type": "Point", "coordinates": [ -122.360302984556597, 47.570650167217664 ] } },
{ "type": "Feature", "properties": { "lat": 47.570663375013993, "lon": -122.39779870270056, "time_of_day": "Morning", "causation": [ "0", "0", "0", "0", "0", "0", "0", "0", "0", "0", "0", "0", "0", "0", "0", "0", "0", "0", "1", "0", "0", "0", "0", "0" ], "duration": 244.0, "sum": 1 }, "geometry": { "type": "Point", "coordinates": [ -122.397798702700555, 47.570663375013993 ] } },
{ "type": "Feature", "properties": { "lat": 47.570681080610726, "lon": -122.35943870979318, "time_of_day": "Morning", "causation": [ "0", "0", "0", "0", "0", "0", "0", "0", "0", "0", "0", "0", "0", "0", "0", "0", "0", "0", "1", "0", "0", "0", "0", "0" ], "duration": 153.0, "sum": 1 }, "geometry": { "type": "Point", "coordinates": [ -122.359438709793181, 47.570681080610726 ] } },
{ "type": "Feature", "properties": { "lat": 47.570700285651697, "lon": -122.35895463700504, "time_of_day": "Morning", "causation": [ "0", "0", "0", "0", "0", "0", "0", "0", "0", "0", "0", "0", "0", "0", "0", "0", "0", "0", "1", "0", "0", "0", "0", "0" ], "duration": 153.0, "sum": 1 }, "geometry": { "type": "Point", "coordinates": [ -122.358954637005041, 47.570700285651697 ] } },
{ "type": "Feature", "properties": { "lat": 47.570750099656131, "lon": -122.39896796207417, "time_of_day": "Morning", "causation": [ "0", "0", "0", "0", "0", "0", "0", "0", "0", "0", "0", "0", "0", "0", "0", "0", "0", "0", "1", "0", "0", "0", "0", "0" ], "duration": 244.0, "sum": 1 }, "geometry": { "type": "Point", "coordinates": [ -122.398967962074167, 47.570750099656131 ] } },
{ "type": "Feature", "properties": { "lat": 47.570754159874447, "lon": -122.39987980654632, "time_of_day": "Morning", "causation": [ "0", "0", "0", "0", "0", "0", "0", "0", "0", "0", "0", "0", "0", "0", "0", "0", "0", "0", "1", "0", "0", "0", "0", "0" ], "duration": 244.0, "sum": 1 }, "geometry": { "type": "Point", "coordinates": [ -122.399879806546323, 47.570754159874447 ] } },
{ "type": "Feature", "properties": { "lat": 47.570754532861962, "lon": -122.35958891003273, "time_of_day": "Morning", "causation": [ "0", "0", "0", "0", "0", "0", "0", "0", "0", "0", "0", "0", "0", "0", "0", "0", "0", "0", "1", "0", "0", "0", "0", "0" ], "duration": 153.0, "sum": 1 }, "geometry": { "type": "Point", "coordinates": [ -122.359588910032727, 47.570754532861962 ] } },
{ "type": "Feature", "properties": { "lat": 47.570782002701286, "lon": -122.39643457785948, "time_of_day": "Morning", "causation": [ "0", "0", "0", "0", "0", "0", "0", "0", "0", "0", "0", "0", "0", "0", "0", "0", "0", "0", "1", "0", "0", "0", "0", "0" ], "duration": 244.0, "sum": 1 }, "geometry": { "type": "Point", "coordinates": [ -122.39643457785948, 47.570782002701286 ] } },
{ "type": "Feature", "properties": { "lat": 47.570784472470699, "lon": -122.39929181971416, "time_of_day": "Morning", "causation": [ "0", "0", "0", "0", "0", "0", "0", "0", "0", "0", "0", "0", "0", "0", "0", "0", "0", "0", "1", "0", "0", "0", "0", "0" ], "duration": 244.0, "sum": 1 }, "geometry": { "type": "Point", "coordinates": [ -122.399291819714165, 47.570784472470699 ] } },
{ "type": "Feature", "properties": { "lat": 47.570784900200238, "lon": -122.3589455724982, "time_of_day": "Morning", "causation": [ "0", "0", "0", "0", "0", "0", "0", "0", "0", "0", "0", "0", "0", "0", "0", "0", "0", "0", "1", "0", "0", "0", "0", "0" ], "duration": 153.0, "sum": 1 }, "geometry": { "type": "Point", "coordinates": [ -122.3589455724982, 47.570784900200238 ] } },
{ "type": "Feature", "properties": { "lat": 47.570786811362055, "lon": -122.39779193723588, "time_of_day": "Morning", "causation": [ "0", "0", "0", "0", "0", "0", "0", "0", "0", "0", "0", "0", "0", "0", "0", "0", "0", "0", "1", "0", "0", "0", "0", "0" ], "duration": 244.0, "sum": 1 }, "geometry": { "type": "Point", "coordinates": [ -122.39779193723588, 47.570786811362055 ] } },
{ "type": "Feature", "properties": { "lat": 47.570790200039831, "lon": -122.39712943405247, "time_of_day": "Morning", "causation": [ "0", "0", "0", "0", "0", "0", "0", "0", "0", "0", "0", "0", "0", "0", "0", "0", "0", "0", "1", "0", "0", "0", "0", "0" ], "duration": 244.0, "sum": 1 }, "geometry": { "type": "Point", "coordinates": [ -122.397129434052474, 47.570790200039831 ] } },
{ "type": "Feature", "properties": { "lat": 47.57090246323925, "lon": -122.39809724415444, "time_of_day": "Morning", "causation": [ "0", "0", "0", "0", "0", "0", "0", "0", "0", "0", "0", "0", "0", "0", "0", "0", "0", "0", "2", "0", "0", "0", "0", "0" ], "duration": 488.0, "sum": 2 }, "geometry": { "type": "Point", "coordinates": [ -122.398097244154442, 47.57090246323925 ] } },
{ "type": "Feature", "properties": { "lat": 47.570903878255066, "lon": -122.39980143056788, "time_of_day": "Morning", "causation": [ "0", "0", "0", "0", "0", "0", "0", "0", "0", "0", "0", "0", "0", "0", "0", "0", "0", "0", "1", "0", "0", "0", "0", "0" ], "duration": 244.0, "sum": 1 }, "geometry": { "type": "Point", "coordinates": [ -122.399801430567877, 47.570903878255066 ] } },
{ "type": "Feature", "properties": { "lat": 47.570907084172347, "lon": -122.39828464201584, "time_of_day": "Morning", "causation": [ "0", "0", "0", "0", "0", "0", "0", "0", "0", "0", "0", "0", "0", "0", "0", "0", "0", "0", "1", "0", "0", "0", "0", "0" ], "duration": 244.0, "sum": 1 }, "geometry": { "type": "Point", "coordinates": [ -122.398284642015838, 47.570907084172347 ] } },
{ "type": "Feature", "properties": { "lat": 47.570910035755446, "lon": -122.40040942995782, "time_of_day": "Morning", "causation": [ "0", "0", "0", "0", "0", "0", "0", "0", "0", "0", "0", "0", "0", "0", "0", "0", "0", "0", "1", "0", "0", "0", "0", "0" ], "duration": 244.0, "sum": 1 }, "geometry": { "type": "Point", "coordinates": [ -122.400409429957818, 47.570910035755446 ] } },
{ "type": "Feature", "properties": { "lat": 47.570913571747575, "lon": -122.40068422984665, "time_of_day": "Morning", "causation": [ "0", "0", "0", "0", "0", "0", "0", "0", "0", "0", "0", "0", "0", "0", "0", "0", "0", "0", "1", "0", "0", "0", "0", "0" ], "duration": 244.0, "sum": 1 }, "geometry": { "type": "Point", "coordinates": [ -122.400684229846647, 47.570913571747575 ] } },
{ "type": "Feature", "properties": { "lat": 47.570917480694753, "lon": -122.40177921168126, "time_of_day": "Morning", "causation": [ "0", "0", "0", "0", "0", "0", "0", "0", "0", "0", "0", "0", "0", "0", "0", "0", "0", "0", "1", "0", "0", "0", "0", "0" ], "duration": 244.0, "sum": 1 }, "geometry": { "type": "Point", "coordinates": [ -122.401779211681259, 47.570917480694753 ] } },
{ "type": "Feature", "properties": { "lat": 47.570919702883259, "lon": -122.39711060456165, "time_of_day": "Morning", "causation": [ "0", "0", "0", "0", "0", "0", "0", "0", "0", "0", "0", "0", "0", "0", "0", "0", "0", "0", "1", "0", "0", "0", "0", "0" ], "duration": 244.0, "sum": 1 }, "geometry": { "type": "Point", "coordinates": [ -122.397110604561647, 47.570919702883259 ] } },
{ "type": "Feature", "properties": { "lat": 47.570924726910611, "lon": -122.39776219125888, "time_of_day": "Morning", "causation": [ "0", "0", "0", "0", "0", "0", "0", "0", "0", "0", "0", "0", "0", "0", "0", "0", "0", "0", "1", "0", "0", "0", "0", "0" ], "duration": 244.0, "sum": 1 }, "geometry": { "type": "Point", "coordinates": [ -122.397762191258877, 47.570924726910611 ] } },
{ "type": "Feature", "properties": { "lat": 47.570925423800453, "lon": -122.39650554356476, "time_of_day": "Morning", "causation": [ "0", "0", "0", "0", "0", "0", "0", "0", "0", "0", "0", "0", "0", "0", "0", "0", "0", "0", "1", "0", "0", "0", "0", "0" ], "duration": 244.0, "sum": 1 }, "geometry": { "type": "Point", "coordinates": [ -122.396505543564757, 47.570925423800453 ] } },
{ "type": "Feature", "properties": { "lat": 47.570925458166322, "lon": -122.40157954696704, "time_of_day": "Morning", "causation": [ "0", "0", "0", "0", "0", "0", "0", "0", "0", "0", "0", "0", "0", "0", "0", "0", "0", "0", "1", "0", "0", "0", "0", "0" ], "duration": 244.0, "sum": 1 }, "geometry": { "type": "Point", "coordinates": [ -122.401579546967042, 47.570925458166322 ] } },
{ "type": "Feature", "properties": { "lat": 47.570932747167511, "lon": -122.40090360565544, "time_of_day": "Morning", "causation": [ "0", "0", "0", "0", "0", "0", "0", "0", "0", "0", "0", "0", "0", "0", "0", "0", "0", "0", "1", "0", "0", "0", "0", "0" ], "duration": 244.0, "sum": 1 }, "geometry": { "type": "Point", "coordinates": [ -122.400903605655444, 47.570932747167511 ] } },
{ "type": "Feature", "properties": { "lat": 47.570936112527789, "lon": -122.40114817801522, "time_of_day": "Morning", "causation": [ "0", "0", "0", "0", "0", "0", "0", "0", "0", "0", "0", "0", "0", "0", "0", "0", "0", "0", "1", "0", "0", "0", "0", "0" ], "duration": 244.0, "sum": 1 }, "geometry": { "type": "Point", "coordinates": [ -122.40114817801522, 47.570936112527789 ] } },
{ "type": "Feature", "properties": { "lat": 47.570938920541131, "lon": -122.40208651603902, "time_of_day": "Morning", "causation": [ "0", "0", "0", "0", "0", "0", "0", "0", "0", "0", "0", "0", "0", "0", "0", "0", "0", "0", "1", "0", "0", "0", "0", "0" ], "duration": 244.0, "sum": 1 }, "geometry": { "type": "Point", "coordinates": [ -122.40208651603902, 47.570938920541131 ] } },
{ "type": "Feature", "properties": { "lat": 47.570941376554067, "lon": -122.39929399769404, "time_of_day": "Morning", "causation": [ "0", "0", "0", "0", "0", "0", "0", "0", "0", "0", "0", "0", "0", "0", "0", "0", "0", "0", "1", "0", "0", "0", "0", "0" ], "duration": 244.0, "sum": 1 }, "geometry": { "type": "Point", "coordinates": [ -122.399293997694045, 47.570941376554067 ] } },
{ "type": "Feature", "properties": { "lat": 47.571049387590513, "lon": -122.36176689853896, "time_of_day": "Morning", "causation": [ "0", "0", "0", "0", "0", "0", "0", "0", "0", "0", "0", "0", "0", "0", "0", "0", "0", "0", "1", "0", "0", "0", "0", "0" ], "duration": 48.0, "sum": 1 }, "geometry": { "type": "Point", "coordinates": [ -122.36176689853896, 47.571049387590513 ] } },
{ "type": "Feature", "properties": { "lat": 47.571050500011189, "lon": -122.39642855331974, "time_of_day": "Morning", "causation": [ "0", "0", "0", "0", "0", "0", "0", "0", "0", "0", "0", "0", "0", "0", "0", "0", "0", "0", "1", "0", "0", "0", "0", "0" ], "duration": 244.0, "sum": 1 }, "geometry": { "type": "Point", "coordinates": [ -122.396428553319737, 47.571050500011189 ] } },
{ "type": "Feature", "properties": { "lat": 47.57106320022816, "lon": -122.39710526239568, "time_of_day": "Morning", "causation": [ "0", "0", "0", "0", "0", "0", "0", "0", "0", "0", "0", "0", "0", "0", "0", "0", "0", "0", "1", "0", "0", "0", "0", "0" ], "duration": 244.0, "sum": 1 }, "geometry": { "type": "Point", "coordinates": [ -122.397105262395684, 47.57106320022816 ] } },
{ "type": "Feature", "properties": { "lat": 47.571084924804602, "lon": -122.40363507112424, "time_of_day": "Morning", "causation": [ "0", "0", "0", "0", "0", "0", "0", "0", "0", "0", "0", "0", "0", "0", "0", "0", "0", "0", "1", "0", "0", "0", "0", "0" ], "duration": 244.0, "sum": 1 }, "geometry": { "type": "Point", "coordinates": [ -122.403635071124242, 47.571084924804602 ] } },
{ "type": "Feature", "properties": { "lat": 47.571140009906379, "lon": -122.40411749192182, "time_of_day": "Morning", "causation": [ "0", "0", "0", "0", "0", "0", "0", "0", "0", "0", "0", "0", "0", "0", "0", "0", "0", "0", "1", "0", "0", "0", "0", "0" ], "duration": 244.0, "sum": 1 }, "geometry": { "type": "Point", "coordinates": [ -122.404117491921824, 47.571140009906379 ] } },
{ "type": "Feature", "properties": { "lat": 47.571175010139179, "lon": -122.39641629413264, "time_of_day": "Morning", "causation": [ "0", "0", "0", "0", "0", "0", "0", "0", "0", "0", "0", "0", "0", "0", "0", "0", "0", "0", "1", "0", "0", "0", "0", "0" ], "duration": 244.0, "sum": 1 }, "geometry": { "type": "Point", "coordinates": [ -122.396416294132635, 47.571175010139179 ] } },
{ "type": "Feature", "properties": { "lat": 47.571189363572245, "lon": -122.39712550567668, "time_of_day": "Morning", "causation": [ "0", "0", "0", "0", "0", "0", "0", "0", "0", "0", "0", "0", "0", "0", "0", "0", "0", "0", "1", "0", "0", "0", "0", "0" ], "duration": 244.0, "sum": 1 }, "geometry": { "type": "Point", "coordinates": [ -122.397125505676684, 47.571189363572245 ] } },
{ "type": "Feature", "properties": { "lat": 47.571195082179557, "lon": -122.39777220578441, "time_of_day": "Morning", "causation": [ "0", "0", "0", "0", "0", "0", "0", "0", "0", "0", "0", "0", "0", "0", "0", "0", "0", "0", "1", "0", "0", "0", "0", "0" ], "duration": 244.0, "sum": 1 }, "geometry": { "type": "Point", "coordinates": [ -122.397772205784406, 47.571195082179557 ] } },
{ "type": "Feature", "properties": { "lat": 47.57128526923492, "lon": -122.40044968894399, "time_of_day": "Morning", "causation": [ "0", "0", "0", "0", "0", "0", "0", "0", "0", "0", "0", "0", "0", "0", "0", "0", "0", "0", "1", "0", "0", "0", "0", "0" ], "duration": 244.0, "sum": 1 }, "geometry": { "type": "Point", "coordinates": [ -122.400449688943993, 47.57128526923492 ] } },
{ "type": "Feature", "properties": { "lat": 47.571299141829378, "lon": -122.40128043694858, "time_of_day": "Morning", "causation": [ "0", "0", "0", "0", "0", "0", "0", "0", "0", "0", "0", "0", "0", "0", "0", "0", "0", "0", "1", "0", "0", "0", "0", "0" ], "duration": 244.0, "sum": 1 }, "geometry": { "type": "Point", "coordinates": [ -122.401280436948582, 47.571299141829378 ] } },
{ "type": "Feature", "properties": { "lat": 47.571306665051857, "lon": -122.40423112110784, "time_of_day": "Morning", "causation": [ "0", "0", "0", "0", "0", "0", "0", "0", "0", "0", "0", "0", "0", "0", "0", "0", "0", "0", "1", "0", "0", "0", "0", "0" ], "duration": 244.0, "sum": 1 }, "geometry": { "type": "Point", "coordinates": [ -122.404231121107841, 47.571306665051857 ] } },
{ "type": "Feature", "properties": { "lat": 47.571309593276041, "lon": -122.4009828348516, "time_of_day": "Morning", "causation": [ "0", "0", "0", "0", "0", "0", "0", "0", "0", "0", "0", "0", "0", "0", "0", "0", "0", "0", "1", "0", "0", "0", "0", "0" ], "duration": 244.0, "sum": 1 }, "geometry": { "type": "Point", "coordinates": [ -122.400982834851604, 47.571309593276041 ] } },
{ "type": "Feature", "properties": { "lat": 47.571309851885374, "lon": -122.4014928376709, "time_of_day": "Morning", "causation": [ "0", "0", "0", "0", "0", "0", "0", "0", "0", "0", "0", "0", "0", "0", "0", "0", "0", "0", "2", "0", "0", "0", "0", "0" ], "duration": 488.0, "sum": 2 }, "geometry": { "type": "Point", "coordinates": [ -122.401492837670901, 47.571309851885374 ] } },
{ "type": "Feature", "properties": { "lat": 47.571312738053045, "lon": -122.40073263014736, "time_of_day": "Morning", "causation": [ "0", "0", "0", "0", "0", "0", "0", "0", "0", "0", "0", "0", "0", "0", "0", "0", "0", "0", "1", "0", "0", "0", "0", "0" ], "duration": 244.0, "sum": 1 }, "geometry": { "type": "Point", "coordinates": [ -122.40073263014736, 47.571312738053045 ] } },
{ "type": "Feature", "properties": { "lat": 47.571313548344641, "lon": -122.40169677766886, "time_of_day": "Morning", "causation": [ "0", "0", "0", "0", "0", "0", "0", "0", "0", "0", "0", "0", "0", "0", "0", "0", "0", "0", "1", "0", "0", "0", "0", "0" ], "duration": 244.0, "sum": 1 }, "geometry": { "type": "Point", "coordinates": [ -122.40169677766886, 47.571313548344641 ] } },
{ "type": "Feature", "properties": { "lat": 47.571330988043378, "lon": -122.39713189007102, "time_of_day": "Morning", "causation": [ "0", "0", "0", "0", "0", "0", "0", "0", "0", "0", "0", "0", "0", "0", "0", "0", "0", "0", "1", "0", "0", "0", "0", "0" ], "duration": 244.0, "sum": 1 }, "geometry": { "type": "Point", "coordinates": [ -122.397131890071023, 47.571330988043378 ] } },
{ "type": "Feature", "properties": { "lat": 47.571331681593634, "lon": -122.40226944632388, "time_of_day": "Morning", "causation": [ "0", "0", "0", "0", "0", "0", "0", "0", "0", "0", "0", "0", "0", "0", "0", "0", "0", "0", "1", "0", "0", "0", "0", "0" ], "duration": 244.0, "sum": 1 }, "geometry": { "type": "Point", "coordinates": [ -122.402269446323885, 47.571331681593634 ] } },
{ "type": "Feature", "properties": { "lat": 47.571331750229007, "lon": -122.40208396642844, "time_of_day": "Morning", "causation": [ "0", "0", "0", "0", "0", "0", "0", "0", "0", "0", "0", "0", "0", "0", "0", "0", "0", "0", "1", "0", "0", "0", "0", "0" ], "duration": 244.0, "sum": 1 }, "geometry": { "type": "Point", "coordinates": [ -122.402083966428435, 47.571331750229007 ] } },
{ "type": "Feature", "properties": { "lat": 47.571332587793982, "lon": -122.39641969518688, "time_of_day": "Morning", "causation": [ "0", "0", "0", "0", "0", "0", "0", "0", "0", "0", "0", "0", "0", "0", "0", "0", "0", "0", "1", "0", "0", "0", "0", "0" ], "duration": 244.0, "sum": 1 }, "geometry": { "type": "Point", "coordinates": [ -122.396419695186879, 47.571332587793982 ] } },
{ "type": "Feature", "properties": { "lat": 47.571333760143759, "lon": -122.40245693987436, "time_of_day": "Morning", "causation": [ "0", "0", "0", "0", "0", "0", "0", "0", "0", "0", "0", "0", "0", "0", "0", "0", "0", "0", "1", "0", "0", "0", "0", "0" ], "duration": 244.0, "sum": 1 }, "geometry": { "type": "Point", "coordinates": [ -122.402456939874355, 47.571333760143759 ] } },
{ "type": "Feature", "properties": { "lat": 47.57133446044417, "lon": -122.40186903616321, "time_of_day": "Morning", "causation": [ "0", "0", "0", "0", "0", "0", "0", "0", "0", "0", "0", "0", "0", "0", "0", "0", "0", "0", "1", "0", "0", "0", "0", "0" ], "duration": 244.0, "sum": 1 }, "geometry": { "type": "Point", "coordinates": [ -122.401869036163205, 47.57133446044417 ] } },
{ "type": "Feature", "properties": { "lat": 47.571398802167479, "lon": -122.40307097861456, "time_of_day": "Morning", "causation": [ "0", "0", "0", "0", "0", "0", "0", "0", "0", "0", "0", "0", "0", "0", "0", "0", "0", "0", "1", "0", "0", "0", "0", "0" ], "duration": 244.0, "sum": 1 }, "geometry": { "type": "Point", "coordinates": [ -122.403070978614565, 47.571398802167479 ] } },
{ "type": "Feature", "properties": { "lat": 47.571416744418961, "lon": -122.404427270337, "time_of_day": "Morning", "causation": [ "0", "0", "0", "0", "0", "0", "0", "0", "0", "0", "0", "0", "0", "0", "0", "0", "0", "0", "1", "0", "0", "0", "0", "0" ], "duration": 244.0, "sum": 1 }, "geometry": { "type": "Point", "coordinates": [ -122.404427270336996, 47.571416744418961 ] } },
{ "type": "Feature", "properties": { "lat": 47.571454385794645, "lon": -122.3964255838318, "time_of_day": "Morning", "causation": [ "0", "0", "0", "0", "0", "0", "0", "0", "0", "0", "0", "0", "0", "0", "0", "0", "0", "0", "1", "0", "0", "0", "0", "0" ], "duration": 244.0, "sum": 1 }, "geometry": { "type": "Point", "coordinates": [ -122.3964255838318, 47.571454385794645 ] } },
{ "type": "Feature", "properties": { "lat": 47.571459303098095, "lon": -122.39713901337504, "time_of_day": "Morning", "causation": [ "0", "0", "0", "0", "0", "0", "0", "0", "0", "0", "0", "0", "0", "0", "0", "0", "0", "0", "1", "0", "0", "0", "0", "0" ], "duration": 244.0, "sum": 1 }, "geometry": { "type": "Point", "coordinates": [ -122.397139013375039, 47.571459303098095 ] } },
{ "type": "Feature", "properties": { "lat": 47.571537304228094, "lon": -122.40258129494543, "time_of_day": "Morning", "causation": [ "0", "0", "0", "0", "0", "0", "0", "0", "0", "0", "0", "0", "0", "0", "0", "0", "0", "0", "1", "0", "0", "0", "0", "0" ], "duration": 244.0, "sum": 1 }, "geometry": { "type": "Point", "coordinates": [ -122.402581294945435, 47.571537304228094 ] } },
{ "type": "Feature", "properties": { "lat": 47.571540455727018, "lon": -122.40461116963168, "time_of_day": "Morning", "causation": [ "0", "0", "0", "0", "0", "0", "0", "0", "0", "0", "0", "0", "0", "0", "0", "0", "0", "0", "1", "0", "0", "0", "0", "0" ], "duration": 244.0, "sum": 1 }, "geometry": { "type": "Point", "coordinates": [ -122.404611169631679, 47.571540455727018 ] } },
{ "type": "Feature", "properties": { "lat": 47.571568910253376, "lon": -122.40307168192382, "time_of_day": "Morning", "causation": [ "0", "0", "0", "0", "0", "0", "0", "0", "0", "0", "0", "0", "0", "0", "0", "0", "0", "0", "1", "0", "0", "0", "0", "0" ], "duration": 244.0, "sum": 1 }, "geometry": { "type": "Point", "coordinates": [ -122.403071681923819, 47.571568910253376 ] } },
{ "type": "Feature", "properties": { "lat": 47.571585476092409, "lon": -122.40115813850689, "time_of_day": "Morning", "causation": [ "0", "0", "0", "0", "0", "0", "0", "0", "0", "0", "0", "0", "0", "0", "0", "0", "0", "0", "1", "0", "0", "0", "0", "0" ], "duration": 244.0, "sum": 1 }, "geometry": { "type": "Point", "coordinates": [ -122.401158138506887, 47.571585476092409 ] } },
{ "type": "Feature", "properties": { "lat": 47.571588028735228, "lon": -122.40066987898828, "time_of_day": "Morning", "causation": [ "0", "0", "0", "0", "0", "0", "0", "0", "0", "0", "0", "0", "0", "0", "0", "0", "0", "0", "1", "0", "0", "0", "0", "0" ], "duration": 244.0, "sum": 1 }, "geometry": { "type": "Point", "coordinates": [ -122.400669878988282, 47.571588028735228 ] } },
{ "type": "Feature", "properties": { "lat": 47.571588435929513, "lon": -122.40164420992384, "time_of_day": "Morning", "causation": [ "0", "0", "0", "0", "0", "0", "0", "0", "0", "0", "0", "0", "0", "0", "0", "0", "0", "0", "2", "0", "0", "0", "0", "0" ], "duration": 488.0, "sum": 2 }, "geometry": { "type": "Point", "coordinates": [ -122.401644209923845, 47.571588435929513 ] } },
{ "type": "Feature", "properties": { "lat": 47.571591944972987, "lon": -122.40361764196471, "time_of_day": "Morning", "causation": [ "0", "0", "0", "0", "0", "0", "0", "0", "0", "0", "0", "0", "0", "0", "0", "0", "0", "0", "1", "0", "0", "0", "0", "0" ], "duration": 244.0, "sum": 1 }, "geometry": { "type": "Point", "coordinates": [ -122.403617641964715, 47.571591944972987 ] } },
{ "type": "Feature", "properties": { "lat": 47.571602123851839, "lon": -122.3964145039585, "time_of_day": "Morning", "causation": [ "0", "0", "0", "0", "0", "0", "0", "0", "0", "0", "0", "0", "0", "0", "0", "0", "0", "0", "1", "0", "0", "0", "0", "0" ], "duration": 244.0, "sum": 1 }, "geometry": { "type": "Point", "coordinates": [ -122.396414503958496, 47.571602123851839 ] } },
{ "type": "Feature", "properties": { "lat": 47.571610011812567, "lon": -122.40043254948422, "time_of_day": "Morning", "causation": [ "0", "0", "0", "0", "0", "0", "0", "0", "0", "0", "0", "0", "0", "0", "0", "0", "0", "0", "1", "0", "0", "0", "0", "0" ], "duration": 244.0, "sum": 1 }, "geometry": { "type": "Point", "coordinates": [ -122.400432549484222, 47.571610011812567 ] } },
{ "type": "Feature", "properties": { "lat": 47.571612763708409, "lon": -122.40190976544748, "time_of_day": "Morning", "causation": [ "0", "0", "0", "0", "0", "0", "0", "0", "0", "0", "0", "0", "0", "0", "0", "0", "0", "0", "1", "0", "0", "0", "0", "0" ], "duration": 244.0, "sum": 1 }, "geometry": { "type": "Point", "coordinates": [ -122.401909765447485, 47.571612763708409 ] } },
{ "type": "Feature", "properties": { "lat": 47.571615168079177, "lon": -122.40095004866824, "time_of_day": "Morning", "causation": [ "0", "0", "0", "0", "0", "0", "0", "0", "0", "0", "0", "0", "0", "0", "0", "0", "0", "0", "1", "0", "0", "0", "0", "0" ], "duration": 244.0, "sum": 1 }, "geometry": { "type": "Point", "coordinates": [ -122.400950048668236, 47.571615168079177 ] } },
{ "type": "Feature", "properties": { "lat": 47.571618288686139, "lon": -122.3970093183198, "time_of_day": "Morning", "causation": [ "0", "0", "0", "0", "0", "0", "0", "0", "0", "0", "0", "0", "0", "0", "0", "0", "0", "0", "1", "0", "0", "0", "0", "0" ], "duration": 244.0, "sum": 1 }, "geometry": { "type": "Point", "coordinates": [ -122.397009318319803, 47.571618288686139 ] } },
{ "type": "Feature", "properties": { "lat": 47.571621080833658, "lon": -122.401410556789, "time_of_day": "Morning", "causation": [ "0", "0", "0", "0", "0", "0", "0", "0", "0", "0", "0", "0", "0", "0", "0", "0", "0", "0", "1", "0", "0", "0", "0", "0" ], "duration": 244.0, "sum": 1 }, "geometry": { "type": "Point", "coordinates": [ -122.401410556789003, 47.571621080833658 ] } },
{ "type": "Feature", "properties": { "lat": 47.571628189016792, "lon": -122.40226721308856, "time_of_day": "Morning", "causation": [ "0", "0", "0", "0", "0", "0", "0", "0", "0", "0", "0", "0", "0", "0", "0", "0", "0", "0", "1", "0", "0", "0", "0", "0" ], "duration": 244.0, "sum": 1 }, "geometry": { "type": "Point", "coordinates": [ -122.402267213088564, 47.571628189016792 ] } },
{ "type": "Feature", "properties": { "lat": 47.571628507401194, "lon": -122.40246685083326, "time_of_day": "Morning", "causation": [ "0", "0", "0", "0", "0", "0", "0", "0", "0", "0", "0", "0", "0", "0", "0", "0", "0", "0", "1", "0", "0", "0", "0", "0" ], "duration": 244.0, "sum": 1 }, "geometry": { "type": "Point", "coordinates": [ -122.402466850833264, 47.571628507401194 ] } },
{ "type": "Feature", "properties": { "lat": 47.571634230041283, "lon": -122.40206484553346, "time_of_day": "Morning", "causation": [ "0", "0", "0", "0", "0", "0", "0", "0", "0", "0", "0", "0", "0", "0", "0", "0", "0", "0", "1", "0", "0", "0", "0", "0" ], "duration": 244.0, "sum": 1 }, "geometry": { "type": "Point", "coordinates": [ -122.402064845533459, 47.571634230041283 ] } },
{ "type": "Feature", "properties": { "lat": 47.571644553563466, "lon": -122.40478614317399, "time_of_day": "Morning", "causation": [ "0", "0", "0", "0", "0", "0", "0", "0", "0", "0", "0", "0", "0", "0", "0", "0", "0", "0", "1", "0", "0", "0", "0", "0" ], "duration": 244.0, "sum": 1 }, "geometry": { "type": "Point", "coordinates": [ -122.404786143173993, 47.571644553563466 ] } },
{ "type": "Feature", "properties": { "lat": 47.571733404996493, "lon": -122.40353589425516, "time_of_day": "Morning", "causation": [ "0", "0", "0", "0", "0", "0", "0", "0", "0", "0", "0", "0", "0", "0", "0", "0", "0", "0", "1", "0", "0", "0", "0", "0" ], "duration": 244.0, "sum": 1 }, "geometry": { "type": "Point", "coordinates": [ -122.403535894255157, 47.571733404996493 ] } },
{ "type": "Feature", "properties": { "lat": 47.571736918908535, "lon": -122.40315050725422, "time_of_day": "Morning", "causation": [ "0", "0", "0", "0", "0", "0", "0", "0", "0", "0", "0", "0", "0", "0", "0", "0", "0", "0", "1", "0", "0", "0", "0", "0" ], "duration": 244.0, "sum": 1 }, "geometry": { "type": "Point", "coordinates": [ -122.403150507254225, 47.571736918908535 ] } },
{ "type": "Feature", "properties": { "lat": 47.571745974983301, "lon": -122.4049773171573, "time_of_day": "Morning", "causation": [ "0", "0", "0", "0", "0", "0", "0", "0", "0", "0", "0", "0", "0", "0", "0", "0", "0", "0", "1", "0", "0", "0", "0", "0" ], "duration": 244.0, "sum": 1 }, "geometry": { "type": "Point", "coordinates": [ -122.404977317157304, 47.571745974983301 ] } },
{ "type": "Feature", "properties": { "lat": 47.571765890480322, "lon": -122.40412248609388, "time_of_day": "Morning", "causation": [ "0", "0", "0", "0", "0", "0", "0", "0", "0", "0", "0", "0", "0", "0", "0", "0", "0", "0", "1", "0", "0", "0", "0", "0" ], "duration": 244.0, "sum": 1 }, "geometry": { "type": "Point", "coordinates": [ -122.404122486093883, 47.571765890480322 ] } },
{ "type": "Feature", "properties": { "lat": 47.571770288621671, "lon": -122.39642847411008, "time_of_day": "Morning", "causation": [ "0", "0", "0", "0", "0", "0", "0", "0", "0", "0", "0", "0", "0", "0", "0", "0", "0", "0", "1", "0", "0", "0", "0", "0" ], "duration": 244.0, "sum": 1 }, "geometry": { "type": "Point", "coordinates": [ -122.396428474110081, 47.571770288621671 ] } },
{ "type": "Feature", "properties": { "lat": 47.571880032870219, "lon": -122.40440878055465, "time_of_day": "Morning", "causation": [ "0", "0", "0", "0", "0", "0", "0", "0", "0", "0", "0", "0", "0", "0", "0", "0", "0", "0", "1", "0", "0", "0", "0", "0" ], "duration": 244.0, "sum": 1 }, "geometry": { "type": "Point", "coordinates": [ -122.404408780554647, 47.571880032870219 ] } },
{ "type": "Feature", "properties": { "lat": 47.571894755119672, "lon": -122.40316779808607, "time_of_day": "Morning", "causation": [ "0", "0", "0", "0", "0", "0", "0", "0", "0", "0", "0", "0", "0", "0", "0", "0", "0", "0", "2", "0", "0", "0", "0", "0" ], "duration": 488.0, "sum": 2 }, "geometry": { "type": "Point", "coordinates": [ -122.403167798086074, 47.571894755119672 ] } },
{ "type": "Feature", "properties": { "lat": 47.571895726892826, "lon": -122.40351162742166, "time_of_day": "Morning", "causation": [ "0", "0", "0", "0", "0", "0", "0", "0", "0", "0", "0", "0", "0", "0", "0", "0", "0", "0", "1", "0", "0", "0", "0", "0" ], "duration": 244.0, "sum": 1 }, "geometry": { "type": "Point", "coordinates": [ -122.403511627421665, 47.571895726892826 ] } },
{ "type": "Feature", "properties": { "lat": 47.571900247334078, "lon": -122.39770694025221, "time_of_day": "Morning", "causation": [ "0", "0", "0", "0", "0", "0", "0", "0", "0", "0", "0", "0", "0", "0", "0", "0", "0", "0", "1", "0", "0", "0", "0", "0" ], "duration": 244.0, "sum": 1 }, "geometry": { "type": "Point", "coordinates": [ -122.397706940252206, 47.571900247334078 ] } },
{ "type": "Feature", "properties": { "lat": 47.571939817489273, "lon": -122.39640560895371, "time_of_day": "Morning", "causation": [ "0", "0", "0", "0", "0", "0", "0", "0", "0", "0", "0", "0", "0", "0", "0", "0", "0", "0", "2", "0", "0", "0", "0", "0" ], "duration": 488.0, "sum": 2 }, "geometry": { "type": "Point", "coordinates": [ -122.396405608953714, 47.571939817489273 ] } },
{ "type": "Feature", "properties": { "lat": 47.57196407670682, "lon": -122.400553988197, "time_of_day": "Morning", "causation": [ "0", "0", "0", "0", "0", "0", "0", "0", "0", "0", "0", "0", "0", "0", "0", "0", "0", "0", "1", "0", "0", "0", "0", "0" ], "duration": 244.0, "sum": 1 }, "geometry": { "type": "Point", "coordinates": [ -122.400553988197004, 47.57196407670682 ] } },
{ "type": "Feature", "properties": { "lat": 47.571982655385298, "lon": -122.40083851320472, "time_of_day": "Morning", "causation": [ "0", "0", "0", "0", "0", "0", "0", "0", "0", "0", "0", "0", "0", "0", "0", "0", "0", "0", "1", "0", "0", "0", "0", "0" ], "duration": 244.0, "sum": 1 }, "geometry": { "type": "Point", "coordinates": [ -122.400838513204718, 47.571982655385298 ] } },
{ "type": "Feature", "properties": { "lat": 47.571992672392483, "lon": -122.40032822963632, "time_of_day": "Morning", "causation": [ "0", "0", "0", "0", "0", "0", "0", "0", "0", "0", "0", "0", "0", "0", "0", "0", "0", "0", "1", "0", "0", "0", "0", "0" ], "duration": 244.0, "sum": 1 }, "geometry": { "type": "Point", "coordinates": [ -122.400328229636315, 47.571992672392483 ] } },
{ "type": "Feature", "properties": { "lat": 47.572010616304688, "lon": -122.40136613979658, "time_of_day": "Morning", "causation": [ "0", "0", "0", "0", "0", "0", "0", "0", "0", "0", "0", "0", "0", "0", "0", "0", "0", "0", "1", "0", "0", "0", "0", "0" ], "duration": 244.0, "sum": 1 }, "geometry": { "type": "Point", "coordinates": [ -122.401366139796579, 47.572010616304688 ] } },
{ "type": "Feature", "properties": { "lat": 47.572010903375528, "lon": -122.40111125486716, "time_of_day": "Morning", "causation": [ "0", "0", "0", "0", "0", "0", "0", "0", "0", "0", "0", "0", "0", "0", "0", "0", "0", "0", "2", "0", "0", "0", "0", "0" ], "duration": 488.0, "sum": 2 }, "geometry": { "type": "Point", "coordinates": [ -122.40111125486716, 47.572010903375528 ] } },
{ "type": "Feature", "properties": { "lat": 47.572021765345625, "lon": -122.40160493461336, "time_of_day": "Morning", "causation": [ "0", "0", "0", "0", "0", "0", "0", "0", "0", "0", "0", "0", "0", "0", "0", "0", "0", "0", "1", "0", "0", "0", "0", "0" ], "duration": 244.0, "sum": 1 }, "geometry": { "type": "Point", "coordinates": [ -122.40160493461336, 47.572021765345625 ] } },
{ "type": "Feature", "properties": { "lat": 47.572027252280812, "lon": -122.40184423161112, "time_of_day": "Morning", "causation": [ "0", "0", "0", "0", "0", "0", "0", "0", "0", "0", "0", "0", "0", "0", "0", "0", "0", "0", "1", "0", "0", "0", "0", "0" ], "duration": 244.0, "sum": 1 }, "geometry": { "type": "Point", "coordinates": [ -122.401844231611122, 47.572027252280812 ] } },
{ "type": "Feature", "properties": { "lat": 47.572028207681086, "lon": -122.4020363697001, "time_of_day": "Morning", "causation": [ "0", "0", "0", "0", "0", "0", "0", "0", "0", "0", "0", "0", "0", "0", "0", "0", "0", "0", "1", "0", "0", "0", "0", "0" ], "duration": 244.0, "sum": 1 }, "geometry": { "type": "Point", "coordinates": [ -122.402036369700099, 47.572028207681086 ] } },
{ "type": "Feature", "properties": { "lat": 47.572062892154229, "lon": -122.4024562611791, "time_of_day": "Morning", "causation": [ "0", "0", "0", "0", "0", "0", "0", "0", "0", "0", "0", "0", "0", "0", "0", "0", "0", "0", "1", "0", "0", "0", "0", "0" ], "duration": 244.0, "sum": 1 }, "geometry": { "type": "Point", "coordinates": [ -122.402456261179097, 47.572062892154229 ] } },
{ "type": "Feature", "properties": { "lat": 47.572068641328372, "lon": -122.40223913822828, "time_of_day": "Morning", "causation": [ "0", "0", "0", "0", "0", "0", "0", "0", "0", "0", "0", "0", "0", "0", "0", "0", "0", "0", "1", "0", "0", "0", "0", "0" ], "duration": 244.0, "sum": 1 }, "geometry": { "type": "Point", "coordinates": [ -122.402239138228282, 47.572068641328372 ] } },
{ "type": "Feature", "properties": { "lat": 47.572069147681262, "lon": -122.40356554461152, "time_of_day": "Morning", "causation": [ "0", "0", "0", "0", "0", "0", "0", "0", "0", "0", "0", "0", "0", "0", "0", "0", "0", "0", "2", "0", "0", "0", "0", "0" ], "duration": 488.0, "sum": 2 }, "geometry": { "type": "Point", "coordinates": [ -122.403565544611524, 47.572069147681262 ] } },
{ "type": "Feature", "properties": { "lat": 47.572922240275538, "lon": -122.29987406054804, "time_of_day": "Morning", "causation": [ "0", "0", "0", "0", "0", "0", "0", "0", "0", "0", "0", "0", "0", "0", "0", "0", "0", "1", "0", "0", "0", "0", "0", "0" ], "duration": 575.0, "sum": 1 }, "geometry": { "type": "Point", "coordinates": [ -122.299874060548035, 47.572922240275538 ] } },
{ "type": "Feature", "properties": { "lat": 47.575722997381455, "lon": -122.37420395265472, "time_of_day": "Morning", "causation": [ "0", "0", "0", "0", "0", "0", "0", "0", "1", "0", "0", "0", "0", "0", "0", "0", "0", "0", "0", "0", "0", "0", "0", "0" ], "duration": 985.0, "sum": 1 }, "geometry": { "type": "Point", "coordinates": [ -122.374203952654725, 47.575722997381455 ] } },
{ "type": "Feature", "properties": { "lat": 47.578721306246472, "lon": -122.30056363752854, "time_of_day": "Morning", "causation": [ "0", "0", "0", "0", "0", "0", "0", "0", "0", "0", "0", "0", "0", "0", "0", "0", "0", "0", "196", "0", "0", "0", "0", "0" ], "duration": 42532.0, "sum": 196 }, "geometry": { "type": "Point", "coordinates": [ -122.300563637528541, 47.578721306246472 ] } },
{ "type": "Feature", "properties": { "lat": 47.579540400284458, "lon": -122.30064341303944, "time_of_day": "Morning", "causation": [ "0", "0", "0", "0", "0", "0", "0", "0", "0", "0", "0", "0", "0", "0", "0", "0", "0", "0", "107", "0", "0", "0", "0", "0" ], "duration": 23219.0, "sum": 107 }, "geometry": { "type": "Point", "coordinates": [ -122.300643413039438, 47.579540400284458 ] } },
{ "type": "Feature", "properties": { "lat": 47.582750400978021, "lon": -122.3785189383303, "time_of_day": "Late Night", "causation": [ "0", "0", "0", "0", "0", "0", "0", "0", "1", "0", "0", "0", "0", "0", "0", "0", "0", "0", "0", "0", "0", "0", "0", "0" ], "duration": 1679.0, "sum": 1 }, "geometry": { "type": "Point", "coordinates": [ -122.378518938330302, 47.582750400978021 ] } },
{ "type": "Feature", "properties": { "lat": 47.582870374905163, "lon": -122.37848493845161, "time_of_day": "Late Night", "causation": [ "0", "0", "0", "0", "0", "0", "0", "0", "1", "0", "0", "0", "0", "0", "0", "0", "0", "0", "0", "0", "0", "0", "0", "0" ], "duration": 1679.0, "sum": 1 }, "geometry": { "type": "Point", "coordinates": [ -122.378484938451606, 47.582870374905163 ] } },
{ "type": "Feature", "properties": { "lat": 47.582970758396691, "lon": -122.37898375837383, "time_of_day": "Late Night", "causation": [ "0", "0", "0", "0", "0", "0", "0", "0", "1", "0", "0", "0", "0", "0", "0", "0", "0", "0", "0", "0", "0", "0", "0", "0" ], "duration": 1679.0, "sum": 1 }, "geometry": { "type": "Point", "coordinates": [ -122.378983758373835, 47.582970758396691 ] } },
{ "type": "Feature", "properties": { "lat": 47.58298472104115, "lon": -122.378345643294, "time_of_day": "Late Night", "causation": [ "0", "0", "0", "0", "0", "0", "0", "0", "1", "0", "0", "0", "0", "0", "0", "0", "0", "0", "0", "0", "0", "0", "0", "0" ], "duration": 1679.0, "sum": 1 }, "geometry": { "type": "Point", "coordinates": [ -122.378345643293997, 47.58298472104115 ] } },
{ "type": "Feature", "properties": { "lat": 47.58310237836789, "lon": -122.3782486713865, "time_of_day": "Late Night", "causation": [ "0", "0", "0", "0", "0", "0", "0", "0", "1", "0", "0", "0", "0", "0", "0", "0", "0", "0", "0", "0", "0", "0", "0", "0" ], "duration": 1679.0, "sum": 1 }, "geometry": { "type": "Point", "coordinates": [ -122.378248671386501, 47.58310237836789 ] } },
{ "type": "Feature", "properties": { "lat": 47.583114279498602, "lon": -122.37884296332146, "time_of_day": "Late Night", "causation": [ "0", "0", "0", "0", "0", "0", "0", "0", "1", "0", "0", "0", "0", "0", "0", "0", "0", "0", "0", "0", "0", "0", "0", "0" ], "duration": 1679.0, "sum": 1 }, "geometry": { "type": "Point", "coordinates": [ -122.378842963321461, 47.583114279498602 ] } },
{ "type": "Feature", "properties": { "lat": 47.58321020504907, "lon": -122.3786943837427, "time_of_day": "Late Night", "causation": [ "0", "0", "0", "0", "0", "0", "0", "0", "1", "0", "0", "0", "0", "0", "0", "0", "0", "0", "0", "0", "0", "0", "0", "0" ], "duration": 1679.0, "sum": 1 }, "geometry": { "type": "Point", "coordinates": [ -122.378694383742697, 47.58321020504907 ] } },
{ "type": "Feature", "properties": { "lat": 47.583416133388717, "lon": -122.37837464530408, "time_of_day": "Late Night", "causation": [ "0", "0", "0", "0", "0", "0", "0", "0", "1", "0", "0", "0", "0", "0", "0", "0", "0", "0", "0", "0", "0", "0", "0", "0" ], "duration": 1679.0, "sum": 1 }, "geometry": { "type": "Point", "coordinates": [ -122.378374645304078, 47.583416133388717 ] } },
{ "type": "Feature", "properties": { "lat": 47.583833523405005, "lon": -122.2954550477744, "time_of_day": "Morning", "causation": [ "0", "0", "0", "0", "0", "0", "0", "0", "0", "0", "0", "0", "0", "0", "0", "0", "0", "0", "1", "0", "0", "0", "0", "0" ], "duration": 199.0, "sum": 1 }, "geometry": { "type": "Point", "coordinates": [ -122.295455047774396, 47.583833523405005 ] } },
{ "type": "Feature", "properties": { "lat": 47.583908800779945, "lon": -122.2947746421664, "time_of_day": "Morning", "causation": [ "0", "0", "0", "0", "0", "0", "0", "0", "0", "0", "0", "0", "0", "0", "0", "0", "0", "0", "1", "0", "0", "0", "0", "0" ], "duration": 199.0, "sum": 1 }, "geometry": { "type": "Point", "coordinates": [ -122.294774642166402, 47.583908800779945 ] } },
{ "type": "Feature", "properties": { "lat": 47.583998751031217, "lon": -122.29477869916194, "time_of_day": "Morning", "causation": [ "0", "0", "0", "0", "0", "0", "0", "0", "0", "0", "0", "0", "0", "0", "0", "0", "0", "0", "1", "0", "0", "0", "0", "0" ], "duration": 199.0, "sum": 1 }, "geometry": { "type": "Point", "coordinates": [ -122.294778699161938, 47.583998751031217 ] } },
{ "type": "Feature", "properties": { "lat": 47.584075230843055, "lon": -122.29478466782776, "time_of_day": "Morning", "causation": [ "0", "0", "0", "0", "0", "0", "0", "0", "0", "0", "0", "0", "0", "0", "0", "0", "0", "0", "1", "0", "0", "0", "0", "0" ], "duration": 199.0, "sum": 1 }, "geometry": { "type": "Point", "coordinates": [ -122.294784667827756, 47.584075230843055 ] } },
{ "type": "Feature", "properties": { "lat": 47.584100502386278, "lon": -122.29541923419352, "time_of_day": "Morning", "causation": [ "0", "0", "0", "0", "0", "0", "0", "0", "0", "0", "0", "0", "0", "0", "0", "0", "0", "0", "1", "0", "0", "0", "0", "0" ], "duration": 199.0, "sum": 1 }, "geometry": { "type": "Point", "coordinates": [ -122.295419234193517, 47.584100502386278 ] } },
{ "type": "Feature", "properties": { "lat": 47.584214981960301, "lon": -122.2948343586433, "time_of_day": "Morning", "causation": [ "0", "0", "0", "0", "0", "0", "0", "0", "0", "0", "0", "0", "0", "0", "0", "0", "0", "0", "2", "0", "0", "0", "0", "0" ], "duration": 398.0, "sum": 2 }, "geometry": { "type": "Point", "coordinates": [ -122.2948343586433, 47.584214981960301 ] } },
{ "type": "Feature", "properties": { "lat": 47.584215310292734, "lon": -122.29544942549576, "time_of_day": "Morning", "causation": [ "0", "0", "0", "0", "0", "0", "0", "0", "0", "0", "0", "0", "0", "0", "0", "0", "0", "0", "1", "0", "0", "0", "0", "0" ], "duration": 199.0, "sum": 1 }, "geometry": { "type": "Point", "coordinates": [ -122.295449425495761, 47.584215310292734 ] } },
{ "type": "Feature", "properties": { "lat": 47.585960335478333, "lon": -122.31184169566841, "time_of_day": "Morning", "causation": [ "0", "0", "0", "0", "0", "0", "0", "0", "0", "0", "0", "0", "0", "0", "0", "0", "0", "1", "0", "0", "0", "0", "0", "0" ], "duration": 6.0, "sum": 1 }, "geometry": { "type": "Point", "coordinates": [ -122.311841695668406, 47.585960335478333 ] } },
{ "type": "Feature", "properties": { "lat": 47.586561044535777, "lon": -122.29398972323406, "time_of_day": "Morning", "causation": [ "0", "0", "0", "0", "0", "0", "0", "0", "0", "0", "0", "0", "0", "0", "0", "0", "0", "0", "1", "0", "0", "0", "0", "0" ], "duration": 154.0, "sum": 1 }, "geometry": { "type": "Point", "coordinates": [ -122.293989723234063, 47.586561044535777 ] } },
{ "type": "Feature", "properties": { "lat": 47.586670100746588, "lon": -122.29397588238348, "time_of_day": "Morning", "causation": [ "0", "0", "0", "0", "0", "0", "0", "0", "0", "0", "0", "0", "0", "0", "0", "0", "0", "0", "1", "0", "0", "0", "0", "0" ], "duration": 154.0, "sum": 1 }, "geometry": { "type": "Point", "coordinates": [ -122.293975882383478, 47.586670100746588 ] } },
{ "type": "Feature", "properties": { "lat": 47.586776635548617, "lon": -122.29397755431954, "time_of_day": "Morning", "causation": [ "0", "0", "0", "0", "0", "0", "0", "0", "0", "0", "0", "0", "0", "0", "0", "0", "0", "0", "1", "0", "0", "0", "0", "0" ], "duration": 154.0, "sum": 1 }, "geometry": { "type": "Point", "coordinates": [ -122.29397755431954, 47.586776635548617 ] } },
{ "type": "Feature", "properties": { "lat": 47.586991213284499, "lon": -122.2940457798752, "time_of_day": "Morning", "causation": [ "0", "0", "0", "0", "0", "0", "0", "0", "0", "0", "0", "0", "0", "0", "0", "0", "0", "0", "1", "0", "0", "0", "0", "0" ], "duration": 154.0, "sum": 1 }, "geometry": { "type": "Point", "coordinates": [ -122.294045779875205, 47.586991213284499 ] } },
{ "type": "Feature", "properties": { "lat": 47.58700501070188, "lon": -122.29352437593036, "time_of_day": "Morning", "causation": [ "0", "0", "0", "0", "0", "0", "0", "0", "0", "0", "0", "0", "0", "0", "0", "0", "0", "0", "1", "0", "0", "0", "0", "0" ], "duration": 154.0, "sum": 1 }, "geometry": { "type": "Point", "coordinates": [ -122.29352437593036, 47.58700501070188 ] } },
{ "type": "Feature", "properties": { "lat": 47.587097894440163, "lon": -122.29403994185706, "time_of_day": "Morning", "causation": [ "0", "0", "0", "0", "0", "0", "0", "0", "0", "0", "0", "0", "0", "0", "0", "0", "0", "0", "1", "0", "0", "0", "0", "0" ], "duration": 154.0, "sum": 1 }, "geometry": { "type": "Point", "coordinates": [ -122.294039941857065, 47.587097894440163 ] } },
{ "type": "Feature", "properties": { "lat": 47.587106340023198, "lon": -122.29348361626126, "time_of_day": "Morning", "causation": [ "0", "0", "0", "0", "0", "0", "0", "0", "0", "0", "0", "0", "0", "0", "0", "0", "0", "0", "1", "0", "0", "0", "0", "0" ], "duration": 154.0, "sum": 1 }, "geometry": { "type": "Point", "coordinates": [ -122.293483616261256, 47.587106340023198 ] } },
{ "type": "Feature", "properties": { "lat": 47.587201802591743, "lon": -122.29403069040217, "time_of_day": "Morning", "causation": [ "0", "0", "0", "0", "0", "0", "0", "0", "0", "0", "0", "0", "0", "0", "0", "0", "0", "0", "1", "0", "0", "0", "0", "0" ], "duration": 154.0, "sum": 1 }, "geometry": { "type": "Point", "coordinates": [ -122.294030690402167, 47.587201802591743 ] } },
{ "type": "Feature", "properties": { "lat": 47.587215684598483, "lon": -122.29345414183496, "time_of_day": "Morning", "causation": [ "0", "0", "0", "0", "0", "0", "0", "0", "0", "0", "0", "0", "0", "0", "0", "0", "0", "0", "1", "0", "0", "0", "0", "0" ], "duration": 154.0, "sum": 1 }, "geometry": { "type": "Point", "coordinates": [ -122.293454141834957, 47.587215684598483 ] } },
{ "type": "Feature", "properties": { "lat": 47.587317956760408, "lon": -122.29401462493972, "time_of_day": "Morning", "causation": [ "0", "0", "0", "0", "0", "0", "0", "0", "0", "0", "0", "0", "0", "0", "0", "0", "0", "0", "1", "0", "0", "0", "0", "0" ], "duration": 154.0, "sum": 1 }, "geometry": { "type": "Point", "coordinates": [ -122.29401462493972, 47.587317956760408 ] } },
{ "type": "Feature", "properties": { "lat": 47.593887903175407, "lon": -122.31125683135711, "time_of_day": "Morning", "causation": [ "0", "0", "1", "0", "0", "0", "0", "0", "0", "0", "0", "0", "0", "0", "0", "0", "0", "0", "0", "0", "0", "0", "0", "0" ], "duration": 576.0, "sum": 1 }, "geometry": { "type": "Point", "coordinates": [ -122.311256831357113, 47.593887903175407 ] } },
{ "type": "Feature", "properties": { "lat": 47.594741088557711, "lon": -122.29931711253008, "time_of_day": "Morning", "causation": [ "0", "0", "0", "0", "0", "0", "0", "0", "0", "0", "0", "0", "0", "0", "0", "0", "0", "0", "2", "0", "0", "0", "0", "0" ], "duration": 454.0, "sum": 2 }, "geometry": { "type": "Point", "coordinates": [ -122.299317112530076, 47.594741088557711 ] } },
{ "type": "Feature", "properties": { "lat": 47.594779900424022, "lon": -122.29880990733344, "time_of_day": "Morning", "causation": [ "0", "0", "0", "0", "0", "0", "0", "0", "0", "0", "0", "0", "0", "0", "0", "0", "0", "0", "1", "0", "0", "0", "0", "0" ], "duration": 227.0, "sum": 1 }, "geometry": { "type": "Point", "coordinates": [ -122.298809907333435, 47.594779900424022 ] } },
{ "type": "Feature", "properties": { "lat": 47.594873781286822, "lon": -122.29938951753952, "time_of_day": "Morning", "causation": [ "0", "0", "0", "0", "0", "0", "0", "0", "0", "0", "0", "0", "0", "0", "0", "0", "0", "0", "1", "0", "0", "0", "0", "0" ], "duration": 227.0, "sum": 1 }, "geometry": { "type": "Point", "coordinates": [ -122.299389517539524, 47.594873781286822 ] } },
{ "type": "Feature", "properties": { "lat": 47.595025991829566, "lon": -122.29874429294368, "time_of_day": "Morning", "causation": [ "0", "0", "0", "0", "0", "0", "0", "0", "0", "0", "0", "0", "0", "0", "0", "0", "0", "0", "1", "0", "0", "0", "0", "0" ], "duration": 227.0, "sum": 1 }, "geometry": { "type": "Point", "coordinates": [ -122.298744292943681, 47.595025991829566 ] } },
{ "type": "Feature", "properties": { "lat": 47.595034838668298, "lon": -122.29927299731288, "time_of_day": "Morning", "causation": [ "0", "0", "0", "0", "0", "0", "0", "0", "0", "0", "0", "0", "0", "0", "0", "0", "0", "0", "1", "0", "0", "0", "0", "0" ], "duration": 227.0, "sum": 1 }, "geometry": { "type": "Point", "coordinates": [ -122.299272997312883, 47.595034838668298 ] } },
{ "type": "Feature", "properties": { "lat": 47.59503498287588, "lon": -122.29949820303734, "time_of_day": "Morning", "causation": [ "0", "0", "0", "0", "0", "0", "0", "0", "0", "0", "0", "0", "0", "0", "0", "0", "0", "0", "1", "0", "0", "0", "0", "0" ], "duration": 227.0, "sum": 1 }, "geometry": { "type": "Point", "coordinates": [ -122.299498203037345, 47.59503498287588 ] } },
{ "type": "Feature", "properties": { "lat": 47.595096210632441, "lon": -122.29884181327816, "time_of_day": "Morning", "causation": [ "0", "0", "0", "0", "0", "0", "0", "0", "0", "0", "0", "0", "0", "0", "0", "0", "0", "0", "1", "0", "0", "0", "0", "0" ], "duration": 227.0, "sum": 1 }, "geometry": { "type": "Point", "coordinates": [ -122.298841813278159, 47.595096210632441 ] } },
{ "type": "Feature", "properties": { "lat": 47.595141633967877, "lon": -122.29935895000018, "time_of_day": "Morning", "causation": [ "0", "0", "0", "0", "0", "0", "0", "0", "0", "0", "0", "0", "0", "0", "0", "0", "0", "0", "1", "0", "0", "0", "0", "0" ], "duration": 227.0, "sum": 1 }, "geometry": { "type": "Point", "coordinates": [ -122.299358950000183, 47.595141633967877 ] } },
{ "type": "Feature", "properties": { "lat": 47.595268370939358, "lon": -122.29935032639072, "time_of_day": "Morning", "causation": [ "0", "0", "0", "0", "0", "0", "0", "0", "0", "0", "0", "0", "0", "0", "0", "0", "0", "0", "1", "0", "0", "0", "0", "0" ], "duration": 227.0, "sum": 1 }, "geometry": { "type": "Point", "coordinates": [ -122.299350326390723, 47.595268370939358 ] } },
{ "type": "Feature", "properties": { "lat": 47.595282449523559, "lon": -122.29871601577292, "time_of_day": "Morning", "causation": [ "0", "0", "0", "0", "0", "0", "0", "0", "0", "0", "0", "0", "0", "0", "0", "0", "0", "0", "2", "0", "0", "0", "0", "0" ], "duration": 454.0, "sum": 2 }, "geometry": { "type": "Point", "coordinates": [ -122.298716015772925, 47.595282449523559 ] } },
{ "type": "Feature", "properties": { "lat": 47.595375976086473, "lon": -122.29872835326114, "time_of_day": "Morning", "causation": [ "0", "0", "0", "0", "0", "0", "0", "0", "0", "0", "0", "0", "0", "0", "0", "0", "0", "0", "2", "0", "0", "0", "0", "0" ], "duration": 454.0, "sum": 2 }, "geometry": { "type": "Point", "coordinates": [ -122.29872835326114, 47.595375976086473 ] } },
{ "type": "Feature", "properties": { "lat": 47.597181030410319, "lon": -122.31024250557594, "time_of_day": "Late Night", "causation": [ "0", "0", "0", "0", "0", "0", "0", "0", "0", "0", "0", "0", "0", "0", "0", "0", "0", "1", "0", "0", "0", "0", "0", "0" ], "duration": 1.0, "sum": 1 }, "geometry": { "type": "Point", "coordinates": [ -122.310242505575943, 47.597181030410319 ] } },
{ "type": "Feature", "properties": { "lat": 47.597181898137599, "lon": -122.31017566722404, "time_of_day": "Late Night", "causation": [ "0", "0", "0", "0", "0", "0", "0", "0", "0", "0", "0", "0", "0", "0", "0", "0", "0", "1", "0", "0", "0", "0", "0", "0" ], "duration": 1.0, "sum": 1 }, "geometry": { "type": "Point", "coordinates": [ -122.310175667224044, 47.597181898137599 ] } },
{ "type": "Feature", "properties": { "lat": 47.597186531930632, "lon": -122.30921346484902, "time_of_day": "Late Night", "causation": [ "0", "0", "0", "0", "0", "0", "0", "0", "0", "0", "0", "0", "0", "0", "0", "0", "0", "1", "0", "0", "0", "0", "0", "0" ], "duration": 1.0, "sum": 1 }, "geometry": { "type": "Point", "coordinates": [ -122.309213464849023, 47.597186531930632 ] } },
{ "type": "Feature", "properties": { "lat": 47.597257302099358, "lon": -122.30989124905793, "time_of_day": "Late Night", "causation": [ "0", "0", "0", "0", "0", "0", "0", "0", "0", "0", "0", "0", "0", "0", "0", "0", "0", "1", "0", "0", "0", "0", "0", "0" ], "duration": 1.0, "sum": 1 }, "geometry": { "type": "Point", "coordinates": [ -122.309891249057927, 47.597257302099358 ] } },
{ "type": "Feature", "properties": { "lat": 47.597283250035062, "lon": -122.3096617343629, "time_of_day": "Late Night", "causation": [ "0", "0", "0", "0", "0", "0", "0", "0", "0", "0", "0", "0", "0", "0", "0", "0", "0", "6", "0", "0", "0", "0", "0", "0" ], "duration": 6.0, "sum": 6 }, "geometry": { "type": "Point", "coordinates": [ -122.309661734362905, 47.597283250035062 ] } },
{ "type": "Feature", "properties": { "lat": 47.597284874488267, "lon": -122.3102190580905, "time_of_day": "Late Night", "causation": [ "0", "0", "0", "0", "0", "0", "0", "0", "0", "0", "0", "0", "0", "0", "0", "0", "0", "1", "0", "0", "0", "0", "0", "0" ], "duration": 1.0, "sum": 1 }, "geometry": { "type": "Point", "coordinates": [ -122.310219058090496, 47.597284874488267 ] } },
{ "type": "Feature", "properties": { "lat": 47.597288809125978, "lon": -122.31004060866816, "time_of_day": "Late Night", "causation": [ "0", "0", "0", "0", "0", "0", "0", "0", "0", "0", "0", "0", "0", "0", "0", "0", "0", "1", "0", "0", "0", "0", "0", "0" ], "duration": 1.0, "sum": 1 }, "geometry": { "type": "Point", "coordinates": [ -122.31004060866816, 47.597288809125978 ] } },
{ "type": "Feature", "properties": { "lat": 47.597293750367221, "lon": -122.30956655749144, "time_of_day": "Late Night", "causation": [ "0", "0", "0", "0", "0", "0", "0", "0", "0", "0", "0", "0", "0", "0", "0", "0", "0", "1", "0", "0", "0", "0", "0", "0" ], "duration": 1.0, "sum": 1 }, "geometry": { "type": "Point", "coordinates": [ -122.309566557491436, 47.597293750367221 ] } },
{ "type": "Feature", "properties": { "lat": 47.597308853338859, "lon": -122.30921042712365, "time_of_day": "Late Night", "causation": [ "0", "0", "0", "0", "0", "0", "0", "0", "0", "0", "0", "0", "0", "0", "0", "0", "0", "1", "0", "0", "0", "0", "0", "0" ], "duration": 1.0, "sum": 1 }, "geometry": { "type": "Point", "coordinates": [ -122.309210427123645, 47.597308853338859 ] } },
{ "type": "Feature", "properties": { "lat": 47.597629661166536, "lon": -122.30935329984092, "time_of_day": "Late Night", "causation": [ "0", "0", "0", "0", "0", "0", "0", "0", "0", "0", "0", "0", "0", "0", "0", "0", "0", "2", "0", "0", "0", "0", "0", "0" ], "duration": 2.0, "sum": 2 }, "geometry": { "type": "Point", "coordinates": [ -122.309353299840922, 47.597629661166536 ] } },
{ "type": "Feature", "properties": { "lat": 47.597665885507901, "lon": -122.31139212240755, "time_of_day": "Morning", "causation": [ "0", "0", "0", "0", "0", "0", "0", "0", "0", "0", "0", "0", "0", "0", "0", "0", "0", "0", "21", "0", "0", "0", "0", "0" ], "duration": 6594.0, "sum": 21 }, "geometry": { "type": "Point", "coordinates": [ -122.311392122407554, 47.597665885507901 ] } },
{ "type": "Feature", "properties": { "lat": 47.597695727951958, "lon": -122.31037827940098, "time_of_day": "Morning", "causation": [ "0", "0", "0", "0", "0", "0", "0", "0", "0", "0", "0", "0", "0", "0", "0", "0", "0", "0", "31", "0", "0", "0", "0", "0" ], "duration": 9734.0, "sum": 31 }, "geometry": { "type": "Point", "coordinates": [ -122.310378279400979, 47.597695727951958 ] } },
{ "type": "Feature", "properties": { "lat": 47.597704697648567, "lon": -122.30989052339264, "time_of_day": "Late Night", "causation": [ "0", "0", "0", "0", "0", "0", "0", "0", "0", "0", "0", "0", "0", "0", "0", "0", "0", "1", "0", "0", "0", "0", "0", "0" ], "duration": 1.0, "sum": 1 }, "geometry": { "type": "Point", "coordinates": [ -122.309890523392639, 47.597704697648567 ] } },
{ "type": "Feature", "properties": { "lat": 47.600289228523138, "lon": -122.292297558814, "time_of_day": "Late Night", "causation": [ "0", "0", "0", "0", "0", "0", "0", "0", "1", "0", "0", "0", "0", "0", "0", "0", "0", "0", "0", "0", "0", "0", "0", "0" ], "duration": 1231.0, "sum": 1 }, "geometry": { "type": "Point", "coordinates": [ -122.292297558813999, 47.600289228523138 ] } },
{ "type": "Feature", "properties": { "lat": 47.600297557300806, "lon": -122.29095665626228, "time_of_day": "Late Night", "causation": [ "0", "0", "0", "0", "0", "0", "0", "0", "1", "0", "0", "0", "0", "0", "0", "0", "0", "0", "0", "0", "0", "0", "0", "0" ], "duration": 1231.0, "sum": 1 }, "geometry": { "type": "Point", "coordinates": [ -122.290956656262281, 47.600297557300806 ] } },
{ "type": "Feature", "properties": { "lat": 47.600316581004762, "lon": -122.2916864308264, "time_of_day": "Late Night", "causation": [ "0", "0", "0", "0", "0", "0", "0", "0", "1", "0", "0", "0", "0", "0", "0", "0", "0", "0", "0", "0", "0", "0", "0", "0" ], "duration": 1231.0, "sum": 1 }, "geometry": { "type": "Point", "coordinates": [ -122.291686430826402, 47.600316581004762 ] } },
{ "type": "Feature", "properties": { "lat": 47.600363436369655, "lon": -122.29229487157151, "time_of_day": "Late Night", "causation": [ "0", "0", "0", "0", "0", "0", "0", "0", "1", "0", "0", "0", "0", "0", "0", "0", "0", "0", "0", "0", "0", "0", "0", "0" ], "duration": 1231.0, "sum": 1 }, "geometry": { "type": "Point", "coordinates": [ -122.292294871571514, 47.600363436369655 ] } },
{ "type": "Feature", "properties": { "lat": 47.600417804496423, "lon": -122.29206219554304, "time_of_day": "Late Night", "causation": [ "0", "0", "0", "0", "0", "0", "0", "0", "1", "0", "0", "0", "0", "0", "0", "0", "0", "0", "0", "0", "0", "0", "0", "0" ], "duration": 1231.0, "sum": 1 }, "geometry": { "type": "Point", "coordinates": [ -122.292062195543039, 47.600417804496423 ] } },
{ "type": "Feature", "properties": { "lat": 47.600434756093712, "lon": -122.29107062194248, "time_of_day": "Late Night", "causation": [ "0", "0", "0", "0", "0", "0", "0", "0", "1", "0", "0", "0", "0", "0", "0", "0", "0", "0", "0", "0", "0", "0", "0", "0" ], "duration": 1231.0, "sum": 1 }, "geometry": { "type": "Point", "coordinates": [ -122.291070621942481, 47.600434756093712 ] } },
{ "type": "Feature", "properties": { "lat": 47.60044289515664, "lon": -122.29228875993644, "time_of_day": "Late Night", "causation": [ "0", "0", "0", "0", "0", "0", "0", "0", "1", "0", "0", "0", "0", "0", "0", "0", "0", "0", "0", "0", "0", "0", "0", "0" ], "duration": 1231.0, "sum": 1 }, "geometry": { "type": "Point", "coordinates": [ -122.29228875993644, 47.60044289515664 ] } },
{ "type": "Feature", "properties": { "lat": 47.600450448454843, "lon": -122.29288311152456, "time_of_day": "Late Night", "causation": [ "0", "0", "0", "0", "0", "0", "0", "0", "1", "0", "0", "0", "0", "0", "0", "0", "0", "0", "0", "0", "0", "0", "0", "0" ], "duration": 1231.0, "sum": 1 }, "geometry": { "type": "Point", "coordinates": [ -122.29288311152456, 47.600450448454843 ] } },
{ "type": "Feature", "properties": { "lat": 47.600512852527338, "lon": -122.29228843457901, "time_of_day": "Late Night", "causation": [ "0", "0", "0", "0", "0", "0", "0", "0", "1", "0", "0", "0", "0", "0", "0", "0", "0", "0", "0", "0", "0", "0", "0", "0" ], "duration": 1231.0, "sum": 1 }, "geometry": { "type": "Point", "coordinates": [ -122.292288434579007, 47.600512852527338 ] } },
{ "type": "Feature", "properties": { "lat": 47.600520520690772, "lon": -122.29068233862488, "time_of_day": "Late Night", "causation": [ "0", "0", "0", "0", "0", "0", "0", "0", "1", "0", "0", "0", "0", "0", "0", "0", "0", "0", "0", "0", "0", "0", "0", "0" ], "duration": 1231.0, "sum": 1 }, "geometry": { "type": "Point", "coordinates": [ -122.290682338624876, 47.600520520690772 ] } },
{ "type": "Feature", "properties": { "lat": 47.600593286245562, "lon": -122.29115624003664, "time_of_day": "Late Night", "causation": [ "0", "0", "0", "0", "0", "0", "0", "0", "1", "0", "0", "0", "0", "0", "0", "0", "0", "0", "0", "0", "0", "0", "0", "0" ], "duration": 1231.0, "sum": 1 }, "geometry": { "type": "Point", "coordinates": [ -122.291156240036642, 47.600593286245562 ] } },
{ "type": "Feature", "properties": { "lat": 47.600595080850859, "lon": -122.29228915455749, "time_of_day": "Late Night", "causation": [ "0", "0", "0", "0", "0", "0", "0", "0", "1", "0", "0", "0", "0", "0", "0", "0", "0", "0", "0", "0", "0", "0", "0", "0" ], "duration": 1231.0, "sum": 1 }, "geometry": { "type": "Point", "coordinates": [ -122.292289154557494, 47.600595080850859 ] } },
{ "type": "Feature", "properties": { "lat": 47.600629680522651, "lon": -122.2932757110576, "time_of_day": "Late Night", "causation": [ "0", "0", "0", "0", "0", "0", "0", "0", "1", "0", "0", "0", "0", "0", "0", "0", "0", "0", "0", "0", "0", "0", "0", "0" ], "duration": 1231.0, "sum": 1 }, "geometry": { "type": "Point", "coordinates": [ -122.293275711057603, 47.600629680522651 ] } },
{ "type": "Feature", "properties": { "lat": 47.600631981470535, "lon": -122.29355746159024, "time_of_day": "Late Night", "causation": [ "0", "0", "0", "0", "0", "0", "0", "0", "2", "0", "0", "0", "0", "0", "0", "0", "0", "0", "0", "0", "0", "0", "0", "0" ], "duration": 2462.0, "sum": 2 }, "geometry": { "type": "Point", "coordinates": [ -122.29355746159024, 47.600631981470535 ] } },
{ "type": "Feature", "properties": { "lat": 47.600641195374607, "lon": -122.29342088044014, "time_of_day": "Late Night", "causation": [ "0", "0", "0", "0", "0", "0", "0", "0", "1", "0", "0", "0", "0", "0", "0", "0", "0", "0", "0", "0", "0", "0", "0", "0" ], "duration": 1231.0, "sum": 1 }, "geometry": { "type": "Point", "coordinates": [ -122.293420880440138, 47.600641195374607 ] } },
{ "type": "Feature", "properties": { "lat": 47.600642613034047, "lon": -122.29311167084148, "time_of_day": "Late Night", "causation": [ "0", "0", "0", "0", "0", "0", "0", "0", "1", "0", "0", "0", "0", "0", "0", "0", "0", "0", "0", "0", "0", "0", "0", "0" ], "duration": 1231.0, "sum": 1 }, "geometry": { "type": "Point", "coordinates": [ -122.293111670841483, 47.600642613034047 ] } },
{ "type": "Feature", "properties": { "lat": 47.600643112079474, "lon": -122.292873851241, "time_of_day": "Late Night", "causation": [ "0", "0", "0", "0", "0", "0", "0", "0", "1", "0", "0", "0", "0", "0", "0", "0", "0", "0", "0", "0", "0", "0", "0", "0" ], "duration": 1231.0, "sum": 1 }, "geometry": { "type": "Point", "coordinates": [ -122.292873851240998, 47.600643112079474 ] } },
{ "type": "Feature", "properties": { "lat": 47.600664411366203, "lon": -122.29228789136242, "time_of_day": "Late Night", "causation": [ "0", "0", "0", "0", "0", "0", "0", "0", "1", "0", "0", "0", "0", "0", "0", "0", "0", "0", "0", "0", "0", "0", "0", "0" ], "duration": 1231.0, "sum": 1 }, "geometry": { "type": "Point", "coordinates": [ -122.29228789136242, 47.600664411366203 ] } },
{ "type": "Feature", "properties": { "lat": 47.600694543716003, "lon": -122.2917266973835, "time_of_day": "Late Night", "causation": [ "0", "0", "0", "0", "0", "0", "0", "0", "1", "0", "0", "0", "0", "0", "0", "0", "0", "0", "0", "0", "0", "0", "0", "0" ], "duration": 1231.0, "sum": 1 }, "geometry": { "type": "Point", "coordinates": [ -122.291726697383496, 47.600694543716003 ] } },
{ "type": "Feature", "properties": { "lat": 47.600696504782562, "lon": -122.29204941265698, "time_of_day": "Late Night", "causation": [ "0", "0", "0", "0", "0", "0", "0", "0", "1", "0", "0", "0", "0", "0", "0", "0", "0", "0", "0", "0", "0", "0", "0", "0" ], "duration": 1231.0, "sum": 1 }, "geometry": { "type": "Point", "coordinates": [ -122.292049412656979, 47.600696504782562 ] } },
{ "type": "Feature", "properties": { "lat": 47.600716508887587, "lon": -122.2915649407974, "time_of_day": "Late Night", "causation": [ "0", "0", "0", "0", "0", "0", "0", "0", "1", "0", "0", "0", "0", "0", "0", "0", "0", "0", "0", "0", "0", "0", "0", "0" ], "duration": 1231.0, "sum": 1 }, "geometry": { "type": "Point", "coordinates": [ -122.2915649407974, 47.600716508887587 ] } },
{ "type": "Feature", "properties": { "lat": 47.600721063659456, "lon": -122.29084797094259, "time_of_day": "Late Night", "causation": [ "0", "0", "0", "0", "0", "0", "0", "0", "2", "0", "0", "0", "0", "0", "0", "0", "0", "0", "0", "0", "0", "0", "0", "0" ], "duration": 2462.0, "sum": 2 }, "geometry": { "type": "Point", "coordinates": [ -122.290847970942593, 47.600721063659456 ] } },
{ "type": "Feature", "properties": { "lat": 47.60073637478262, "lon": -122.29228211280513, "time_of_day": "Late Night", "causation": [ "0", "0", "0", "0", "0", "0", "0", "0", "1", "0", "0", "0", "0", "0", "0", "0", "0", "0", "0", "0", "0", "0", "0", "0" ], "duration": 1231.0, "sum": 1 }, "geometry": { "type": "Point", "coordinates": [ -122.292282112805125, 47.60073637478262 ] } },
{ "type": "Feature", "properties": { "lat": 47.600740871928799, "lon": -122.29115509574562, "time_of_day": "Late Night", "causation": [ "0", "0", "0", "0", "0", "0", "0", "0", "1", "0", "0", "0", "0", "0", "0", "0", "0", "0", "0", "0", "0", "0", "0", "0" ], "duration": 1231.0, "sum": 1 }, "geometry": { "type": "Point", "coordinates": [ -122.291155095745623, 47.600740871928799 ] } },
{ "type": "Feature", "properties": { "lat": 47.601020042017815, "lon": -122.29163597938349, "time_of_day": "Late Night", "causation": [ "0", "0", "0", "0", "0", "0", "0", "0", "6", "0", "0", "0", "0", "0", "0", "0", "0", "0", "0", "0", "0", "0", "0", "0" ], "duration": 7386.0, "sum": 6 }, "geometry": { "type": "Point", "coordinates": [ -122.291635979383486, 47.601020042017815 ] } },
{ "type": "Feature", "properties": { "lat": 47.60103707032286, "lon": -122.29351843544376, "time_of_day": "Late Night", "causation": [ "0", "0", "0", "0", "0", "0", "0", "0", "1", "0", "0", "0", "0", "0", "0", "0", "0", "0", "0", "0", "0", "0", "0", "0" ], "duration": 1231.0, "sum": 1 }, "geometry": { "type": "Point", "coordinates": [ -122.293518435443758, 47.60103707032286 ] } },
{ "type": "Feature", "properties": { "lat": 47.60105301932424, "lon": -122.29309697688794, "time_of_day": "Late Night", "causation": [ "0", "0", "0", "0", "0", "0", "0", "0", "1", "0", "0", "0", "0", "0", "0", "0", "0", "0", "0", "0", "0", "0", "0", "0" ], "duration": 1231.0, "sum": 1 }, "geometry": { "type": "Point", "coordinates": [ -122.293096976887938, 47.60105301932424 ] } },
{ "type": "Feature", "properties": { "lat": 47.601057122000391, "lon": -122.29080921616354, "time_of_day": "Late Night", "causation": [ "0", "0", "0", "0", "0", "0", "0", "0", "1", "0", "0", "0", "0", "0", "0", "0", "0", "0", "0", "0", "0", "0", "0", "0" ], "duration": 1231.0, "sum": 1 }, "geometry": { "type": "Point", "coordinates": [ -122.290809216163538, 47.601057122000391 ] } },
{ "type": "Feature", "properties": { "lat": 47.601061135127566, "lon": -122.29095115977996, "time_of_day": "Late Night", "causation": [ "0", "0", "0", "0", "0", "0", "0", "0", "1", "0", "0", "0", "0", "0", "0", "0", "0", "0", "0", "0", "0", "0", "0", "0" ], "duration": 1231.0, "sum": 1 }, "geometry": { "type": "Point", "coordinates": [ -122.290951159779965, 47.601061135127566 ] } },
{ "type": "Feature", "properties": { "lat": 47.601073396201834, "lon": -122.29276430864827, "time_of_day": "Late Night", "causation": [ "0", "0", "0", "0", "0", "0", "0", "0", "3", "0", "0", "0", "0", "0", "0", "0", "0", "0", "0", "0", "0", "0", "0", "0" ], "duration": 3693.0, "sum": 3 }, "geometry": { "type": "Point", "coordinates": [ -122.292764308648273, 47.601073396201834 ] } },
{ "type": "Feature", "properties": { "lat": 47.601075515308203, "lon": -122.29013574395231, "time_of_day": "Late Night", "causation": [ "0", "0", "0", "0", "0", "0", "0", "0", "1", "0", "0", "0", "0", "0", "0", "0", "0", "0", "0", "0", "0", "0", "0", "0" ], "duration": 1231.0, "sum": 1 }, "geometry": { "type": "Point", "coordinates": [ -122.290135743952305, 47.601075515308203 ] } },
{ "type": "Feature", "properties": { "lat": 47.601078078031342, "lon": -122.29326388818372, "time_of_day": "Late Night", "causation": [ "0", "0", "0", "0", "0", "0", "0", "0", "2", "0", "0", "0", "0", "0", "0", "0", "0", "0", "0", "0", "0", "0", "0", "0" ], "duration": 2462.0, "sum": 2 }, "geometry": { "type": "Point", "coordinates": [ -122.293263888183716, 47.601078078031342 ] } },
{ "type": "Feature", "properties": { "lat": 47.601090704665097, "lon": -122.29059801576436, "time_of_day": "Late Night", "causation": [ "0", "0", "0", "0", "0", "0", "0", "0", "1", "0", "0", "0", "0", "0", "0", "0", "0", "0", "0", "0", "0", "0", "0", "0" ], "duration": 1231.0, "sum": 1 }, "geometry": { "type": "Point", "coordinates": [ -122.29059801576436, 47.601090704665097 ] } },
{ "type": "Feature", "properties": { "lat": 47.6010977199428, "lon": -122.29293428031109, "time_of_day": "Late Night", "causation": [ "0", "0", "0", "0", "0", "0", "0", "0", "1", "0", "0", "0", "0", "0", "0", "0", "0", "0", "0", "0", "0", "0", "0", "0" ], "duration": 1231.0, "sum": 1 }, "geometry": { "type": "Point", "coordinates": [ -122.292934280311087, 47.6010977199428 ] } },
{ "type": "Feature", "properties": { "lat": 47.601098863097441, "lon": -122.2923552097418, "time_of_day": "Late Night", "causation": [ "0", "0", "0", "0", "0", "0", "0", "0", "6", "0", "0", "0", "0", "0", "0", "0", "0", "0", "0", "0", "0", "0", "0", "0" ], "duration": 7386.0, "sum": 6 }, "geometry": { "type": "Point", "coordinates": [ -122.2923552097418, 47.601098863097441 ] } },
{ "type": "Feature", "properties": { "lat": 47.60115396609762, "lon": -122.29347956908208, "time_of_day": "Late Night", "causation": [ "0", "0", "0", "0", "0", "0", "0", "0", "1", "0", "0", "0", "0", "0", "0", "0", "0", "0", "0", "0", "0", "0", "0", "0" ], "duration": 1231.0, "sum": 1 }, "geometry": { "type": "Point", "coordinates": [ -122.293479569082081, 47.60115396609762 ] } },
{ "type": "Feature", "properties": { "lat": 47.601156282884645, "lon": -122.291628494211, "time_of_day": "Late Night", "causation": [ "0", "0", "0", "0", "0", "0", "0", "0", "2", "0", "0", "0", "0", "0", "0", "0", "0", "0", "0", "0", "0", "0", "0", "0" ], "duration": 2462.0, "sum": 2 }, "geometry": { "type": "Point", "coordinates": [ -122.291628494210997, 47.601156282884645 ] } },
{ "type": "Feature", "properties": { "lat": 47.601162865267469, "lon": -122.29187905378303, "time_of_day": "Late Night", "causation": [ "0", "0", "0", "0", "0", "0", "0", "0", "1", "0", "0", "0", "0", "0", "0", "0", "0", "0", "0", "0", "0", "0", "0", "0" ], "duration": 1231.0, "sum": 1 }, "geometry": { "type": "Point", "coordinates": [ -122.291879053783035, 47.601162865267469 ] } },
{ "type": "Feature", "properties": { "lat": 47.601163880075191, "lon": -122.29203213948324, "time_of_day": "Late Night", "causation": [ "0", "0", "0", "0", "0", "0", "0", "0", "1", "0", "0", "0", "0", "0", "0", "0", "0", "0", "0", "0", "0", "0", "0", "0" ], "duration": 1231.0, "sum": 1 }, "geometry": { "type": "Point", "coordinates": [ -122.29203213948324, 47.601163880075191 ] } },
{ "type": "Feature", "properties": { "lat": 47.601251267151717, "lon": -122.29107866657976, "time_of_day": "Late Night", "causation": [ "0", "0", "0", "0", "0", "0", "0", "0", "1", "0", "0", "0", "0", "0", "0", "0", "0", "0", "0", "0", "0", "0", "0", "0" ], "duration": 1231.0, "sum": 1 }, "geometry": { "type": "Point", "coordinates": [ -122.291078666579764, 47.601251267151717 ] } },
{ "type": "Feature", "properties": { "lat": 47.601331869545191, "lon": -122.29232708365193, "time_of_day": "Late Night", "causation": [ "0", "0", "0", "0", "0", "0", "0", "0", "1", "0", "0", "0", "0", "0", "0", "0", "0", "0", "0", "0", "0", "0", "0", "0" ], "duration": 1231.0, "sum": 1 }, "geometry": { "type": "Point", "coordinates": [ -122.292327083651927, 47.601331869545191 ] } },
{ "type": "Feature", "properties": { "lat": 47.601382851440107, "lon": -122.29110743893985, "time_of_day": "Late Night", "causation": [ "0", "0", "0", "0", "0", "0", "0", "0", "1", "0", "0", "0", "0", "0", "0", "0", "0", "0", "0", "0", "0", "0", "0", "0" ], "duration": 1231.0, "sum": 1 }, "geometry": { "type": "Point", "coordinates": [ -122.291107438939846, 47.601382851440107 ] } },
{ "type": "Feature", "properties": { "lat": 47.601387969580792, "lon": -122.29278720991596, "time_of_day": "Late Night", "causation": [ "0", "0", "0", "0", "0", "0", "0", "0", "1", "0", "0", "0", "0", "0", "0", "0", "0", "0", "0", "0", "0", "0", "0", "0" ], "duration": 1231.0, "sum": 1 }, "geometry": { "type": "Point", "coordinates": [ -122.292787209915957, 47.601387969580792 ] } },
{ "type": "Feature", "properties": { "lat": 47.601401336721622, "lon": -122.29233167031305, "time_of_day": "Late Night", "causation": [ "0", "0", "0", "0", "0", "0", "0", "0", "1", "0", "0", "0", "0", "0", "0", "0", "0", "0", "0", "0", "0", "0", "0", "0" ], "duration": 1231.0, "sum": 1 }, "geometry": { "type": "Point", "coordinates": [ -122.292331670313047, 47.601401336721622 ] } },
{ "type": "Feature", "properties": { "lat": 47.601418391783128, "lon": -122.29023504244869, "time_of_day": "Late Night", "causation": [ "0", "0", "0", "0", "0", "0", "0", "0", "1", "0", "0", "0", "0", "0", "0", "0", "0", "0", "0", "0", "0", "0", "0", "0" ], "duration": 1231.0, "sum": 1 }, "geometry": { "type": "Point", "coordinates": [ -122.290235042448685, 47.601418391783128 ] } },
{ "type": "Feature", "properties": { "lat": 47.601474595307693, "lon": -122.29231694417562, "time_of_day": "Late Night", "causation": [ "0", "0", "0", "0", "0", "0", "0", "0", "1", "0", "0", "0", "0", "0", "0", "0", "0", "0", "0", "0", "0", "0", "0", "0" ], "duration": 1231.0, "sum": 1 }, "geometry": { "type": "Point", "coordinates": [ -122.292316944175624, 47.601474595307693 ] } },
{ "type": "Feature", "properties": { "lat": 47.601481356801983, "lon": -122.29150841127978, "time_of_day": "Late Night", "causation": [ "0", "0", "0", "0", "0", "0", "0", "0", "1", "0", "0", "0", "0", "0", "0", "0", "0", "0", "0", "0", "0", "0", "0", "0" ], "duration": 1231.0, "sum": 1 }, "geometry": { "type": "Point", "coordinates": [ -122.291508411279779, 47.601481356801983 ] } },
{ "type": "Feature", "properties": { "lat": 47.601495651580478, "lon": -122.29278881881882, "time_of_day": "Late Night", "causation": [ "0", "0", "0", "0", "0", "0", "0", "0", "1", "0", "0", "0", "0", "0", "0", "0", "0", "0", "0", "0", "0", "0", "0", "0" ], "duration": 1231.0, "sum": 1 }, "geometry": { "type": "Point", "coordinates": [ -122.292788818818821, 47.601495651580478 ] } },
{ "type": "Feature", "properties": { "lat": 47.601766929142691, "lon": -122.28714055035798, "time_of_day": "Late Night", "causation": [ "0", "0", "0", "0", "0", "0", "0", "0", "1", "0", "0", "0", "0", "0", "0", "0", "0", "0", "0", "0", "0", "0", "0", "0" ], "duration": 1231.0, "sum": 1 }, "geometry": { "type": "Point", "coordinates": [ -122.287140550357975, 47.601766929142691 ] } },
{ "type": "Feature", "properties": { "lat": 47.601848346430032, "lon": -122.28589851944687, "time_of_day": "Late Night", "causation": [ "0", "0", "0", "0", "0", "0", "0", "0", "2", "0", "0", "0", "0", "0", "0", "0", "0", "0", "0", "0", "0", "0", "0", "0" ], "duration": 2462.0, "sum": 2 }, "geometry": { "type": "Point", "coordinates": [ -122.285898519446874, 47.601848346430032 ] } },
{ "type": "Feature", "properties": { "lat": 47.601851561383306, "lon": -122.28675658160678, "time_of_day": "Late Night", "causation": [ "0", "0", "0", "0", "0", "0", "0", "0", "1", "0", "0", "0", "0", "0", "0", "0", "0", "0", "0", "0", "0", "0", "0", "0" ], "duration": 1231.0, "sum": 1 }, "geometry": { "type": "Point", "coordinates": [ -122.286756581606781, 47.601851561383306 ] } },
{ "type": "Feature", "properties": { "lat": 47.601853280717627, "lon": -122.28793786943424, "time_of_day": "Late Night", "causation": [ "0", "0", "0", "0", "0", "0", "0", "0", "1", "0", "0", "0", "0", "0", "0", "0", "0", "0", "0", "0", "0", "0", "0", "0" ], "duration": 1231.0, "sum": 1 }, "geometry": { "type": "Point", "coordinates": [ -122.287937869434245, 47.601853280717627 ] } },
{ "type": "Feature", "properties": { "lat": 47.60186752010766, "lon": -122.28626924812468, "time_of_day": "Late Night", "causation": [ "0", "0", "0", "0", "0", "0", "0", "0", "1", "0", "0", "0", "0", "0", "0", "0", "0", "0", "0", "0", "0", "0", "0", "0" ], "duration": 1231.0, "sum": 1 }, "geometry": { "type": "Point", "coordinates": [ -122.286269248124682, 47.60186752010766 ] } },
{ "type": "Feature", "properties": { "lat": 47.601878246214604, "lon": -122.28846982306484, "time_of_day": "Late Night", "causation": [ "0", "0", "0", "0", "0", "0", "0", "0", "1", "0", "0", "0", "0", "0", "0", "0", "0", "0", "0", "0", "0", "0", "0", "0" ], "duration": 1231.0, "sum": 1 }, "geometry": { "type": "Point", "coordinates": [ -122.288469823064844, 47.601878246214604 ] } },
{ "type": "Feature", "properties": { "lat": 47.601882732061163, "lon": -122.2882466800055, "time_of_day": "Late Night", "causation": [ "0", "0", "0", "0", "0", "0", "0", "0", "1", "0", "0", "0", "0", "0", "0", "0", "0", "0", "0", "0", "0", "0", "0", "0" ], "duration": 1231.0, "sum": 1 }, "geometry": { "type": "Point", "coordinates": [ -122.2882466800055, 47.601882732061163 ] } },
{ "type": "Feature", "properties": { "lat": 47.601901296427002, "lon": -122.28868414407955, "time_of_day": "Late Night", "causation": [ "0", "0", "0", "0", "0", "0", "0", "0", "1", "0", "0", "0", "0", "0", "0", "0", "0", "0", "0", "0", "0", "0", "0", "0" ], "duration": 1231.0, "sum": 1 }, "geometry": { "type": "Point", "coordinates": [ -122.288684144079554, 47.601901296427002 ] } },
{ "type": "Feature", "properties": { "lat": 47.601914252759535, "lon": -122.2896403956337, "time_of_day": "Late Night", "causation": [ "0", "0", "0", "0", "0", "0", "0", "0", "1", "0", "0", "0", "0", "0", "0", "0", "0", "0", "0", "0", "0", "0", "0", "0" ], "duration": 1231.0, "sum": 1 }, "geometry": { "type": "Point", "coordinates": [ -122.289640395633697, 47.601914252759535 ] } },
{ "type": "Feature", "properties": { "lat": 47.601917025953917, "lon": -122.2864895446252, "time_of_day": "Late Night", "causation": [ "0", "0", "0", "0", "0", "0", "0", "0", "1", "0", "0", "0", "0", "0", "0", "0", "0", "0", "0", "0", "0", "0", "0", "0" ], "duration": 1231.0, "sum": 1 }, "geometry": { "type": "Point", "coordinates": [ -122.286489544625198, 47.601917025953917 ] } },
{ "type": "Feature", "properties": { "lat": 47.601919976358289, "lon": -122.28887199531844, "time_of_day": "Late Night", "causation": [ "0", "0", "0", "0", "0", "0", "0", "0", "1", "0", "0", "0", "0", "0", "0", "0", "0", "0", "0", "0", "0", "0", "0", "0" ], "duration": 1231.0, "sum": 1 }, "geometry": { "type": "Point", "coordinates": [ -122.288871995318445, 47.601919976358289 ] } },
{ "type": "Feature", "properties": { "lat": 47.601922173635579, "lon": -122.28909327812762, "time_of_day": "Late Night", "causation": [ "0", "0", "0", "0", "0", "0", "0", "0", "1", "0", "0", "0", "0", "0", "0", "0", "0", "0", "0", "0", "0", "0", "0", "0" ], "duration": 1231.0, "sum": 1 }, "geometry": { "type": "Point", "coordinates": [ -122.289093278127623, 47.601922173635579 ] } },
{ "type": "Feature", "properties": { "lat": 47.601968417042762, "lon": -122.28748715108856, "time_of_day": "Late Night", "causation": [ "0", "0", "0", "0", "0", "0", "0", "0", "1", "0", "0", "0", "0", "0", "0", "0", "0", "0", "0", "0", "0", "0", "0", "0" ], "duration": 1231.0, "sum": 1 }, "geometry": { "type": "Point", "coordinates": [ -122.287487151088555, 47.601968417042762 ] } },
{ "type": "Feature", "properties": { "lat": 47.601994844960508, "lon": -122.28769261891928, "time_of_day": "Late Night", "causation": [ "0", "0", "0", "0", "0", "0", "0", "0", "1", "0", "0", "0", "0", "0", "0", "0", "0", "0", "0", "0", "0", "0", "0", "0" ], "duration": 1231.0, "sum": 1 }, "geometry": { "type": "Point", "coordinates": [ -122.28769261891928, 47.601994844960508 ] } },
{ "type": "Feature", "properties": { "lat": 47.602025668088316, "lon": -122.29014065133948, "time_of_day": "Late Night", "causation": [ "0", "0", "0", "0", "0", "0", "0", "0", "2", "0", "0", "0", "0", "0", "0", "0", "0", "0", "0", "0", "0", "0", "0", "0" ], "duration": 2462.0, "sum": 2 }, "geometry": { "type": "Point", "coordinates": [ -122.290140651339485, 47.602025668088316 ] } },
{ "type": "Feature", "properties": { "lat": 47.602028193797423, "lon": -122.28593428566096, "time_of_day": "Late Night", "causation": [ "0", "0", "0", "0", "0", "0", "0", "0", "2", "0", "0", "0", "0", "0", "0", "0", "0", "0", "0", "0", "0", "0", "0", "0" ], "duration": 2462.0, "sum": 2 }, "geometry": { "type": "Point", "coordinates": [ -122.285934285660957, 47.602028193797423 ] } },
{ "type": "Feature", "properties": { "lat": 47.602055462838905, "lon": -122.28633156917653, "time_of_day": "Late Night", "causation": [ "0", "0", "0", "0", "0", "0", "0", "0", "1", "0", "0", "0", "0", "0", "0", "0", "0", "0", "0", "0", "0", "0", "0", "0" ], "duration": 1231.0, "sum": 1 }, "geometry": { "type": "Point", "coordinates": [ -122.286331569176525, 47.602055462838905 ] } },
{ "type": "Feature", "properties": { "lat": 47.60207840736625, "lon": -122.28482107656772, "time_of_day": "Late Night", "causation": [ "0", "0", "0", "0", "0", "0", "0", "0", "12", "0", "0", "0", "0", "0", "0", "0", "0", "0", "0", "0", "12", "0", "0", "0" ], "duration": 19092.0, "sum": 24 }, "geometry": { "type": "Point", "coordinates": [ -122.284821076567724, 47.60207840736625 ] } },
{ "type": "Feature", "properties": { "lat": 47.602147433643459, "lon": -122.28965667091776, "time_of_day": "Late Night", "causation": [ "0", "0", "0", "0", "0", "0", "0", "0", "1", "0", "0", "0", "0", "0", "0", "0", "0", "0", "0", "0", "0", "0", "0", "0" ], "duration": 1231.0, "sum": 1 }, "geometry": { "type": "Point", "coordinates": [ -122.289656670917765, 47.602147433643459 ] } },
{ "type": "Feature", "properties": { "lat": 47.602167367822659, "lon": -122.28593583505516, "time_of_day": "Late Night", "causation": [ "0", "0", "0", "0", "0", "0", "0", "0", "1", "0", "0", "0", "0", "0", "0", "0", "0", "0", "0", "0", "0", "0", "0", "0" ], "duration": 1231.0, "sum": 1 }, "geometry": { "type": "Point", "coordinates": [ -122.285935835055156, 47.602167367822659 ] } },
{ "type": "Feature", "properties": { "lat": 47.602201294875677, "lon": -122.28930635936352, "time_of_day": "Late Night", "causation": [ "0", "0", "0", "0", "0", "0", "0", "0", "1", "0", "0", "0", "0", "0", "0", "0", "0", "0", "0", "0", "0", "0", "0", "0" ], "duration": 1231.0, "sum": 1 }, "geometry": { "type": "Point", "coordinates": [ -122.289306359363522, 47.602201294875677 ] } },
{ "type": "Feature", "properties": { "lat": 47.602237289843487, "lon": -122.28804185605976, "time_of_day": "Late Night", "causation": [ "0", "0", "0", "0", "0", "0", "0", "0", "1", "0", "0", "0", "0", "0", "0", "0", "0", "0", "0", "0", "0", "0", "0", "0" ], "duration": 1231.0, "sum": 1 }, "geometry": { "type": "Point", "coordinates": [ -122.288041856059763, 47.602237289843487 ] } },
{ "type": "Feature", "properties": { "lat": 47.60225842578992, "lon": -122.28854137070051, "time_of_day": "Late Night", "causation": [ "0", "0", "0", "0", "0", "0", "0", "0", "1", "0", "0", "0", "0", "0", "0", "0", "0", "0", "0", "0", "0", "0", "0", "0" ], "duration": 1231.0, "sum": 1 }, "geometry": { "type": "Point", "coordinates": [ -122.288541370700514, 47.60225842578992 ] } },
{ "type": "Feature", "properties": { "lat": 47.602307753718257, "lon": -122.28685928761053, "time_of_day": "Late Night", "causation": [ "0", "0", "0", "0", "0", "0", "0", "0", "1", "0", "0", "0", "0", "0", "0", "0", "0", "0", "0", "0", "0", "0", "0", "0" ], "duration": 1231.0, "sum": 1 }, "geometry": { "type": "Point", "coordinates": [ -122.286859287610525, 47.602307753718257 ] } },
{ "type": "Feature", "properties": { "lat": 47.602324086219269, "lon": -122.28759107648908, "time_of_day": "Late Night", "causation": [ "0", "0", "0", "0", "0", "0", "0", "0", "1", "0", "0", "0", "0", "0", "0", "0", "0", "0", "0", "0", "0", "0", "0", "0" ], "duration": 1231.0, "sum": 1 }, "geometry": { "type": "Point", "coordinates": [ -122.287591076489079, 47.602324086219269 ] } },
{ "type": "Feature", "properties": { "lat": 47.602330254110491, "lon": -122.28783615217688, "time_of_day": "Late Night", "causation": [ "0", "0", "0", "0", "0", "0", "0", "0", "1", "0", "0", "0", "0", "0", "0", "0", "0", "0", "0", "0", "0", "0", "0", "0" ], "duration": 1231.0, "sum": 1 }, "geometry": { "type": "Point", "coordinates": [ -122.28783615217688, 47.602330254110491 ] } },
{ "type": "Feature", "properties": { "lat": 47.60238861570307, "lon": -122.28545256432808, "time_of_day": "Late Night", "causation": [ "0", "0", "0", "0", "0", "0", "0", "0", "25", "0", "0", "0", "0", "0", "0", "0", "0", "0", "0", "0", "25", "0", "0", "0" ], "duration": 39775.0, "sum": 50 }, "geometry": { "type": "Point", "coordinates": [ -122.285452564328082, 47.60238861570307 ] } },
{ "type": "Feature", "properties": { "lat": 47.602398130021371, "lon": -122.28738322523972, "time_of_day": "Late Night", "causation": [ "0", "0", "0", "0", "0", "0", "0", "0", "1", "0", "0", "0", "0", "0", "0", "0", "0", "0", "0", "0", "0", "0", "0", "0" ], "duration": 1231.0, "sum": 1 }, "geometry": { "type": "Point", "coordinates": [ -122.287383225239722, 47.602398130021371 ] } },
{ "type": "Feature", "properties": { "lat": 47.602419922165922, "lon": -122.28921869492618, "time_of_day": "Late Night", "causation": [ "0", "0", "0", "0", "0", "0", "0", "0", "1", "0", "0", "0", "0", "0", "0", "0", "0", "0", "0", "0", "0", "0", "0", "0" ], "duration": 1231.0, "sum": 1 }, "geometry": { "type": "Point", "coordinates": [ -122.289218694926177, 47.602419922165922 ] } },
{ "type": "Feature", "properties": { "lat": 47.602457153415678, "lon": -122.28643724209201, "time_of_day": "Late Night", "causation": [ "0", "0", "0", "0", "0", "0", "0", "0", "1", "0", "0", "0", "0", "0", "0", "0", "0", "0", "0", "0", "0", "0", "0", "0" ], "duration": 1231.0, "sum": 1 }, "geometry": { "type": "Point", "coordinates": [ -122.286437242092006, 47.602457153415678 ] } },
{ "type": "Feature", "properties": { "lat": 47.602459384712468, "lon": -122.28685696296722, "time_of_day": "Late Night", "causation": [ "0", "0", "0", "0", "0", "0", "0", "0", "1", "0", "0", "0", "0", "0", "0", "0", "0", "0", "0", "0", "0", "0", "0", "0" ], "duration": 1231.0, "sum": 1 }, "geometry": { "type": "Point", "coordinates": [ -122.286856962967221, 47.602459384712468 ] } },
{ "type": "Feature", "properties": { "lat": 47.602493478643709, "lon": -122.28417554210375, "time_of_day": "Late Night", "causation": [ "0", "0", "0", "0", "0", "0", "0", "0", "5", "0", "0", "0", "0", "0", "0", "0", "0", "0", "0", "0", "5", "0", "0", "0" ], "duration": 7955.0, "sum": 10 }, "geometry": { "type": "Point", "coordinates": [ -122.284175542103753, 47.602493478643709 ] } },
{ "type": "Feature", "properties": { "lat": 47.6025168108619, "lon": -122.30806781810384, "time_of_day": "Morning", "causation": [ "0", "0", "0", "0", "0", "0", "0", "0", "0", "0", "0", "0", "0", "0", "0", "0", "0", "0", "25", "0", "0", "0", "0", "0" ], "duration": 4225.0, "sum": 25 }, "geometry": { "type": "Point", "coordinates": [ -122.308067818103837, 47.6025168108619 ] } },
{ "type": "Feature", "properties": { "lat": 47.60252537831191, "lon": -122.30863745158145, "time_of_day": "Morning", "causation": [ "0", "0", "0", "0", "0", "0", "0", "0", "0", "0", "0", "0", "0", "0", "0", "0", "0", "0", "1", "0", "0", "0", "0", "0" ], "duration": 169.0, "sum": 1 }, "geometry": { "type": "Point", "coordinates": [ -122.308637451581447, 47.60252537831191 ] } },
{ "type": "Feature", "properties": { "lat": 47.60255516764839, "lon": -122.28740265785636, "time_of_day": "Late Night", "causation": [ "0", "0", "0", "0", "0", "0", "0", "0", "1", "0", "0", "0", "0", "0", "0", "0", "0", "0", "0", "0", "0", "0", "0", "0" ], "duration": 1231.0, "sum": 1 }, "geometry": { "type": "Point", "coordinates": [ -122.287402657856362, 47.60255516764839 ] } },
{ "type": "Feature", "properties": { "lat": 47.602589450638021, "lon": -122.28784731264876, "time_of_day": "Late Night", "causation": [ "0", "0", "0", "0", "0", "0", "0", "0", "1", "0", "0", "0", "0", "0", "0", "0", "0", "0", "0", "0", "0", "0", "0", "0" ], "duration": 1231.0, "sum": 1 }, "geometry": { "type": "Point", "coordinates": [ -122.287847312648765, 47.602589450638021 ] } },
{ "type": "Feature", "properties": { "lat": 47.602590716938977, "lon": -122.28803562795872, "time_of_day": "Late Night", "causation": [ "0", "0", "0", "0", "0", "0", "0", "0", "1", "0", "0", "0", "0", "0", "0", "0", "0", "0", "0", "0", "0", "0", "0", "0" ], "duration": 1231.0, "sum": 1 }, "geometry": { "type": "Point", "coordinates": [ -122.28803562795872, 47.602590716938977 ] } },
{ "type": "Feature", "properties": { "lat": 47.602625655100425, "lon": -122.28639353601238, "time_of_day": "Late Night", "causation": [ "0", "0", "0", "0", "0", "0", "0", "0", "1", "0", "0", "0", "0", "0", "0", "0", "0", "0", "0", "0", "0", "0", "0", "0" ], "duration": 1231.0, "sum": 1 }, "geometry": { "type": "Point", "coordinates": [ -122.286393536012383, 47.602625655100425 ] } },
{ "type": "Feature", "properties": { "lat": 47.602625856221323, "lon": -122.28592858040474, "time_of_day": "Late Night", "causation": [ "0", "0", "0", "0", "0", "0", "0", "0", "1", "0", "0", "0", "0", "0", "0", "0", "0", "0", "0", "0", "0", "0", "0", "0" ], "duration": 1231.0, "sum": 1 }, "geometry": { "type": "Point", "coordinates": [ -122.285928580404743, 47.602625856221323 ] } },
{ "type": "Feature", "properties": { "lat": 47.602634760251242, "lon": -122.28682874662776, "time_of_day": "Late Night", "causation": [ "0", "0", "0", "0", "0", "0", "0", "0", "1", "0", "0", "0", "0", "0", "0", "0", "0", "0", "0", "0", "0", "0", "0", "0" ], "duration": 1231.0, "sum": 1 }, "geometry": { "type": "Point", "coordinates": [ -122.286828746627762, 47.602634760251242 ] } },
{ "type": "Feature", "properties": { "lat": 47.602636220750256, "lon": -122.28761519646798, "time_of_day": "Late Night", "causation": [ "0", "0", "0", "0", "0", "0", "0", "0", "1", "0", "0", "0", "0", "0", "0", "0", "0", "0", "0", "0", "0", "0", "0", "0" ], "duration": 1231.0, "sum": 1 }, "geometry": { "type": "Point", "coordinates": [ -122.287615196467982, 47.602636220750256 ] } },
{ "type": "Feature", "properties": { "lat": 47.602654071834714, "lon": -122.28827183992178, "time_of_day": "Late Night", "causation": [ "0", "0", "0", "0", "0", "0", "0", "0", "1", "0", "0", "0", "0", "0", "0", "0", "0", "0", "0", "0", "0", "0", "0", "0" ], "duration": 1231.0, "sum": 1 }, "geometry": { "type": "Point", "coordinates": [ -122.288271839921777, 47.602654071834714 ] } },
{ "type": "Feature", "properties": { "lat": 47.60269750729843, "lon": -122.28580657914505, "time_of_day": "Late Night", "causation": [ "0", "0", "0", "0", "0", "0", "0", "0", "1", "0", "0", "0", "0", "0", "0", "0", "0", "0", "0", "0", "0", "0", "0", "0" ], "duration": 1231.0, "sum": 1 }, "geometry": { "type": "Point", "coordinates": [ -122.285806579145046, 47.60269750729843 ] } },
{ "type": "Feature", "properties": { "lat": 47.602754290508855, "lon": -122.28573014925369, "time_of_day": "Late Night", "causation": [ "0", "0", "0", "0", "0", "0", "0", "0", "2", "0", "0", "0", "0", "0", "0", "0", "0", "0", "0", "0", "1", "0", "0", "0" ], "duration": 2822.0, "sum": 3 }, "geometry": { "type": "Point", "coordinates": [ -122.285730149253695, 47.602754290508855 ] } },
{ "type": "Feature", "properties": { "lat": 47.602794528650861, "lon": -122.30875782510972, "time_of_day": "Morning", "causation": [ "0", "0", "0", "0", "0", "0", "0", "0", "0", "0", "0", "0", "0", "0", "0", "0", "0", "0", "1", "0", "0", "0", "0", "0" ], "duration": 169.0, "sum": 1 }, "geometry": { "type": "Point", "coordinates": [ -122.308757825109723, 47.602794528650861 ] } },
{ "type": "Feature", "properties": { "lat": 47.602797183697184, "lon": -122.3085530775694, "time_of_day": "Morning", "causation": [ "0", "0", "0", "0", "0", "0", "0", "0", "0", "0", "0", "0", "0", "0", "0", "0", "0", "0", "1", "0", "0", "0", "0", "0" ], "duration": 169.0, "sum": 1 }, "geometry": { "type": "Point", "coordinates": [ -122.3085530775694, 47.602797183697184 ] } },
{ "type": "Feature", "properties": { "lat": 47.602805975250277, "lon": -122.28552016977484, "time_of_day": "Late Night", "causation": [ "0", "0", "0", "0", "0", "0", "0", "0", "1", "0", "0", "0", "0", "0", "0", "0", "0", "0", "0", "0", "1", "0", "0", "0" ], "duration": 1591.0, "sum": 2 }, "geometry": { "type": "Point", "coordinates": [ -122.285520169774841, 47.602805975250277 ] } },
{ "type": "Feature", "properties": { "lat": 47.602819660887008, "lon": -122.30793802576586, "time_of_day": "Morning", "causation": [ "0", "0", "0", "0", "0", "0", "0", "0", "0", "0", "0", "0", "0", "0", "0", "0", "0", "0", "1", "0", "0", "0", "0", "0" ], "duration": 169.0, "sum": 1 }, "geometry": { "type": "Point", "coordinates": [ -122.307938025765864, 47.602819660887008 ] } },
{ "type": "Feature", "properties": { "lat": 47.602845669123461, "lon": -122.30855867241192, "time_of_day": "Morning", "causation": [ "0", "0", "0", "0", "0", "0", "0", "0", "0", "0", "0", "0", "0", "0", "0", "0", "0", "0", "1", "0", "0", "0", "0", "0" ], "duration": 169.0, "sum": 1 }, "geometry": { "type": "Point", "coordinates": [ -122.30855867241192, 47.602845669123461 ] } },
{ "type": "Feature", "properties": { "lat": 47.602876222098281, "lon": -122.3083703889838, "time_of_day": "Morning", "causation": [ "0", "0", "0", "0", "0", "0", "0", "0", "0", "0", "0", "0", "0", "0", "0", "0", "0", "0", "3", "0", "0", "0", "0", "0" ], "duration": 507.0, "sum": 3 }, "geometry": { "type": "Point", "coordinates": [ -122.308370388983803, 47.602876222098281 ] } },
{ "type": "Feature", "properties": { "lat": 47.602876334975818, "lon": -122.30825588892699, "time_of_day": "Morning", "causation": [ "0", "0", "0", "0", "0", "0", "0", "0", "0", "0", "0", "0", "0", "0", "0", "0", "0", "0", "1", "0", "0", "0", "0", "0" ], "duration": 169.0, "sum": 1 }, "geometry": { "type": "Point", "coordinates": [ -122.308255888926993, 47.602876334975818 ] } },
{ "type": "Feature", "properties": { "lat": 47.602893605137886, "lon": -122.28532457566077, "time_of_day": "Late Night", "causation": [ "0", "0", "0", "0", "0", "0", "0", "0", "1", "0", "0", "0", "0", "0", "0", "0", "0", "0", "0", "0", "1", "0", "0", "0" ], "duration": 1591.0, "sum": 2 }, "geometry": { "type": "Point", "coordinates": [ -122.285324575660766, 47.602893605137886 ] } },
{ "type": "Feature", "properties": { "lat": 47.60290859920682, "lon": -122.28619543822693, "time_of_day": "Late Night", "causation": [ "0", "0", "0", "0", "0", "0", "0", "0", "1", "0", "0", "0", "0", "0", "0", "0", "0", "0", "0", "0", "0", "0", "0", "0" ], "duration": 1231.0, "sum": 1 }, "geometry": { "type": "Point", "coordinates": [ -122.286195438226926, 47.60290859920682 ] } },
{ "type": "Feature", "properties": { "lat": 47.602927827109518, "lon": -122.28667132987852, "time_of_day": "Late Night", "causation": [ "0", "0", "0", "0", "0", "0", "0", "0", "1", "0", "0", "0", "0", "0", "0", "0", "0", "0", "0", "0", "0", "0", "0", "0" ], "duration": 1231.0, "sum": 1 }, "geometry": { "type": "Point", "coordinates": [ -122.286671329878516, 47.602927827109518 ] } },
{ "type": "Feature", "properties": { "lat": 47.60294511464771, "lon": -122.28818021890376, "time_of_day": "Late Night", "causation": [ "0", "0", "0", "0", "0", "0", "0", "0", "1", "0", "0", "0", "0", "0", "0", "0", "0", "0", "0", "0", "0", "0", "0", "0" ], "duration": 1231.0, "sum": 1 }, "geometry": { "type": "Point", "coordinates": [ -122.288180218903761, 47.60294511464771 ] } },
{ "type": "Feature", "properties": { "lat": 47.602962500650257, "lon": -122.28899339041996, "time_of_day": "Late Night", "causation": [ "0", "0", "0", "0", "0", "0", "0", "0", "1", "0", "0", "0", "0", "0", "0", "0", "0", "0", "0", "0", "0", "0", "0", "0" ], "duration": 1231.0, "sum": 1 }, "geometry": { "type": "Point", "coordinates": [ -122.288993390419961, 47.602962500650257 ] } },
{ "type": "Feature", "properties": { "lat": 47.602970883568645, "lon": -122.28732550630396, "time_of_day": "Late Night", "causation": [ "0", "0", "0", "0", "0", "0", "0", "0", "1", "0", "0", "0", "0", "0", "0", "0", "0", "0", "0", "0", "0", "0", "0", "0" ], "duration": 1231.0, "sum": 1 }, "geometry": { "type": "Point", "coordinates": [ -122.287325506303958, 47.602970883568645 ] } },
{ "type": "Feature", "properties": { "lat": 47.602974946490129, "lon": -122.28417030312022, "time_of_day": "Late Night", "causation": [ "0", "0", "0", "0", "0", "0", "0", "0", "4", "0", "0", "0", "0", "0", "0", "0", "0", "0", "0", "0", "4", "0", "0", "0" ], "duration": 6364.0, "sum": 8 }, "geometry": { "type": "Point", "coordinates": [ -122.28417030312022, 47.602974946490129 ] } },
{ "type": "Feature", "properties": { "lat": 47.602985337402565, "lon": -122.28793762884015, "time_of_day": "Late Night", "causation": [ "0", "0", "0", "0", "0", "0", "0", "0", "1", "0", "0", "0", "0", "0", "0", "0", "0", "0", "0", "0", "0", "0", "0", "0" ], "duration": 1231.0, "sum": 1 }, "geometry": { "type": "Point", "coordinates": [ -122.287937628840155, 47.602985337402565 ] } },
{ "type": "Feature", "properties": { "lat": 47.602991391668503, "lon": -122.28700376592889, "time_of_day": "Late Night", "causation": [ "0", "0", "0", "0", "0", "0", "0", "0", "1", "0", "0", "0", "0", "0", "0", "0", "0", "0", "0", "0", "0", "0", "0", "0" ], "duration": 1231.0, "sum": 1 }, "geometry": { "type": "Point", "coordinates": [ -122.287003765928887, 47.602991391668503 ] } },
{ "type": "Feature", "properties": { "lat": 47.602998563509153, "lon": -122.28646532051631, "time_of_day": "Late Night", "causation": [ "0", "0", "0", "0", "0", "0", "0", "0", "1", "0", "0", "0", "0", "0", "0", "0", "0", "0", "0", "0", "0", "0", "0", "0" ], "duration": 1231.0, "sum": 1 }, "geometry": { "type": "Point", "coordinates": [ -122.286465320516314, 47.602998563509153 ] } },
{ "type": "Feature", "properties": { "lat": 47.602999941176087, "lon": -122.28842609863536, "time_of_day": "Late Night", "causation": [ "0", "0", "0", "0", "0", "0", "0", "0", "1", "0", "0", "0", "0", "0", "0", "0", "0", "0", "0", "0", "0", "0", "0", "0" ], "duration": 1231.0, "sum": 1 }, "geometry": { "type": "Point", "coordinates": [ -122.288426098635355, 47.602999941176087 ] } },
{ "type": "Feature", "properties": { "lat": 47.603033680657042, "lon": -122.28768587174962, "time_of_day": "Late Night", "causation": [ "0", "0", "0", "0", "0", "0", "0", "0", "1", "0", "0", "0", "0", "0", "0", "0", "0", "0", "0", "0", "0", "0", "0", "0" ], "duration": 1231.0, "sum": 1 }, "geometry": { "type": "Point", "coordinates": [ -122.287685871749616, 47.603033680657042 ] } },
{ "type": "Feature", "properties": { "lat": 47.603089504720451, "lon": -122.2861219666282, "time_of_day": "Late Night", "causation": [ "0", "0", "0", "0", "0", "0", "0", "0", "1", "0", "0", "0", "0", "0", "0", "0", "0", "0", "0", "0", "1", "0", "0", "0" ], "duration": 1591.0, "sum": 2 }, "geometry": { "type": "Point", "coordinates": [ -122.286121966628201, 47.603089504720451 ] } },
{ "type": "Feature", "properties": { "lat": 47.603133905338325, "lon": -122.28853247274166, "time_of_day": "Late Night", "causation": [ "0", "0", "0", "0", "0", "0", "0", "0", "1", "0", "0", "0", "0", "0", "0", "0", "0", "0", "0", "0", "0", "0", "0", "0" ], "duration": 1231.0, "sum": 1 }, "geometry": { "type": "Point", "coordinates": [ -122.288532472741664, 47.603133905338325 ] } },
{ "type": "Feature", "properties": { "lat": 47.603218315127819, "lon": -122.28648540709416, "time_of_day": "Late Night", "causation": [ "0", "0", "0", "0", "0", "0", "0", "0", "1", "0", "0", "0", "0", "0", "0", "0", "0", "0", "0", "0", "1", "0", "0", "0" ], "duration": 1646.0, "sum": 2 }, "geometry": { "type": "Point", "coordinates": [ -122.286485407094162, 47.603218315127819 ] } },
{ "type": "Feature", "properties": { "lat": 47.603227043198487, "lon": -122.2861867289288, "time_of_day": "Late Night", "causation": [ "0", "0", "0", "0", "0", "0", "0", "0", "1", "0", "0", "0", "0", "0", "0", "0", "0", "0", "0", "0", "1", "0", "0", "0" ], "duration": 1591.0, "sum": 2 }, "geometry": { "type": "Point", "coordinates": [ -122.286186728928797, 47.603227043198487 ] } },
{ "type": "Feature", "properties": { "lat": 47.60322840080407, "lon": -122.28561263221329, "time_of_day": "Late Night", "causation": [ "0", "0", "0", "0", "0", "0", "0", "0", "2", "0", "0", "0", "0", "0", "0", "0", "0", "0", "0", "0", "2", "0", "0", "0" ], "duration": 3182.0, "sum": 4 }, "geometry": { "type": "Point", "coordinates": [ -122.285612632213287, 47.60322840080407 ] } },
{ "type": "Feature", "properties": { "lat": 47.603231246957215, "lon": -122.28541907794158, "time_of_day": "Late Night", "causation": [ "0", "0", "0", "0", "0", "0", "0", "0", "1", "0", "0", "0", "0", "0", "0", "0", "0", "0", "0", "0", "1", "0", "0", "0" ], "duration": 1591.0, "sum": 2 }, "geometry": { "type": "Point", "coordinates": [ -122.285419077941583, 47.603231246957215 ] } },
{ "type": "Feature", "properties": { "lat": 47.603252850220514, "lon": -122.28897486336504, "time_of_day": "Late Night", "causation": [ "0", "0", "0", "0", "0", "0", "0", "0", "1", "0", "0", "0", "0", "0", "0", "0", "0", "0", "0", "0", "1", "0", "0", "0" ], "duration": 1646.0, "sum": 2 }, "geometry": { "type": "Point", "coordinates": [ -122.288974863365041, 47.603252850220514 ] } },
{ "type": "Feature", "properties": { "lat": 47.603279806608271, "lon": -122.287387417964, "time_of_day": "Late Night", "causation": [ "0", "0", "0", "0", "0", "0", "0", "0", "1", "0", "0", "0", "0", "0", "0", "0", "0", "0", "0", "0", "1", "0", "0", "0" ], "duration": 1646.0, "sum": 2 }, "geometry": { "type": "Point", "coordinates": [ -122.287387417963998, 47.603279806608271 ] } },
{ "type": "Feature", "properties": { "lat": 47.603290981885131, "lon": -122.284960038625, "time_of_day": "Late Night", "causation": [ "0", "0", "0", "0", "0", "0", "0", "0", "1", "0", "0", "0", "0", "0", "0", "0", "0", "0", "0", "0", "0", "0", "0", "0" ], "duration": 1231.0, "sum": 1 }, "geometry": { "type": "Point", "coordinates": [ -122.284960038625002, 47.603290981885131 ] } },
{ "type": "Feature", "properties": { "lat": 47.603290981885131, "lon": -122.284960038625, "time_of_day": "Morning", "causation": [ "0", "0", "0", "0", "0", "0", "0", "0", "0", "0", "0", "0", "0", "0", "0", "0", "0", "0", "0", "0", "1", "0", "0", "0" ], "duration": 44.0, "sum": 1 }, "geometry": { "type": "Point", "coordinates": [ -122.284960038625002, 47.603290981885131 ] } },
{ "type": "Feature", "properties": { "lat": 47.603299305551992, "lon": -122.289802273164, "time_of_day": "Late Night", "causation": [ "0", "0", "0", "0", "0", "0", "0", "0", "1", "0", "0", "0", "0", "0", "0", "0", "0", "0", "0", "0", "1", "0", "0", "0" ], "duration": 1646.0, "sum": 2 }, "geometry": { "type": "Point", "coordinates": [ -122.289802273164, 47.603299305551992 ] } },
{ "type": "Feature", "properties": { "lat": 47.603299372519203, "lon": -122.28725664815904, "time_of_day": "Late Night", "causation": [ "0", "0", "0", "0", "0", "0", "0", "0", "1", "0", "0", "0", "0", "0", "0", "0", "0", "0", "0", "0", "1", "0", "0", "0" ], "duration": 1646.0, "sum": 2 }, "geometry": { "type": "Point", "coordinates": [ -122.287256648159044, 47.603299372519203 ] } },
{ "type": "Feature", "properties": { "lat": 47.603307425345257, "lon": -122.28811531176056, "time_of_day": "Late Night", "causation": [ "0", "0", "0", "0", "0", "0", "0", "0", "2", "0", "0", "0", "0", "0", "0", "0", "0", "0", "0", "0", "2", "0", "0", "0" ], "duration": 3292.0, "sum": 4 }, "geometry": { "type": "Point", "coordinates": [ -122.288115311760563, 47.603307425345257 ] } },
{ "type": "Feature", "properties": { "lat": 47.603312853703024, "lon": -122.28833772861459, "time_of_day": "Late Night", "causation": [ "0", "0", "0", "0", "0", "0", "0", "0", "1", "0", "0", "0", "0", "0", "0", "0", "0", "0", "0", "0", "1", "0", "0", "0" ], "duration": 1646.0, "sum": 2 }, "geometry": { "type": "Point", "coordinates": [ -122.288337728614593, 47.603312853703024 ] } },
{ "type": "Feature", "properties": { "lat": 47.603327294993981, "lon": -122.28676123092168, "time_of_day": "Late Night", "causation": [ "0", "0", "0", "0", "0", "0", "0", "0", "1", "0", "0", "0", "0", "0", "0", "0", "0", "0", "0", "0", "1", "0", "0", "0" ], "duration": 1646.0, "sum": 2 }, "geometry": { "type": "Point", "coordinates": [ -122.286761230921684, 47.603327294993981 ] } },
{ "type": "Feature", "properties": { "lat": 47.603327312300351, "lon": -122.28910552206835, "time_of_day": "Late Night", "causation": [ "0", "0", "0", "0", "0", "0", "0", "0", "1", "0", "0", "0", "0", "0", "0", "0", "0", "0", "0", "0", "1", "0", "0", "0" ], "duration": 1646.0, "sum": 2 }, "geometry": { "type": "Point", "coordinates": [ -122.289105522068354, 47.603327312300351 ] } },
{ "type": "Feature", "properties": { "lat": 47.603337896893073, "lon": -122.28665789680244, "time_of_day": "Late Night", "causation": [ "0", "0", "0", "0", "0", "0", "0", "0", "1", "0", "0", "0", "0", "0", "0", "0", "0", "0", "0", "0", "1", "0", "0", "0" ], "duration": 1646.0, "sum": 2 }, "geometry": { "type": "Point", "coordinates": [ -122.286657896802438, 47.603337896893073 ] } },
{ "type": "Feature", "properties": { "lat": 47.603347067673518, "lon": -122.28776756530694, "time_of_day": "Late Night", "causation": [ "0", "0", "0", "0", "0", "0", "0", "0", "1", "0", "0", "0", "0", "0", "0", "0", "0", "0", "0", "0", "1", "0", "0", "0" ], "duration": 1646.0, "sum": 2 }, "geometry": { "type": "Point", "coordinates": [ -122.287767565306936, 47.603347067673518 ] } },
{ "type": "Feature", "properties": { "lat": 47.603373090959721, "lon": -122.2893578166604, "time_of_day": "Late Night", "causation": [ "0", "0", "0", "0", "0", "0", "0", "0", "2", "0", "0", "0", "0", "0", "0", "0", "0", "0", "0", "0", "2", "0", "0", "0" ], "duration": 3292.0, "sum": 4 }, "geometry": { "type": "Point", "coordinates": [ -122.289357816660399, 47.603373090959721 ] } },
{ "type": "Feature", "properties": { "lat": 47.603403381634557, "lon": -122.28612476906856, "time_of_day": "Late Night", "causation": [ "0", "0", "0", "0", "0", "0", "0", "0", "1", "0", "0", "0", "0", "0", "0", "0", "0", "0", "0", "0", "1", "0", "0", "0" ], "duration": 1591.0, "sum": 2 }, "geometry": { "type": "Point", "coordinates": [ -122.286124769068564, 47.603403381634557 ] } },
{ "type": "Feature", "properties": { "lat": 47.603412994200468, "lon": -122.28478633676444, "time_of_day": "Late Night", "causation": [ "0", "0", "0", "0", "0", "0", "0", "0", "1", "0", "0", "0", "0", "0", "0", "0", "0", "0", "0", "0", "0", "0", "0", "0" ], "duration": 1231.0, "sum": 1 }, "geometry": { "type": "Point", "coordinates": [ -122.284786336764441, 47.603412994200468 ] } },
{ "type": "Feature", "properties": { "lat": 47.603412994200468, "lon": -122.28478633676444, "time_of_day": "Morning", "causation": [ "0", "0", "0", "0", "0", "0", "0", "0", "0", "0", "0", "0", "0", "0", "0", "0", "0", "0", "0", "0", "1", "0", "0", "0" ], "duration": 44.0, "sum": 1 }, "geometry": { "type": "Point", "coordinates": [ -122.284786336764441, 47.603412994200468 ] } },
{ "type": "Feature", "properties": { "lat": 47.603432858043135, "lon": -122.28639787458562, "time_of_day": "Late Night", "causation": [ "0", "0", "0", "0", "0", "0", "0", "0", "1", "0", "0", "0", "0", "0", "0", "0", "0", "0", "0", "0", "1", "0", "0", "0" ], "duration": 1646.0, "sum": 2 }, "geometry": { "type": "Point", "coordinates": [ -122.286397874585617, 47.603432858043135 ] } },
{ "type": "Feature", "properties": { "lat": 47.603444159170721, "lon": -122.28691074738263, "time_of_day": "Late Night", "causation": [ "0", "0", "0", "0", "0", "0", "0", "0", "1", "0", "0", "0", "0", "0", "0", "0", "0", "0", "0", "0", "1", "0", "0", "0" ], "duration": 1646.0, "sum": 2 }, "geometry": { "type": "Point", "coordinates": [ -122.286910747382635, 47.603444159170721 ] } },
{ "type": "Feature", "properties": { "lat": 47.603451434978567, "lon": -122.28882422824528, "time_of_day": "Late Night", "causation": [ "0", "0", "0", "0", "0", "0", "0", "0", "1", "0", "0", "0", "0", "0", "0", "0", "0", "0", "0", "0", "1", "0", "0", "0" ], "duration": 1646.0, "sum": 2 }, "geometry": { "type": "Point", "coordinates": [ -122.288824228245275, 47.603451434978567 ] } },
{ "type": "Feature", "properties": { "lat": 47.60345746213595, "lon": -122.28549753103889, "time_of_day": "Late Night", "causation": [ "0", "0", "0", "0", "0", "0", "0", "0", "1", "0", "0", "0", "0", "0", "0", "0", "0", "0", "0", "0", "1", "0", "0", "0" ], "duration": 1591.0, "sum": 2 }, "geometry": { "type": "Point", "coordinates": [ -122.285497531038885, 47.60345746213595 ] } },
{ "type": "Feature", "properties": { "lat": 47.603472462088291, "lon": -122.28521750155612, "time_of_day": "Late Night", "causation": [ "0", "0", "0", "0", "0", "0", "0", "0", "1", "0", "0", "0", "0", "0", "0", "0", "0", "0", "0", "0", "0", "0", "0", "0" ], "duration": 1231.0, "sum": 1 }, "geometry": { "type": "Point", "coordinates": [ -122.285217501556119, 47.603472462088291 ] } },
{ "type": "Feature", "properties": { "lat": 47.603472462088291, "lon": -122.28521750155612, "time_of_day": "Morning", "causation": [ "0", "0", "0", "0", "0", "0", "0", "0", "0", "0", "0", "0", "0", "0", "0", "0", "0", "0", "0", "0", "1", "0", "0", "0" ], "duration": 44.0, "sum": 1 }, "geometry": { "type": "Point", "coordinates": [ -122.285217501556119, 47.603472462088291 ] } },
{ "type": "Feature", "properties": { "lat": 47.603499606934541, "lon": -122.28864132219245, "time_of_day": "Late Night", "causation": [ "0", "0", "0", "0", "0", "0", "0", "0", "1", "0", "0", "0", "0", "0", "0", "0", "0", "0", "0", "0", "1", "0", "0", "0" ], "duration": 1646.0, "sum": 2 }, "geometry": { "type": "Point", "coordinates": [ -122.288641322192447, 47.603499606934541 ] } },
{ "type": "Feature", "properties": { "lat": 47.603548211396728, "lon": -122.2884590927994, "time_of_day": "Late Night", "causation": [ "0", "0", "0", "0", "0", "0", "0", "0", "1", "0", "0", "0", "0", "0", "0", "0", "0", "0", "0", "0", "1", "0", "0", "0" ], "duration": 1646.0, "sum": 2 }, "geometry": { "type": "Point", "coordinates": [ -122.2884590927994, 47.603548211396728 ] } },
{ "type": "Feature", "properties": { "lat": 47.603552488094586, "lon": -122.28478565816148, "time_of_day": "Late Night", "causation": [ "0", "0", "0", "0", "0", "0", "0", "0", "1", "0", "0", "0", "0", "0", "0", "0", "0", "0", "0", "0", "0", "0", "0", "0" ], "duration": 1231.0, "sum": 1 }, "geometry": { "type": "Point", "coordinates": [ -122.284785658161482, 47.603552488094586 ] } },
{ "type": "Feature", "properties": { "lat": 47.603552488094586, "lon": -122.28478565816148, "time_of_day": "Morning", "causation": [ "0", "0", "0", "0", "0", "0", "0", "0", "0", "0", "0", "0", "0", "0", "0", "0", "0", "0", "0", "0", "1", "0", "0", "0" ], "duration": 44.0, "sum": 1 }, "geometry": { "type": "Point", "coordinates": [ -122.284785658161482, 47.603552488094586 ] } },
{ "type": "Feature", "properties": { "lat": 47.603598964911193, "lon": -122.2880489484406, "time_of_day": "Late Night", "causation": [ "0", "0", "0", "0", "0", "0", "0", "0", "1", "0", "0", "0", "0", "0", "0", "0", "0", "0", "0", "0", "1", "0", "0", "0" ], "duration": 1646.0, "sum": 2 }, "geometry": { "type": "Point", "coordinates": [ -122.288048948440604, 47.603598964911193 ] } },
{ "type": "Feature", "properties": { "lat": 47.603635281124483, "lon": -122.2836239874399, "time_of_day": "Late Night", "causation": [ "0", "0", "0", "0", "0", "0", "0", "0", "1", "0", "0", "0", "0", "0", "0", "0", "0", "0", "0", "0", "0", "0", "0", "0" ], "duration": 1231.0, "sum": 1 }, "geometry": { "type": "Point", "coordinates": [ -122.283623987439896, 47.603635281124483 ] } },
{ "type": "Feature", "properties": { "lat": 47.603635281124483, "lon": -122.2836239874399, "time_of_day": "Morning", "causation": [ "0", "0", "0", "0", "0", "0", "0", "0", "0", "0", "0", "0", "0", "0", "0", "0", "0", "0", "0", "0", "1", "0", "0", "0" ], "duration": 44.0, "sum": 1 }, "geometry": { "type": "Point", "coordinates": [ -122.283623987439896, 47.603635281124483 ] } },
{ "type": "Feature", "properties": { "lat": 47.603653582520337, "lon": -122.28557958441628, "time_of_day": "Late Night", "causation": [ "0", "0", "0", "0", "0", "0", "0", "0", "1", "0", "0", "0", "0", "0", "0", "0", "0", "0", "0", "0", "1", "0", "0", "0" ], "duration": 1591.0, "sum": 2 }, "geometry": { "type": "Point", "coordinates": [ -122.285579584416283, 47.603653582520337 ] } },
{ "type": "Feature", "properties": { "lat": 47.603656732433969, "lon": -122.28505818161229, "time_of_day": "Late Night", "causation": [ "0", "0", "0", "0", "0", "0", "0", "0", "1", "0", "0", "0", "0", "0", "0", "0", "0", "0", "0", "0", "0", "0", "0", "0" ], "duration": 1231.0, "sum": 1 }, "geometry": { "type": "Point", "coordinates": [ -122.285058181612285, 47.603656732433969 ] } },
{ "type": "Feature", "properties": { "lat": 47.603656732433969, "lon": -122.28505818161229, "time_of_day": "Morning", "causation": [ "0", "0", "0", "0", "0", "0", "0", "0", "0", "0", "0", "0", "0", "0", "0", "0", "0", "0", "0", "0", "1", "0", "0", "0" ], "duration": 44.0, "sum": 1 }, "geometry": { "type": "Point", "coordinates": [ -122.285058181612285, 47.603656732433969 ] } },
{ "type": "Feature", "properties": { "lat": 47.603668799723735, "lon": -122.28602381634325, "time_of_day": "Late Night", "causation": [ "0", "0", "0", "0", "0", "0", "0", "0", "1", "0", "0", "0", "0", "0", "0", "0", "0", "0", "0", "0", "1", "0", "0", "0" ], "duration": 1646.0, "sum": 2 }, "geometry": { "type": "Point", "coordinates": [ -122.286023816343246, 47.603668799723735 ] } },
{ "type": "Feature", "properties": { "lat": 47.603672771537497, "lon": -122.28620174287006, "time_of_day": "Late Night", "causation": [ "0", "0", "0", "0", "0", "0", "0", "0", "1", "0", "0", "0", "0", "0", "0", "0", "0", "0", "0", "0", "1", "0", "0", "0" ], "duration": 1646.0, "sum": 2 }, "geometry": { "type": "Point", "coordinates": [ -122.286201742870063, 47.603672771537497 ] } },
{ "type": "Feature", "properties": { "lat": 47.60370983575524, "lon": -122.28541943790751, "time_of_day": "Late Night", "causation": [ "0", "0", "0", "0", "0", "0", "0", "0", "1", "0", "0", "0", "0", "0", "0", "0", "0", "0", "0", "0", "0", "0", "0", "0" ], "duration": 1231.0, "sum": 1 }, "geometry": { "type": "Point", "coordinates": [ -122.285419437907507, 47.60370983575524 ] } },
{ "type": "Feature", "properties": { "lat": 47.60370983575524, "lon": -122.28541943790751, "time_of_day": "Morning", "causation": [ "0", "0", "0", "0", "0", "0", "0", "0", "0", "0", "0", "0", "0", "0", "0", "0", "0", "0", "0", "0", "1", "0", "0", "0" ], "duration": 44.0, "sum": 1 }, "geometry": { "type": "Point", "coordinates": [ -122.285419437907507, 47.60370983575524 ] } },
{ "type": "Feature", "properties": { "lat": 47.603744065261971, "lon": -122.2892495761884, "time_of_day": "Late Night", "causation": [ "0", "0", "0", "0", "0", "0", "0", "0", "1", "0", "0", "0", "0", "0", "0", "0", "0", "0", "0", "0", "1", "0", "0", "0" ], "duration": 2417.0, "sum": 2 }, "geometry": { "type": "Point", "coordinates": [ -122.289249576188396, 47.603744065261971 ] } },
{ "type": "Feature", "properties": { "lat": 47.603759026044138, "lon": -122.28943891951882, "time_of_day": "Late Night", "causation": [ "0", "0", "0", "0", "0", "0", "0", "0", "1", "0", "0", "0", "0", "0", "0", "0", "0", "0", "0", "0", "1", "0", "0", "0" ], "duration": 2417.0, "sum": 2 }, "geometry": { "type": "Point", "coordinates": [ -122.289438919518815, 47.603759026044138 ] } },
{ "type": "Feature", "properties": { "lat": 47.603797241265696, "lon": -122.28896085923218, "time_of_day": "Late Night", "causation": [ "0", "0", "0", "0", "0", "0", "0", "0", "1", "0", "0", "0", "0", "0", "0", "0", "0", "0", "0", "0", "1", "0", "0", "0" ], "duration": 2417.0, "sum": 2 }, "geometry": { "type": "Point", "coordinates": [ -122.288960859232176, 47.603797241265696 ] } },
{ "type": "Feature", "properties": { "lat": 47.603821468524977, "lon": -122.2866996230134, "time_of_day": "Late Night", "causation": [ "0", "0", "0", "0", "0", "0", "0", "0", "1", "0", "0", "0", "0", "0", "0", "0", "0", "0", "0", "0", "1", "0", "0", "0" ], "duration": 1646.0, "sum": 2 }, "geometry": { "type": "Point", "coordinates": [ -122.286699623013405, 47.603821468524977 ] } },
{ "type": "Feature", "properties": { "lat": 47.603834749377093, "lon": -122.28684780449622, "time_of_day": "Late Night", "causation": [ "0", "0", "0", "0", "0", "0", "0", "0", "1", "0", "0", "0", "0", "0", "0", "0", "0", "0", "0", "0", "1", "0", "0", "0" ], "duration": 1646.0, "sum": 2 }, "geometry": { "type": "Point", "coordinates": [ -122.286847804496219, 47.603834749377093 ] } },
{ "type": "Feature", "properties": { "lat": 47.603837422349017, "lon": -122.29013995626715, "time_of_day": "Late Night", "causation": [ "0", "0", "0", "0", "0", "0", "0", "0", "1", "0", "0", "0", "0", "0", "0", "0", "0", "0", "0", "0", "1", "0", "0", "0" ], "duration": 2417.0, "sum": 2 }, "geometry": { "type": "Point", "coordinates": [ -122.290139956267154, 47.603837422349017 ] } },
{ "type": "Feature", "properties": { "lat": 47.603843389370283, "lon": -122.28779894275227, "time_of_day": "Late Night", "causation": [ "0", "0", "0", "0", "0", "0", "0", "0", "1", "0", "0", "0", "0", "0", "0", "0", "0", "0", "0", "0", "1", "0", "0", "0" ], "duration": 1646.0, "sum": 2 }, "geometry": { "type": "Point", "coordinates": [ -122.287798942752275, 47.603843389370283 ] } },
{ "type": "Feature", "properties": { "lat": 47.60384535150375, "lon": -122.28450164726324, "time_of_day": "Late Night", "causation": [ "0", "0", "0", "0", "0", "0", "0", "0", "2", "0", "0", "0", "0", "0", "0", "0", "0", "0", "0", "0", "0", "0", "0", "0" ], "duration": 2462.0, "sum": 2 }, "geometry": { "type": "Point", "coordinates": [ -122.284501647263241, 47.60384535150375 ] } },
{ "type": "Feature", "properties": { "lat": 47.60384535150375, "lon": -122.28450164726324, "time_of_day": "Morning", "causation": [ "0", "0", "0", "0", "0", "0", "0", "0", "0", "0", "0", "0", "0", "0", "0", "0", "0", "0", "0", "0", "2", "0", "0", "0" ], "duration": 88.0, "sum": 2 }, "geometry": { "type": "Point", "coordinates": [ -122.284501647263241, 47.60384535150375 ] } },
{ "type": "Feature", "properties": { "lat": 47.603846537368398, "lon": -122.28841871006848, "time_of_day": "Late Night", "causation": [ "0", "0", "0", "0", "0", "0", "0", "0", "1", "0", "0", "0", "0", "0", "0", "0", "0", "0", "0", "0", "1", "0", "0", "0" ], "duration": 1646.0, "sum": 2 }, "geometry": { "type": "Point", "coordinates": [ -122.288418710068484, 47.603846537368398 ] } },
{ "type": "Feature", "properties": { "lat": 47.603874682122253, "lon": -122.28756310042355, "time_of_day": "Late Night", "causation": [ "0", "0", "0", "0", "0", "0", "0", "0", "1", "0", "0", "0", "0", "0", "0", "0", "0", "0", "0", "0", "1", "0", "0", "0" ], "duration": 1646.0, "sum": 2 }, "geometry": { "type": "Point", "coordinates": [ -122.287563100423554, 47.603874682122253 ] } },
{ "type": "Feature", "properties": { "lat": 47.603896816818086, "lon": -122.2873216503108, "time_of_day": "Late Night", "causation": [ "0", "0", "0", "0", "0", "0", "0", "0", "1", "0", "0", "0", "0", "0", "0", "0", "0", "0", "0", "0", "1", "0", "0", "0" ], "duration": 1646.0, "sum": 2 }, "geometry": { "type": "Point", "coordinates": [ -122.287321650310801, 47.603896816818086 ] } },
{ "type": "Feature", "properties": { "lat": 47.603899822729055, "lon": -122.28744279497292, "time_of_day": "Late Night", "causation": [ "0", "0", "0", "0", "0", "0", "0", "0", "1", "0", "0", "0", "0", "0", "0", "0", "0", "0", "0", "0", "1", "0", "0", "0" ], "duration": 1646.0, "sum": 2 }, "geometry": { "type": "Point", "coordinates": [ -122.287442794972918, 47.603899822729055 ] } },
{ "type": "Feature", "properties": { "lat": 47.603933801655209, "lon": -122.28972953111854, "time_of_day": "Late Night", "causation": [ "0", "0", "0", "0", "0", "0", "0", "0", "1", "0", "0", "0", "0", "0", "0", "0", "0", "0", "0", "0", "1", "0", "0", "0" ], "duration": 2417.0, "sum": 2 }, "geometry": { "type": "Point", "coordinates": [ -122.289729531118539, 47.603933801655209 ] } },
{ "type": "Feature", "properties": { "lat": 47.603935127297788, "lon": -122.2870800721098, "time_of_day": "Late Night", "causation": [ "0", "0", "0", "0", "0", "0", "0", "0", "2", "0", "0", "0", "0", "0", "0", "0", "0", "0", "0", "0", "2", "0", "0", "0" ], "duration": 3292.0, "sum": 4 }, "geometry": { "type": "Point", "coordinates": [ -122.287080072109802, 47.603935127297788 ] } },
{ "type": "Feature", "properties": { "lat": 47.603949792639199, "lon": -122.28797222471329, "time_of_day": "Late Night", "causation": [ "0", "0", "0", "0", "0", "0", "0", "0", "1", "0", "0", "0", "0", "0", "0", "0", "0", "0", "0", "0", "1", "0", "0", "0" ], "duration": 1646.0, "sum": 2 }, "geometry": { "type": "Point", "coordinates": [ -122.287972224713286, 47.603949792639199 ] } },
{ "type": "Feature", "properties": { "lat": 47.60395007980113, "lon": -122.28996667161806, "time_of_day": "Late Night", "causation": [ "0", "0", "0", "0", "0", "0", "0", "0", "1", "0", "0", "0", "0", "0", "0", "0", "0", "0", "0", "0", "1", "0", "0", "0" ], "duration": 2417.0, "sum": 2 }, "geometry": { "type": "Point", "coordinates": [ -122.28996667161806, 47.60395007980113 ] } },
{ "type": "Feature", "properties": { "lat": 47.603966824514522, "lon": -122.28720818494976, "time_of_day": "Late Night", "causation": [ "0", "0", "0", "0", "0", "0", "0", "0", "1", "0", "0", "0", "0", "0", "0", "0", "0", "0", "0", "0", "1", "0", "0", "0" ], "duration": 1646.0, "sum": 2 }, "geometry": { "type": "Point", "coordinates": [ -122.287208184949762, 47.603966824514522 ] } },
{ "type": "Feature", "properties": { "lat": 47.604013465169928, "lon": -122.28440832286856, "time_of_day": "Late Night", "causation": [ "0", "0", "0", "0", "0", "0", "0", "0", "1", "0", "0", "0", "0", "0", "0", "0", "0", "0", "0", "0", "0", "0", "0", "0" ], "duration": 1231.0, "sum": 1 }, "geometry": { "type": "Point", "coordinates": [ -122.284408322868558, 47.604013465169928 ] } },
{ "type": "Feature", "properties": { "lat": 47.604013465169928, "lon": -122.28440832286856, "time_of_day": "Morning", "causation": [ "0", "0", "0", "0", "0", "0", "0", "0", "0", "0", "0", "0", "0", "0", "0", "0", "0", "0", "0", "0", "1", "0", "0", "0" ], "duration": 44.0, "sum": 1 }, "geometry": { "type": "Point", "coordinates": [ -122.284408322868558, 47.604013465169928 ] } },
{ "type": "Feature", "properties": { "lat": 47.604013565064598, "lon": -122.28598108729062, "time_of_day": "Late Night", "causation": [ "0", "0", "0", "0", "0", "0", "0", "0", "1", "0", "0", "0", "0", "0", "0", "0", "0", "0", "0", "0", "1", "0", "0", "0" ], "duration": 1646.0, "sum": 2 }, "geometry": { "type": "Point", "coordinates": [ -122.285981087290622, 47.604013565064598 ] } },
{ "type": "Feature", "properties": { "lat": 47.604014798325977, "lon": -122.28860634815244, "time_of_day": "Late Night", "causation": [ "0", "0", "0", "0", "0", "0", "0", "0", "1", "0", "0", "0", "0", "0", "0", "0", "0", "0", "0", "0", "1", "0", "0", "0" ], "duration": 2417.0, "sum": 2 }, "geometry": { "type": "Point", "coordinates": [ -122.288606348152442, 47.604014798325977 ] } },
{ "type": "Feature", "properties": { "lat": 47.604039243725779, "lon": -122.2876865503532, "time_of_day": "Late Night", "causation": [ "0", "0", "0", "0", "0", "0", "0", "0", "1", "0", "0", "0", "0", "0", "0", "0", "0", "0", "0", "0", "1", "0", "0", "0" ], "duration": 1646.0, "sum": 2 }, "geometry": { "type": "Point", "coordinates": [ -122.2876865503532, 47.604039243725779 ] } },
{ "type": "Feature", "properties": { "lat": 47.60404285057168, "lon": -122.28664747256175, "time_of_day": "Late Night", "causation": [ "0", "0", "0", "0", "0", "0", "0", "0", "1", "0", "0", "0", "0", "0", "0", "0", "0", "0", "0", "0", "1", "0", "0", "0" ], "duration": 1646.0, "sum": 2 }, "geometry": { "type": "Point", "coordinates": [ -122.286647472561754, 47.60404285057168 ] } },
{ "type": "Feature", "properties": { "lat": 47.604048658505889, "lon": -122.28491816557256, "time_of_day": "Late Night", "causation": [ "0", "0", "0", "0", "0", "0", "0", "0", "1", "0", "0", "0", "0", "0", "0", "0", "0", "0", "0", "0", "0", "0", "0", "0" ], "duration": 1231.0, "sum": 1 }, "geometry": { "type": "Point", "coordinates": [ -122.284918165572563, 47.604048658505889 ] } },
{ "type": "Feature", "properties": { "lat": 47.604048658505889, "lon": -122.28491816557256, "time_of_day": "Morning", "causation": [ "0", "0", "0", "0", "0", "0", "0", "0", "0", "0", "0", "0", "0", "0", "0", "0", "0", "0", "0", "0", "1", "0", "0", "0" ], "duration": 44.0, "sum": 1 }, "geometry": { "type": "Point", "coordinates": [ -122.284918165572563, 47.604048658505889 ] } },
{ "type": "Feature", "properties": { "lat": 47.60407074383928, "lon": -122.28567128568019, "time_of_day": "Late Night", "causation": [ "0", "0", "0", "0", "0", "0", "0", "0", "1", "0", "0", "0", "0", "0", "0", "0", "0", "0", "0", "0", "1", "0", "0", "0" ], "duration": 1591.0, "sum": 2 }, "geometry": { "type": "Point", "coordinates": [ -122.285671285680195, 47.60407074383928 ] } },
{ "type": "Feature", "properties": { "lat": 47.60408658936678, "lon": -122.28740168922452, "time_of_day": "Late Night", "causation": [ "0", "0", "0", "0", "0", "0", "0", "0", "1", "0", "0", "0", "0", "0", "0", "0", "0", "0", "0", "0", "1", "0", "0", "0" ], "duration": 1646.0, "sum": 2 }, "geometry": { "type": "Point", "coordinates": [ -122.287401689224524, 47.60408658936678 ] } },
{ "type": "Feature", "properties": { "lat": 47.604122090019963, "lon": -122.2842959828141, "time_of_day": "Late Night", "causation": [ "0", "0", "0", "0", "0", "0", "0", "0", "1", "0", "0", "0", "0", "0", "0", "0", "0", "0", "0", "0", "0", "0", "0", "0" ], "duration": 1231.0, "sum": 1 }, "geometry": { "type": "Point", "coordinates": [ -122.284295982814101, 47.604122090019963 ] } },
{ "type": "Feature", "properties": { "lat": 47.604122090019963, "lon": -122.2842959828141, "time_of_day": "Morning", "causation": [ "0", "0", "0", "0", "0", "0", "0", "0", "0", "0", "0", "0", "0", "0", "0", "0", "0", "0", "0", "0", "1", "0", "0", "0" ], "duration": 44.0, "sum": 1 }, "geometry": { "type": "Point", "coordinates": [ -122.284295982814101, 47.604122090019963 ] } },
{ "type": "Feature", "properties": { "lat": 47.604138637701467, "lon": -122.28468336550796, "time_of_day": "Late Night", "causation": [ "0", "0", "0", "0", "0", "0", "0", "0", "1", "0", "0", "0", "0", "0", "0", "0", "0", "0", "0", "0", "0", "0", "0", "0" ], "duration": 1231.0, "sum": 1 }, "geometry": { "type": "Point", "coordinates": [ -122.284683365507959, 47.604138637701467 ] } },
{ "type": "Feature", "properties": { "lat": 47.604138637701467, "lon": -122.28468336550796, "time_of_day": "Morning", "causation": [ "0", "0", "0", "0", "0", "0", "0", "0", "0", "0", "0", "0", "0", "0", "0", "0", "0", "0", "0", "0", "1", "0", "0", "0" ], "duration": 44.0, "sum": 1 }, "geometry": { "type": "Point", "coordinates": [ -122.284683365507959, 47.604138637701467 ] } },
{ "type": "Feature", "properties": { "lat": 47.604150001932062, "lon": -122.28752042340146, "time_of_day": "Late Night", "causation": [ "0", "0", "0", "0", "0", "0", "0", "0", "1", "0", "0", "0", "0", "0", "0", "0", "0", "0", "0", "0", "1", "0", "0", "0" ], "duration": 1646.0, "sum": 2 }, "geometry": { "type": "Point", "coordinates": [ -122.28752042340146, 47.604150001932062 ] } },
{ "type": "Feature", "properties": { "lat": 47.604152344223117, "lon": -122.28813935687231, "time_of_day": "Late Night", "causation": [ "0", "0", "0", "0", "0", "0", "0", "0", "1", "0", "0", "0", "0", "0", "0", "0", "0", "0", "0", "0", "1", "0", "0", "0" ], "duration": 2417.0, "sum": 2 }, "geometry": { "type": "Point", "coordinates": [ -122.288139356872307, 47.604152344223117 ] } },
{ "type": "Feature", "properties": { "lat": 47.604192206843152, "lon": -122.2884554295028, "time_of_day": "Late Night", "causation": [ "0", "0", "0", "0", "0", "0", "0", "0", "1", "0", "0", "0", "0", "0", "0", "0", "0", "0", "0", "0", "1", "0", "0", "0" ], "duration": 2417.0, "sum": 2 }, "geometry": { "type": "Point", "coordinates": [ -122.288455429502804, 47.604192206843152 ] } },
{ "type": "Feature", "properties": { "lat": 47.604196663157389, "lon": -122.28606677333968, "time_of_day": "Late Night", "causation": [ "0", "0", "0", "0", "0", "0", "0", "0", "1", "0", "0", "0", "0", "0", "0", "0", "0", "0", "0", "0", "1", "0", "0", "0" ], "duration": 1646.0, "sum": 2 }, "geometry": { "type": "Point", "coordinates": [ -122.286066773339684, 47.604196663157389 ] } },
{ "type": "Feature", "properties": { "lat": 47.604230896503758, "lon": -122.28413283483439, "time_of_day": "Late Night", "causation": [ "0", "0", "0", "0", "0", "0", "0", "0", "1", "0", "0", "0", "0", "0", "0", "0", "0", "0", "0", "0", "0", "0", "0", "0" ], "duration": 1231.0, "sum": 1 }, "geometry": { "type": "Point", "coordinates": [ -122.284132834834395, 47.604230896503758 ] } },
{ "type": "Feature", "properties": { "lat": 47.604230896503758, "lon": -122.28413283483439, "time_of_day": "Morning", "causation": [ "0", "0", "0", "0", "0", "0", "0", "0", "0", "0", "0", "0", "0", "0", "0", "0", "0", "0", "0", "0", "1", "0", "0", "0" ], "duration": 44.0, "sum": 1 }, "geometry": { "type": "Point", "coordinates": [ -122.284132834834395, 47.604230896503758 ] } },
{ "type": "Feature", "properties": { "lat": 47.604241426191479, "lon": -122.28762092193888, "time_of_day": "Late Night", "causation": [ "0", "0", "0", "0", "0", "0", "0", "0", "1", "0", "0", "0", "0", "0", "0", "0", "0", "0", "0", "0", "1", "0", "0", "0" ], "duration": 1646.0, "sum": 2 }, "geometry": { "type": "Point", "coordinates": [ -122.287620921938881, 47.604241426191479 ] } },
{ "type": "Feature", "properties": { "lat": 47.604243244575919, "lon": -122.28791753286023, "time_of_day": "Late Night", "causation": [ "0", "0", "0", "0", "0", "0", "0", "0", "1", "0", "0", "0", "0", "0", "0", "0", "0", "0", "0", "0", "1", "0", "0", "0" ], "duration": 1646.0, "sum": 2 }, "geometry": { "type": "Point", "coordinates": [ -122.287917532860234, 47.604243244575919 ] } },
{ "type": "Feature", "properties": { "lat": 47.604257160534097, "lon": -122.28889611204778, "time_of_day": "Late Night", "causation": [ "0", "0", "0", "0", "0", "0", "0", "0", "1", "0", "0", "0", "0", "0", "0", "0", "0", "0", "0", "0", "1", "0", "0", "0" ], "duration": 2417.0, "sum": 2 }, "geometry": { "type": "Point", "coordinates": [ -122.28889611204778, 47.604257160534097 ] } },
{ "type": "Feature", "properties": { "lat": 47.604265056827607, "lon": -122.28537253041388, "time_of_day": "Late Night", "causation": [ "0", "0", "0", "0", "0", "0", "0", "0", "1", "0", "0", "0", "0", "0", "0", "0", "0", "0", "0", "0", "0", "0", "0", "0" ], "duration": 1231.0, "sum": 1 }, "geometry": { "type": "Point", "coordinates": [ -122.285372530413881, 47.604265056827607 ] } },
{ "type": "Feature", "properties": { "lat": 47.604265056827607, "lon": -122.28537253041388, "time_of_day": "Morning", "causation": [ "0", "0", "0", "0", "0", "0", "0", "0", "0", "0", "0", "0", "0", "0", "0", "0", "0", "0", "0", "0", "1", "0", "0", "0" ], "duration": 44.0, "sum": 1 }, "geometry": { "type": "Point", "coordinates": [ -122.285372530413881, 47.604265056827607 ] } },
{ "type": "Feature", "properties": { "lat": 47.604272447411816, "lon": -122.28943384472556, "time_of_day": "Late Night", "causation": [ "0", "0", "0", "0", "0", "0", "0", "0", "1", "0", "0", "0", "0", "0", "0", "0", "0", "0", "0", "0", "1", "0", "0", "0" ], "duration": 2417.0, "sum": 2 }, "geometry": { "type": "Point", "coordinates": [ -122.289433844725565, 47.604272447411816 ] } },
{ "type": "Feature", "properties": { "lat": 47.604294932327264, "lon": -122.28641509745648, "time_of_day": "Late Night", "causation": [ "0", "0", "0", "0", "0", "0", "0", "0", "1", "0", "0", "0", "0", "0", "0", "0", "0", "0", "0", "0", "1", "0", "0", "0" ], "duration": 1646.0, "sum": 2 }, "geometry": { "type": "Point", "coordinates": [ -122.286415097456484, 47.604294932327264 ] } },
{ "type": "Feature", "properties": { "lat": 47.604314718923717, "lon": -122.2846214652963, "time_of_day": "Late Night", "causation": [ "0", "0", "0", "0", "0", "0", "0", "0", "1", "0", "0", "0", "0", "0", "0", "0", "0", "0", "0", "0", "0", "0", "0", "0" ], "duration": 1231.0, "sum": 1 }, "geometry": { "type": "Point", "coordinates": [ -122.284621465296297, 47.604314718923717 ] } },
{ "type": "Feature", "properties": { "lat": 47.604314718923717, "lon": -122.2846214652963, "time_of_day": "Morning", "causation": [ "0", "0", "0", "0", "0", "0", "0", "0", "0", "0", "0", "0", "0", "0", "0", "0", "0", "0", "0", "0", "1", "0", "0", "0" ], "duration": 44.0, "sum": 1 }, "geometry": { "type": "Point", "coordinates": [ -122.284621465296297, 47.604314718923717 ] } },
{ "type": "Feature", "properties": { "lat": 47.604356755266878, "lon": -122.2859204990672, "time_of_day": "Late Night", "causation": [ "0", "0", "0", "0", "0", "0", "0", "0", "1", "0", "0", "0", "0", "0", "0", "0", "0", "0", "0", "0", "1", "0", "0", "0" ], "duration": 1646.0, "sum": 2 }, "geometry": { "type": "Point", "coordinates": [ -122.285920499067203, 47.604356755266878 ] } },
{ "type": "Feature", "properties": { "lat": 47.604407089255908, "lon": -122.28515995253696, "time_of_day": "Late Night", "causation": [ "0", "0", "0", "0", "0", "0", "0", "0", "2", "0", "0", "0", "0", "0", "0", "0", "0", "0", "0", "0", "0", "0", "0", "0" ], "duration": 2462.0, "sum": 2 }, "geometry": { "type": "Point", "coordinates": [ -122.285159952536958, 47.604407089255908 ] } },
{ "type": "Feature", "properties": { "lat": 47.604407089255908, "lon": -122.28515995253696, "time_of_day": "Morning", "causation": [ "0", "0", "0", "0", "0", "0", "0", "0", "0", "0", "0", "0", "0", "0", "0", "0", "0", "0", "0", "0", "2", "0", "0", "0" ], "duration": 88.0, "sum": 2 }, "geometry": { "type": "Point", "coordinates": [ -122.285159952536958, 47.604407089255908 ] } },
{ "type": "Feature", "properties": { "lat": 47.604427573669128, "lon": -122.28447611112792, "time_of_day": "Late Night", "causation": [ "0", "0", "0", "0", "0", "0", "0", "0", "1", "0", "0", "0", "0", "0", "0", "0", "0", "0", "0", "0", "0", "0", "0", "0" ], "duration": 1231.0, "sum": 1 }, "geometry": { "type": "Point", "coordinates": [ -122.284476111127915, 47.604427573669128 ] } },
{ "type": "Feature", "properties": { "lat": 47.604427573669128, "lon": -122.28447611112792, "time_of_day": "Morning", "causation": [ "0", "0", "0", "0", "0", "0", "0", "0", "0", "0", "0", "0", "0", "0", "0", "0", "0", "0", "0", "0", "1", "0", "0", "0" ], "duration": 44.0, "sum": 1 }, "geometry": { "type": "Point", "coordinates": [ -122.284476111127915, 47.604427573669128 ] } },
{ "type": "Feature", "properties": { "lat": 47.604435186778268, "lon": -122.28405466254409, "time_of_day": "Late Night", "causation": [ "0", "0", "0", "0", "0", "0", "0", "0", "1", "0", "0", "0", "0", "0", "0", "0", "0", "0", "0", "0", "0", "0", "0", "0" ], "duration": 1231.0, "sum": 1 }, "geometry": { "type": "Point", "coordinates": [ -122.284054662544094, 47.604435186778268 ] } },
{ "type": "Feature", "properties": { "lat": 47.604435186778268, "lon": -122.28405466254409, "time_of_day": "Morning", "causation": [ "0", "0", "0", "0", "0", "0", "0", "0", "0", "0", "0", "0", "0", "0", "0", "0", "0", "0", "0", "0", "1", "0", "0", "0" ], "duration": 44.0, "sum": 1 }, "geometry": { "type": "Point", "coordinates": [ -122.284054662544094, 47.604435186778268 ] } },
{ "type": "Feature", "properties": { "lat": 47.604438770341893, "lon": -122.28654508134905, "time_of_day": "Late Night", "causation": [ "0", "0", "0", "0", "0", "0", "0", "0", "1", "0", "0", "0", "0", "0", "0", "0", "0", "0", "0", "0", "1", "0", "0", "0" ], "duration": 1646.0, "sum": 2 }, "geometry": { "type": "Point", "coordinates": [ -122.286545081349047, 47.604438770341893 ] } },
{ "type": "Feature", "properties": { "lat": 47.60444031714372, "lon": -122.28624851476179, "time_of_day": "Late Night", "causation": [ "0", "0", "0", "0", "0", "0", "0", "0", "2", "0", "0", "0", "0", "0", "0", "0", "0", "0", "0", "0", "2", "0", "0", "0" ], "duration": 3292.0, "sum": 4 }, "geometry": { "type": "Point", "coordinates": [ -122.286248514761795, 47.60444031714372 ] } },
{ "type": "Feature", "properties": { "lat": 47.604459121965597, "lon": -122.2894734850446, "time_of_day": "Late Night", "causation": [ "0", "0", "0", "0", "0", "0", "0", "0", "1", "0", "0", "0", "0", "0", "0", "0", "0", "0", "0", "0", "1", "0", "0", "0" ], "duration": 2417.0, "sum": 2 }, "geometry": { "type": "Point", "coordinates": [ -122.289473485044596, 47.604459121965597 ] } },
{ "type": "Feature", "properties": { "lat": 47.604469771241007, "lon": -122.28578552299908, "time_of_day": "Late Night", "causation": [ "0", "0", "0", "0", "0", "0", "0", "0", "1", "0", "0", "0", "0", "0", "0", "0", "0", "0", "0", "0", "1", "0", "0", "0" ], "duration": 1646.0, "sum": 2 }, "geometry": { "type": "Point", "coordinates": [ -122.285785522999078, 47.604469771241007 ] } },
{ "type": "Feature", "properties": { "lat": 47.604497583792977, "lon": -122.28794058755672, "time_of_day": "Late Night", "causation": [ "0", "0", "0", "0", "0", "0", "0", "0", "1", "0", "0", "0", "0", "0", "0", "0", "0", "0", "0", "0", "1", "0", "0", "0" ], "duration": 1646.0, "sum": 2 }, "geometry": { "type": "Point", "coordinates": [ -122.287940587556719, 47.604497583792977 ] } },
{ "type": "Feature", "properties": { "lat": 47.604507123347979, "lon": -122.2850752105017, "time_of_day": "Late Night", "causation": [ "0", "0", "0", "0", "0", "0", "0", "0", "1", "0", "0", "0", "0", "0", "0", "0", "0", "0", "0", "0", "0", "0", "0", "0" ], "duration": 1231.0, "sum": 1 }, "geometry": { "type": "Point", "coordinates": [ -122.285075210501702, 47.604507123347979 ] } },
{ "type": "Feature", "properties": { "lat": 47.604507123347979, "lon": -122.2850752105017, "time_of_day": "Morning", "causation": [ "0", "0", "0", "0", "0", "0", "0", "0", "0", "0", "0", "0", "0", "0", "0", "0", "0", "0", "0", "0", "1", "0", "0", "0" ], "duration": 44.0, "sum": 1 }, "geometry": { "type": "Point", "coordinates": [ -122.285075210501702, 47.604507123347979 ] } },
{ "type": "Feature", "properties": { "lat": 47.604530131553219, "lon": -122.28863464920212, "time_of_day": "Late Night", "causation": [ "0", "0", "0", "0", "0", "0", "0", "0", "1", "0", "0", "0", "0", "0", "0", "0", "0", "0", "0", "0", "1", "0", "0", "0" ], "duration": 2417.0, "sum": 2 }, "geometry": { "type": "Point", "coordinates": [ -122.288634649202123, 47.604530131553219 ] } },
{ "type": "Feature", "properties": { "lat": 47.604534815756615, "lon": -122.28824714198922, "time_of_day": "Late Night", "causation": [ "0", "0", "0", "0", "0", "0", "0", "0", "1", "0", "0", "0", "0", "0", "0", "0", "0", "0", "0", "0", "1", "0", "0", "0" ], "duration": 2417.0, "sum": 2 }, "geometry": { "type": "Point", "coordinates": [ -122.288247141989217, 47.604534815756615 ] } },
{ "type": "Feature", "properties": { "lat": 47.604546079628662, "lon": -122.28561613457026, "time_of_day": "Late Night", "causation": [ "0", "0", "0", "0", "0", "0", "0", "0", "1", "0", "0", "0", "0", "0", "0", "0", "0", "0", "0", "0", "1", "0", "0", "0" ], "duration": 1646.0, "sum": 2 }, "geometry": { "type": "Point", "coordinates": [ -122.285616134570262, 47.604546079628662 ] } },
{ "type": "Feature", "properties": { "lat": 47.604568244787323, "lon": -122.28401993272678, "time_of_day": "Late Night", "causation": [ "0", "0", "0", "0", "0", "0", "0", "0", "1", "0", "0", "0", "0", "0", "0", "0", "0", "0", "0", "0", "0", "0", "0", "0" ], "duration": 1231.0, "sum": 1 }, "geometry": { "type": "Point", "coordinates": [ -122.284019932726778, 47.604568244787323 ] } },
{ "type": "Feature", "properties": { "lat": 47.604568244787323, "lon": -122.28401993272678, "time_of_day": "Morning", "causation": [ "0", "0", "0", "0", "0", "0", "0", "0", "0", "0", "0", "0", "0", "0", "0", "0", "0", "0", "0", "0", "1", "0", "0", "0" ], "duration": 44.0, "sum": 1 }, "geometry": { "type": "Point", "coordinates": [ -122.284019932726778, 47.604568244787323 ] } },
{ "type": "Feature", "properties": { "lat": 47.604579580675626, "lon": -122.28429747135446, "time_of_day": "Late Night", "causation": [ "0", "0", "0", "0", "0", "0", "0", "0", "1", "0", "0", "0", "0", "0", "0", "0", "0", "0", "0", "0", "0", "0", "0", "0" ], "duration": 1231.0, "sum": 1 }, "geometry": { "type": "Point", "coordinates": [ -122.284297471354463, 47.604579580675626 ] } },
{ "type": "Feature", "properties": { "lat": 47.604579580675626, "lon": -122.28429747135446, "time_of_day": "Morning", "causation": [ "0", "0", "0", "0", "0", "0", "0", "0", "0", "0", "0", "0", "0", "0", "0", "0", "0", "0", "0", "0", "1", "0", "0", "0" ], "duration": 44.0, "sum": 1 }, "geometry": { "type": "Point", "coordinates": [ -122.284297471354463, 47.604579580675626 ] } },
{ "type": "Feature", "properties": { "lat": 47.604600908596481, "lon": -122.28794199175807, "time_of_day": "Late Night", "causation": [ "0", "0", "0", "0", "0", "0", "0", "0", "1", "0", "0", "0", "0", "0", "0", "0", "0", "0", "0", "0", "1", "0", "0", "0" ], "duration": 1646.0, "sum": 2 }, "geometry": { "type": "Point", "coordinates": [ -122.287941991758075, 47.604600908596481 ] } },
{ "type": "Feature", "properties": { "lat": 47.604635301309123, "lon": -122.28492249176088, "time_of_day": "Late Night", "causation": [ "0", "0", "0", "0", "0", "0", "0", "0", "1", "0", "0", "0", "0", "0", "0", "0", "0", "0", "0", "0", "0", "0", "0", "0" ], "duration": 1231.0, "sum": 1 }, "geometry": { "type": "Point", "coordinates": [ -122.284922491760881, 47.604635301309123 ] } },
{ "type": "Feature", "properties": { "lat": 47.604635301309123, "lon": -122.28492249176088, "time_of_day": "Morning", "causation": [ "0", "0", "0", "0", "0", "0", "0", "0", "0", "0", "0", "0", "0", "0", "0", "0", "0", "0", "0", "0", "1", "0", "0", "0" ], "duration": 44.0, "sum": 1 }, "geometry": { "type": "Point", "coordinates": [ -122.284922491760881, 47.604635301309123 ] } },
{ "type": "Feature", "properties": { "lat": 47.604635695756784, "lon": -122.28604610393994, "time_of_day": "Late Night", "causation": [ "0", "0", "0", "0", "0", "0", "0", "0", "1", "0", "0", "0", "0", "0", "0", "0", "0", "0", "0", "0", "1", "0", "0", "0" ], "duration": 1646.0, "sum": 2 }, "geometry": { "type": "Point", "coordinates": [ -122.286046103939938, 47.604635695756784 ] } },
{ "type": "Feature", "properties": { "lat": 47.604679179891853, "lon": -122.28327436016838, "time_of_day": "Late Night", "causation": [ "0", "0", "0", "0", "0", "0", "0", "0", "1", "0", "0", "0", "0", "0", "0", "0", "0", "0", "0", "0", "0", "0", "0", "0" ], "duration": 1231.0, "sum": 1 }, "geometry": { "type": "Point", "coordinates": [ -122.283274360168377, 47.604679179891853 ] } },
{ "type": "Feature", "properties": { "lat": 47.604679179891853, "lon": -122.28327436016838, "time_of_day": "Morning", "causation": [ "0", "0", "0", "0", "0", "0", "0", "0", "0", "0", "0", "0", "0", "0", "0", "0", "0", "0", "0", "0", "1", "0", "0", "0" ], "duration": 44.0, "sum": 1 }, "geometry": { "type": "Point", "coordinates": [ -122.283274360168377, 47.604679179891853 ] } },
{ "type": "Feature", "properties": { "lat": 47.60469306456578, "lon": -122.28866878606829, "time_of_day": "Late Night", "causation": [ "0", "0", "0", "0", "0", "0", "0", "0", "1", "0", "0", "0", "0", "0", "0", "0", "0", "0", "0", "0", "1", "0", "0", "0" ], "duration": 2417.0, "sum": 2 }, "geometry": { "type": "Point", "coordinates": [ -122.288668786068285, 47.60469306456578 ] } },
{ "type": "Feature", "properties": { "lat": 47.604704566105589, "lon": -122.28795443306728, "time_of_day": "Late Night", "causation": [ "0", "0", "0", "0", "0", "0", "0", "0", "1", "0", "0", "0", "0", "0", "0", "0", "0", "0", "0", "0", "1", "0", "0", "0" ], "duration": 1646.0, "sum": 2 }, "geometry": { "type": "Point", "coordinates": [ -122.287954433067284, 47.604704566105589 ] } },
{ "type": "Feature", "properties": { "lat": 47.60471494131734, "lon": -122.28544386703508, "time_of_day": "Late Night", "causation": [ "0", "0", "0", "0", "0", "0", "0", "0", "1", "0", "0", "0", "0", "0", "0", "0", "0", "0", "0", "0", "1", "0", "0", "0" ], "duration": 1646.0, "sum": 2 }, "geometry": { "type": "Point", "coordinates": [ -122.285443867035085, 47.60471494131734 ] } },
{ "type": "Feature", "properties": { "lat": 47.604720204378459, "lon": -122.28826617867162, "time_of_day": "Late Night", "causation": [ "0", "0", "0", "0", "0", "0", "0", "0", "1", "0", "0", "0", "0", "0", "0", "0", "0", "0", "0", "0", "1", "0", "0", "0" ], "duration": 1646.0, "sum": 2 }, "geometry": { "type": "Point", "coordinates": [ -122.28826617867162, 47.604720204378459 ] } },
{ "type": "Feature", "properties": { "lat": 47.604724392663528, "lon": -122.28441097604394, "time_of_day": "Late Night", "causation": [ "0", "0", "0", "0", "0", "0", "0", "0", "1", "0", "0", "0", "0", "0", "0", "0", "0", "0", "0", "0", "0", "0", "0", "0" ], "duration": 1231.0, "sum": 1 }, "geometry": { "type": "Point", "coordinates": [ -122.284410976043944, 47.604724392663528 ] } },
{ "type": "Feature", "properties": { "lat": 47.604724392663528, "lon": -122.28441097604394, "time_of_day": "Morning", "causation": [ "0", "0", "0", "0", "0", "0", "0", "0", "0", "0", "0", "0", "0", "0", "0", "0", "0", "0", "0", "0", "1", "0", "0", "0" ], "duration": 44.0, "sum": 1 }, "geometry": { "type": "Point", "coordinates": [ -122.284410976043944, 47.604724392663528 ] } },
{ "type": "Feature", "properties": { "lat": 47.604770086851936, "lon": -122.28489966304672, "time_of_day": "Late Night", "causation": [ "0", "0", "0", "0", "0", "0", "0", "0", "1", "0", "0", "0", "0", "0", "0", "0", "0", "0", "0", "0", "0", "0", "0", "0" ], "duration": 1231.0, "sum": 1 }, "geometry": { "type": "Point", "coordinates": [ -122.284899663046716, 47.604770086851936 ] } },
{ "type": "Feature", "properties": { "lat": 47.604770086851936, "lon": -122.28489966304672, "time_of_day": "Morning", "causation": [ "0", "0", "0", "0", "0", "0", "0", "0", "0", "0", "0", "0", "0", "0", "0", "0", "0", "0", "0", "0", "1", "0", "0", "0" ], "duration": 44.0, "sum": 1 }, "geometry": { "type": "Point", "coordinates": [ -122.284899663046716, 47.604770086851936 ] } },
{ "type": "Feature", "properties": { "lat": 47.604774722816728, "lon": -122.28396021096128, "time_of_day": "Late Night", "causation": [ "0", "0", "0", "0", "0", "0", "0", "0", "1", "0", "0", "0", "0", "0", "0", "0", "0", "0", "0", "0", "0", "0", "0", "0" ], "duration": 1231.0, "sum": 1 }, "geometry": { "type": "Point", "coordinates": [ -122.283960210961283, 47.604774722816728 ] } },
{ "type": "Feature", "properties": { "lat": 47.604774722816728, "lon": -122.28396021096128, "time_of_day": "Morning", "causation": [ "0", "0", "0", "0", "0", "0", "0", "0", "0", "0", "0", "0", "0", "0", "0", "0", "0", "0", "0", "0", "1", "0", "0", "0" ], "duration": 44.0, "sum": 1 }, "geometry": { "type": "Point", "coordinates": [ -122.283960210961283, 47.604774722816728 ] } },
{ "type": "Feature", "properties": { "lat": 47.60480137272139, "lon": -122.28592018705716, "time_of_day": "Late Night", "causation": [ "0", "0", "0", "0", "0", "0", "0", "0", "1", "0", "0", "0", "0", "0", "0", "0", "0", "0", "0", "0", "1", "0", "0", "0" ], "duration": 1646.0, "sum": 2 }, "geometry": { "type": "Point", "coordinates": [ -122.285920187057158, 47.60480137272139 ] } },
{ "type": "Feature", "properties": { "lat": 47.604804820672605, "lon": -122.28795532577624, "time_of_day": "Late Night", "causation": [ "0", "0", "0", "0", "0", "0", "0", "0", "1", "0", "0", "0", "0", "0", "0", "0", "0", "0", "0", "0", "1", "0", "0", "0" ], "duration": 1646.0, "sum": 2 }, "geometry": { "type": "Point", "coordinates": [ -122.287955325776238, 47.604804820672605 ] } },
{ "type": "Feature", "properties": { "lat": 47.604886032173347, "lon": -122.28539961589256, "time_of_day": "Late Night", "causation": [ "0", "0", "0", "0", "0", "0", "0", "0", "1", "0", "0", "0", "0", "0", "0", "0", "0", "0", "0", "0", "1", "0", "0", "0" ], "duration": 1646.0, "sum": 2 }, "geometry": { "type": "Point", "coordinates": [ -122.285399615892558, 47.604886032173347 ] } },
{ "type": "Feature", "properties": { "lat": 47.604887519351337, "lon": -122.28495301390149, "time_of_day": "Late Night", "causation": [ "0", "0", "0", "0", "0", "0", "0", "0", "1", "0", "0", "0", "0", "0", "0", "0", "0", "0", "0", "0", "0", "0", "0", "0" ], "duration": 1231.0, "sum": 1 }, "geometry": { "type": "Point", "coordinates": [ -122.284953013901486, 47.604887519351337 ] } },
{ "type": "Feature", "properties": { "lat": 47.604887519351337, "lon": -122.28495301390149, "time_of_day": "Morning", "causation": [ "0", "0", "0", "0", "0", "0", "0", "0", "0", "0", "0", "0", "0", "0", "0", "0", "0", "0", "0", "0", "1", "0", "0", "0" ], "duration": 44.0, "sum": 1 }, "geometry": { "type": "Point", "coordinates": [ -122.284953013901486, 47.604887519351337 ] } },
{ "type": "Feature", "properties": { "lat": 47.604907516431027, "lon": -122.28831493903805, "time_of_day": "Late Night", "causation": [ "0", "0", "0", "0", "0", "0", "0", "0", "1", "0", "0", "0", "0", "0", "0", "0", "0", "0", "0", "0", "1", "0", "0", "0" ], "duration": 1646.0, "sum": 2 }, "geometry": { "type": "Point", "coordinates": [ -122.288314939038045, 47.604907516431027 ] } },
{ "type": "Feature", "properties": { "lat": 47.604936166696511, "lon": -122.28789741958258, "time_of_day": "Late Night", "causation": [ "0", "0", "0", "0", "0", "0", "0", "0", "1", "0", "0", "0", "0", "0", "0", "0", "0", "0", "0", "0", "1", "0", "0", "0" ], "duration": 1646.0, "sum": 2 }, "geometry": { "type": "Point", "coordinates": [ -122.287897419582578, 47.604936166696511 ] } },
{ "type": "Feature", "properties": { "lat": 47.604942338140447, "lon": -122.28440457390607, "time_of_day": "Late Night", "causation": [ "0", "0", "0", "0", "0", "0", "0", "0", "1", "0", "0", "0", "0", "0", "0", "0", "0", "0", "0", "0", "0", "0", "0", "0" ], "duration": 1231.0, "sum": 1 }, "geometry": { "type": "Point", "coordinates": [ -122.284404573906073, 47.604942338140447 ] } },
{ "type": "Feature", "properties": { "lat": 47.604942338140447, "lon": -122.28440457390607, "time_of_day": "Morning", "causation": [ "0", "0", "0", "0", "0", "0", "0", "0", "0", "0", "0", "0", "0", "0", "0", "0", "0", "0", "0", "0", "1", "0", "0", "0" ], "duration": 44.0, "sum": 1 }, "geometry": { "type": "Point", "coordinates": [ -122.284404573906073, 47.604942338140447 ] } },
{ "type": "Feature", "properties": { "lat": 47.604952262009732, "lon": -122.28592655573055, "time_of_day": "Late Night", "causation": [ "0", "0", "0", "0", "0", "0", "0", "0", "1", "0", "0", "0", "0", "0", "0", "0", "0", "0", "0", "0", "1", "0", "0", "0" ], "duration": 1646.0, "sum": 2 }, "geometry": { "type": "Point", "coordinates": [ -122.285926555730555, 47.604952262009732 ] } },
{ "type": "Feature", "properties": { "lat": 47.605004681897533, "lon": -122.28489562885288, "time_of_day": "Late Night", "causation": [ "0", "0", "0", "0", "0", "0", "0", "0", "1", "0", "0", "0", "0", "0", "0", "0", "0", "0", "0", "0", "0", "0", "0", "0" ], "duration": 1231.0, "sum": 1 }, "geometry": { "type": "Point", "coordinates": [ -122.28489562885288, 47.605004681897533 ] } },
{ "type": "Feature", "properties": { "lat": 47.605004681897533, "lon": -122.28489562885288, "time_of_day": "Morning", "causation": [ "0", "0", "0", "0", "0", "0", "0", "0", "0", "0", "0", "0", "0", "0", "0", "0", "0", "0", "0", "0", "1", "0", "0", "0" ], "duration": 44.0, "sum": 1 }, "geometry": { "type": "Point", "coordinates": [ -122.28489562885288, 47.605004681897533 ] } },
{ "type": "Feature", "properties": { "lat": 47.605007323174561, "lon": -122.28367362949204, "time_of_day": "Late Night", "causation": [ "0", "0", "0", "0", "0", "0", "0", "0", "1", "0", "0", "0", "0", "0", "0", "0", "0", "0", "0", "0", "0", "0", "0", "0" ], "duration": 1231.0, "sum": 1 }, "geometry": { "type": "Point", "coordinates": [ -122.283673629492043, 47.605007323174561 ] } },
{ "type": "Feature", "properties": { "lat": 47.605007323174561, "lon": -122.28367362949204, "time_of_day": "Morning", "causation": [ "0", "0", "0", "0", "0", "0", "0", "0", "0", "0", "0", "0", "0", "0", "0", "0", "0", "0", "0", "0", "1", "0", "0", "0" ], "duration": 44.0, "sum": 1 }, "geometry": { "type": "Point", "coordinates": [ -122.283673629492043, 47.605007323174561 ] } },
{ "type": "Feature", "properties": { "lat": 47.605088142964988, "lon": -122.28371813245774, "time_of_day": "Late Night", "causation": [ "0", "0", "0", "0", "0", "0", "0", "0", "1", "0", "0", "0", "0", "0", "0", "0", "0", "0", "0", "0", "0", "0", "0", "0" ], "duration": 1231.0, "sum": 1 }, "geometry": { "type": "Point", "coordinates": [ -122.283718132457736, 47.605088142964988 ] } },
{ "type": "Feature", "properties": { "lat": 47.605088142964988, "lon": -122.28371813245774, "time_of_day": "Morning", "causation": [ "0", "0", "0", "0", "0", "0", "0", "0", "0", "0", "0", "0", "0", "0", "0", "0", "0", "0", "0", "0", "1", "0", "0", "0" ], "duration": 44.0, "sum": 1 }, "geometry": { "type": "Point", "coordinates": [ -122.283718132457736, 47.605088142964988 ] } },
{ "type": "Feature", "properties": { "lat": 47.605233865600731, "lon": -122.28392009606792, "time_of_day": "Late Night", "causation": [ "0", "0", "0", "0", "0", "0", "0", "0", "1", "0", "0", "0", "0", "0", "0", "0", "0", "0", "0", "0", "0", "0", "0", "0" ], "duration": 1231.0, "sum": 1 }, "geometry": { "type": "Point", "coordinates": [ -122.283920096067916, 47.605233865600731 ] } },
{ "type": "Feature", "properties": { "lat": 47.605233865600731, "lon": -122.28392009606792, "time_of_day": "Morning", "causation": [ "0", "0", "0", "0", "0", "0", "0", "0", "0", "0", "0", "0", "0", "0", "0", "0", "0", "0", "0", "0", "1", "0", "0", "0" ], "duration": 44.0, "sum": 1 }, "geometry": { "type": "Point", "coordinates": [ -122.283920096067916, 47.605233865600731 ] } },
{ "type": "Feature", "properties": { "lat": 47.605299833322562, "lon": -122.284389417276, "time_of_day": "Late Night", "causation": [ "0", "0", "0", "0", "0", "0", "0", "0", "1", "0", "0", "0", "0", "0", "0", "0", "0", "0", "0", "0", "0", "0", "0", "0" ], "duration": 1231.0, "sum": 1 }, "geometry": { "type": "Point", "coordinates": [ -122.284389417276003, 47.605299833322562 ] } },
{ "type": "Feature", "properties": { "lat": 47.605299833322562, "lon": -122.284389417276, "time_of_day": "Morning", "causation": [ "0", "0", "0", "0", "0", "0", "0", "0", "0", "0", "0", "0", "0", "0", "0", "0", "0", "0", "0", "0", "1", "0", "0", "0" ], "duration": 44.0, "sum": 1 }, "geometry": { "type": "Point", "coordinates": [ -122.284389417276003, 47.605299833322562 ] } },
{ "type": "Feature", "properties": { "lat": 47.605327616245432, "lon": -122.2848725380252, "time_of_day": "Late Night", "causation": [ "0", "0", "0", "0", "0", "0", "0", "0", "2", "0", "0", "0", "0", "0", "0", "0", "0", "0", "0", "0", "0", "0", "0", "0" ], "duration": 2462.0, "sum": 2 }, "geometry": { "type": "Point", "coordinates": [ -122.284872538025198, 47.605327616245432 ] } },
{ "type": "Feature", "properties": { "lat": 47.605327616245432, "lon": -122.2848725380252, "time_of_day": "Morning", "causation": [ "0", "0", "0", "0", "0", "0", "0", "0", "0", "0", "0", "0", "0", "0", "0", "0", "0", "0", "0", "0", "2", "0", "0", "0" ], "duration": 88.0, "sum": 2 }, "geometry": { "type": "Point", "coordinates": [ -122.284872538025198, 47.605327616245432 ] } },
{ "type": "Feature", "properties": { "lat": 47.605371211045878, "lon": -122.28375662835498, "time_of_day": "Late Night", "causation": [ "0", "0", "0", "0", "0", "0", "0", "0", "1", "0", "0", "0", "0", "0", "0", "0", "0", "0", "0", "0", "0", "0", "0", "0" ], "duration": 1231.0, "sum": 1 }, "geometry": { "type": "Point", "coordinates": [ -122.283756628354979, 47.605371211045878 ] } },
{ "type": "Feature", "properties": { "lat": 47.605371211045878, "lon": -122.28375662835498, "time_of_day": "Morning", "causation": [ "0", "0", "0", "0", "0", "0", "0", "0", "0", "0", "0", "0", "0", "0", "0", "0", "0", "0", "0", "0", "1", "0", "0", "0" ], "duration": 44.0, "sum": 1 }, "geometry": { "type": "Point", "coordinates": [ -122.283756628354979, 47.605371211045878 ] } },
{ "type": "Feature", "properties": { "lat": 47.605501111215098, "lon": -122.28384730084043, "time_of_day": "Late Night", "causation": [ "0", "0", "0", "0", "0", "0", "0", "0", "1", "0", "0", "0", "0", "0", "0", "0", "0", "0", "0", "0", "0", "0", "0", "0" ], "duration": 1231.0, "sum": 1 }, "geometry": { "type": "Point", "coordinates": [ -122.283847300840435, 47.605501111215098 ] } },
{ "type": "Feature", "properties": { "lat": 47.605501111215098, "lon": -122.28384730084043, "time_of_day": "Morning", "causation": [ "0", "0", "0", "0", "0", "0", "0", "0", "0", "0", "0", "0", "0", "0", "0", "0", "0", "0", "0", "0", "1", "0", "0", "0" ], "duration": 44.0, "sum": 1 }, "geometry": { "type": "Point", "coordinates": [ -122.283847300840435, 47.605501111215098 ] } },
{ "type": "Feature", "properties": { "lat": 47.605639364264611, "lon": -122.2838455512332, "time_of_day": "Late Night", "causation": [ "0", "0", "0", "0", "0", "0", "0", "0", "1", "0", "0", "0", "0", "0", "0", "0", "0", "0", "0", "0", "0", "0", "0", "0" ], "duration": 1231.0, "sum": 1 }, "geometry": { "type": "Point", "coordinates": [ -122.283845551233199, 47.605639364264611 ] } },
{ "type": "Feature", "properties": { "lat": 47.605639364264611, "lon": -122.2838455512332, "time_of_day": "Morning", "causation": [ "0", "0", "0", "0", "0", "0", "0", "0", "0", "0", "0", "0", "0", "0", "0", "0", "0", "0", "0", "0", "1", "0", "0", "0" ], "duration": 44.0, "sum": 1 }, "geometry": { "type": "Point", "coordinates": [ -122.283845551233199, 47.605639364264611 ] } },
{ "type": "Feature", "properties": { "lat": 47.605799484015748, "lon": -122.28389701316716, "time_of_day": "Late Night", "causation": [ "0", "0", "0", "0", "0", "0", "0", "0", "1", "0", "0", "0", "0", "0", "0", "0", "0", "0", "0", "0", "0", "0", "0", "0" ], "duration": 1231.0, "sum": 1 }, "geometry": { "type": "Point", "coordinates": [ -122.283897013167163, 47.605799484015748 ] } },
{ "type": "Feature", "properties": { "lat": 47.605799484015748, "lon": -122.28389701316716, "time_of_day": "Morning", "causation": [ "0", "0", "0", "0", "0", "0", "0", "0", "0", "0", "0", "0", "0", "0", "0", "0", "0", "0", "0", "0", "1", "0", "0", "0" ], "duration": 44.0, "sum": 1 }, "geometry": { "type": "Point", "coordinates": [ -122.283897013167163, 47.605799484015748 ] } },
{ "type": "Feature", "properties": { "lat": 47.60606042718117, "lon": -122.28420392220021, "time_of_day": "Late Night", "causation": [ "0", "0", "0", "0", "0", "0", "0", "0", "1", "0", "0", "0", "0", "0", "0", "0", "0", "0", "0", "0", "0", "0", "0", "0" ], "duration": 1231.0, "sum": 1 }, "geometry": { "type": "Point", "coordinates": [ -122.284203922200206, 47.60606042718117 ] } },
{ "type": "Feature", "properties": { "lat": 47.60606042718117, "lon": -122.28420392220021, "time_of_day": "Morning", "causation": [ "0", "0", "0", "0", "0", "0", "0", "0", "0", "0", "0", "0", "0", "0", "0", "0", "0", "0", "0", "0", "1", "0", "0", "0" ], "duration": 44.0, "sum": 1 }, "geometry": { "type": "Point", "coordinates": [ -122.284203922200206, 47.60606042718117 ] } },
{ "type": "Feature", "properties": { "lat": 47.606083461506586, "lon": -122.28465138836452, "time_of_day": "Late Night", "causation": [ "0", "0", "0", "0", "0", "0", "0", "0", "1", "0", "0", "0", "0", "0", "0", "0", "0", "0", "0", "0", "0", "0", "0", "0" ], "duration": 1231.0, "sum": 1 }, "geometry": { "type": "Point", "coordinates": [ -122.284651388364523, 47.606083461506586 ] } },
{ "type": "Feature", "properties": { "lat": 47.606083461506586, "lon": -122.28465138836452, "time_of_day": "Morning", "causation": [ "0", "0", "0", "0", "0", "0", "0", "0", "0", "0", "0", "0", "0", "0", "0", "0", "0", "0", "0", "0", "1", "0", "0", "0" ], "duration": 44.0, "sum": 1 }, "geometry": { "type": "Point", "coordinates": [ -122.284651388364523, 47.606083461506586 ] } },
{ "type": "Feature", "properties": { "lat": 47.606085164275569, "lon": -122.28387086231174, "time_of_day": "Late Night", "causation": [ "0", "0", "0", "0", "0", "0", "0", "0", "1", "0", "0", "0", "0", "0", "0", "0", "0", "0", "0", "0", "0", "0", "0", "0" ], "duration": 1231.0, "sum": 1 }, "geometry": { "type": "Point", "coordinates": [ -122.283870862311744, 47.606085164275569 ] } },
{ "type": "Feature", "properties": { "lat": 47.606085164275569, "lon": -122.28387086231174, "time_of_day": "Morning", "causation": [ "0", "0", "0", "0", "0", "0", "0", "0", "0", "0", "0", "0", "0", "0", "0", "0", "0", "0", "0", "0", "1", "0", "0", "0" ], "duration": 44.0, "sum": 1 }, "geometry": { "type": "Point", "coordinates": [ -122.283870862311744, 47.606085164275569 ] } },
{ "type": "Feature", "properties": { "lat": 47.606250467272922, "lon": -122.28389291632196, "time_of_day": "Late Night", "causation": [ "0", "0", "0", "0", "0", "0", "0", "0", "1", "0", "0", "0", "0", "0", "0", "0", "0", "0", "0", "0", "0", "0", "0", "0" ], "duration": 1231.0, "sum": 1 }, "geometry": { "type": "Point", "coordinates": [ -122.28389291632196, 47.606250467272922 ] } },
{ "type": "Feature", "properties": { "lat": 47.606250467272922, "lon": -122.28389291632196, "time_of_day": "Morning", "causation": [ "0", "0", "0", "0", "0", "0", "0", "0", "0", "0", "0", "0", "0", "0", "0", "0", "0", "0", "0", "0", "1", "0", "0", "0" ], "duration": 44.0, "sum": 1 }, "geometry": { "type": "Point", "coordinates": [ -122.28389291632196, 47.606250467272922 ] } },
{ "type": "Feature", "properties": { "lat": 47.606397561808912, "lon": -122.28388181228624, "time_of_day": "Late Night", "causation": [ "0", "0", "0", "0", "0", "0", "0", "0", "1", "0", "0", "0", "0", "0", "0", "0", "0", "0", "0", "0", "0", "0", "0", "0" ], "duration": 1231.0, "sum": 1 }, "geometry": { "type": "Point", "coordinates": [ -122.283881812286239, 47.606397561808912 ] } },
{ "type": "Feature", "properties": { "lat": 47.606397561808912, "lon": -122.28388181228624, "time_of_day": "Morning", "causation": [ "0", "0", "0", "0", "0", "0", "0", "0", "0", "0", "0", "0", "0", "0", "0", "0", "0", "0", "0", "0", "1", "0", "0", "0" ], "duration": 44.0, "sum": 1 }, "geometry": { "type": "Point", "coordinates": [ -122.283881812286239, 47.606397561808912 ] } },
{ "type": "Feature", "properties": { "lat": 47.606581534753822, "lon": -122.28384791607236, "time_of_day": "Late Night", "causation": [ "0", "0", "0", "0", "0", "0", "0", "0", "1", "0", "0", "0", "0", "0", "0", "0", "0", "0", "0", "0", "0", "0", "0", "0" ], "duration": 1231.0, "sum": 1 }, "geometry": { "type": "Point", "coordinates": [ -122.283847916072361, 47.606581534753822 ] } },
{ "type": "Feature", "properties": { "lat": 47.606581534753822, "lon": -122.28384791607236, "time_of_day": "Morning", "causation": [ "0", "0", "0", "0", "0", "0", "0", "0", "0", "0", "0", "0", "0", "0", "0", "0", "0", "0", "0", "0", "1", "0", "0", "0" ], "duration": 44.0, "sum": 1 }, "geometry": { "type": "Point", "coordinates": [ -122.283847916072361, 47.606581534753822 ] } },
{ "type": "Feature", "properties": { "lat": 47.607201192108576, "lon": -122.2836812021239, "time_of_day": "Late Night", "causation": [ "0", "0", "0", "0", "0", "0", "0", "0", "1", "0", "0", "0", "0", "0", "0", "0", "0", "0", "0", "0", "0", "0", "0", "0" ], "duration": 1231.0, "sum": 1 }, "geometry": { "type": "Point", "coordinates": [ -122.283681202123901, 47.607201192108576 ] } },
{ "type": "Feature", "properties": { "lat": 47.607201192108576, "lon": -122.2836812021239, "time_of_day": "Morning", "causation": [ "0", "0", "0", "0", "0", "0", "0", "0", "0", "0", "0", "0", "0", "0", "0", "0", "0", "0", "0", "0", "1", "0", "0", "0" ], "duration": 44.0, "sum": 1 }, "geometry": { "type": "Point", "coordinates": [ -122.283681202123901, 47.607201192108576 ] } },
{ "type": "Feature", "properties": { "lat": 47.60759310196115, "lon": -122.28388753061668, "time_of_day": "Late Night", "causation": [ "0", "0", "0", "0", "0", "0", "0", "0", "0", "0", "0", "0", "0", "1", "0", "0", "0", "0", "0", "0", "0", "0", "0", "0" ], "duration": 343.0, "sum": 1 }, "geometry": { "type": "Point", "coordinates": [ -122.283887530616681, 47.60759310196115 ] } },
{ "type": "Feature", "properties": { "lat": 47.60774262113388, "lon": -122.28384178267736, "time_of_day": "Late Night", "causation": [ "0", "0", "0", "0", "0", "0", "0", "0", "0", "0", "0", "0", "0", "1", "0", "0", "0", "0", "0", "0", "0", "0", "0", "0" ], "duration": 343.0, "sum": 1 }, "geometry": { "type": "Point", "coordinates": [ -122.283841782677356, 47.60774262113388 ] } },
{ "type": "Feature", "properties": { "lat": 47.607874282581513, "lon": -122.2843043948956, "time_of_day": "Late Night", "causation": [ "0", "0", "0", "0", "0", "0", "0", "0", "0", "0", "0", "0", "0", "1", "0", "0", "0", "0", "0", "0", "0", "0", "0", "0" ], "duration": 343.0, "sum": 1 }, "geometry": { "type": "Point", "coordinates": [ -122.284304394895599, 47.607874282581513 ] } },
{ "type": "Feature", "properties": { "lat": 47.607930755578025, "lon": -122.28372702729952, "time_of_day": "Late Night", "causation": [ "0", "0", "0", "0", "0", "0", "0", "0", "1", "0", "0", "0", "0", "0", "0", "0", "0", "0", "0", "0", "0", "0", "0", "0" ], "duration": 1231.0, "sum": 1 }, "geometry": { "type": "Point", "coordinates": [ -122.28372702729952, 47.607930755578025 ] } },
{ "type": "Feature", "properties": { "lat": 47.607930755578025, "lon": -122.28372702729952, "time_of_day": "Morning", "causation": [ "0", "0", "0", "0", "0", "0", "0", "0", "0", "0", "0", "0", "0", "0", "0", "0", "0", "0", "0", "0", "1", "0", "0", "0" ], "duration": 44.0, "sum": 1 }, "geometry": { "type": "Point", "coordinates": [ -122.28372702729952, 47.607930755578025 ] } },
{ "type": "Feature", "properties": { "lat": 47.60821749324959, "lon": -122.28384349639232, "time_of_day": "Late Night", "causation": [ "0", "0", "0", "0", "0", "0", "0", "0", "0", "0", "0", "0", "0", "1", "0", "0", "0", "0", "0", "0", "0", "0", "0", "0" ], "duration": 343.0, "sum": 1 }, "geometry": { "type": "Point", "coordinates": [ -122.283843496392322, 47.60821749324959 ] } },
{ "type": "Feature", "properties": { "lat": 47.608412464355432, "lon": -122.28427513705302, "time_of_day": "Late Night", "causation": [ "0", "0", "0", "0", "0", "0", "0", "0", "0", "0", "0", "0", "0", "1", "0", "0", "0", "0", "0", "0", "0", "0", "0", "0" ], "duration": 343.0, "sum": 1 }, "geometry": { "type": "Point", "coordinates": [ -122.284275137053015, 47.608412464355432 ] } },
{ "type": "Feature", "properties": { "lat": 47.608456428360391, "lon": -122.28391434142505, "time_of_day": "Late Night", "causation": [ "0", "0", "0", "0", "0", "0", "0", "0", "0", "0", "0", "0", "0", "1", "0", "0", "0", "0", "0", "0", "0", "0", "0", "0" ], "duration": 343.0, "sum": 1 }, "geometry": { "type": "Point", "coordinates": [ -122.283914341425046, 47.608456428360391 ] } },
{ "type": "Feature", "properties": { "lat": 47.60857184955055, "lon": -122.28425902421532, "time_of_day": "Late Night", "causation": [ "0", "0", "0", "0", "0", "0", "0", "0", "0", "0", "0", "0", "0", "1", "0", "0", "0", "0", "0", "0", "0", "0", "0", "0" ], "duration": 343.0, "sum": 1 }, "geometry": { "type": "Point", "coordinates": [ -122.284259024215316, 47.60857184955055 ] } },
{ "type": "Feature", "properties": { "lat": 47.608604627961846, "lon": -122.28370990205546, "time_of_day": "Late Night", "causation": [ "0", "0", "0", "0", "0", "0", "0", "0", "0", "0", "0", "0", "0", "1", "0", "0", "0", "0", "0", "0", "0", "0", "0", "0" ], "duration": 343.0, "sum": 1 }, "geometry": { "type": "Point", "coordinates": [ -122.283709902055463, 47.608604627961846 ] } },
{ "type": "Feature", "properties": { "lat": 47.608746745906203, "lon": -122.28389306659354, "time_of_day": "Late Night", "causation": [ "0", "0", "0", "0", "0", "0", "0", "0", "0", "0", "0", "0", "0", "1", "0", "0", "0", "0", "0", "0", "0", "0", "0", "0" ], "duration": 343.0, "sum": 1 }, "geometry": { "type": "Point", "coordinates": [ -122.283893066593535, 47.608746745906203 ] } },
{ "type": "Feature", "properties": { "lat": 47.608844958518233, "lon": -122.28390464352336, "time_of_day": "Late Night", "causation": [ "0", "0", "0", "0", "0", "0", "0", "0", "0", "0", "0", "0", "0", "1", "0", "0", "0", "0", "0", "0", "0", "0", "0", "0" ], "duration": 343.0, "sum": 1 }, "geometry": { "type": "Point", "coordinates": [ -122.283904643523357, 47.608844958518233 ] } },
{ "type": "Feature", "properties": { "lat": 47.609045089613247, "lon": -122.28388961254188, "time_of_day": "Late Night", "causation": [ "0", "0", "0", "0", "0", "0", "0", "0", "0", "0", "0", "0", "0", "1", "0", "0", "0", "0", "0", "0", "0", "0", "0", "0" ], "duration": 343.0, "sum": 1 }, "geometry": { "type": "Point", "coordinates": [ -122.283889612541884, 47.609045089613247 ] } },
{ "type": "Feature", "properties": { "lat": 47.609557321829321, "lon": -122.29593664397623, "time_of_day": "Morning", "causation": [ "0", "0", "0", "0", "0", "0", "0", "0", "1", "0", "0", "0", "0", "0", "0", "0", "0", "0", "1", "0", "0", "0", "0", "0" ], "duration": 811.0, "sum": 2 }, "geometry": { "type": "Point", "coordinates": [ -122.295936643976233, 47.609557321829321 ] } },
{ "type": "Feature", "properties": { "lat": 47.609642533558286, "lon": -122.29587459725002, "time_of_day": "Morning", "causation": [ "0", "0", "0", "0", "0", "0", "0", "0", "1", "0", "0", "0", "0", "0", "0", "0", "0", "0", "1", "0", "0", "0", "0", "0" ], "duration": 811.0, "sum": 2 }, "geometry": { "type": "Point", "coordinates": [ -122.29587459725002, 47.609642533558286 ] } },
{ "type": "Feature", "properties": { "lat": 47.610233480470328, "lon": -122.29592561993766, "time_of_day": "Morning", "causation": [ "0", "0", "0", "0", "0", "0", "0", "0", "1", "0", "0", "0", "0", "0", "0", "0", "0", "0", "1", "0", "0", "0", "0", "0" ], "duration": 811.0, "sum": 2 }, "geometry": { "type": "Point", "coordinates": [ -122.295925619937663, 47.610233480470328 ] } },
{ "type": "Feature", "properties": { "lat": 47.61037147745413, "lon": -122.29549775706724, "time_of_day": "Morning", "causation": [ "0", "0", "0", "0", "0", "0", "0", "0", "1", "0", "0", "0", "0", "0", "0", "0", "0", "0", "1", "0", "0", "0", "0", "0" ], "duration": 811.0, "sum": 2 }, "geometry": { "type": "Point", "coordinates": [ -122.295497757067238, 47.61037147745413 ] } },
{ "type": "Feature", "properties": { "lat": 47.610406062997029, "lon": -122.29586432510212, "time_of_day": "Morning", "causation": [ "0", "0", "0", "0", "0", "0", "0", "0", "1", "0", "0", "0", "0", "0", "0", "0", "0", "0", "1", "0", "0", "0", "0", "0" ], "duration": 811.0, "sum": 2 }, "geometry": { "type": "Point", "coordinates": [ -122.295864325102116, 47.610406062997029 ] } },
{ "type": "Feature", "properties": { "lat": 47.614933839719193, "lon": -122.30589536341397, "time_of_day": "Morning", "causation": [ "0", "0", "1", "0", "0", "0", "0", "0", "0", "0", "0", "0", "0", "0", "0", "0", "0", "0", "0", "0", "0", "0", "0", "0" ], "duration": 202.0, "sum": 1 }, "geometry": { "type": "Point", "coordinates": [ -122.305895363413967, 47.614933839719193 ] } },
{ "type": "Feature", "properties": { "lat": 47.614961994699541, "lon": -122.30652645732226, "time_of_day": "Morning", "causation": [ "0", "0", "1", "0", "0", "0", "0", "0", "0", "0", "0", "0", "0", "0", "0", "0", "0", "0", "0", "0", "0", "0", "0", "0" ], "duration": 202.0, "sum": 1 }, "geometry": { "type": "Point", "coordinates": [ -122.306526457322263, 47.614961994699541 ] } },
{ "type": "Feature", "properties": { "lat": 47.615052389234648, "lon": -122.30654280029692, "time_of_day": "Morning", "causation": [ "0", "0", "1", "0", "0", "0", "0", "0", "0", "0", "0", "0", "0", "0", "0", "0", "0", "0", "0", "0", "0", "0", "0", "0" ], "duration": 202.0, "sum": 1 }, "geometry": { "type": "Point", "coordinates": [ -122.306542800296924, 47.615052389234648 ] } },
{ "type": "Feature", "properties": { "lat": 47.615413394301349, "lon": -122.3059545447564, "time_of_day": "Morning", "causation": [ "0", "0", "1", "0", "0", "0", "0", "0", "0", "0", "0", "0", "0", "0", "0", "0", "0", "0", "0", "0", "0", "0", "0", "0" ], "duration": 202.0, "sum": 1 }, "geometry": { "type": "Point", "coordinates": [ -122.305954544756403, 47.615413394301349 ] } },
{ "type": "Feature", "properties": { "lat": 47.615423488546291, "lon": -122.30568947490016, "time_of_day": "Morning", "causation": [ "0", "0", "1", "0", "0", "0", "0", "0", "0", "0", "0", "0", "0", "0", "0", "0", "0", "0", "0", "0", "0", "0", "0", "0" ], "duration": 202.0, "sum": 1 }, "geometry": { "type": "Point", "coordinates": [ -122.305689474900163, 47.615423488546291 ] } },
{ "type": "Feature", "properties": { "lat": 47.615457795706973, "lon": -122.30578755955038, "time_of_day": "Morning", "causation": [ "0", "0", "1", "0", "0", "0", "0", "0", "0", "0", "0", "0", "0", "0", "0", "0", "0", "0", "0", "0", "0", "0", "0", "0" ], "duration": 202.0, "sum": 1 }, "geometry": { "type": "Point", "coordinates": [ -122.305787559550382, 47.615457795706973 ] } },
{ "type": "Feature", "properties": { "lat": 47.615484991189987, "lon": -122.3059679419859, "time_of_day": "Morning", "causation": [ "0", "0", "2", "0", "0", "0", "0", "0", "0", "0", "0", "0", "0", "0", "0", "0", "0", "0", "0", "0", "0", "0", "0", "0" ], "duration": 404.0, "sum": 2 }, "geometry": { "type": "Point", "coordinates": [ -122.305967941985898, 47.615484991189987 ] } },
{ "type": "Feature", "properties": { "lat": 47.615521470639003, "lon": -122.30560505680906, "time_of_day": "Morning", "causation": [ "0", "0", "1", "0", "0", "0", "0", "0", "0", "0", "0", "0", "0", "0", "0", "0", "0", "0", "0", "0", "0", "0", "0", "0" ], "duration": 202.0, "sum": 1 }, "geometry": { "type": "Point", "coordinates": [ -122.305605056809057, 47.615521470639003 ] } },
{ "type": "Feature", "properties": { "lat": 47.615547570002398, "lon": -122.30596516733432, "time_of_day": "Morning", "causation": [ "0", "0", "1", "0", "0", "0", "0", "0", "0", "0", "0", "0", "0", "0", "0", "0", "0", "0", "0", "0", "0", "0", "0", "0" ], "duration": 202.0, "sum": 1 }, "geometry": { "type": "Point", "coordinates": [ -122.305965167334321, 47.615547570002398 ] } },
{ "type": "Feature", "properties": { "lat": 47.615602191691352, "lon": -122.32416228704103, "time_of_day": "Morning", "causation": [ "0", "0", "0", "0", "0", "0", "0", "0", "160", "0", "0", "0", "0", "0", "0", "0", "0", "0", "0", "0", "0", "0", "0", "0" ], "duration": 8320.0, "sum": 160 }, "geometry": { "type": "Point", "coordinates": [ -122.324162287041034, 47.615602191691352 ] } },
{ "type": "Feature", "properties": { "lat": 47.615613697581651, "lon": -122.30596552235984, "time_of_day": "Morning", "causation": [ "0", "0", "1", "0", "0", "0", "0", "0", "0", "0", "0", "0", "0", "0", "0", "0", "0", "0", "0", "0", "0", "0", "0", "0" ], "duration": 202.0, "sum": 1 }, "geometry": { "type": "Point", "coordinates": [ -122.305965522359841, 47.615613697581651 ] } },
{ "type": "Feature", "properties": { "lat": 47.615656581804615, "lon": -122.30572352085336, "time_of_day": "Morning", "causation": [ "0", "0", "1", "0", "0", "0", "0", "0", "0", "0", "0", "0", "0", "0", "0", "0", "0", "0", "0", "0", "0", "0", "0", "0" ], "duration": 202.0, "sum": 1 }, "geometry": { "type": "Point", "coordinates": [ -122.305723520853363, 47.615656581804615 ] } },
{ "type": "Feature", "properties": { "lat": 47.615661667531192, "lon": -122.325342668191, "time_of_day": "Morning", "causation": [ "0", "0", "0", "0", "0", "0", "0", "0", "154", "0", "0", "0", "0", "0", "0", "0", "0", "0", "0", "0", "0", "0", "0", "0" ], "duration": 8008.0, "sum": 154 }, "geometry": { "type": "Point", "coordinates": [ -122.325342668190999, 47.615661667531192 ] } },
{ "type": "Feature", "properties": { "lat": 47.615744210272432, "lon": -122.30568516870476, "time_of_day": "Morning", "causation": [ "0", "0", "1", "0", "0", "0", "0", "0", "0", "0", "0", "0", "0", "0", "0", "0", "0", "0", "0", "0", "0", "0", "0", "0" ], "duration": 202.0, "sum": 1 }, "geometry": { "type": "Point", "coordinates": [ -122.305685168704755, 47.615744210272432 ] } },
{ "type": "Feature", "properties": { "lat": 47.615761684858015, "lon": -122.30588391473788, "time_of_day": "Morning", "causation": [ "0", "0", "1", "0", "0", "0", "0", "0", "0", "0", "0", "0", "0", "0", "0", "0", "0", "0", "0", "0", "0", "0", "0", "0" ], "duration": 202.0, "sum": 1 }, "geometry": { "type": "Point", "coordinates": [ -122.305883914737876, 47.615761684858015 ] } },
{ "type": "Feature", "properties": { "lat": 47.615795359799677, "lon": -122.30568560236394, "time_of_day": "Morning", "causation": [ "0", "0", "1", "0", "0", "0", "0", "0", "0", "0", "0", "0", "0", "0", "0", "0", "0", "0", "0", "0", "0", "0", "0", "0" ], "duration": 202.0, "sum": 1 }, "geometry": { "type": "Point", "coordinates": [ -122.305685602363937, 47.615795359799677 ] } },
{ "type": "Feature", "properties": { "lat": 47.615797677579984, "lon": -122.3059203638924, "time_of_day": "Morning", "causation": [ "0", "0", "1", "0", "0", "0", "0", "0", "0", "0", "0", "0", "0", "0", "0", "0", "0", "0", "0", "0", "0", "0", "0", "0" ], "duration": 202.0, "sum": 1 }, "geometry": { "type": "Point", "coordinates": [ -122.305920363892398, 47.615797677579984 ] } },
{ "type": "Feature", "properties": { "lat": 47.615842239582527, "lon": -122.32474860697792, "time_of_day": "Late Night", "causation": [ "0", "0", "0", "0", "0", "0", "0", "0", "33", "0", "0", "0", "0", "0", "0", "0", "0", "0", "0", "0", "0", "0", "0", "0" ], "duration": 8547.0, "sum": 33 }, "geometry": { "type": "Point", "coordinates": [ -122.32474860697792, 47.615842239582527 ] } },
{ "type": "Feature", "properties": { "lat": 47.615842239582527, "lon": -122.32474860697792, "time_of_day": "Morning", "causation": [ "0", "0", "0", "0", "0", "0", "0", "0", "33", "0", "0", "0", "0", "0", "0", "0", "0", "0", "0", "0", "0", "0", "0", "0" ], "duration": 990.0, "sum": 33 }, "geometry": { "type": "Point", "coordinates": [ -122.32474860697792, 47.615842239582527 ] } },
{ "type": "Feature", "properties": { "lat": 47.615846516156864, "lon": -122.30568552931408, "time_of_day": "Morning", "causation": [ "0", "0", "1", "0", "0", "0", "0", "0", "0", "0", "0", "0", "0", "0", "0", "0", "0", "0", "0", "0", "0", "0", "0", "0" ], "duration": 202.0, "sum": 1 }, "geometry": { "type": "Point", "coordinates": [ -122.305685529314076, 47.615846516156864 ] } },
{ "type": "Feature", "properties": { "lat": 47.615852814689291, "lon": -122.32595747061178, "time_of_day": "Morning", "causation": [ "0", "0", "0", "0", "0", "0", "0", "0", "42", "0", "0", "0", "0", "0", "0", "0", "0", "0", "0", "0", "0", "0", "0", "0" ], "duration": 2184.0, "sum": 42 }, "geometry": { "type": "Point", "coordinates": [ -122.325957470611783, 47.615852814689291 ] } },
{ "type": "Feature", "properties": { "lat": 47.615857208540781, "lon": -122.30592204881157, "time_of_day": "Morning", "causation": [ "0", "0", "1", "0", "0", "0", "0", "0", "0", "0", "0", "0", "0", "0", "0", "0", "0", "0", "0", "0", "0", "0", "0", "0" ], "duration": 202.0, "sum": 1 }, "geometry": { "type": "Point", "coordinates": [ -122.305922048811567, 47.615857208540781 ] } },
{ "type": "Feature", "properties": { "lat": 47.615928740186838, "lon": -122.32420205833203, "time_of_day": "Morning", "causation": [ "0", "0", "0", "0", "0", "0", "0", "0", "138", "0", "0", "0", "0", "0", "0", "0", "0", "0", "0", "0", "0", "0", "0", "0" ], "duration": 7176.0, "sum": 138 }, "geometry": { "type": "Point", "coordinates": [ -122.324202058332034, 47.615928740186838 ] } },
{ "type": "Feature", "properties": { "lat": 47.615929551054442, "lon": -122.32645727991778, "time_of_day": "Morning", "causation": [ "0", "0", "0", "0", "0", "0", "0", "0", "138", "0", "0", "0", "0", "0", "0", "0", "0", "0", "0", "0", "0", "0", "0", "0" ], "duration": 7176.0, "sum": 138 }, "geometry": { "type": "Point", "coordinates": [ -122.326457279917776, 47.615929551054442 ] } },
{ "type": "Feature", "properties": { "lat": 47.615957906907887, "lon": -122.32476900739424, "time_of_day": "Late Night", "causation": [ "0", "0", "0", "0", "0", "0", "0", "0", "2", "0", "0", "0", "0", "0", "0", "0", "0", "0", "0", "0", "0", "0", "0", "0" ], "duration": 518.0, "sum": 2 }, "geometry": { "type": "Point", "coordinates": [ -122.324769007394238, 47.615957906907887 ] } },
{ "type": "Feature", "properties": { "lat": 47.615957906907887, "lon": -122.32476900739424, "time_of_day": "Morning", "causation": [ "0", "0", "0", "0", "0", "0", "0", "0", "2", "0", "0", "0", "0", "0", "0", "0", "0", "0", "0", "0", "0", "0", "0", "0" ], "duration": 60.0, "sum": 2 }, "geometry": { "type": "Point", "coordinates": [ -122.324769007394238, 47.615957906907887 ] } },
{ "type": "Feature", "properties": { "lat": 47.615986495518989, "lon": -122.30771001240495, "time_of_day": "Late Night", "causation": [ "0", "0", "0", "0", "0", "0", "0", "0", "45", "0", "0", "0", "0", "0", "0", "0", "0", "0", "0", "0", "0", "0", "0", "0" ], "duration": 10575.0, "sum": 45 }, "geometry": { "type": "Point", "coordinates": [ -122.307710012404954, 47.615986495518989 ] } },
{ "type": "Feature", "properties": { "lat": 47.616056945671112, "lon": -122.32487733591316, "time_of_day": "Late Night", "causation": [ "0", "0", "0", "0", "0", "0", "0", "0", "1", "0", "0", "0", "0", "0", "0", "0", "0", "0", "0", "0", "0", "0", "0", "0" ], "duration": 259.0, "sum": 1 }, "geometry": { "type": "Point", "coordinates": [ -122.324877335913158, 47.616056945671112 ] } },
{ "type": "Feature", "properties": { "lat": 47.616056945671112, "lon": -122.32487733591316, "time_of_day": "Morning", "causation": [ "0", "0", "0", "0", "0", "0", "0", "0", "1", "0", "0", "0", "0", "0", "0", "0", "0", "0", "0", "0", "0", "0", "0", "0" ], "duration": 30.0, "sum": 1 }, "geometry": { "type": "Point", "coordinates": [ -122.324877335913158, 47.616056945671112 ] } },
{ "type": "Feature", "properties": { "lat": 47.616101177368442, "lon": -122.32592506100292, "time_of_day": "Morning", "causation": [ "0", "0", "0", "0", "0", "0", "0", "0", "74", "0", "0", "0", "0", "0", "0", "0", "0", "0", "0", "0", "0", "0", "0", "0" ], "duration": 3848.0, "sum": 74 }, "geometry": { "type": "Point", "coordinates": [ -122.32592506100292, 47.616101177368442 ] } },
{ "type": "Feature", "properties": { "lat": 47.616173330285001, "lon": -122.30814364297372, "time_of_day": "Late Night", "causation": [ "0", "0", "0", "0", "0", "0", "0", "0", "56", "0", "0", "0", "0", "0", "0", "0", "0", "0", "0", "0", "0", "0", "0", "0" ], "duration": 13160.0, "sum": 56 }, "geometry": { "type": "Point", "coordinates": [ -122.308143642973718, 47.616173330285001 ] } },
{ "type": "Feature", "properties": { "lat": 47.61618650439501, "lon": -122.32489036098802, "time_of_day": "Morning", "causation": [ "0", "0", "0", "0", "0", "0", "0", "0", "54", "0", "0", "0", "0", "0", "0", "0", "0", "0", "0", "0", "0", "0", "0", "0" ], "duration": 2808.0, "sum": 54 }, "geometry": { "type": "Point", "coordinates": [ -122.324890360988022, 47.61618650439501 ] } },
{ "type": "Feature", "properties": { "lat": 47.616187965946494, "lon": -122.3237711279224, "time_of_day": "Late Night", "causation": [ "0", "0", "0", "0", "0", "0", "0", "0", "31", "0", "0", "0", "0", "0", "0", "0", "0", "0", "0", "0", "0", "0", "0", "0" ], "duration": 8029.0, "sum": 31 }, "geometry": { "type": "Point", "coordinates": [ -122.323771127922399, 47.616187965946494 ] } },
{ "type": "Feature", "properties": { "lat": 47.616187965946494, "lon": -122.3237711279224, "time_of_day": "Morning", "causation": [ "0", "0", "0", "0", "0", "0", "0", "0", "31", "0", "0", "0", "0", "0", "0", "0", "0", "0", "0", "0", "0", "0", "0", "0" ], "duration": 930.0, "sum": 31 }, "geometry": { "type": "Point", "coordinates": [ -122.323771127922399, 47.616187965946494 ] } },
{ "type": "Feature", "properties": { "lat": 47.616481456530117, "lon": -122.32651729306144, "time_of_day": "Morning", "causation": [ "0", "0", "0", "0", "0", "0", "0", "0", "46", "0", "0", "0", "0", "0", "0", "0", "0", "0", "0", "0", "0", "0", "0", "0" ], "duration": 2392.0, "sum": 46 }, "geometry": { "type": "Point", "coordinates": [ -122.326517293061443, 47.616481456530117 ] } },
{ "type": "Feature", "properties": { "lat": 47.61651030444694, "lon": -122.32528033068895, "time_of_day": "Morning", "causation": [ "0", "0", "0", "0", "0", "0", "0", "0", "44", "0", "0", "0", "0", "0", "0", "0", "0", "0", "0", "0", "0", "0", "0", "0" ], "duration": 2288.0, "sum": 44 }, "geometry": { "type": "Point", "coordinates": [ -122.325280330688955, 47.61651030444694 ] } },
{ "type": "Feature", "properties": { "lat": 47.616542094732885, "lon": -122.32593485114552, "time_of_day": "Late Night", "causation": [ "0", "0", "0", "0", "0", "0", "0", "0", "50", "0", "0", "0", "0", "0", "0", "0", "0", "0", "0", "0", "0", "0", "0", "0" ], "duration": 12950.0, "sum": 50 }, "geometry": { "type": "Point", "coordinates": [ -122.325934851145519, 47.616542094732885 ] } },
{ "type": "Feature", "properties": { "lat": 47.616542094732885, "lon": -122.32593485114552, "time_of_day": "Morning", "causation": [ "0", "0", "0", "0", "0", "0", "0", "0", "50", "0", "0", "0", "0", "0", "0", "0", "0", "0", "0", "0", "0", "0", "0", "0" ], "duration": 1500.0, "sum": 50 }, "geometry": { "type": "Point", "coordinates": [ -122.325934851145519, 47.616542094732885 ] } },
{ "type": "Feature", "properties": { "lat": 47.616569162717603, "lon": -122.32380539030048, "time_of_day": "Morning", "causation": [ "0", "0", "0", "0", "0", "0", "0", "0", "80", "0", "0", "0", "0", "0", "0", "0", "0", "0", "0", "0", "0", "0", "0", "0" ], "duration": 4160.0, "sum": 80 }, "geometry": { "type": "Point", "coordinates": [ -122.323805390300478, 47.616569162717603 ] } },
{ "type": "Feature", "properties": { "lat": 47.616569956861923, "lon": -122.32473368751532, "time_of_day": "Morning", "causation": [ "0", "0", "0", "0", "0", "0", "0", "0", "69", "0", "0", "0", "0", "0", "0", "0", "0", "0", "0", "0", "0", "0", "0", "0" ], "duration": 95772.0, "sum": 69 }, "geometry": { "type": "Point", "coordinates": [ -122.32473368751532, 47.616569956861923 ] } },
{ "type": "Feature", "properties": { "lat": 47.61659564615524, "lon": -122.3242087025982, "time_of_day": "Morning", "causation": [ "0", "0", "0", "0", "0", "0", "0", "0", "34", "0", "0", "0", "0", "0", "0", "0", "0", "0", "0", "0", "0", "0", "0", "0" ], "duration": 47192.0, "sum": 34 }, "geometry": { "type": "Point", "coordinates": [ -122.324208702598199, 47.61659564615524 ] } },
{ "type": "Feature", "properties": { "lat": 47.616709583693201, "lon": -122.32538750100468, "time_of_day": "Morning", "causation": [ "0", "0", "0", "0", "0", "0", "0", "0", "2", "0", "0", "0", "0", "0", "0", "0", "0", "0", "0", "0", "0", "0", "0", "0" ], "duration": 104.0, "sum": 2 }, "geometry": { "type": "Point", "coordinates": [ -122.325387501004684, 47.616709583693201 ] } },
{ "type": "Feature", "properties": { "lat": 47.616904823902694, "lon": -122.32489526408158, "time_of_day": "Morning", "causation": [ "0", "0", "0", "0", "0", "0", "0", "0", "93", "0", "0", "0", "0", "0", "0", "0", "0", "0", "0", "0", "0", "0", "0", "0" ], "duration": 129084.0, "sum": 93 }, "geometry": { "type": "Point", "coordinates": [ -122.324895264081576, 47.616904823902694 ] } },
{ "type": "Feature", "properties": { "lat": 47.61706466607464, "lon": -122.32530985356118, "time_of_day": "Morning", "causation": [ "0", "0", "0", "0", "0", "0", "0", "0", "4", "0", "0", "0", "0", "0", "0", "0", "0", "0", "0", "0", "0", "0", "0", "0" ], "duration": 208.0, "sum": 4 }, "geometry": { "type": "Point", "coordinates": [ -122.32530985356118, 47.61706466607464 ] } },
{ "type": "Feature", "properties": { "lat": 47.61732022628604, "lon": -122.32527932542858, "time_of_day": "Morning", "causation": [ "0", "0", "0", "0", "0", "0", "0", "0", "22", "0", "0", "0", "0", "0", "0", "0", "0", "0", "0", "0", "0", "0", "0", "0" ], "duration": 1144.0, "sum": 22 }, "geometry": { "type": "Point", "coordinates": [ -122.325279325428582, 47.61732022628604 ] } },
{ "type": "Feature", "properties": { "lat": 47.617459703141222, "lon": -122.32432551155092, "time_of_day": "Morning", "causation": [ "0", "0", "0", "0", "0", "0", "0", "0", "2", "0", "0", "0", "0", "0", "0", "0", "0", "0", "0", "0", "0", "0", "0", "0" ], "duration": 2776.0, "sum": 2 }, "geometry": { "type": "Point", "coordinates": [ -122.324325511550924, 47.617459703141222 ] } },
{ "type": "Feature", "properties": { "lat": 47.617592644333328, "lon": -122.32479817606992, "time_of_day": "Morning", "causation": [ "0", "0", "0", "0", "0", "0", "0", "0", "54", "0", "0", "0", "0", "0", "0", "0", "0", "0", "0", "0", "0", "0", "0", "0" ], "duration": 74952.0, "sum": 54 }, "geometry": { "type": "Point", "coordinates": [ -122.324798176069919, 47.617592644333328 ] } },
{ "type": "Feature", "properties": { "lat": 47.617850453873743, "lon": -122.32440639369686, "time_of_day": "Morning", "causation": [ "0", "0", "0", "0", "0", "0", "0", "0", "79", "0", "0", "0", "0", "0", "0", "0", "0", "0", "0", "0", "0", "0", "0", "0" ], "duration": 109652.0, "sum": 79 }, "geometry": { "type": "Point", "coordinates": [ -122.324406393696862, 47.617850453873743 ] } },
{ "type": "Feature", "properties": { "lat": 47.61793034271097, "lon": -122.32498387380306, "time_of_day": "Morning", "causation": [ "0", "0", "0", "0", "0", "0", "0", "0", "1", "0", "0", "0", "0", "0", "0", "0", "0", "0", "0", "0", "0", "0", "0", "0" ], "duration": 1388.0, "sum": 1 }, "geometry": { "type": "Point", "coordinates": [ -122.324983873803063, 47.61793034271097 ] } },
{ "type": "Feature", "properties": { "lat": 47.61795812799906, "lon": -122.32436888902988, "time_of_day": "Morning", "causation": [ "0", "0", "0", "0", "0", "0", "0", "0", "2", "0", "0", "0", "0", "0", "0", "0", "0", "0", "0", "0", "0", "0", "0", "0" ], "duration": 2776.0, "sum": 2 }, "geometry": { "type": "Point", "coordinates": [ -122.324368889029884, 47.61795812799906 ] } },
{ "type": "Feature", "properties": { "lat": 47.618033119108006, "lon": -122.32483068702072, "time_of_day": "Morning", "causation": [ "0", "0", "0", "0", "0", "0", "0", "0", "67", "0", "0", "0", "0", "0", "0", "0", "0", "0", "0", "0", "0", "0", "0", "0" ], "duration": 92996.0, "sum": 67 }, "geometry": { "type": "Point", "coordinates": [ -122.324830687020722, 47.618033119108006 ] } },
{ "type": "Feature", "properties": { "lat": 47.619177698484883, "lon": -122.28341932945304, "time_of_day": "Morning", "causation": [ "0", "0", "0", "0", "0", "0", "0", "0", "1", "0", "0", "0", "0", "0", "0", "0", "0", "0", "0", "0", "0", "0", "0", "0" ], "duration": 438.0, "sum": 1 }, "geometry": { "type": "Point", "coordinates": [ -122.283419329453039, 47.619177698484883 ] } },
{ "type": "Feature", "properties": { "lat": 47.621580130740846, "lon": -122.35569996502744, "time_of_day": "Morning", "causation": [ "0", "0", "0", "1", "0", "0", "0", "0", "0", "0", "0", "0", "0", "0", "0", "0", "0", "0", "0", "0", "0", "0", "0", "0" ], "duration": 112.0, "sum": 1 }, "geometry": { "type": "Point", "coordinates": [ -122.355699965027441, 47.621580130740846 ] } },
{ "type": "Feature", "properties": { "lat": 47.621646837918497, "lon": -122.31239200103128, "time_of_day": "Afternoon", "causation": [ "0", "0", "0", "0", "0", "0", "0", "0", "1", "0", "0", "0", "0", "0", "0", "0", "0", "0", "0", "0", "0", "0", "0", "0" ], "duration": 154.0, "sum": 1 }, "geometry": { "type": "Point", "coordinates": [ -122.312392001031284, 47.621646837918497 ] } },
{ "type": "Feature", "properties": { "lat": 47.623006683608317, "lon": -122.35590920587435, "time_of_day": "Morning", "causation": [ "0", "0", "0", "0", "0", "0", "0", "0", "0", "0", "0", "0", "0", "0", "0", "0", "0", "0", "2", "0", "0", "0", "0", "0" ], "duration": 620.0, "sum": 2 }, "geometry": { "type": "Point", "coordinates": [ -122.355909205874354, 47.623006683608317 ] } },
{ "type": "Feature", "properties": { "lat": 47.623596316257512, "lon": -122.33674594686798, "time_of_day": "Morning", "causation": [ "0", "0", "0", "0", "0", "0", "0", "0", "0", "0", "0", "0", "0", "0", "0", "0", "0", "5", "0", "0", "0", "0", "0", "0" ], "duration": 615.0, "sum": 5 }, "geometry": { "type": "Point", "coordinates": [ -122.336745946867978, 47.623596316257512 ] } },
{ "type": "Feature", "properties": { "lat": 47.624245461853747, "lon": -122.336471075766, "time_of_day": "Morning", "causation": [ "0", "0", "0", "0", "0", "0", "0", "0", "0", "0", "0", "0", "0", "0", "0", "0", "0", "6", "0", "0", "0", "0", "0", "0" ], "duration": 738.0, "sum": 6 }, "geometry": { "type": "Point", "coordinates": [ -122.336471075765999, 47.624245461853747 ] } },
{ "type": "Feature", "properties": { "lat": 47.626290176843774, "lon": -122.32268647122218, "time_of_day": "Morning", "causation": [ "0", "0", "0", "0", "0", "0", "0", "0", "0", "0", "0", "0", "0", "0", "0", "0", "0", "2", "0", "0", "0", "0", "0", "0" ], "duration": 202.0, "sum": 2 }, "geometry": { "type": "Point", "coordinates": [ -122.322686471222184, 47.626290176843774 ] } },
{ "type": "Feature", "properties": { "lat": 47.626781311694572, "lon": -122.35037957041681, "time_of_day": "Morning", "causation": [ "0", "0", "0", "0", "0", "0", "0", "0", "1", "0", "0", "0", "0", "0", "0", "0", "0", "0", "0", "0", "0", "0", "0", "0" ], "duration": 1768.0, "sum": 1 }, "geometry": { "type": "Point", "coordinates": [ -122.350379570416806, 47.626781311694572 ] } },
{ "type": "Feature", "properties": { "lat": 47.626789803393137, "lon": -122.35058984011248, "time_of_day": "Morning", "causation": [ "0", "0", "0", "0", "0", "0", "0", "0", "1", "0", "0", "0", "0", "0", "0", "0", "0", "0", "0", "0", "0", "0", "0", "0" ], "duration": 1768.0, "sum": 1 }, "geometry": { "type": "Point", "coordinates": [ -122.350589840112477, 47.626789803393137 ] } },
{ "type": "Feature", "properties": { "lat": 47.62690892402091, "lon": -122.3503889504305, "time_of_day": "Morning", "causation": [ "0", "0", "0", "0", "0", "0", "0", "0", "6", "0", "0", "0", "0", "0", "0", "0", "0", "0", "0", "0", "0", "0", "0", "0" ], "duration": 10608.0, "sum": 6 }, "geometry": { "type": "Point", "coordinates": [ -122.350388950430499, 47.62690892402091 ] } },
{ "type": "Feature", "properties": { "lat": 47.62835085505565, "lon": -122.32654482436224, "time_of_day": "Morning", "causation": [ "0", "0", "0", "0", "0", "0", "0", "0", "0", "0", "0", "0", "0", "0", "0", "0", "0", "0", "24", "0", "0", "0", "0", "0" ], "duration": 3888.0, "sum": 24 }, "geometry": { "type": "Point", "coordinates": [ -122.326544824362244, 47.62835085505565 ] } },
{ "type": "Feature", "properties": { "lat": 47.62870195619157, "lon": -122.32623012362799, "time_of_day": "Morning", "causation": [ "0", "0", "0", "0", "0", "0", "0", "0", "0", "0", "0", "0", "0", "0", "0", "0", "0", "0", "1", "0", "0", "0", "0", "0" ], "duration": 162.0, "sum": 1 }, "geometry": { "type": "Point", "coordinates": [ -122.326230123627994, 47.62870195619157 ] } },
{ "type": "Feature", "properties": { "lat": 47.629982908863113, "lon": -122.34979580948658, "time_of_day": "Morning", "causation": [ "0", "0", "0", "0", "0", "0", "0", "0", "1", "0", "0", "0", "0", "0", "0", "0", "0", "0", "0", "0", "0", "0", "0", "0" ], "duration": 489.0, "sum": 1 }, "geometry": { "type": "Point", "coordinates": [ -122.349795809486579, 47.629982908863113 ] } },
{ "type": "Feature", "properties": { "lat": 47.629997484094289, "lon": -122.34947316458012, "time_of_day": "Morning", "causation": [ "0", "0", "0", "0", "0", "0", "0", "0", "1", "0", "0", "0", "0", "0", "0", "0", "0", "0", "0", "0", "0", "0", "0", "0" ], "duration": 489.0, "sum": 1 }, "geometry": { "type": "Point", "coordinates": [ -122.349473164580118, 47.629997484094289 ] } },
{ "type": "Feature", "properties": { "lat": 47.630016788319857, "lon": -122.34927359386778, "time_of_day": "Morning", "causation": [ "0", "0", "0", "0", "0", "0", "0", "0", "1", "0", "0", "0", "0", "0", "0", "0", "0", "0", "0", "0", "0", "0", "0", "0" ], "duration": 489.0, "sum": 1 }, "geometry": { "type": "Point", "coordinates": [ -122.349273593867778, 47.630016788319857 ] } },
{ "type": "Feature", "properties": { "lat": 47.630029611149617, "lon": -122.34910157569384, "time_of_day": "Morning", "causation": [ "0", "0", "0", "0", "0", "0", "0", "0", "1", "0", "0", "0", "0", "0", "0", "0", "0", "0", "0", "0", "0", "0", "0", "0" ], "duration": 489.0, "sum": 1 }, "geometry": { "type": "Point", "coordinates": [ -122.349101575693837, 47.630029611149617 ] } },
{ "type": "Feature", "properties": { "lat": 47.630203296607966, "lon": -122.35015571269216, "time_of_day": "Morning", "causation": [ "0", "0", "0", "0", "0", "0", "0", "0", "1", "0", "0", "0", "0", "0", "0", "0", "0", "0", "0", "0", "0", "0", "0", "0" ], "duration": 489.0, "sum": 1 }, "geometry": { "type": "Point", "coordinates": [ -122.350155712692157, 47.630203296607966 ] } },
{ "type": "Feature", "properties": { "lat": 47.630325704649323, "lon": -122.35000967826852, "time_of_day": "Morning", "causation": [ "0", "0", "0", "0", "0", "0", "0", "0", "1", "0", "0", "0", "0", "0", "0", "0", "0", "0", "0", "0", "0", "0", "0", "0" ], "duration": 489.0, "sum": 1 }, "geometry": { "type": "Point", "coordinates": [ -122.35000967826852, 47.630325704649323 ] } },
{ "type": "Feature", "properties": { "lat": 47.630443062586323, "lon": -122.3493555971434, "time_of_day": "Morning", "causation": [ "0", "0", "0", "0", "0", "0", "0", "0", "1", "0", "0", "0", "0", "0", "0", "0", "0", "0", "0", "0", "0", "0", "0", "0" ], "duration": 489.0, "sum": 1 }, "geometry": { "type": "Point", "coordinates": [ -122.349355597143401, 47.630443062586323 ] } },
{ "type": "Feature", "properties": { "lat": 47.630458182367626, "lon": -122.34982595254016, "time_of_day": "Morning", "causation": [ "0", "0", "0", "0", "0", "0", "0", "0", "1", "0", "0", "0", "0", "0", "0", "0", "0", "0", "0", "0", "0", "0", "0", "0" ], "duration": 489.0, "sum": 1 }, "geometry": { "type": "Point", "coordinates": [ -122.349825952540158, 47.630458182367626 ] } },
{ "type": "Feature", "properties": { "lat": 47.630556594954911, "lon": -122.34969614858748, "time_of_day": "Morning", "causation": [ "0", "0", "0", "0", "0", "0", "0", "0", "1", "0", "0", "0", "0", "0", "0", "0", "0", "0", "0", "0", "0", "0", "0", "0" ], "duration": 489.0, "sum": 1 }, "geometry": { "type": "Point", "coordinates": [ -122.349696148587483, 47.630556594954911 ] } },
{ "type": "Feature", "properties": { "lat": 47.63064119490668, "lon": -122.34957178680698, "time_of_day": "Morning", "causation": [ "0", "0", "0", "0", "0", "0", "0", "0", "1", "0", "0", "0", "0", "0", "0", "0", "0", "0", "0", "0", "0", "0", "0", "0" ], "duration": 489.0, "sum": 1 }, "geometry": { "type": "Point", "coordinates": [ -122.349571786806976, 47.63064119490668 ] } },
{ "type": "Feature", "properties": { "lat": 47.631213297473849, "lon": -122.35312678893162, "time_of_day": "Late Night", "causation": [ "0", "0", "0", "0", "0", "0", "0", "0", "0", "0", "0", "0", "0", "0", "0", "0", "0", "0", "1", "0", "0", "0", "0", "0" ], "duration": 1173.0, "sum": 1 }, "geometry": { "type": "Point", "coordinates": [ -122.353126788931618, 47.631213297473849 ] } },
{ "type": "Feature", "properties": { "lat": 47.631294601555737, "lon": -122.353494324701, "time_of_day": "Late Night", "causation": [ "0", "0", "0", "0", "0", "0", "0", "0", "0", "0", "0", "0", "0", "0", "0", "0", "0", "0", "1", "0", "0", "0", "0", "0" ], "duration": 1173.0, "sum": 1 }, "geometry": { "type": "Point", "coordinates": [ -122.353494324701003, 47.631294601555737 ] } },
{ "type": "Feature", "properties": { "lat": 47.631430676493203, "lon": -122.35294132553284, "time_of_day": "Late Night", "causation": [ "0", "0", "0", "0", "0", "0", "0", "0", "0", "0", "0", "0", "0", "0", "0", "0", "0", "0", "1", "0", "0", "0", "0", "0" ], "duration": 1173.0, "sum": 1 }, "geometry": { "type": "Point", "coordinates": [ -122.352941325532839, 47.631430676493203 ] } },
{ "type": "Feature", "properties": { "lat": 47.631472492400285, "lon": -122.35349254668516, "time_of_day": "Late Night", "causation": [ "0", "0", "0", "0", "0", "0", "0", "0", "0", "0", "0", "0", "0", "0", "0", "0", "0", "0", "5", "0", "0", "0", "0", "0" ], "duration": 5865.0, "sum": 5 }, "geometry": { "type": "Point", "coordinates": [ -122.35349254668516, 47.631472492400285 ] } },
{ "type": "Feature", "properties": { "lat": 47.6315348498498, "lon": -122.35294536696344, "time_of_day": "Late Night", "causation": [ "0", "0", "0", "0", "0", "0", "0", "0", "0", "0", "0", "0", "0", "0", "0", "0", "0", "0", "2", "0", "0", "0", "0", "0" ], "duration": 2346.0, "sum": 2 }, "geometry": { "type": "Point", "coordinates": [ -122.352945366963439, 47.6315348498498 ] } },
{ "type": "Feature", "properties": { "lat": 47.631565067433677, "lon": -122.37552043154444, "time_of_day": "Morning", "causation": [ "0", "0", "0", "0", "0", "0", "0", "0", "0", "0", "0", "0", "0", "0", "0", "0", "0", "0", "12", "0", "0", "0", "0", "0" ], "duration": 6684.0, "sum": 12 }, "geometry": { "type": "Point", "coordinates": [ -122.375520431544444, 47.631565067433677 ] } },
{ "type": "Feature", "properties": { "lat": 47.631656468092999, "lon": -122.3756553844736, "time_of_day": "Morning", "causation": [ "0", "0", "0", "0", "0", "0", "0", "0", "0", "0", "0", "0", "0", "0", "0", "0", "0", "0", "18", "0", "0", "0", "0", "0" ], "duration": 10026.0, "sum": 18 }, "geometry": { "type": "Point", "coordinates": [ -122.375655384473603, 47.631656468092999 ] } },
{ "type": "Feature", "properties": { "lat": 47.631698160658694, "lon": -122.35293887335934, "time_of_day": "Late Night", "causation": [ "0", "0", "0", "0", "0", "0", "0", "0", "0", "0", "0", "0", "0", "0", "0", "0", "0", "0", "12", "0", "0", "0", "0", "0" ], "duration": 14076.0, "sum": 12 }, "geometry": { "type": "Point", "coordinates": [ -122.352938873359335, 47.631698160658694 ] } },
{ "type": "Feature", "properties": { "lat": 47.631712763312301, "lon": -122.37627318459695, "time_of_day": "Morning", "causation": [ "0", "0", "0", "0", "0", "0", "0", "0", "0", "0", "0", "0", "0", "0", "0", "0", "0", "0", "2", "0", "0", "0", "0", "0" ], "duration": 1114.0, "sum": 2 }, "geometry": { "type": "Point", "coordinates": [ -122.376273184596954, 47.631712763312301 ] } },
{ "type": "Feature", "properties": { "lat": 47.632032696895166, "lon": -122.35338672876176, "time_of_day": "Late Night", "causation": [ "0", "0", "0", "0", "0", "0", "0", "0", "0", "0", "0", "0", "0", "0", "0", "0", "0", "0", "1", "0", "0", "0", "0", "0" ], "duration": 1173.0, "sum": 1 }, "geometry": { "type": "Point", "coordinates": [ -122.353386728761762, 47.632032696895166 ] } },
{ "type": "Feature", "properties": { "lat": 47.635560063913736, "lon": -122.35492706990408, "time_of_day": "Afternoon", "causation": [ "0", "0", "0", "0", "0", "0", "0", "0", "1", "0", "0", "0", "0", "0", "0", "0", "0", "0", "0", "0", "0", "0", "0", "0" ], "duration": 573.0, "sum": 1 }, "geometry": { "type": "Point", "coordinates": [ -122.354927069904079, 47.635560063913736 ] } },
{ "type": "Feature", "properties": { "lat": 47.635561224901032, "lon": -122.35511881261048, "time_of_day": "Afternoon", "causation": [ "0", "0", "0", "0", "0", "0", "0", "0", "1", "0", "0", "0", "0", "0", "0", "0", "0", "0", "0", "0", "0", "0", "0", "0" ], "duration": 573.0, "sum": 1 }, "geometry": { "type": "Point", "coordinates": [ -122.355118812610485, 47.635561224901032 ] } },
{ "type": "Feature", "properties": { "lat": 47.635575293624207, "lon": -122.35538018693896, "time_of_day": "Afternoon", "causation": [ "0", "0", "0", "0", "0", "0", "0", "0", "1", "0", "0", "0", "0", "0", "0", "0", "0", "0", "0", "0", "0", "0", "0", "0" ], "duration": 573.0, "sum": 1 }, "geometry": { "type": "Point", "coordinates": [ -122.355380186938959, 47.635575293624207 ] } },
{ "type": "Feature", "properties": { "lat": 47.635588109928285, "lon": -122.35464532518688, "time_of_day": "Afternoon", "causation": [ "0", "0", "0", "0", "0", "0", "0", "0", "1", "0", "0", "0", "0", "0", "0", "0", "0", "0", "0", "0", "0", "0", "0", "0" ], "duration": 573.0, "sum": 1 }, "geometry": { "type": "Point", "coordinates": [ -122.35464532518688, 47.635588109928285 ] } },
{ "type": "Feature", "properties": { "lat": 47.635888615833281, "lon": -122.35534061352028, "time_of_day": "Afternoon", "causation": [ "0", "0", "0", "0", "0", "0", "0", "0", "1", "0", "0", "0", "0", "0", "0", "0", "0", "0", "0", "0", "0", "0", "0", "0" ], "duration": 573.0, "sum": 1 }, "geometry": { "type": "Point", "coordinates": [ -122.355340613520283, 47.635888615833281 ] } },
{ "type": "Feature", "properties": { "lat": 47.635906020416741, "lon": -122.35507637349608, "time_of_day": "Afternoon", "causation": [ "0", "0", "0", "0", "0", "0", "0", "0", "1", "0", "0", "0", "0", "0", "0", "0", "0", "0", "0", "0", "0", "0", "0", "0" ], "duration": 573.0, "sum": 1 }, "geometry": { "type": "Point", "coordinates": [ -122.355076373496075, 47.635906020416741 ] } },
{ "type": "Feature", "properties": { "lat": 47.635911792187457, "lon": -122.35494979452312, "time_of_day": "Afternoon", "causation": [ "0", "0", "0", "0", "0", "0", "0", "0", "1", "0", "0", "0", "0", "0", "0", "0", "0", "0", "0", "0", "0", "0", "0", "0" ], "duration": 573.0, "sum": 1 }, "geometry": { "type": "Point", "coordinates": [ -122.354949794523122, 47.635911792187457 ] } },
{ "type": "Feature", "properties": { "lat": 47.636468176949613, "lon": -122.3162756940181, "time_of_day": "Late Night", "causation": [ "0", "0", "0", "0", "0", "0", "0", "0", "1", "0", "0", "0", "0", "0", "0", "0", "0", "0", "0", "0", "0", "0", "0", "0" ], "duration": 174.0, "sum": 1 }, "geometry": { "type": "Point", "coordinates": [ -122.316275694018103, 47.636468176949613 ] } },
{ "type": "Feature", "properties": { "lat": 47.636772729996274, "lon": -122.31500988086869, "time_of_day": "Late Night", "causation": [ "0", "0", "0", "0", "0", "0", "0", "0", "1", "0", "0", "0", "0", "0", "0", "0", "0", "0", "0", "0", "0", "0", "0", "0" ], "duration": 174.0, "sum": 1 }, "geometry": { "type": "Point", "coordinates": [ -122.315009880868686, 47.636772729996274 ] } },
{ "type": "Feature", "properties": { "lat": 47.636874763694287, "lon": -122.3149885033112, "time_of_day": "Late Night", "causation": [ "0", "0", "0", "0", "0", "0", "0", "0", "1", "0", "0", "0", "0", "0", "0", "0", "0", "0", "0", "0", "0", "0", "0", "0" ], "duration": 174.0, "sum": 1 }, "geometry": { "type": "Point", "coordinates": [ -122.314988503311199, 47.636874763694287 ] } },
{ "type": "Feature", "properties": { "lat": 47.636989386904531, "lon": -122.31501255629824, "time_of_day": "Late Night", "causation": [ "0", "0", "0", "0", "0", "0", "0", "0", "1", "0", "0", "0", "0", "0", "0", "0", "0", "0", "0", "0", "0", "0", "0", "0" ], "duration": 174.0, "sum": 1 }, "geometry": { "type": "Point", "coordinates": [ -122.315012556298242, 47.636989386904531 ] } },
{ "type": "Feature", "properties": { "lat": 47.637035287798497, "lon": -122.31531657265219, "time_of_day": "Late Night", "causation": [ "0", "0", "0", "0", "0", "0", "0", "0", "1", "0", "0", "0", "0", "0", "0", "0", "0", "0", "0", "0", "0", "0", "0", "0" ], "duration": 174.0, "sum": 1 }, "geometry": { "type": "Point", "coordinates": [ -122.315316572652193, 47.637035287798497 ] } },
{ "type": "Feature", "properties": { "lat": 47.637035684108668, "lon": -122.31547544352274, "time_of_day": "Late Night", "causation": [ "0", "0", "0", "0", "0", "0", "0", "0", "1", "0", "0", "0", "0", "0", "0", "0", "0", "0", "0", "0", "0", "0", "0", "0" ], "duration": 174.0, "sum": 1 }, "geometry": { "type": "Point", "coordinates": [ -122.315475443522743, 47.637035684108668 ] } },
{ "type": "Feature", "properties": { "lat": 47.637036712714888, "lon": -122.31627304474284, "time_of_day": "Late Night", "causation": [ "0", "0", "0", "0", "0", "0", "0", "0", "1", "0", "0", "0", "0", "0", "0", "0", "0", "0", "0", "0", "0", "0", "0", "0" ], "duration": 174.0, "sum": 1 }, "geometry": { "type": "Point", "coordinates": [ -122.316273044742843, 47.637036712714888 ] } },
{ "type": "Feature", "properties": { "lat": 47.637037697014321, "lon": -122.31666498037528, "time_of_day": "Late Night", "causation": [ "0", "0", "0", "0", "0", "0", "0", "0", "1", "0", "0", "0", "0", "0", "0", "0", "0", "0", "0", "0", "0", "0", "0", "0" ], "duration": 174.0, "sum": 1 }, "geometry": { "type": "Point", "coordinates": [ -122.316664980375279, 47.637037697014321 ] } },
{ "type": "Feature", "properties": { "lat": 47.637038897538908, "lon": -122.3156275588392, "time_of_day": "Late Night", "causation": [ "0", "0", "0", "0", "0", "0", "0", "0", "1", "0", "0", "0", "0", "0", "0", "0", "0", "0", "0", "0", "0", "0", "0", "0" ], "duration": 174.0, "sum": 1 }, "geometry": { "type": "Point", "coordinates": [ -122.315627558839196, 47.637038897538908 ] } },
{ "type": "Feature", "properties": { "lat": 47.637041060412201, "lon": -122.31579476425524, "time_of_day": "Late Night", "causation": [ "0", "0", "0", "0", "0", "0", "0", "0", "1", "0", "0", "0", "0", "0", "0", "0", "0", "0", "0", "0", "0", "0", "0", "0" ], "duration": 174.0, "sum": 1 }, "geometry": { "type": "Point", "coordinates": [ -122.315794764255244, 47.637041060412201 ] } },
{ "type": "Feature", "properties": { "lat": 47.637046692546114, "lon": -122.31648382503708, "time_of_day": "Late Night", "causation": [ "0", "0", "0", "0", "0", "0", "0", "0", "1", "0", "0", "0", "0", "0", "0", "0", "0", "0", "0", "0", "0", "0", "0", "0" ], "duration": 174.0, "sum": 1 }, "geometry": { "type": "Point", "coordinates": [ -122.316483825037082, 47.637046692546114 ] } },
{ "type": "Feature", "properties": { "lat": 47.637049051131285, "lon": -122.31612067498176, "time_of_day": "Late Night", "causation": [ "0", "0", "0", "0", "0", "0", "0", "0", "1", "0", "0", "0", "0", "0", "0", "0", "0", "0", "0", "0", "0", "0", "0", "0" ], "duration": 174.0, "sum": 1 }, "geometry": { "type": "Point", "coordinates": [ -122.316120674981761, 47.637049051131285 ] } },
{ "type": "Feature", "properties": { "lat": 47.637053061665462, "lon": -122.31719386095132, "time_of_day": "Late Night", "causation": [ "0", "0", "0", "0", "0", "0", "0", "0", "1", "0", "0", "0", "0", "0", "0", "0", "0", "0", "0", "0", "0", "0", "0", "0" ], "duration": 174.0, "sum": 1 }, "geometry": { "type": "Point", "coordinates": [ -122.317193860951321, 47.637053061665462 ] } },
{ "type": "Feature", "properties": { "lat": 47.637061042988122, "lon": -122.31596584491319, "time_of_day": "Late Night", "causation": [ "0", "0", "0", "0", "0", "0", "0", "0", "1", "0", "0", "0", "0", "0", "0", "0", "0", "0", "0", "0", "0", "0", "0", "0" ], "duration": 174.0, "sum": 1 }, "geometry": { "type": "Point", "coordinates": [ -122.315965844913194, 47.637061042988122 ] } },
{ "type": "Feature", "properties": { "lat": 47.637063701446799, "lon": -122.31685250941057, "time_of_day": "Late Night", "causation": [ "0", "0", "0", "0", "0", "0", "0", "0", "1", "0", "0", "0", "0", "0", "0", "0", "0", "0", "0", "0", "0", "0", "0", "0" ], "duration": 174.0, "sum": 1 }, "geometry": { "type": "Point", "coordinates": [ -122.316852509410566, 47.637063701446799 ] } },
{ "type": "Feature", "properties": { "lat": 47.637064018307051, "lon": -122.31705249070528, "time_of_day": "Late Night", "causation": [ "0", "0", "0", "0", "0", "0", "0", "0", "1", "0", "0", "0", "0", "0", "0", "0", "0", "0", "0", "0", "0", "0", "0", "0" ], "duration": 174.0, "sum": 1 }, "geometry": { "type": "Point", "coordinates": [ -122.317052490705279, 47.637064018307051 ] } },
{ "type": "Feature", "properties": { "lat": 47.637094587245407, "lon": -122.31500825101848, "time_of_day": "Late Night", "causation": [ "0", "0", "0", "0", "0", "0", "0", "0", "1", "0", "0", "0", "0", "0", "0", "0", "0", "0", "0", "0", "0", "0", "0", "0" ], "duration": 174.0, "sum": 1 }, "geometry": { "type": "Point", "coordinates": [ -122.315008251018483, 47.637094587245407 ] } },
{ "type": "Feature", "properties": { "lat": 47.637195764704011, "lon": -122.3149905325962, "time_of_day": "Late Night", "causation": [ "0", "0", "0", "0", "0", "0", "0", "0", "1", "0", "0", "0", "0", "0", "0", "0", "0", "0", "0", "0", "0", "0", "0", "0" ], "duration": 174.0, "sum": 1 }, "geometry": { "type": "Point", "coordinates": [ -122.314990532596198, 47.637195764704011 ] } },
{ "type": "Feature", "properties": { "lat": 47.637323927752341, "lon": -122.31503416877756, "time_of_day": "Late Night", "causation": [ "0", "0", "0", "0", "0", "0", "0", "0", "1", "0", "0", "0", "0", "0", "0", "0", "0", "0", "0", "0", "0", "0", "0", "0" ], "duration": 174.0, "sum": 1 }, "geometry": { "type": "Point", "coordinates": [ -122.315034168777558, 47.637323927752341 ] } },
{ "type": "Feature", "properties": { "lat": 47.637388977366371, "lon": -122.38722743848786, "time_of_day": "Morning", "causation": [ "0", "0", "0", "0", "0", "0", "0", "0", "0", "0", "0", "0", "0", "0", "1", "0", "0", "0", "0", "0", "0", "0", "0", "0" ], "duration": 84.0, "sum": 1 }, "geometry": { "type": "Point", "coordinates": [ -122.387227438487855, 47.637388977366371 ] } },
{ "type": "Feature", "properties": { "lat": 47.637413915716976, "lon": -122.38773385513494, "time_of_day": "Morning", "causation": [ "0", "0", "0", "0", "0", "0", "0", "0", "0", "0", "0", "0", "0", "0", "1", "0", "0", "0", "0", "0", "0", "0", "0", "0" ], "duration": 84.0, "sum": 1 }, "geometry": { "type": "Point", "coordinates": [ -122.38773385513494, 47.637413915716976 ] } },
{ "type": "Feature", "properties": { "lat": 47.637416894560047, "lon": -122.38765505596184, "time_of_day": "Morning", "causation": [ "0", "0", "0", "0", "0", "0", "0", "0", "0", "0", "0", "0", "0", "0", "1", "0", "0", "0", "0", "0", "0", "0", "0", "0" ], "duration": 84.0, "sum": 1 }, "geometry": { "type": "Point", "coordinates": [ -122.387655055961844, 47.637416894560047 ] } },
{ "type": "Feature", "properties": { "lat": 47.637419508333885, "lon": -122.31597647791844, "time_of_day": "Late Night", "causation": [ "0", "0", "0", "0", "0", "0", "0", "0", "1", "0", "0", "0", "0", "0", "0", "0", "0", "0", "0", "0", "0", "0", "0", "0" ], "duration": 174.0, "sum": 1 }, "geometry": { "type": "Point", "coordinates": [ -122.31597647791844, 47.637419508333885 ] } },
{ "type": "Feature", "properties": { "lat": 47.637425404525928, "lon": -122.3170984407612, "time_of_day": "Late Night", "causation": [ "0", "0", "0", "0", "0", "0", "0", "0", "1", "0", "0", "0", "0", "0", "0", "0", "0", "0", "0", "0", "0", "0", "0", "0" ], "duration": 174.0, "sum": 1 }, "geometry": { "type": "Point", "coordinates": [ -122.3170984407612, 47.637425404525928 ] } },
{ "type": "Feature", "properties": { "lat": 47.637426205436853, "lon": -122.31564389610384, "time_of_day": "Late Night", "causation": [ "0", "0", "0", "0", "0", "0", "0", "0", "1", "0", "0", "0", "0", "0", "0", "0", "0", "0", "0", "0", "0", "0", "0", "0" ], "duration": 174.0, "sum": 1 }, "geometry": { "type": "Point", "coordinates": [ -122.315643896103836, 47.637426205436853 ] } },
{ "type": "Feature", "properties": { "lat": 47.637426884588663, "lon": -122.31579093004626, "time_of_day": "Late Night", "causation": [ "0", "0", "0", "0", "0", "0", "0", "0", "1", "0", "0", "0", "0", "0", "0", "0", "0", "0", "0", "0", "0", "0", "0", "0" ], "duration": 174.0, "sum": 1 }, "geometry": { "type": "Point", "coordinates": [ -122.315790930046262, 47.637426884588663 ] } },
{ "type": "Feature", "properties": { "lat": 47.637428241339883, "lon": -122.38753085758088, "time_of_day": "Morning", "causation": [ "0", "0", "0", "0", "0", "0", "0", "0", "0", "0", "0", "0", "0", "0", "1", "0", "0", "0", "0", "0", "0", "0", "0", "0" ], "duration": 84.0, "sum": 1 }, "geometry": { "type": "Point", "coordinates": [ -122.387530857580884, 47.637428241339883 ] } },
{ "type": "Feature", "properties": { "lat": 47.637429839081598, "lon": -122.31612478098242, "time_of_day": "Late Night", "causation": [ "0", "0", "0", "0", "0", "0", "0", "0", "1", "0", "0", "0", "0", "0", "0", "0", "0", "0", "0", "0", "0", "0", "0", "0" ], "duration": 174.0, "sum": 1 }, "geometry": { "type": "Point", "coordinates": [ -122.31612478098242, 47.637429839081598 ] } },
{ "type": "Feature", "properties": { "lat": 47.637432203613841, "lon": -122.31677593925622, "time_of_day": "Late Night", "causation": [ "0", "0", "0", "0", "0", "0", "0", "0", "1", "0", "0", "0", "0", "0", "0", "0", "0", "0", "0", "0", "0", "0", "0", "0" ], "duration": 174.0, "sum": 1 }, "geometry": { "type": "Point", "coordinates": [ -122.316775939256217, 47.637432203613841 ] } },
{ "type": "Feature", "properties": { "lat": 47.637436335416169, "lon": -122.31644194951468, "time_of_day": "Late Night", "causation": [ "0", "0", "0", "0", "0", "0", "0", "0", "1", "0", "0", "0", "0", "0", "0", "0", "0", "0", "0", "0", "0", "0", "0", "0" ], "duration": 174.0, "sum": 1 }, "geometry": { "type": "Point", "coordinates": [ -122.316441949514683, 47.637436335416169 ] } },
{ "type": "Feature", "properties": { "lat": 47.637446079074735, "lon": -122.31660521414162, "time_of_day": "Late Night", "causation": [ "0", "0", "0", "0", "0", "0", "0", "0", "1", "0", "0", "0", "0", "0", "0", "0", "0", "0", "0", "0", "0", "0", "0", "0" ], "duration": 174.0, "sum": 1 }, "geometry": { "type": "Point", "coordinates": [ -122.316605214141617, 47.637446079074735 ] } },
{ "type": "Feature", "properties": { "lat": 47.637447500564797, "lon": -122.31694556945328, "time_of_day": "Late Night", "causation": [ "0", "0", "0", "0", "0", "0", "0", "0", "1", "0", "0", "0", "0", "0", "0", "0", "0", "0", "0", "0", "0", "0", "0", "0" ], "duration": 174.0, "sum": 1 }, "geometry": { "type": "Point", "coordinates": [ -122.316945569453281, 47.637447500564797 ] } },
{ "type": "Feature", "properties": { "lat": 47.637455621842513, "lon": -122.31539832127991, "time_of_day": "Late Night", "causation": [ "0", "0", "0", "0", "0", "0", "0", "0", "1", "0", "0", "0", "0", "0", "0", "0", "0", "0", "0", "0", "0", "0", "0", "0" ], "duration": 174.0, "sum": 1 }, "geometry": { "type": "Point", "coordinates": [ -122.315398321279915, 47.637455621842513 ] } },
{ "type": "Feature", "properties": { "lat": 47.637455951291372, "lon": -122.31628875972832, "time_of_day": "Late Night", "causation": [ "0", "0", "0", "0", "0", "0", "0", "0", "1", "0", "0", "0", "0", "0", "0", "0", "0", "0", "0", "0", "0", "0", "0", "0" ], "duration": 174.0, "sum": 1 }, "geometry": { "type": "Point", "coordinates": [ -122.316288759728323, 47.637455951291372 ] } },
{ "type": "Feature", "properties": { "lat": 47.63748271660964, "lon": -122.38785511823986, "time_of_day": "Morning", "causation": [ "0", "0", "0", "0", "0", "0", "0", "0", "0", "0", "0", "0", "0", "0", "3", "0", "0", "0", "0", "0", "0", "0", "0", "0" ], "duration": 252.0, "sum": 3 }, "geometry": { "type": "Point", "coordinates": [ -122.387855118239855, 47.63748271660964 ] } },
{ "type": "Feature", "properties": { "lat": 47.637488165948042, "lon": -122.38737643778944, "time_of_day": "Morning", "causation": [ "0", "0", "0", "0", "0", "0", "0", "0", "0", "0", "0", "0", "0", "0", "5", "0", "0", "0", "0", "0", "0", "0", "0", "0" ], "duration": 420.0, "sum": 5 }, "geometry": { "type": "Point", "coordinates": [ -122.387376437789442, 47.637488165948042 ] } },
{ "type": "Feature", "properties": { "lat": 47.63751227348051, "lon": -122.3877135523596, "time_of_day": "Morning", "causation": [ "0", "0", "0", "0", "0", "0", "0", "0", "0", "0", "0", "0", "0", "0", "1", "0", "0", "0", "0", "0", "0", "0", "0", "0" ], "duration": 84.0, "sum": 1 }, "geometry": { "type": "Point", "coordinates": [ -122.3877135523596, 47.63751227348051 ] } },
{ "type": "Feature", "properties": { "lat": 47.637514275569181, "lon": -122.38753151783922, "time_of_day": "Morning", "causation": [ "0", "0", "0", "0", "0", "0", "0", "0", "0", "0", "0", "0", "0", "0", "1", "0", "0", "0", "0", "0", "0", "0", "0", "0" ], "duration": 84.0, "sum": 1 }, "geometry": { "type": "Point", "coordinates": [ -122.387531517839221, 47.637514275569181 ] } },
{ "type": "Feature", "properties": { "lat": 47.637534117405487, "lon": -122.3150077260902, "time_of_day": "Late Night", "causation": [ "0", "0", "0", "0", "0", "0", "0", "0", "1", "0", "0", "0", "0", "0", "0", "0", "0", "0", "0", "0", "0", "0", "0", "0" ], "duration": 174.0, "sum": 1 }, "geometry": { "type": "Point", "coordinates": [ -122.315007726090201, 47.637534117405487 ] } },
{ "type": "Feature", "properties": { "lat": 47.637550429447842, "lon": -122.38721254546348, "time_of_day": "Morning", "causation": [ "0", "0", "0", "0", "0", "0", "0", "0", "0", "0", "0", "0", "0", "0", "1", "0", "0", "0", "0", "0", "0", "0", "0", "0" ], "duration": 84.0, "sum": 1 }, "geometry": { "type": "Point", "coordinates": [ -122.387212545463484, 47.637550429447842 ] } },
{ "type": "Feature", "properties": { "lat": 47.637649125520319, "lon": -122.31505125150508, "time_of_day": "Late Night", "causation": [ "0", "0", "0", "0", "0", "0", "0", "0", "1", "0", "0", "0", "0", "0", "0", "0", "0", "0", "0", "0", "0", "0", "0", "0" ], "duration": 174.0, "sum": 1 }, "geometry": { "type": "Point", "coordinates": [ -122.315051251505082, 47.637649125520319 ] } },
{ "type": "Feature", "properties": { "lat": 47.63774888613537, "lon": -122.3150374562434, "time_of_day": "Late Night", "causation": [ "0", "0", "0", "0", "0", "0", "0", "0", "1", "0", "0", "0", "0", "0", "0", "0", "0", "0", "0", "0", "0", "0", "0", "0" ], "duration": 174.0, "sum": 1 }, "geometry": { "type": "Point", "coordinates": [ -122.315037456243402, 47.63774888613537 ] } },
{ "type": "Feature", "properties": { "lat": 47.637803186205232, "lon": -122.31626773488624, "time_of_day": "Late Night", "causation": [ "0", "0", "0", "0", "0", "0", "0", "0", "1", "0", "0", "0", "0", "0", "0", "0", "0", "0", "0", "0", "0", "0", "0", "0" ], "duration": 174.0, "sum": 1 }, "geometry": { "type": "Point", "coordinates": [ -122.316267734886239, 47.637803186205232 ] } },
{ "type": "Feature", "properties": { "lat": 47.637810884206992, "lon": -122.31536369318064, "time_of_day": "Late Night", "causation": [ "0", "0", "0", "0", "0", "0", "0", "0", "1", "0", "0", "0", "0", "0", "0", "0", "0", "0", "0", "0", "0", "0", "0", "0" ], "duration": 174.0, "sum": 1 }, "geometry": { "type": "Point", "coordinates": [ -122.315363693180643, 47.637810884206992 ] } },
{ "type": "Feature", "properties": { "lat": 47.637811325285575, "lon": -122.31583063202102, "time_of_day": "Late Night", "causation": [ "0", "0", "0", "0", "0", "0", "0", "0", "1", "0", "0", "0", "0", "0", "0", "0", "0", "0", "0", "0", "0", "0", "0", "0" ], "duration": 174.0, "sum": 1 }, "geometry": { "type": "Point", "coordinates": [ -122.315830632021019, 47.637811325285575 ] } },
{ "type": "Feature", "properties": { "lat": 47.637815249129581, "lon": -122.31603966859475, "time_of_day": "Late Night", "causation": [ "0", "0", "0", "0", "0", "0", "0", "0", "1", "0", "0", "0", "0", "0", "0", "0", "0", "0", "0", "0", "0", "0", "0", "0" ], "duration": 174.0, "sum": 1 }, "geometry": { "type": "Point", "coordinates": [ -122.316039668594755, 47.637815249129581 ] } },
{ "type": "Feature", "properties": { "lat": 47.6378156198477, "lon": -122.31560732208315, "time_of_day": "Late Night", "causation": [ "0", "0", "0", "0", "0", "0", "0", "0", "2", "0", "0", "0", "0", "0", "0", "0", "0", "0", "0", "0", "0", "0", "0", "0" ], "duration": 348.0, "sum": 2 }, "geometry": { "type": "Point", "coordinates": [ -122.315607322083153, 47.6378156198477 ] } },
{ "type": "Feature", "properties": { "lat": 47.63781831610163, "lon": -122.31653279702776, "time_of_day": "Late Night", "causation": [ "0", "0", "0", "0", "0", "0", "0", "0", "1", "0", "0", "0", "0", "0", "0", "0", "0", "0", "0", "0", "0", "0", "0", "0" ], "duration": 174.0, "sum": 1 }, "geometry": { "type": "Point", "coordinates": [ -122.316532797027762, 47.63781831610163 ] } },
{ "type": "Feature", "properties": { "lat": 47.637834766005376, "lon": -122.31679433904782, "time_of_day": "Late Night", "causation": [ "0", "0", "0", "0", "0", "0", "0", "0", "1", "0", "0", "0", "0", "0", "0", "0", "0", "0", "0", "0", "0", "0", "0", "0" ], "duration": 174.0, "sum": 1 }, "geometry": { "type": "Point", "coordinates": [ -122.316794339047817, 47.637834766005376 ] } },
{ "type": "Feature", "properties": { "lat": 47.637835790426777, "lon": -122.31704103088092, "time_of_day": "Late Night", "causation": [ "0", "0", "0", "0", "0", "0", "0", "0", "1", "0", "0", "0", "0", "0", "0", "0", "0", "0", "0", "0", "0", "0", "0", "0" ], "duration": 174.0, "sum": 1 }, "geometry": { "type": "Point", "coordinates": [ -122.317041030880915, 47.637835790426777 ] } },
{ "type": "Feature", "properties": { "lat": 47.637880463455481, "lon": -122.38737637878214, "time_of_day": "Morning", "causation": [ "0", "0", "0", "0", "0", "0", "0", "0", "0", "0", "0", "0", "0", "0", "1", "0", "0", "0", "0", "0", "0", "0", "0", "0" ], "duration": 84.0, "sum": 1 }, "geometry": { "type": "Point", "coordinates": [ -122.387376378782136, 47.637880463455481 ] } },
{ "type": "Feature", "properties": { "lat": 47.637971471349971, "lon": -122.38740253982397, "time_of_day": "Morning", "causation": [ "0", "0", "0", "0", "0", "0", "0", "0", "0", "0", "0", "0", "0", "0", "1", "0", "0", "0", "0", "0", "0", "0", "0", "0" ], "duration": 84.0, "sum": 1 }, "geometry": { "type": "Point", "coordinates": [ -122.387402539823967, 47.637971471349971 ] } },
{ "type": "Feature", "properties": { "lat": 47.638018255173037, "lon": -122.38761433991752, "time_of_day": "Morning", "causation": [ "0", "0", "0", "0", "0", "0", "0", "0", "0", "0", "0", "0", "0", "0", "15", "0", "0", "0", "0", "0", "0", "0", "0", "0" ], "duration": 1260.0, "sum": 15 }, "geometry": { "type": "Point", "coordinates": [ -122.387614339917519, 47.638018255173037 ] } },
{ "type": "Feature", "properties": { "lat": 47.638080084774771, "lon": -122.31508460184264, "time_of_day": "Late Night", "causation": [ "0", "0", "0", "0", "0", "0", "0", "0", "1", "0", "0", "0", "0", "0", "0", "0", "0", "0", "0", "0", "0", "0", "0", "0" ], "duration": 174.0, "sum": 1 }, "geometry": { "type": "Point", "coordinates": [ -122.315084601842642, 47.638080084774771 ] } },
{ "type": "Feature", "properties": { "lat": 47.638392941699934, "lon": -122.3992962473549, "time_of_day": "Morning", "causation": [ "0", "0", "0", "0", "0", "0", "0", "0", "1", "0", "0", "0", "0", "0", "0", "0", "0", "0", "0", "0", "0", "0", "0", "0" ], "duration": 634.0, "sum": 1 }, "geometry": { "type": "Point", "coordinates": [ -122.399296247354897, 47.638392941699934 ] } },
{ "type": "Feature", "properties": { "lat": 47.638545814049294, "lon": -122.31749481110586, "time_of_day": "Late Night", "causation": [ "0", "0", "0", "0", "0", "0", "0", "0", "1", "0", "0", "0", "0", "0", "0", "0", "0", "0", "0", "0", "0", "0", "0", "0" ], "duration": 174.0, "sum": 1 }, "geometry": { "type": "Point", "coordinates": [ -122.31749481110586, 47.638545814049294 ] } },
{ "type": "Feature", "properties": { "lat": 47.638572325010045, "lon": -122.31700767587898, "time_of_day": "Late Night", "causation": [ "0", "0", "0", "0", "0", "0", "0", "0", "1", "0", "0", "0", "0", "0", "0", "0", "0", "0", "0", "0", "0", "0", "0", "0" ], "duration": 174.0, "sum": 1 }, "geometry": { "type": "Point", "coordinates": [ -122.317007675878983, 47.638572325010045 ] } },
{ "type": "Feature", "properties": { "lat": 47.638637529985004, "lon": -122.305996435192, "time_of_day": "Late Night", "causation": [ "0", "0", "0", "0", "0", "0", "0", "0", "0", "0", "0", "0", "0", "0", "0", "0", "0", "0", "0", "0", "1", "0", "0", "0" ], "duration": 262.0, "sum": 1 }, "geometry": { "type": "Point", "coordinates": [ -122.305996435192, 47.638637529985004 ] } },
{ "type": "Feature", "properties": { "lat": 47.638643083371832, "lon": -122.31754699738322, "time_of_day": "Late Night", "causation": [ "0", "0", "0", "0", "0", "0", "0", "0", "1", "0", "0", "0", "0", "0", "0", "0", "0", "0", "0", "0", "0", "0", "0", "0" ], "duration": 174.0, "sum": 1 }, "geometry": { "type": "Point", "coordinates": [ -122.317546997383218, 47.638643083371832 ] } },
{ "type": "Feature", "properties": { "lat": 47.638686403168073, "lon": -122.31699864170112, "time_of_day": "Late Night", "causation": [ "0", "0", "0", "0", "0", "0", "0", "0", "1", "0", "0", "0", "0", "0", "0", "0", "0", "0", "0", "0", "0", "0", "0", "0" ], "duration": 174.0, "sum": 1 }, "geometry": { "type": "Point", "coordinates": [ -122.316998641701119, 47.638686403168073 ] } },
{ "type": "Feature", "properties": { "lat": 47.638734270257913, "lon": -122.3061925154705, "time_of_day": "Late Night", "causation": [ "0", "0", "0", "0", "0", "0", "0", "0", "0", "0", "0", "0", "0", "0", "0", "0", "0", "0", "0", "0", "2", "0", "0", "0" ], "duration": 524.0, "sum": 2 }, "geometry": { "type": "Point", "coordinates": [ -122.306192515470499, 47.638734270257913 ] } },
{ "type": "Feature", "properties": { "lat": 47.638760102223166, "lon": -122.30680512566688, "time_of_day": "Late Night", "causation": [ "0", "0", "0", "0", "0", "0", "0", "0", "0", "0", "0", "0", "0", "0", "0", "0", "0", "0", "0", "0", "1", "0", "0", "0" ], "duration": 262.0, "sum": 1 }, "geometry": { "type": "Point", "coordinates": [ -122.306805125666884, 47.638760102223166 ] } },
{ "type": "Feature", "properties": { "lat": 47.638796232188653, "lon": -122.37232117122684, "time_of_day": "Morning", "causation": [ "0", "0", "0", "0", "0", "0", "0", "0", "1", "0", "0", "0", "0", "0", "0", "0", "0", "0", "0", "0", "0", "0", "0", "0" ], "duration": 1003.0, "sum": 1 }, "geometry": { "type": "Point", "coordinates": [ -122.372321171226844, 47.638796232188653 ] } },
{ "type": "Feature", "properties": { "lat": 47.63879922470457, "lon": -122.372149685732, "time_of_day": "Morning", "causation": [ "0", "0", "0", "0", "0", "0", "0", "0", "2", "0", "0", "0", "0", "0", "0", "0", "0", "0", "0", "0", "0", "0", "0", "0" ], "duration": 2006.0, "sum": 2 }, "geometry": { "type": "Point", "coordinates": [ -122.372149685731998, 47.63879922470457 ] } },
{ "type": "Feature", "properties": { "lat": 47.638811356580121, "lon": -122.30693766411366, "time_of_day": "Late Night", "causation": [ "0", "0", "0", "0", "0", "0", "0", "0", "0", "0", "0", "0", "0", "0", "0", "0", "0", "0", "0", "0", "1", "0", "0", "0" ], "duration": 262.0, "sum": 1 }, "geometry": { "type": "Point", "coordinates": [ -122.306937664113661, 47.638811356580121 ] } },
{ "type": "Feature", "properties": { "lat": 47.638854626412709, "lon": -122.31703785670534, "time_of_day": "Late Night", "causation": [ "0", "0", "0", "0", "0", "0", "0", "0", "1", "0", "0", "0", "0", "0", "0", "0", "0", "0", "0", "0", "0", "0", "0", "0" ], "duration": 174.0, "sum": 1 }, "geometry": { "type": "Point", "coordinates": [ -122.31703785670534, 47.638854626412709 ] } },
{ "type": "Feature", "properties": { "lat": 47.638903210852845, "lon": -122.3175228575402, "time_of_day": "Late Night", "causation": [ "0", "0", "0", "0", "0", "0", "0", "0", "1", "0", "0", "0", "0", "0", "0", "0", "0", "0", "0", "0", "0", "0", "0", "0" ], "duration": 174.0, "sum": 1 }, "geometry": { "type": "Point", "coordinates": [ -122.317522857540197, 47.638903210852845 ] } },
{ "type": "Feature", "properties": { "lat": 47.638970441196491, "lon": -122.31700829884252, "time_of_day": "Late Night", "causation": [ "0", "0", "0", "0", "0", "0", "0", "0", "1", "0", "0", "0", "0", "0", "0", "0", "0", "0", "0", "0", "0", "0", "0", "0" ], "duration": 174.0, "sum": 1 }, "geometry": { "type": "Point", "coordinates": [ -122.317008298842524, 47.638970441196491 ] } },
{ "type": "Feature", "properties": { "lat": 47.639010273198203, "lon": -122.3723345484659, "time_of_day": "Morning", "causation": [ "0", "0", "0", "0", "0", "0", "0", "0", "1", "0", "0", "0", "0", "0", "0", "0", "0", "0", "0", "0", "0", "0", "0", "0" ], "duration": 1003.0, "sum": 1 }, "geometry": { "type": "Point", "coordinates": [ -122.372334548465901, 47.639010273198203 ] } },
{ "type": "Feature", "properties": { "lat": 47.63905514114326, "lon": -122.3175092248254, "time_of_day": "Late Night", "causation": [ "0", "0", "0", "0", "0", "0", "0", "0", "1", "0", "0", "0", "0", "0", "0", "0", "0", "0", "0", "0", "0", "0", "0", "0" ], "duration": 174.0, "sum": 1 }, "geometry": { "type": "Point", "coordinates": [ -122.3175092248254, 47.63905514114326 ] } },
{ "type": "Feature", "properties": { "lat": 47.639106059658197, "lon": -122.31704077824163, "time_of_day": "Late Night", "causation": [ "0", "0", "0", "0", "0", "0", "0", "0", "1", "0", "0", "0", "0", "0", "0", "0", "0", "0", "0", "0", "0", "0", "0", "0" ], "duration": 174.0, "sum": 1 }, "geometry": { "type": "Point", "coordinates": [ -122.317040778241633, 47.639106059658197 ] } },
{ "type": "Feature", "properties": { "lat": 47.639175451966068, "lon": -122.31751364827871, "time_of_day": "Late Night", "causation": [ "0", "0", "0", "0", "0", "0", "0", "0", "1", "0", "0", "0", "0", "0", "0", "0", "0", "0", "0", "0", "0", "0", "0", "0" ], "duration": 174.0, "sum": 1 }, "geometry": { "type": "Point", "coordinates": [ -122.317513648278705, 47.639175451966068 ] } },
{ "type": "Feature", "properties": { "lat": 47.639367350996686, "lon": -122.31761416177928, "time_of_day": "Late Night", "causation": [ "0", "0", "0", "0", "0", "0", "0", "0", "1", "0", "0", "0", "0", "0", "0", "0", "0", "0", "0", "0", "0", "0", "0", "0" ], "duration": 174.0, "sum": 1 }, "geometry": { "type": "Point", "coordinates": [ -122.317614161779275, 47.639367350996686 ] } },
{ "type": "Feature", "properties": { "lat": 47.639377177635446, "lon": -122.31746527588516, "time_of_day": "Late Night", "causation": [ "0", "0", "0", "0", "0", "0", "0", "0", "1", "0", "0", "0", "0", "0", "0", "0", "0", "0", "0", "0", "0", "0", "0", "0" ], "duration": 174.0, "sum": 1 }, "geometry": { "type": "Point", "coordinates": [ -122.317465275885155, 47.639377177635446 ] } },
{ "type": "Feature", "properties": { "lat": 47.639712443584898, "lon": -122.31725563070027, "time_of_day": "Late Night", "causation": [ "0", "0", "0", "0", "0", "0", "0", "0", "1", "0", "0", "0", "0", "0", "0", "0", "0", "0", "0", "0", "0", "0", "0", "0" ], "duration": 174.0, "sum": 1 }, "geometry": { "type": "Point", "coordinates": [ -122.317255630700274, 47.639712443584898 ] } },
{ "type": "Feature", "properties": { "lat": 47.639714290016698, "lon": -122.31763314766305, "time_of_day": "Late Night", "causation": [ "0", "0", "0", "0", "0", "0", "0", "0", "1", "0", "0", "0", "0", "0", "0", "0", "0", "0", "0", "0", "0", "0", "0", "0" ], "duration": 174.0, "sum": 1 }, "geometry": { "type": "Point", "coordinates": [ -122.317633147663045, 47.639714290016698 ] } },
{ "type": "Feature", "properties": { "lat": 47.641478042764362, "lon": -122.39795229850137, "time_of_day": "Morning", "causation": [ "0", "0", "0", "0", "0", "0", "0", "0", "0", "0", "0", "0", "0", "0", "0", "0", "0", "0", "6", "0", "0", "0", "0", "0" ], "duration": 1068.0, "sum": 6 }, "geometry": { "type": "Point", "coordinates": [ -122.397952298501366, 47.641478042764362 ] } },
{ "type": "Feature", "properties": { "lat": 47.643984024749123, "lon": -122.409314637327, "time_of_day": "Morning", "causation": [ "0", "0", "0", "0", "0", "0", "0", "0", "1", "0", "0", "0", "0", "0", "0", "0", "0", "0", "0", "0", "0", "0", "0", "0" ], "duration": 46.0, "sum": 1 }, "geometry": { "type": "Point", "coordinates": [ -122.409314637327, 47.643984024749123 ] } },
{ "type": "Feature", "properties": { "lat": 47.644152726590299, "lon": -122.40998494350974, "time_of_day": "Morning", "causation": [ "0", "0", "0", "0", "0", "0", "0", "0", "1", "0", "0", "0", "0", "0", "0", "0", "0", "0", "0", "0", "0", "0", "0", "0" ], "duration": 46.0, "sum": 1 }, "geometry": { "type": "Point", "coordinates": [ -122.409984943509741, 47.644152726590299 ] } },
{ "type": "Feature", "properties": { "lat": 47.644155042578177, "lon": -122.40928267772864, "time_of_day": "Morning", "causation": [ "0", "0", "0", "0", "0", "0", "0", "0", "1", "0", "0", "0", "0", "0", "0", "0", "0", "0", "0", "0", "0", "0", "0", "0" ], "duration": 46.0, "sum": 1 }, "geometry": { "type": "Point", "coordinates": [ -122.40928267772864, 47.644155042578177 ] } },
{ "type": "Feature", "properties": { "lat": 47.644310523602563, "lon": -122.4099683041146, "time_of_day": "Morning", "causation": [ "0", "0", "0", "0", "0", "0", "0", "0", "1", "0", "0", "0", "0", "0", "0", "0", "0", "0", "0", "0", "0", "0", "0", "0" ], "duration": 46.0, "sum": 1 }, "geometry": { "type": "Point", "coordinates": [ -122.409968304114599, 47.644310523602563 ] } },
{ "type": "Feature", "properties": { "lat": 47.644373012909718, "lon": -122.40930873163946, "time_of_day": "Morning", "causation": [ "0", "0", "0", "0", "0", "0", "0", "0", "1", "0", "0", "0", "0", "0", "0", "0", "0", "0", "0", "0", "0", "0", "0", "0" ], "duration": 46.0, "sum": 1 }, "geometry": { "type": "Point", "coordinates": [ -122.409308731639456, 47.644373012909718 ] } },
{ "type": "Feature", "properties": { "lat": 47.644453422091978, "lon": -122.41006505598835, "time_of_day": "Morning", "causation": [ "0", "0", "0", "0", "0", "0", "0", "0", "1", "0", "0", "0", "0", "0", "0", "0", "0", "0", "0", "0", "0", "0", "0", "0" ], "duration": 46.0, "sum": 1 }, "geometry": { "type": "Point", "coordinates": [ -122.410065055988355, 47.644453422091978 ] } },
{ "type": "Feature", "properties": { "lat": 47.644469424021182, "lon": -122.40932038550956, "time_of_day": "Morning", "causation": [ "0", "0", "0", "0", "0", "0", "0", "0", "1", "0", "0", "0", "0", "0", "0", "0", "0", "0", "0", "0", "0", "0", "0", "0" ], "duration": 46.0, "sum": 1 }, "geometry": { "type": "Point", "coordinates": [ -122.40932038550956, 47.644469424021182 ] } },
{ "type": "Feature", "properties": { "lat": 47.644624903851273, "lon": -122.4100380263571, "time_of_day": "Morning", "causation": [ "0", "0", "0", "0", "0", "0", "0", "0", "1", "0", "0", "0", "0", "0", "0", "0", "0", "0", "0", "0", "0", "0", "0", "0" ], "duration": 46.0, "sum": 1 }, "geometry": { "type": "Point", "coordinates": [ -122.4100380263571, 47.644624903851273 ] } },
{ "type": "Feature", "properties": { "lat": 47.644705051622672, "lon": -122.4093513692641, "time_of_day": "Morning", "causation": [ "0", "0", "0", "0", "0", "0", "0", "0", "1", "0", "0", "0", "0", "0", "0", "0", "0", "0", "0", "0", "0", "0", "0", "0" ], "duration": 46.0, "sum": 1 }, "geometry": { "type": "Point", "coordinates": [ -122.409351369264101, 47.644705051622672 ] } },
{ "type": "Feature", "properties": { "lat": 47.644828460454882, "lon": -122.40933198539337, "time_of_day": "Morning", "causation": [ "0", "0", "0", "0", "0", "0", "0", "0", "1", "0", "0", "0", "0", "0", "0", "0", "0", "0", "0", "0", "0", "0", "0", "0" ], "duration": 46.0, "sum": 1 }, "geometry": { "type": "Point", "coordinates": [ -122.409331985393365, 47.644828460454882 ] } },
{ "type": "Feature", "properties": { "lat": 47.644835770278711, "lon": -122.4099606674083, "time_of_day": "Morning", "causation": [ "0", "0", "0", "0", "0", "0", "0", "0", "1", "0", "0", "0", "0", "0", "0", "0", "0", "0", "0", "0", "0", "0", "0", "0" ], "duration": 46.0, "sum": 1 }, "geometry": { "type": "Point", "coordinates": [ -122.409960667408299, 47.644835770278711 ] } },
{ "type": "Feature", "properties": { "lat": 47.645174929059252, "lon": -122.40931786062704, "time_of_day": "Morning", "causation": [ "0", "0", "0", "0", "0", "0", "0", "0", "1", "0", "0", "0", "0", "0", "0", "0", "0", "0", "0", "0", "0", "0", "0", "0" ], "duration": 46.0, "sum": 1 }, "geometry": { "type": "Point", "coordinates": [ -122.409317860627041, 47.645174929059252 ] } },
{ "type": "Feature", "properties": { "lat": 47.645257576430552, "lon": -122.40994602320744, "time_of_day": "Morning", "causation": [ "0", "0", "0", "0", "0", "0", "0", "0", "1", "0", "0", "0", "0", "0", "0", "0", "0", "0", "0", "0", "0", "0", "0", "0" ], "duration": 46.0, "sum": 1 }, "geometry": { "type": "Point", "coordinates": [ -122.409946023207439, 47.645257576430552 ] } },
{ "type": "Feature", "properties": { "lat": 47.645410558014561, "lon": -122.40997931266348, "time_of_day": "Morning", "causation": [ "0", "0", "0", "0", "0", "0", "0", "0", "1", "0", "0", "0", "0", "0", "0", "0", "0", "0", "0", "0", "0", "0", "0", "0" ], "duration": 46.0, "sum": 1 }, "geometry": { "type": "Point", "coordinates": [ -122.409979312663481, 47.645410558014561 ] } },
{ "type": "Feature", "properties": { "lat": 47.645432934701489, "lon": -122.409264998339, "time_of_day": "Morning", "causation": [ "0", "0", "0", "0", "0", "0", "0", "0", "1", "0", "0", "0", "0", "0", "0", "0", "0", "0", "0", "0", "0", "0", "0", "0" ], "duration": 46.0, "sum": 1 }, "geometry": { "type": "Point", "coordinates": [ -122.409264998338998, 47.645432934701489 ] } },
{ "type": "Feature", "properties": { "lat": 47.645550697218482, "lon": -122.40932070821049, "time_of_day": "Morning", "causation": [ "0", "0", "0", "0", "0", "0", "0", "0", "1", "0", "0", "0", "0", "0", "0", "0", "0", "0", "0", "0", "0", "0", "0", "0" ], "duration": 46.0, "sum": 1 }, "geometry": { "type": "Point", "coordinates": [ -122.409320708210487, 47.645550697218482 ] } },
{ "type": "Feature", "properties": { "lat": 47.645568348150775, "lon": -122.41001451725568, "time_of_day": "Morning", "causation": [ "0", "0", "0", "0", "0", "0", "0", "0", "1", "0", "0", "0", "0", "0", "0", "0", "0", "0", "0", "0", "0", "0", "0", "0" ], "duration": 46.0, "sum": 1 }, "geometry": { "type": "Point", "coordinates": [ -122.410014517255675, 47.645568348150775 ] } },
{ "type": "Feature", "properties": { "lat": 47.64573973526057, "lon": -122.40932760223404, "time_of_day": "Morning", "causation": [ "0", "0", "0", "0", "0", "0", "0", "0", "1", "0", "0", "0", "0", "0", "0", "0", "0", "0", "0", "0", "0", "0", "0", "0" ], "duration": 46.0, "sum": 1 }, "geometry": { "type": "Point", "coordinates": [ -122.409327602234043, 47.64573973526057 ] } },
{ "type": "Feature", "properties": { "lat": 47.645767935313671, "lon": -122.40996615175024, "time_of_day": "Morning", "causation": [ "0", "0", "0", "0", "0", "0", "0", "0", "1", "0", "0", "0", "0", "0", "0", "0", "0", "0", "0", "0", "0", "0", "0", "0" ], "duration": 46.0, "sum": 1 }, "geometry": { "type": "Point", "coordinates": [ -122.40996615175024, 47.645767935313671 ] } },
{ "type": "Feature", "properties": { "lat": 47.645921858123103, "lon": -122.40920276518396, "time_of_day": "Morning", "causation": [ "0", "0", "0", "0", "0", "0", "0", "0", "1", "0", "0", "0", "0", "0", "0", "0", "0", "0", "0", "0", "0", "0", "0", "0" ], "duration": 46.0, "sum": 1 }, "geometry": { "type": "Point", "coordinates": [ -122.409202765183963, 47.645921858123103 ] } },
{ "type": "Feature", "properties": { "lat": 47.64598627720423, "lon": -122.40997251243272, "time_of_day": "Morning", "causation": [ "0", "0", "0", "0", "0", "0", "0", "0", "1", "0", "0", "0", "0", "0", "0", "0", "0", "0", "0", "0", "0", "0", "0", "0" ], "duration": 46.0, "sum": 1 }, "geometry": { "type": "Point", "coordinates": [ -122.409972512432716, 47.64598627720423 ] } },
{ "type": "Feature", "properties": { "lat": 47.646087236061561, "lon": -122.4091810654304, "time_of_day": "Morning", "causation": [ "0", "0", "0", "0", "0", "0", "0", "0", "1", "0", "0", "0", "0", "0", "0", "0", "0", "0", "0", "0", "0", "0", "0", "0" ], "duration": 46.0, "sum": 1 }, "geometry": { "type": "Point", "coordinates": [ -122.409181065430403, 47.646087236061561 ] } },
{ "type": "Feature", "properties": { "lat": 47.646176890289382, "lon": -122.40996490979092, "time_of_day": "Morning", "causation": [ "0", "0", "0", "0", "0", "0", "0", "0", "1", "0", "0", "0", "0", "0", "0", "0", "0", "0", "0", "0", "0", "0", "0", "0" ], "duration": 46.0, "sum": 1 }, "geometry": { "type": "Point", "coordinates": [ -122.409964909790915, 47.646176890289382 ] } },
{ "type": "Feature", "properties": { "lat": 47.646233932638268, "lon": -122.40922611261666, "time_of_day": "Morning", "causation": [ "0", "0", "0", "0", "0", "0", "0", "0", "1", "0", "0", "0", "0", "0", "0", "0", "0", "0", "0", "0", "0", "0", "0", "0" ], "duration": 46.0, "sum": 1 }, "geometry": { "type": "Point", "coordinates": [ -122.409226112616665, 47.646233932638268 ] } },
{ "type": "Feature", "properties": { "lat": 47.646286841355163, "lon": -122.40997836762961, "time_of_day": "Morning", "causation": [ "0", "0", "0", "0", "0", "0", "0", "0", "1", "0", "0", "0", "0", "0", "0", "0", "0", "0", "0", "0", "0", "0", "0", "0" ], "duration": 46.0, "sum": 1 }, "geometry": { "type": "Point", "coordinates": [ -122.409978367629606, 47.646286841355163 ] } },
{ "type": "Feature", "properties": { "lat": 47.646390514468784, "lon": -122.4093193122936, "time_of_day": "Morning", "causation": [ "0", "0", "0", "0", "0", "0", "0", "0", "1", "0", "0", "0", "0", "0", "0", "0", "0", "0", "0", "0", "0", "0", "0", "0" ], "duration": 46.0, "sum": 1 }, "geometry": { "type": "Point", "coordinates": [ -122.409319312293604, 47.646390514468784 ] } },
{ "type": "Feature", "properties": { "lat": 47.646472600086994, "lon": -122.40999140548487, "time_of_day": "Morning", "causation": [ "0", "0", "0", "0", "0", "0", "0", "0", "1", "0", "0", "0", "0", "0", "0", "0", "0", "0", "0", "0", "0", "0", "0", "0" ], "duration": 46.0, "sum": 1 }, "geometry": { "type": "Point", "coordinates": [ -122.409991405484874, 47.646472600086994 ] } },
{ "type": "Feature", "properties": { "lat": 47.646608589170071, "lon": -122.40992810971356, "time_of_day": "Morning", "causation": [ "0", "0", "0", "0", "0", "0", "0", "0", "1", "0", "0", "0", "0", "0", "0", "0", "0", "0", "0", "0", "0", "0", "0", "0" ], "duration": 46.0, "sum": 1 }, "geometry": { "type": "Point", "coordinates": [ -122.409928109713562, 47.646608589170071 ] } },
{ "type": "Feature", "properties": { "lat": 47.646668128668168, "lon": -122.40919587037418, "time_of_day": "Morning", "causation": [ "0", "0", "0", "0", "0", "0", "0", "0", "1", "0", "0", "0", "0", "0", "0", "0", "0", "0", "0", "0", "0", "0", "0", "0" ], "duration": 46.0, "sum": 1 }, "geometry": { "type": "Point", "coordinates": [ -122.409195870374177, 47.646668128668168 ] } },
{ "type": "Feature", "properties": { "lat": 47.647211293231273, "lon": -122.40996481886935, "time_of_day": "Morning", "causation": [ "0", "0", "0", "0", "0", "0", "0", "0", "1", "0", "0", "0", "0", "0", "0", "0", "0", "0", "0", "0", "0", "0", "0", "0" ], "duration": 46.0, "sum": 1 }, "geometry": { "type": "Point", "coordinates": [ -122.409964818869355, 47.647211293231273 ] } },
{ "type": "Feature", "properties": { "lat": 47.647330066760169, "lon": -122.40990790244182, "time_of_day": "Morning", "causation": [ "0", "0", "0", "0", "0", "0", "0", "0", "1", "0", "0", "0", "0", "0", "0", "0", "0", "0", "0", "0", "0", "0", "0", "0" ], "duration": 46.0, "sum": 1 }, "geometry": { "type": "Point", "coordinates": [ -122.409907902441816, 47.647330066760169 ] } },
{ "type": "Feature", "properties": { "lat": 47.647378793959298, "lon": -122.4092906030548, "time_of_day": "Morning", "causation": [ "0", "0", "0", "0", "0", "0", "0", "0", "1", "0", "0", "0", "0", "0", "0", "0", "0", "0", "0", "0", "0", "0", "0", "0" ], "duration": 46.0, "sum": 1 }, "geometry": { "type": "Point", "coordinates": [ -122.409290603054799, 47.647378793959298 ] } },
{ "type": "Feature", "properties": { "lat": 47.647482054287273, "lon": -122.40993083992552, "time_of_day": "Morning", "causation": [ "0", "0", "0", "0", "0", "0", "0", "0", "1", "0", "0", "0", "0", "0", "0", "0", "0", "0", "0", "0", "0", "0", "0", "0" ], "duration": 46.0, "sum": 1 }, "geometry": { "type": "Point", "coordinates": [ -122.409930839925522, 47.647482054287273 ] } },
{ "type": "Feature", "properties": { "lat": 47.6475016503109, "lon": -122.40928284313216, "time_of_day": "Morning", "causation": [ "0", "0", "0", "0", "0", "0", "0", "0", "1", "0", "0", "0", "0", "0", "0", "0", "0", "0", "0", "0", "0", "0", "0", "0" ], "duration": 46.0, "sum": 1 }, "geometry": { "type": "Point", "coordinates": [ -122.409282843132161, 47.6475016503109 ] } },
{ "type": "Feature", "properties": { "lat": 47.647626165483217, "lon": -122.40927877736442, "time_of_day": "Morning", "causation": [ "0", "0", "0", "0", "0", "0", "0", "0", "1", "0", "0", "0", "0", "0", "0", "0", "0", "0", "0", "0", "0", "0", "0", "0" ], "duration": 46.0, "sum": 1 }, "geometry": { "type": "Point", "coordinates": [ -122.40927877736442, 47.647626165483217 ] } },
{ "type": "Feature", "properties": { "lat": 47.647677378789133, "lon": -122.40995032772608, "time_of_day": "Morning", "causation": [ "0", "0", "0", "0", "0", "0", "0", "0", "1", "0", "0", "0", "0", "0", "0", "0", "0", "0", "0", "0", "0", "0", "0", "0" ], "duration": 46.0, "sum": 1 }, "geometry": { "type": "Point", "coordinates": [ -122.409950327726079, 47.647677378789133 ] } },
{ "type": "Feature", "properties": { "lat": 47.647742189006621, "lon": -122.40920836042524, "time_of_day": "Morning", "causation": [ "0", "0", "0", "0", "0", "0", "0", "0", "1", "0", "0", "0", "0", "0", "0", "0", "0", "0", "0", "0", "0", "0", "0", "0" ], "duration": 46.0, "sum": 1 }, "geometry": { "type": "Point", "coordinates": [ -122.409208360425239, 47.647742189006621 ] } },
{ "type": "Feature", "properties": { "lat": 47.647781559201022, "lon": -122.40993558355127, "time_of_day": "Morning", "causation": [ "0", "0", "0", "0", "0", "0", "0", "0", "1", "0", "0", "0", "0", "0", "0", "0", "0", "0", "0", "0", "0", "0", "0", "0" ], "duration": 46.0, "sum": 1 }, "geometry": { "type": "Point", "coordinates": [ -122.409935583551274, 47.647781559201022 ] } },
{ "type": "Feature", "properties": { "lat": 47.647885096270691, "lon": -122.4092375417718, "time_of_day": "Morning", "causation": [ "0", "0", "0", "0", "0", "0", "0", "0", "1", "0", "0", "0", "0", "0", "0", "0", "0", "0", "0", "0", "0", "0", "0", "0" ], "duration": 46.0, "sum": 1 }, "geometry": { "type": "Point", "coordinates": [ -122.409237541771802, 47.647885096270691 ] } },
{ "type": "Feature", "properties": { "lat": 47.647903489502824, "lon": -122.40992412873004, "time_of_day": "Morning", "causation": [ "0", "0", "0", "0", "0", "0", "0", "0", "1", "0", "0", "0", "0", "0", "0", "0", "0", "0", "0", "0", "0", "0", "0", "0" ], "duration": 46.0, "sum": 1 }, "geometry": { "type": "Point", "coordinates": [ -122.40992412873004, 47.647903489502824 ] } },
{ "type": "Feature", "properties": { "lat": 47.647980587962337, "lon": -122.40923483208542, "time_of_day": "Morning", "causation": [ "0", "0", "0", "0", "0", "0", "0", "0", "1", "0", "0", "0", "0", "0", "0", "0", "0", "0", "0", "0", "0", "0", "0", "0" ], "duration": 46.0, "sum": 1 }, "geometry": { "type": "Point", "coordinates": [ -122.409234832085417, 47.647980587962337 ] } },
{ "type": "Feature", "properties": { "lat": 47.648075152000857, "lon": -122.40992131143879, "time_of_day": "Morning", "causation": [ "0", "0", "0", "0", "0", "0", "0", "0", "1", "0", "0", "0", "0", "0", "0", "0", "0", "0", "0", "0", "0", "0", "0", "0" ], "duration": 46.0, "sum": 1 }, "geometry": { "type": "Point", "coordinates": [ -122.409921311438794, 47.648075152000857 ] } },
{ "type": "Feature", "properties": { "lat": 47.648106397320589, "lon": -122.40923473338758, "time_of_day": "Morning", "causation": [ "0", "0", "0", "0", "0", "0", "0", "0", "1", "0", "0", "0", "0", "0", "0", "0", "0", "0", "0", "0", "0", "0", "0", "0" ], "duration": 46.0, "sum": 1 }, "geometry": { "type": "Point", "coordinates": [ -122.409234733387578, 47.648106397320589 ] } },
{ "type": "Feature", "properties": { "lat": 47.648192455747584, "lon": -122.40993707836144, "time_of_day": "Morning", "causation": [ "0", "0", "0", "0", "0", "0", "0", "0", "1", "0", "0", "0", "0", "0", "0", "0", "0", "0", "0", "0", "0", "0", "0", "0" ], "duration": 46.0, "sum": 1 }, "geometry": { "type": "Point", "coordinates": [ -122.409937078361438, 47.648192455747584 ] } },
{ "type": "Feature", "properties": { "lat": 47.648205123746607, "lon": -122.40923189042604, "time_of_day": "Morning", "causation": [ "0", "0", "0", "0", "0", "0", "0", "0", "1", "0", "0", "0", "0", "0", "0", "0", "0", "0", "0", "0", "0", "0", "0", "0" ], "duration": 46.0, "sum": 1 }, "geometry": { "type": "Point", "coordinates": [ -122.409231890426042, 47.648205123746607 ] } },
{ "type": "Feature", "properties": { "lat": 47.648319102891591, "lon": -122.40924341198512, "time_of_day": "Morning", "causation": [ "0", "0", "0", "0", "0", "0", "0", "0", "1", "0", "0", "0", "0", "0", "0", "0", "0", "0", "0", "0", "0", "0", "0", "0" ], "duration": 46.0, "sum": 1 }, "geometry": { "type": "Point", "coordinates": [ -122.409243411985116, 47.648319102891591 ] } },
{ "type": "Feature", "properties": { "lat": 47.64834877204261, "lon": -122.40994424072494, "time_of_day": "Morning", "causation": [ "0", "0", "0", "0", "0", "0", "0", "0", "1", "0", "0", "0", "0", "0", "0", "0", "0", "0", "0", "0", "0", "0", "0", "0" ], "duration": 46.0, "sum": 1 }, "geometry": { "type": "Point", "coordinates": [ -122.40994424072494, 47.64834877204261 ] } },
{ "type": "Feature", "properties": { "lat": 47.648462941525672, "lon": -122.40988572662832, "time_of_day": "Morning", "causation": [ "0", "0", "0", "0", "0", "0", "0", "0", "1", "0", "0", "0", "0", "0", "0", "0", "0", "0", "0", "0", "0", "0", "0", "0" ], "duration": 46.0, "sum": 1 }, "geometry": { "type": "Point", "coordinates": [ -122.409885726628318, 47.648462941525672 ] } },
{ "type": "Feature", "properties": { "lat": 47.648489747755832, "lon": -122.40923320464751, "time_of_day": "Morning", "causation": [ "0", "0", "0", "0", "0", "0", "0", "0", "1", "0", "0", "0", "0", "0", "0", "0", "0", "0", "0", "0", "0", "0", "0", "0" ], "duration": 46.0, "sum": 1 }, "geometry": { "type": "Point", "coordinates": [ -122.409233204647506, 47.648489747755832 ] } },
{ "type": "Feature", "properties": { "lat": 47.648795494124037, "lon": -122.40873853269144, "time_of_day": "Morning", "causation": [ "0", "0", "0", "0", "0", "0", "0", "0", "1", "0", "0", "0", "0", "0", "0", "0", "0", "0", "0", "0", "0", "0", "0", "0" ], "duration": 46.0, "sum": 1 }, "geometry": { "type": "Point", "coordinates": [ -122.408738532691444, 47.648795494124037 ] } },
{ "type": "Feature", "properties": { "lat": 47.648821347823997, "lon": -122.40909075489915, "time_of_day": "Morning", "causation": [ "0", "0", "0", "0", "0", "0", "0", "0", "1", "0", "0", "0", "0", "0", "0", "0", "0", "0", "0", "0", "0", "0", "0", "0" ], "duration": 46.0, "sum": 1 }, "geometry": { "type": "Point", "coordinates": [ -122.409090754899154, 47.648821347823997 ] } },
{ "type": "Feature", "properties": { "lat": 47.648825658870308, "lon": -122.40935245404739, "time_of_day": "Morning", "causation": [ "0", "0", "0", "0", "0", "0", "0", "0", "1", "0", "0", "0", "0", "0", "0", "0", "0", "0", "0", "0", "0", "0", "0", "0" ], "duration": 46.0, "sum": 1 }, "geometry": { "type": "Point", "coordinates": [ -122.409352454047394, 47.648825658870308 ] } },
{ "type": "Feature", "properties": { "lat": 47.648835389468317, "lon": -122.4098333065276, "time_of_day": "Morning", "causation": [ "0", "0", "0", "0", "0", "0", "0", "0", "1", "0", "0", "0", "0", "0", "0", "0", "0", "0", "0", "0", "0", "0", "0", "0" ], "duration": 46.0, "sum": 1 }, "geometry": { "type": "Point", "coordinates": [ -122.409833306527602, 47.648835389468317 ] } },
{ "type": "Feature", "properties": { "lat": 47.64899416229094, "lon": -122.40867129866484, "time_of_day": "Morning", "causation": [ "0", "0", "0", "0", "0", "0", "0", "0", "1", "0", "0", "0", "0", "0", "0", "0", "0", "0", "0", "0", "0", "0", "0", "0" ], "duration": 46.0, "sum": 1 }, "geometry": { "type": "Point", "coordinates": [ -122.408671298664842, 47.64899416229094 ] } },
{ "type": "Feature", "properties": { "lat": 47.649075241543166, "lon": -122.4092050511013, "time_of_day": "Morning", "causation": [ "0", "0", "0", "0", "0", "0", "0", "0", "1", "0", "0", "0", "0", "0", "0", "0", "0", "0", "0", "0", "0", "0", "0", "0" ], "duration": 46.0, "sum": 1 }, "geometry": { "type": "Point", "coordinates": [ -122.409205051101296, 47.649075241543166 ] } },
{ "type": "Feature", "properties": { "lat": 47.649098474817322, "lon": -122.40864572090072, "time_of_day": "Morning", "causation": [ "0", "0", "0", "0", "0", "0", "0", "0", "1", "0", "0", "0", "0", "0", "0", "0", "0", "0", "0", "0", "0", "0", "0", "0" ], "duration": 46.0, "sum": 1 }, "geometry": { "type": "Point", "coordinates": [ -122.408645720900722, 47.649098474817322 ] } },
{ "type": "Feature", "properties": { "lat": 47.649173386567462, "lon": -122.40857711877352, "time_of_day": "Morning", "causation": [ "0", "0", "0", "0", "0", "0", "0", "0", "1", "0", "0", "0", "0", "0", "0", "0", "0", "0", "0", "0", "0", "0", "0", "0" ], "duration": 46.0, "sum": 1 }, "geometry": { "type": "Point", "coordinates": [ -122.408577118773522, 47.649173386567462 ] } },
{ "type": "Feature", "properties": { "lat": 47.649185601595086, "lon": -122.40988450039644, "time_of_day": "Morning", "causation": [ "0", "0", "0", "0", "0", "0", "0", "0", "1", "0", "0", "0", "0", "0", "0", "0", "0", "0", "0", "0", "0", "0", "0", "0" ], "duration": 46.0, "sum": 1 }, "geometry": { "type": "Point", "coordinates": [ -122.409884500396444, 47.649185601595086 ] } },
{ "type": "Feature", "properties": { "lat": 47.649193137264838, "lon": -122.40925728301087, "time_of_day": "Morning", "causation": [ "0", "0", "0", "0", "0", "0", "0", "0", "1", "0", "0", "0", "0", "0", "0", "0", "0", "0", "0", "0", "0", "0", "0", "0" ], "duration": 46.0, "sum": 1 }, "geometry": { "type": "Point", "coordinates": [ -122.409257283010874, 47.649193137264838 ] } },
{ "type": "Feature", "properties": { "lat": 47.649258656299423, "lon": -122.4086604185804, "time_of_day": "Morning", "causation": [ "0", "0", "0", "0", "0", "0", "0", "0", "1", "0", "0", "0", "0", "0", "0", "0", "0", "0", "0", "0", "0", "0", "0", "0" ], "duration": 46.0, "sum": 1 }, "geometry": { "type": "Point", "coordinates": [ -122.408660418580396, 47.649258656299423 ] } },
{ "type": "Feature", "properties": { "lat": 47.649330750189549, "lon": -122.40996431437532, "time_of_day": "Morning", "causation": [ "0", "0", "0", "0", "0", "0", "0", "0", "1", "0", "0", "0", "0", "0", "0", "0", "0", "0", "0", "0", "0", "0", "0", "0" ], "duration": 46.0, "sum": 1 }, "geometry": { "type": "Point", "coordinates": [ -122.409964314375316, 47.649330750189549 ] } },
{ "type": "Feature", "properties": { "lat": 47.64936181126977, "lon": -122.4092823727032, "time_of_day": "Morning", "causation": [ "0", "0", "0", "0", "0", "0", "0", "0", "1", "0", "0", "0", "0", "0", "0", "0", "0", "0", "0", "0", "0", "0", "0", "0" ], "duration": 46.0, "sum": 1 }, "geometry": { "type": "Point", "coordinates": [ -122.409282372703203, 47.64936181126977 ] } },
{ "type": "Feature", "properties": { "lat": 47.649386766516713, "lon": -122.4087348231461, "time_of_day": "Morning", "causation": [ "0", "0", "0", "0", "0", "0", "0", "0", "1", "0", "0", "0", "0", "0", "0", "0", "0", "0", "0", "0", "0", "0", "0", "0" ], "duration": 46.0, "sum": 1 }, "geometry": { "type": "Point", "coordinates": [ -122.408734823146105, 47.649386766516713 ] } },
{ "type": "Feature", "properties": { "lat": 47.649478416238921, "lon": -122.40927310820911, "time_of_day": "Morning", "causation": [ "0", "0", "0", "0", "0", "0", "0", "0", "1", "0", "0", "0", "0", "0", "0", "0", "0", "0", "0", "0", "0", "0", "0", "0" ], "duration": 46.0, "sum": 1 }, "geometry": { "type": "Point", "coordinates": [ -122.409273108209106, 47.649478416238921 ] } },
{ "type": "Feature", "properties": { "lat": 47.649570399411282, "lon": -122.40984975311454, "time_of_day": "Morning", "causation": [ "0", "0", "0", "0", "0", "0", "0", "0", "1", "0", "0", "0", "0", "0", "0", "0", "0", "0", "0", "0", "0", "0", "0", "0" ], "duration": 46.0, "sum": 1 }, "geometry": { "type": "Point", "coordinates": [ -122.409849753114543, 47.649570399411282 ] } },
{ "type": "Feature", "properties": { "lat": 47.649582918511413, "lon": -122.40921292678529, "time_of_day": "Morning", "causation": [ "0", "0", "0", "0", "0", "0", "0", "0", "1", "0", "0", "0", "0", "0", "0", "0", "0", "0", "0", "0", "0", "0", "0", "0" ], "duration": 46.0, "sum": 1 }, "geometry": { "type": "Point", "coordinates": [ -122.409212926785287, 47.649582918511413 ] } },
{ "type": "Feature", "properties": { "lat": 47.649656465209759, "lon": -122.40871976303212, "time_of_day": "Morning", "causation": [ "0", "0", "0", "0", "0", "0", "0", "0", "1", "0", "0", "0", "0", "0", "0", "0", "0", "0", "0", "0", "0", "0", "0", "0" ], "duration": 46.0, "sum": 1 }, "geometry": { "type": "Point", "coordinates": [ -122.408719763032124, 47.649656465209759 ] } },
{ "type": "Feature", "properties": { "lat": 47.649695133996218, "lon": -122.40982786040141, "time_of_day": "Morning", "causation": [ "0", "0", "0", "0", "0", "0", "0", "0", "1", "0", "0", "0", "0", "0", "0", "0", "0", "0", "0", "0", "0", "0", "0", "0" ], "duration": 46.0, "sum": 1 }, "geometry": { "type": "Point", "coordinates": [ -122.409827860401407, 47.649695133996218 ] } },
{ "type": "Feature", "properties": { "lat": 47.649707707913727, "lon": -122.40922952408604, "time_of_day": "Morning", "causation": [ "0", "0", "0", "0", "0", "0", "0", "0", "1", "0", "0", "0", "0", "0", "0", "0", "0", "0", "0", "0", "0", "0", "0", "0" ], "duration": 46.0, "sum": 1 }, "geometry": { "type": "Point", "coordinates": [ -122.409229524086044, 47.649707707913727 ] } },
{ "type": "Feature", "properties": { "lat": 47.649823835106758, "lon": -122.40986294019912, "time_of_day": "Morning", "causation": [ "0", "0", "0", "0", "0", "0", "0", "0", "1", "0", "0", "0", "0", "0", "0", "0", "0", "0", "0", "0", "0", "0", "0", "0" ], "duration": 46.0, "sum": 1 }, "geometry": { "type": "Point", "coordinates": [ -122.409862940199119, 47.649823835106758 ] } },
{ "type": "Feature", "properties": { "lat": 47.649907559359761, "lon": -122.40924643655632, "time_of_day": "Morning", "causation": [ "0", "0", "0", "0", "0", "0", "0", "0", "1", "0", "0", "0", "0", "0", "0", "0", "0", "0", "0", "0", "0", "0", "0", "0" ], "duration": 46.0, "sum": 1 }, "geometry": { "type": "Point", "coordinates": [ -122.409246436556316, 47.649907559359761 ] } },
{ "type": "Feature", "properties": { "lat": 47.649962018457131, "lon": -122.40986059269292, "time_of_day": "Morning", "causation": [ "0", "0", "0", "0", "0", "0", "0", "0", "1", "0", "0", "0", "0", "0", "0", "0", "0", "0", "0", "0", "0", "0", "0", "0" ], "duration": 46.0, "sum": 1 }, "geometry": { "type": "Point", "coordinates": [ -122.409860592692922, 47.649962018457131 ] } },
{ "type": "Feature", "properties": { "lat": 47.650031898918833, "lon": -122.40927330743447, "time_of_day": "Morning", "causation": [ "0", "0", "0", "0", "0", "0", "0", "0", "1", "0", "0", "0", "0", "0", "0", "0", "0", "0", "0", "0", "0", "0", "0", "0" ], "duration": 46.0, "sum": 1 }, "geometry": { "type": "Point", "coordinates": [ -122.409273307434475, 47.650031898918833 ] } },
{ "type": "Feature", "properties": { "lat": 47.650113614379549, "lon": -122.3455657028974, "time_of_day": "Morning", "causation": [ "0", "0", "0", "0", "0", "0", "0", "0", "0", "0", "0", "0", "0", "0", "0", "0", "0", "0", "1", "0", "0", "0", "0", "0" ], "duration": 73.0, "sum": 1 }, "geometry": { "type": "Point", "coordinates": [ -122.345565702897403, 47.650113614379549 ] } },
{ "type": "Feature", "properties": { "lat": 47.650136568848048, "lon": -122.40985512349064, "time_of_day": "Morning", "causation": [ "0", "0", "0", "0", "0", "0", "0", "0", "1", "0", "0", "0", "0", "0", "0", "0", "0", "0", "0", "0", "0", "0", "0", "0" ], "duration": 46.0, "sum": 1 }, "geometry": { "type": "Point", "coordinates": [ -122.409855123490644, 47.650136568848048 ] } },
{ "type": "Feature", "properties": { "lat": 47.650140169778737, "lon": -122.40925900174447, "time_of_day": "Morning", "causation": [ "0", "0", "0", "0", "0", "0", "0", "0", "1", "0", "0", "0", "0", "0", "0", "0", "0", "0", "0", "0", "0", "0", "0", "0" ], "duration": 46.0, "sum": 1 }, "geometry": { "type": "Point", "coordinates": [ -122.409259001744473, 47.650140169778737 ] } },
{ "type": "Feature", "properties": { "lat": 47.650218244557934, "lon": -122.40888326684131, "time_of_day": "Morning", "causation": [ "0", "0", "0", "0", "0", "0", "0", "0", "1", "0", "0", "0", "0", "0", "0", "0", "0", "0", "0", "0", "0", "0", "0", "0" ], "duration": 46.0, "sum": 1 }, "geometry": { "type": "Point", "coordinates": [ -122.408883266841315, 47.650218244557934 ] } },
{ "type": "Feature", "properties": { "lat": 47.650236719347618, "lon": -122.40872047941512, "time_of_day": "Morning", "causation": [ "0", "0", "0", "0", "0", "0", "0", "0", "1", "0", "0", "0", "0", "0", "0", "0", "0", "0", "0", "0", "0", "0", "0", "0" ], "duration": 46.0, "sum": 1 }, "geometry": { "type": "Point", "coordinates": [ -122.408720479415123, 47.650236719347618 ] } },
{ "type": "Feature", "properties": { "lat": 47.650242757337708, "lon": -122.34655939151445, "time_of_day": "Morning", "causation": [ "0", "0", "0", "0", "0", "0", "0", "0", "0", "0", "0", "0", "0", "0", "0", "0", "0", "0", "1", "0", "0", "0", "0", "0" ], "duration": 523.0, "sum": 1 }, "geometry": { "type": "Point", "coordinates": [ -122.346559391514447, 47.650242757337708 ] } },
{ "type": "Feature", "properties": { "lat": 47.650278343042451, "lon": -122.40925104007439, "time_of_day": "Morning", "causation": [ "0", "0", "0", "0", "0", "0", "0", "0", "1", "0", "0", "0", "0", "0", "0", "0", "0", "0", "0", "0", "0", "0", "0", "0" ], "duration": 46.0, "sum": 1 }, "geometry": { "type": "Point", "coordinates": [ -122.409251040074395, 47.650278343042451 ] } },
{ "type": "Feature", "properties": { "lat": 47.650600917071273, "lon": -122.40926387302387, "time_of_day": "Morning", "causation": [ "0", "0", "0", "0", "0", "0", "0", "0", "1", "0", "0", "0", "0", "0", "0", "0", "0", "0", "0", "0", "0", "0", "0", "0" ], "duration": 46.0, "sum": 1 }, "geometry": { "type": "Point", "coordinates": [ -122.409263873023875, 47.650600917071273 ] } },
{ "type": "Feature", "properties": { "lat": 47.650642794675058, "lon": -122.40873309186487, "time_of_day": "Morning", "causation": [ "0", "0", "0", "0", "0", "0", "0", "0", "1", "0", "0", "0", "0", "0", "0", "0", "0", "0", "0", "0", "0", "0", "0", "0" ], "duration": 46.0, "sum": 1 }, "geometry": { "type": "Point", "coordinates": [ -122.408733091864875, 47.650642794675058 ] } },
{ "type": "Feature", "properties": { "lat": 47.651419880657976, "lon": -122.34090405828958, "time_of_day": "Morning", "causation": [ "0", "0", "0", "0", "0", "0", "0", "0", "0", "0", "0", "0", "0", "0", "0", "0", "0", "0", "1", "0", "0", "0", "0", "0" ], "duration": 516.0, "sum": 1 }, "geometry": { "type": "Point", "coordinates": [ -122.340904058289581, 47.651419880657976 ] } },
{ "type": "Feature", "properties": { "lat": 47.657917989932827, "lon": -122.32112986870366, "time_of_day": "Morning", "causation": [ "0", "0", "0", "0", "0", "0", "0", "0", "0", "0", "0", "0", "0", "0", "0", "0", "0", "0", "3", "0", "0", "0", "0", "0" ], "duration": 150.0, "sum": 3 }, "geometry": { "type": "Point", "coordinates": [ -122.321129868703665, 47.657917989932827 ] } },
{ "type": "Feature", "properties": { "lat": 47.658095451977168, "lon": -122.32118004186748, "time_of_day": "Morning", "causation": [ "0", "0", "0", "0", "0", "0", "0", "0", "0", "0", "0", "0", "0", "0", "0", "0", "0", "0", "24", "0", "0", "0", "0", "0" ], "duration": 1200.0, "sum": 24 }, "geometry": { "type": "Point", "coordinates": [ -122.321180041867478, 47.658095451977168 ] } },
{ "type": "Feature", "properties": { "lat": 47.658290373637982, "lon": -122.32126050485194, "time_of_day": "Morning", "causation": [ "0", "0", "0", "0", "0", "0", "0", "0", "0", "0", "0", "0", "0", "0", "0", "0", "0", "0", "9", "0", "0", "0", "0", "0" ], "duration": 450.0, "sum": 9 }, "geometry": { "type": "Point", "coordinates": [ -122.321260504851935, 47.658290373637982 ] } },
{ "type": "Feature", "properties": { "lat": 47.658375671825659, "lon": -122.32055303549488, "time_of_day": "Morning", "causation": [ "0", "0", "0", "0", "0", "0", "0", "0", "0", "0", "0", "0", "0", "0", "0", "0", "0", "0", "8", "0", "0", "0", "0", "0" ], "duration": 400.0, "sum": 8 }, "geometry": { "type": "Point", "coordinates": [ -122.320553035494882, 47.658375671825659 ] } },
{ "type": "Feature", "properties": { "lat": 47.658405894569484, "lon": -122.32112655073628, "time_of_day": "Morning", "causation": [ "0", "0", "0", "0", "0", "0", "0", "0", "0", "0", "0", "0", "0", "0", "0", "0", "0", "0", "23", "0", "0", "0", "0", "0" ], "duration": 1150.0, "sum": 23 }, "geometry": { "type": "Point", "coordinates": [ -122.321126550736281, 47.658405894569484 ] } },
{ "type": "Feature", "properties": { "lat": 47.658606617547441, "lon": -122.32055002358794, "time_of_day": "Morning", "causation": [ "0", "0", "0", "0", "0", "0", "0", "0", "0", "0", "0", "0", "0", "0", "0", "0", "0", "0", "12", "0", "0", "0", "0", "0" ], "duration": 600.0, "sum": 12 }, "geometry": { "type": "Point", "coordinates": [ -122.320550023587941, 47.658606617547441 ] } },
{ "type": "Feature", "properties": { "lat": 47.658650652395579, "lon": -122.32110902950279, "time_of_day": "Morning", "causation": [ "0", "0", "0", "0", "0", "0", "0", "0", "0", "0", "0", "0", "0", "0", "0", "0", "0", "0", "41", "0", "0", "0", "0", "0" ], "duration": 2050.0, "sum": 41 }, "geometry": { "type": "Point", "coordinates": [ -122.321109029502793, 47.658650652395579 ] } },
{ "type": "Feature", "properties": { "lat": 47.658766919964897, "lon": -122.32056476412596, "time_of_day": "Morning", "causation": [ "0", "0", "0", "0", "0", "0", "0", "0", "0", "0", "0", "0", "0", "0", "0", "0", "0", "0", "21", "0", "0", "0", "0", "0" ], "duration": 1050.0, "sum": 21 }, "geometry": { "type": "Point", "coordinates": [ -122.320564764125962, 47.658766919964897 ] } },
{ "type": "Feature", "properties": { "lat": 47.658927972435151, "lon": -122.32112478704003, "time_of_day": "Morning", "causation": [ "0", "0", "0", "0", "0", "0", "0", "0", "0", "0", "0", "0", "0", "0", "0", "0", "0", "0", "1", "0", "0", "0", "0", "0" ], "duration": 50.0, "sum": 1 }, "geometry": { "type": "Point", "coordinates": [ -122.321124787040034, 47.658927972435151 ] } },
{ "type": "Feature", "properties": { "lat": 47.658969612726899, "lon": -122.32056798565225, "time_of_day": "Morning", "causation": [ "0", "0", "0", "0", "0", "0", "0", "0", "0", "0", "0", "0", "0", "0", "0", "0", "0", "0", "21", "0", "0", "0", "0", "0" ], "duration": 1050.0, "sum": 21 }, "geometry": { "type": "Point", "coordinates": [ -122.320567985652247, 47.658969612726899 ] } },
{ "type": "Feature", "properties": { "lat": 47.659117837030323, "lon": -122.32120913657248, "time_of_day": "Morning", "causation": [ "0", "0", "0", "0", "0", "0", "0", "0", "0", "0", "0", "0", "0", "0", "0", "0", "0", "0", "26", "0", "0", "0", "0", "0" ], "duration": 1300.0, "sum": 26 }, "geometry": { "type": "Point", "coordinates": [ -122.321209136572477, 47.659117837030323 ] } },
{ "type": "Feature", "properties": { "lat": 47.659315124689243, "lon": -122.32111043575478, "time_of_day": "Morning", "causation": [ "0", "0", "0", "0", "0", "0", "0", "0", "0", "0", "0", "0", "0", "0", "0", "0", "0", "0", "15", "0", "0", "0", "0", "0" ], "duration": 750.0, "sum": 15 }, "geometry": { "type": "Point", "coordinates": [ -122.321110435754775, 47.659315124689243 ] } },
{ "type": "Feature", "properties": { "lat": 47.664397559481749, "lon": -122.38146494966443, "time_of_day": "Morning", "causation": [ "0", "0", "1", "0", "0", "0", "0", "0", "0", "0", "0", "0", "0", "0", "0", "0", "0", "0", "0", "0", "0", "0", "0", "0" ], "duration": 440.0, "sum": 1 }, "geometry": { "type": "Point", "coordinates": [ -122.381464949664434, 47.664397559481749 ] } },
{ "type": "Feature", "properties": { "lat": 47.664585083868914, "lon": -122.38124810801068, "time_of_day": "Morning", "causation": [ "0", "0", "1", "0", "0", "0", "0", "0", "0", "0", "0", "0", "0", "0", "0", "0", "0", "0", "0", "0", "0", "0", "0", "0" ], "duration": 440.0, "sum": 1 }, "geometry": { "type": "Point", "coordinates": [ -122.381248108010681, 47.664585083868914 ] } },
{ "type": "Feature", "properties": { "lat": 47.664636329512362, "lon": -122.38131409272908, "time_of_day": "Morning", "causation": [ "0", "0", "1", "0", "0", "0", "0", "0", "0", "0", "0", "0", "0", "0", "0", "0", "0", "0", "0", "0", "0", "0", "0", "0" ], "duration": 440.0, "sum": 1 }, "geometry": { "type": "Point", "coordinates": [ -122.381314092729085, 47.664636329512362 ] } },
{ "type": "Feature", "properties": { "lat": 47.664701505263992, "lon": -122.38076999356836, "time_of_day": "Morning", "causation": [ "0", "0", "1", "0", "0", "0", "0", "0", "0", "0", "0", "0", "0", "0", "0", "0", "0", "0", "0", "0", "0", "0", "0", "0" ], "duration": 440.0, "sum": 1 }, "geometry": { "type": "Point", "coordinates": [ -122.380769993568364, 47.664701505263992 ] } },
{ "type": "Feature", "properties": { "lat": 47.664896584633127, "lon": -122.38103081187612, "time_of_day": "Morning", "causation": [ "0", "0", "1", "0", "0", "0", "0", "0", "0", "0", "0", "0", "0", "0", "0", "0", "0", "0", "0", "0", "0", "0", "0", "0" ], "duration": 440.0, "sum": 1 }, "geometry": { "type": "Point", "coordinates": [ -122.381030811876116, 47.664896584633127 ] } },
{ "type": "Feature", "properties": { "lat": 47.665051811704423, "lon": -122.38115371315456, "time_of_day": "Morning", "causation": [ "0", "0", "1", "0", "0", "0", "0", "0", "0", "0", "0", "0", "0", "0", "0", "0", "0", "0", "0", "0", "0", "0", "0", "0" ], "duration": 440.0, "sum": 1 }, "geometry": { "type": "Point", "coordinates": [ -122.381153713154561, 47.665051811704423 ] } },
{ "type": "Feature", "properties": { "lat": 47.665402175035993, "lon": -122.38168742189418, "time_of_day": "Morning", "causation": [ "0", "0", "5", "0", "0", "0", "0", "0", "0", "0", "0", "0", "0", "0", "0", "0", "0", "0", "0", "0", "0", "0", "0", "0" ], "duration": 2200.0, "sum": 5 }, "geometry": { "type": "Point", "coordinates": [ -122.381687421894185, 47.665402175035993 ] } },
{ "type": "Feature", "properties": { "lat": 47.665465517008187, "lon": -122.38242020781492, "time_of_day": "Morning", "causation": [ "0", "0", "4", "0", "0", "0", "0", "0", "0", "0", "0", "0", "0", "0", "0", "0", "0", "0", "0", "0", "0", "0", "0", "0" ], "duration": 1760.0, "sum": 4 }, "geometry": { "type": "Point", "coordinates": [ -122.382420207814917, 47.665465517008187 ] } },
{ "type": "Feature", "properties": { "lat": 47.665475338878423, "lon": -122.38188603293192, "time_of_day": "Morning", "causation": [ "0", "0", "3", "0", "0", "0", "0", "0", "0", "0", "0", "0", "0", "0", "0", "0", "0", "0", "0", "0", "0", "0", "0", "0" ], "duration": 1320.0, "sum": 3 }, "geometry": { "type": "Point", "coordinates": [ -122.381886032931916, 47.665475338878423 ] } },
{ "type": "Feature", "properties": { "lat": 47.665499285114862, "lon": -122.38125481368211, "time_of_day": "Morning", "causation": [ "0", "0", "1", "0", "0", "0", "0", "0", "0", "0", "0", "0", "0", "0", "0", "0", "0", "0", "0", "0", "0", "0", "0", "0" ], "duration": 440.0, "sum": 1 }, "geometry": { "type": "Point", "coordinates": [ -122.381254813682105, 47.665499285114862 ] } },
{ "type": "Feature", "properties": { "lat": 47.665527702453019, "lon": -122.3825928064464, "time_of_day": "Morning", "causation": [ "0", "0", "1", "0", "0", "0", "0", "0", "0", "0", "0", "0", "0", "0", "0", "0", "0", "0", "0", "0", "0", "0", "0", "0" ], "duration": 440.0, "sum": 1 }, "geometry": { "type": "Point", "coordinates": [ -122.382592806446397, 47.665527702453019 ] } },
{ "type": "Feature", "properties": { "lat": 47.66556904285931, "lon": -122.38191647167326, "time_of_day": "Morning", "causation": [ "0", "0", "6", "0", "0", "0", "0", "0", "0", "0", "0", "0", "0", "0", "0", "0", "0", "0", "0", "0", "0", "0", "0", "0" ], "duration": 2640.0, "sum": 6 }, "geometry": { "type": "Point", "coordinates": [ -122.381916471673264, 47.66556904285931 ] } },
{ "type": "Feature", "properties": { "lat": 47.665582462071377, "lon": -122.38271215495308, "time_of_day": "Morning", "causation": [ "0", "0", "1", "0", "0", "0", "0", "0", "0", "0", "0", "0", "0", "0", "0", "0", "0", "0", "0", "0", "0", "0", "0", "0" ], "duration": 440.0, "sum": 1 }, "geometry": { "type": "Point", "coordinates": [ -122.382712154953083, 47.665582462071377 ] } },
{ "type": "Feature", "properties": { "lat": 47.665659470542472, "lon": -122.38192874545869, "time_of_day": "Morning", "causation": [ "0", "0", "8", "0", "0", "0", "0", "0", "0", "0", "0", "0", "0", "0", "0", "0", "0", "0", "0", "0", "0", "0", "0", "0" ], "duration": 3520.0, "sum": 8 }, "geometry": { "type": "Point", "coordinates": [ -122.381928745458694, 47.665659470542472 ] } },
{ "type": "Feature", "properties": { "lat": 47.665809666945748, "lon": -122.38297668688853, "time_of_day": "Morning", "causation": [ "0", "0", "9", "0", "0", "0", "0", "0", "0", "0", "0", "0", "0", "0", "0", "0", "0", "0", "0", "0", "0", "0", "0", "0" ], "duration": 3960.0, "sum": 9 }, "geometry": { "type": "Point", "coordinates": [ -122.382976686888526, 47.665809666945748 ] } },
{ "type": "Feature", "properties": { "lat": 47.665993325894433, "lon": -122.38311002772956, "time_of_day": "Morning", "causation": [ "0", "0", "3", "0", "0", "0", "0", "0", "0", "0", "0", "0", "0", "0", "0", "0", "0", "0", "0", "0", "0", "0", "0", "0" ], "duration": 1320.0, "sum": 3 }, "geometry": { "type": "Point", "coordinates": [ -122.383110027729558, 47.665993325894433 ] } },
{ "type": "Feature", "properties": { "lat": 47.666007377356017, "lon": -122.38239196513248, "time_of_day": "Morning", "causation": [ "0", "0", "6", "0", "0", "0", "0", "0", "0", "0", "0", "0", "0", "0", "0", "0", "0", "0", "0", "0", "0", "0", "0", "0" ], "duration": 2640.0, "sum": 6 }, "geometry": { "type": "Point", "coordinates": [ -122.382391965132484, 47.666007377356017 ] } },
{ "type": "Feature", "properties": { "lat": 47.66606861388496, "lon": -122.38322985603386, "time_of_day": "Morning", "causation": [ "0", "0", "4", "0", "0", "0", "0", "0", "0", "0", "0", "0", "0", "0", "0", "0", "0", "0", "0", "0", "0", "0", "0", "0" ], "duration": 1760.0, "sum": 4 }, "geometry": { "type": "Point", "coordinates": [ -122.383229856033864, 47.66606861388496 ] } },
{ "type": "Feature", "properties": { "lat": 47.66616487556233, "lon": -122.38322906091835, "time_of_day": "Morning", "causation": [ "0", "0", "1", "0", "0", "0", "0", "0", "0", "0", "0", "0", "0", "0", "0", "0", "0", "0", "0", "0", "0", "0", "0", "0" ], "duration": 440.0, "sum": 1 }, "geometry": { "type": "Point", "coordinates": [ -122.383229060918353, 47.66616487556233 ] } },
{ "type": "Feature", "properties": { "lat": 47.666477796987962, "lon": -122.38368718711492, "time_of_day": "Morning", "causation": [ "0", "0", "1", "0", "0", "0", "0", "0", "0", "0", "0", "0", "0", "0", "0", "0", "0", "0", "0", "0", "0", "0", "0", "0" ], "duration": 440.0, "sum": 1 }, "geometry": { "type": "Point", "coordinates": [ -122.383687187114916, 47.666477796987962 ] } },
{ "type": "Feature", "properties": { "lat": 47.66661021555884, "lon": -122.38377313805624, "time_of_day": "Morning", "causation": [ "0", "0", "1", "0", "0", "0", "0", "0", "0", "0", "0", "0", "0", "0", "0", "0", "0", "0", "0", "0", "0", "0", "0", "0" ], "duration": 440.0, "sum": 1 }, "geometry": { "type": "Point", "coordinates": [ -122.383773138056242, 47.66661021555884 ] } },
{ "type": "Feature", "properties": { "lat": 47.66663931069634, "lon": -122.38302983659852, "time_of_day": "Morning", "causation": [ "0", "0", "1", "0", "0", "0", "0", "0", "0", "0", "0", "0", "0", "0", "0", "0", "0", "0", "0", "0", "0", "0", "0", "0" ], "duration": 440.0, "sum": 1 }, "geometry": { "type": "Point", "coordinates": [ -122.383029836598524, 47.66663931069634 ] } },
{ "type": "Feature", "properties": { "lat": 47.666714232550952, "lon": -122.38389974015504, "time_of_day": "Morning", "causation": [ "0", "0", "2", "0", "0", "0", "0", "0", "0", "0", "0", "0", "0", "0", "0", "0", "0", "0", "0", "0", "0", "0", "0", "0" ], "duration": 880.0, "sum": 2 }, "geometry": { "type": "Point", "coordinates": [ -122.383899740155044, 47.666714232550952 ] } },
{ "type": "Feature", "properties": { "lat": 47.666737020745714, "lon": -122.38310927526742, "time_of_day": "Morning", "causation": [ "0", "0", "2", "0", "0", "0", "0", "0", "0", "0", "0", "0", "0", "0", "0", "0", "0", "0", "0", "0", "0", "0", "0", "0" ], "duration": 880.0, "sum": 2 }, "geometry": { "type": "Point", "coordinates": [ -122.383109275267415, 47.666737020745714 ] } },
{ "type": "Feature", "properties": { "lat": 47.666800440491158, "lon": -122.3833106717245, "time_of_day": "Morning", "causation": [ "0", "0", "11", "0", "0", "0", "0", "0", "0", "0", "0", "0", "0", "0", "0", "0", "0", "0", "0", "0", "0", "0", "0", "0" ], "duration": 4840.0, "sum": 11 }, "geometry": { "type": "Point", "coordinates": [ -122.383310671724502, 47.666800440491158 ] } },
{ "type": "Feature", "properties": { "lat": 47.666804265797424, "lon": -122.38271457899774, "time_of_day": "Morning", "causation": [ "0", "0", "2", "0", "0", "0", "0", "0", "0", "0", "0", "0", "0", "0", "0", "0", "0", "0", "0", "0", "0", "0", "0", "0" ], "duration": 880.0, "sum": 2 }, "geometry": { "type": "Point", "coordinates": [ -122.382714578997735, 47.666804265797424 ] } },
{ "type": "Feature", "properties": { "lat": 47.6669108034476, "lon": -122.38417351732711, "time_of_day": "Morning", "causation": [ "0", "0", "6", "0", "0", "0", "0", "0", "0", "0", "0", "0", "0", "0", "0", "0", "0", "0", "0", "0", "0", "0", "0", "0" ], "duration": 2640.0, "sum": 6 }, "geometry": { "type": "Point", "coordinates": [ -122.384173517327113, 47.6669108034476 ] } },
{ "type": "Feature", "properties": { "lat": 47.667050737286722, "lon": -122.38434310905544, "time_of_day": "Afternoon", "causation": [ "0", "0", "3", "0", "0", "0", "0", "0", "0", "0", "0", "0", "0", "0", "0", "0", "0", "0", "0", "0", "0", "0", "0", "0" ], "duration": 2088.0, "sum": 3 }, "geometry": { "type": "Point", "coordinates": [ -122.384343109055436, 47.667050737286722 ] } },
{ "type": "Feature", "properties": { "lat": 47.6670617306781, "lon": -122.30369743820476, "time_of_day": "Morning", "causation": [ "0", "0", "1", "0", "0", "0", "0", "0", "0", "0", "0", "0", "0", "0", "0", "0", "0", "0", "0", "0", "0", "0", "0", "0" ], "duration": 85.0, "sum": 1 }, "geometry": { "type": "Point", "coordinates": [ -122.303697438204765, 47.6670617306781 ] } },
{ "type": "Feature", "properties": { "lat": 47.667228445877541, "lon": -122.38381511950379, "time_of_day": "Afternoon", "causation": [ "0", "0", "2", "0", "0", "0", "0", "0", "0", "0", "0", "0", "0", "0", "0", "0", "0", "0", "0", "0", "0", "0", "0", "0" ], "duration": 1392.0, "sum": 2 }, "geometry": { "type": "Point", "coordinates": [ -122.383815119503794, 47.667228445877541 ] } },
{ "type": "Feature", "properties": { "lat": 47.667233091330985, "lon": -122.38449671559005, "time_of_day": "Afternoon", "causation": [ "0", "0", "2", "0", "0", "0", "0", "0", "0", "0", "0", "0", "0", "0", "0", "0", "0", "0", "0", "0", "0", "0", "0", "0" ], "duration": 1392.0, "sum": 2 }, "geometry": { "type": "Point", "coordinates": [ -122.384496715590046, 47.667233091330985 ] } },
{ "type": "Feature", "properties": { "lat": 47.667280313055663, "lon": -122.30368982829209, "time_of_day": "Morning", "causation": [ "0", "0", "4", "0", "0", "0", "0", "0", "0", "0", "0", "0", "0", "0", "0", "0", "0", "0", "0", "0", "0", "0", "0", "0" ], "duration": 336.0, "sum": 4 }, "geometry": { "type": "Point", "coordinates": [ -122.303689828292093, 47.667280313055663 ] } },
{ "type": "Feature", "properties": { "lat": 47.667337635544406, "lon": -122.38402299090144, "time_of_day": "Afternoon", "causation": [ "0", "0", "2", "0", "0", "0", "0", "0", "0", "0", "0", "0", "0", "0", "0", "0", "0", "0", "0", "0", "0", "0", "0", "0" ], "duration": 1392.0, "sum": 2 }, "geometry": { "type": "Point", "coordinates": [ -122.384022990901443, 47.667337635544406 ] } },
{ "type": "Feature", "properties": { "lat": 47.667357067911993, "lon": -122.38456950113574, "time_of_day": "Afternoon", "causation": [ "0", "0", "4", "0", "0", "0", "0", "0", "0", "0", "0", "0", "0", "0", "0", "0", "0", "0", "0", "0", "0", "0", "0", "0" ], "duration": 2784.0, "sum": 4 }, "geometry": { "type": "Point", "coordinates": [ -122.384569501135744, 47.667357067911993 ] } },
{ "type": "Feature", "properties": { "lat": 47.66738413015468, "lon": -122.30383983556771, "time_of_day": "Morning", "causation": [ "0", "0", "1", "0", "0", "0", "0", "0", "0", "0", "0", "0", "0", "0", "0", "0", "0", "0", "0", "0", "0", "0", "0", "0" ], "duration": 84.0, "sum": 1 }, "geometry": { "type": "Point", "coordinates": [ -122.303839835567715, 47.66738413015468 ] } },
{ "type": "Feature", "properties": { "lat": 47.667390539459817, "lon": -122.38416661729556, "time_of_day": "Afternoon", "causation": [ "0", "0", "4", "0", "0", "0", "0", "0", "0", "0", "0", "0", "0", "0", "0", "0", "0", "0", "0", "0", "0", "0", "0", "0" ], "duration": 2784.0, "sum": 4 }, "geometry": { "type": "Point", "coordinates": [ -122.384166617295563, 47.667390539459817 ] } },
{ "type": "Feature", "properties": { "lat": 47.66739842394508, "lon": -122.30370536749332, "time_of_day": "Morning", "causation": [ "0", "0", "1", "0", "0", "0", "0", "0", "0", "0", "0", "0", "0", "0", "0", "0", "0", "0", "0", "0", "0", "0", "0", "0" ], "duration": 84.0, "sum": 1 }, "geometry": { "type": "Point", "coordinates": [ -122.303705367493322, 47.66739842394508 ] } },
{ "type": "Feature", "properties": { "lat": 47.66742876767028, "lon": -122.3031743427791, "time_of_day": "Morning", "causation": [ "0", "0", "1", "0", "0", "0", "0", "0", "0", "0", "0", "0", "0", "0", "0", "0", "0", "0", "0", "0", "0", "0", "0", "0" ], "duration": 84.0, "sum": 1 }, "geometry": { "type": "Point", "coordinates": [ -122.303174342779101, 47.66742876767028 ] } },
{ "type": "Feature", "properties": { "lat": 47.667462086389769, "lon": -122.30376659989884, "time_of_day": "Morning", "causation": [ "0", "0", "1", "0", "0", "0", "0", "0", "0", "0", "0", "0", "0", "0", "0", "0", "0", "0", "0", "0", "0", "0", "0", "0" ], "duration": 84.0, "sum": 1 }, "geometry": { "type": "Point", "coordinates": [ -122.303766599898836, 47.667462086389769 ] } },
{ "type": "Feature", "properties": { "lat": 47.667516353367581, "lon": -122.38495263805852, "time_of_day": "Morning", "causation": [ "0", "0", "28", "0", "0", "0", "0", "0", "0", "0", "0", "0", "0", "0", "0", "0", "0", "0", "0", "0", "0", "0", "0", "0" ], "duration": 12320.0, "sum": 28 }, "geometry": { "type": "Point", "coordinates": [ -122.384952638058522, 47.667516353367581 ] } },
{ "type": "Feature", "properties": { "lat": 47.667569143894319, "lon": -122.38420229399462, "time_of_day": "Afternoon", "causation": [ "0", "0", "3", "0", "0", "0", "0", "0", "0", "0", "0", "0", "0", "0", "0", "0", "0", "0", "0", "0", "0", "0", "0", "0" ], "duration": 2088.0, "sum": 3 }, "geometry": { "type": "Point", "coordinates": [ -122.384202293994619, 47.667569143894319 ] } },
{ "type": "Feature", "properties": { "lat": 47.667583836219073, "lon": -122.30317168914723, "time_of_day": "Morning", "causation": [ "0", "0", "2", "0", "0", "0", "0", "0", "0", "0", "0", "0", "0", "0", "0", "0", "0", "0", "0", "0", "0", "0", "0", "0" ], "duration": 168.0, "sum": 2 }, "geometry": { "type": "Point", "coordinates": [ -122.303171689147234, 47.667583836219073 ] } },
{ "type": "Feature", "properties": { "lat": 47.667669194356144, "lon": -122.38432756719357, "time_of_day": "Afternoon", "causation": [ "0", "0", "5", "0", "0", "0", "0", "0", "0", "0", "0", "0", "0", "0", "0", "0", "0", "0", "0", "0", "0", "0", "0", "0" ], "duration": 3480.0, "sum": 5 }, "geometry": { "type": "Point", "coordinates": [ -122.384327567193566, 47.667669194356144 ] } },
{ "type": "Feature", "properties": { "lat": 47.667822771381708, "lon": -122.3031694830355, "time_of_day": "Morning", "causation": [ "0", "0", "1", "0", "0", "0", "0", "0", "0", "0", "0", "0", "0", "0", "0", "0", "0", "0", "0", "0", "0", "0", "0", "0" ], "duration": 84.0, "sum": 1 }, "geometry": { "type": "Point", "coordinates": [ -122.303169483035504, 47.667822771381708 ] } },
{ "type": "Feature", "properties": { "lat": 47.667916796990802, "lon": -122.38568431045158, "time_of_day": "Morning", "causation": [ "0", "0", "10", "0", "0", "0", "0", "0", "0", "0", "0", "0", "0", "0", "0", "0", "0", "0", "0", "0", "0", "0", "0", "0" ], "duration": 4400.0, "sum": 10 }, "geometry": { "type": "Point", "coordinates": [ -122.38568431045158, 47.667916796990802 ] } },
{ "type": "Feature", "properties": { "lat": 47.667985675810861, "lon": -122.38452019043876, "time_of_day": "Afternoon", "causation": [ "0", "0", "5", "0", "0", "0", "0", "0", "0", "0", "0", "0", "0", "0", "0", "0", "0", "0", "0", "0", "0", "0", "0", "0" ], "duration": 3480.0, "sum": 5 }, "geometry": { "type": "Point", "coordinates": [ -122.384520190438764, 47.667985675810861 ] } },
{ "type": "Feature", "properties": { "lat": 47.668102059533375, "lon": -122.38510076204383, "time_of_day": "Morning", "causation": [ "0", "0", "1", "0", "0", "0", "0", "0", "0", "0", "0", "0", "0", "0", "0", "0", "0", "0", "0", "0", "0", "0", "0", "0" ], "duration": 440.0, "sum": 1 }, "geometry": { "type": "Point", "coordinates": [ -122.385100762043834, 47.668102059533375 ] } },
{ "type": "Feature", "properties": { "lat": 47.668251473091999, "lon": -122.3855328761644, "time_of_day": "Afternoon", "causation": [ "0", "0", "2", "0", "0", "0", "0", "0", "0", "0", "0", "0", "0", "0", "0", "0", "0", "0", "0", "0", "0", "0", "0", "0" ], "duration": 1392.0, "sum": 2 }, "geometry": { "type": "Point", "coordinates": [ -122.385532876164405, 47.668251473091999 ] } },
{ "type": "Feature", "properties": { "lat": 47.668329156945468, "lon": -122.3862719248912, "time_of_day": "Morning", "causation": [ "0", "0", "15", "0", "0", "0", "0", "0", "0", "0", "0", "0", "0", "0", "0", "0", "0", "0", "0", "0", "0", "0", "0", "0" ], "duration": 6600.0, "sum": 15 }, "geometry": { "type": "Point", "coordinates": [ -122.386271924891204, 47.668329156945468 ] } },
{ "type": "Feature", "properties": { "lat": 47.668413527008667, "lon": -122.38502839801006, "time_of_day": "Afternoon", "causation": [ "0", "0", "3", "0", "0", "0", "0", "0", "0", "0", "0", "0", "0", "0", "0", "0", "0", "0", "0", "0", "0", "0", "0", "0" ], "duration": 2088.0, "sum": 3 }, "geometry": { "type": "Point", "coordinates": [ -122.385028398010064, 47.668413527008667 ] } },
{ "type": "Feature", "properties": { "lat": 47.668414023333277, "lon": -122.38445178611748, "time_of_day": "Afternoon", "causation": [ "0", "0", "1", "0", "0", "0", "0", "0", "0", "0", "0", "0", "0", "0", "0", "0", "0", "0", "0", "0", "0", "0", "0", "0" ], "duration": 696.0, "sum": 1 }, "geometry": { "type": "Point", "coordinates": [ -122.384451786117481, 47.668414023333277 ] } },
{ "type": "Feature", "properties": { "lat": 47.668472587000402, "lon": -122.38539416064764, "time_of_day": "Morning", "causation": [ "0", "0", "10", "0", "0", "0", "0", "0", "0", "0", "0", "0", "0", "0", "0", "0", "0", "0", "0", "0", "0", "0", "0", "0" ], "duration": 4400.0, "sum": 10 }, "geometry": { "type": "Point", "coordinates": [ -122.385394160647635, 47.668472587000402 ] } },
{ "type": "Feature", "properties": { "lat": 47.668497095791857, "lon": -122.38581046703464, "time_of_day": "Afternoon", "causation": [ "0", "0", "2", "0", "0", "0", "0", "0", "0", "0", "0", "0", "0", "0", "0", "0", "0", "0", "0", "0", "0", "0", "0", "0" ], "duration": 1392.0, "sum": 2 }, "geometry": { "type": "Point", "coordinates": [ -122.385810467034645, 47.668497095791857 ] } },
{ "type": "Feature", "properties": { "lat": 47.668945514359017, "lon": -122.27538761565144, "time_of_day": "Morning", "causation": [ "0", "0", "0", "0", "0", "0", "0", "0", "0", "0", "0", "0", "0", "0", "0", "0", "0", "0", "1", "0", "0", "0", "0", "0" ], "duration": 148.0, "sum": 1 }, "geometry": { "type": "Point", "coordinates": [ -122.275387615651439, 47.668945514359017 ] } },
{ "type": "Feature", "properties": { "lat": 47.668965098993191, "lon": -122.27514463929784, "time_of_day": "Morning", "causation": [ "0", "0", "0", "0", "0", "0", "0", "0", "0", "0", "0", "0", "0", "0", "0", "0", "0", "0", "1", "0", "0", "0", "0", "0" ], "duration": 148.0, "sum": 1 }, "geometry": { "type": "Point", "coordinates": [ -122.275144639297835, 47.668965098993191 ] } },
{ "type": "Feature", "properties": { "lat": 47.668966013950858, "lon": -122.2759389149341, "time_of_day": "Morning", "causation": [ "0", "0", "0", "0", "0", "0", "0", "0", "0", "0", "0", "0", "0", "0", "0", "0", "0", "0", "1", "0", "0", "0", "0", "0" ], "duration": 148.0, "sum": 1 }, "geometry": { "type": "Point", "coordinates": [ -122.275938914934102, 47.668966013950858 ] } },
{ "type": "Feature", "properties": { "lat": 47.668979510663775, "lon": -122.27453272021954, "time_of_day": "Morning", "causation": [ "0", "0", "0", "0", "0", "0", "0", "0", "0", "0", "0", "0", "0", "0", "0", "0", "0", "0", "1", "0", "0", "0", "0", "0" ], "duration": 148.0, "sum": 1 }, "geometry": { "type": "Point", "coordinates": [ -122.27453272021954, 47.668979510663775 ] } },
{ "type": "Feature", "properties": { "lat": 47.668996432618847, "lon": -122.27485963347677, "time_of_day": "Morning", "causation": [ "0", "0", "0", "0", "0", "0", "0", "0", "0", "0", "0", "0", "0", "0", "0", "0", "0", "0", "1", "0", "0", "0", "0", "0" ], "duration": 148.0, "sum": 1 }, "geometry": { "type": "Point", "coordinates": [ -122.274859633476765, 47.668996432618847 ] } },
{ "type": "Feature", "properties": { "lat": 47.669033278394629, "lon": -122.27431484420228, "time_of_day": "Morning", "causation": [ "0", "0", "0", "0", "0", "0", "0", "0", "0", "0", "0", "0", "0", "0", "0", "0", "0", "0", "1", "0", "0", "0", "0", "0" ], "duration": 148.0, "sum": 1 }, "geometry": { "type": "Point", "coordinates": [ -122.27431484420228, 47.669033278394629 ] } },
{ "type": "Feature", "properties": { "lat": 47.669067928042992, "lon": -122.27393746977108, "time_of_day": "Morning", "causation": [ "0", "0", "0", "0", "0", "0", "0", "0", "0", "0", "0", "0", "0", "0", "0", "0", "0", "0", "1", "0", "0", "0", "0", "0" ], "duration": 127.0, "sum": 1 }, "geometry": { "type": "Point", "coordinates": [ -122.273937469771084, 47.669067928042992 ] } },
{ "type": "Feature", "properties": { "lat": 47.669080627370342, "lon": -122.27413197623416, "time_of_day": "Morning", "causation": [ "0", "0", "0", "0", "0", "0", "0", "0", "0", "0", "0", "0", "0", "0", "0", "0", "0", "0", "1", "0", "0", "0", "0", "0" ], "duration": 127.0, "sum": 1 }, "geometry": { "type": "Point", "coordinates": [ -122.274131976234159, 47.669080627370342 ] } },
{ "type": "Feature", "properties": { "lat": 47.669136298690816, "lon": -122.27361267231947, "time_of_day": "Morning", "causation": [ "0", "0", "0", "0", "0", "0", "0", "0", "0", "0", "0", "0", "0", "0", "0", "0", "0", "0", "1", "0", "0", "0", "0", "0" ], "duration": 127.0, "sum": 1 }, "geometry": { "type": "Point", "coordinates": [ -122.273612672319473, 47.669136298690816 ] } },
{ "type": "Feature", "properties": { "lat": 47.669270075865732, "lon": -122.27345547442988, "time_of_day": "Morning", "causation": [ "0", "0", "0", "0", "0", "0", "0", "0", "0", "0", "0", "0", "0", "0", "0", "0", "0", "0", "1", "0", "0", "0", "0", "0" ], "duration": 127.0, "sum": 1 }, "geometry": { "type": "Point", "coordinates": [ -122.27345547442988, 47.669270075865732 ] } },
{ "type": "Feature", "properties": { "lat": 47.669366221637361, "lon": -122.27322930776948, "time_of_day": "Morning", "causation": [ "0", "0", "0", "0", "0", "0", "0", "0", "0", "0", "0", "0", "0", "0", "0", "0", "0", "0", "1", "0", "0", "0", "0", "0" ], "duration": 127.0, "sum": 1 }, "geometry": { "type": "Point", "coordinates": [ -122.273229307769483, 47.669366221637361 ] } },
{ "type": "Feature", "properties": { "lat": 47.669381279278163, "lon": -122.274973999644, "time_of_day": "Morning", "causation": [ "0", "0", "0", "0", "0", "0", "0", "0", "0", "0", "0", "0", "0", "0", "0", "0", "0", "0", "1", "0", "0", "0", "0", "0" ], "duration": 148.0, "sum": 1 }, "geometry": { "type": "Point", "coordinates": [ -122.274973999644004, 47.669381279278163 ] } },
{ "type": "Feature", "properties": { "lat": 47.66938421015157, "lon": -122.27528036049284, "time_of_day": "Morning", "causation": [ "0", "0", "0", "0", "0", "0", "0", "0", "0", "0", "0", "0", "0", "0", "0", "0", "0", "0", "1", "0", "0", "0", "0", "0" ], "duration": 148.0, "sum": 1 }, "geometry": { "type": "Point", "coordinates": [ -122.275280360492843, 47.66938421015157 ] } },
{ "type": "Feature", "properties": { "lat": 47.669389717356843, "lon": -122.27469308569179, "time_of_day": "Morning", "causation": [ "0", "0", "0", "0", "0", "0", "0", "0", "0", "0", "0", "0", "0", "0", "0", "0", "0", "0", "1", "0", "0", "0", "0", "0" ], "duration": 148.0, "sum": 1 }, "geometry": { "type": "Point", "coordinates": [ -122.274693085691794, 47.669389717356843 ] } },
{ "type": "Feature", "properties": { "lat": 47.669397207806369, "lon": -122.27549712622954, "time_of_day": "Morning", "causation": [ "0", "0", "0", "0", "0", "0", "0", "0", "0", "0", "0", "0", "0", "0", "0", "0", "0", "0", "1", "0", "0", "0", "0", "0" ], "duration": 148.0, "sum": 1 }, "geometry": { "type": "Point", "coordinates": [ -122.275497126229538, 47.669397207806369 ] } },
{ "type": "Feature", "properties": { "lat": 47.669413389451023, "lon": -122.27450402330088, "time_of_day": "Morning", "causation": [ "0", "0", "0", "0", "0", "0", "0", "0", "0", "0", "0", "0", "0", "0", "0", "0", "0", "0", "1", "0", "0", "0", "0", "0" ], "duration": 127.0, "sum": 1 }, "geometry": { "type": "Point", "coordinates": [ -122.274504023300878, 47.669413389451023 ] } },
{ "type": "Feature", "properties": { "lat": 47.669450307353131, "lon": -122.2756917203742, "time_of_day": "Morning", "causation": [ "0", "0", "0", "0", "0", "0", "0", "0", "0", "0", "0", "0", "0", "0", "0", "0", "0", "0", "1", "0", "0", "0", "0", "0" ], "duration": 148.0, "sum": 1 }, "geometry": { "type": "Point", "coordinates": [ -122.275691720374198, 47.669450307353131 ] } },
{ "type": "Feature", "properties": { "lat": 47.669492704754255, "lon": -122.2731493347342, "time_of_day": "Morning", "causation": [ "0", "0", "0", "0", "0", "0", "0", "0", "0", "0", "0", "0", "0", "0", "0", "0", "0", "0", "1", "0", "0", "0", "0", "0" ], "duration": 127.0, "sum": 1 }, "geometry": { "type": "Point", "coordinates": [ -122.2731493347342, 47.669492704754255 ] } },
{ "type": "Feature", "properties": { "lat": 47.669585991938924, "lon": -122.27401227322753, "time_of_day": "Morning", "causation": [ "0", "0", "0", "0", "0", "0", "0", "0", "0", "0", "0", "0", "0", "0", "0", "0", "0", "0", "1", "0", "0", "0", "0", "0" ], "duration": 127.0, "sum": 1 }, "geometry": { "type": "Point", "coordinates": [ -122.274012273227527, 47.669585991938924 ] } },
{ "type": "Feature", "properties": { "lat": 47.669627376722843, "lon": -122.27298964661568, "time_of_day": "Morning", "causation": [ "0", "0", "0", "0", "0", "0", "0", "0", "0", "0", "0", "0", "0", "0", "0", "0", "0", "0", "1", "0", "0", "0", "0", "0" ], "duration": 127.0, "sum": 1 }, "geometry": { "type": "Point", "coordinates": [ -122.272989646615684, 47.669627376722843 ] } },
{ "type": "Feature", "properties": { "lat": 47.669628873389065, "lon": -122.2737889695028, "time_of_day": "Morning", "causation": [ "0", "0", "0", "0", "0", "0", "0", "0", "0", "0", "0", "0", "0", "0", "0", "0", "0", "0", "1", "0", "0", "0", "0", "0" ], "duration": 127.0, "sum": 1 }, "geometry": { "type": "Point", "coordinates": [ -122.273788969502803, 47.669628873389065 ] } },
{ "type": "Feature", "properties": { "lat": 47.669802920808671, "lon": -122.27360083346946, "time_of_day": "Morning", "causation": [ "0", "0", "0", "0", "0", "0", "0", "0", "0", "0", "0", "0", "0", "0", "0", "0", "0", "0", "1", "0", "0", "0", "0", "0" ], "duration": 127.0, "sum": 1 }, "geometry": { "type": "Point", "coordinates": [ -122.273600833469459, 47.669802920808671 ] } },
{ "type": "Feature", "properties": { "lat": 47.669832841699723, "lon": -122.2726976860415, "time_of_day": "Morning", "causation": [ "0", "0", "0", "0", "0", "0", "0", "0", "0", "0", "0", "0", "0", "0", "0", "0", "0", "0", "1", "0", "0", "0", "0", "0" ], "duration": 127.0, "sum": 1 }, "geometry": { "type": "Point", "coordinates": [ -122.272697686041496, 47.669832841699723 ] } },
{ "type": "Feature", "properties": { "lat": 47.669929830094553, "lon": -122.27266883035088, "time_of_day": "Morning", "causation": [ "0", "0", "0", "0", "0", "0", "0", "0", "0", "0", "0", "0", "0", "0", "0", "0", "0", "0", "1", "0", "0", "0", "0", "0" ], "duration": 127.0, "sum": 1 }, "geometry": { "type": "Point", "coordinates": [ -122.272668830350881, 47.669929830094553 ] } },
{ "type": "Feature", "properties": { "lat": 47.669959106724505, "lon": -122.27341948794236, "time_of_day": "Morning", "causation": [ "0", "0", "0", "0", "0", "0", "0", "0", "0", "0", "0", "0", "0", "0", "0", "0", "0", "0", "1", "0", "0", "0", "0", "0" ], "duration": 127.0, "sum": 1 }, "geometry": { "type": "Point", "coordinates": [ -122.273419487942363, 47.669959106724505 ] } },
{ "type": "Feature", "properties": { "lat": 47.670028290789865, "lon": -122.27254038906374, "time_of_day": "Morning", "causation": [ "0", "0", "0", "0", "0", "0", "0", "0", "0", "0", "0", "0", "0", "0", "0", "0", "0", "0", "1", "0", "0", "0", "0", "0" ], "duration": 127.0, "sum": 1 }, "geometry": { "type": "Point", "coordinates": [ -122.272540389063735, 47.670028290789865 ] } },
{ "type": "Feature", "properties": { "lat": 47.670069552346334, "lon": -122.2733388103194, "time_of_day": "Morning", "causation": [ "0", "0", "0", "0", "0", "0", "0", "0", "0", "0", "0", "0", "0", "0", "0", "0", "0", "0", "1", "0", "0", "0", "0", "0" ], "duration": 127.0, "sum": 1 }, "geometry": { "type": "Point", "coordinates": [ -122.273338810319402, 47.670069552346334 ] } },
{ "type": "Feature", "properties": { "lat": 47.670211135352318, "lon": -122.27242757024104, "time_of_day": "Morning", "causation": [ "0", "0", "0", "0", "0", "0", "0", "0", "0", "0", "0", "0", "0", "0", "0", "0", "0", "0", "1", "0", "0", "0", "0", "0" ], "duration": 127.0, "sum": 1 }, "geometry": { "type": "Point", "coordinates": [ -122.272427570241035, 47.670211135352318 ] } },
{ "type": "Feature", "properties": { "lat": 47.670235827104179, "lon": -122.2731603324914, "time_of_day": "Morning", "causation": [ "0", "0", "0", "0", "0", "0", "0", "0", "0", "0", "0", "0", "0", "0", "0", "0", "0", "0", "1", "0", "0", "0", "0", "0" ], "duration": 127.0, "sum": 1 }, "geometry": { "type": "Point", "coordinates": [ -122.2731603324914, 47.670235827104179 ] } },
{ "type": "Feature", "properties": { "lat": 47.670330677107899, "lon": -122.27235719316128, "time_of_day": "Morning", "causation": [ "0", "0", "0", "0", "0", "0", "0", "0", "0", "0", "0", "0", "0", "0", "0", "0", "0", "0", "1", "0", "0", "0", "0", "0" ], "duration": 127.0, "sum": 1 }, "geometry": { "type": "Point", "coordinates": [ -122.272357193161284, 47.670330677107899 ] } },
{ "type": "Feature", "properties": { "lat": 47.670366251138269, "lon": -122.27300286269352, "time_of_day": "Morning", "causation": [ "0", "0", "0", "0", "0", "0", "0", "0", "0", "0", "0", "0", "0", "0", "0", "0", "0", "0", "1", "0", "0", "0", "0", "0" ], "duration": 127.0, "sum": 1 }, "geometry": { "type": "Point", "coordinates": [ -122.273002862693517, 47.670366251138269 ] } },
{ "type": "Feature", "properties": { "lat": 47.670374836305832, "lon": -122.27542851491836, "time_of_day": "Morning", "causation": [ "0", "0", "0", "0", "0", "0", "0", "0", "0", "0", "0", "0", "0", "0", "0", "0", "0", "0", "1", "0", "0", "0", "0", "0" ], "duration": 155.0, "sum": 1 }, "geometry": { "type": "Point", "coordinates": [ -122.27542851491836, 47.670374836305832 ] } },
{ "type": "Feature", "properties": { "lat": 47.670410954495921, "lon": -122.2755768020881, "time_of_day": "Morning", "causation": [ "0", "0", "0", "0", "0", "0", "0", "0", "0", "0", "0", "0", "0", "0", "0", "0", "0", "0", "1", "0", "0", "0", "0", "0" ], "duration": 155.0, "sum": 1 }, "geometry": { "type": "Point", "coordinates": [ -122.275576802088096, 47.670410954495921 ] } },
{ "type": "Feature", "properties": { "lat": 47.670447716310953, "lon": -122.27607264945171, "time_of_day": "Morning", "causation": [ "0", "0", "0", "0", "0", "0", "0", "0", "0", "0", "0", "0", "0", "0", "0", "0", "0", "0", "1", "0", "0", "0", "0", "0" ], "duration": 155.0, "sum": 1 }, "geometry": { "type": "Point", "coordinates": [ -122.276072649451706, 47.670447716310953 ] } },
{ "type": "Feature", "properties": { "lat": 47.670448987862905, "lon": -122.27515768769231, "time_of_day": "Morning", "causation": [ "0", "0", "0", "0", "0", "0", "0", "0", "0", "0", "0", "0", "0", "0", "0", "0", "0", "0", "1", "0", "0", "0", "0", "0" ], "duration": 155.0, "sum": 1 }, "geometry": { "type": "Point", "coordinates": [ -122.275157687692314, 47.670448987862905 ] } },
{ "type": "Feature", "properties": { "lat": 47.670463511182149, "lon": -122.27627452624588, "time_of_day": "Morning", "causation": [ "0", "0", "0", "0", "0", "0", "0", "0", "0", "0", "0", "0", "0", "0", "0", "0", "0", "0", "1", "0", "0", "0", "0", "0" ], "duration": 155.0, "sum": 1 }, "geometry": { "type": "Point", "coordinates": [ -122.276274526245885, 47.670463511182149 ] } },
{ "type": "Feature", "properties": { "lat": 47.670481515858754, "lon": -122.27219066940788, "time_of_day": "Morning", "causation": [ "0", "0", "0", "0", "0", "0", "0", "0", "0", "0", "0", "0", "0", "0", "0", "0", "0", "0", "1", "0", "0", "0", "0", "0" ], "duration": 127.0, "sum": 1 }, "geometry": { "type": "Point", "coordinates": [ -122.272190669407877, 47.670481515858754 ] } },
{ "type": "Feature", "properties": { "lat": 47.670520493579325, "lon": -122.27292895404396, "time_of_day": "Morning", "causation": [ "0", "0", "0", "0", "0", "0", "0", "0", "0", "0", "0", "0", "0", "0", "0", "0", "0", "0", "1", "0", "0", "0", "0", "0" ], "duration": 127.0, "sum": 1 }, "geometry": { "type": "Point", "coordinates": [ -122.272928954043962, 47.670520493579325 ] } },
{ "type": "Feature", "properties": { "lat": 47.67061568048927, "lon": -122.27210595224632, "time_of_day": "Morning", "causation": [ "0", "0", "0", "0", "0", "0", "0", "0", "0", "0", "0", "0", "0", "0", "0", "0", "0", "0", "1", "0", "0", "0", "0", "0" ], "duration": 127.0, "sum": 1 }, "geometry": { "type": "Point", "coordinates": [ -122.272105952246321, 47.67061568048927 ] } },
{ "type": "Feature", "properties": { "lat": 47.670623103698333, "lon": -122.274736992266, "time_of_day": "Morning", "causation": [ "0", "0", "0", "0", "0", "0", "0", "0", "0", "0", "0", "0", "0", "0", "0", "0", "0", "0", "1", "0", "0", "0", "0", "0" ], "duration": 155.0, "sum": 1 }, "geometry": { "type": "Point", "coordinates": [ -122.274736992266, 47.670623103698333 ] } },
{ "type": "Feature", "properties": { "lat": 47.670648425481694, "lon": -122.27281396513141, "time_of_day": "Morning", "causation": [ "0", "0", "0", "0", "0", "0", "0", "0", "0", "0", "0", "0", "0", "0", "0", "0", "0", "0", "1", "0", "0", "0", "0", "0" ], "duration": 127.0, "sum": 1 }, "geometry": { "type": "Point", "coordinates": [ -122.272813965131405, 47.670648425481694 ] } },
{ "type": "Feature", "properties": { "lat": 47.670719055564845, "lon": -122.27456952476702, "time_of_day": "Morning", "causation": [ "0", "0", "0", "0", "0", "0", "0", "0", "0", "0", "0", "0", "0", "0", "0", "0", "0", "0", "1", "0", "0", "0", "0", "0" ], "duration": 155.0, "sum": 1 }, "geometry": { "type": "Point", "coordinates": [ -122.274569524767017, 47.670719055564845 ] } },
{ "type": "Feature", "properties": { "lat": 47.670762805652728, "lon": -122.27205302998756, "time_of_day": "Morning", "causation": [ "0", "0", "0", "0", "0", "0", "0", "0", "0", "0", "0", "0", "0", "0", "0", "0", "0", "0", "1", "0", "0", "0", "0", "0" ], "duration": 127.0, "sum": 1 }, "geometry": { "type": "Point", "coordinates": [ -122.272053029987561, 47.670762805652728 ] } },
{ "type": "Feature", "properties": { "lat": 47.670789162617311, "lon": -122.27269328165944, "time_of_day": "Morning", "causation": [ "0", "0", "0", "0", "0", "0", "0", "0", "0", "0", "0", "0", "0", "0", "0", "0", "0", "0", "1", "0", "0", "0", "0", "0" ], "duration": 127.0, "sum": 1 }, "geometry": { "type": "Point", "coordinates": [ -122.272693281659443, 47.670789162617311 ] } },
{ "type": "Feature", "properties": { "lat": 47.670808219285938, "lon": -122.2759468587447, "time_of_day": "Morning", "causation": [ "0", "0", "0", "0", "0", "0", "0", "0", "0", "0", "0", "0", "0", "0", "0", "0", "0", "0", "1", "0", "0", "0", "0", "0" ], "duration": 155.0, "sum": 1 }, "geometry": { "type": "Point", "coordinates": [ -122.275946858744703, 47.670808219285938 ] } },
{ "type": "Feature", "properties": { "lat": 47.670818143938007, "lon": -122.27441593368329, "time_of_day": "Morning", "causation": [ "0", "0", "0", "0", "0", "0", "0", "0", "0", "0", "0", "0", "0", "0", "0", "0", "0", "0", "1", "0", "0", "0", "0", "0" ], "duration": 155.0, "sum": 1 }, "geometry": { "type": "Point", "coordinates": [ -122.274415933683287, 47.670818143938007 ] } },
{ "type": "Feature", "properties": { "lat": 47.670819642688024, "lon": -122.27549980039718, "time_of_day": "Morning", "causation": [ "0", "0", "0", "0", "0", "0", "0", "0", "0", "0", "0", "0", "0", "0", "0", "0", "0", "0", "2", "0", "0", "0", "0", "0" ], "duration": 310.0, "sum": 2 }, "geometry": { "type": "Point", "coordinates": [ -122.275499800397185, 47.670819642688024 ] } },
{ "type": "Feature", "properties": { "lat": 47.670852368085022, "lon": -122.27574734660593, "time_of_day": "Morning", "causation": [ "0", "0", "0", "0", "0", "0", "0", "0", "0", "0", "0", "0", "0", "0", "0", "0", "0", "0", "1", "0", "0", "0", "0", "0" ], "duration": 155.0, "sum": 1 }, "geometry": { "type": "Point", "coordinates": [ -122.275747346605925, 47.670852368085022 ] } },
{ "type": "Feature", "properties": { "lat": 47.670869941221547, "lon": -122.2761780507284, "time_of_day": "Morning", "causation": [ "0", "0", "0", "0", "0", "0", "0", "0", "0", "0", "0", "0", "0", "0", "0", "0", "0", "0", "1", "0", "0", "0", "0", "0" ], "duration": 155.0, "sum": 1 }, "geometry": { "type": "Point", "coordinates": [ -122.276178050728404, 47.670869941221547 ] } },
{ "type": "Feature", "properties": { "lat": 47.670906854218856, "lon": -122.27530199002446, "time_of_day": "Morning", "causation": [ "0", "0", "0", "0", "0", "0", "0", "0", "0", "0", "0", "0", "0", "0", "0", "0", "0", "0", "1", "0", "0", "0", "0", "0" ], "duration": 155.0, "sum": 1 }, "geometry": { "type": "Point", "coordinates": [ -122.27530199002446, 47.670906854218856 ] } },
{ "type": "Feature", "properties": { "lat": 47.670920241086186, "lon": -122.27199049173184, "time_of_day": "Morning", "causation": [ "0", "0", "0", "0", "0", "0", "0", "0", "0", "0", "0", "0", "0", "0", "0", "0", "0", "0", "1", "0", "0", "0", "0", "0" ], "duration": 127.0, "sum": 1 }, "geometry": { "type": "Point", "coordinates": [ -122.271990491731842, 47.670920241086186 ] } },
{ "type": "Feature", "properties": { "lat": 47.670934746211913, "lon": -122.27258525932859, "time_of_day": "Morning", "causation": [ "0", "0", "0", "0", "0", "0", "0", "0", "0", "0", "0", "0", "0", "0", "0", "0", "0", "0", "1", "0", "0", "0", "0", "0" ], "duration": 127.0, "sum": 1 }, "geometry": { "type": "Point", "coordinates": [ -122.272585259328594, 47.670934746211913 ] } },
{ "type": "Feature", "properties": { "lat": 47.670955122292007, "lon": -122.2743163363909, "time_of_day": "Morning", "causation": [ "0", "0", "0", "0", "0", "0", "0", "0", "0", "0", "0", "0", "0", "0", "0", "0", "0", "0", "1", "0", "0", "0", "0", "0" ], "duration": 155.0, "sum": 1 }, "geometry": { "type": "Point", "coordinates": [ -122.274316336390896, 47.670955122292007 ] } },
{ "type": "Feature", "properties": { "lat": 47.671041834873051, "lon": -122.27180539938176, "time_of_day": "Morning", "causation": [ "0", "0", "0", "0", "0", "0", "0", "0", "0", "0", "0", "0", "0", "0", "0", "0", "0", "0", "1", "0", "0", "0", "0", "0" ], "duration": 127.0, "sum": 1 }, "geometry": { "type": "Point", "coordinates": [ -122.271805399381762, 47.671041834873051 ] } },
{ "type": "Feature", "properties": { "lat": 47.671072217757576, "lon": -122.27419345414668, "time_of_day": "Morning", "causation": [ "0", "0", "0", "0", "0", "0", "0", "0", "0", "0", "0", "0", "0", "0", "0", "0", "0", "0", "1", "0", "0", "0", "0", "0" ], "duration": 155.0, "sum": 1 }, "geometry": { "type": "Point", "coordinates": [ -122.274193454146683, 47.671072217757576 ] } },
{ "type": "Feature", "properties": { "lat": 47.67107414115938, "lon": -122.27249201211454, "time_of_day": "Morning", "causation": [ "0", "0", "0", "0", "0", "0", "0", "0", "0", "0", "0", "0", "0", "0", "0", "0", "0", "0", "1", "0", "0", "0", "0", "0" ], "duration": 127.0, "sum": 1 }, "geometry": { "type": "Point", "coordinates": [ -122.27249201211454, 47.67107414115938 ] } },
{ "type": "Feature", "properties": { "lat": 47.671131482988727, "lon": -122.27484086322583, "time_of_day": "Morning", "causation": [ "0", "0", "0", "0", "0", "0", "0", "0", "0", "0", "0", "0", "0", "0", "0", "0", "0", "0", "1", "0", "0", "0", "0", "0" ], "duration": 155.0, "sum": 1 }, "geometry": { "type": "Point", "coordinates": [ -122.274840863225833, 47.671131482988727 ] } },
{ "type": "Feature", "properties": { "lat": 47.671201117939383, "lon": -122.27173415481607, "time_of_day": "Morning", "causation": [ "0", "0", "0", "0", "0", "0", "0", "0", "0", "0", "0", "0", "0", "0", "0", "0", "0", "0", "2", "0", "0", "0", "0", "0" ], "duration": 254.0, "sum": 2 }, "geometry": { "type": "Point", "coordinates": [ -122.271734154816073, 47.671201117939383 ] } },
{ "type": "Feature", "properties": { "lat": 47.671245089030982, "lon": -122.27238240947339, "time_of_day": "Morning", "causation": [ "0", "0", "0", "0", "0", "0", "0", "0", "0", "0", "0", "0", "0", "0", "0", "0", "0", "0", "1", "0", "0", "0", "0", "0" ], "duration": 127.0, "sum": 1 }, "geometry": { "type": "Point", "coordinates": [ -122.272382409473394, 47.671245089030982 ] } },
{ "type": "Feature", "properties": { "lat": 47.671312539574345, "lon": -122.27412543761859, "time_of_day": "Morning", "causation": [ "0", "0", "0", "0", "0", "0", "0", "0", "0", "0", "0", "0", "0", "0", "0", "0", "0", "0", "1", "0", "0", "0", "0", "0" ], "duration": 155.0, "sum": 1 }, "geometry": { "type": "Point", "coordinates": [ -122.274125437618594, 47.671312539574345 ] } },
{ "type": "Feature", "properties": { "lat": 47.671358635816077, "lon": -122.27465857410247, "time_of_day": "Morning", "causation": [ "0", "0", "0", "0", "0", "0", "0", "0", "0", "0", "0", "0", "0", "0", "0", "0", "0", "0", "1", "0", "0", "0", "0", "0" ], "duration": 155.0, "sum": 1 }, "geometry": { "type": "Point", "coordinates": [ -122.274658574102475, 47.671358635816077 ] } },
{ "type": "Feature", "properties": { "lat": 47.671364894852843, "lon": -122.27164802612434, "time_of_day": "Morning", "causation": [ "0", "0", "0", "0", "0", "0", "0", "0", "0", "0", "0", "0", "0", "0", "0", "0", "0", "0", "1", "0", "0", "0", "0", "0" ], "duration": 127.0, "sum": 1 }, "geometry": { "type": "Point", "coordinates": [ -122.271648026124339, 47.671364894852843 ] } },
{ "type": "Feature", "properties": { "lat": 47.671372133109116, "lon": -122.2722723213096, "time_of_day": "Morning", "causation": [ "0", "0", "0", "0", "0", "0", "0", "0", "0", "0", "0", "0", "0", "0", "0", "0", "0", "0", "1", "0", "0", "0", "0", "0" ], "duration": 127.0, "sum": 1 }, "geometry": { "type": "Point", "coordinates": [ -122.2722723213096, 47.671372133109116 ] } },
{ "type": "Feature", "properties": { "lat": 47.671425563633491, "lon": -122.27399489458334, "time_of_day": "Morning", "causation": [ "0", "0", "0", "0", "0", "0", "0", "0", "0", "0", "0", "0", "0", "0", "0", "0", "0", "0", "1", "0", "0", "0", "0", "0" ], "duration": 155.0, "sum": 1 }, "geometry": { "type": "Point", "coordinates": [ -122.273994894583339, 47.671425563633491 ] } },
{ "type": "Feature", "properties": { "lat": 47.671502101162105, "lon": -122.27462173404076, "time_of_day": "Morning", "causation": [ "0", "0", "0", "0", "0", "0", "0", "0", "0", "0", "0", "0", "0", "0", "0", "0", "0", "0", "1", "0", "0", "0", "0", "0" ], "duration": 155.0, "sum": 1 }, "geometry": { "type": "Point", "coordinates": [ -122.274621734040764, 47.671502101162105 ] } },
{ "type": "Feature", "properties": { "lat": 47.671528204589229, "lon": -122.27154192728928, "time_of_day": "Morning", "causation": [ "0", "0", "0", "0", "0", "0", "0", "0", "0", "0", "0", "0", "0", "0", "0", "0", "0", "0", "1", "0", "0", "0", "0", "0" ], "duration": 127.0, "sum": 1 }, "geometry": { "type": "Point", "coordinates": [ -122.271541927289277, 47.671528204589229 ] } },
{ "type": "Feature", "properties": { "lat": 47.671572897454986, "lon": -122.27388319639419, "time_of_day": "Morning", "causation": [ "0", "0", "0", "0", "0", "0", "0", "0", "0", "0", "0", "0", "0", "0", "0", "0", "0", "0", "1", "0", "0", "0", "0", "0" ], "duration": 155.0, "sum": 1 }, "geometry": { "type": "Point", "coordinates": [ -122.273883196394195, 47.671572897454986 ] } },
{ "type": "Feature", "properties": { "lat": 47.671677586891832, "lon": -122.27206178991652, "time_of_day": "Morning", "causation": [ "0", "0", "0", "0", "0", "0", "0", "0", "0", "0", "0", "0", "0", "0", "0", "0", "0", "0", "1", "0", "0", "0", "0", "0" ], "duration": 127.0, "sum": 1 }, "geometry": { "type": "Point", "coordinates": [ -122.272061789916521, 47.671677586891832 ] } },
{ "type": "Feature", "properties": { "lat": 47.67168337665548, "lon": -122.27141799230554, "time_of_day": "Morning", "causation": [ "0", "0", "0", "0", "0", "0", "0", "0", "0", "0", "0", "0", "0", "0", "0", "0", "0", "0", "1", "0", "0", "0", "0", "0" ], "duration": 127.0, "sum": 1 }, "geometry": { "type": "Point", "coordinates": [ -122.271417992305544, 47.67168337665548 ] } },
{ "type": "Feature", "properties": { "lat": 47.671702174621537, "lon": -122.27378829488124, "time_of_day": "Morning", "causation": [ "0", "0", "0", "0", "0", "0", "0", "0", "0", "0", "0", "0", "0", "0", "0", "0", "0", "0", "1", "0", "0", "0", "0", "0" ], "duration": 155.0, "sum": 1 }, "geometry": { "type": "Point", "coordinates": [ -122.273788294881243, 47.671702174621537 ] } },
{ "type": "Feature", "properties": { "lat": 47.671811698525403, "lon": -122.27128305927052, "time_of_day": "Morning", "causation": [ "0", "0", "0", "0", "0", "0", "0", "0", "0", "0", "0", "0", "0", "0", "0", "0", "0", "0", "1", "0", "0", "0", "0", "0" ], "duration": 127.0, "sum": 1 }, "geometry": { "type": "Point", "coordinates": [ -122.271283059270516, 47.671811698525403 ] } },
{ "type": "Feature", "properties": { "lat": 47.671820346120455, "lon": -122.27196983879128, "time_of_day": "Morning", "causation": [ "0", "0", "0", "0", "0", "0", "0", "0", "0", "0", "0", "0", "0", "0", "0", "0", "0", "0", "1", "0", "0", "0", "0", "0" ], "duration": 127.0, "sum": 1 }, "geometry": { "type": "Point", "coordinates": [ -122.271969838791279, 47.671820346120455 ] } },
{ "type": "Feature", "properties": { "lat": 47.671830598243645, "lon": -122.27364836089311, "time_of_day": "Morning", "causation": [ "0", "0", "0", "0", "0", "0", "0", "0", "0", "0", "0", "0", "0", "0", "0", "0", "0", "0", "1", "0", "0", "0", "0", "0" ], "duration": 155.0, "sum": 1 }, "geometry": { "type": "Point", "coordinates": [ -122.273648360893105, 47.671830598243645 ] } },
{ "type": "Feature", "properties": { "lat": 47.671889325274002, "lon": -122.27451781393604, "time_of_day": "Morning", "causation": [ "0", "0", "0", "0", "0", "0", "0", "0", "0", "0", "0", "0", "0", "0", "0", "0", "0", "0", "1", "0", "0", "0", "0", "0" ], "duration": 155.0, "sum": 1 }, "geometry": { "type": "Point", "coordinates": [ -122.274517813936043, 47.671889325274002 ] } },
{ "type": "Feature", "properties": { "lat": 47.671933566877392, "lon": -122.27122532643446, "time_of_day": "Morning", "causation": [ "0", "0", "0", "0", "0", "0", "0", "0", "0", "0", "0", "0", "0", "0", "0", "0", "0", "0", "1", "0", "0", "0", "0", "0" ], "duration": 127.0, "sum": 1 }, "geometry": { "type": "Point", "coordinates": [ -122.271225326434461, 47.671933566877392 ] } },
{ "type": "Feature", "properties": { "lat": 47.671951209225526, "lon": -122.27431899931948, "time_of_day": "Morning", "causation": [ "0", "0", "0", "0", "0", "0", "0", "0", "0", "0", "0", "0", "0", "0", "0", "0", "0", "0", "1", "0", "0", "0", "0", "0" ], "duration": 155.0, "sum": 1 }, "geometry": { "type": "Point", "coordinates": [ -122.274318999319476, 47.671951209225526 ] } },
{ "type": "Feature", "properties": { "lat": 47.671976922820953, "lon": -122.27190842004238, "time_of_day": "Morning", "causation": [ "0", "0", "0", "0", "0", "0", "0", "0", "0", "0", "0", "0", "0", "0", "0", "0", "0", "0", "1", "0", "0", "0", "0", "0" ], "duration": 127.0, "sum": 1 }, "geometry": { "type": "Point", "coordinates": [ -122.271908420042379, 47.671976922820953 ] } },
{ "type": "Feature", "properties": { "lat": 47.671997852966349, "lon": -122.2735099569035, "time_of_day": "Morning", "causation": [ "0", "0", "0", "0", "0", "0", "0", "0", "0", "0", "0", "0", "0", "0", "0", "0", "0", "0", "1", "0", "0", "0", "0", "0" ], "duration": 155.0, "sum": 1 }, "geometry": { "type": "Point", "coordinates": [ -122.273509956903496, 47.671997852966349 ] } },
{ "type": "Feature", "properties": { "lat": 47.672038595742677, "lon": -122.27105452704498, "time_of_day": "Morning", "causation": [ "0", "0", "0", "0", "0", "0", "0", "0", "0", "0", "0", "0", "0", "0", "0", "0", "0", "0", "1", "0", "0", "0", "0", "0" ], "duration": 127.0, "sum": 1 }, "geometry": { "type": "Point", "coordinates": [ -122.271054527044981, 47.672038595742677 ] } },
{ "type": "Feature", "properties": { "lat": 47.672074914638962, "lon": -122.2741588767645, "time_of_day": "Morning", "causation": [ "0", "0", "0", "0", "0", "0", "0", "0", "0", "0", "0", "0", "0", "0", "0", "0", "0", "0", "1", "0", "0", "0", "0", "0" ], "duration": 155.0, "sum": 1 }, "geometry": { "type": "Point", "coordinates": [ -122.274158876764503, 47.672074914638962 ] } },
{ "type": "Feature", "properties": { "lat": 47.672232371721812, "lon": -122.27414133634169, "time_of_day": "Morning", "causation": [ "0", "0", "0", "0", "0", "0", "0", "0", "0", "0", "0", "0", "0", "0", "0", "0", "0", "0", "1", "0", "0", "0", "0", "0" ], "duration": 155.0, "sum": 1 }, "geometry": { "type": "Point", "coordinates": [ -122.274141336341685, 47.672232371721812 ] } },
{ "type": "Feature", "properties": { "lat": 47.672318414434002, "lon": -122.27359465275886, "time_of_day": "Morning", "causation": [ "0", "0", "0", "0", "0", "0", "0", "0", "0", "0", "0", "0", "0", "0", "0", "0", "0", "0", "1", "0", "0", "0", "0", "0" ], "duration": 155.0, "sum": 1 }, "geometry": { "type": "Point", "coordinates": [ -122.27359465275886, 47.672318414434002 ] } },
{ "type": "Feature", "properties": { "lat": 47.672320444079567, "lon": -122.27098310485783, "time_of_day": "Morning", "causation": [ "0", "0", "0", "0", "0", "0", "0", "0", "0", "0", "0", "0", "0", "0", "0", "0", "0", "0", "1", "0", "0", "0", "0", "0" ], "duration": 127.0, "sum": 1 }, "geometry": { "type": "Point", "coordinates": [ -122.270983104857834, 47.672320444079567 ] } },
{ "type": "Feature", "properties": { "lat": 47.672447021395776, "lon": -122.27409230361786, "time_of_day": "Morning", "causation": [ "0", "0", "0", "0", "0", "0", "0", "0", "0", "0", "0", "0", "0", "0", "0", "0", "0", "0", "1", "0", "0", "0", "0", "0" ], "duration": 155.0, "sum": 1 }, "geometry": { "type": "Point", "coordinates": [ -122.274092303617863, 47.672447021395776 ] } },
{ "type": "Feature", "properties": { "lat": 47.672496848005437, "lon": -122.27353915393709, "time_of_day": "Morning", "causation": [ "0", "0", "0", "0", "0", "0", "0", "0", "0", "0", "0", "0", "0", "0", "0", "0", "0", "0", "1", "0", "0", "0", "0", "0" ], "duration": 155.0, "sum": 1 }, "geometry": { "type": "Point", "coordinates": [ -122.273539153937094, 47.672496848005437 ] } },
{ "type": "Feature", "properties": { "lat": 47.672502778497389, "lon": -122.27306689706036, "time_of_day": "Morning", "causation": [ "0", "0", "0", "0", "0", "0", "0", "0", "0", "0", "0", "0", "0", "0", "0", "0", "0", "0", "1", "0", "0", "0", "0", "0" ], "duration": 155.0, "sum": 1 }, "geometry": { "type": "Point", "coordinates": [ -122.27306689706036, 47.672502778497389 ] } },
{ "type": "Feature", "properties": { "lat": 47.672578553872185, "lon": -122.27406124422404, "time_of_day": "Morning", "causation": [ "0", "0", "0", "0", "0", "0", "0", "0", "0", "0", "0", "0", "0", "0", "0", "0", "0", "0", "1", "0", "0", "0", "0", "0" ], "duration": 155.0, "sum": 1 }, "geometry": { "type": "Point", "coordinates": [ -122.274061244224043, 47.672578553872185 ] } },
{ "type": "Feature", "properties": { "lat": 47.672685538745483, "lon": -122.27355564010035, "time_of_day": "Morning", "causation": [ "0", "0", "0", "0", "0", "0", "0", "0", "0", "0", "0", "0", "0", "0", "0", "0", "0", "0", "1", "0", "0", "0", "0", "0" ], "duration": 155.0, "sum": 1 }, "geometry": { "type": "Point", "coordinates": [ -122.273555640100355, 47.672685538745483 ] } },
{ "type": "Feature", "properties": { "lat": 47.672836698640126, "lon": -122.27305748922646, "time_of_day": "Morning", "causation": [ "0", "0", "0", "0", "0", "0", "0", "0", "0", "0", "0", "0", "0", "0", "0", "0", "0", "0", "1", "0", "0", "0", "0", "0" ], "duration": 155.0, "sum": 1 }, "geometry": { "type": "Point", "coordinates": [ -122.27305748922646, 47.672836698640126 ] } },
{ "type": "Feature", "properties": { "lat": 47.672875663473576, "lon": -122.2735691376286, "time_of_day": "Morning", "causation": [ "0", "0", "0", "0", "0", "0", "0", "0", "0", "0", "0", "0", "0", "0", "0", "0", "0", "0", "1", "0", "0", "0", "0", "0" ], "duration": 155.0, "sum": 1 }, "geometry": { "type": "Point", "coordinates": [ -122.273569137628598, 47.672875663473576 ] } },
{ "type": "Feature", "properties": { "lat": 47.673045937865616, "lon": -122.27307572028698, "time_of_day": "Morning", "causation": [ "0", "0", "0", "0", "0", "0", "0", "0", "0", "0", "0", "0", "0", "0", "0", "0", "0", "0", "1", "0", "0", "0", "0", "0" ], "duration": 155.0, "sum": 1 }, "geometry": { "type": "Point", "coordinates": [ -122.273075720286982, 47.673045937865616 ] } },
{ "type": "Feature", "properties": { "lat": 47.673090849798193, "lon": -122.27363010921742, "time_of_day": "Morning", "causation": [ "0", "0", "0", "0", "0", "0", "0", "0", "0", "0", "0", "0", "0", "0", "0", "0", "0", "0", "1", "0", "0", "0", "0", "0" ], "duration": 155.0, "sum": 1 }, "geometry": { "type": "Point", "coordinates": [ -122.273630109217422, 47.673090849798193 ] } },
{ "type": "Feature", "properties": { "lat": 47.673250664594541, "lon": -122.27309020119939, "time_of_day": "Morning", "causation": [ "0", "0", "0", "0", "0", "0", "0", "0", "0", "0", "0", "0", "0", "0", "0", "0", "0", "0", "1", "0", "0", "0", "0", "0" ], "duration": 155.0, "sum": 1 }, "geometry": { "type": "Point", "coordinates": [ -122.273090201199395, 47.673250664594541 ] } },
{ "type": "Feature", "properties": { "lat": 47.673407983472643, "lon": -122.27305125066776, "time_of_day": "Morning", "causation": [ "0", "0", "0", "0", "0", "0", "0", "0", "0", "0", "0", "0", "0", "0", "0", "0", "0", "0", "1", "0", "0", "0", "0", "0" ], "duration": 155.0, "sum": 1 }, "geometry": { "type": "Point", "coordinates": [ -122.273051250667763, 47.673407983472643 ] } },
{ "type": "Feature", "properties": { "lat": 47.673414152251247, "lon": -122.27365352143256, "time_of_day": "Morning", "causation": [ "0", "0", "0", "0", "0", "0", "0", "0", "0", "0", "0", "0", "0", "0", "0", "0", "0", "0", "1", "0", "0", "0", "0", "0" ], "duration": 155.0, "sum": 1 }, "geometry": { "type": "Point", "coordinates": [ -122.273653521432564, 47.673414152251247 ] } },
{ "type": "Feature", "properties": { "lat": 47.67359281748854, "lon": -122.27362604810054, "time_of_day": "Morning", "causation": [ "0", "0", "0", "0", "0", "0", "0", "0", "0", "0", "0", "0", "0", "0", "0", "0", "0", "0", "1", "0", "0", "0", "0", "0" ], "duration": 155.0, "sum": 1 }, "geometry": { "type": "Point", "coordinates": [ -122.273626048100539, 47.67359281748854 ] } },
{ "type": "Feature", "properties": { "lat": 47.673602031298429, "lon": -122.27308281126308, "time_of_day": "Morning", "causation": [ "0", "0", "0", "0", "0", "0", "0", "0", "0", "0", "0", "0", "0", "0", "0", "0", "0", "0", "1", "0", "0", "0", "0", "0" ], "duration": 155.0, "sum": 1 }, "geometry": { "type": "Point", "coordinates": [ -122.27308281126308, 47.673602031298429 ] } },
{ "type": "Feature", "properties": { "lat": 47.673624115756205, "lon": -122.27409758909781, "time_of_day": "Morning", "causation": [ "0", "0", "0", "0", "0", "0", "0", "0", "0", "0", "0", "0", "0", "0", "0", "0", "0", "0", "1", "0", "0", "0", "0", "0" ], "duration": 155.0, "sum": 1 }, "geometry": { "type": "Point", "coordinates": [ -122.274097589097806, 47.673624115756205 ] } },
{ "type": "Feature", "properties": { "lat": 47.67378428122656, "lon": -122.27307046017512, "time_of_day": "Morning", "causation": [ "0", "0", "0", "0", "0", "0", "0", "0", "0", "0", "0", "0", "0", "0", "0", "0", "0", "0", "1", "0", "0", "0", "0", "0" ], "duration": 155.0, "sum": 1 }, "geometry": { "type": "Point", "coordinates": [ -122.27307046017512, 47.67378428122656 ] } },
{ "type": "Feature", "properties": { "lat": 47.673805888593222, "lon": -122.27363178249792, "time_of_day": "Morning", "causation": [ "0", "0", "0", "0", "0", "0", "0", "0", "0", "0", "0", "0", "0", "0", "0", "0", "0", "0", "1", "0", "0", "0", "0", "0" ], "duration": 155.0, "sum": 1 }, "geometry": { "type": "Point", "coordinates": [ -122.273631782497915, 47.673805888593222 ] } },
{ "type": "Feature", "properties": { "lat": 47.673823681588182, "lon": -122.27413261538376, "time_of_day": "Morning", "causation": [ "0", "0", "0", "0", "0", "0", "0", "0", "0", "0", "0", "0", "0", "0", "0", "0", "0", "0", "1", "0", "0", "0", "0", "0" ], "duration": 155.0, "sum": 1 }, "geometry": { "type": "Point", "coordinates": [ -122.274132615383763, 47.673823681588182 ] } },
{ "type": "Feature", "properties": { "lat": 47.67393279963774, "lon": -122.27305874972812, "time_of_day": "Morning", "causation": [ "0", "0", "0", "0", "0", "0", "0", "0", "0", "0", "0", "0", "0", "0", "0", "0", "0", "0", "1", "0", "0", "0", "0", "0" ], "duration": 155.0, "sum": 1 }, "geometry": { "type": "Point", "coordinates": [ -122.273058749728122, 47.67393279963774 ] } },
{ "type": "Feature", "properties": { "lat": 47.673998287812317, "lon": -122.27363454068916, "time_of_day": "Morning", "causation": [ "0", "0", "0", "0", "0", "0", "0", "0", "0", "0", "0", "0", "0", "0", "0", "0", "0", "0", "1", "0", "0", "0", "0", "0" ], "duration": 155.0, "sum": 1 }, "geometry": { "type": "Point", "coordinates": [ -122.273634540689159, 47.673998287812317 ] } },
{ "type": "Feature", "properties": { "lat": 47.674154581182513, "lon": -122.27306018434814, "time_of_day": "Morning", "causation": [ "0", "0", "0", "0", "0", "0", "0", "0", "0", "0", "0", "0", "0", "0", "0", "0", "0", "0", "1", "0", "0", "0", "0", "0" ], "duration": 155.0, "sum": 1 }, "geometry": { "type": "Point", "coordinates": [ -122.27306018434814, 47.674154581182513 ] } },
{ "type": "Feature", "properties": { "lat": 47.674225242883963, "lon": -122.27414261125161, "time_of_day": "Morning", "causation": [ "0", "0", "0", "0", "0", "0", "0", "0", "0", "0", "0", "0", "0", "0", "0", "0", "0", "0", "1", "0", "0", "0", "0", "0" ], "duration": 155.0, "sum": 1 }, "geometry": { "type": "Point", "coordinates": [ -122.274142611251605, 47.674225242883963 ] } },
{ "type": "Feature", "properties": { "lat": 47.674232946353314, "lon": -122.2736303018516, "time_of_day": "Morning", "causation": [ "0", "0", "0", "0", "0", "0", "0", "0", "0", "0", "0", "0", "0", "0", "0", "0", "0", "0", "1", "0", "0", "0", "0", "0" ], "duration": 155.0, "sum": 1 }, "geometry": { "type": "Point", "coordinates": [ -122.273630301851597, 47.674232946353314 ] } },
{ "type": "Feature", "properties": { "lat": 47.675531671081856, "lon": -122.27253465271964, "time_of_day": "Morning", "causation": [ "0", "0", "0", "0", "0", "0", "0", "0", "0", "0", "0", "0", "0", "0", "0", "0", "0", "0", "1", "0", "0", "0", "0", "0" ], "duration": 198.0, "sum": 1 }, "geometry": { "type": "Point", "coordinates": [ -122.272534652719642, 47.675531671081856 ] } },
{ "type": "Feature", "properties": { "lat": 47.675683292007193, "lon": -122.27373770425351, "time_of_day": "Morning", "causation": [ "0", "0", "0", "0", "0", "0", "0", "0", "0", "0", "0", "0", "0", "0", "0", "0", "0", "0", "1", "0", "0", "0", "0", "0" ], "duration": 198.0, "sum": 1 }, "geometry": { "type": "Point", "coordinates": [ -122.273737704253506, 47.675683292007193 ] } },
{ "type": "Feature", "properties": { "lat": 47.675851412125141, "lon": -122.2733475127278, "time_of_day": "Morning", "causation": [ "0", "0", "0", "0", "0", "0", "0", "0", "0", "0", "0", "0", "0", "0", "0", "0", "0", "0", "1", "0", "0", "0", "0", "0" ], "duration": 198.0, "sum": 1 }, "geometry": { "type": "Point", "coordinates": [ -122.273347512727796, 47.675851412125141 ] } },
{ "type": "Feature", "properties": { "lat": 47.675900518077931, "lon": -122.27254188334544, "time_of_day": "Morning", "causation": [ "0", "0", "0", "0", "0", "0", "0", "0", "0", "0", "0", "0", "0", "0", "0", "0", "0", "0", "1", "0", "0", "0", "0", "0" ], "duration": 198.0, "sum": 1 }, "geometry": { "type": "Point", "coordinates": [ -122.27254188334544, 47.675900518077931 ] } },
{ "type": "Feature", "properties": { "lat": 47.676052231105871, "lon": -122.2725618169034, "time_of_day": "Morning", "causation": [ "0", "0", "0", "0", "0", "0", "0", "0", "0", "0", "0", "0", "0", "0", "0", "0", "0", "0", "1", "0", "0", "0", "0", "0" ], "duration": 198.0, "sum": 1 }, "geometry": { "type": "Point", "coordinates": [ -122.272561816903405, 47.676052231105871 ] } },
{ "type": "Feature", "properties": { "lat": 47.676066534648221, "lon": -122.27331895639546, "time_of_day": "Morning", "causation": [ "0", "0", "0", "0", "0", "0", "0", "0", "0", "0", "0", "0", "0", "0", "0", "0", "0", "0", "1", "0", "0", "0", "0", "0" ], "duration": 198.0, "sum": 1 }, "geometry": { "type": "Point", "coordinates": [ -122.273318956395457, 47.676066534648221 ] } },
{ "type": "Feature", "properties": { "lat": 47.676158812527149, "lon": -122.27254243914054, "time_of_day": "Morning", "causation": [ "0", "0", "0", "0", "0", "0", "0", "0", "0", "0", "0", "0", "0", "0", "0", "0", "0", "0", "1", "0", "0", "0", "0", "0" ], "duration": 198.0, "sum": 1 }, "geometry": { "type": "Point", "coordinates": [ -122.272542439140537, 47.676158812527149 ] } },
{ "type": "Feature", "properties": { "lat": 47.676218300710325, "lon": -122.27332884955824, "time_of_day": "Morning", "causation": [ "0", "0", "0", "0", "0", "0", "0", "0", "0", "0", "0", "0", "0", "0", "0", "0", "0", "0", "1", "0", "0", "0", "0", "0" ], "duration": 198.0, "sum": 1 }, "geometry": { "type": "Point", "coordinates": [ -122.27332884955824, 47.676218300710325 ] } },
{ "type": "Feature", "properties": { "lat": 47.676268676880312, "lon": -122.27261987136291, "time_of_day": "Morning", "causation": [ "0", "0", "0", "0", "0", "0", "0", "0", "0", "0", "0", "0", "0", "0", "0", "0", "0", "0", "1", "0", "0", "0", "0", "0" ], "duration": 198.0, "sum": 1 }, "geometry": { "type": "Point", "coordinates": [ -122.272619871362906, 47.676268676880312 ] } },
{ "type": "Feature", "properties": { "lat": 47.676327819297619, "lon": -122.27330462595468, "time_of_day": "Morning", "causation": [ "0", "0", "0", "0", "0", "0", "0", "0", "0", "0", "0", "0", "0", "0", "0", "0", "0", "0", "1", "0", "0", "0", "0", "0" ], "duration": 198.0, "sum": 1 }, "geometry": { "type": "Point", "coordinates": [ -122.27330462595468, 47.676327819297619 ] } },
{ "type": "Feature", "properties": { "lat": 47.676407597304291, "lon": -122.27260711374888, "time_of_day": "Morning", "causation": [ "0", "0", "0", "0", "0", "0", "0", "0", "0", "0", "0", "0", "0", "0", "0", "0", "0", "0", "1", "0", "0", "0", "0", "0" ], "duration": 198.0, "sum": 1 }, "geometry": { "type": "Point", "coordinates": [ -122.272607113748876, 47.676407597304291 ] } },
{ "type": "Feature", "properties": { "lat": 47.676480028985843, "lon": -122.27328855196669, "time_of_day": "Morning", "causation": [ "0", "0", "0", "0", "0", "0", "0", "0", "0", "0", "0", "0", "0", "0", "0", "0", "0", "0", "1", "0", "0", "0", "0", "0" ], "duration": 198.0, "sum": 1 }, "geometry": { "type": "Point", "coordinates": [ -122.273288551966687, 47.676480028985843 ] } },
{ "type": "Feature", "properties": { "lat": 47.676559722757297, "lon": -122.27260201747158, "time_of_day": "Morning", "causation": [ "0", "0", "0", "0", "0", "0", "0", "0", "0", "0", "0", "0", "0", "0", "0", "0", "0", "0", "1", "0", "0", "0", "0", "0" ], "duration": 198.0, "sum": 1 }, "geometry": { "type": "Point", "coordinates": [ -122.272602017471584, 47.676559722757297 ] } },
{ "type": "Feature", "properties": { "lat": 47.67662654384047, "lon": -122.27339998069016, "time_of_day": "Morning", "causation": [ "0", "0", "0", "0", "0", "0", "0", "0", "0", "0", "0", "0", "0", "0", "0", "0", "0", "0", "1", "0", "0", "0", "0", "0" ], "duration": 198.0, "sum": 1 }, "geometry": { "type": "Point", "coordinates": [ -122.273399980690158, 47.67662654384047 ] } },
{ "type": "Feature", "properties": { "lat": 47.676744305812072, "lon": -122.273326624668, "time_of_day": "Morning", "causation": [ "0", "0", "0", "0", "0", "0", "0", "0", "0", "0", "0", "0", "0", "0", "0", "0", "0", "0", "1", "0", "0", "0", "0", "0" ], "duration": 198.0, "sum": 1 }, "geometry": { "type": "Point", "coordinates": [ -122.273326624668002, 47.676744305812072 ] } },
{ "type": "Feature", "properties": { "lat": 47.676748169044899, "lon": -122.27259536118822, "time_of_day": "Morning", "causation": [ "0", "0", "0", "0", "0", "0", "0", "0", "0", "0", "0", "0", "0", "0", "0", "0", "0", "0", "1", "0", "0", "0", "0", "0" ], "duration": 198.0, "sum": 1 }, "geometry": { "type": "Point", "coordinates": [ -122.272595361188223, 47.676748169044899 ] } },
{ "type": "Feature", "properties": { "lat": 47.676903854262797, "lon": -122.2725778587666, "time_of_day": "Morning", "causation": [ "0", "0", "0", "0", "0", "0", "0", "0", "0", "0", "0", "0", "0", "0", "0", "0", "0", "0", "1", "0", "0", "0", "0", "0" ], "duration": 198.0, "sum": 1 }, "geometry": { "type": "Point", "coordinates": [ -122.272577858766596, 47.676903854262797 ] } },
{ "type": "Feature", "properties": { "lat": 47.676904771486406, "lon": -122.27331339805195, "time_of_day": "Morning", "causation": [ "0", "0", "0", "0", "0", "0", "0", "0", "0", "0", "0", "0", "0", "0", "0", "0", "0", "0", "1", "0", "0", "0", "0", "0" ], "duration": 198.0, "sum": 1 }, "geometry": { "type": "Point", "coordinates": [ -122.273313398051954, 47.676904771486406 ] } },
{ "type": "Feature", "properties": { "lat": 47.677037348060097, "lon": -122.2726100974228, "time_of_day": "Morning", "causation": [ "0", "0", "0", "0", "0", "0", "0", "0", "0", "0", "0", "0", "0", "0", "0", "0", "0", "0", "1", "0", "0", "0", "0", "0" ], "duration": 198.0, "sum": 1 }, "geometry": { "type": "Point", "coordinates": [ -122.272610097422799, 47.677037348060097 ] } },
{ "type": "Feature", "properties": { "lat": 47.67718361372345, "lon": -122.27331393023644, "time_of_day": "Morning", "causation": [ "0", "0", "0", "0", "0", "0", "0", "0", "0", "0", "0", "0", "0", "0", "0", "0", "0", "0", "1", "0", "0", "0", "0", "0" ], "duration": 198.0, "sum": 1 }, "geometry": { "type": "Point", "coordinates": [ -122.273313930236441, 47.67718361372345 ] } },
{ "type": "Feature", "properties": { "lat": 47.677238716286233, "lon": -122.27261912135936, "time_of_day": "Morning", "causation": [ "0", "0", "0", "0", "0", "0", "0", "0", "0", "0", "0", "0", "0", "0", "0", "0", "0", "0", "2", "0", "0", "0", "0", "0" ], "duration": 396.0, "sum": 2 }, "geometry": { "type": "Point", "coordinates": [ -122.272619121359355, 47.677238716286233 ] } },
{ "type": "Feature", "properties": { "lat": 47.677295131842747, "lon": -122.27340207704476, "time_of_day": "Morning", "causation": [ "0", "0", "0", "0", "0", "0", "0", "0", "0", "0", "0", "0", "0", "0", "0", "0", "0", "0", "2", "0", "0", "0", "0", "0" ], "duration": 396.0, "sum": 2 }, "geometry": { "type": "Point", "coordinates": [ -122.273402077044764, 47.677295131842747 ] } },
{ "type": "Feature", "properties": { "lat": 47.677408211258367, "lon": -122.2733351715861, "time_of_day": "Morning", "causation": [ "0", "0", "0", "0", "0", "0", "0", "0", "0", "0", "0", "0", "0", "0", "0", "0", "0", "0", "1", "0", "0", "0", "0", "0" ], "duration": 198.0, "sum": 1 }, "geometry": { "type": "Point", "coordinates": [ -122.273335171586098, 47.677408211258367 ] } },
{ "type": "Feature", "properties": { "lat": 47.677411530713712, "lon": -122.2726341428519, "time_of_day": "Morning", "causation": [ "0", "0", "0", "0", "0", "0", "0", "0", "0", "0", "0", "0", "0", "0", "0", "0", "0", "0", "1", "0", "0", "0", "0", "0" ], "duration": 198.0, "sum": 1 }, "geometry": { "type": "Point", "coordinates": [ -122.272634142851899, 47.677411530713712 ] } },
{ "type": "Feature", "properties": { "lat": 47.677711240037361, "lon": -122.27265479833081, "time_of_day": "Morning", "causation": [ "0", "0", "0", "0", "0", "0", "0", "0", "0", "0", "0", "0", "0", "0", "0", "0", "0", "0", "1", "0", "0", "0", "0", "0" ], "duration": 198.0, "sum": 1 }, "geometry": { "type": "Point", "coordinates": [ -122.272654798330805, 47.677711240037361 ] } },
{ "type": "Feature", "properties": { "lat": 47.67775837206473, "lon": -122.27337242579948, "time_of_day": "Morning", "causation": [ "0", "0", "0", "0", "0", "0", "0", "0", "0", "0", "0", "0", "0", "0", "0", "0", "0", "0", "1", "0", "0", "0", "0", "0" ], "duration": 198.0, "sum": 1 }, "geometry": { "type": "Point", "coordinates": [ -122.273372425799479, 47.67775837206473 ] } },
{ "type": "Feature", "properties": { "lat": 47.677963274680501, "lon": -122.27261130449094, "time_of_day": "Morning", "causation": [ "0", "0", "0", "0", "0", "0", "0", "0", "0", "0", "0", "0", "0", "0", "0", "0", "0", "0", "1", "0", "0", "0", "0", "0" ], "duration": 198.0, "sum": 1 }, "geometry": { "type": "Point", "coordinates": [ -122.272611304490937, 47.677963274680501 ] } },
{ "type": "Feature", "properties": { "lat": 47.678017032611109, "lon": -122.27348951914392, "time_of_day": "Morning", "causation": [ "0", "0", "0", "0", "0", "0", "0", "0", "0", "0", "0", "0", "0", "0", "0", "0", "0", "0", "1", "0", "0", "0", "0", "0" ], "duration": 198.0, "sum": 1 }, "geometry": { "type": "Point", "coordinates": [ -122.273489519143922, 47.678017032611109 ] } },
{ "type": "Feature", "properties": { "lat": 47.678149764885177, "lon": -122.27261445575571, "time_of_day": "Morning", "causation": [ "0", "0", "0", "0", "0", "0", "0", "0", "0", "0", "0", "0", "0", "0", "0", "0", "0", "0", "1", "0", "0", "0", "0", "0" ], "duration": 198.0, "sum": 1 }, "geometry": { "type": "Point", "coordinates": [ -122.272614455755715, 47.678149764885177 ] } },
{ "type": "Feature", "properties": { "lat": 47.678154376491747, "lon": -122.27335449585212, "time_of_day": "Morning", "causation": [ "0", "0", "0", "0", "0", "0", "0", "0", "0", "0", "0", "0", "0", "0", "0", "0", "0", "0", "1", "0", "0", "0", "0", "0" ], "duration": 198.0, "sum": 1 }, "geometry": { "type": "Point", "coordinates": [ -122.273354495852118, 47.678154376491747 ] } },
{ "type": "Feature", "properties": { "lat": 47.678298464239539, "lon": -122.27261641421408, "time_of_day": "Morning", "causation": [ "0", "0", "0", "0", "0", "0", "0", "0", "0", "0", "0", "0", "0", "0", "0", "0", "0", "0", "1", "0", "0", "0", "0", "0" ], "duration": 198.0, "sum": 1 }, "geometry": { "type": "Point", "coordinates": [ -122.272616414214085, 47.678298464239539 ] } },
{ "type": "Feature", "properties": { "lat": 47.678385001323122, "lon": -122.27332836134806, "time_of_day": "Morning", "causation": [ "0", "0", "0", "0", "0", "0", "0", "0", "0", "0", "0", "0", "0", "0", "0", "0", "0", "0", "1", "0", "0", "0", "0", "0" ], "duration": 198.0, "sum": 1 }, "geometry": { "type": "Point", "coordinates": [ -122.273328361348064, 47.678385001323122 ] } },
{ "type": "Feature", "properties": { "lat": 47.678469477097657, "lon": -122.27258605533234, "time_of_day": "Morning", "causation": [ "0", "0", "0", "0", "0", "0", "0", "0", "0", "0", "0", "0", "0", "0", "0", "0", "0", "0", "1", "0", "0", "0", "0", "0" ], "duration": 198.0, "sum": 1 }, "geometry": { "type": "Point", "coordinates": [ -122.27258605533234, 47.678469477097657 ] } },
{ "type": "Feature", "properties": { "lat": 47.678547572182687, "lon": -122.273370442293, "time_of_day": "Morning", "causation": [ "0", "0", "0", "0", "0", "0", "0", "0", "0", "0", "0", "0", "0", "0", "0", "0", "0", "0", "1", "0", "0", "0", "0", "0" ], "duration": 198.0, "sum": 1 }, "geometry": { "type": "Point", "coordinates": [ -122.273370442293, 47.678547572182687 ] } },
{ "type": "Feature", "properties": { "lat": 47.678678307817698, "lon": -122.27258583420624, "time_of_day": "Morning", "causation": [ "0", "0", "0", "0", "0", "0", "0", "0", "0", "0", "0", "0", "0", "0", "0", "0", "0", "0", "1", "0", "0", "0", "0", "0" ], "duration": 198.0, "sum": 1 }, "geometry": { "type": "Point", "coordinates": [ -122.272585834206239, 47.678678307817698 ] } },
{ "type": "Feature", "properties": { "lat": 47.678706153546067, "lon": -122.27338283919477, "time_of_day": "Morning", "causation": [ "0", "0", "0", "0", "0", "0", "0", "0", "0", "0", "0", "0", "0", "0", "0", "0", "0", "0", "1", "0", "0", "0", "0", "0" ], "duration": 198.0, "sum": 1 }, "geometry": { "type": "Point", "coordinates": [ -122.273382839194767, 47.678706153546067 ] } },
{ "type": "Feature", "properties": { "lat": 47.678834490802231, "lon": -122.27339631849188, "time_of_day": "Morning", "causation": [ "0", "0", "0", "0", "0", "0", "0", "0", "0", "0", "0", "0", "0", "0", "0", "0", "0", "0", "1", "0", "0", "0", "0", "0" ], "duration": 198.0, "sum": 1 }, "geometry": { "type": "Point", "coordinates": [ -122.273396318491876, 47.678834490802231 ] } },
{ "type": "Feature", "properties": { "lat": 47.678953011096837, "lon": -122.27256610563734, "time_of_day": "Morning", "causation": [ "0", "0", "0", "0", "0", "0", "0", "0", "0", "0", "0", "0", "0", "0", "0", "0", "0", "0", "2", "0", "0", "0", "0", "0" ], "duration": 396.0, "sum": 2 }, "geometry": { "type": "Point", "coordinates": [ -122.272566105637338, 47.678953011096837 ] } },
{ "type": "Feature", "properties": { "lat": 47.679110117974808, "lon": -122.27264400605404, "time_of_day": "Morning", "causation": [ "0", "0", "0", "0", "0", "0", "0", "0", "0", "0", "0", "0", "0", "0", "0", "0", "0", "0", "1", "0", "0", "0", "0", "0" ], "duration": 198.0, "sum": 1 }, "geometry": { "type": "Point", "coordinates": [ -122.272644006054037, 47.679110117974808 ] } },
{ "type": "Feature", "properties": { "lat": 47.679214555881771, "lon": -122.27259780759108, "time_of_day": "Morning", "causation": [ "0", "0", "0", "0", "0", "0", "0", "0", "0", "0", "0", "0", "0", "0", "0", "0", "0", "0", "1", "0", "0", "0", "0", "0" ], "duration": 198.0, "sum": 1 }, "geometry": { "type": "Point", "coordinates": [ -122.272597807591083, 47.679214555881771 ] } },
{ "type": "Feature", "properties": { "lat": 47.679216953820458, "lon": -122.27335462671221, "time_of_day": "Morning", "causation": [ "0", "0", "0", "0", "0", "0", "0", "0", "0", "0", "0", "0", "0", "0", "0", "0", "0", "0", "1", "0", "0", "0", "0", "0" ], "duration": 198.0, "sum": 1 }, "geometry": { "type": "Point", "coordinates": [ -122.273354626712205, 47.679216953820458 ] } },
{ "type": "Feature", "properties": { "lat": 47.679593136069727, "lon": -122.27339535625072, "time_of_day": "Morning", "causation": [ "0", "0", "0", "0", "0", "0", "0", "0", "0", "0", "0", "0", "0", "0", "0", "0", "0", "0", "1", "0", "0", "0", "0", "0" ], "duration": 198.0, "sum": 1 }, "geometry": { "type": "Point", "coordinates": [ -122.273395356250717, 47.679593136069727 ] } },
{ "type": "Feature", "properties": { "lat": 47.679600465356692, "lon": -122.27260978304976, "time_of_day": "Morning", "causation": [ "0", "0", "0", "0", "0", "0", "0", "0", "0", "0", "0", "0", "0", "0", "0", "0", "0", "0", "1", "0", "0", "0", "0", "0" ], "duration": 198.0, "sum": 1 }, "geometry": { "type": "Point", "coordinates": [ -122.272609783049759, 47.679600465356692 ] } },
{ "type": "Feature", "properties": { "lat": 47.679763934396711, "lon": -122.27261379499788, "time_of_day": "Morning", "causation": [ "0", "0", "0", "0", "0", "0", "0", "0", "0", "0", "0", "0", "0", "0", "0", "0", "0", "0", "1", "0", "0", "0", "0", "0" ], "duration": 198.0, "sum": 1 }, "geometry": { "type": "Point", "coordinates": [ -122.272613794997881, 47.679763934396711 ] } },
{ "type": "Feature", "properties": { "lat": 47.679810736244377, "lon": -122.273388121783, "time_of_day": "Morning", "causation": [ "0", "0", "0", "0", "0", "0", "0", "0", "0", "0", "0", "0", "0", "0", "0", "0", "0", "0", "1", "0", "0", "0", "0", "0" ], "duration": 198.0, "sum": 1 }, "geometry": { "type": "Point", "coordinates": [ -122.273388121783, 47.679810736244377 ] } },
{ "type": "Feature", "properties": { "lat": 47.679986420390229, "lon": -122.27341296652, "time_of_day": "Morning", "causation": [ "0", "0", "0", "0", "0", "0", "0", "0", "0", "0", "0", "0", "0", "0", "0", "0", "0", "0", "1", "0", "0", "0", "0", "0" ], "duration": 198.0, "sum": 1 }, "geometry": { "type": "Point", "coordinates": [ -122.273412966519999, 47.679986420390229 ] } },
{ "type": "Feature", "properties": { "lat": 47.680012172375463, "lon": -122.27262722364132, "time_of_day": "Morning", "causation": [ "0", "0", "0", "0", "0", "0", "0", "0", "0", "0", "0", "0", "0", "0", "0", "0", "0", "0", "1", "0", "0", "0", "0", "0" ], "duration": 198.0, "sum": 1 }, "geometry": { "type": "Point", "coordinates": [ -122.272627223641322, 47.680012172375463 ] } },
{ "type": "Feature", "properties": { "lat": 47.680156263719603, "lon": -122.27263320817126, "time_of_day": "Morning", "causation": [ "0", "0", "0", "0", "0", "0", "0", "0", "0", "0", "0", "0", "0", "0", "0", "0", "0", "0", "1", "0", "0", "0", "0", "0" ], "duration": 198.0, "sum": 1 }, "geometry": { "type": "Point", "coordinates": [ -122.272633208171257, 47.680156263719603 ] } },
{ "type": "Feature", "properties": { "lat": 47.68027468792355, "lon": -122.27341585554504, "time_of_day": "Morning", "causation": [ "0", "0", "0", "0", "0", "0", "0", "0", "0", "0", "0", "0", "0", "0", "0", "0", "0", "0", "1", "0", "0", "0", "0", "0" ], "duration": 198.0, "sum": 1 }, "geometry": { "type": "Point", "coordinates": [ -122.273415855545039, 47.68027468792355 ] } },
{ "type": "Feature", "properties": { "lat": 47.680309485829227, "lon": -122.2726170494514, "time_of_day": "Morning", "causation": [ "0", "0", "0", "0", "0", "0", "0", "0", "0", "0", "0", "0", "0", "0", "0", "0", "0", "0", "2", "0", "0", "0", "0", "0" ], "duration": 396.0, "sum": 2 }, "geometry": { "type": "Point", "coordinates": [ -122.272617049451398, 47.680309485829227 ] } },
{ "type": "Feature", "properties": { "lat": 47.680464021066328, "lon": -122.27339344418046, "time_of_day": "Morning", "causation": [ "0", "0", "0", "0", "0", "0", "0", "0", "0", "0", "0", "0", "0", "0", "0", "0", "0", "0", "1", "0", "0", "0", "0", "0" ], "duration": 198.0, "sum": 1 }, "geometry": { "type": "Point", "coordinates": [ -122.273393444180456, 47.680464021066328 ] } },
{ "type": "Feature", "properties": { "lat": 47.680471937456403, "lon": -122.27265602034052, "time_of_day": "Morning", "causation": [ "0", "0", "0", "0", "0", "0", "0", "0", "0", "0", "0", "0", "0", "0", "0", "0", "0", "0", "1", "0", "0", "0", "0", "0" ], "duration": 198.0, "sum": 1 }, "geometry": { "type": "Point", "coordinates": [ -122.27265602034052, 47.680471937456403 ] } },
{ "type": "Feature", "properties": { "lat": 47.680638512856497, "lon": -122.2733909429122, "time_of_day": "Morning", "causation": [ "0", "0", "0", "0", "0", "0", "0", "0", "0", "0", "0", "0", "0", "0", "0", "0", "0", "0", "1", "0", "0", "0", "0", "0" ], "duration": 198.0, "sum": 1 }, "geometry": { "type": "Point", "coordinates": [ -122.273390942912201, 47.680638512856497 ] } },
{ "type": "Feature", "properties": { "lat": 47.680643597713363, "lon": -122.27267017857132, "time_of_day": "Morning", "causation": [ "0", "0", "0", "0", "0", "0", "0", "0", "0", "0", "0", "0", "0", "0", "0", "0", "0", "0", "1", "0", "0", "0", "0", "0" ], "duration": 198.0, "sum": 1 }, "geometry": { "type": "Point", "coordinates": [ -122.272670178571317, 47.680643597713363 ] } },
{ "type": "Feature", "properties": { "lat": 47.680832554963011, "lon": -122.3543494881319, "time_of_day": "Morning", "causation": [ "0", "0", "0", "0", "0", "0", "0", "0", "0", "0", "0", "0", "0", "0", "0", "0", "0", "0", "1", "0", "0", "0", "0", "0" ], "duration": 342.0, "sum": 1 }, "geometry": { "type": "Point", "coordinates": [ -122.354349488131902, 47.680832554963011 ] } },
{ "type": "Feature", "properties": { "lat": 47.68083569119969, "lon": -122.27339069037346, "time_of_day": "Morning", "causation": [ "0", "0", "0", "0", "0", "0", "0", "0", "0", "0", "0", "0", "0", "0", "0", "0", "0", "0", "1", "0", "0", "0", "0", "0" ], "duration": 198.0, "sum": 1 }, "geometry": { "type": "Point", "coordinates": [ -122.273390690373461, 47.68083569119969 ] } },
{ "type": "Feature", "properties": { "lat": 47.68084697059399, "lon": -122.2726307509194, "time_of_day": "Morning", "causation": [ "0", "0", "0", "0", "0", "0", "0", "0", "0", "0", "0", "0", "0", "0", "0", "0", "0", "0", "1", "0", "0", "0", "0", "0" ], "duration": 198.0, "sum": 1 }, "geometry": { "type": "Point", "coordinates": [ -122.272630750919404, 47.68084697059399 ] } },
{ "type": "Feature", "properties": { "lat": 47.68085593675638, "lon": -122.3541806083617, "time_of_day": "Morning", "causation": [ "0", "0", "0", "0", "0", "0", "0", "0", "0", "0", "0", "0", "0", "0", "0", "0", "0", "0", "1", "0", "0", "0", "0", "0" ], "duration": 342.0, "sum": 1 }, "geometry": { "type": "Point", "coordinates": [ -122.354180608361702, 47.68085593675638 ] } },
{ "type": "Feature", "properties": { "lat": 47.68085781334608, "lon": -122.35345538780967, "time_of_day": "Morning", "causation": [ "0", "0", "0", "0", "0", "0", "0", "0", "0", "0", "0", "0", "0", "0", "0", "0", "0", "0", "1", "0", "0", "0", "0", "0" ], "duration": 342.0, "sum": 1 }, "geometry": { "type": "Point", "coordinates": [ -122.353455387809674, 47.68085781334608 ] } },
{ "type": "Feature", "properties": { "lat": 47.680864112389308, "lon": -122.3531973583554, "time_of_day": "Morning", "causation": [ "0", "0", "0", "0", "0", "0", "0", "0", "0", "0", "0", "0", "0", "0", "0", "0", "0", "0", "1", "0", "0", "0", "0", "0" ], "duration": 342.0, "sum": 1 }, "geometry": { "type": "Point", "coordinates": [ -122.353197358355402, 47.680864112389308 ] } },
{ "type": "Feature", "properties": { "lat": 47.680866542306767, "lon": -122.35469823153861, "time_of_day": "Morning", "causation": [ "0", "0", "0", "0", "0", "0", "0", "0", "0", "0", "0", "0", "0", "0", "0", "0", "0", "0", "3", "0", "0", "0", "0", "0" ], "duration": 1026.0, "sum": 3 }, "geometry": { "type": "Point", "coordinates": [ -122.354698231538606, 47.680866542306767 ] } },
{ "type": "Feature", "properties": { "lat": 47.68087543228016, "lon": -122.35403928193476, "time_of_day": "Morning", "causation": [ "0", "0", "0", "0", "0", "0", "0", "0", "0", "0", "0", "0", "0", "0", "0", "0", "0", "0", "1", "0", "0", "0", "0", "0" ], "duration": 342.0, "sum": 1 }, "geometry": { "type": "Point", "coordinates": [ -122.35403928193476, 47.68087543228016 ] } },
{ "type": "Feature", "properties": { "lat": 47.680880410063651, "lon": -122.3539041976786, "time_of_day": "Morning", "causation": [ "0", "0", "0", "0", "0", "0", "0", "0", "0", "0", "0", "0", "0", "0", "0", "0", "0", "0", "1", "0", "0", "0", "0", "0" ], "duration": 342.0, "sum": 1 }, "geometry": { "type": "Point", "coordinates": [ -122.353904197678602, 47.680880410063651 ] } },
{ "type": "Feature", "properties": { "lat": 47.680891778066638, "lon": -122.35453059575627, "time_of_day": "Morning", "causation": [ "0", "0", "0", "0", "0", "0", "0", "0", "0", "0", "0", "0", "0", "0", "0", "0", "0", "0", "1", "0", "0", "0", "0", "0" ], "duration": 342.0, "sum": 1 }, "geometry": { "type": "Point", "coordinates": [ -122.354530595756273, 47.680891778066638 ] } },
{ "type": "Feature", "properties": { "lat": 47.680891941950392, "lon": -122.35367125584428, "time_of_day": "Morning", "causation": [ "0", "0", "0", "0", "0", "0", "0", "0", "0", "0", "0", "0", "0", "0", "0", "0", "0", "0", "1", "0", "0", "0", "0", "0" ], "duration": 342.0, "sum": 1 }, "geometry": { "type": "Point", "coordinates": [ -122.353671255844276, 47.680891941950392 ] } },
{ "type": "Feature", "properties": { "lat": 47.680925198978287, "lon": -122.34751209038436, "time_of_day": "Morning", "causation": [ "0", "0", "0", "0", "0", "0", "0", "0", "0", "0", "0", "0", "0", "0", "0", "0", "0", "0", "23", "0", "0", "0", "0", "0" ], "duration": 8924.0, "sum": 23 }, "geometry": { "type": "Point", "coordinates": [ -122.347512090384356, 47.680925198978287 ] } },
{ "type": "Feature", "properties": { "lat": 47.681018074073528, "lon": -122.27341489701548, "time_of_day": "Morning", "causation": [ "0", "0", "0", "0", "0", "0", "0", "0", "0", "0", "0", "0", "0", "0", "0", "0", "0", "0", "1", "0", "0", "0", "0", "0" ], "duration": 198.0, "sum": 1 }, "geometry": { "type": "Point", "coordinates": [ -122.273414897015485, 47.681018074073528 ] } },
{ "type": "Feature", "properties": { "lat": 47.68104489606911, "lon": -122.27264819058639, "time_of_day": "Morning", "causation": [ "0", "0", "0", "0", "0", "0", "0", "0", "0", "0", "0", "0", "0", "0", "0", "0", "0", "0", "1", "0", "0", "0", "0", "0" ], "duration": 198.0, "sum": 1 }, "geometry": { "type": "Point", "coordinates": [ -122.272648190586395, 47.68104489606911 ] } },
{ "type": "Feature", "properties": { "lat": 47.681187584537085, "lon": -122.35294600561583, "time_of_day": "Morning", "causation": [ "0", "0", "0", "0", "0", "0", "0", "0", "0", "0", "0", "0", "0", "0", "0", "0", "0", "0", "1", "0", "0", "0", "0", "0" ], "duration": 342.0, "sum": 1 }, "geometry": { "type": "Point", "coordinates": [ -122.352946005615834, 47.681187584537085 ] } },
{ "type": "Feature", "properties": { "lat": 47.681231781607629, "lon": -122.3545107541819, "time_of_day": "Morning", "causation": [ "0", "0", "0", "0", "0", "0", "0", "0", "0", "0", "0", "0", "0", "0", "0", "0", "0", "0", "1", "0", "0", "0", "0", "0" ], "duration": 342.0, "sum": 1 }, "geometry": { "type": "Point", "coordinates": [ -122.354510754181902, 47.681231781607629 ] } },
{ "type": "Feature", "properties": { "lat": 47.681247407915308, "lon": -122.35414823411494, "time_of_day": "Morning", "causation": [ "0", "0", "0", "0", "0", "0", "0", "0", "0", "0", "0", "0", "0", "0", "0", "0", "0", "0", "1", "0", "0", "0", "0", "0" ], "duration": 342.0, "sum": 1 }, "geometry": { "type": "Point", "coordinates": [ -122.354148234114945, 47.681247407915308 ] } },
{ "type": "Feature", "properties": { "lat": 47.681247925929789, "lon": -122.35466196428904, "time_of_day": "Morning", "causation": [ "0", "0", "0", "0", "0", "0", "0", "0", "0", "0", "0", "0", "0", "0", "0", "0", "0", "0", "5", "0", "0", "0", "0", "0" ], "duration": 1710.0, "sum": 5 }, "geometry": { "type": "Point", "coordinates": [ -122.354661964289036, 47.681247925929789 ] } },
{ "type": "Feature", "properties": { "lat": 47.681251206066456, "lon": -122.35396763002026, "time_of_day": "Morning", "causation": [ "0", "0", "0", "0", "0", "0", "0", "0", "0", "0", "0", "0", "0", "0", "0", "0", "0", "0", "1", "0", "0", "0", "0", "0" ], "duration": 342.0, "sum": 1 }, "geometry": { "type": "Point", "coordinates": [ -122.353967630020264, 47.681251206066456 ] } },
{ "type": "Feature", "properties": { "lat": 47.681254575953567, "lon": -122.35321397629473, "time_of_day": "Morning", "causation": [ "0", "0", "0", "0", "0", "0", "0", "0", "0", "0", "0", "0", "0", "0", "0", "0", "0", "0", "1", "0", "0", "0", "0", "0" ], "duration": 342.0, "sum": 1 }, "geometry": { "type": "Point", "coordinates": [ -122.353213976294725, 47.681254575953567 ] } },
{ "type": "Feature", "properties": { "lat": 47.681263128627513, "lon": -122.35337284513724, "time_of_day": "Morning", "causation": [ "0", "0", "0", "0", "0", "0", "0", "0", "0", "0", "0", "0", "0", "0", "0", "0", "0", "0", "1", "0", "0", "0", "0", "0" ], "duration": 342.0, "sum": 1 }, "geometry": { "type": "Point", "coordinates": [ -122.353372845137244, 47.681263128627513 ] } },
{ "type": "Feature", "properties": { "lat": 47.681272951174698, "lon": -122.35374807196978, "time_of_day": "Morning", "causation": [ "0", "0", "0", "0", "0", "0", "0", "0", "0", "0", "0", "0", "0", "0", "0", "0", "0", "0", "1", "0", "0", "0", "0", "0" ], "duration": 342.0, "sum": 1 }, "geometry": { "type": "Point", "coordinates": [ -122.353748071969775, 47.681272951174698 ] } },
{ "type": "Feature", "properties": { "lat": 47.681274021678483, "lon": -122.35353574137724, "time_of_day": "Morning", "causation": [ "0", "0", "0", "0", "0", "0", "0", "0", "0", "0", "0", "0", "0", "0", "0", "0", "0", "0", "1", "0", "0", "0", "0", "0" ], "duration": 342.0, "sum": 1 }, "geometry": { "type": "Point", "coordinates": [ -122.353535741377243, 47.681274021678483 ] } },
{ "type": "Feature", "properties": { "lat": 47.681275298625827, "lon": -122.3543350280017, "time_of_day": "Morning", "causation": [ "0", "0", "0", "0", "0", "0", "0", "0", "0", "0", "0", "0", "0", "0", "0", "0", "0", "0", "1", "0", "0", "0", "0", "0" ], "duration": 342.0, "sum": 1 }, "geometry": { "type": "Point", "coordinates": [ -122.354335028001699, 47.681275298625827 ] } },
{ "type": "Feature", "properties": { "lat": 47.681278411184778, "lon": -122.35481825977772, "time_of_day": "Morning", "causation": [ "0", "0", "0", "0", "0", "0", "0", "0", "0", "0", "0", "0", "0", "0", "0", "0", "0", "0", "3", "0", "0", "0", "0", "0" ], "duration": 1026.0, "sum": 3 }, "geometry": { "type": "Point", "coordinates": [ -122.354818259777716, 47.681278411184778 ] } },
{ "type": "Feature", "properties": { "lat": 47.683676295366723, "lon": -122.38460841739132, "time_of_day": "Morning", "causation": [ "0", "0", "0", "0", "0", "0", "0", "0", "0", "0", "0", "0", "0", "0", "0", "0", "0", "0", "1", "0", "0", "0", "0", "0" ], "duration": 213.0, "sum": 1 }, "geometry": { "type": "Point", "coordinates": [ -122.38460841739132, 47.683676295366723 ] } },
{ "type": "Feature", "properties": { "lat": 47.683683563041669, "lon": -122.38517119406438, "time_of_day": "Morning", "causation": [ "0", "0", "0", "0", "0", "0", "0", "0", "0", "0", "0", "0", "0", "0", "0", "0", "0", "0", "1", "0", "0", "0", "0", "0" ], "duration": 213.0, "sum": 1 }, "geometry": { "type": "Point", "coordinates": [ -122.385171194064384, 47.683683563041669 ] } },
{ "type": "Feature", "properties": { "lat": 47.68377844090795, "lon": -122.38512063879732, "time_of_day": "Morning", "causation": [ "0", "0", "0", "0", "0", "0", "0", "0", "0", "0", "0", "0", "0", "0", "0", "0", "0", "0", "1", "0", "0", "0", "0", "0" ], "duration": 213.0, "sum": 1 }, "geometry": { "type": "Point", "coordinates": [ -122.385120638797318, 47.68377844090795 ] } },
{ "type": "Feature", "properties": { "lat": 47.683789906280772, "lon": -122.38460560058326, "time_of_day": "Morning", "causation": [ "0", "0", "0", "0", "0", "0", "0", "0", "0", "0", "0", "0", "0", "0", "0", "0", "0", "0", "1", "0", "0", "0", "0", "0" ], "duration": 213.0, "sum": 1 }, "geometry": { "type": "Point", "coordinates": [ -122.384605600583257, 47.683789906280772 ] } },
{ "type": "Feature", "properties": { "lat": 47.683884179083719, "lon": -122.385141768957, "time_of_day": "Morning", "causation": [ "0", "0", "0", "0", "0", "0", "0", "0", "0", "0", "0", "0", "0", "0", "0", "0", "0", "0", "1", "0", "0", "0", "0", "0" ], "duration": 213.0, "sum": 1 }, "geometry": { "type": "Point", "coordinates": [ -122.385141768956998, 47.683884179083719 ] } },
{ "type": "Feature", "properties": { "lat": 47.683904306960251, "lon": -122.3845977843572, "time_of_day": "Morning", "causation": [ "0", "0", "0", "0", "0", "0", "0", "0", "0", "0", "0", "0", "0", "0", "0", "0", "0", "0", "1", "0", "0", "0", "0", "0" ], "duration": 213.0, "sum": 1 }, "geometry": { "type": "Point", "coordinates": [ -122.384597784357197, 47.683904306960251 ] } },
{ "type": "Feature", "properties": { "lat": 47.684167383528333, "lon": -122.38735014374043, "time_of_day": "Late Night", "causation": [ "0", "0", "0", "0", "0", "0", "0", "0", "0", "0", "0", "0", "0", "0", "0", "0", "0", "0", "1", "0", "0", "0", "0", "0" ], "duration": 26.0, "sum": 1 }, "geometry": { "type": "Point", "coordinates": [ -122.387350143740434, 47.684167383528333 ] } },
{ "type": "Feature", "properties": { "lat": 47.684643465375594, "lon": -122.38681033957576, "time_of_day": "Morning", "causation": [ "0", "0", "0", "0", "0", "0", "0", "0", "0", "0", "0", "0", "0", "0", "0", "0", "0", "0", "1", "0", "0", "0", "0", "0" ], "duration": 431.0, "sum": 1 }, "geometry": { "type": "Point", "coordinates": [ -122.38681033957576, 47.684643465375594 ] } },
{ "type": "Feature", "properties": { "lat": 47.684719176659442, "lon": -122.26627734982566, "time_of_day": "Morning", "causation": [ "0", "0", "0", "0", "0", "0", "0", "0", "1", "0", "0", "0", "0", "0", "0", "0", "0", "0", "0", "0", "0", "0", "0", "0" ], "duration": 161.0, "sum": 1 }, "geometry": { "type": "Point", "coordinates": [ -122.266277349825657, 47.684719176659442 ] } },
{ "type": "Feature", "properties": { "lat": 47.684754809497193, "lon": -122.38673027016526, "time_of_day": "Morning", "causation": [ "0", "0", "0", "0", "0", "0", "0", "0", "0", "0", "0", "0", "0", "0", "0", "0", "0", "0", "1", "0", "0", "0", "0", "0" ], "duration": 431.0, "sum": 1 }, "geometry": { "type": "Point", "coordinates": [ -122.386730270165259, 47.684754809497193 ] } },
{ "type": "Feature", "properties": { "lat": 47.684867134926563, "lon": -122.38672339941648, "time_of_day": "Morning", "causation": [ "0", "0", "0", "0", "0", "0", "0", "0", "0", "0", "0", "0", "0", "0", "0", "0", "0", "0", "1", "0", "0", "0", "0", "0" ], "duration": 431.0, "sum": 1 }, "geometry": { "type": "Point", "coordinates": [ -122.386723399416482, 47.684867134926563 ] } },
{ "type": "Feature", "properties": { "lat": 47.685124179861042, "lon": -122.38675232983933, "time_of_day": "Morning", "causation": [ "0", "0", "0", "0", "0", "0", "0", "0", "0", "0", "0", "0", "0", "0", "0", "0", "0", "0", "1", "0", "0", "0", "0", "0" ], "duration": 431.0, "sum": 1 }, "geometry": { "type": "Point", "coordinates": [ -122.386752329839325, 47.685124179861042 ] } },
{ "type": "Feature", "properties": { "lat": 47.685227760994962, "lon": -122.38673294239742, "time_of_day": "Morning", "causation": [ "0", "0", "0", "0", "0", "0", "0", "0", "0", "0", "0", "0", "0", "0", "0", "0", "0", "0", "1", "0", "0", "0", "0", "0" ], "duration": 431.0, "sum": 1 }, "geometry": { "type": "Point", "coordinates": [ -122.386732942397416, 47.685227760994962 ] } },
{ "type": "Feature", "properties": { "lat": 47.691386340369561, "lon": -122.26793138669616, "time_of_day": "Afternoon", "causation": [ "0", "0", "0", "0", "0", "0", "0", "0", "1", "0", "0", "0", "0", "0", "0", "0", "0", "0", "0", "0", "0", "0", "0", "0" ], "duration": 242.0, "sum": 1 }, "geometry": { "type": "Point", "coordinates": [ -122.267931386696162, 47.691386340369561 ] } },
{ "type": "Feature", "properties": { "lat": 47.691386340369561, "lon": -122.26793138669616, "time_of_day": "Late Night", "causation": [ "0", "0", "0", "0", "0", "0", "0", "0", "0", "0", "0", "0", "0", "0", "1", "0", "0", "0", "0", "0", "0", "0", "0", "0" ], "duration": 121.0, "sum": 1 }, "geometry": { "type": "Point", "coordinates": [ -122.267931386696162, 47.691386340369561 ] } },
{ "type": "Feature", "properties": { "lat": 47.691549179367165, "lon": -122.2819074570494, "time_of_day": "Morning", "causation": [ "0", "0", "0", "0", "0", "0", "0", "0", "0", "0", "0", "0", "0", "0", "0", "0", "0", "0", "0", "0", "1", "0", "0", "0" ], "duration": 1528.0, "sum": 1 }, "geometry": { "type": "Point", "coordinates": [ -122.2819074570494, 47.691549179367165 ] } },
{ "type": "Feature", "properties": { "lat": 47.691686522916378, "lon": -122.28219859046976, "time_of_day": "Morning", "causation": [ "0", "0", "0", "0", "0", "0", "0", "0", "0", "0", "0", "0", "0", "0", "0", "0", "0", "0", "0", "0", "1", "0", "0", "0" ], "duration": 1528.0, "sum": 1 }, "geometry": { "type": "Point", "coordinates": [ -122.282198590469761, 47.691686522916378 ] } },
{ "type": "Feature", "properties": { "lat": 47.691757399945466, "lon": -122.28238601435233, "time_of_day": "Morning", "causation": [ "0", "0", "0", "0", "0", "0", "0", "0", "0", "0", "0", "0", "0", "0", "0", "0", "0", "0", "0", "0", "1", "0", "0", "0" ], "duration": 1528.0, "sum": 1 }, "geometry": { "type": "Point", "coordinates": [ -122.282386014352326, 47.691757399945466 ] } },
{ "type": "Feature", "properties": { "lat": 47.691786670112442, "lon": -122.28185476607617, "time_of_day": "Morning", "causation": [ "0", "0", "0", "0", "0", "0", "0", "0", "0", "0", "0", "0", "0", "0", "0", "0", "0", "0", "0", "0", "1", "0", "0", "0" ], "duration": 1528.0, "sum": 1 }, "geometry": { "type": "Point", "coordinates": [ -122.281854766076165, 47.691786670112442 ] } },
{ "type": "Feature", "properties": { "lat": 47.691790994769143, "lon": -122.28259557562468, "time_of_day": "Morning", "causation": [ "0", "0", "0", "0", "0", "0", "0", "0", "0", "0", "0", "0", "0", "0", "0", "0", "0", "0", "0", "0", "1", "0", "0", "0" ], "duration": 1528.0, "sum": 1 }, "geometry": { "type": "Point", "coordinates": [ -122.282595575624683, 47.691790994769143 ] } },
{ "type": "Feature", "properties": { "lat": 47.691807446444216, "lon": -122.28338088869612, "time_of_day": "Morning", "causation": [ "0", "0", "0", "0", "0", "0", "0", "0", "0", "0", "0", "0", "0", "0", "0", "0", "0", "0", "0", "0", "1", "0", "0", "0" ], "duration": 1528.0, "sum": 1 }, "geometry": { "type": "Point", "coordinates": [ -122.283380888696115, 47.691807446444216 ] } },
{ "type": "Feature", "properties": { "lat": 47.691808360329723, "lon": -122.28380403943208, "time_of_day": "Morning", "causation": [ "0", "0", "0", "0", "0", "0", "0", "0", "0", "0", "0", "0", "0", "0", "0", "0", "0", "0", "0", "0", "1", "0", "0", "0" ], "duration": 1528.0, "sum": 1 }, "geometry": { "type": "Point", "coordinates": [ -122.283804039432084, 47.691808360329723 ] } },
{ "type": "Feature", "properties": { "lat": 47.691808970077602, "lon": -122.2829149814068, "time_of_day": "Morning", "causation": [ "0", "0", "0", "0", "0", "0", "0", "0", "0", "0", "0", "0", "0", "0", "0", "0", "0", "0", "0", "0", "1", "0", "0", "0" ], "duration": 1528.0, "sum": 1 }, "geometry": { "type": "Point", "coordinates": [ -122.282914981406805, 47.691808970077602 ] } },
{ "type": "Feature", "properties": { "lat": 47.691810354652461, "lon": -122.28310899590322, "time_of_day": "Morning", "causation": [ "0", "0", "0", "0", "0", "0", "0", "0", "0", "0", "0", "0", "0", "0", "0", "0", "0", "0", "0", "0", "1", "0", "0", "0" ], "duration": 1528.0, "sum": 1 }, "geometry": { "type": "Point", "coordinates": [ -122.28310899590322, 47.691810354652461 ] } },
{ "type": "Feature", "properties": { "lat": 47.691810943094957, "lon": -122.28462121542157, "time_of_day": "Morning", "causation": [ "0", "0", "0", "0", "0", "0", "0", "0", "0", "0", "0", "0", "0", "0", "0", "0", "0", "0", "0", "0", "1", "0", "0", "0" ], "duration": 1528.0, "sum": 1 }, "geometry": { "type": "Point", "coordinates": [ -122.284621215421566, 47.691810943094957 ] } },
{ "type": "Feature", "properties": { "lat": 47.691813809562802, "lon": -122.2855944892643, "time_of_day": "Morning", "causation": [ "0", "0", "0", "0", "0", "0", "0", "0", "0", "0", "0", "0", "0", "0", "0", "0", "0", "0", "0", "0", "1", "0", "0", "0" ], "duration": 1528.0, "sum": 1 }, "geometry": { "type": "Point", "coordinates": [ -122.285594489264298, 47.691813809562802 ] } },
{ "type": "Feature", "properties": { "lat": 47.691813989767518, "lon": -122.28411856072852, "time_of_day": "Morning", "causation": [ "0", "0", "0", "0", "0", "0", "0", "0", "0", "0", "0", "0", "0", "0", "0", "0", "0", "0", "0", "0", "1", "0", "0", "0" ], "duration": 1528.0, "sum": 1 }, "geometry": { "type": "Point", "coordinates": [ -122.284118560728515, 47.691813989767518 ] } },
{ "type": "Feature", "properties": { "lat": 47.691818898077429, "lon": -122.2848181589446, "time_of_day": "Morning", "causation": [ "0", "0", "0", "0", "0", "0", "0", "0", "0", "0", "0", "0", "0", "0", "0", "0", "0", "0", "0", "0", "1", "0", "0", "0" ], "duration": 1528.0, "sum": 1 }, "geometry": { "type": "Point", "coordinates": [ -122.284818158944603, 47.691818898077429 ] } },
{ "type": "Feature", "properties": { "lat": 47.691819389962802, "lon": -122.28432736035778, "time_of_day": "Morning", "causation": [ "0", "0", "0", "0", "0", "0", "0", "0", "0", "0", "0", "0", "0", "0", "0", "0", "0", "0", "0", "0", "1", "0", "0", "0" ], "duration": 1528.0, "sum": 1 }, "geometry": { "type": "Point", "coordinates": [ -122.284327360357779, 47.691819389962802 ] } },
{ "type": "Feature", "properties": { "lat": 47.69182229922307, "lon": -122.28126854435212, "time_of_day": "Morning", "causation": [ "0", "0", "0", "0", "0", "0", "0", "0", "0", "0", "0", "0", "0", "0", "0", "0", "0", "0", "0", "0", "1", "0", "0", "0" ], "duration": 1528.0, "sum": 1 }, "geometry": { "type": "Point", "coordinates": [ -122.281268544352116, 47.69182229922307 ] } },
{ "type": "Feature", "properties": { "lat": 47.691824046677937, "lon": -122.2836739200784, "time_of_day": "Morning", "causation": [ "0", "0", "0", "0", "0", "0", "0", "0", "0", "0", "0", "0", "0", "0", "0", "0", "0", "0", "0", "0", "1", "0", "0", "0" ], "duration": 1528.0, "sum": 1 }, "geometry": { "type": "Point", "coordinates": [ -122.2836739200784, 47.691824046677937 ] } },
{ "type": "Feature", "properties": { "lat": 47.691844100190821, "lon": -122.36291641710324, "time_of_day": "Morning", "causation": [ "0", "0", "0", "0", "0", "0", "0", "0", "1", "0", "0", "0", "0", "0", "0", "0", "0", "0", "0", "0", "0", "0", "0", "0" ], "duration": 146.0, "sum": 1 }, "geometry": { "type": "Point", "coordinates": [ -122.362916417103236, 47.691844100190821 ] } },
{ "type": "Feature", "properties": { "lat": 47.691860052733773, "lon": -122.28508508578363, "time_of_day": "Morning", "causation": [ "0", "0", "0", "0", "0", "0", "0", "0", "0", "0", "0", "0", "0", "0", "0", "0", "0", "0", "0", "0", "1", "0", "0", "0" ], "duration": 1528.0, "sum": 1 }, "geometry": { "type": "Point", "coordinates": [ -122.285085085783635, 47.691860052733773 ] } },
{ "type": "Feature", "properties": { "lat": 47.691891300994499, "lon": -122.28165523163388, "time_of_day": "Morning", "causation": [ "0", "0", "0", "0", "0", "0", "0", "0", "0", "0", "0", "0", "0", "0", "0", "0", "0", "0", "0", "0", "1", "0", "0", "0" ], "duration": 1528.0, "sum": 1 }, "geometry": { "type": "Point", "coordinates": [ -122.281655231633877, 47.691891300994499 ] } },
{ "type": "Feature", "properties": { "lat": 47.692023845656337, "lon": -122.28284803456816, "time_of_day": "Morning", "causation": [ "0", "0", "0", "0", "0", "0", "0", "0", "0", "0", "0", "0", "0", "0", "0", "0", "0", "0", "0", "0", "1", "0", "0", "0" ], "duration": 1528.0, "sum": 1 }, "geometry": { "type": "Point", "coordinates": [ -122.282848034568161, 47.692023845656337 ] } },
{ "type": "Feature", "properties": { "lat": 47.692128528216166, "lon": -122.2847360183308, "time_of_day": "Morning", "causation": [ "0", "0", "0", "0", "0", "0", "0", "0", "0", "0", "0", "0", "0", "0", "0", "0", "0", "0", "0", "0", "1", "0", "0", "0" ], "duration": 1528.0, "sum": 1 }, "geometry": { "type": "Point", "coordinates": [ -122.284736018330804, 47.692128528216166 ] } },
{ "type": "Feature", "properties": { "lat": 47.692139800707807, "lon": -122.28507076154708, "time_of_day": "Morning", "causation": [ "0", "0", "0", "0", "0", "0", "0", "0", "0", "0", "0", "0", "0", "0", "0", "0", "0", "0", "0", "0", "1", "0", "0", "0" ], "duration": 1528.0, "sum": 1 }, "geometry": { "type": "Point", "coordinates": [ -122.285070761547075, 47.692139800707807 ] } },
{ "type": "Feature", "properties": { "lat": 47.692142258817299, "lon": -122.28555320661428, "time_of_day": "Morning", "causation": [ "0", "0", "0", "0", "0", "0", "0", "0", "0", "0", "0", "0", "0", "0", "0", "0", "0", "0", "0", "0", "1", "0", "0", "0" ], "duration": 1528.0, "sum": 1 }, "geometry": { "type": "Point", "coordinates": [ -122.285553206614281, 47.692142258817299 ] } },
{ "type": "Feature", "properties": { "lat": 47.692149660987319, "lon": -122.28313431924001, "time_of_day": "Morning", "causation": [ "0", "0", "0", "0", "0", "0", "0", "0", "0", "0", "0", "0", "0", "0", "0", "0", "0", "0", "0", "0", "1", "0", "0", "0" ], "duration": 1528.0, "sum": 1 }, "geometry": { "type": "Point", "coordinates": [ -122.283134319240006, 47.692149660987319 ] } },
{ "type": "Feature", "properties": { "lat": 47.692155799565391, "lon": -122.28422739709336, "time_of_day": "Morning", "causation": [ "0", "0", "0", "0", "0", "0", "0", "0", "0", "0", "0", "0", "0", "0", "0", "0", "0", "0", "0", "0", "1", "0", "0", "0" ], "duration": 1528.0, "sum": 1 }, "geometry": { "type": "Point", "coordinates": [ -122.28422739709336, 47.692155799565391 ] } },
{ "type": "Feature", "properties": { "lat": 47.692160830537439, "lon": -122.28336696982863, "time_of_day": "Morning", "causation": [ "0", "0", "0", "0", "0", "0", "0", "0", "0", "0", "0", "0", "0", "0", "0", "0", "0", "0", "0", "0", "1", "0", "0", "0" ], "duration": 1528.0, "sum": 1 }, "geometry": { "type": "Point", "coordinates": [ -122.283366969828634, 47.692160830537439 ] } },
{ "type": "Feature", "properties": { "lat": 47.692161058611852, "lon": -122.28446628330435, "time_of_day": "Morning", "causation": [ "0", "0", "0", "0", "0", "0", "0", "0", "0", "0", "0", "0", "0", "0", "0", "0", "0", "0", "0", "0", "1", "0", "0", "0" ], "duration": 1528.0, "sum": 1 }, "geometry": { "type": "Point", "coordinates": [ -122.284466283304354, 47.692161058611852 ] } },
{ "type": "Feature", "properties": { "lat": 47.692162013076718, "lon": -122.28400209503567, "time_of_day": "Morning", "causation": [ "0", "0", "0", "0", "0", "0", "0", "0", "0", "0", "0", "0", "0", "0", "0", "0", "0", "0", "0", "0", "1", "0", "0", "0" ], "duration": 1528.0, "sum": 1 }, "geometry": { "type": "Point", "coordinates": [ -122.284002095035675, 47.692162013076718 ] } },
{ "type": "Feature", "properties": { "lat": 47.692167202880015, "lon": -122.29034432282174, "time_of_day": "Morning", "causation": [ "0", "0", "0", "0", "0", "0", "0", "0", "0", "0", "0", "0", "0", "0", "0", "0", "0", "0", "0", "0", "25", "0", "0", "0" ], "duration": 38200.0, "sum": 25 }, "geometry": { "type": "Point", "coordinates": [ -122.290344322821738, 47.692167202880015 ] } },
{ "type": "Feature", "properties": { "lat": 47.692172206794851, "lon": -122.28841750095091, "time_of_day": "Morning", "causation": [ "0", "0", "0", "0", "0", "0", "0", "0", "0", "0", "0", "0", "0", "0", "0", "0", "0", "0", "0", "0", "1", "0", "0", "0" ], "duration": 1528.0, "sum": 1 }, "geometry": { "type": "Point", "coordinates": [ -122.288417500950914, 47.692172206794851 ] } },
{ "type": "Feature", "properties": { "lat": 47.692183073742662, "lon": -122.28864101103925, "time_of_day": "Morning", "causation": [ "0", "0", "0", "0", "0", "0", "0", "0", "0", "0", "0", "0", "0", "0", "0", "0", "0", "0", "0", "0", "1", "0", "0", "0" ], "duration": 1528.0, "sum": 1 }, "geometry": { "type": "Point", "coordinates": [ -122.288641011039246, 47.692183073742662 ] } },
{ "type": "Feature", "properties": { "lat": 47.692183588487879, "lon": -122.28986901660572, "time_of_day": "Morning", "causation": [ "0", "0", "0", "0", "0", "0", "0", "0", "0", "0", "0", "0", "0", "0", "0", "0", "0", "0", "0", "0", "1", "0", "0", "0" ], "duration": 1528.0, "sum": 1 }, "geometry": { "type": "Point", "coordinates": [ -122.289869016605721, 47.692183588487879 ] } },
{ "type": "Feature", "properties": { "lat": 47.69218856573837, "lon": -122.28956576258209, "time_of_day": "Morning", "causation": [ "0", "0", "0", "0", "0", "0", "0", "0", "0", "0", "0", "0", "0", "0", "0", "0", "0", "0", "0", "0", "1", "0", "0", "0" ], "duration": 1528.0, "sum": 1 }, "geometry": { "type": "Point", "coordinates": [ -122.289565762582086, 47.69218856573837 ] } },
{ "type": "Feature", "properties": { "lat": 47.692189050886597, "lon": -122.28880980622183, "time_of_day": "Morning", "causation": [ "0", "0", "0", "0", "0", "0", "0", "0", "0", "0", "0", "0", "0", "0", "0", "0", "0", "0", "0", "0", "1", "0", "0", "0" ], "duration": 1528.0, "sum": 1 }, "geometry": { "type": "Point", "coordinates": [ -122.288809806221835, 47.692189050886597 ] } },
{ "type": "Feature", "properties": { "lat": 47.69219017805711, "lon": -122.28902449888506, "time_of_day": "Morning", "causation": [ "0", "0", "0", "0", "0", "0", "0", "0", "0", "0", "0", "0", "0", "0", "0", "0", "0", "0", "0", "0", "1", "0", "0", "0" ], "duration": 1528.0, "sum": 1 }, "geometry": { "type": "Point", "coordinates": [ -122.289024498885055, 47.69219017805711 ] } },
{ "type": "Feature", "properties": { "lat": 47.692194317701066, "lon": -122.28924346305315, "time_of_day": "Morning", "causation": [ "0", "0", "0", "0", "0", "0", "0", "0", "0", "0", "0", "0", "0", "0", "0", "0", "0", "0", "0", "0", "1", "0", "0", "0" ], "duration": 1528.0, "sum": 1 }, "geometry": { "type": "Point", "coordinates": [ -122.289243463053154, 47.692194317701066 ] } },
{ "type": "Feature", "properties": { "lat": 47.69222290562228, "lon": -122.36298095100396, "time_of_day": "Morning", "causation": [ "0", "0", "0", "0", "0", "0", "0", "0", "1", "0", "0", "0", "0", "0", "0", "0", "0", "0", "0", "0", "0", "0", "0", "0" ], "duration": 146.0, "sum": 1 }, "geometry": { "type": "Point", "coordinates": [ -122.362980951003962, 47.69222290562228 ] } },
{ "type": "Feature", "properties": { "lat": 47.692263912908523, "lon": -122.36358282518478, "time_of_day": "Morning", "causation": [ "0", "0", "0", "0", "0", "0", "0", "0", "1", "0", "0", "0", "0", "0", "0", "0", "0", "0", "0", "0", "0", "0", "0", "0" ], "duration": 146.0, "sum": 1 }, "geometry": { "type": "Point", "coordinates": [ -122.363582825184778, 47.692263912908523 ] } },
{ "type": "Feature", "properties": { "lat": 47.692264836723368, "lon": -122.36312431305224, "time_of_day": "Morning", "causation": [ "0", "0", "0", "0", "0", "0", "0", "0", "1", "0", "0", "0", "0", "0", "0", "0", "0", "0", "0", "0", "0", "0", "0", "0" ], "duration": 146.0, "sum": 1 }, "geometry": { "type": "Point", "coordinates": [ -122.363124313052239, 47.692264836723368 ] } },
{ "type": "Feature", "properties": { "lat": 47.692529654916406, "lon": -122.28878992106075, "time_of_day": "Morning", "causation": [ "0", "0", "0", "0", "0", "0", "0", "0", "0", "0", "0", "0", "0", "0", "0", "0", "0", "0", "0", "0", "1", "0", "0", "0" ], "duration": 1528.0, "sum": 1 }, "geometry": { "type": "Point", "coordinates": [ -122.288789921060754, 47.692529654916406 ] } },
{ "type": "Feature", "properties": { "lat": 47.692536612617232, "lon": -122.2903970981139, "time_of_day": "Morning", "causation": [ "0", "0", "0", "0", "0", "0", "0", "0", "0", "0", "0", "0", "0", "0", "0", "0", "0", "0", "0", "0", "1", "0", "0", "0" ], "duration": 1528.0, "sum": 1 }, "geometry": { "type": "Point", "coordinates": [ -122.2903970981139, 47.692536612617232 ] } },
{ "type": "Feature", "properties": { "lat": 47.692538679825446, "lon": -122.28841550848382, "time_of_day": "Morning", "causation": [ "0", "0", "0", "0", "0", "0", "0", "0", "0", "0", "0", "0", "0", "0", "0", "0", "0", "0", "0", "0", "1", "0", "0", "0" ], "duration": 1528.0, "sum": 1 }, "geometry": { "type": "Point", "coordinates": [ -122.288415508483823, 47.692538679825446 ] } },
{ "type": "Feature", "properties": { "lat": 47.692541332411658, "lon": -122.28863386381624, "time_of_day": "Morning", "causation": [ "0", "0", "0", "0", "0", "0", "0", "0", "0", "0", "0", "0", "0", "0", "0", "0", "0", "0", "0", "0", "1", "0", "0", "0" ], "duration": 1528.0, "sum": 1 }, "geometry": { "type": "Point", "coordinates": [ -122.288633863816244, 47.692541332411658 ] } },
{ "type": "Feature", "properties": { "lat": 47.692548059000508, "lon": -122.28960406456306, "time_of_day": "Morning", "causation": [ "0", "0", "0", "0", "0", "0", "0", "0", "0", "0", "0", "0", "0", "0", "0", "0", "0", "0", "0", "0", "1", "0", "0", "0" ], "duration": 1528.0, "sum": 1 }, "geometry": { "type": "Point", "coordinates": [ -122.289604064563065, 47.692548059000508 ] } },
{ "type": "Feature", "properties": { "lat": 47.692552005035331, "lon": -122.28995399033388, "time_of_day": "Morning", "causation": [ "0", "0", "0", "0", "0", "0", "0", "0", "0", "0", "0", "0", "0", "0", "0", "0", "0", "0", "0", "0", "1", "0", "0", "0" ], "duration": 1528.0, "sum": 1 }, "geometry": { "type": "Point", "coordinates": [ -122.289953990333885, 47.692552005035331 ] } },
{ "type": "Feature", "properties": { "lat": 47.69255653416031, "lon": -122.28979162479784, "time_of_day": "Morning", "causation": [ "0", "0", "0", "0", "0", "0", "0", "0", "0", "0", "0", "0", "0", "0", "0", "0", "0", "0", "0", "0", "1", "0", "0", "0" ], "duration": 1528.0, "sum": 1 }, "geometry": { "type": "Point", "coordinates": [ -122.289791624797843, 47.69255653416031 ] } },
{ "type": "Feature", "properties": { "lat": 47.692558426456245, "lon": -122.28902738920512, "time_of_day": "Morning", "causation": [ "0", "0", "0", "0", "0", "0", "0", "0", "0", "0", "0", "0", "0", "0", "0", "0", "0", "0", "0", "0", "1", "0", "0", "0" ], "duration": 1528.0, "sum": 1 }, "geometry": { "type": "Point", "coordinates": [ -122.289027389205117, 47.692558426456245 ] } },
{ "type": "Feature", "properties": { "lat": 47.692559889553223, "lon": -122.28931959668732, "time_of_day": "Morning", "causation": [ "0", "0", "0", "0", "0", "0", "0", "0", "0", "0", "0", "0", "0", "0", "0", "0", "0", "0", "0", "0", "1", "0", "0", "0" ], "duration": 1528.0, "sum": 1 }, "geometry": { "type": "Point", "coordinates": [ -122.289319596687321, 47.692559889553223 ] } },
{ "type": "Feature", "properties": { "lat": 47.692561822927843, "lon": -122.28921671985756, "time_of_day": "Morning", "causation": [ "0", "0", "0", "0", "0", "0", "0", "0", "0", "0", "0", "0", "0", "0", "0", "0", "0", "0", "0", "0", "2", "0", "0", "0" ], "duration": 3056.0, "sum": 2 }, "geometry": { "type": "Point", "coordinates": [ -122.289216719857563, 47.692561822927843 ] } },
{ "type": "Feature", "properties": { "lat": 47.692628808221002, "lon": -122.36309384127476, "time_of_day": "Morning", "causation": [ "0", "0", "0", "0", "0", "0", "0", "0", "1", "0", "0", "0", "0", "0", "0", "0", "0", "0", "0", "0", "0", "0", "0", "0" ], "duration": 146.0, "sum": 1 }, "geometry": { "type": "Point", "coordinates": [ -122.363093841274761, 47.692628808221002 ] } },
{ "type": "Feature", "properties": { "lat": 47.692639752413029, "lon": -122.36357133932984, "time_of_day": "Morning", "causation": [ "0", "0", "0", "0", "0", "0", "0", "0", "1", "0", "0", "0", "0", "0", "0", "0", "0", "0", "0", "0", "0", "0", "0", "0" ], "duration": 146.0, "sum": 1 }, "geometry": { "type": "Point", "coordinates": [ -122.363571339329837, 47.692639752413029 ] } },
{ "type": "Feature", "properties": { "lat": 47.692660348010243, "lon": -122.29036805848683, "time_of_day": "Morning", "causation": [ "0", "0", "0", "0", "0", "0", "0", "0", "0", "0", "0", "0", "0", "0", "0", "0", "0", "0", "0", "0", "1", "0", "0", "0" ], "duration": 1528.0, "sum": 1 }, "geometry": { "type": "Point", "coordinates": [ -122.290368058486834, 47.692660348010243 ] } },
{ "type": "Feature", "properties": { "lat": 47.695960763790239, "lon": -122.29085346788196, "time_of_day": "Morning", "causation": [ "0", "0", "0", "0", "0", "0", "0", "0", "2", "0", "0", "0", "0", "0", "0", "0", "0", "0", "0", "0", "0", "0", "0", "0" ], "duration": 826.0, "sum": 2 }, "geometry": { "type": "Point", "coordinates": [ -122.290853467881959, 47.695960763790239 ] } },
{ "type": "Feature", "properties": { "lat": 47.701605958509312, "lon": -122.34124039669162, "time_of_day": "Late Night", "causation": [ "0", "0", "0", "0", "0", "0", "0", "0", "2", "0", "0", "0", "0", "0", "0", "0", "0", "0", "0", "0", "0", "0", "0", "0" ], "duration": 218.0, "sum": 2 }, "geometry": { "type": "Point", "coordinates": [ -122.341240396691617, 47.701605958509312 ] } },
{ "type": "Feature", "properties": { "lat": 47.701702436085597, "lon": -122.34138465127768, "time_of_day": "Late Night", "causation": [ "0", "0", "0", "0", "0", "0", "0", "0", "1", "0", "0", "0", "0", "0", "0", "0", "0", "0", "0", "0", "0", "0", "0", "0" ], "duration": 109.0, "sum": 1 }, "geometry": { "type": "Point", "coordinates": [ -122.341384651277679, 47.701702436085597 ] } },
{ "type": "Feature", "properties": { "lat": 47.701883066295977, "lon": -122.34116598308454, "time_of_day": "Late Night", "causation": [ "0", "0", "0", "0", "0", "0", "0", "0", "1", "0", "0", "0", "0", "0", "0", "0", "0", "0", "0", "0", "0", "0", "0", "0" ], "duration": 109.0, "sum": 1 }, "geometry": { "type": "Point", "coordinates": [ -122.341165983084537, 47.701883066295977 ] } },
{ "type": "Feature", "properties": { "lat": 47.702452340842413, "lon": -122.31743506509704, "time_of_day": "Morning", "causation": [ "0", "0", "0", "0", "0", "0", "0", "0", "1", "0", "0", "0", "0", "0", "0", "0", "0", "0", "0", "0", "0", "0", "0", "0" ], "duration": 106.0, "sum": 1 }, "geometry": { "type": "Point", "coordinates": [ -122.317435065097044, 47.702452340842413 ] } },
{ "type": "Feature", "properties": { "lat": 47.702584414964122, "lon": -122.31743882657544, "time_of_day": "Morning", "causation": [ "0", "0", "0", "0", "0", "0", "0", "0", "1", "0", "0", "0", "0", "0", "0", "0", "0", "0", "0", "0", "0", "0", "0", "0" ], "duration": 106.0, "sum": 1 }, "geometry": { "type": "Point", "coordinates": [ -122.31743882657544, 47.702584414964122 ] } },
{ "type": "Feature", "properties": { "lat": 47.702732322816601, "lon": -122.31745801714912, "time_of_day": "Morning", "causation": [ "0", "0", "0", "0", "0", "0", "0", "0", "1", "0", "0", "0", "0", "0", "0", "0", "0", "0", "0", "0", "0", "0", "0", "0" ], "duration": 106.0, "sum": 1 }, "geometry": { "type": "Point", "coordinates": [ -122.317458017149121, 47.702732322816601 ] } },
{ "type": "Feature", "properties": { "lat": 47.702808225646287, "lon": -122.31797778954612, "time_of_day": "Morning", "causation": [ "0", "0", "0", "0", "0", "0", "0", "0", "1", "0", "0", "0", "0", "0", "0", "0", "0", "0", "0", "0", "0", "0", "0", "0" ], "duration": 106.0, "sum": 1 }, "geometry": { "type": "Point", "coordinates": [ -122.31797778954612, 47.702808225646287 ] } },
{ "type": "Feature", "properties": { "lat": 47.702845171138243, "lon": -122.31741660798606, "time_of_day": "Morning", "causation": [ "0", "0", "0", "0", "0", "0", "0", "0", "1", "0", "0", "0", "0", "0", "0", "0", "0", "0", "0", "0", "0", "0", "0", "0" ], "duration": 106.0, "sum": 1 }, "geometry": { "type": "Point", "coordinates": [ -122.317416607986061, 47.702845171138243 ] } },
{ "type": "Feature", "properties": { "lat": 47.703258125302078, "lon": -122.31738904162258, "time_of_day": "Morning", "causation": [ "0", "0", "0", "0", "0", "0", "0", "0", "1", "0", "0", "0", "0", "0", "0", "0", "0", "0", "0", "0", "0", "0", "0", "0" ], "duration": 106.0, "sum": 1 }, "geometry": { "type": "Point", "coordinates": [ -122.317389041622576, 47.703258125302078 ] } },
{ "type": "Feature", "properties": { "lat": 47.70340896911771, "lon": -122.31740830806626, "time_of_day": "Morning", "causation": [ "0", "0", "0", "0", "0", "0", "0", "0", "1", "0", "0", "0", "0", "0", "0", "0", "0", "0", "0", "0", "0", "0", "0", "0" ], "duration": 106.0, "sum": 1 }, "geometry": { "type": "Point", "coordinates": [ -122.317408308066263, 47.70340896911771 ] } },
{ "type": "Feature", "properties": { "lat": 47.703498027349234, "lon": -122.3181128084819, "time_of_day": "Morning", "causation": [ "0", "0", "0", "0", "0", "0", "0", "0", "1", "0", "0", "0", "0", "0", "0", "0", "0", "0", "0", "0", "0", "0", "0", "0" ], "duration": 106.0, "sum": 1 }, "geometry": { "type": "Point", "coordinates": [ -122.318112808481899, 47.703498027349234 ] } },
{ "type": "Feature", "properties": { "lat": 47.703550761454807, "lon": -122.31747162520418, "time_of_day": "Morning", "causation": [ "0", "0", "0", "0", "0", "0", "0", "0", "1", "0", "0", "0", "0", "0", "0", "0", "0", "0", "0", "0", "0", "0", "0", "0" ], "duration": 106.0, "sum": 1 }, "geometry": { "type": "Point", "coordinates": [ -122.317471625204178, 47.703550761454807 ] } },
{ "type": "Feature", "properties": { "lat": 47.70361209025814, "lon": -122.31810464648314, "time_of_day": "Morning", "causation": [ "0", "0", "0", "0", "0", "0", "0", "0", "1", "0", "0", "0", "0", "0", "0", "0", "0", "0", "0", "0", "0", "0", "0", "0" ], "duration": 106.0, "sum": 1 }, "geometry": { "type": "Point", "coordinates": [ -122.318104646483135, 47.70361209025814 ] } },
{ "type": "Feature", "properties": { "lat": 47.703692197378345, "lon": -122.31747365174404, "time_of_day": "Morning", "causation": [ "0", "0", "0", "0", "0", "0", "0", "0", "1", "0", "0", "0", "0", "0", "0", "0", "0", "0", "0", "0", "0", "0", "0", "0" ], "duration": 106.0, "sum": 1 }, "geometry": { "type": "Point", "coordinates": [ -122.317473651744038, 47.703692197378345 ] } },
{ "type": "Feature", "properties": { "lat": 47.703851279652021, "lon": -122.31745002661089, "time_of_day": "Morning", "causation": [ "0", "0", "0", "0", "0", "0", "0", "0", "1", "0", "0", "0", "0", "0", "0", "0", "0", "0", "0", "0", "0", "0", "0", "0" ], "duration": 106.0, "sum": 1 }, "geometry": { "type": "Point", "coordinates": [ -122.317450026610885, 47.703851279652021 ] } },
{ "type": "Feature", "properties": { "lat": 47.704351178735557, "lon": -122.31752469026075, "time_of_day": "Morning", "causation": [ "0", "0", "0", "0", "0", "0", "0", "0", "1", "0", "0", "0", "0", "0", "0", "0", "0", "0", "0", "0", "0", "0", "0", "0" ], "duration": 106.0, "sum": 1 }, "geometry": { "type": "Point", "coordinates": [ -122.317524690260754, 47.704351178735557 ] } },
{ "type": "Feature", "properties": { "lat": 47.704387219044797, "lon": -122.31812500088364, "time_of_day": "Morning", "causation": [ "0", "0", "0", "0", "0", "0", "0", "0", "1", "0", "0", "0", "0", "0", "0", "0", "0", "0", "0", "0", "0", "0", "0", "0" ], "duration": 106.0, "sum": 1 }, "geometry": { "type": "Point", "coordinates": [ -122.31812500088364, 47.704387219044797 ] } },
{ "type": "Feature", "properties": { "lat": 47.704531877657871, "lon": -122.31809119561028, "time_of_day": "Morning", "causation": [ "0", "0", "0", "0", "0", "0", "0", "0", "1", "0", "0", "0", "0", "0", "0", "0", "0", "0", "0", "0", "0", "0", "0", "0" ], "duration": 106.0, "sum": 1 }, "geometry": { "type": "Point", "coordinates": [ -122.318091195610279, 47.704531877657871 ] } },
{ "type": "Feature", "properties": { "lat": 47.704553336262357, "lon": -122.31750563900488, "time_of_day": "Morning", "causation": [ "0", "0", "0", "0", "0", "0", "0", "0", "1", "0", "0", "0", "0", "0", "0", "0", "0", "0", "0", "0", "0", "0", "0", "0" ], "duration": 106.0, "sum": 1 }, "geometry": { "type": "Point", "coordinates": [ -122.317505639004878, 47.704553336262357 ] } },
{ "type": "Feature", "properties": { "lat": 47.70509911384471, "lon": -122.31692983454512, "time_of_day": "Morning", "causation": [ "0", "0", "0", "0", "0", "0", "0", "0", "1", "0", "0", "0", "0", "0", "0", "0", "0", "0", "0", "0", "0", "0", "0", "0" ], "duration": 106.0, "sum": 1 }, "geometry": { "type": "Point", "coordinates": [ -122.316929834545121, 47.70509911384471 ] } },
{ "type": "Feature", "properties": { "lat": 47.705124996669461, "lon": -122.3172957052771, "time_of_day": "Morning", "causation": [ "0", "0", "0", "0", "0", "0", "0", "0", "1", "0", "0", "0", "0", "0", "0", "0", "0", "0", "0", "0", "0", "0", "0", "0" ], "duration": 106.0, "sum": 1 }, "geometry": { "type": "Point", "coordinates": [ -122.317295705277104, 47.705124996669461 ] } },
{ "type": "Feature", "properties": { "lat": 47.705127178218056, "lon": -122.31752115102566, "time_of_day": "Morning", "causation": [ "0", "0", "0", "0", "0", "0", "0", "0", "1", "0", "0", "0", "0", "0", "0", "0", "0", "0", "0", "0", "0", "0", "0", "0" ], "duration": 106.0, "sum": 1 }, "geometry": { "type": "Point", "coordinates": [ -122.317521151025659, 47.705127178218056 ] } },
{ "type": "Feature", "properties": { "lat": 47.705267282387261, "lon": -122.31693281825019, "time_of_day": "Morning", "causation": [ "0", "0", "0", "0", "0", "0", "0", "0", "1", "0", "0", "0", "0", "0", "0", "0", "0", "0", "0", "0", "0", "0", "0", "0" ], "duration": 106.0, "sum": 1 }, "geometry": { "type": "Point", "coordinates": [ -122.316932818250194, 47.705267282387261 ] } },
{ "type": "Feature", "properties": { "lat": 47.705432888308692, "lon": -122.31751457224982, "time_of_day": "Morning", "causation": [ "0", "0", "0", "0", "0", "0", "0", "0", "1", "0", "0", "0", "0", "0", "0", "0", "0", "0", "0", "0", "0", "0", "0", "0" ], "duration": 1282.0, "sum": 1 }, "geometry": { "type": "Point", "coordinates": [ -122.31751457224982, 47.705432888308692 ] } },
{ "type": "Feature", "properties": { "lat": 47.705439019929429, "lon": -122.31696287307024, "time_of_day": "Morning", "causation": [ "0", "0", "0", "0", "0", "0", "0", "0", "1", "0", "0", "0", "0", "0", "0", "0", "0", "0", "0", "0", "0", "0", "0", "0" ], "duration": 106.0, "sum": 1 }, "geometry": { "type": "Point", "coordinates": [ -122.316962873070239, 47.705439019929429 ] } },
{ "type": "Feature", "properties": { "lat": 47.705579126866724, "lon": -122.31748529852572, "time_of_day": "Morning", "causation": [ "0", "0", "0", "0", "0", "0", "0", "0", "1", "0", "0", "0", "0", "0", "0", "0", "0", "0", "0", "0", "0", "0", "0", "0" ], "duration": 1282.0, "sum": 1 }, "geometry": { "type": "Point", "coordinates": [ -122.317485298525725, 47.705579126866724 ] } },
{ "type": "Feature", "properties": { "lat": 47.705644522461277, "lon": -122.31694804202324, "time_of_day": "Morning", "causation": [ "0", "0", "0", "0", "0", "0", "0", "0", "1", "0", "0", "0", "0", "0", "0", "0", "0", "0", "0", "0", "0", "0", "0", "0" ], "duration": 106.0, "sum": 1 }, "geometry": { "type": "Point", "coordinates": [ -122.316948042023242, 47.705644522461277 ] } },
{ "type": "Feature", "properties": { "lat": 47.70571790008357, "lon": -122.3174490314187, "time_of_day": "Morning", "causation": [ "0", "0", "0", "0", "0", "0", "0", "0", "1", "0", "0", "0", "0", "0", "0", "0", "0", "0", "0", "0", "0", "0", "0", "0" ], "duration": 1282.0, "sum": 1 }, "geometry": { "type": "Point", "coordinates": [ -122.317449031418704, 47.70571790008357 ] } },
{ "type": "Feature", "properties": { "lat": 47.705877071432013, "lon": -122.31752639575504, "time_of_day": "Morning", "causation": [ "0", "0", "0", "0", "0", "0", "0", "0", "1", "0", "0", "0", "0", "0", "0", "0", "0", "0", "0", "0", "0", "0", "0", "0" ], "duration": 1282.0, "sum": 1 }, "geometry": { "type": "Point", "coordinates": [ -122.317526395755038, 47.705877071432013 ] } },
{ "type": "Feature", "properties": { "lat": 47.706054052478287, "lon": -122.31744492255191, "time_of_day": "Morning", "causation": [ "0", "0", "0", "0", "0", "0", "0", "0", "1", "0", "0", "0", "0", "0", "0", "0", "0", "0", "0", "0", "0", "0", "0", "0" ], "duration": 1282.0, "sum": 1 }, "geometry": { "type": "Point", "coordinates": [ -122.317444922551914, 47.706054052478287 ] } },
{ "type": "Feature", "properties": { "lat": 47.706212100954467, "lon": -122.317444088672, "time_of_day": "Morning", "causation": [ "0", "0", "0", "0", "0", "0", "0", "0", "1", "0", "0", "0", "0", "0", "0", "0", "0", "0", "0", "0", "0", "0", "0", "0" ], "duration": 1282.0, "sum": 1 }, "geometry": { "type": "Point", "coordinates": [ -122.317444088672005, 47.706212100954467 ] } },
{ "type": "Feature", "properties": { "lat": 47.707826528685722, "lon": -122.3187454642344, "time_of_day": "Morning", "causation": [ "0", "0", "0", "0", "0", "0", "0", "0", "3", "0", "0", "0", "0", "0", "0", "0", "0", "0", "0", "0", "0", "0", "0", "0" ], "duration": 318.0, "sum": 3 }, "geometry": { "type": "Point", "coordinates": [ -122.318745464234397, 47.707826528685722 ] } },
{ "type": "Feature", "properties": { "lat": 47.708019706165913, "lon": -122.31751695590756, "time_of_day": "Morning", "causation": [ "0", "0", "0", "0", "0", "0", "0", "0", "41", "0", "0", "0", "0", "0", "0", "0", "0", "0", "0", "0", "0", "0", "0", "0" ], "duration": 4346.0, "sum": 41 }, "geometry": { "type": "Point", "coordinates": [ -122.317516955907564, 47.708019706165913 ] } },
{ "type": "Feature", "properties": { "lat": 47.708207411168303, "lon": -122.31739189506912, "time_of_day": "Morning", "causation": [ "0", "0", "0", "0", "0", "0", "0", "0", "1", "0", "0", "0", "0", "0", "0", "0", "0", "0", "0", "0", "0", "0", "0", "0" ], "duration": 106.0, "sum": 1 }, "geometry": { "type": "Point", "coordinates": [ -122.317391895069122, 47.708207411168303 ] } },
{ "type": "Feature", "properties": { "lat": 47.708387407300322, "lon": -122.31838427766721, "time_of_day": "Morning", "causation": [ "0", "0", "0", "0", "0", "0", "0", "0", "1", "0", "0", "0", "0", "0", "0", "0", "0", "0", "0", "0", "0", "0", "0", "0" ], "duration": 106.0, "sum": 1 }, "geometry": { "type": "Point", "coordinates": [ -122.318384277667207, 47.708387407300322 ] } },
{ "type": "Feature", "properties": { "lat": 47.710856338606106, "lon": -122.31661094775632, "time_of_day": "Late Night", "causation": [ "0", "0", "0", "0", "0", "0", "0", "0", "0", "0", "0", "0", "0", "0", "0", "0", "0", "0", "1", "0", "0", "0", "0", "0" ], "duration": 224.0, "sum": 1 }, "geometry": { "type": "Point", "coordinates": [ -122.316610947756317, 47.710856338606106 ] } },
{ "type": "Feature", "properties": { "lat": 47.711498962467822, "lon": -122.31576087463756, "time_of_day": "Late Night", "causation": [ "0", "0", "0", "0", "0", "0", "0", "0", "0", "0", "0", "0", "0", "0", "0", "0", "0", "0", "1", "0", "0", "0", "0", "0" ], "duration": 224.0, "sum": 1 }, "geometry": { "type": "Point", "coordinates": [ -122.315760874637562, 47.711498962467822 ] } },
{ "type": "Feature", "properties": { "lat": 47.71164638532597, "lon": -122.31639256921387, "time_of_day": "Late Night", "causation": [ "0", "0", "0", "0", "0", "0", "0", "0", "0", "0", "0", "0", "0", "0", "0", "0", "0", "0", "1", "0", "0", "0", "0", "0" ], "duration": 224.0, "sum": 1 }, "geometry": { "type": "Point", "coordinates": [ -122.316392569213875, 47.71164638532597 ] } },
{ "type": "Feature", "properties": { "lat": 47.714599952283173, "lon": -122.34167766671064, "time_of_day": "Morning", "causation": [ "0", "0", "2", "0", "0", "0", "0", "0", "0", "0", "0", "0", "0", "0", "0", "0", "0", "0", "0", "0", "0", "0", "0", "0" ], "duration": 2008.0, "sum": 2 }, "geometry": { "type": "Point", "coordinates": [ -122.341677666710638, 47.714599952283173 ] } },
{ "type": "Feature", "properties": { "lat": 47.714687915897727, "lon": -122.34168423185838, "time_of_day": "Morning", "causation": [ "0", "0", "2", "0", "0", "0", "0", "0", "0", "0", "0", "0", "0", "0", "0", "0", "0", "0", "0", "0", "0", "0", "0", "0" ], "duration": 2008.0, "sum": 2 }, "geometry": { "type": "Point", "coordinates": [ -122.34168423185838, 47.714687915897727 ] } },
{ "type": "Feature", "properties": { "lat": 47.714743780234357, "lon": -122.34111869043208, "time_of_day": "Morning", "causation": [ "0", "0", "2", "0", "0", "0", "0", "0", "0", "0", "0", "0", "0", "0", "0", "0", "0", "0", "0", "0", "0", "0", "0", "0" ], "duration": 2008.0, "sum": 2 }, "geometry": { "type": "Point", "coordinates": [ -122.341118690432083, 47.714743780234357 ] } },
{ "type": "Feature", "properties": { "lat": 47.714770499452335, "lon": -122.34172559462633, "time_of_day": "Morning", "causation": [ "0", "0", "2", "0", "0", "0", "0", "0", "0", "0", "0", "0", "0", "0", "0", "0", "0", "0", "0", "0", "0", "0", "0", "0" ], "duration": 2008.0, "sum": 2 }, "geometry": { "type": "Point", "coordinates": [ -122.341725594626325, 47.714770499452335 ] } },
{ "type": "Feature", "properties": { "lat": 47.714798636295122, "lon": -122.34106112609255, "time_of_day": "Morning", "causation": [ "0", "0", "2", "0", "0", "0", "0", "0", "0", "0", "0", "0", "0", "0", "0", "0", "0", "0", "0", "0", "0", "0", "0", "0" ], "duration": 2008.0, "sum": 2 }, "geometry": { "type": "Point", "coordinates": [ -122.341061126092555, 47.714798636295122 ] } },
{ "type": "Feature", "properties": { "lat": 47.714863011067962, "lon": -122.34171140413486, "time_of_day": "Morning", "causation": [ "0", "0", "2", "0", "0", "0", "0", "0", "0", "0", "0", "0", "0", "0", "0", "0", "0", "0", "0", "0", "0", "0", "0", "0" ], "duration": 2008.0, "sum": 2 }, "geometry": { "type": "Point", "coordinates": [ -122.341711404134855, 47.714863011067962 ] } },
{ "type": "Feature", "properties": { "lat": 47.71496903125643, "lon": -122.34175045343056, "time_of_day": "Morning", "causation": [ "0", "0", "2", "0", "0", "0", "0", "0", "0", "0", "0", "0", "0", "0", "0", "0", "0", "0", "0", "0", "0", "0", "0", "0" ], "duration": 2008.0, "sum": 2 }, "geometry": { "type": "Point", "coordinates": [ -122.341750453430564, 47.71496903125643 ] } },
{ "type": "Feature", "properties": { "lat": 47.714982188683599, "lon": -122.34100113045312, "time_of_day": "Morning", "causation": [ "0", "0", "2", "0", "0", "0", "0", "0", "0", "0", "0", "0", "0", "0", "0", "0", "0", "0", "0", "0", "0", "0", "0", "0" ], "duration": 2008.0, "sum": 2 }, "geometry": { "type": "Point", "coordinates": [ -122.341001130453122, 47.714982188683599 ] } },
{ "type": "Feature", "properties": { "lat": 47.715079187793776, "lon": -122.34179451490442, "time_of_day": "Morning", "causation": [ "0", "0", "2", "0", "0", "0", "0", "0", "0", "0", "0", "0", "0", "0", "0", "0", "0", "0", "0", "0", "0", "0", "0", "0" ], "duration": 2008.0, "sum": 2 }, "geometry": { "type": "Point", "coordinates": [ -122.341794514904421, 47.715079187793776 ] } },
{ "type": "Feature", "properties": { "lat": 47.71516239717468, "lon": -122.34174768012087, "time_of_day": "Morning", "causation": [ "0", "0", "2", "0", "0", "0", "0", "0", "0", "0", "0", "0", "0", "0", "0", "0", "0", "0", "0", "0", "0", "0", "0", "0" ], "duration": 2008.0, "sum": 2 }, "geometry": { "type": "Point", "coordinates": [ -122.341747680120875, 47.71516239717468 ] } },
{ "type": "Feature", "properties": { "lat": 47.715169736245095, "lon": -122.34105499046224, "time_of_day": "Morning", "causation": [ "0", "0", "2", "0", "0", "0", "0", "0", "0", "0", "0", "0", "0", "0", "0", "0", "0", "0", "0", "0", "0", "0", "0", "0" ], "duration": 2008.0, "sum": 2 }, "geometry": { "type": "Point", "coordinates": [ -122.34105499046224, 47.715169736245095 ] } },
{ "type": "Feature", "properties": { "lat": 47.715274333633353, "lon": -122.34173154691533, "time_of_day": "Morning", "causation": [ "0", "0", "2", "0", "0", "0", "0", "0", "0", "0", "0", "0", "0", "0", "0", "0", "0", "0", "0", "0", "0", "0", "0", "0" ], "duration": 2008.0, "sum": 2 }, "geometry": { "type": "Point", "coordinates": [ -122.341731546915327, 47.715274333633353 ] } },
{ "type": "Feature", "properties": { "lat": 47.715276313972126, "lon": -122.34000704954302, "time_of_day": "Morning", "causation": [ "0", "0", "2", "0", "0", "0", "0", "0", "0", "0", "0", "0", "0", "0", "0", "0", "0", "0", "0", "0", "0", "0", "0", "0" ], "duration": 2008.0, "sum": 2 }, "geometry": { "type": "Point", "coordinates": [ -122.340007049543019, 47.715276313972126 ] } },
{ "type": "Feature", "properties": { "lat": 47.715335501892518, "lon": -122.341127383726, "time_of_day": "Morning", "causation": [ "0", "0", "2", "0", "0", "0", "0", "0", "0", "0", "0", "0", "0", "0", "0", "0", "0", "0", "0", "0", "0", "0", "0", "0" ], "duration": 2008.0, "sum": 2 }, "geometry": { "type": "Point", "coordinates": [ -122.341127383726004, 47.715335501892518 ] } },
{ "type": "Feature", "properties": { "lat": 47.71534777991554, "lon": -122.34098564386224, "time_of_day": "Morning", "causation": [ "0", "0", "2", "0", "0", "0", "0", "0", "0", "0", "0", "0", "0", "0", "0", "0", "0", "0", "0", "0", "0", "0", "0", "0" ], "duration": 2008.0, "sum": 2 }, "geometry": { "type": "Point", "coordinates": [ -122.34098564386224, 47.71534777991554 ] } },
{ "type": "Feature", "properties": { "lat": 47.715349323256902, "lon": -122.33985115663008, "time_of_day": "Morning", "causation": [ "0", "0", "2", "0", "0", "0", "0", "0", "0", "0", "0", "0", "0", "0", "0", "0", "0", "0", "0", "0", "0", "0", "0", "0" ], "duration": 2008.0, "sum": 2 }, "geometry": { "type": "Point", "coordinates": [ -122.339851156630075, 47.715349323256902 ] } },
{ "type": "Feature", "properties": { "lat": 47.715356519556757, "lon": -122.34090905755696, "time_of_day": "Morning", "causation": [ "0", "0", "2", "0", "0", "0", "0", "0", "0", "0", "0", "0", "0", "0", "0", "0", "0", "0", "0", "0", "0", "0", "0", "0" ], "duration": 2008.0, "sum": 2 }, "geometry": { "type": "Point", "coordinates": [ -122.340909057556956, 47.715356519556757 ] } },
{ "type": "Feature", "properties": { "lat": 47.715366142982717, "lon": -122.34174936072117, "time_of_day": "Morning", "causation": [ "0", "0", "2", "0", "0", "0", "0", "0", "0", "0", "0", "0", "0", "0", "0", "0", "0", "0", "0", "0", "0", "0", "0", "0" ], "duration": 2008.0, "sum": 2 }, "geometry": { "type": "Point", "coordinates": [ -122.341749360721167, 47.715366142982717 ] } },
{ "type": "Feature", "properties": { "lat": 47.715377900020371, "lon": -122.34129116861116, "time_of_day": "Morning", "causation": [ "0", "0", "2", "0", "0", "0", "0", "0", "0", "0", "0", "0", "0", "0", "0", "0", "0", "0", "0", "0", "0", "0", "0", "0" ], "duration": 2008.0, "sum": 2 }, "geometry": { "type": "Point", "coordinates": [ -122.341291168611164, 47.715377900020371 ] } },
{ "type": "Feature", "properties": { "lat": 47.715408726779302, "lon": -122.34177654016884, "time_of_day": "Morning", "causation": [ "0", "0", "2", "0", "0", "0", "0", "0", "0", "0", "0", "0", "0", "0", "0", "0", "0", "0", "0", "0", "0", "0", "0", "0" ], "duration": 2008.0, "sum": 2 }, "geometry": { "type": "Point", "coordinates": [ -122.341776540168837, 47.715408726779302 ] } },
{ "type": "Feature", "properties": { "lat": 47.715411494270128, "lon": -122.33985446360694, "time_of_day": "Morning", "causation": [ "0", "0", "2", "0", "0", "0", "0", "0", "0", "0", "0", "0", "0", "0", "0", "0", "0", "0", "0", "0", "0", "0", "0", "0" ], "duration": 2008.0, "sum": 2 }, "geometry": { "type": "Point", "coordinates": [ -122.33985446360694, 47.715411494270128 ] } },
{ "type": "Feature", "properties": { "lat": 47.715424809424448, "lon": -122.34078135206305, "time_of_day": "Morning", "causation": [ "0", "0", "2", "0", "0", "0", "0", "0", "0", "0", "0", "0", "0", "0", "0", "0", "0", "0", "0", "0", "0", "0", "0", "0" ], "duration": 2008.0, "sum": 2 }, "geometry": { "type": "Point", "coordinates": [ -122.340781352063047, 47.715424809424448 ] } },
{ "type": "Feature", "properties": { "lat": 47.71548087623259, "lon": -122.33977280629168, "time_of_day": "Morning", "causation": [ "0", "0", "2", "0", "0", "0", "0", "0", "0", "0", "0", "0", "0", "0", "0", "0", "0", "0", "0", "0", "0", "0", "0", "0" ], "duration": 2008.0, "sum": 2 }, "geometry": { "type": "Point", "coordinates": [ -122.339772806291677, 47.71548087623259 ] } },
{ "type": "Feature", "properties": { "lat": 47.715525091836426, "lon": -122.3404607961256, "time_of_day": "Morning", "causation": [ "0", "0", "2", "0", "0", "0", "0", "0", "0", "0", "0", "0", "0", "0", "0", "0", "0", "0", "0", "0", "0", "0", "0", "0" ], "duration": 2008.0, "sum": 2 }, "geometry": { "type": "Point", "coordinates": [ -122.340460796125598, 47.715525091836426 ] } },
{ "type": "Feature", "properties": { "lat": 47.715550877181101, "lon": -122.34174811220576, "time_of_day": "Morning", "causation": [ "0", "0", "2", "0", "0", "0", "0", "0", "0", "0", "0", "0", "0", "0", "0", "0", "0", "0", "0", "0", "0", "0", "0", "0" ], "duration": 2008.0, "sum": 2 }, "geometry": { "type": "Point", "coordinates": [ -122.341748112205764, 47.715550877181101 ] } },
{ "type": "Feature", "properties": { "lat": 47.715601092981167, "lon": -122.3403826794803, "time_of_day": "Morning", "causation": [ "0", "0", "2", "0", "0", "0", "0", "0", "0", "0", "0", "0", "0", "0", "0", "0", "0", "0", "0", "0", "0", "0", "0", "0" ], "duration": 2008.0, "sum": 2 }, "geometry": { "type": "Point", "coordinates": [ -122.3403826794803, 47.715601092981167 ] } },
{ "type": "Feature", "properties": { "lat": 47.715647269533982, "lon": -122.34176820455666, "time_of_day": "Morning", "causation": [ "0", "0", "2", "0", "0", "0", "0", "0", "0", "0", "0", "0", "0", "0", "0", "0", "0", "0", "0", "0", "0", "0", "0", "0" ], "duration": 2008.0, "sum": 2 }, "geometry": { "type": "Point", "coordinates": [ -122.341768204556658, 47.715647269533982 ] } },
{ "type": "Feature", "properties": { "lat": 47.715685134659843, "lon": -122.3403408108742, "time_of_day": "Morning", "causation": [ "0", "0", "2", "0", "0", "0", "0", "0", "0", "0", "0", "0", "0", "0", "0", "0", "0", "0", "0", "0", "0", "0", "0", "0" ], "duration": 2008.0, "sum": 2 }, "geometry": { "type": "Point", "coordinates": [ -122.340340810874196, 47.715685134659843 ] } },
{ "type": "Feature", "properties": { "lat": 47.71572089359757, "lon": -122.34024552975259, "time_of_day": "Morning", "causation": [ "0", "0", "2", "0", "0", "0", "0", "0", "0", "0", "0", "0", "0", "0", "0", "0", "0", "0", "0", "0", "0", "0", "0", "0" ], "duration": 2008.0, "sum": 2 }, "geometry": { "type": "Point", "coordinates": [ -122.340245529752593, 47.71572089359757 ] } },
{ "type": "Feature", "properties": { "lat": 47.715740305123852, "lon": -122.34133103595822, "time_of_day": "Morning", "causation": [ "0", "0", "2", "0", "0", "0", "0", "0", "0", "0", "0", "0", "0", "0", "0", "0", "0", "0", "0", "0", "0", "0", "0", "0" ], "duration": 2008.0, "sum": 2 }, "geometry": { "type": "Point", "coordinates": [ -122.34133103595822, 47.715740305123852 ] } },
{ "type": "Feature", "properties": { "lat": 47.715743594518898, "lon": -122.34108226489558, "time_of_day": "Morning", "causation": [ "0", "0", "2", "0", "0", "0", "0", "0", "0", "0", "0", "0", "0", "0", "0", "0", "0", "0", "0", "0", "0", "0", "0", "0" ], "duration": 2008.0, "sum": 2 }, "geometry": { "type": "Point", "coordinates": [ -122.341082264895576, 47.715743594518898 ] } },
{ "type": "Feature", "properties": { "lat": 47.715751446058732, "lon": -122.34178865718324, "time_of_day": "Morning", "causation": [ "0", "0", "2", "0", "0", "0", "0", "0", "0", "0", "0", "0", "0", "0", "0", "0", "0", "0", "0", "0", "0", "0", "0", "0" ], "duration": 2008.0, "sum": 2 }, "geometry": { "type": "Point", "coordinates": [ -122.341788657183244, 47.715751446058732 ] } },
{ "type": "Feature", "properties": { "lat": 47.715775743034932, "lon": -122.34012668411179, "time_of_day": "Morning", "causation": [ "0", "0", "2", "0", "0", "0", "0", "0", "0", "0", "0", "0", "0", "0", "0", "0", "0", "0", "0", "0", "0", "0", "0", "0" ], "duration": 2008.0, "sum": 2 }, "geometry": { "type": "Point", "coordinates": [ -122.340126684111794, 47.715775743034932 ] } },
{ "type": "Feature", "properties": { "lat": 47.715803712859625, "lon": -122.3408172295219, "time_of_day": "Morning", "causation": [ "0", "0", "2", "0", "0", "0", "0", "0", "0", "0", "0", "0", "0", "0", "0", "0", "0", "0", "0", "0", "0", "0", "0", "0" ], "duration": 2008.0, "sum": 2 }, "geometry": { "type": "Point", "coordinates": [ -122.340817229521903, 47.715803712859625 ] } },
{ "type": "Feature", "properties": { "lat": 47.715804621686161, "lon": -122.34120221517284, "time_of_day": "Morning", "causation": [ "0", "0", "2", "0", "0", "0", "0", "0", "0", "0", "0", "0", "0", "0", "0", "0", "0", "0", "0", "0", "0", "0", "0", "0" ], "duration": 2008.0, "sum": 2 }, "geometry": { "type": "Point", "coordinates": [ -122.341202215172842, 47.715804621686161 ] } },
{ "type": "Feature", "properties": { "lat": 47.715811986809591, "lon": -122.34096571882679, "time_of_day": "Morning", "causation": [ "0", "0", "2", "0", "0", "0", "0", "0", "0", "0", "0", "0", "0", "0", "0", "0", "0", "0", "0", "0", "0", "0", "0", "0" ], "duration": 2008.0, "sum": 2 }, "geometry": { "type": "Point", "coordinates": [ -122.340965718826794, 47.715811986809591 ] } },
{ "type": "Feature", "properties": { "lat": 47.715820768474288, "lon": -122.34072316894702, "time_of_day": "Morning", "causation": [ "0", "0", "2", "0", "0", "0", "0", "0", "0", "0", "0", "0", "0", "0", "0", "0", "0", "0", "0", "0", "0", "0", "0", "0" ], "duration": 2008.0, "sum": 2 }, "geometry": { "type": "Point", "coordinates": [ -122.340723168947022, 47.715820768474288 ] } },
{ "type": "Feature", "properties": { "lat": 47.715831002762499, "lon": -122.34175289318472, "time_of_day": "Morning", "causation": [ "0", "0", "2", "0", "0", "0", "0", "0", "0", "0", "0", "0", "0", "0", "0", "0", "0", "0", "0", "0", "0", "0", "0", "0" ], "duration": 2008.0, "sum": 2 }, "geometry": { "type": "Point", "coordinates": [ -122.341752893184719, 47.715831002762499 ] } },
{ "type": "Feature", "properties": { "lat": 47.715990286878402, "lon": -122.33984697838537, "time_of_day": "Morning", "causation": [ "0", "0", "0", "0", "0", "0", "0", "0", "0", "0", "0", "0", "0", "0", "0", "0", "0", "0", "1", "0", "0", "0", "0", "0" ], "duration": 409.0, "sum": 1 }, "geometry": { "type": "Point", "coordinates": [ -122.339846978385367, 47.715990286878402 ] } },
{ "type": "Feature", "properties": { "lat": 47.716095397405645, "lon": -122.34065083402734, "time_of_day": "Morning", "causation": [ "0", "0", "0", "0", "0", "0", "0", "0", "0", "0", "0", "0", "0", "0", "0", "0", "0", "0", "1", "0", "0", "0", "0", "0" ], "duration": 409.0, "sum": 1 }, "geometry": { "type": "Point", "coordinates": [ -122.340650834027343, 47.716095397405645 ] } },
{ "type": "Feature", "properties": { "lat": 47.716099481942969, "lon": -122.34038931811614, "time_of_day": "Morning", "causation": [ "0", "0", "0", "0", "0", "0", "0", "0", "0", "0", "0", "0", "0", "0", "0", "0", "0", "0", "1", "0", "0", "0", "0", "0" ], "duration": 409.0, "sum": 1 }, "geometry": { "type": "Point", "coordinates": [ -122.340389318116138, 47.716099481942969 ] } },
{ "type": "Feature", "properties": { "lat": 47.716103627397317, "lon": -122.34141512472721, "time_of_day": "Morning", "causation": [ "0", "0", "0", "0", "0", "0", "0", "0", "0", "0", "0", "0", "0", "0", "0", "0", "0", "0", "1", "0", "0", "0", "0", "0" ], "duration": 409.0, "sum": 1 }, "geometry": { "type": "Point", "coordinates": [ -122.341415124727206, 47.716103627397317 ] } },
{ "type": "Feature", "properties": { "lat": 47.716107090380831, "lon": -122.34016942920286, "time_of_day": "Morning", "causation": [ "0", "0", "0", "0", "0", "0", "0", "0", "0", "0", "0", "0", "0", "0", "0", "0", "0", "0", "1", "0", "0", "0", "0", "0" ], "duration": 409.0, "sum": 1 }, "geometry": { "type": "Point", "coordinates": [ -122.340169429202859, 47.716107090380831 ] } },
{ "type": "Feature", "properties": { "lat": 47.716157258113263, "lon": -122.34094977587826, "time_of_day": "Morning", "causation": [ "0", "0", "0", "0", "0", "0", "0", "0", "0", "0", "0", "0", "0", "0", "0", "0", "0", "0", "1", "0", "0", "0", "0", "0" ], "duration": 409.0, "sum": 1 }, "geometry": { "type": "Point", "coordinates": [ -122.340949775878258, 47.716157258113263 ] } },
{ "type": "Feature", "properties": { "lat": 47.716194116116704, "lon": -122.33849394505204, "time_of_day": "Morning", "causation": [ "0", "0", "0", "0", "0", "0", "0", "0", "0", "0", "0", "0", "0", "0", "0", "0", "0", "0", "1", "0", "0", "0", "0", "0" ], "duration": 409.0, "sum": 1 }, "geometry": { "type": "Point", "coordinates": [ -122.338493945052036, 47.716194116116704 ] } },
{ "type": "Feature", "properties": { "lat": 47.716199310445361, "lon": -122.3379193912594, "time_of_day": "Morning", "causation": [ "0", "0", "0", "0", "0", "0", "0", "0", "0", "0", "0", "0", "0", "0", "0", "0", "0", "0", "1", "0", "0", "0", "0", "0" ], "duration": 409.0, "sum": 1 }, "geometry": { "type": "Point", "coordinates": [ -122.337919391259405, 47.716199310445361 ] } },
{ "type": "Feature", "properties": { "lat": 47.716200142606823, "lon": -122.33817155067229, "time_of_day": "Morning", "causation": [ "0", "0", "0", "0", "0", "0", "0", "0", "0", "0", "0", "0", "0", "0", "0", "0", "0", "0", "1", "0", "0", "0", "0", "0" ], "duration": 409.0, "sum": 1 }, "geometry": { "type": "Point", "coordinates": [ -122.338171550672286, 47.716200142606823 ] } },
{ "type": "Feature", "properties": { "lat": 47.716268786793151, "lon": -122.34120668555224, "time_of_day": "Morning", "causation": [ "0", "0", "0", "0", "0", "0", "0", "0", "0", "0", "0", "0", "0", "0", "0", "0", "0", "0", "1", "0", "0", "0", "0", "0" ], "duration": 409.0, "sum": 1 }, "geometry": { "type": "Point", "coordinates": [ -122.341206685552237, 47.716268786793151 ] } },
{ "type": "Feature", "properties": { "lat": 47.71635445273315, "lon": -122.33763534902972, "time_of_day": "Morning", "causation": [ "0", "0", "0", "0", "0", "0", "0", "0", "0", "0", "0", "0", "0", "0", "0", "0", "0", "0", "1", "0", "0", "0", "0", "0" ], "duration": 409.0, "sum": 1 }, "geometry": { "type": "Point", "coordinates": [ -122.337635349029725, 47.71635445273315 ] } },
{ "type": "Feature", "properties": { "lat": 47.716461124999903, "lon": -122.34131217864844, "time_of_day": "Morning", "causation": [ "0", "0", "0", "0", "0", "0", "0", "0", "0", "0", "0", "0", "0", "0", "0", "0", "0", "0", "1", "0", "0", "0", "0", "0" ], "duration": 409.0, "sum": 1 }, "geometry": { "type": "Point", "coordinates": [ -122.341312178648437, 47.716461124999903 ] } },
{ "type": "Feature", "properties": { "lat": 47.716469422074923, "lon": -122.3400718928298, "time_of_day": "Morning", "causation": [ "0", "0", "0", "0", "0", "0", "0", "0", "0", "0", "0", "0", "0", "0", "0", "0", "0", "0", "1", "0", "0", "0", "0", "0" ], "duration": 409.0, "sum": 1 }, "geometry": { "type": "Point", "coordinates": [ -122.340071892829798, 47.716469422074923 ] } },
{ "type": "Feature", "properties": { "lat": 47.71647080010014, "lon": -122.34054647650468, "time_of_day": "Morning", "causation": [ "0", "0", "0", "0", "0", "0", "0", "0", "0", "0", "0", "0", "0", "0", "0", "0", "0", "0", "1", "0", "0", "0", "0", "0" ], "duration": 409.0, "sum": 1 }, "geometry": { "type": "Point", "coordinates": [ -122.340546476504684, 47.71647080010014 ] } },
{ "type": "Feature", "properties": { "lat": 47.716476360017694, "lon": -122.340303578093, "time_of_day": "Morning", "causation": [ "0", "0", "0", "0", "0", "0", "0", "0", "0", "0", "0", "0", "0", "0", "0", "0", "0", "0", "1", "0", "0", "0", "0", "0" ], "duration": 409.0, "sum": 1 }, "geometry": { "type": "Point", "coordinates": [ -122.340303578093, 47.716476360017694 ] } },
{ "type": "Feature", "properties": { "lat": 47.716521061423322, "lon": -122.340786842852, "time_of_day": "Morning", "causation": [ "0", "0", "0", "0", "0", "0", "0", "0", "0", "0", "0", "0", "0", "0", "0", "0", "0", "0", "1", "0", "0", "0", "0", "0" ], "duration": 409.0, "sum": 1 }, "geometry": { "type": "Point", "coordinates": [ -122.340786842851998, 47.716521061423322 ] } },
{ "type": "Feature", "properties": { "lat": 47.716551619339242, "lon": -122.33818869640599, "time_of_day": "Morning", "causation": [ "0", "0", "0", "0", "0", "0", "0", "0", "0", "0", "0", "0", "0", "0", "0", "0", "0", "0", "1", "0", "0", "0", "0", "0" ], "duration": 409.0, "sum": 1 }, "geometry": { "type": "Point", "coordinates": [ -122.338188696405993, 47.716551619339242 ] } },
{ "type": "Feature", "properties": { "lat": 47.716551656118533, "lon": -122.33846924384603, "time_of_day": "Morning", "causation": [ "0", "0", "0", "0", "0", "0", "0", "0", "0", "0", "0", "0", "0", "0", "0", "0", "0", "0", "1", "0", "0", "0", "0", "0" ], "duration": 409.0, "sum": 1 }, "geometry": { "type": "Point", "coordinates": [ -122.338469243846035, 47.716551656118533 ] } },
{ "type": "Feature", "properties": { "lat": 47.71655325397851, "lon": -122.33792190232369, "time_of_day": "Morning", "causation": [ "0", "0", "0", "0", "0", "0", "0", "0", "0", "0", "0", "0", "0", "0", "0", "0", "0", "0", "1", "0", "0", "0", "0", "0" ], "duration": 409.0, "sum": 1 }, "geometry": { "type": "Point", "coordinates": [ -122.337921902323686, 47.71655325397851 ] } },
{ "type": "Feature", "properties": { "lat": 47.716572429277527, "lon": -122.33980368028143, "time_of_day": "Morning", "causation": [ "0", "0", "0", "0", "0", "0", "0", "0", "0", "0", "0", "0", "0", "0", "0", "0", "0", "0", "1", "0", "0", "0", "0", "0" ], "duration": 409.0, "sum": 1 }, "geometry": { "type": "Point", "coordinates": [ -122.339803680281435, 47.716572429277527 ] } },
{ "type": "Feature", "properties": { "lat": 47.716739986088612, "lon": -122.33978742514432, "time_of_day": "Morning", "causation": [ "0", "0", "0", "0", "0", "0", "0", "0", "0", "0", "0", "0", "0", "0", "0", "0", "0", "0", "1", "0", "0", "0", "0", "0" ], "duration": 409.0, "sum": 1 }, "geometry": { "type": "Point", "coordinates": [ -122.339787425144323, 47.716739986088612 ] } },
{ "type": "Feature", "properties": { "lat": 47.716773311877994, "lon": -122.34077813251598, "time_of_day": "Morning", "causation": [ "0", "0", "0", "0", "0", "0", "0", "0", "0", "0", "0", "0", "0", "0", "0", "0", "0", "0", "1", "0", "0", "0", "0", "0" ], "duration": 435.0, "sum": 1 }, "geometry": { "type": "Point", "coordinates": [ -122.340778132515979, 47.716773311877994 ] } },
{ "type": "Feature", "properties": { "lat": 47.716801101708015, "lon": -122.34140127479652, "time_of_day": "Morning", "causation": [ "0", "0", "0", "0", "0", "0", "0", "0", "0", "0", "0", "0", "0", "0", "0", "0", "0", "0", "1", "0", "0", "0", "0", "0" ], "duration": 435.0, "sum": 1 }, "geometry": { "type": "Point", "coordinates": [ -122.341401274796524, 47.716801101708015 ] } },
{ "type": "Feature", "properties": { "lat": 47.716811248375791, "lon": -122.3402750138346, "time_of_day": "Morning", "causation": [ "0", "0", "0", "0", "0", "0", "0", "0", "0", "0", "0", "0", "0", "0", "0", "0", "0", "0", "1", "0", "0", "0", "0", "0" ], "duration": 435.0, "sum": 1 }, "geometry": { "type": "Point", "coordinates": [ -122.340275013834599, 47.716811248375791 ] } },
{ "type": "Feature", "properties": { "lat": 47.716819809348998, "lon": -122.34053620557152, "time_of_day": "Morning", "causation": [ "0", "0", "0", "0", "0", "0", "0", "0", "0", "0", "0", "0", "0", "0", "0", "0", "0", "0", "1", "0", "0", "0", "0", "0" ], "duration": 435.0, "sum": 1 }, "geometry": { "type": "Point", "coordinates": [ -122.340536205571524, 47.716819809348998 ] } },
{ "type": "Feature", "properties": { "lat": 47.716822111185017, "lon": -122.34007302102636, "time_of_day": "Morning", "causation": [ "0", "0", "0", "0", "0", "0", "0", "0", "0", "0", "0", "0", "0", "0", "0", "0", "0", "0", "1", "0", "0", "0", "0", "0" ], "duration": 435.0, "sum": 1 }, "geometry": { "type": "Point", "coordinates": [ -122.340073021026356, 47.716822111185017 ] } },
{ "type": "Feature", "properties": { "lat": 47.716892027682981, "lon": -122.3392639068836, "time_of_day": "Morning", "causation": [ "0", "0", "0", "0", "0", "0", "0", "0", "0", "0", "0", "0", "0", "0", "0", "0", "0", "0", "1", "0", "0", "0", "0", "0" ], "duration": 409.0, "sum": 1 }, "geometry": { "type": "Point", "coordinates": [ -122.339263906883602, 47.716892027682981 ] } },
{ "type": "Feature", "properties": { "lat": 47.717004497020213, "lon": -122.34118364295908, "time_of_day": "Morning", "causation": [ "0", "0", "0", "0", "0", "0", "0", "0", "0", "0", "0", "0", "0", "0", "0", "0", "0", "0", "1", "0", "0", "0", "0", "0" ], "duration": 435.0, "sum": 1 }, "geometry": { "type": "Point", "coordinates": [ -122.341183642959081, 47.717004497020213 ] } },
{ "type": "Feature", "properties": { "lat": 47.717134293240086, "lon": -122.34097251900737, "time_of_day": "Morning", "causation": [ "0", "0", "0", "0", "0", "0", "0", "0", "0", "0", "0", "0", "0", "0", "0", "0", "0", "0", "1", "0", "0", "0", "0", "0" ], "duration": 435.0, "sum": 1 }, "geometry": { "type": "Point", "coordinates": [ -122.340972519007366, 47.717134293240086 ] } },
{ "type": "Feature", "properties": { "lat": 47.717140082896933, "lon": -122.34142424759514, "time_of_day": "Morning", "causation": [ "0", "0", "0", "0", "0", "0", "0", "0", "0", "0", "0", "0", "0", "0", "0", "0", "0", "0", "1", "0", "0", "0", "0", "0" ], "duration": 435.0, "sum": 1 }, "geometry": { "type": "Point", "coordinates": [ -122.341424247595143, 47.717140082896933 ] } },
{ "type": "Feature", "properties": { "lat": 47.717169349902456, "lon": -122.29181822942424, "time_of_day": "Morning", "causation": [ "0", "0", "0", "0", "0", "0", "0", "0", "0", "0", "0", "0", "0", "0", "0", "0", "0", "0", "15", "0", "0", "0", "0", "0" ], "duration": 18045.0, "sum": 15 }, "geometry": { "type": "Point", "coordinates": [ -122.291818229424237, 47.717169349902456 ] } },
{ "type": "Feature", "properties": { "lat": 47.717171580866648, "lon": -122.34037999644418, "time_of_day": "Morning", "causation": [ "0", "0", "0", "0", "0", "0", "0", "0", "0", "0", "0", "0", "0", "0", "0", "0", "0", "0", "1", "0", "0", "0", "0", "0" ], "duration": 435.0, "sum": 1 }, "geometry": { "type": "Point", "coordinates": [ -122.340379996444184, 47.717171580866648 ] } },
{ "type": "Feature", "properties": { "lat": 47.717175741437707, "lon": -122.34006374638332, "time_of_day": "Morning", "causation": [ "0", "0", "0", "0", "0", "0", "0", "0", "0", "0", "0", "0", "0", "0", "0", "0", "0", "0", "1", "0", "0", "0", "0", "0" ], "duration": 435.0, "sum": 1 }, "geometry": { "type": "Point", "coordinates": [ -122.340063746383322, 47.717175741437707 ] } },
{ "type": "Feature", "properties": { "lat": 47.717177596842433, "lon": -122.34069631435148, "time_of_day": "Morning", "causation": [ "0", "0", "0", "0", "0", "0", "0", "0", "0", "0", "0", "0", "0", "0", "0", "0", "0", "0", "1", "0", "0", "0", "0", "0" ], "duration": 435.0, "sum": 1 }, "geometry": { "type": "Point", "coordinates": [ -122.340696314351476, 47.717177596842433 ] } },
{ "type": "Feature", "properties": { "lat": 47.717219454548633, "lon": -122.33979166056386, "time_of_day": "Morning", "causation": [ "0", "0", "0", "0", "0", "0", "0", "0", "0", "0", "0", "0", "0", "0", "0", "0", "0", "0", "1", "0", "0", "0", "0", "0" ], "duration": 435.0, "sum": 1 }, "geometry": { "type": "Point", "coordinates": [ -122.339791660563861, 47.717219454548633 ] } },
{ "type": "Feature", "properties": { "lat": 47.717490833478593, "lon": -122.2910897123364, "time_of_day": "Morning", "causation": [ "0", "0", "0", "0", "0", "0", "0", "0", "0", "0", "0", "0", "0", "0", "0", "0", "0", "0", "1", "0", "0", "0", "0", "0" ], "duration": 1203.0, "sum": 1 }, "geometry": { "type": "Point", "coordinates": [ -122.291089712336401, 47.717490833478593 ] } },
{ "type": "Feature", "properties": { "lat": 47.717609315933927, "lon": -122.29103877505432, "time_of_day": "Morning", "causation": [ "0", "0", "0", "0", "0", "0", "0", "0", "0", "0", "0", "0", "0", "0", "0", "0", "0", "0", "1", "0", "0", "0", "0", "0" ], "duration": 1203.0, "sum": 1 }, "geometry": { "type": "Point", "coordinates": [ -122.291038775054318, 47.717609315933927 ] } },
{ "type": "Feature", "properties": { "lat": 47.717789958752121, "lon": -122.29099421447523, "time_of_day": "Morning", "causation": [ "0", "0", "0", "0", "0", "0", "0", "0", "0", "0", "0", "0", "0", "0", "0", "0", "0", "0", "1", "0", "0", "0", "0", "0" ], "duration": 1203.0, "sum": 1 }, "geometry": { "type": "Point", "coordinates": [ -122.290994214475234, 47.717789958752121 ] } },
{ "type": "Feature", "properties": { "lat": 47.71783702983209, "lon": -122.29163025246064, "time_of_day": "Morning", "causation": [ "0", "0", "0", "0", "0", "0", "0", "0", "0", "0", "0", "0", "0", "0", "0", "0", "0", "0", "2", "0", "0", "0", "0", "0" ], "duration": 2406.0, "sum": 2 }, "geometry": { "type": "Point", "coordinates": [ -122.291630252460635, 47.71783702983209 ] } },
{ "type": "Feature", "properties": { "lat": 47.71784879933071, "lon": -122.29196781034879, "time_of_day": "Morning", "causation": [ "0", "0", "0", "0", "0", "0", "0", "0", "0", "0", "0", "0", "0", "0", "0", "0", "0", "0", "3", "0", "0", "0", "0", "0" ], "duration": 3609.0, "sum": 3 }, "geometry": { "type": "Point", "coordinates": [ -122.291967810348794, 47.71784879933071 ] } },
{ "type": "Feature", "properties": { "lat": 47.717898460917496, "lon": -122.29095947272285, "time_of_day": "Morning", "causation": [ "0", "0", "0", "0", "0", "0", "0", "0", "0", "0", "0", "0", "0", "0", "0", "0", "0", "0", "1", "0", "0", "0", "0", "0" ], "duration": 1203.0, "sum": 1 }, "geometry": { "type": "Point", "coordinates": [ -122.290959472722847, 47.717898460917496 ] } },
{ "type": "Feature", "properties": { "lat": 47.717991186474741, "lon": -122.2919576173266, "time_of_day": "Morning", "causation": [ "0", "0", "0", "0", "0", "0", "0", "0", "0", "0", "0", "0", "0", "0", "0", "0", "0", "0", "3", "0", "0", "0", "0", "0" ], "duration": 3609.0, "sum": 3 }, "geometry": { "type": "Point", "coordinates": [ -122.291957617326602, 47.717991186474741 ] } },
{ "type": "Feature", "properties": { "lat": 47.718025643720345, "lon": -122.29157328513141, "time_of_day": "Morning", "causation": [ "0", "0", "0", "0", "0", "0", "0", "0", "0", "0", "0", "0", "0", "0", "0", "0", "0", "0", "5", "0", "0", "0", "0", "0" ], "duration": 6015.0, "sum": 5 }, "geometry": { "type": "Point", "coordinates": [ -122.291573285131406, 47.718025643720345 ] } },
{ "type": "Feature", "properties": { "lat": 47.718280399370826, "lon": -122.29071977042533, "time_of_day": "Morning", "causation": [ "0", "0", "0", "0", "0", "0", "0", "0", "0", "0", "0", "0", "0", "0", "0", "0", "0", "0", "1", "0", "0", "0", "0", "0" ], "duration": 1203.0, "sum": 1 }, "geometry": { "type": "Point", "coordinates": [ -122.290719770425326, 47.718280399370826 ] } },
{ "type": "Feature", "properties": { "lat": 47.718294112969843, "lon": -122.29047038575524, "time_of_day": "Morning", "causation": [ "0", "0", "0", "0", "0", "0", "0", "0", "0", "0", "0", "0", "0", "0", "0", "0", "0", "0", "1", "0", "0", "0", "0", "0" ], "duration": 1203.0, "sum": 1 }, "geometry": { "type": "Point", "coordinates": [ -122.290470385755242, 47.718294112969843 ] } },
{ "type": "Feature", "properties": { "lat": 47.718315046050769, "lon": -122.29164031269366, "time_of_day": "Morning", "causation": [ "0", "0", "0", "0", "0", "0", "0", "0", "0", "0", "0", "0", "0", "0", "0", "0", "0", "0", "1", "0", "0", "0", "0", "0" ], "duration": 1203.0, "sum": 1 }, "geometry": { "type": "Point", "coordinates": [ -122.291640312693659, 47.718315046050769 ] } },
{ "type": "Feature", "properties": { "lat": 47.71854803468684, "lon": -122.29171920182542, "time_of_day": "Morning", "causation": [ "0", "0", "0", "0", "0", "0", "0", "0", "0", "0", "0", "0", "0", "0", "0", "0", "0", "0", "21", "0", "0", "0", "0", "0" ], "duration": 25263.0, "sum": 21 }, "geometry": { "type": "Point", "coordinates": [ -122.291719201825416, 47.71854803468684 ] } },
{ "type": "Feature", "properties": { "lat": 47.718620906002251, "lon": -122.29050026644946, "time_of_day": "Morning", "causation": [ "0", "0", "0", "0", "0", "0", "0", "0", "0", "0", "0", "0", "0", "0", "0", "0", "0", "0", "1", "0", "0", "0", "0", "0" ], "duration": 1203.0, "sum": 1 }, "geometry": { "type": "Point", "coordinates": [ -122.290500266449456, 47.718620906002251 ] } },
{ "type": "Feature", "properties": { "lat": 47.718625244467873, "lon": -122.29025818686389, "time_of_day": "Morning", "causation": [ "0", "0", "0", "0", "0", "0", "0", "0", "0", "0", "0", "0", "0", "0", "0", "0", "0", "0", "1", "0", "0", "0", "0", "0" ], "duration": 1203.0, "sum": 1 }, "geometry": { "type": "Point", "coordinates": [ -122.290258186863895, 47.718625244467873 ] } },
{ "type": "Feature", "properties": { "lat": 47.718676211156051, "lon": -122.29236150668576, "time_of_day": "Morning", "causation": [ "0", "0", "0", "0", "0", "0", "0", "0", "0", "0", "0", "0", "0", "0", "0", "0", "0", "0", "11", "0", "0", "0", "0", "0" ], "duration": 13233.0, "sum": 11 }, "geometry": { "type": "Point", "coordinates": [ -122.292361506685765, 47.718676211156051 ] } },
{ "type": "Feature", "properties": { "lat": 47.718800094536483, "lon": -122.2900634775406, "time_of_day": "Morning", "causation": [ "0", "0", "0", "0", "0", "0", "0", "0", "0", "0", "0", "0", "0", "0", "0", "0", "0", "0", "1", "0", "0", "0", "0", "0" ], "duration": 1203.0, "sum": 1 }, "geometry": { "type": "Point", "coordinates": [ -122.290063477540599, 47.718800094536483 ] } },
{ "type": "Feature", "properties": { "lat": 47.71887601164736, "lon": -122.29050965200652, "time_of_day": "Morning", "causation": [ "0", "0", "0", "0", "0", "0", "0", "0", "0", "0", "0", "0", "0", "0", "0", "0", "0", "0", "1", "0", "0", "0", "0", "0" ], "duration": 1203.0, "sum": 1 }, "geometry": { "type": "Point", "coordinates": [ -122.29050965200652, 47.71887601164736 ] } },
{ "type": "Feature", "properties": { "lat": 47.718964799798783, "lon": -122.29247689791364, "time_of_day": "Morning", "causation": [ "0", "0", "0", "0", "0", "0", "0", "0", "0", "0", "0", "0", "0", "0", "0", "0", "0", "0", "25", "0", "0", "0", "0", "0" ], "duration": 30075.0, "sum": 25 }, "geometry": { "type": "Point", "coordinates": [ -122.292476897913645, 47.718964799798783 ] } },
{ "type": "Feature", "properties": { "lat": 47.71902666423906, "lon": -122.2912121400156, "time_of_day": "Morning", "causation": [ "0", "0", "0", "0", "0", "0", "0", "0", "0", "0", "0", "0", "0", "0", "0", "0", "0", "0", "5", "0", "0", "0", "0", "0" ], "duration": 6015.0, "sum": 5 }, "geometry": { "type": "Point", "coordinates": [ -122.291212140015602, 47.71902666423906 ] } },
{ "type": "Feature", "properties": { "lat": 47.719101203423442, "lon": -122.29347605458469, "time_of_day": "Morning", "causation": [ "0", "0", "0", "0", "0", "0", "0", "0", "0", "0", "0", "0", "0", "0", "0", "0", "0", "0", "2", "0", "0", "0", "0", "0" ], "duration": 2406.0, "sum": 2 }, "geometry": { "type": "Point", "coordinates": [ -122.293476054584687, 47.719101203423442 ] } },
{ "type": "Feature", "properties": { "lat": 47.71910696841627, "lon": -122.2924162665558, "time_of_day": "Morning", "causation": [ "0", "0", "0", "0", "0", "0", "0", "0", "0", "0", "0", "0", "0", "0", "0", "0", "0", "0", "4", "0", "0", "0", "0", "0" ], "duration": 4812.0, "sum": 4 }, "geometry": { "type": "Point", "coordinates": [ -122.292416266555804, 47.71910696841627 ] } },
{ "type": "Feature", "properties": { "lat": 47.719414796913597, "lon": -122.29187798827446, "time_of_day": "Morning", "causation": [ "0", "0", "0", "0", "0", "0", "0", "0", "0", "0", "0", "0", "0", "0", "0", "0", "0", "0", "5", "0", "0", "0", "0", "0" ], "duration": 6015.0, "sum": 5 }, "geometry": { "type": "Point", "coordinates": [ -122.291877988274464, 47.719414796913597 ] } },
{ "type": "Feature", "properties": { "lat": 47.719457005808827, "lon": -122.29437457027753, "time_of_day": "Morning", "causation": [ "0", "0", "0", "0", "0", "0", "0", "0", "0", "0", "0", "0", "0", "0", "0", "0", "0", "0", "3", "0", "0", "0", "0", "0" ], "duration": 3609.0, "sum": 3 }, "geometry": { "type": "Point", "coordinates": [ -122.294374570277526, 47.719457005808827 ] } },
{ "type": "Feature", "properties": { "lat": 47.719460323997652, "lon": -122.29165205537365, "time_of_day": "Morning", "causation": [ "0", "0", "0", "0", "0", "0", "0", "0", "0", "0", "0", "0", "0", "0", "0", "0", "0", "0", "1", "0", "0", "0", "0", "0" ], "duration": 1203.0, "sum": 1 }, "geometry": { "type": "Point", "coordinates": [ -122.291652055373646, 47.719460323997652 ] } },
{ "type": "Feature", "properties": { "lat": 47.719475077210859, "lon": -122.29104745205424, "time_of_day": "Late Night", "causation": [ "0", "0", "0", "0", "0", "0", "0", "0", "0", "0", "0", "0", "0", "0", "0", "0", "0", "0", "3", "0", "0", "0", "0", "0" ], "duration": 846.0, "sum": 3 }, "geometry": { "type": "Point", "coordinates": [ -122.291047452054244, 47.719475077210859 ] } },
{ "type": "Feature", "properties": { "lat": 47.719475077210859, "lon": -122.29104745205424, "time_of_day": "Morning", "causation": [ "0", "0", "0", "0", "0", "0", "0", "0", "0", "0", "0", "0", "0", "0", "0", "0", "0", "0", "3", "0", "0", "0", "0", "0" ], "duration": 3609.0, "sum": 3 }, "geometry": { "type": "Point", "coordinates": [ -122.291047452054244, 47.719475077210859 ] } },
{ "type": "Feature", "properties": { "lat": 47.719482477194077, "lon": -122.293002462563, "time_of_day": "Morning", "causation": [ "0", "0", "0", "0", "0", "0", "0", "0", "0", "0", "0", "0", "0", "0", "0", "0", "0", "0", "4", "0", "0", "0", "0", "0" ], "duration": 1316.0, "sum": 4 }, "geometry": { "type": "Point", "coordinates": [ -122.293002462562995, 47.719482477194077 ] } },
{ "type": "Feature", "properties": { "lat": 47.719487527693389, "lon": -122.2938100687396, "time_of_day": "Morning", "causation": [ "0", "0", "0", "0", "0", "0", "0", "0", "0", "0", "0", "0", "0", "0", "0", "0", "0", "0", "1", "0", "0", "0", "0", "0" ], "duration": 1203.0, "sum": 1 }, "geometry": { "type": "Point", "coordinates": [ -122.293810068739603, 47.719487527693389 ] } },
{ "type": "Feature", "properties": { "lat": 47.719541460069408, "lon": -122.29149608854192, "time_of_day": "Morning", "causation": [ "0", "0", "0", "0", "0", "0", "0", "0", "0", "0", "0", "0", "0", "0", "0", "0", "0", "0", "1", "0", "0", "0", "0", "0" ], "duration": 1203.0, "sum": 1 }, "geometry": { "type": "Point", "coordinates": [ -122.291496088541919, 47.719541460069408 ] } },
{ "type": "Feature", "properties": { "lat": 47.719548281960179, "lon": -122.29328373000168, "time_of_day": "Morning", "causation": [ "0", "0", "0", "0", "0", "0", "0", "0", "0", "0", "0", "0", "0", "0", "0", "0", "0", "0", "1", "0", "0", "0", "0", "0" ], "duration": 1203.0, "sum": 1 }, "geometry": { "type": "Point", "coordinates": [ -122.293283730001676, 47.719548281960179 ] } },
{ "type": "Feature", "properties": { "lat": 47.719595572790766, "lon": -122.29408296461118, "time_of_day": "Morning", "causation": [ "0", "0", "0", "0", "0", "0", "0", "0", "0", "0", "0", "0", "0", "0", "0", "0", "0", "0", "1", "0", "0", "0", "0", "0" ], "duration": 1203.0, "sum": 1 }, "geometry": { "type": "Point", "coordinates": [ -122.294082964611178, 47.719595572790766 ] } },
{ "type": "Feature", "properties": { "lat": 47.719785964362089, "lon": -122.29178597769202, "time_of_day": "Morning", "causation": [ "0", "0", "0", "0", "0", "0", "0", "0", "0", "0", "0", "0", "0", "0", "0", "0", "0", "0", "29", "0", "0", "0", "0", "0" ], "duration": 9541.0, "sum": 29 }, "geometry": { "type": "Point", "coordinates": [ -122.291785977692015, 47.719785964362089 ] } },
{ "type": "Feature", "properties": { "lat": 47.719815127828049, "lon": -122.29115280770894, "time_of_day": "Late Night", "causation": [ "0", "0", "0", "0", "0", "0", "0", "0", "0", "0", "0", "0", "0", "0", "0", "0", "0", "0", "11", "0", "0", "0", "0", "0" ], "duration": 3102.0, "sum": 11 }, "geometry": { "type": "Point", "coordinates": [ -122.29115280770894, 47.719815127828049 ] } },
{ "type": "Feature", "properties": { "lat": 47.719815127828049, "lon": -122.29115280770894, "time_of_day": "Morning", "causation": [ "0", "0", "0", "0", "0", "0", "0", "0", "0", "0", "0", "0", "0", "0", "0", "0", "0", "0", "11", "0", "0", "0", "0", "0" ], "duration": 13233.0, "sum": 11 }, "geometry": { "type": "Point", "coordinates": [ -122.29115280770894, 47.719815127828049 ] } },
{ "type": "Feature", "properties": { "lat": 47.719990817926721, "lon": -122.28051936155532, "time_of_day": "Morning", "causation": [ "0", "0", "0", "0", "0", "0", "0", "0", "0", "0", "0", "0", "0", "0", "0", "0", "0", "0", "0", "0", "1", "0", "0", "0" ], "duration": 1299.0, "sum": 1 }, "geometry": { "type": "Point", "coordinates": [ -122.280519361555321, 47.719990817926721 ] } },
{ "type": "Feature", "properties": { "lat": 47.720017984233593, "lon": -122.28990893115028, "time_of_day": "Late Night", "causation": [ "0", "0", "0", "0", "0", "0", "0", "0", "0", "0", "0", "0", "0", "0", "0", "0", "0", "0", "3", "0", "0", "0", "0", "0" ], "duration": 846.0, "sum": 3 }, "geometry": { "type": "Point", "coordinates": [ -122.289908931150279, 47.720017984233593 ] } },
{ "type": "Feature", "properties": { "lat": 47.720017984233593, "lon": -122.28990893115028, "time_of_day": "Morning", "causation": [ "0", "0", "0", "0", "0", "0", "0", "0", "0", "0", "0", "0", "0", "0", "0", "0", "0", "0", "3", "0", "0", "0", "0", "0" ], "duration": 3609.0, "sum": 3 }, "geometry": { "type": "Point", "coordinates": [ -122.289908931150279, 47.720017984233593 ] } },
{ "type": "Feature", "properties": { "lat": 47.720094261619472, "lon": -122.29299257838704, "time_of_day": "Morning", "causation": [ "0", "0", "0", "0", "0", "0", "0", "0", "0", "0", "0", "0", "0", "0", "0", "0", "0", "0", "1", "0", "0", "0", "0", "0" ], "duration": 329.0, "sum": 1 }, "geometry": { "type": "Point", "coordinates": [ -122.292992578387043, 47.720094261619472 ] } },
{ "type": "Feature", "properties": { "lat": 47.720377334384771, "lon": -122.28078834054692, "time_of_day": "Morning", "causation": [ "0", "0", "0", "0", "0", "0", "0", "0", "0", "0", "0", "0", "0", "0", "0", "0", "0", "0", "0", "0", "1", "0", "0", "0" ], "duration": 1299.0, "sum": 1 }, "geometry": { "type": "Point", "coordinates": [ -122.28078834054692, 47.720377334384771 ] } },
{ "type": "Feature", "properties": { "lat": 47.720588688393946, "lon": -122.28088362666487, "time_of_day": "Morning", "causation": [ "0", "0", "0", "0", "0", "0", "0", "0", "0", "0", "0", "0", "0", "0", "0", "0", "0", "0", "0", "0", "1", "0", "0", "0" ], "duration": 1299.0, "sum": 1 }, "geometry": { "type": "Point", "coordinates": [ -122.280883626664874, 47.720588688393946 ] } },
{ "type": "Feature", "properties": { "lat": 47.720755603050122, "lon": -122.28097433447968, "time_of_day": "Morning", "causation": [ "0", "0", "0", "0", "0", "0", "0", "0", "0", "0", "0", "0", "0", "0", "0", "0", "0", "0", "0", "0", "1", "0", "0", "0" ], "duration": 1299.0, "sum": 1 }, "geometry": { "type": "Point", "coordinates": [ -122.28097433447968, 47.720755603050122 ] } },
{ "type": "Feature", "properties": { "lat": 47.720891050712403, "lon": -122.28160982780634, "time_of_day": "Morning", "causation": [ "0", "0", "0", "0", "0", "0", "0", "0", "0", "0", "0", "0", "0", "0", "0", "0", "0", "0", "0", "0", "1", "0", "0", "0" ], "duration": 1299.0, "sum": 1 }, "geometry": { "type": "Point", "coordinates": [ -122.281609827806335, 47.720891050712403 ] } },
{ "type": "Feature", "properties": { "lat": 47.720913948935838, "lon": -122.280924831852, "time_of_day": "Morning", "causation": [ "0", "0", "0", "0", "0", "0", "0", "0", "0", "0", "0", "0", "0", "0", "0", "0", "0", "0", "0", "0", "1", "0", "0", "0" ], "duration": 1299.0, "sum": 1 }, "geometry": { "type": "Point", "coordinates": [ -122.280924831852005, 47.720913948935838 ] } },
{ "type": "Feature", "properties": { "lat": 47.721047918749768, "lon": -122.28096757967356, "time_of_day": "Morning", "causation": [ "0", "0", "0", "0", "0", "0", "0", "0", "0", "0", "0", "0", "0", "0", "0", "0", "0", "0", "0", "0", "1", "0", "0", "0" ], "duration": 1299.0, "sum": 1 }, "geometry": { "type": "Point", "coordinates": [ -122.280967579673558, 47.721047918749768 ] } },
{ "type": "Feature", "properties": { "lat": 47.721179631039107, "lon": -122.28099331216156, "time_of_day": "Morning", "causation": [ "0", "0", "0", "0", "0", "0", "0", "0", "0", "0", "0", "0", "0", "0", "0", "0", "0", "0", "0", "0", "1", "0", "0", "0" ], "duration": 1299.0, "sum": 1 }, "geometry": { "type": "Point", "coordinates": [ -122.280993312161556, 47.721179631039107 ] } },
{ "type": "Feature", "properties": { "lat": 47.721312501881812, "lon": -122.28100927607376, "time_of_day": "Morning", "causation": [ "0", "0", "0", "0", "0", "0", "0", "0", "0", "0", "0", "0", "0", "0", "0", "0", "0", "0", "0", "0", "1", "0", "0", "0" ], "duration": 1299.0, "sum": 1 }, "geometry": { "type": "Point", "coordinates": [ -122.28100927607376, 47.721312501881812 ] } },
{ "type": "Feature", "properties": { "lat": 47.72145970060884, "lon": -122.28106916720164, "time_of_day": "Morning", "causation": [ "0", "0", "0", "0", "0", "0", "0", "0", "0", "0", "0", "0", "0", "0", "0", "0", "0", "0", "0", "0", "1", "0", "0", "0" ], "duration": 1299.0, "sum": 1 }, "geometry": { "type": "Point", "coordinates": [ -122.281069167201636, 47.72145970060884 ] } },
{ "type": "Feature", "properties": { "lat": 47.721717142293272, "lon": -122.28118089830768, "time_of_day": "Morning", "causation": [ "0", "0", "0", "0", "0", "0", "0", "0", "0", "0", "0", "0", "0", "0", "0", "0", "0", "0", "0", "0", "1", "0", "0", "0" ], "duration": 1299.0, "sum": 1 }, "geometry": { "type": "Point", "coordinates": [ -122.281180898307682, 47.721717142293272 ] } },
{ "type": "Feature", "properties": { "lat": 47.721869471294383, "lon": -122.28119931528974, "time_of_day": "Morning", "causation": [ "0", "0", "0", "0", "0", "0", "0", "0", "0", "0", "0", "0", "0", "0", "0", "0", "0", "0", "0", "0", "1", "0", "0", "0" ], "duration": 1299.0, "sum": 1 }, "geometry": { "type": "Point", "coordinates": [ -122.28119931528974, 47.721869471294383 ] } },
{ "type": "Feature", "properties": { "lat": 47.722004229063664, "lon": -122.28124370385112, "time_of_day": "Morning", "causation": [ "0", "0", "0", "0", "0", "0", "0", "0", "0", "0", "0", "0", "0", "0", "0", "0", "0", "0", "0", "0", "1", "0", "0", "0" ], "duration": 1299.0, "sum": 1 }, "geometry": { "type": "Point", "coordinates": [ -122.281243703851118, 47.722004229063664 ] } },
{ "type": "Feature", "properties": { "lat": 47.722255541509902, "lon": -122.28119917444336, "time_of_day": "Morning", "causation": [ "0", "0", "0", "0", "0", "0", "0", "0", "0", "0", "0", "0", "0", "0", "0", "0", "0", "0", "0", "0", "1", "0", "0", "0" ], "duration": 1299.0, "sum": 1 }, "geometry": { "type": "Point", "coordinates": [ -122.281199174443358, 47.722255541509902 ] } },
{ "type": "Feature", "properties": { "lat": 47.722435484144597, "lon": -122.28122585076756, "time_of_day": "Morning", "causation": [ "0", "0", "0", "0", "0", "0", "0", "0", "0", "0", "0", "0", "0", "0", "0", "0", "0", "0", "0", "0", "1", "0", "0", "0" ], "duration": 1299.0, "sum": 1 }, "geometry": { "type": "Point", "coordinates": [ -122.281225850767555, 47.722435484144597 ] } },
{ "type": "Feature", "properties": { "lat": 47.722566815678483, "lon": -122.2812306020799, "time_of_day": "Morning", "causation": [ "0", "0", "0", "0", "0", "0", "0", "0", "0", "0", "0", "0", "0", "0", "0", "0", "0", "0", "0", "0", "1", "0", "0", "0" ], "duration": 1299.0, "sum": 1 }, "geometry": { "type": "Point", "coordinates": [ -122.281230602079901, 47.722566815678483 ] } },
{ "type": "Feature", "properties": { "lat": 47.722691993534397, "lon": -122.28122895240089, "time_of_day": "Morning", "causation": [ "0", "0", "0", "0", "0", "0", "0", "0", "0", "0", "0", "0", "0", "0", "0", "0", "0", "0", "0", "0", "1", "0", "0", "0" ], "duration": 1299.0, "sum": 1 }, "geometry": { "type": "Point", "coordinates": [ -122.281228952400895, 47.722691993534397 ] } },
{ "type": "Feature", "properties": { "lat": 47.723133989083394, "lon": -122.28100504180124, "time_of_day": "Morning", "causation": [ "0", "0", "0", "0", "0", "0", "0", "0", "0", "0", "0", "0", "0", "0", "0", "0", "0", "0", "0", "0", "1", "0", "0", "0" ], "duration": 1299.0, "sum": 1 }, "geometry": { "type": "Point", "coordinates": [ -122.281005041801237, 47.723133989083394 ] } },
{ "type": "Feature", "properties": { "lat": 47.723275990746544, "lon": -122.28102268318892, "time_of_day": "Morning", "causation": [ "0", "0", "0", "0", "0", "0", "0", "0", "0", "0", "0", "0", "0", "0", "0", "0", "0", "0", "0", "0", "1", "0", "0", "0" ], "duration": 1299.0, "sum": 1 }, "geometry": { "type": "Point", "coordinates": [ -122.281022683188922, 47.723275990746544 ] } },
{ "type": "Feature", "properties": { "lat": 47.723413235194101, "lon": -122.28094942744504, "time_of_day": "Morning", "causation": [ "0", "0", "0", "0", "0", "0", "0", "0", "0", "0", "0", "0", "0", "0", "0", "0", "0", "0", "0", "0", "1", "0", "0", "0" ], "duration": 1299.0, "sum": 1 }, "geometry": { "type": "Point", "coordinates": [ -122.280949427445037, 47.723413235194101 ] } },
{ "type": "Feature", "properties": { "lat": 47.723557379043662, "lon": -122.28090303315226, "time_of_day": "Morning", "causation": [ "0", "0", "0", "0", "0", "0", "0", "0", "0", "0", "0", "0", "0", "0", "0", "0", "0", "0", "0", "0", "1", "0", "0", "0" ], "duration": 1299.0, "sum": 1 }, "geometry": { "type": "Point", "coordinates": [ -122.280903033152256, 47.723557379043662 ] } },
{ "type": "Feature", "properties": { "lat": 47.723761035116873, "lon": -122.28079508397092, "time_of_day": "Morning", "causation": [ "0", "0", "0", "0", "0", "0", "0", "0", "0", "0", "0", "0", "0", "0", "0", "0", "0", "0", "0", "0", "1", "0", "0", "0" ], "duration": 1299.0, "sum": 1 }, "geometry": { "type": "Point", "coordinates": [ -122.280795083970915, 47.723761035116873 ] } },
{ "type": "Feature", "properties": { "lat": 47.724019952130405, "lon": -122.28073469928668, "time_of_day": "Morning", "causation": [ "0", "0", "0", "0", "0", "0", "0", "0", "0", "0", "0", "0", "0", "0", "0", "0", "0", "0", "0", "0", "1", "0", "0", "0" ], "duration": 1299.0, "sum": 1 }, "geometry": { "type": "Point", "coordinates": [ -122.280734699286683, 47.724019952130405 ] } },
{ "type": "Feature", "properties": { "lat": 47.724215125574162, "lon": -122.28059660347368, "time_of_day": "Morning", "causation": [ "0", "0", "0", "0", "0", "0", "0", "0", "0", "0", "0", "0", "0", "0", "0", "0", "0", "0", "0", "0", "1", "0", "0", "0" ], "duration": 1299.0, "sum": 1 }, "geometry": { "type": "Point", "coordinates": [ -122.280596603473683, 47.724215125574162 ] } },
{ "type": "Feature", "properties": { "lat": 47.724388517777577, "lon": -122.28057505533413, "time_of_day": "Morning", "causation": [ "0", "0", "0", "0", "0", "0", "0", "0", "0", "0", "0", "0", "0", "0", "0", "0", "0", "0", "0", "0", "1", "0", "0", "0" ], "duration": 1299.0, "sum": 1 }, "geometry": { "type": "Point", "coordinates": [ -122.280575055334126, 47.724388517777577 ] } },
{ "type": "Feature", "properties": { "lat": 47.72450767565325, "lon": -122.28060853339063, "time_of_day": "Morning", "causation": [ "0", "0", "0", "0", "0", "0", "0", "0", "0", "0", "0", "0", "0", "0", "0", "0", "0", "0", "0", "0", "1", "0", "0", "0" ], "duration": 1299.0, "sum": 1 }, "geometry": { "type": "Point", "coordinates": [ -122.280608533390634, 47.72450767565325 ] } },
{ "type": "Feature", "properties": { "lat": 47.724649561041851, "lon": -122.28061675939574, "time_of_day": "Morning", "causation": [ "0", "0", "0", "0", "0", "0", "0", "0", "0", "0", "0", "0", "0", "0", "0", "0", "0", "0", "0", "0", "1", "0", "0", "0" ], "duration": 1299.0, "sum": 1 }, "geometry": { "type": "Point", "coordinates": [ -122.280616759395741, 47.724649561041851 ] } },
{ "type": "Feature", "properties": { "lat": 47.724766297898135, "lon": -122.280500020351, "time_of_day": "Morning", "causation": [ "0", "0", "0", "0", "0", "0", "0", "0", "0", "0", "0", "0", "0", "0", "0", "0", "0", "0", "0", "0", "1", "0", "0", "0" ], "duration": 1299.0, "sum": 1 }, "geometry": { "type": "Point", "coordinates": [ -122.280500020350999, 47.724766297898135 ] } },
{ "type": "Feature", "properties": { "lat": 47.725185533758847, "lon": -122.28038588839064, "time_of_day": "Morning", "causation": [ "0", "0", "0", "0", "0", "0", "0", "0", "0", "0", "0", "0", "0", "0", "0", "0", "0", "0", "0", "0", "1", "0", "0", "0" ], "duration": 1299.0, "sum": 1 }, "geometry": { "type": "Point", "coordinates": [ -122.28038588839064, 47.725185533758847 ] } },
{ "type": "Feature", "properties": { "lat": 47.725390713010256, "lon": -122.28031750440206, "time_of_day": "Morning", "causation": [ "0", "0", "0", "0", "0", "0", "0", "0", "0", "0", "0", "0", "0", "0", "0", "0", "0", "0", "0", "0", "1", "0", "0", "0" ], "duration": 1299.0, "sum": 1 }, "geometry": { "type": "Point", "coordinates": [ -122.280317504402063, 47.725390713010256 ] } },
{ "type": "Feature", "properties": { "lat": 47.72560140502501, "lon": -122.28041782248332, "time_of_day": "Morning", "causation": [ "0", "0", "0", "0", "0", "0", "0", "0", "0", "0", "0", "0", "0", "0", "0", "0", "0", "0", "0", "0", "1", "0", "0", "0" ], "duration": 1299.0, "sum": 1 }, "geometry": { "type": "Point", "coordinates": [ -122.280417822483315, 47.72560140502501 ] } },
{ "type": "Feature", "properties": { "lat": 47.725753645056002, "lon": -122.2804116868076, "time_of_day": "Morning", "causation": [ "0", "0", "0", "0", "0", "0", "0", "0", "0", "0", "0", "0", "0", "0", "0", "0", "0", "0", "0", "0", "1", "0", "0", "0" ], "duration": 1299.0, "sum": 1 }, "geometry": { "type": "Point", "coordinates": [ -122.280411686807597, 47.725753645056002 ] } },
{ "type": "Feature", "properties": { "lat": 47.725906310543678, "lon": -122.28045914815768, "time_of_day": "Morning", "causation": [ "0", "0", "0", "0", "0", "0", "0", "0", "0", "0", "0", "0", "0", "0", "0", "0", "0", "0", "0", "0", "1", "0", "0", "0" ], "duration": 1299.0, "sum": 1 }, "geometry": { "type": "Point", "coordinates": [ -122.280459148157675, 47.725906310543678 ] } },
{ "type": "Feature", "properties": { "lat": 47.726176805702401, "lon": -122.28055482371354, "time_of_day": "Morning", "causation": [ "0", "0", "0", "0", "0", "0", "0", "0", "0", "0", "0", "0", "0", "0", "0", "0", "0", "0", "0", "0", "1", "0", "0", "0" ], "duration": 1299.0, "sum": 1 }, "geometry": { "type": "Point", "coordinates": [ -122.280554823713544, 47.726176805702401 ] } },
{ "type": "Feature", "properties": { "lat": 47.726504466533129, "lon": -122.28061429200646, "time_of_day": "Morning", "causation": [ "0", "0", "0", "0", "0", "0", "0", "0", "0", "0", "0", "0", "0", "0", "0", "0", "0", "0", "0", "0", "1", "0", "0", "0" ], "duration": 1299.0, "sum": 1 }, "geometry": { "type": "Point", "coordinates": [ -122.280614292006462, 47.726504466533129 ] } },
{ "type": "Feature", "properties": { "lat": 47.726639553192243, "lon": -122.28073735211083, "time_of_day": "Morning", "causation": [ "0", "0", "0", "0", "0", "0", "0", "0", "0", "0", "0", "0", "0", "0", "0", "0", "0", "0", "0", "0", "1", "0", "0", "0" ], "duration": 1299.0, "sum": 1 }, "geometry": { "type": "Point", "coordinates": [ -122.280737352110833, 47.726639553192243 ] } },
{ "type": "Feature", "properties": { "lat": 47.726747116180285, "lon": -122.28077257317727, "time_of_day": "Morning", "causation": [ "0", "0", "0", "0", "0", "0", "0", "0", "0", "0", "0", "0", "0", "0", "0", "0", "0", "0", "0", "0", "1", "0", "0", "0" ], "duration": 1299.0, "sum": 1 }, "geometry": { "type": "Point", "coordinates": [ -122.280772573177273, 47.726747116180285 ] } },
{ "type": "Feature", "properties": { "lat": 47.726895623031659, "lon": -122.2808438445774, "time_of_day": "Morning", "causation": [ "0", "0", "0", "0", "0", "0", "0", "0", "0", "0", "0", "0", "0", "0", "0", "0", "0", "0", "0", "0", "1", "0", "0", "0" ], "duration": 1299.0, "sum": 1 }, "geometry": { "type": "Point", "coordinates": [ -122.280843844577404, 47.726895623031659 ] } },
{ "type": "Feature", "properties": { "lat": 47.727089987641577, "lon": -122.2809359951374, "time_of_day": "Morning", "causation": [ "0", "0", "0", "0", "0", "0", "0", "0", "0", "0", "0", "0", "0", "0", "0", "0", "0", "0", "0", "0", "1", "0", "0", "0" ], "duration": 1299.0, "sum": 1 }, "geometry": { "type": "Point", "coordinates": [ -122.280935995137398, 47.727089987641577 ] } },
{ "type": "Feature", "properties": { "lat": 47.72728462878532, "lon": -122.2810116262043, "time_of_day": "Morning", "causation": [ "0", "0", "0", "0", "0", "0", "0", "0", "0", "0", "0", "0", "0", "0", "0", "0", "0", "0", "0", "0", "1", "0", "0", "0" ], "duration": 1299.0, "sum": 1 }, "geometry": { "type": "Point", "coordinates": [ -122.281011626204304, 47.72728462878532 ] } },
{ "type": "Feature", "properties": { "lat": 47.727398122591232, "lon": -122.28107265694796, "time_of_day": "Morning", "causation": [ "0", "0", "0", "0", "0", "0", "0", "0", "0", "0", "0", "0", "0", "0", "0", "0", "0", "0", "0", "0", "1", "0", "0", "0" ], "duration": 1299.0, "sum": 1 }, "geometry": { "type": "Point", "coordinates": [ -122.281072656947956, 47.727398122591232 ] } },
{ "type": "Feature", "properties": { "lat": 47.727526365108801, "lon": -122.2811512043029, "time_of_day": "Morning", "causation": [ "0", "0", "0", "0", "0", "0", "0", "0", "0", "0", "0", "0", "0", "0", "0", "0", "0", "0", "0", "0", "1", "0", "0", "0" ], "duration": 1299.0, "sum": 1 }, "geometry": { "type": "Point", "coordinates": [ -122.281151204302901, 47.727526365108801 ] } },
{ "type": "Feature", "properties": { "lat": 47.727632387383125, "lon": -122.28123853222836, "time_of_day": "Morning", "causation": [ "0", "0", "0", "0", "0", "0", "0", "0", "0", "0", "0", "0", "0", "0", "0", "0", "0", "0", "0", "0", "1", "0", "0", "0" ], "duration": 1299.0, "sum": 1 }, "geometry": { "type": "Point", "coordinates": [ -122.281238532228357, 47.727632387383125 ] } },
{ "type": "Feature", "properties": { "lat": 47.727806113312852, "lon": -122.28132832182077, "time_of_day": "Morning", "causation": [ "0", "0", "0", "0", "0", "0", "0", "0", "0", "0", "0", "0", "0", "0", "0", "0", "0", "0", "0", "0", "1", "0", "0", "0" ], "duration": 1299.0, "sum": 1 }, "geometry": { "type": "Point", "coordinates": [ -122.281328321820766, 47.727806113312852 ] } },
{ "type": "Feature", "properties": { "lat": 47.72793728347601, "lon": -122.28134841487852, "time_of_day": "Morning", "causation": [ "0", "0", "0", "0", "0", "0", "0", "0", "0", "0", "0", "0", "0", "0", "0", "0", "0", "0", "0", "0", "1", "0", "0", "0" ], "duration": 1299.0, "sum": 1 }, "geometry": { "type": "Point", "coordinates": [ -122.281348414878522, 47.72793728347601 ] } },
{ "type": "Feature", "properties": { "lat": 47.728029562141323, "lon": -122.2814111840424, "time_of_day": "Morning", "causation": [ "0", "0", "0", "0", "0", "0", "0", "0", "0", "0", "0", "0", "0", "0", "0", "0", "0", "0", "0", "0", "1", "0", "0", "0" ], "duration": 1299.0, "sum": 1 }, "geometry": { "type": "Point", "coordinates": [ -122.281411184042398, 47.728029562141323 ] } },
{ "type": "Feature", "properties": { "lat": 47.728173878622165, "lon": -122.28143700040108, "time_of_day": "Morning", "causation": [ "0", "0", "0", "0", "0", "0", "0", "0", "0", "0", "0", "0", "0", "0", "0", "0", "0", "0", "0", "0", "1", "0", "0", "0" ], "duration": 1299.0, "sum": 1 }, "geometry": { "type": "Point", "coordinates": [ -122.281437000401084, 47.728173878622165 ] } },
{ "type": "Feature", "properties": { "lat": 47.728316489279322, "lon": -122.2815655840764, "time_of_day": "Morning", "causation": [ "0", "0", "0", "0", "0", "0", "0", "0", "0", "0", "0", "0", "0", "0", "0", "0", "0", "0", "0", "0", "1", "0", "0", "0" ], "duration": 1299.0, "sum": 1 }, "geometry": { "type": "Point", "coordinates": [ -122.281565584076404, 47.728316489279322 ] } },
{ "type": "Feature", "properties": { "lat": 47.728462102654838, "lon": -122.28167733787863, "time_of_day": "Morning", "causation": [ "0", "0", "0", "0", "0", "0", "0", "0", "0", "0", "0", "0", "0", "0", "0", "0", "0", "0", "0", "0", "1", "0", "0", "0" ], "duration": 1299.0, "sum": 1 }, "geometry": { "type": "Point", "coordinates": [ -122.281677337878634, 47.728462102654838 ] } },
{ "type": "Feature", "properties": { "lat": 47.728532284297074, "lon": -122.28176013691387, "time_of_day": "Morning", "causation": [ "0", "0", "0", "0", "0", "0", "0", "0", "0", "0", "0", "0", "0", "0", "0", "0", "0", "0", "0", "0", "2", "0", "0", "0" ], "duration": 2598.0, "sum": 2 }, "geometry": { "type": "Point", "coordinates": [ -122.281760136913874, 47.728532284297074 ] } },
{ "type": "Feature", "properties": { "lat": 47.728830818499326, "lon": -122.2818214079192, "time_of_day": "Morning", "causation": [ "0", "0", "0", "0", "0", "0", "0", "0", "0", "0", "0", "0", "0", "0", "0", "0", "0", "0", "0", "0", "1", "0", "0", "0" ], "duration": 1299.0, "sum": 1 }, "geometry": { "type": "Point", "coordinates": [ -122.281821407919196, 47.728830818499326 ] } },
{ "type": "Feature", "properties": { "lat": 47.728833445218747, "lon": -122.34863681236064, "time_of_day": "Late Night", "causation": [ "0", "0", "0", "0", "0", "0", "0", "0", "69", "0", "0", "0", "0", "0", "0", "0", "0", "0", "0", "0", "0", "0", "0", "0" ], "duration": 16146.0, "sum": 69 }, "geometry": { "type": "Point", "coordinates": [ -122.348636812360638, 47.728833445218747 ] } },
{ "type": "Feature", "properties": { "lat": 47.728833518038691, "lon": -122.28247961567472, "time_of_day": "Morning", "causation": [ "0", "0", "0", "0", "0", "0", "0", "0", "0", "0", "0", "0", "0", "0", "0", "0", "0", "0", "0", "0", "1", "0", "0", "0" ], "duration": 1299.0, "sum": 1 }, "geometry": { "type": "Point", "coordinates": [ -122.282479615674717, 47.728833518038691 ] } },
{ "type": "Feature", "properties": { "lat": 47.729036703172483, "lon": -122.28192446979938, "time_of_day": "Morning", "causation": [ "0", "0", "0", "0", "0", "0", "0", "0", "0", "0", "0", "0", "0", "0", "0", "0", "0", "0", "0", "0", "1", "0", "0", "0" ], "duration": 1299.0, "sum": 1 }, "geometry": { "type": "Point", "coordinates": [ -122.281924469799378, 47.729036703172483 ] } },
{ "type": "Feature", "properties": { "lat": 47.729193008211062, "lon": -122.28211738700293, "time_of_day": "Morning", "causation": [ "0", "0", "0", "0", "0", "0", "0", "0", "0", "0", "0", "0", "0", "0", "0", "0", "0", "0", "0", "0", "3", "0", "0", "0" ], "duration": 3897.0, "sum": 3 }, "geometry": { "type": "Point", "coordinates": [ -122.282117387002927, 47.729193008211062 ] } },
{ "type": "Feature", "properties": { "lat": 47.729251572342967, "lon": -122.34835273787591, "time_of_day": "Late Night", "causation": [ "0", "0", "0", "0", "0", "0", "0", "0", "50", "0", "0", "0", "0", "0", "0", "0", "0", "0", "0", "0", "0", "0", "0", "0" ], "duration": 15900.0, "sum": 50 }, "geometry": { "type": "Point", "coordinates": [ -122.348352737875913, 47.729251572342967 ] } },
{ "type": "Feature", "properties": { "lat": 47.729394318218269, "lon": -122.28206544953478, "time_of_day": "Morning", "causation": [ "0", "0", "0", "0", "0", "0", "0", "0", "0", "0", "0", "0", "0", "0", "0", "0", "0", "0", "0", "0", "2", "0", "0", "0" ], "duration": 2598.0, "sum": 2 }, "geometry": { "type": "Point", "coordinates": [ -122.282065449534784, 47.729394318218269 ] } },
{ "type": "Feature", "properties": { "lat": 47.729932766211554, "lon": -122.28202590253964, "time_of_day": "Morning", "causation": [ "0", "0", "0", "0", "0", "0", "0", "0", "0", "0", "0", "0", "0", "0", "0", "0", "0", "0", "0", "0", "1", "0", "0", "0" ], "duration": 1299.0, "sum": 1 }, "geometry": { "type": "Point", "coordinates": [ -122.282025902539644, 47.729932766211554 ] } },
{ "type": "Feature", "properties": { "lat": 47.730053054536008, "lon": -122.28192542904428, "time_of_day": "Morning", "causation": [ "0", "0", "0", "0", "0", "0", "0", "0", "0", "0", "0", "0", "0", "0", "0", "0", "0", "0", "0", "0", "1", "0", "0", "0" ], "duration": 1299.0, "sum": 1 }, "geometry": { "type": "Point", "coordinates": [ -122.281925429044279, 47.730053054536008 ] } },
{ "type": "Feature", "properties": { "lat": 47.730159160697056, "lon": -122.2818761941482, "time_of_day": "Morning", "causation": [ "0", "0", "0", "0", "0", "0", "0", "0", "0", "0", "0", "0", "0", "0", "0", "0", "0", "0", "0", "0", "1", "0", "0", "0" ], "duration": 1299.0, "sum": 1 }, "geometry": { "type": "Point", "coordinates": [ -122.281876194148197, 47.730159160697056 ] } },
{ "type": "Feature", "properties": { "lat": 47.730288065625096, "lon": -122.28194527233448, "time_of_day": "Morning", "causation": [ "0", "0", "0", "0", "0", "0", "0", "0", "0", "0", "0", "0", "0", "0", "0", "0", "0", "0", "0", "0", "1", "0", "0", "0" ], "duration": 1299.0, "sum": 1 }, "geometry": { "type": "Point", "coordinates": [ -122.281945272334482, 47.730288065625096 ] } },
{ "type": "Feature", "properties": { "lat": 47.730460344340194, "lon": -122.28190893003452, "time_of_day": "Morning", "causation": [ "0", "0", "0", "0", "0", "0", "0", "0", "0", "0", "0", "0", "0", "0", "0", "0", "0", "0", "0", "0", "1", "0", "0", "0" ], "duration": 1299.0, "sum": 1 }, "geometry": { "type": "Point", "coordinates": [ -122.281908930034518, 47.730460344340194 ] } },
{ "type": "Feature", "properties": { "lat": 47.730547006621897, "lon": -122.28188385821736, "time_of_day": "Morning", "causation": [ "0", "0", "0", "0", "0", "0", "0", "0", "0", "0", "0", "0", "0", "0", "0", "0", "0", "0", "0", "0", "1", "0", "0", "0" ], "duration": 1299.0, "sum": 1 }, "geometry": { "type": "Point", "coordinates": [ -122.281883858217356, 47.730547006621897 ] } },
{ "type": "Feature", "properties": { "lat": 47.730782529565403, "lon": -122.28185653474466, "time_of_day": "Morning", "causation": [ "0", "0", "0", "0", "0", "0", "0", "0", "0", "0", "0", "0", "0", "0", "0", "0", "0", "0", "0", "0", "2", "0", "0", "0" ], "duration": 2598.0, "sum": 2 }, "geometry": { "type": "Point", "coordinates": [ -122.281856534744662, 47.730782529565403 ] } },
{ "type": "Feature", "properties": { "lat": 47.731036651341547, "lon": -122.28172463793446, "time_of_day": "Morning", "causation": [ "0", "0", "0", "0", "0", "0", "0", "0", "0", "0", "0", "0", "0", "0", "0", "0", "0", "0", "0", "0", "1", "0", "0", "0" ], "duration": 1299.0, "sum": 1 }, "geometry": { "type": "Point", "coordinates": [ -122.28172463793446, 47.731036651341547 ] } },
{ "type": "Feature", "properties": { "lat": 47.731194927433442, "lon": -122.28167958427773, "time_of_day": "Morning", "causation": [ "0", "0", "0", "0", "0", "0", "0", "0", "0", "0", "0", "0", "0", "0", "0", "0", "0", "0", "0", "0", "1", "0", "0", "0" ], "duration": 1299.0, "sum": 1 }, "geometry": { "type": "Point", "coordinates": [ -122.281679584277725, 47.731194927433442 ] } },
{ "type": "Feature", "properties": { "lat": 47.731385612629403, "lon": -122.2819446204588, "time_of_day": "Morning", "causation": [ "0", "0", "0", "0", "0", "0", "0", "0", "0", "0", "0", "0", "0", "0", "0", "0", "0", "0", "0", "0", "1", "0", "0", "0" ], "duration": 1299.0, "sum": 1 }, "geometry": { "type": "Point", "coordinates": [ -122.281944620458802, 47.731385612629403 ] } },
{ "type": "Feature", "properties": { "lat": 47.731574155584966, "lon": -122.28192822331944, "time_of_day": "Morning", "causation": [ "0", "0", "0", "0", "0", "0", "0", "0", "0", "0", "0", "0", "0", "0", "0", "0", "0", "0", "0", "0", "1", "0", "0", "0" ], "duration": 1299.0, "sum": 1 }, "geometry": { "type": "Point", "coordinates": [ -122.28192822331944, 47.731574155584966 ] } },
{ "type": "Feature", "properties": { "lat": 47.731795075881145, "lon": -122.28215833261204, "time_of_day": "Morning", "causation": [ "0", "0", "0", "0", "0", "0", "0", "0", "0", "0", "0", "0", "0", "0", "0", "0", "0", "0", "0", "0", "1", "0", "0", "0" ], "duration": 1299.0, "sum": 1 }, "geometry": { "type": "Point", "coordinates": [ -122.282158332612042, 47.731795075881145 ] } },
{ "type": "Feature", "properties": { "lat": 47.731944969986166, "lon": -122.28222508947457, "time_of_day": "Morning", "causation": [ "0", "0", "0", "0", "0", "0", "0", "0", "0", "0", "0", "0", "0", "0", "0", "0", "0", "0", "0", "0", "1", "0", "0", "0" ], "duration": 1299.0, "sum": 1 }, "geometry": { "type": "Point", "coordinates": [ -122.282225089474565, 47.731944969986166 ] } },
{ "type": "Feature", "properties": { "lat": 47.732058561582726, "lon": -122.28238085317555, "time_of_day": "Morning", "causation": [ "0", "0", "0", "0", "0", "0", "0", "0", "0", "0", "0", "0", "0", "0", "0", "0", "0", "0", "0", "0", "1", "0", "0", "0" ], "duration": 1299.0, "sum": 1 }, "geometry": { "type": "Point", "coordinates": [ -122.282380853175553, 47.732058561582726 ] } },
{ "type": "Feature", "properties": { "lat": 47.732227783009854, "lon": -122.28261123838486, "time_of_day": "Morning", "causation": [ "0", "0", "0", "0", "0", "0", "0", "0", "0", "0", "0", "0", "0", "0", "0", "0", "0", "0", "0", "0", "1", "0", "0", "0" ], "duration": 1299.0, "sum": 1 }, "geometry": { "type": "Point", "coordinates": [ -122.28261123838486, 47.732227783009854 ] } },
{ "type": "Feature", "properties": { "lat": 47.732428075688816, "lon": -122.28287098348784, "time_of_day": "Morning", "causation": [ "0", "0", "0", "0", "0", "0", "0", "0", "0", "0", "0", "0", "0", "0", "0", "0", "0", "0", "0", "0", "1", "0", "0", "0" ], "duration": 1299.0, "sum": 1 }, "geometry": { "type": "Point", "coordinates": [ -122.28287098348784, 47.732428075688816 ] } },
{ "type": "Feature", "properties": { "lat": 47.732643685174338, "lon": -122.28315871043915, "time_of_day": "Morning", "causation": [ "0", "0", "0", "0", "0", "0", "0", "0", "0", "0", "0", "0", "0", "0", "0", "0", "0", "0", "0", "0", "1", "0", "0", "0" ], "duration": 1299.0, "sum": 1 }, "geometry": { "type": "Point", "coordinates": [ -122.283158710439153, 47.732643685174338 ] } },
{ "type": "Feature", "properties": { "lat": 47.732791495834753, "lon": -122.2834494840714, "time_of_day": "Morning", "causation": [ "0", "0", "0", "0", "0", "0", "0", "0", "0", "0", "0", "0", "0", "0", "0", "0", "0", "0", "0", "0", "1", "0", "0", "0" ], "duration": 1299.0, "sum": 1 }, "geometry": { "type": "Point", "coordinates": [ -122.283449484071397, 47.732791495834753 ] } },
{ "type": "Feature", "properties": { "lat": 47.732897022189782, "lon": -122.28356665216702, "time_of_day": "Morning", "causation": [ "0", "0", "0", "0", "0", "0", "0", "0", "0", "0", "0", "0", "0", "0", "0", "0", "0", "0", "0", "0", "2", "0", "0", "0" ], "duration": 2598.0, "sum": 2 }, "geometry": { "type": "Point", "coordinates": [ -122.283566652167025, 47.732897022189782 ] } },
{ "type": "Feature", "properties": { "lat": 47.733026647561921, "lon": -122.28367676769956, "time_of_day": "Morning", "causation": [ "0", "0", "0", "0", "0", "0", "0", "0", "0", "0", "0", "0", "0", "0", "0", "0", "0", "0", "0", "0", "1", "0", "0", "0" ], "duration": 1299.0, "sum": 1 }, "geometry": { "type": "Point", "coordinates": [ -122.283676767699561, 47.733026647561921 ] } },
{ "type": "Feature", "properties": { "lat": 47.733104288027945, "lon": -122.28385986194486, "time_of_day": "Morning", "causation": [ "0", "0", "0", "0", "0", "0", "0", "0", "0", "0", "0", "0", "0", "0", "0", "0", "0", "0", "0", "0", "1", "0", "0", "0" ], "duration": 1299.0, "sum": 1 }, "geometry": { "type": "Point", "coordinates": [ -122.283859861944862, 47.733104288027945 ] } },
{ "type": "Feature", "properties": { "lat": 47.733318020945418, "lon": -122.28383082764982, "time_of_day": "Morning", "causation": [ "0", "0", "0", "0", "0", "0", "0", "0", "0", "0", "0", "0", "0", "0", "0", "0", "0", "0", "0", "0", "1", "0", "0", "0" ], "duration": 1299.0, "sum": 1 }, "geometry": { "type": "Point", "coordinates": [ -122.283830827649822, 47.733318020945418 ] } },
{ "type": "Feature", "properties": { "lat": 47.73339858429015, "lon": -122.28414387820814, "time_of_day": "Morning", "causation": [ "0", "0", "0", "0", "0", "0", "0", "0", "0", "0", "0", "0", "0", "0", "0", "0", "0", "0", "0", "0", "1", "0", "0", "0" ], "duration": 1299.0, "sum": 1 }, "geometry": { "type": "Point", "coordinates": [ -122.284143878208141, 47.73339858429015 ] } },
{ "type": "Feature", "properties": { "lat": 47.733547098539887, "lon": -122.28424446482391, "time_of_day": "Morning", "causation": [ "0", "0", "0", "0", "0", "0", "0", "0", "0", "0", "0", "0", "0", "0", "0", "0", "0", "0", "0", "0", "1", "0", "0", "0" ], "duration": 1299.0, "sum": 1 }, "geometry": { "type": "Point", "coordinates": [ -122.284244464823914, 47.733547098539887 ] } },
{ "type": "Feature", "properties": { "lat": 47.733667097221335, "lon": -122.28429279550272, "time_of_day": "Morning", "causation": [ "0", "0", "0", "0", "0", "0", "0", "0", "0", "0", "0", "0", "0", "0", "0", "0", "0", "0", "0", "0", "1", "0", "0", "0" ], "duration": 1299.0, "sum": 1 }, "geometry": { "type": "Point", "coordinates": [ -122.284292795502722, 47.733667097221335 ] } },
{ "type": "Feature", "properties": { "lat": 47.733876575865331, "lon": -122.28442164007735, "time_of_day": "Morning", "causation": [ "0", "0", "0", "0", "0", "0", "0", "0", "0", "0", "0", "0", "0", "0", "0", "0", "0", "0", "0", "0", "1", "0", "0", "0" ], "duration": 1299.0, "sum": 1 }, "geometry": { "type": "Point", "coordinates": [ -122.284421640077355, 47.733876575865331 ] } },
{ "type": "Feature", "properties": { "lat": 47.734034942059083, "lon": -122.28444390578308, "time_of_day": "Morning", "causation": [ "0", "0", "0", "0", "0", "0", "0", "0", "0", "0", "0", "0", "0", "0", "0", "0", "0", "0", "0", "0", "1", "0", "0", "0" ], "duration": 1299.0, "sum": 1 }, "geometry": { "type": "Point", "coordinates": [ -122.284443905783078, 47.734034942059083 ] } },
{ "type": "Feature", "properties": { "lat": 47.73421994554743, "lon": -122.28436802412644, "time_of_day": "Morning", "causation": [ "0", "0", "0", "0", "0", "0", "0", "0", "0", "0", "0", "0", "0", "0", "0", "0", "0", "0", "0", "0", "1", "0", "0", "0" ], "duration": 1299.0, "sum": 1 }, "geometry": { "type": "Point", "coordinates": [ -122.284368024126437, 47.73421994554743 ] } },
{ "type": "Feature", "properties": { "lat": 47.734314043473681, "lon": -122.28449610795424, "time_of_day": "Morning", "causation": [ "0", "0", "0", "0", "0", "0", "0", "0", "0", "0", "0", "0", "0", "0", "0", "0", "0", "0", "0", "0", "1", "0", "0", "0" ], "duration": 1299.0, "sum": 1 }, "geometry": { "type": "Point", "coordinates": [ -122.28449610795424, 47.734314043473681 ] } },
{ "type": "Feature", "properties": { "lat": 47.734522221204017, "lon": -122.28460712432472, "time_of_day": "Morning", "causation": [ "0", "0", "0", "0", "0", "0", "0", "0", "0", "0", "0", "0", "0", "0", "0", "0", "0", "0", "0", "0", "1", "0", "0", "0" ], "duration": 1299.0, "sum": 1 }, "geometry": { "type": "Point", "coordinates": [ -122.284607124324722, 47.734522221204017 ] } },
{ "type": "Feature", "properties": { "lat": 47.734647697764139, "lon": -122.28464391638722, "time_of_day": "Morning", "causation": [ "0", "0", "0", "0", "0", "0", "0", "0", "0", "0", "0", "0", "0", "0", "0", "0", "0", "0", "0", "0", "1", "0", "0", "0" ], "duration": 1299.0, "sum": 1 }, "geometry": { "type": "Point", "coordinates": [ -122.284643916387225, 47.734647697764139 ] } },
{ "type": "Feature", "properties": { "lat": 47.734757843775661, "lon": -122.28465904709442, "time_of_day": "Morning", "causation": [ "0", "0", "0", "0", "0", "0", "0", "0", "0", "0", "0", "0", "0", "0", "0", "0", "0", "0", "0", "0", "1", "0", "0", "0" ], "duration": 1299.0, "sum": 1 }, "geometry": { "type": "Point", "coordinates": [ -122.284659047094422, 47.734757843775661 ] } },
{ "type": "Feature", "properties": { "lat": 47.735006366258297, "lon": -122.28477502597788, "time_of_day": "Morning", "causation": [ "0", "0", "0", "0", "0", "0", "0", "0", "0", "0", "0", "0", "0", "0", "0", "0", "0", "0", "0", "0", "1", "0", "0", "0" ], "duration": 1299.0, "sum": 1 }, "geometry": { "type": "Point", "coordinates": [ -122.284775025977879, 47.735006366258297 ] } },
{ "type": "Feature", "properties": { "lat": 47.735209529905127, "lon": -122.28488663636058, "time_of_day": "Morning", "causation": [ "0", "0", "0", "0", "0", "0", "0", "0", "0", "0", "0", "0", "0", "0", "0", "0", "0", "0", "0", "0", "1", "0", "0", "0" ], "duration": 1299.0, "sum": 1 }, "geometry": { "type": "Point", "coordinates": [ -122.284886636360582, 47.735209529905127 ] } },
{ "type": "Feature", "properties": { "lat": 47.735386493917787, "lon": -122.28499148722116, "time_of_day": "Morning", "causation": [ "0", "0", "0", "0", "0", "0", "0", "0", "0", "0", "0", "0", "0", "0", "0", "0", "0", "0", "0", "0", "1", "0", "0", "0" ], "duration": 1299.0, "sum": 1 }, "geometry": { "type": "Point", "coordinates": [ -122.284991487221163, 47.735386493917787 ] } },
{ "type": "Feature", "properties": { "lat": 47.735637011888592, "lon": -122.28515620210868, "time_of_day": "Morning", "causation": [ "0", "0", "0", "0", "0", "0", "0", "0", "0", "0", "0", "0", "0", "0", "0", "0", "0", "0", "0", "0", "1", "0", "0", "0" ], "duration": 1299.0, "sum": 1 }, "geometry": { "type": "Point", "coordinates": [ -122.285156202108681, 47.735637011888592 ] } },
{ "type": "Feature", "properties": { "lat": 47.735828305500398, "lon": -122.28522059437834, "time_of_day": "Morning", "causation": [ "0", "0", "0", "0", "0", "0", "0", "0", "0", "0", "0", "0", "0", "0", "0", "0", "0", "0", "0", "0", "1", "0", "0", "0" ], "duration": 1299.0, "sum": 1 }, "geometry": { "type": "Point", "coordinates": [ -122.285220594378345, 47.735828305500398 ] } },
{ "type": "Feature", "properties": { "lat": 47.736008314170903, "lon": -122.28534216104224, "time_of_day": "Morning", "causation": [ "0", "0", "0", "0", "0", "0", "0", "0", "0", "0", "0", "0", "0", "0", "0", "0", "0", "0", "0", "0", "2", "0", "0", "0" ], "duration": 2598.0, "sum": 2 }, "geometry": { "type": "Point", "coordinates": [ -122.285342161042237, 47.736008314170903 ] } },
{ "type": "Feature", "properties": { "lat": 47.736219767882929, "lon": -122.2854792530032, "time_of_day": "Morning", "causation": [ "0", "0", "0", "0", "0", "0", "0", "0", "0", "0", "0", "0", "0", "0", "0", "0", "0", "0", "0", "0", "1", "0", "0", "0" ], "duration": 1299.0, "sum": 1 }, "geometry": { "type": "Point", "coordinates": [ -122.285479253003203, 47.736219767882929 ] } },
{ "type": "Feature", "properties": { "lat": 47.73636309534281, "lon": -122.28573535434528, "time_of_day": "Morning", "causation": [ "0", "0", "0", "0", "0", "0", "0", "0", "0", "0", "0", "0", "0", "0", "0", "0", "0", "0", "0", "0", "1", "0", "0", "0" ], "duration": 1299.0, "sum": 1 }, "geometry": { "type": "Point", "coordinates": [ -122.285735354345277, 47.73636309534281 ] } },
{ "type": "Feature", "properties": { "lat": 47.736526960576029, "lon": -122.28577306201537, "time_of_day": "Morning", "causation": [ "0", "0", "0", "0", "0", "0", "0", "0", "0", "0", "0", "0", "0", "0", "0", "0", "0", "0", "0", "0", "1", "0", "0", "0" ], "duration": 1299.0, "sum": 1 }, "geometry": { "type": "Point", "coordinates": [ -122.285773062015366, 47.736526960576029 ] } },
{ "type": "Feature", "properties": { "lat": 47.744274402319803, "lon": -122.33165285911564, "time_of_day": "Morning", "causation": [ "0", "0", "1", "0", "0", "0", "0", "0", "0", "0", "0", "0", "0", "0", "0", "0", "0", "0", "0", "0", "0", "0", "0", "0" ], "duration": 382.0, "sum": 1 }, "geometry": { "type": "Point", "coordinates": [ -122.331652859115636, 47.744274402319803 ] } },
{ "type": "Feature", "properties": { "lat": 47.744320041388825, "lon": -122.3328172925179, "time_of_day": "Morning", "causation": [ "0", "0", "1", "0", "0", "0", "0", "0", "0", "0", "0", "0", "0", "0", "0", "0", "0", "0", "0", "0", "0", "0", "0", "0" ], "duration": 382.0, "sum": 1 }, "geometry": { "type": "Point", "coordinates": [ -122.332817292517902, 47.744320041388825 ] } },
{ "type": "Feature", "properties": { "lat": 47.744369591026825, "lon": -122.33239050234546, "time_of_day": "Morning", "causation": [ "0", "0", "1", "0", "0", "0", "0", "0", "0", "0", "0", "0", "0", "0", "0", "0", "0", "0", "0", "0", "0", "0", "0", "0" ], "duration": 382.0, "sum": 1 }, "geometry": { "type": "Point", "coordinates": [ -122.332390502345461, 47.744369591026825 ] } },
{ "type": "Feature", "properties": { "lat": 47.744372598819837, "lon": -122.33212942258062, "time_of_day": "Morning", "causation": [ "0", "0", "1", "0", "0", "0", "0", "0", "0", "0", "0", "0", "0", "0", "0", "0", "0", "0", "0", "0", "0", "0", "0", "0" ], "duration": 382.0, "sum": 1 }, "geometry": { "type": "Point", "coordinates": [ -122.332129422580621, 47.744372598819837 ] } },
{ "type": "Feature", "properties": { "lat": 47.744375298757049, "lon": -122.33311304556972, "time_of_day": "Morning", "causation": [ "0", "0", "1", "0", "0", "0", "0", "0", "0", "0", "0", "0", "0", "0", "0", "0", "0", "0", "0", "0", "0", "0", "0", "0" ], "duration": 382.0, "sum": 1 }, "geometry": { "type": "Point", "coordinates": [ -122.333113045569718, 47.744375298757049 ] } },
{ "type": "Feature", "properties": { "lat": 47.74437615901217, "lon": -122.33259719272016, "time_of_day": "Morning", "causation": [ "0", "0", "1", "0", "0", "0", "0", "0", "0", "0", "0", "0", "0", "0", "0", "0", "0", "0", "0", "0", "0", "0", "0", "0" ], "duration": 382.0, "sum": 1 }, "geometry": { "type": "Point", "coordinates": [ -122.332597192720158, 47.74437615901217 ] } },
{ "type": "Feature", "properties": { "lat": 47.744376808868147, "lon": -122.333606042792, "time_of_day": "Morning", "causation": [ "0", "0", "1", "0", "0", "0", "0", "0", "0", "0", "0", "0", "0", "0", "0", "0", "0", "0", "0", "0", "0", "0", "0", "0" ], "duration": 382.0, "sum": 1 }, "geometry": { "type": "Point", "coordinates": [ -122.333606042791999, 47.744376808868147 ] } },
{ "type": "Feature", "properties": { "lat": 47.744382509336567, "lon": -122.33433649326416, "time_of_day": "Morning", "causation": [ "0", "0", "2", "0", "0", "0", "0", "0", "0", "0", "0", "0", "0", "0", "0", "0", "0", "0", "0", "0", "0", "0", "0", "0" ], "duration": 764.0, "sum": 2 }, "geometry": { "type": "Point", "coordinates": [ -122.334336493264161, 47.744382509336567 ] } },
{ "type": "Feature", "properties": { "lat": 47.744384375243747, "lon": -122.3333584573592, "time_of_day": "Morning", "causation": [ "0", "0", "1", "0", "0", "0", "0", "0", "0", "0", "0", "0", "0", "0", "0", "0", "0", "0", "0", "0", "0", "0", "0", "0" ], "duration": 382.0, "sum": 1 }, "geometry": { "type": "Point", "coordinates": [ -122.333358457359196, 47.744384375243747 ] } },
{ "type": "Feature", "properties": { "lat": 47.744385983048986, "lon": -122.33386358430811, "time_of_day": "Morning", "causation": [ "0", "0", "1", "0", "0", "0", "0", "0", "0", "0", "0", "0", "0", "0", "0", "0", "0", "0", "0", "0", "0", "0", "0", "0" ], "duration": 382.0, "sum": 1 }, "geometry": { "type": "Point", "coordinates": [ -122.333863584308105, 47.744385983048986 ] } },
{ "type": "Feature", "properties": { "lat": 47.744396701739213, "lon": -122.33410810066424, "time_of_day": "Morning", "causation": [ "0", "0", "1", "0", "0", "0", "0", "0", "0", "0", "0", "0", "0", "0", "0", "0", "0", "0", "0", "0", "0", "0", "0", "0" ], "duration": 382.0, "sum": 1 }, "geometry": { "type": "Point", "coordinates": [ -122.334108100664238, 47.744396701739213 ] } },
{ "type": "Feature", "properties": { "lat": 47.744414971915752, "lon": -122.33486050602124, "time_of_day": "Morning", "causation": [ "0", "0", "1", "0", "0", "0", "0", "0", "0", "0", "0", "0", "0", "0", "0", "0", "0", "0", "0", "0", "0", "0", "0", "0" ], "duration": 382.0, "sum": 1 }, "geometry": { "type": "Point", "coordinates": [ -122.334860506021244, 47.744414971915752 ] } },
{ "type": "Feature", "properties": { "lat": 47.744581171522043, "lon": -122.33159000741026, "time_of_day": "Morning", "causation": [ "0", "0", "1", "0", "0", "0", "0", "0", "0", "0", "0", "0", "0", "0", "0", "0", "0", "0", "0", "0", "0", "0", "0", "0" ], "duration": 382.0, "sum": 1 }, "geometry": { "type": "Point", "coordinates": [ -122.331590007410256, 47.744581171522043 ] } },
{ "type": "Feature", "properties": { "lat": 47.744597850130901, "lon": -122.33491482055344, "time_of_day": "Morning", "causation": [ "0", "0", "1", "0", "0", "0", "0", "0", "0", "0", "0", "0", "0", "0", "0", "0", "0", "0", "0", "0", "0", "0", "0", "0" ], "duration": 382.0, "sum": 1 }, "geometry": { "type": "Point", "coordinates": [ -122.334914820553436, 47.744597850130901 ] } },
{ "type": "Feature", "properties": { "lat": 47.744716585659567, "lon": -122.33306846520939, "time_of_day": "Morning", "causation": [ "0", "0", "1", "0", "0", "0", "0", "0", "0", "0", "0", "0", "0", "0", "0", "0", "0", "0", "0", "0", "0", "0", "0", "0" ], "duration": 382.0, "sum": 1 }, "geometry": { "type": "Point", "coordinates": [ -122.333068465209394, 47.744716585659567 ] } },
{ "type": "Feature", "properties": { "lat": 47.744716748665766, "lon": -122.33212779943904, "time_of_day": "Morning", "causation": [ "0", "0", "1", "0", "0", "0", "0", "0", "0", "0", "0", "0", "0", "0", "0", "0", "0", "0", "0", "0", "0", "0", "0", "0" ], "duration": 382.0, "sum": 1 }, "geometry": { "type": "Point", "coordinates": [ -122.332127799439036, 47.744716748665766 ] } },
{ "type": "Feature", "properties": { "lat": 47.744742483060037, "lon": -122.33484602849347, "time_of_day": "Morning", "causation": [ "0", "0", "1", "0", "0", "0", "0", "0", "0", "0", "0", "0", "0", "0", "0", "0", "0", "0", "0", "0", "0", "0", "0", "0" ], "duration": 382.0, "sum": 1 }, "geometry": { "type": "Point", "coordinates": [ -122.334846028493473, 47.744742483060037 ] } },
{ "type": "Feature", "properties": { "lat": 47.74476678123829, "lon": -122.3328352285632, "time_of_day": "Morning", "causation": [ "0", "0", "1", "0", "0", "0", "0", "0", "0", "0", "0", "0", "0", "0", "0", "0", "0", "0", "0", "0", "0", "0", "0", "0" ], "duration": 382.0, "sum": 1 }, "geometry": { "type": "Point", "coordinates": [ -122.332835228563198, 47.74476678123829 ] } },
{ "type": "Feature", "properties": { "lat": 47.744774568318633, "lon": -122.33425749244506, "time_of_day": "Morning", "causation": [ "0", "0", "1", "0", "0", "0", "0", "0", "0", "0", "0", "0", "0", "0", "0", "0", "0", "0", "0", "0", "0", "0", "0", "0" ], "duration": 382.0, "sum": 1 }, "geometry": { "type": "Point", "coordinates": [ -122.334257492445062, 47.744774568318633 ] } },
{ "type": "Feature", "properties": { "lat": 47.744781370284961, "lon": -122.33237525193807, "time_of_day": "Morning", "causation": [ "0", "0", "1", "0", "0", "0", "0", "0", "0", "0", "0", "0", "0", "0", "0", "0", "0", "0", "0", "0", "0", "0", "0", "0" ], "duration": 382.0, "sum": 1 }, "geometry": { "type": "Point", "coordinates": [ -122.332375251938075, 47.744781370284961 ] } },
{ "type": "Feature", "properties": { "lat": 47.744842337698337, "lon": -122.33259837420026, "time_of_day": "Morning", "causation": [ "0", "0", "1", "0", "0", "0", "0", "0", "0", "0", "0", "0", "0", "0", "0", "0", "0", "0", "0", "0", "0", "0", "0", "0" ], "duration": 382.0, "sum": 1 }, "geometry": { "type": "Point", "coordinates": [ -122.332598374200259, 47.744842337698337 ] } },
{ "type": "Feature", "properties": { "lat": 47.744881390896872, "lon": -122.33429918210081, "time_of_day": "Morning", "causation": [ "0", "0", "1", "0", "0", "0", "0", "0", "0", "0", "0", "0", "0", "0", "0", "0", "0", "0", "0", "0", "0", "0", "0", "0" ], "duration": 382.0, "sum": 1 }, "geometry": { "type": "Point", "coordinates": [ -122.334299182100807, 47.744881390896872 ] } },
{ "type": "Feature", "properties": { "lat": 47.744904733083992, "lon": -122.33486241856538, "time_of_day": "Morning", "causation": [ "0", "0", "1", "0", "0", "0", "0", "0", "0", "0", "0", "0", "0", "0", "0", "0", "0", "0", "0", "0", "0", "0", "0", "0" ], "duration": 382.0, "sum": 1 }, "geometry": { "type": "Point", "coordinates": [ -122.334862418565379, 47.744904733083992 ] } },
{ "type": "Feature", "properties": { "lat": 47.745323602604415, "lon": -122.33489516896832, "time_of_day": "Morning", "causation": [ "0", "0", "1", "0", "0", "0", "0", "0", "0", "0", "0", "0", "0", "0", "0", "0", "0", "0", "0", "0", "0", "0", "0", "0" ], "duration": 382.0, "sum": 1 }, "geometry": { "type": "Point", "coordinates": [ -122.334895168968316, 47.745323602604415 ] } },
{ "type": "Feature", "properties": { "lat": 47.74536024806828, "lon": -122.33411508404735, "time_of_day": "Morning", "causation": [ "0", "0", "1", "0", "0", "0", "0", "0", "0", "0", "0", "0", "0", "0", "0", "0", "0", "0", "0", "0", "0", "0", "0", "0" ], "duration": 382.0, "sum": 1 }, "geometry": { "type": "Point", "coordinates": [ -122.334115084047355, 47.74536024806828 ] } },
{ "type": "Feature", "properties": { "lat": 47.745598627637079, "lon": -122.33498913765392, "time_of_day": "Morning", "causation": [ "0", "0", "1", "0", "0", "0", "0", "0", "0", "0", "0", "0", "0", "0", "0", "0", "0", "0", "0", "0", "0", "0", "0", "0" ], "duration": 382.0, "sum": 1 }, "geometry": { "type": "Point", "coordinates": [ -122.33498913765392, 47.745598627637079 ] } },
{ "type": "Feature", "properties": { "lat": 47.745616295955472, "lon": -122.33434061291126, "time_of_day": "Morning", "causation": [ "0", "0", "1", "0", "0", "0", "0", "0", "0", "0", "0", "0", "0", "0", "0", "0", "0", "0", "0", "0", "0", "0", "0", "0" ], "duration": 382.0, "sum": 1 }, "geometry": { "type": "Point", "coordinates": [ -122.334340612911262, 47.745616295955472 ] } },
{ "type": "Feature", "properties": { "lat": 47.745653704690731, "lon": -122.33533457439708, "time_of_day": "Morning", "causation": [ "0", "0", "1", "0", "0", "0", "0", "0", "0", "0", "0", "0", "0", "0", "0", "0", "0", "0", "0", "0", "0", "0", "0", "0" ], "duration": 382.0, "sum": 1 }, "geometry": { "type": "Point", "coordinates": [ -122.335334574397081, 47.745653704690731 ] } },
{ "type": "Feature", "properties": { "lat": 47.745866379591774, "lon": -122.32000100674846, "time_of_day": "Afternoon", "causation": [ "0", "0", "0", "0", "0", "0", "0", "0", "0", "0", "0", "0", "0", "0", "0", "0", "0", "0", "1", "0", "0", "0", "0", "0" ], "duration": 54.0, "sum": 1 }, "geometry": { "type": "Point", "coordinates": [ -122.320001006748456, 47.745866379591774 ] } },
{ "type": "Feature", "properties": { "lat": 47.745875823366198, "lon": -122.3354172577552, "time_of_day": "Morning", "causation": [ "0", "0", "1", "0", "0", "0", "0", "0", "0", "0", "0", "0", "0", "0", "0", "0", "0", "0", "0", "0", "0", "0", "0", "0" ], "duration": 382.0, "sum": 1 }, "geometry": { "type": "Point", "coordinates": [ -122.335417257755196, 47.745875823366198 ] } },
{ "type": "Feature", "properties": { "lat": 47.745952027843131, "lon": -122.33499389108871, "time_of_day": "Morning", "causation": [ "0", "0", "1", "0", "0", "0", "0", "0", "0", "0", "0", "0", "0", "0", "0", "0", "0", "0", "0", "0", "0", "0", "0", "0" ], "duration": 382.0, "sum": 1 }, "geometry": { "type": "Point", "coordinates": [ -122.334993891088715, 47.745952027843131 ] } },
{ "type": "Feature", "properties": { "lat": 47.746050993453935, "lon": -122.33499027840639, "time_of_day": "Morning", "causation": [ "0", "0", "1", "0", "0", "0", "0", "0", "0", "0", "0", "0", "0", "0", "0", "0", "0", "0", "0", "0", "0", "0", "0", "0" ], "duration": 382.0, "sum": 1 }, "geometry": { "type": "Point", "coordinates": [ -122.334990278406394, 47.746050993453935 ] } },
{ "type": "Feature", "properties": { "lat": 47.746193860256319, "lon": -122.33528281039575, "time_of_day": "Morning", "causation": [ "0", "0", "1", "0", "0", "0", "0", "0", "0", "0", "0", "0", "0", "0", "0", "0", "0", "0", "0", "0", "0", "0", "0", "0" ], "duration": 382.0, "sum": 1 }, "geometry": { "type": "Point", "coordinates": [ -122.335282810395753, 47.746193860256319 ] } },
{ "type": "Feature", "properties": { "lat": 47.74619834651417, "lon": -122.33493875200904, "time_of_day": "Morning", "causation": [ "0", "0", "1", "0", "0", "0", "0", "0", "0", "0", "0", "0", "0", "0", "0", "0", "0", "0", "0", "0", "0", "0", "0", "0" ], "duration": 382.0, "sum": 1 }, "geometry": { "type": "Point", "coordinates": [ -122.334938752009037, 47.74619834651417 ] } },
{ "type": "Feature", "properties": { "lat": 47.746361602677212, "lon": -122.33494600841452, "time_of_day": "Morning", "causation": [ "0", "0", "1", "0", "0", "0", "0", "0", "0", "0", "0", "0", "0", "0", "0", "0", "0", "0", "0", "0", "0", "0", "0", "0" ], "duration": 382.0, "sum": 1 }, "geometry": { "type": "Point", "coordinates": [ -122.334946008414519, 47.746361602677212 ] } },
{ "type": "Feature", "properties": { "lat": 47.746680412563997, "lon": -122.33487797259076, "time_of_day": "Morning", "causation": [ "0", "0", "1", "0", "0", "0", "0", "0", "0", "0", "0", "0", "0", "0", "0", "0", "0", "0", "0", "0", "0", "0", "0", "0" ], "duration": 382.0, "sum": 1 }, "geometry": { "type": "Point", "coordinates": [ -122.33487797259076, 47.746680412563997 ] } },
{ "type": "Feature", "properties": { "lat": 47.749561720421639, "lon": -122.31380576683922, "time_of_day": "Late Night", "causation": [ "0", "0", "0", "0", "0", "0", "0", "0", "0", "0", "0", "0", "0", "0", "0", "0", "0", "0", "0", "0", "4", "0", "0", "0" ], "duration": 1380.0, "sum": 4 }, "geometry": { "type": "Point", "coordinates": [ -122.313805766839224, 47.749561720421639 ] } },
{ "type": "Feature", "properties": { "lat": 47.749585248168302, "lon": -122.31564780652604, "time_of_day": "Late Night", "causation": [ "0", "0", "0", "0", "0", "0", "0", "0", "0", "0", "0", "0", "0", "0", "0", "0", "0", "0", "0", "0", "3", "0", "0", "0" ], "duration": 1035.0, "sum": 3 }, "geometry": { "type": "Point", "coordinates": [ -122.315647806526044, 47.749585248168302 ] } },
{ "type": "Feature", "properties": { "lat": 47.755552388542696, "lon": -122.34452699138022, "time_of_day": "Late Night", "causation": [ "0", "0", "0", "0", "0", "0", "0", "0", "1", "0", "0", "0", "0", "0", "0", "0", "0", "0", "0", "0", "0", "0", "0", "0" ], "duration": 479.0, "sum": 1 }, "geometry": { "type": "Point", "coordinates": [ -122.344526991380221, 47.755552388542696 ] } },
{ "type": "Feature", "properties": { "lat": 47.755659188836141, "lon": -122.34525240364609, "time_of_day": "Late Night", "causation": [ "0", "0", "0", "0", "0", "0", "0", "0", "2", "0", "0", "0", "0", "0", "0", "0", "0", "0", "0", "0", "0", "0", "0", "0" ], "duration": 958.0, "sum": 2 }, "geometry": { "type": "Point", "coordinates": [ -122.345252403646086, 47.755659188836141 ] } },
{ "type": "Feature", "properties": { "lat": 47.755661998215935, "lon": -122.34612717211536, "time_of_day": "Morning", "causation": [ "0", "0", "0", "0", "0", "0", "0", "0", "1", "0", "0", "0", "0", "0", "0", "0", "0", "0", "0", "0", "0", "0", "0", "0" ], "duration": 1318.0, "sum": 1 }, "geometry": { "type": "Point", "coordinates": [ -122.346127172115359, 47.755661998215935 ] } },
{ "type": "Feature", "properties": { "lat": 47.75573559088874, "lon": -122.34673382310687, "time_of_day": "Morning", "causation": [ "0", "0", "0", "0", "0", "0", "0", "0", "1", "0", "0", "0", "0", "0", "0", "0", "0", "0", "0", "0", "0", "0", "0", "0" ], "duration": 1318.0, "sum": 1 }, "geometry": { "type": "Point", "coordinates": [ -122.346733823106874, 47.75573559088874 ] } },
{ "type": "Feature", "properties": { "lat": 47.756157817052753, "lon": -122.34729264774457, "time_of_day": "Late Night", "causation": [ "0", "0", "0", "0", "0", "0", "0", "0", "81", "0", "0", "0", "0", "0", "0", "0", "0", "0", "0", "0", "0", "0", "0", "0" ], "duration": 129195.0, "sum": 81 }, "geometry": { "type": "Point", "coordinates": [ -122.347292647744567, 47.756157817052753 ] } },
{ "type": "Feature", "properties": { "lat": 47.756182656852779, "lon": -122.3499334165339, "time_of_day": "Late Night", "causation": [ "0", "0", "0", "0", "0", "0", "0", "0", "1", "0", "0", "0", "0", "0", "0", "0", "0", "0", "0", "0", "0", "0", "0", "0" ], "duration": 479.0, "sum": 1 }, "geometry": { "type": "Point", "coordinates": [ -122.349933416533901, 47.756182656852779 ] } },
{ "type": "Feature", "properties": { "lat": 47.756186683630162, "lon": -122.34971998766028, "time_of_day": "Late Night", "causation": [ "0", "0", "0", "0", "0", "0", "0", "0", "2", "0", "0", "0", "0", "0", "0", "0", "0", "0", "0", "0", "0", "0", "0", "0" ], "duration": 958.0, "sum": 2 }, "geometry": { "type": "Point", "coordinates": [ -122.349719987660279, 47.756186683630162 ] } },
{ "type": "Feature", "properties": { "lat": 47.756193562646203, "lon": -122.34527026767438, "time_of_day": "Late Night", "causation": [ "0", "0", "0", "0", "0", "0", "0", "0", "2", "0", "0", "0", "0", "0", "0", "0", "0", "0", "0", "0", "0", "0", "0", "0" ], "duration": 958.0, "sum": 2 }, "geometry": { "type": "Point", "coordinates": [ -122.34527026767438, 47.756193562646203 ] } },
{ "type": "Feature", "properties": { "lat": 47.756195356436329, "lon": -122.34883823768622, "time_of_day": "Late Night", "causation": [ "0", "0", "0", "0", "0", "0", "0", "0", "1", "0", "0", "0", "0", "0", "0", "0", "0", "0", "0", "0", "0", "0", "0", "0" ], "duration": 479.0, "sum": 1 }, "geometry": { "type": "Point", "coordinates": [ -122.348838237686223, 47.756195356436329 ] } },
{ "type": "Feature", "properties": { "lat": 47.75619695500469, "lon": -122.34935513563759, "time_of_day": "Late Night", "causation": [ "0", "0", "0", "0", "0", "0", "0", "0", "3", "0", "0", "0", "0", "0", "0", "0", "0", "0", "0", "0", "0", "0", "0", "0" ], "duration": 1437.0, "sum": 3 }, "geometry": { "type": "Point", "coordinates": [ -122.349355135637595, 47.75619695500469 ] } },
{ "type": "Feature", "properties": { "lat": 47.756230968006747, "lon": -122.35023838566472, "time_of_day": "Late Night", "causation": [ "0", "0", "0", "0", "0", "0", "0", "0", "1", "0", "0", "0", "0", "0", "0", "0", "0", "0", "0", "0", "0", "0", "0", "0" ], "duration": 479.0, "sum": 1 }, "geometry": { "type": "Point", "coordinates": [ -122.350238385664724, 47.756230968006747 ] } },
{ "type": "Feature", "properties": { "lat": 47.756301781886378, "lon": -122.34392362025964, "time_of_day": "Late Night", "causation": [ "0", "0", "0", "0", "0", "0", "0", "0", "3", "0", "0", "0", "0", "0", "0", "0", "0", "0", "0", "0", "0", "0", "0", "0" ], "duration": 1437.0, "sum": 3 }, "geometry": { "type": "Point", "coordinates": [ -122.343923620259645, 47.756301781886378 ] } },
{ "type": "Feature", "properties": { "lat": 47.756342531251121, "lon": -122.3462612786971, "time_of_day": "Morning", "causation": [ "0", "0", "0", "0", "0", "0", "0", "0", "1", "0", "0", "0", "0", "0", "0", "0", "0", "0", "0", "0", "0", "0", "0", "0" ], "duration": 1318.0, "sum": 1 }, "geometry": { "type": "Point", "coordinates": [ -122.346261278697099, 47.756342531251121 ] } },
{ "type": "Feature", "properties": { "lat": 47.756384760162383, "lon": -122.35021817513174, "time_of_day": "Late Night", "causation": [ "0", "0", "0", "0", "0", "0", "0", "0", "1", "0", "0", "0", "0", "0", "0", "0", "0", "0", "0", "0", "0", "0", "0", "0" ], "duration": 479.0, "sum": 1 }, "geometry": { "type": "Point", "coordinates": [ -122.350218175131744, 47.756384760162383 ] } },
{ "type": "Feature", "properties": { "lat": 47.756446869608048, "lon": -122.34966405617796, "time_of_day": "Late Night", "causation": [ "0", "0", "0", "0", "0", "0", "0", "0", "1", "0", "0", "0", "0", "0", "0", "0", "0", "0", "0", "0", "0", "0", "0", "0" ], "duration": 479.0, "sum": 1 }, "geometry": { "type": "Point", "coordinates": [ -122.349664056177957, 47.756446869608048 ] } },
{ "type": "Feature", "properties": { "lat": 47.756525694553503, "lon": -122.3502699477673, "time_of_day": "Late Night", "causation": [ "0", "0", "0", "0", "0", "0", "0", "0", "1", "0", "0", "0", "0", "0", "0", "0", "0", "0", "0", "0", "0", "0", "0", "0" ], "duration": 479.0, "sum": 1 }, "geometry": { "type": "Point", "coordinates": [ -122.350269947767302, 47.756525694553503 ] } },
{ "type": "Feature", "properties": { "lat": 47.756571527979659, "lon": -122.34911559769139, "time_of_day": "Late Night", "causation": [ "0", "0", "0", "0", "0", "0", "0", "0", "6", "0", "0", "0", "0", "0", "0", "0", "0", "0", "0", "0", "0", "0", "0", "0" ], "duration": 2874.0, "sum": 6 }, "geometry": { "type": "Point", "coordinates": [ -122.349115597691394, 47.756571527979659 ] } },
{ "type": "Feature", "properties": { "lat": 47.756573370549546, "lon": -122.3496377520499, "time_of_day": "Late Night", "causation": [ "0", "0", "0", "0", "0", "0", "0", "0", "1", "0", "0", "0", "0", "0", "0", "0", "0", "0", "0", "0", "0", "0", "0", "0" ], "duration": 479.0, "sum": 1 }, "geometry": { "type": "Point", "coordinates": [ -122.349637752049901, 47.756573370549546 ] } },
{ "type": "Feature", "properties": { "lat": 47.75667107445625, "lon": -122.34535118578772, "time_of_day": "Late Night", "causation": [ "0", "0", "0", "0", "0", "0", "0", "0", "1", "0", "0", "0", "0", "0", "0", "0", "0", "0", "0", "0", "0", "0", "0", "0" ], "duration": 479.0, "sum": 1 }, "geometry": { "type": "Point", "coordinates": [ -122.34535118578772, 47.75667107445625 ] } },
{ "type": "Feature", "properties": { "lat": 47.756760004137277, "lon": -122.3496537946455, "time_of_day": "Late Night", "causation": [ "0", "0", "0", "0", "0", "0", "0", "0", "1", "0", "0", "0", "0", "0", "0", "0", "0", "0", "0", "0", "0", "0", "0", "0" ], "duration": 479.0, "sum": 1 }, "geometry": { "type": "Point", "coordinates": [ -122.349653794645505, 47.756760004137277 ] } },
{ "type": "Feature", "properties": { "lat": 47.756771752326863, "lon": -122.35011300579647, "time_of_day": "Late Night", "causation": [ "0", "0", "0", "0", "0", "0", "0", "0", "1", "0", "0", "0", "0", "0", "0", "0", "0", "0", "0", "0", "0", "0", "0", "0" ], "duration": 479.0, "sum": 1 }, "geometry": { "type": "Point", "coordinates": [ -122.350113005796473, 47.756771752326863 ] } },
{ "type": "Feature", "properties": { "lat": 47.756774519261228, "lon": -122.34990483198207, "time_of_day": "Late Night", "causation": [ "0", "0", "0", "0", "0", "0", "0", "0", "1", "0", "0", "0", "0", "0", "0", "0", "0", "0", "0", "0", "0", "0", "0", "0" ], "duration": 479.0, "sum": 1 }, "geometry": { "type": "Point", "coordinates": [ -122.349904831982073, 47.756774519261228 ] } },
{ "type": "Feature", "properties": { "lat": 47.757126304111445, "lon": -122.34404711084586, "time_of_day": "Late Night", "causation": [ "0", "0", "0", "0", "0", "0", "0", "0", "4", "0", "0", "0", "0", "0", "0", "0", "0", "0", "0", "0", "0", "0", "0", "0" ], "duration": 1916.0, "sum": 4 }, "geometry": { "type": "Point", "coordinates": [ -122.344047110845864, 47.757126304111445 ] } },
{ "type": "Feature", "properties": { "lat": 47.757272065858103, "lon": -122.36878935910326, "time_of_day": "Late Night", "causation": [ "0", "0", "0", "0", "0", "0", "0", "0", "0", "0", "0", "0", "0", "0", "0", "0", "0", "1", "0", "0", "0", "0", "0", "0" ], "duration": 21.0, "sum": 1 }, "geometry": { "type": "Point", "coordinates": [ -122.36878935910326, 47.757272065858103 ] } },
{ "type": "Feature", "properties": { "lat": 47.757272065858103, "lon": -122.36878935910326, "time_of_day": "Morning", "causation": [ "0", "0", "0", "0", "0", "0", "0", "0", "1", "0", "0", "0", "0", "0", "0", "0", "0", "0", "0", "0", "0", "0", "0", "0" ], "duration": 378.0, "sum": 1 }, "geometry": { "type": "Point", "coordinates": [ -122.36878935910326, 47.757272065858103 ] } },
{ "type": "Feature", "properties": { "lat": 47.757419148187545, "lon": -122.3442110278292, "time_of_day": "Late Night", "causation": [ "0", "0", "0", "0", "0", "0", "0", "0", "27", "0", "0", "0", "0", "0", "0", "0", "0", "0", "0", "0", "0", "0", "0", "0" ], "duration": 12933.0, "sum": 27 }, "geometry": { "type": "Point", "coordinates": [ -122.344211027829203, 47.757419148187545 ] } },
{ "type": "Feature", "properties": { "lat": 47.757516710795883, "lon": -122.36882141986494, "time_of_day": "Late Night", "causation": [ "0", "0", "0", "0", "0", "0", "0", "0", "0", "0", "0", "0", "0", "0", "0", "0", "0", "1", "0", "0", "0", "0", "0", "0" ], "duration": 21.0, "sum": 1 }, "geometry": { "type": "Point", "coordinates": [ -122.368821419864943, 47.757516710795883 ] } },
{ "type": "Feature", "properties": { "lat": 47.757516710795883, "lon": -122.36882141986494, "time_of_day": "Morning", "causation": [ "0", "0", "0", "0", "0", "0", "0", "0", "1", "0", "0", "0", "0", "0", "0", "0", "0", "0", "0", "0", "0", "0", "0", "0" ], "duration": 378.0, "sum": 1 }, "geometry": { "type": "Point", "coordinates": [ -122.368821419864943, 47.757516710795883 ] } },
{ "type": "Feature", "properties": { "lat": 47.757561194005149, "lon": -122.369489246022, "time_of_day": "Late Night", "causation": [ "0", "0", "0", "0", "0", "0", "0", "0", "0", "0", "0", "0", "0", "0", "0", "0", "0", "1", "0", "0", "0", "0", "0", "0" ], "duration": 21.0, "sum": 1 }, "geometry": { "type": "Point", "coordinates": [ -122.369489246021999, 47.757561194005149 ] } },
{ "type": "Feature", "properties": { "lat": 47.757561194005149, "lon": -122.369489246022, "time_of_day": "Morning", "causation": [ "0", "0", "0", "0", "0", "0", "0", "0", "1", "0", "0", "0", "0", "0", "0", "0", "0", "0", "0", "0", "0", "0", "0", "0" ], "duration": 378.0, "sum": 1 }, "geometry": { "type": "Point", "coordinates": [ -122.369489246021999, 47.757561194005149 ] } },
{ "type": "Feature", "properties": { "lat": 47.757761484522483, "lon": -122.36952877638738, "time_of_day": "Late Night", "causation": [ "0", "0", "0", "0", "0", "0", "0", "0", "0", "0", "0", "0", "0", "0", "0", "0", "0", "1", "0", "0", "0", "0", "0", "0" ], "duration": 21.0, "sum": 1 }, "geometry": { "type": "Point", "coordinates": [ -122.369528776387384, 47.757761484522483 ] } },
{ "type": "Feature", "properties": { "lat": 47.757761484522483, "lon": -122.36952877638738, "time_of_day": "Morning", "causation": [ "0", "0", "0", "0", "0", "0", "0", "0", "1", "0", "0", "0", "0", "0", "0", "0", "0", "0", "0", "0", "0", "0", "0", "0" ], "duration": 378.0, "sum": 1 }, "geometry": { "type": "Point", "coordinates": [ -122.369528776387384, 47.757761484522483 ] } },
{ "type": "Feature", "properties": { "lat": 47.757940732048439, "lon": -122.37136211142672, "time_of_day": "Morning", "causation": [ "0", "0", "0", "0", "0", "0", "0", "0", "1", "0", "0", "0", "0", "0", "0", "0", "0", "0", "0", "0", "0", "0", "0", "0" ], "duration": 864.0, "sum": 1 }, "geometry": { "type": "Point", "coordinates": [ -122.37136211142672, 47.757940732048439 ] } },
{ "type": "Feature", "properties": { "lat": 47.758053497404219, "lon": -122.37160586813749, "time_of_day": "Morning", "causation": [ "0", "0", "0", "0", "0", "0", "0", "0", "1", "0", "0", "0", "0", "0", "0", "0", "0", "0", "0", "0", "0", "0", "0", "0" ], "duration": 864.0, "sum": 1 }, "geometry": { "type": "Point", "coordinates": [ -122.371605868137493, 47.758053497404219 ] } },
{ "type": "Feature", "properties": { "lat": 47.75807832316773, "lon": -122.36953848648128, "time_of_day": "Late Night", "causation": [ "0", "0", "0", "0", "0", "0", "0", "0", "0", "0", "0", "0", "0", "0", "0", "0", "0", "1", "0", "0", "0", "0", "0", "0" ], "duration": 21.0, "sum": 1 }, "geometry": { "type": "Point", "coordinates": [ -122.369538486481275, 47.75807832316773 ] } },
{ "type": "Feature", "properties": { "lat": 47.75807832316773, "lon": -122.36953848648128, "time_of_day": "Morning", "causation": [ "0", "0", "0", "0", "0", "0", "0", "0", "1", "0", "0", "0", "0", "0", "0", "0", "0", "0", "0", "0", "0", "0", "0", "0" ], "duration": 378.0, "sum": 1 }, "geometry": { "type": "Point", "coordinates": [ -122.369538486481275, 47.75807832316773 ] } },
{ "type": "Feature", "properties": { "lat": 47.758081060796407, "lon": -122.37073578681409, "time_of_day": "Morning", "causation": [ "0", "0", "0", "0", "0", "0", "0", "0", "1", "0", "0", "0", "0", "0", "0", "0", "0", "0", "0", "0", "0", "0", "0", "0" ], "duration": 864.0, "sum": 1 }, "geometry": { "type": "Point", "coordinates": [ -122.370735786814095, 47.758081060796407 ] } },
{ "type": "Feature", "properties": { "lat": 47.758093517845673, "lon": -122.36993919282862, "time_of_day": "Morning", "causation": [ "0", "0", "0", "0", "0", "0", "0", "0", "1", "0", "0", "0", "0", "0", "0", "0", "0", "0", "0", "0", "0", "0", "0", "0" ], "duration": 864.0, "sum": 1 }, "geometry": { "type": "Point", "coordinates": [ -122.369939192828625, 47.758093517845673 ] } },
{ "type": "Feature", "properties": { "lat": 47.758097065612674, "lon": -122.3702491134529, "time_of_day": "Morning", "causation": [ "0", "0", "0", "0", "0", "0", "0", "0", "1", "0", "0", "0", "0", "0", "0", "0", "0", "0", "0", "0", "0", "0", "0", "0" ], "duration": 864.0, "sum": 1 }, "geometry": { "type": "Point", "coordinates": [ -122.3702491134529, 47.758097065612674 ] } },
{ "type": "Feature", "properties": { "lat": 47.758103232362082, "lon": -122.37098187596617, "time_of_day": "Morning", "causation": [ "0", "0", "0", "0", "0", "0", "0", "0", "1", "0", "0", "0", "0", "0", "0", "0", "0", "0", "0", "0", "0", "0", "0", "0" ], "duration": 864.0, "sum": 1 }, "geometry": { "type": "Point", "coordinates": [ -122.370981875966166, 47.758103232362082 ] } },
{ "type": "Feature", "properties": { "lat": 47.758494346715423, "lon": -122.36956342618883, "time_of_day": "Late Night", "causation": [ "0", "0", "0", "0", "0", "0", "0", "0", "0", "0", "0", "0", "0", "0", "0", "0", "0", "1", "0", "0", "0", "0", "0", "0" ], "duration": 21.0, "sum": 1 }, "geometry": { "type": "Point", "coordinates": [ -122.369563426188833, 47.758494346715423 ] } },
{ "type": "Feature", "properties": { "lat": 47.758494346715423, "lon": -122.36956342618883, "time_of_day": "Morning", "causation": [ "0", "0", "0", "0", "0", "0", "0", "0", "1", "0", "0", "0", "0", "0", "0", "0", "0", "0", "0", "0", "0", "0", "0", "0" ], "duration": 378.0, "sum": 1 }, "geometry": { "type": "Point", "coordinates": [ -122.369563426188833, 47.758494346715423 ] } },
{ "type": "Feature", "properties": { "lat": 47.758499734662081, "lon": -122.36989435800812, "time_of_day": "Morning", "causation": [ "0", "0", "0", "0", "0", "0", "0", "0", "1", "0", "0", "0", "0", "0", "0", "0", "0", "0", "0", "0", "0", "0", "0", "0" ], "duration": 864.0, "sum": 1 }, "geometry": { "type": "Point", "coordinates": [ -122.369894358008125, 47.758499734662081 ] } },
{ "type": "Feature", "properties": { "lat": 47.758503964772736, "lon": -122.37089007795996, "time_of_day": "Morning", "causation": [ "0", "0", "0", "0", "0", "0", "0", "0", "1", "0", "0", "0", "0", "0", "0", "0", "0", "0", "0", "0", "0", "0", "0", "0" ], "duration": 864.0, "sum": 1 }, "geometry": { "type": "Point", "coordinates": [ -122.370890077959956, 47.758503964772736 ] } },
{ "type": "Feature", "properties": { "lat": 47.758538417743253, "lon": -122.37033955911934, "time_of_day": "Morning", "causation": [ "0", "0", "0", "0", "0", "0", "0", "0", "1", "0", "0", "0", "0", "0", "0", "0", "0", "0", "0", "0", "0", "0", "0", "0" ], "duration": 864.0, "sum": 1 }, "geometry": { "type": "Point", "coordinates": [ -122.370339559119344, 47.758538417743253 ] } },
{ "type": "Feature", "properties": { "lat": 47.758587154689891, "lon": -122.37151999198048, "time_of_day": "Morning", "causation": [ "0", "0", "0", "0", "0", "0", "0", "0", "1", "0", "0", "0", "0", "0", "0", "0", "0", "0", "0", "0", "0", "0", "0", "0" ], "duration": 864.0, "sum": 1 }, "geometry": { "type": "Point", "coordinates": [ -122.371519991980477, 47.758587154689891 ] } },
{ "type": "Feature", "properties": { "lat": 47.758956419855849, "lon": -122.37133630141868, "time_of_day": "Late Night", "causation": [ "0", "0", "0", "0", "0", "0", "0", "0", "0", "0", "0", "0", "0", "0", "0", "0", "0", "1", "0", "0", "0", "0", "0", "0" ], "duration": 21.0, "sum": 1 }, "geometry": { "type": "Point", "coordinates": [ -122.37133630141868, 47.758956419855849 ] } },
{ "type": "Feature", "properties": { "lat": 47.758956419855849, "lon": -122.37133630141868, "time_of_day": "Morning", "causation": [ "0", "0", "0", "0", "0", "0", "0", "0", "1", "0", "0", "0", "0", "0", "0", "0", "0", "0", "0", "0", "0", "0", "0", "0" ], "duration": 378.0, "sum": 1 }, "geometry": { "type": "Point", "coordinates": [ -122.37133630141868, 47.758956419855849 ] } },
{ "type": "Feature", "properties": { "lat": 47.758970872048153, "lon": -122.37086428646263, "time_of_day": "Late Night", "causation": [ "0", "0", "0", "0", "0", "0", "0", "0", "0", "0", "0", "0", "0", "0", "0", "0", "0", "1", "0", "0", "0", "0", "0", "0" ], "duration": 21.0, "sum": 1 }, "geometry": { "type": "Point", "coordinates": [ -122.370864286462634, 47.758970872048153 ] } },
{ "type": "Feature", "properties": { "lat": 47.758970872048153, "lon": -122.37086428646263, "time_of_day": "Morning", "causation": [ "0", "0", "0", "0", "0", "0", "0", "0", "1", "0", "0", "0", "0", "0", "0", "0", "0", "0", "0", "0", "0", "0", "0", "0" ], "duration": 378.0, "sum": 1 }, "geometry": { "type": "Point", "coordinates": [ -122.370864286462634, 47.758970872048153 ] } },
{ "type": "Feature", "properties": { "lat": 47.758980130201842, "lon": -122.37046674136026, "time_of_day": "Late Night", "causation": [ "0", "0", "0", "0", "0", "0", "0", "0", "0", "0", "0", "0", "0", "0", "0", "0", "0", "1", "0", "0", "0", "0", "0", "0" ], "duration": 21.0, "sum": 1 }, "geometry": { "type": "Point", "coordinates": [ -122.370466741360261, 47.758980130201842 ] } },
{ "type": "Feature", "properties": { "lat": 47.758980130201842, "lon": -122.37046674136026, "time_of_day": "Morning", "causation": [ "0", "0", "0", "0", "0", "0", "0", "0", "1", "0", "0", "0", "0", "0", "0", "0", "0", "0", "0", "0", "0", "0", "0", "0" ], "duration": 378.0, "sum": 1 }, "geometry": { "type": "Point", "coordinates": [ -122.370466741360261, 47.758980130201842 ] } },
{ "type": "Feature", "properties": { "lat": 47.758991218283086, "lon": -122.36893764728762, "time_of_day": "Late Night", "causation": [ "0", "0", "0", "0", "0", "0", "0", "0", "0", "0", "0", "0", "0", "0", "0", "0", "0", "1", "0", "0", "0", "0", "0", "0" ], "duration": 21.0, "sum": 1 }, "geometry": { "type": "Point", "coordinates": [ -122.368937647287623, 47.758991218283086 ] } },
{ "type": "Feature", "properties": { "lat": 47.758991218283086, "lon": -122.36893764728762, "time_of_day": "Morning", "causation": [ "0", "0", "0", "0", "0", "0", "0", "0", "1", "0", "0", "0", "0", "0", "0", "0", "0", "0", "0", "0", "0", "0", "0", "0" ], "duration": 378.0, "sum": 1 }, "geometry": { "type": "Point", "coordinates": [ -122.368937647287623, 47.758991218283086 ] } },
{ "type": "Feature", "properties": { "lat": 47.759012903211925, "lon": -122.37000698011738, "time_of_day": "Late Night", "causation": [ "0", "0", "0", "0", "0", "0", "0", "0", "0", "0", "0", "0", "0", "0", "0", "0", "0", "1", "0", "0", "0", "0", "0", "0" ], "duration": 21.0, "sum": 1 }, "geometry": { "type": "Point", "coordinates": [ -122.370006980117381, 47.759012903211925 ] } },
{ "type": "Feature", "properties": { "lat": 47.759012903211925, "lon": -122.37000698011738, "time_of_day": "Morning", "causation": [ "0", "0", "0", "0", "0", "0", "0", "0", "1", "0", "0", "0", "0", "0", "0", "0", "0", "0", "0", "0", "0", "0", "0", "0" ], "duration": 378.0, "sum": 1 }, "geometry": { "type": "Point", "coordinates": [ -122.370006980117381, 47.759012903211925 ] } },
{ "type": "Feature", "properties": { "lat": 47.75901579406554, "lon": -122.36970308824448, "time_of_day": "Late Night", "causation": [ "0", "0", "0", "0", "0", "0", "0", "0", "0", "0", "0", "0", "0", "0", "0", "0", "0", "1", "0", "0", "0", "0", "0", "0" ], "duration": 21.0, "sum": 1 }, "geometry": { "type": "Point", "coordinates": [ -122.369703088244478, 47.75901579406554 ] } },
{ "type": "Feature", "properties": { "lat": 47.75901579406554, "lon": -122.36970308824448, "time_of_day": "Morning", "causation": [ "0", "0", "0", "0", "0", "0", "0", "0", "1", "0", "0", "0", "0", "0", "0", "0", "0", "0", "0", "0", "0", "0", "0", "0" ], "duration": 378.0, "sum": 1 }, "geometry": { "type": "Point", "coordinates": [ -122.369703088244478, 47.75901579406554 ] } },
{ "type": "Feature", "properties": { "lat": 47.759077616918717, "lon": -122.37170672768482, "time_of_day": "Late Night", "causation": [ "0", "0", "0", "0", "0", "0", "0", "0", "0", "0", "0", "0", "0", "0", "0", "0", "0", "2", "0", "0", "0", "0", "0", "0" ], "duration": 42.0, "sum": 2 }, "geometry": { "type": "Point", "coordinates": [ -122.371706727684824, 47.759077616918717 ] } },
{ "type": "Feature", "properties": { "lat": 47.759077616918717, "lon": -122.37170672768482, "time_of_day": "Morning", "causation": [ "0", "0", "0", "0", "0", "0", "0", "0", "2", "0", "0", "0", "0", "0", "0", "0", "0", "0", "0", "0", "0", "0", "0", "0" ], "duration": 756.0, "sum": 2 }, "geometry": { "type": "Point", "coordinates": [ -122.371706727684824, 47.759077616918717 ] } },
{ "type": "Feature", "properties": { "lat": 47.759306870565787, "lon": -122.36879590270648, "time_of_day": "Late Night", "causation": [ "0", "0", "0", "0", "0", "0", "0", "0", "0", "0", "0", "0", "0", "0", "0", "0", "0", "1", "0", "0", "0", "0", "0", "0" ], "duration": 21.0, "sum": 1 }, "geometry": { "type": "Point", "coordinates": [ -122.368795902706481, 47.759306870565787 ] } },
{ "type": "Feature", "properties": { "lat": 47.759306870565787, "lon": -122.36879590270648, "time_of_day": "Morning", "causation": [ "0", "0", "0", "0", "0", "0", "0", "0", "1", "0", "0", "0", "0", "0", "0", "0", "0", "0", "0", "0", "0", "0", "0", "0" ], "duration": 378.0, "sum": 1 }, "geometry": { "type": "Point", "coordinates": [ -122.368795902706481, 47.759306870565787 ] } },
{ "type": "Feature", "properties": { "lat": 47.7593136655371, "lon": -122.37168443954003, "time_of_day": "Late Night", "causation": [ "0", "0", "0", "0", "0", "0", "0", "0", "0", "0", "0", "0", "0", "0", "0", "0", "0", "1", "0", "0", "0", "0", "0", "0" ], "duration": 21.0, "sum": 1 }, "geometry": { "type": "Point", "coordinates": [ -122.371684439540033, 47.7593136655371 ] } },
{ "type": "Feature", "properties": { "lat": 47.7593136655371, "lon": -122.37168443954003, "time_of_day": "Morning", "causation": [ "0", "0", "0", "0", "0", "0", "0", "0", "1", "0", "0", "0", "0", "0", "0", "0", "0", "0", "0", "0", "0", "0", "0", "0" ], "duration": 378.0, "sum": 1 }, "geometry": { "type": "Point", "coordinates": [ -122.371684439540033, 47.7593136655371 ] } },
{ "type": "Feature", "properties": { "lat": 47.75940242994448, "lon": -122.36947985064482, "time_of_day": "Late Night", "causation": [ "0", "0", "0", "0", "0", "0", "0", "0", "0", "0", "0", "0", "0", "0", "0", "0", "0", "1", "0", "0", "0", "0", "0", "0" ], "duration": 21.0, "sum": 1 }, "geometry": { "type": "Point", "coordinates": [ -122.369479850644822, 47.75940242994448 ] } },
{ "type": "Feature", "properties": { "lat": 47.75940242994448, "lon": -122.36947985064482, "time_of_day": "Morning", "causation": [ "0", "0", "0", "0", "0", "0", "0", "0", "1", "0", "0", "0", "0", "0", "0", "0", "0", "0", "0", "0", "0", "0", "0", "0" ], "duration": 378.0, "sum": 1 }, "geometry": { "type": "Point", "coordinates": [ -122.369479850644822, 47.75940242994448 ] } },
{ "type": "Feature", "properties": { "lat": 47.759415594193477, "lon": -122.36997740795644, "time_of_day": "Late Night", "causation": [ "0", "0", "0", "0", "0", "0", "0", "0", "0", "0", "0", "0", "0", "0", "0", "0", "0", "1", "0", "0", "0", "0", "0", "0" ], "duration": 21.0, "sum": 1 }, "geometry": { "type": "Point", "coordinates": [ -122.369977407956441, 47.759415594193477 ] } },
{ "type": "Feature", "properties": { "lat": 47.759415594193477, "lon": -122.36997740795644, "time_of_day": "Morning", "causation": [ "0", "0", "0", "0", "0", "0", "0", "0", "1", "0", "0", "0", "0", "0", "0", "0", "0", "0", "0", "0", "0", "0", "0", "0" ], "duration": 378.0, "sum": 1 }, "geometry": { "type": "Point", "coordinates": [ -122.369977407956441, 47.759415594193477 ] } },
{ "type": "Feature", "properties": { "lat": 47.759428475254815, "lon": -122.37040178029952, "time_of_day": "Late Night", "causation": [ "0", "0", "0", "0", "0", "0", "0", "0", "0", "0", "0", "0", "0", "0", "0", "0", "0", "1", "0", "0", "0", "0", "0", "0" ], "duration": 21.0, "sum": 1 }, "geometry": { "type": "Point", "coordinates": [ -122.370401780299517, 47.759428475254815 ] } },
{ "type": "Feature", "properties": { "lat": 47.759428475254815, "lon": -122.37040178029952, "time_of_day": "Morning", "causation": [ "0", "0", "0", "0", "0", "0", "0", "0", "1", "0", "0", "0", "0", "0", "0", "0", "0", "0", "0", "0", "0", "0", "0", "0" ], "duration": 378.0, "sum": 1 }, "geometry": { "type": "Point", "coordinates": [ -122.370401780299517, 47.759428475254815 ] } },
{ "type": "Feature", "properties": { "lat": 47.75944695160959, "lon": -122.37081002418188, "time_of_day": "Late Night", "causation": [ "0", "0", "0", "0", "0", "0", "0", "0", "0", "0", "0", "0", "0", "0", "0", "0", "0", "1", "0", "0", "0", "0", "0", "0" ], "duration": 21.0, "sum": 1 }, "geometry": { "type": "Point", "coordinates": [ -122.370810024181878, 47.75944695160959 ] } },
{ "type": "Feature", "properties": { "lat": 47.75944695160959, "lon": -122.37081002418188, "time_of_day": "Morning", "causation": [ "0", "0", "0", "0", "0", "0", "0", "0", "1", "0", "0", "0", "0", "0", "0", "0", "0", "0", "0", "0", "0", "0", "0", "0" ], "duration": 378.0, "sum": 1 }, "geometry": { "type": "Point", "coordinates": [ -122.370810024181878, 47.75944695160959 ] } },
{ "type": "Feature", "properties": { "lat": 47.759502129745073, "lon": -122.37123322715894, "time_of_day": "Late Night", "causation": [ "0", "0", "0", "0", "0", "0", "0", "0", "0", "0", "0", "0", "0", "0", "0", "0", "0", "1", "0", "0", "0", "0", "0", "0" ], "duration": 21.0, "sum": 1 }, "geometry": { "type": "Point", "coordinates": [ -122.371233227158939, 47.759502129745073 ] } },
{ "type": "Feature", "properties": { "lat": 47.759502129745073, "lon": -122.37123322715894, "time_of_day": "Morning", "causation": [ "0", "0", "0", "0", "0", "0", "0", "0", "1", "0", "0", "0", "0", "0", "0", "0", "0", "0", "0", "0", "0", "0", "0", "0" ], "duration": 378.0, "sum": 1 }, "geometry": { "type": "Point", "coordinates": [ -122.371233227158939, 47.759502129745073 ] } },
{ "type": "Feature", "properties": { "lat": 47.759886807799461, "lon": -122.37098500874303, "time_of_day": "Late Night", "causation": [ "0", "0", "0", "0", "0", "0", "0", "0", "0", "0", "0", "0", "0", "0", "0", "0", "0", "1", "0", "0", "0", "0", "0", "0" ], "duration": 21.0, "sum": 1 }, "geometry": { "type": "Point", "coordinates": [ -122.370985008743034, 47.759886807799461 ] } },
{ "type": "Feature", "properties": { "lat": 47.759886807799461, "lon": -122.37098500874303, "time_of_day": "Morning", "causation": [ "0", "0", "0", "0", "0", "0", "0", "0", "1", "0", "0", "0", "0", "0", "0", "0", "0", "0", "0", "0", "0", "0", "0", "0" ], "duration": 378.0, "sum": 1 }, "geometry": { "type": "Point", "coordinates": [ -122.370985008743034, 47.759886807799461 ] } },
{ "type": "Feature", "properties": { "lat": 47.759939315430451, "lon": -122.37024362193289, "time_of_day": "Late Night", "causation": [ "0", "0", "0", "0", "0", "0", "0", "0", "0", "0", "0", "0", "0", "0", "0", "0", "0", "1", "0", "0", "0", "0", "0", "0" ], "duration": 21.0, "sum": 1 }, "geometry": { "type": "Point", "coordinates": [ -122.370243621932886, 47.759939315430451 ] } },
{ "type": "Feature", "properties": { "lat": 47.759939315430451, "lon": -122.37024362193289, "time_of_day": "Morning", "causation": [ "0", "0", "0", "0", "0", "0", "0", "0", "1", "0", "0", "0", "0", "0", "0", "0", "0", "0", "0", "0", "0", "0", "0", "0" ], "duration": 378.0, "sum": 1 }, "geometry": { "type": "Point", "coordinates": [ -122.370243621932886, 47.759939315430451 ] } },
{ "type": "Feature", "properties": { "lat": 47.760108462263247, "lon": -122.36980503926344, "time_of_day": "Late Night", "causation": [ "0", "0", "0", "0", "0", "0", "0", "0", "0", "0", "0", "0", "0", "0", "0", "0", "0", "1", "0", "0", "0", "0", "0", "0" ], "duration": 21.0, "sum": 1 }, "geometry": { "type": "Point", "coordinates": [ -122.36980503926344, 47.760108462263247 ] } },
{ "type": "Feature", "properties": { "lat": 47.760108462263247, "lon": -122.36980503926344, "time_of_day": "Morning", "causation": [ "0", "0", "0", "0", "0", "0", "0", "0", "1", "0", "0", "0", "0", "0", "0", "0", "0", "0", "0", "0", "0", "0", "0", "0" ], "duration": 378.0, "sum": 1 }, "geometry": { "type": "Point", "coordinates": [ -122.36980503926344, 47.760108462263247 ] } },
{ "type": "Feature", "properties": { "lat": 47.762976797013003, "lon": -122.33923777015428, "time_of_day": "Late Night", "causation": [ "0", "0", "0", "0", "0", "0", "0", "0", "0", "0", "0", "0", "0", "0", "1", "0", "0", "0", "0", "0", "0", "0", "0", "0" ], "duration": 47.0, "sum": 1 }, "geometry": { "type": "Point", "coordinates": [ -122.339237770154284, 47.762976797013003 ] } },
{ "type": "Feature", "properties": { "lat": 47.764663574152408, "lon": -122.29111877814076, "time_of_day": "Morning", "causation": [ "0", "0", "0", "0", "0", "0", "0", "0", "0", "0", "0", "0", "0", "0", "0", "0", "0", "1", "0", "0", "0", "0", "0", "0" ], "duration": 1551.0, "sum": 1 }, "geometry": { "type": "Point", "coordinates": [ -122.291118778140756, 47.764663574152408 ] } },
{ "type": "Feature", "properties": { "lat": 47.764715152329423, "lon": -122.2916679827638, "time_of_day": "Morning", "causation": [ "0", "0", "0", "0", "0", "0", "0", "0", "0", "0", "0", "0", "0", "0", "0", "0", "0", "1", "0", "0", "0", "0", "0", "0" ], "duration": 1551.0, "sum": 1 }, "geometry": { "type": "Point", "coordinates": [ -122.291667982763798, 47.764715152329423 ] } },
{ "type": "Feature", "properties": { "lat": 47.764762665280202, "lon": -122.29142452247004, "time_of_day": "Morning", "causation": [ "0", "0", "0", "0", "0", "0", "0", "0", "0", "0", "0", "0", "0", "0", "0", "0", "0", "1", "0", "0", "0", "0", "0", "0" ], "duration": 1551.0, "sum": 1 }, "geometry": { "type": "Point", "coordinates": [ -122.291424522470038, 47.764762665280202 ] } },
{ "type": "Feature", "properties": { "lat": 47.765063019530452, "lon": -122.29254486759756, "time_of_day": "Morning", "causation": [ "0", "0", "0", "0", "0", "0", "0", "0", "0", "0", "0", "0", "0", "0", "0", "0", "0", "2", "0", "0", "0", "0", "0", "0" ], "duration": 3102.0, "sum": 2 }, "geometry": { "type": "Point", "coordinates": [ -122.292544867597556, 47.765063019530452 ] } },
{ "type": "Feature", "properties": { "lat": 47.765122004481498, "lon": -122.29156000367324, "time_of_day": "Morning", "causation": [ "0", "0", "0", "0", "0", "0", "0", "0", "0", "0", "0", "0", "0", "0", "0", "0", "0", "1", "0", "0", "0", "0", "0", "0" ], "duration": 1551.0, "sum": 1 }, "geometry": { "type": "Point", "coordinates": [ -122.29156000367324, 47.765122004481498 ] } },
{ "type": "Feature", "properties": { "lat": 47.765122205946732, "lon": -122.29114866907098, "time_of_day": "Morning", "causation": [ "0", "0", "0", "0", "0", "0", "0", "0", "0", "0", "0", "0", "0", "0", "0", "0", "0", "1", "0", "0", "0", "0", "0", "0" ], "duration": 1551.0, "sum": 1 }, "geometry": { "type": "Point", "coordinates": [ -122.291148669070978, 47.765122205946732 ] } },
{ "type": "Feature", "properties": { "lat": 47.765328119739699, "lon": -122.29256937658532, "time_of_day": "Morning", "causation": [ "0", "0", "0", "0", "0", "0", "0", "0", "0", "0", "0", "0", "0", "0", "0", "0", "0", "1", "0", "0", "0", "0", "0", "0" ], "duration": 1551.0, "sum": 1 }, "geometry": { "type": "Point", "coordinates": [ -122.29256937658532, 47.765328119739699 ] } },
{ "type": "Feature", "properties": { "lat": 47.774113560952642, "lon": -122.36900678320376, "time_of_day": "Morning", "causation": [ "0", "0", "0", "0", "0", "0", "0", "0", "2", "0", "0", "0", "0", "0", "0", "0", "0", "0", "0", "0", "0", "0", "0", "0" ], "duration": 216.0, "sum": 2 }, "geometry": { "type": "Point", "coordinates": [ -122.369006783203758, 47.774113560952642 ] } }
]
}
