{
"type": "FeatureCollection",
"crs": { "type": "name", "properties": { "name": "urn:ogc:def:crs:OGC::CRS84" } },
"features": [
{ "type": "Feature", "properties": { "lat": 47.466230444130339, "lon": -122.32658223229942, "time_of_day": "Morning", "causation": [ "0", "0", "49", "0", "0", "0", "0", "0", "0", "0", "0", "0", "0", "0", "0", "0", "0", "0", "0", "0", "0", "0", "0", "0" ], "duration": 21364.0, "sum": 49 }, "geometry": { "type": "Point", "coordinates": [ -122.326582232299415, 47.466230444130339 ] } },
{ "type": "Feature", "properties": { "lat": 47.469022776752141, "lon": -122.2896394218287, "time_of_day": "Morning", "causation": [ "0", "0", "0", "0", "0", "0", "0", "0", "0", "0", "0", "0", "0", "0", "0", "0", "0", "0", "52", "0", "0", "0", "0", "0" ], "duration": 52052.0, "sum": 52 }, "geometry": { "type": "Point", "coordinates": [ -122.289639421828696, 47.469022776752141 ] } },
{ "type": "Feature", "properties": { "lat": 47.4694888842238, "lon": -122.28806615682446, "time_of_day": "Morning", "causation": [ "0", "0", "0", "0", "0", "0", "0", "0", "0", "0", "0", "0", "0", "0", "0", "0", "0", "0", "47", "0", "0", "0", "0", "0" ], "duration": 47047.0, "sum": 47 }, "geometry": { "type": "Point", "coordinates": [ -122.288066156824456, 47.4694888842238 ] } },
{ "type": "Feature", "properties": { "lat": 47.473986362302803, "lon": -122.28520542222276, "time_of_day": "Morning", "causation": [ "0", "0", "0", "0", "0", "0", "0", "0", "0", "0", "0", "0", "0", "0", "0", "0", "0", "0", "1", "0", "0", "0", "0", "0" ], "duration": 45.0, "sum": 1 }, "geometry": { "type": "Point", "coordinates": [ -122.285205422222759, 47.473986362302803 ] } },
{ "type": "Feature", "properties": { "lat": 47.474021850903689, "lon": -122.28407699130145, "time_of_day": "Morning", "causation": [ "0", "0", "0", "0", "0", "0", "0", "0", "0", "0", "0", "0", "0", "0", "0", "0", "0", "0", "1", "0", "0", "0", "0", "0" ], "duration": 45.0, "sum": 1 }, "geometry": { "type": "Point", "coordinates": [ -122.284076991301447, 47.474021850903689 ] } },
{ "type": "Feature", "properties": { "lat": 47.47410649753143, "lon": -122.28474050510304, "time_of_day": "Morning", "causation": [ "0", "0", "0", "0", "0", "0", "0", "0", "0", "0", "0", "0", "0", "0", "0", "0", "0", "0", "1", "0", "0", "0", "0", "0" ], "duration": 45.0, "sum": 1 }, "geometry": { "type": "Point", "coordinates": [ -122.284740505103045, 47.47410649753143 ] } },
{ "type": "Feature", "properties": { "lat": 47.474484693506177, "lon": -122.28466486868705, "time_of_day": "Morning", "causation": [ "0", "0", "0", "0", "0", "0", "0", "0", "0", "0", "0", "0", "0", "0", "0", "0", "0", "0", "1", "0", "0", "0", "0", "0" ], "duration": 45.0, "sum": 1 }, "geometry": { "type": "Point", "coordinates": [ -122.284664868687045, 47.474484693506177 ] } },
{ "type": "Feature", "properties": { "lat": 47.476833496453963, "lon": -122.2493123383483, "time_of_day": "Morning", "causation": [ "0", "0", "0", "0", "2", "0", "0", "0", "0", "0", "0", "0", "0", "0", "0", "0", "0", "0", "0", "0", "0", "0", "0", "0" ], "duration": 898.0, "sum": 2 }, "geometry": { "type": "Point", "coordinates": [ -122.249312338348304, 47.476833496453963 ] } },
{ "type": "Feature", "properties": { "lat": 47.476992665441522, "lon": -122.25135019615722, "time_of_day": "Morning", "causation": [ "0", "0", "0", "0", "2", "0", "0", "0", "0", "0", "0", "0", "0", "0", "0", "0", "0", "0", "0", "0", "0", "0", "0", "0" ], "duration": 898.0, "sum": 2 }, "geometry": { "type": "Point", "coordinates": [ -122.251350196157219, 47.476992665441522 ] } },
{ "type": "Feature", "properties": { "lat": 47.478839397724656, "lon": -122.26373902124404, "time_of_day": "Late Night", "causation": [ "0", "0", "0", "0", "0", "0", "0", "0", "2", "0", "0", "0", "0", "0", "0", "0", "0", "0", "0", "0", "0", "0", "0", "0" ], "duration": 672.0, "sum": 2 }, "geometry": { "type": "Point", "coordinates": [ -122.263739021244035, 47.478839397724656 ] } },
{ "type": "Feature", "properties": { "lat": 47.478990819298481, "lon": -122.26430815592208, "time_of_day": "Late Night", "causation": [ "0", "0", "0", "0", "0", "0", "0", "0", "12", "0", "0", "0", "0", "0", "0", "0", "0", "0", "0", "0", "0", "0", "0", "0" ], "duration": 4032.0, "sum": 12 }, "geometry": { "type": "Point", "coordinates": [ -122.26430815592208, 47.478990819298481 ] } },
{ "type": "Feature", "properties": { "lat": 47.479062722406731, "lon": -122.26392023349884, "time_of_day": "Late Night", "causation": [ "0", "0", "0", "0", "0", "0", "0", "0", "10", "0", "0", "0", "0", "0", "0", "0", "0", "0", "0", "0", "0", "0", "0", "0" ], "duration": 3360.0, "sum": 10 }, "geometry": { "type": "Point", "coordinates": [ -122.263920233498837, 47.479062722406731 ] } },
{ "type": "Feature", "properties": { "lat": 47.479244926889457, "lon": -122.26461183579856, "time_of_day": "Late Night", "causation": [ "0", "0", "0", "0", "0", "0", "0", "0", "12", "0", "0", "0", "0", "0", "0", "0", "0", "0", "0", "0", "0", "0", "0", "0" ], "duration": 4032.0, "sum": 12 }, "geometry": { "type": "Point", "coordinates": [ -122.264611835798561, 47.479244926889457 ] } },
{ "type": "Feature", "properties": { "lat": 47.47931796464286, "lon": -122.2642405661892, "time_of_day": "Late Night", "causation": [ "0", "0", "0", "0", "0", "0", "0", "0", "10", "0", "0", "0", "0", "0", "0", "0", "0", "0", "0", "0", "0", "0", "0", "0" ], "duration": 3360.0, "sum": 10 }, "geometry": { "type": "Point", "coordinates": [ -122.264240566189201, 47.47931796464286 ] } },
{ "type": "Feature", "properties": { "lat": 47.479461720401112, "lon": -122.26488687013919, "time_of_day": "Late Night", "causation": [ "0", "0", "0", "0", "0", "0", "0", "0", "13", "0", "0", "0", "0", "0", "0", "0", "0", "0", "0", "0", "0", "0", "0", "0" ], "duration": 4368.0, "sum": 13 }, "geometry": { "type": "Point", "coordinates": [ -122.264886870139193, 47.479461720401112 ] } },
{ "type": "Feature", "properties": { "lat": 47.479544008575459, "lon": -122.2645649140088, "time_of_day": "Late Night", "causation": [ "0", "0", "0", "0", "0", "0", "0", "0", "10", "0", "0", "0", "0", "0", "0", "0", "0", "0", "0", "0", "0", "0", "0", "0" ], "duration": 3360.0, "sum": 10 }, "geometry": { "type": "Point", "coordinates": [ -122.264564914008801, 47.479544008575459 ] } },
{ "type": "Feature", "properties": { "lat": 47.47955242194319, "lon": -122.25256826008348, "time_of_day": "Morning", "causation": [ "0", "0", "0", "0", "1", "0", "0", "0", "0", "0", "0", "0", "0", "0", "0", "0", "0", "0", "0", "0", "0", "0", "0", "0" ], "duration": 449.0, "sum": 1 }, "geometry": { "type": "Point", "coordinates": [ -122.252568260083478, 47.47955242194319 ] } },
{ "type": "Feature", "properties": { "lat": 47.479758304366754, "lon": -122.26535965361002, "time_of_day": "Late Night", "causation": [ "0", "0", "0", "0", "0", "0", "0", "0", "12", "0", "0", "0", "0", "0", "0", "0", "0", "0", "0", "0", "0", "0", "0", "0" ], "duration": 4032.0, "sum": 12 }, "geometry": { "type": "Point", "coordinates": [ -122.26535965361002, 47.479758304366754 ] } },
{ "type": "Feature", "properties": { "lat": 47.479766985294056, "lon": -122.25377995340018, "time_of_day": "Morning", "causation": [ "0", "0", "0", "0", "1", "0", "0", "0", "0", "0", "0", "0", "0", "0", "0", "0", "0", "0", "0", "0", "0", "0", "0", "0" ], "duration": 449.0, "sum": 1 }, "geometry": { "type": "Point", "coordinates": [ -122.253779953400183, 47.479766985294056 ] } },
{ "type": "Feature", "properties": { "lat": 47.479805918442317, "lon": -122.26495645919287, "time_of_day": "Late Night", "causation": [ "0", "0", "0", "0", "0", "0", "0", "0", "10", "0", "0", "0", "0", "0", "0", "0", "0", "0", "0", "0", "0", "0", "0", "0" ], "duration": 3360.0, "sum": 10 }, "geometry": { "type": "Point", "coordinates": [ -122.264956459192874, 47.479805918442317 ] } },
{ "type": "Feature", "properties": { "lat": 47.480027636793686, "lon": -122.25460320202978, "time_of_day": "Morning", "causation": [ "0", "0", "0", "0", "1", "0", "0", "0", "0", "0", "0", "0", "0", "0", "0", "0", "0", "0", "0", "0", "0", "0", "0", "0" ], "duration": 449.0, "sum": 1 }, "geometry": { "type": "Point", "coordinates": [ -122.254603202029784, 47.480027636793686 ] } },
{ "type": "Feature", "properties": { "lat": 47.480043747153971, "lon": -122.26529848815876, "time_of_day": "Late Night", "causation": [ "0", "0", "0", "0", "0", "0", "0", "0", "8", "0", "0", "0", "0", "0", "0", "0", "0", "0", "0", "0", "0", "0", "0", "0" ], "duration": 2688.0, "sum": 8 }, "geometry": { "type": "Point", "coordinates": [ -122.265298488158763, 47.480043747153971 ] } },
{ "type": "Feature", "properties": { "lat": 47.48034097495546, "lon": -122.26565715687424, "time_of_day": "Late Night", "causation": [ "0", "0", "0", "0", "0", "0", "0", "0", "8", "0", "0", "0", "0", "0", "0", "0", "0", "0", "0", "0", "0", "0", "0", "0" ], "duration": 2688.0, "sum": 8 }, "geometry": { "type": "Point", "coordinates": [ -122.265657156874241, 47.48034097495546 ] } },
{ "type": "Feature", "properties": { "lat": 47.480907087405967, "lon": -122.27569077930208, "time_of_day": "Morning", "causation": [ "0", "0", "0", "0", "1", "0", "0", "0", "0", "0", "0", "0", "0", "0", "0", "0", "0", "0", "0", "0", "0", "0", "0", "0" ], "duration": 125.0, "sum": 1 }, "geometry": { "type": "Point", "coordinates": [ -122.275690779302082, 47.480907087405967 ] } },
{ "type": "Feature", "properties": { "lat": 47.481655906545868, "lon": -122.27522781182807, "time_of_day": "Morning", "causation": [ "0", "0", "0", "0", "1", "0", "0", "0", "0", "0", "0", "0", "0", "0", "0", "0", "0", "0", "0", "0", "0", "0", "0", "0" ], "duration": 125.0, "sum": 1 }, "geometry": { "type": "Point", "coordinates": [ -122.275227811828074, 47.481655906545868 ] } },
{ "type": "Feature", "properties": { "lat": 47.481673946730233, "lon": -122.27919412387789, "time_of_day": "Morning", "causation": [ "0", "0", "0", "0", "1", "0", "0", "0", "0", "0", "0", "0", "0", "0", "0", "0", "0", "0", "0", "0", "0", "0", "0", "0" ], "duration": 125.0, "sum": 1 }, "geometry": { "type": "Point", "coordinates": [ -122.279194123877886, 47.481673946730233 ] } },
{ "type": "Feature", "properties": { "lat": 47.481735069729353, "lon": -122.28029987972714, "time_of_day": "Morning", "causation": [ "0", "0", "0", "0", "1", "0", "0", "0", "0", "0", "0", "0", "0", "0", "0", "0", "0", "0", "0", "0", "0", "0", "0", "0" ], "duration": 125.0, "sum": 1 }, "geometry": { "type": "Point", "coordinates": [ -122.280299879727139, 47.481735069729353 ] } },
{ "type": "Feature", "properties": { "lat": 47.481841848325843, "lon": -122.2774638092624, "time_of_day": "Morning", "causation": [ "0", "0", "0", "0", "1", "0", "0", "0", "0", "0", "0", "0", "0", "0", "0", "0", "0", "0", "0", "0", "0", "0", "0", "0" ], "duration": 125.0, "sum": 1 }, "geometry": { "type": "Point", "coordinates": [ -122.2774638092624, 47.481841848325843 ] } },
{ "type": "Feature", "properties": { "lat": 47.481945532396217, "lon": -122.2792181949068, "time_of_day": "Morning", "causation": [ "0", "0", "0", "0", "1", "0", "0", "0", "0", "0", "0", "0", "0", "0", "0", "0", "0", "0", "0", "0", "0", "0", "0", "0" ], "duration": 125.0, "sum": 1 }, "geometry": { "type": "Point", "coordinates": [ -122.279218194906804, 47.481945532396217 ] } },
{ "type": "Feature", "properties": { "lat": 47.48196541303021, "lon": -122.27628352249242, "time_of_day": "Morning", "causation": [ "0", "0", "0", "0", "1", "0", "0", "0", "0", "0", "0", "0", "0", "0", "0", "0", "0", "0", "0", "0", "0", "0", "0", "0" ], "duration": 125.0, "sum": 1 }, "geometry": { "type": "Point", "coordinates": [ -122.27628352249242, 47.48196541303021 ] } },
{ "type": "Feature", "properties": { "lat": 47.481980750668498, "lon": -122.25379384249672, "time_of_day": "Morning", "causation": [ "0", "0", "0", "0", "3", "0", "0", "0", "0", "0", "0", "0", "0", "0", "0", "0", "0", "0", "0", "0", "0", "0", "0", "0" ], "duration": 1347.0, "sum": 3 }, "geometry": { "type": "Point", "coordinates": [ -122.253793842496719, 47.481980750668498 ] } },
{ "type": "Feature", "properties": { "lat": 47.481992177171705, "lon": -122.27810911116386, "time_of_day": "Morning", "causation": [ "0", "0", "0", "0", "1", "0", "0", "0", "0", "0", "0", "0", "0", "0", "0", "0", "0", "0", "0", "0", "0", "0", "0", "0" ], "duration": 125.0, "sum": 1 }, "geometry": { "type": "Point", "coordinates": [ -122.278109111163857, 47.481992177171705 ] } },
{ "type": "Feature", "properties": { "lat": 47.481993447275165, "lon": -122.27547788806216, "time_of_day": "Morning", "causation": [ "0", "0", "0", "0", "1", "0", "0", "0", "0", "0", "0", "0", "0", "0", "0", "0", "0", "0", "0", "0", "0", "0", "0", "0" ], "duration": 125.0, "sum": 1 }, "geometry": { "type": "Point", "coordinates": [ -122.275477888062156, 47.481993447275165 ] } },
{ "type": "Feature", "properties": { "lat": 47.481999830821877, "lon": -122.25602394887878, "time_of_day": "Morning", "causation": [ "0", "0", "0", "0", "1", "0", "0", "0", "0", "0", "0", "0", "0", "0", "0", "0", "0", "0", "0", "0", "0", "0", "0", "0" ], "duration": 449.0, "sum": 1 }, "geometry": { "type": "Point", "coordinates": [ -122.256023948878777, 47.481999830821877 ] } },
{ "type": "Feature", "properties": { "lat": 47.482008845684632, "lon": -122.2794780522957, "time_of_day": "Morning", "causation": [ "0", "0", "0", "0", "1", "0", "0", "0", "0", "0", "0", "0", "0", "0", "0", "0", "0", "0", "0", "0", "0", "0", "0", "0" ], "duration": 125.0, "sum": 1 }, "geometry": { "type": "Point", "coordinates": [ -122.279478052295701, 47.482008845684632 ] } },
{ "type": "Feature", "properties": { "lat": 47.482020877761897, "lon": -122.27717669109131, "time_of_day": "Morning", "causation": [ "0", "0", "0", "0", "1", "0", "0", "0", "0", "0", "0", "0", "0", "0", "0", "0", "0", "0", "0", "0", "0", "0", "0", "0" ], "duration": 125.0, "sum": 1 }, "geometry": { "type": "Point", "coordinates": [ -122.277176691091313, 47.482020877761897 ] } },
{ "type": "Feature", "properties": { "lat": 47.482033072088448, "lon": -122.25837641920285, "time_of_day": "Morning", "causation": [ "0", "0", "0", "0", "2", "0", "0", "0", "2", "0", "0", "0", "0", "0", "0", "0", "0", "0", "0", "0", "0", "0", "0", "0" ], "duration": 4484.0, "sum": 4 }, "geometry": { "type": "Point", "coordinates": [ -122.258376419202847, 47.482033072088448 ] } },
{ "type": "Feature", "properties": { "lat": 47.482071336908831, "lon": -122.28032207003204, "time_of_day": "Morning", "causation": [ "0", "0", "0", "0", "1", "0", "0", "0", "0", "0", "0", "0", "0", "0", "0", "0", "0", "0", "0", "0", "0", "0", "0", "0" ], "duration": 125.0, "sum": 1 }, "geometry": { "type": "Point", "coordinates": [ -122.280322070032042, 47.482071336908831 ] } },
{ "type": "Feature", "properties": { "lat": 47.482110901870271, "lon": -122.27751037123969, "time_of_day": "Morning", "causation": [ "0", "0", "0", "0", "1", "0", "0", "0", "0", "0", "0", "0", "0", "0", "0", "0", "0", "0", "0", "0", "0", "0", "0", "0" ], "duration": 125.0, "sum": 1 }, "geometry": { "type": "Point", "coordinates": [ -122.277510371239686, 47.482110901870271 ] } },
{ "type": "Feature", "properties": { "lat": 47.482128559036497, "lon": -122.27673005143926, "time_of_day": "Morning", "causation": [ "0", "0", "0", "0", "1", "0", "0", "0", "0", "0", "0", "0", "0", "0", "0", "0", "0", "0", "0", "0", "0", "0", "0", "0" ], "duration": 125.0, "sum": 1 }, "geometry": { "type": "Point", "coordinates": [ -122.276730051439259, 47.482128559036497 ] } },
{ "type": "Feature", "properties": { "lat": 47.482153605182432, "lon": -122.27529880324322, "time_of_day": "Morning", "causation": [ "0", "0", "0", "0", "1", "0", "0", "0", "0", "0", "0", "0", "0", "0", "0", "0", "0", "0", "0", "0", "0", "0", "0", "0" ], "duration": 125.0, "sum": 1 }, "geometry": { "type": "Point", "coordinates": [ -122.275298803243217, 47.482153605182432 ] } },
{ "type": "Feature", "properties": { "lat": 47.482184048808328, "lon": -122.27954283341444, "time_of_day": "Morning", "causation": [ "0", "0", "0", "0", "1", "0", "0", "0", "0", "0", "0", "0", "0", "0", "0", "0", "0", "0", "0", "0", "0", "0", "0", "0" ], "duration": 125.0, "sum": 1 }, "geometry": { "type": "Point", "coordinates": [ -122.279542833414439, 47.482184048808328 ] } },
{ "type": "Feature", "properties": { "lat": 47.482186387638194, "lon": -122.2790934754798, "time_of_day": "Morning", "causation": [ "0", "0", "0", "0", "1", "0", "0", "0", "0", "0", "0", "0", "0", "0", "0", "0", "0", "0", "0", "0", "0", "0", "0", "0" ], "duration": 125.0, "sum": 1 }, "geometry": { "type": "Point", "coordinates": [ -122.279093475479797, 47.482186387638194 ] } },
{ "type": "Feature", "properties": { "lat": 47.482270960833638, "lon": -122.27573862009612, "time_of_day": "Morning", "causation": [ "0", "0", "0", "0", "1", "0", "0", "0", "0", "0", "0", "0", "0", "0", "0", "0", "0", "0", "0", "0", "0", "0", "0", "0" ], "duration": 125.0, "sum": 1 }, "geometry": { "type": "Point", "coordinates": [ -122.275738620096121, 47.482270960833638 ] } },
{ "type": "Feature", "properties": { "lat": 47.482326924748008, "lon": -122.27922220997571, "time_of_day": "Morning", "causation": [ "0", "0", "0", "0", "1", "0", "0", "0", "0", "0", "0", "0", "0", "0", "0", "0", "0", "0", "0", "0", "0", "0", "0", "0" ], "duration": 125.0, "sum": 1 }, "geometry": { "type": "Point", "coordinates": [ -122.279222209975714, 47.482326924748008 ] } },
{ "type": "Feature", "properties": { "lat": 47.482338374541818, "lon": -122.28018681677368, "time_of_day": "Morning", "causation": [ "0", "0", "0", "0", "1", "0", "0", "0", "0", "0", "0", "0", "0", "0", "0", "0", "0", "0", "0", "0", "0", "0", "0", "0" ], "duration": 125.0, "sum": 1 }, "geometry": { "type": "Point", "coordinates": [ -122.280186816773679, 47.482338374541818 ] } },
{ "type": "Feature", "properties": { "lat": 47.482362884672895, "lon": -122.27605312271712, "time_of_day": "Morning", "causation": [ "0", "0", "0", "0", "1", "0", "0", "0", "0", "0", "0", "0", "0", "0", "0", "0", "0", "0", "0", "0", "0", "0", "0", "0" ], "duration": 125.0, "sum": 1 }, "geometry": { "type": "Point", "coordinates": [ -122.276053122717116, 47.482362884672895 ] } },
{ "type": "Feature", "properties": { "lat": 47.48242147489843, "lon": -122.27946855186973, "time_of_day": "Morning", "causation": [ "0", "0", "0", "0", "1", "0", "0", "0", "0", "0", "0", "0", "0", "0", "0", "0", "0", "0", "0", "0", "0", "0", "0", "0" ], "duration": 125.0, "sum": 1 }, "geometry": { "type": "Point", "coordinates": [ -122.279468551869726, 47.48242147489843 ] } },
{ "type": "Feature", "properties": { "lat": 47.48251111131615, "lon": -122.27542827144391, "time_of_day": "Morning", "causation": [ "0", "0", "0", "0", "1", "0", "0", "0", "0", "0", "0", "0", "0", "0", "0", "0", "0", "0", "0", "0", "0", "0", "0", "0" ], "duration": 125.0, "sum": 1 }, "geometry": { "type": "Point", "coordinates": [ -122.275428271443914, 47.48251111131615 ] } },
{ "type": "Feature", "properties": { "lat": 47.482545751454708, "lon": -122.27958282176471, "time_of_day": "Morning", "causation": [ "0", "0", "0", "0", "1", "0", "0", "0", "0", "0", "0", "0", "0", "0", "0", "0", "0", "0", "0", "0", "0", "0", "0", "0" ], "duration": 125.0, "sum": 1 }, "geometry": { "type": "Point", "coordinates": [ -122.279582821764706, 47.482545751454708 ] } },
{ "type": "Feature", "properties": { "lat": 47.48267342784235, "lon": -122.28029565402218, "time_of_day": "Morning", "causation": [ "0", "0", "0", "0", "1", "0", "0", "0", "0", "0", "0", "0", "0", "0", "0", "0", "0", "0", "0", "0", "0", "0", "0", "0" ], "duration": 125.0, "sum": 1 }, "geometry": { "type": "Point", "coordinates": [ -122.280295654022183, 47.48267342784235 ] } },
{ "type": "Feature", "properties": { "lat": 47.482733869707083, "lon": -122.27659908326784, "time_of_day": "Morning", "causation": [ "0", "0", "0", "0", "1", "0", "0", "0", "0", "0", "0", "0", "0", "0", "0", "0", "0", "0", "0", "0", "0", "0", "0", "0" ], "duration": 125.0, "sum": 1 }, "geometry": { "type": "Point", "coordinates": [ -122.27659908326784, 47.482733869707083 ] } },
{ "type": "Feature", "properties": { "lat": 47.48284759561119, "lon": -122.2801603309416, "time_of_day": "Morning", "causation": [ "0", "0", "0", "0", "1", "0", "0", "0", "0", "0", "0", "0", "0", "0", "0", "0", "0", "0", "0", "0", "0", "0", "0", "0" ], "duration": 125.0, "sum": 1 }, "geometry": { "type": "Point", "coordinates": [ -122.280160330941598, 47.48284759561119 ] } },
{ "type": "Feature", "properties": { "lat": 47.482858373249769, "lon": -122.27970768626204, "time_of_day": "Morning", "causation": [ "0", "0", "0", "0", "1", "0", "0", "0", "0", "0", "0", "0", "0", "0", "0", "0", "0", "0", "0", "0", "0", "0", "0", "0" ], "duration": 125.0, "sum": 1 }, "geometry": { "type": "Point", "coordinates": [ -122.279707686262043, 47.482858373249769 ] } },
{ "type": "Feature", "properties": { "lat": 47.482973748302072, "lon": -122.28020379338476, "time_of_day": "Morning", "causation": [ "0", "0", "0", "0", "1", "0", "0", "0", "0", "0", "0", "0", "0", "0", "0", "0", "0", "0", "0", "0", "0", "0", "0", "0" ], "duration": 125.0, "sum": 1 }, "geometry": { "type": "Point", "coordinates": [ -122.280203793384757, 47.482973748302072 ] } },
{ "type": "Feature", "properties": { "lat": 47.483279589125992, "lon": -122.2802574583212, "time_of_day": "Morning", "causation": [ "0", "0", "0", "0", "3", "0", "0", "0", "0", "0", "0", "0", "0", "0", "0", "0", "0", "0", "0", "0", "0", "0", "0", "0" ], "duration": 375.0, "sum": 3 }, "geometry": { "type": "Point", "coordinates": [ -122.280257458321202, 47.483279589125992 ] } },
{ "type": "Feature", "properties": { "lat": 47.483281340504128, "lon": -122.2804449068869, "time_of_day": "Morning", "causation": [ "0", "0", "0", "0", "1", "0", "0", "0", "0", "0", "0", "0", "0", "0", "0", "0", "0", "0", "0", "0", "0", "0", "0", "0" ], "duration": 125.0, "sum": 1 }, "geometry": { "type": "Point", "coordinates": [ -122.280444906886899, 47.483281340504128 ] } },
{ "type": "Feature", "properties": { "lat": 47.483304003927294, "lon": -122.2808200526473, "time_of_day": "Morning", "causation": [ "0", "0", "0", "0", "6", "0", "0", "0", "0", "0", "0", "0", "0", "0", "0", "0", "0", "0", "0", "0", "0", "0", "0", "0" ], "duration": 750.0, "sum": 6 }, "geometry": { "type": "Point", "coordinates": [ -122.2808200526473, 47.483304003927294 ] } },
{ "type": "Feature", "properties": { "lat": 47.483413442553399, "lon": -122.28087975870363, "time_of_day": "Morning", "causation": [ "0", "0", "0", "0", "1", "0", "0", "0", "0", "0", "0", "0", "0", "0", "0", "0", "0", "0", "0", "0", "0", "0", "0", "0" ], "duration": 125.0, "sum": 1 }, "geometry": { "type": "Point", "coordinates": [ -122.280879758703634, 47.483413442553399 ] } },
{ "type": "Feature", "properties": { "lat": 47.483583953294684, "lon": -122.28013015372881, "time_of_day": "Morning", "causation": [ "0", "0", "0", "0", "6", "0", "0", "0", "0", "0", "0", "0", "0", "0", "0", "0", "0", "0", "0", "0", "0", "0", "0", "0" ], "duration": 750.0, "sum": 6 }, "geometry": { "type": "Point", "coordinates": [ -122.280130153728805, 47.483583953294684 ] } },
{ "type": "Feature", "properties": { "lat": 47.483862484894779, "lon": -122.28033009492113, "time_of_day": "Morning", "causation": [ "0", "0", "0", "0", "1", "0", "0", "0", "0", "0", "0", "0", "0", "0", "0", "0", "0", "0", "0", "0", "0", "0", "0", "0" ], "duration": 125.0, "sum": 1 }, "geometry": { "type": "Point", "coordinates": [ -122.280330094921126, 47.483862484894779 ] } },
{ "type": "Feature", "properties": { "lat": 47.484095159322123, "lon": -122.28039750706483, "time_of_day": "Morning", "causation": [ "0", "0", "0", "0", "1", "0", "0", "0", "0", "0", "0", "0", "0", "0", "0", "0", "0", "0", "0", "0", "0", "0", "0", "0" ], "duration": 125.0, "sum": 1 }, "geometry": { "type": "Point", "coordinates": [ -122.280397507064833, 47.484095159322123 ] } },
{ "type": "Feature", "properties": { "lat": 47.484163113739143, "lon": -122.27943292929189, "time_of_day": "Morning", "causation": [ "0", "0", "0", "0", "2", "0", "0", "0", "0", "0", "0", "0", "0", "0", "0", "0", "0", "0", "0", "0", "0", "0", "0", "0" ], "duration": 250.0, "sum": 2 }, "geometry": { "type": "Point", "coordinates": [ -122.279432929291886, 47.484163113739143 ] } },
{ "type": "Feature", "properties": { "lat": 47.48422141031287, "lon": -122.2803881061198, "time_of_day": "Morning", "causation": [ "0", "0", "0", "0", "1", "0", "0", "0", "0", "0", "0", "0", "0", "0", "0", "0", "0", "0", "0", "0", "0", "0", "0", "0" ], "duration": 125.0, "sum": 1 }, "geometry": { "type": "Point", "coordinates": [ -122.280388106119801, 47.48422141031287 ] } },
{ "type": "Feature", "properties": { "lat": 47.484392106031088, "lon": -122.2805187214244, "time_of_day": "Morning", "causation": [ "0", "0", "0", "0", "1", "0", "0", "0", "0", "0", "0", "0", "0", "0", "0", "0", "0", "0", "0", "0", "0", "0", "0", "0" ], "duration": 125.0, "sum": 1 }, "geometry": { "type": "Point", "coordinates": [ -122.2805187214244, 47.484392106031088 ] } },
{ "type": "Feature", "properties": { "lat": 47.48512413232384, "lon": -122.27594532720002, "time_of_day": "Morning", "causation": [ "0", "0", "0", "0", "1", "0", "0", "0", "0", "0", "0", "0", "0", "0", "0", "0", "0", "0", "0", "0", "0", "0", "0", "0" ], "duration": 125.0, "sum": 1 }, "geometry": { "type": "Point", "coordinates": [ -122.27594532720002, 47.48512413232384 ] } },
{ "type": "Feature", "properties": { "lat": 47.485146982104879, "lon": -122.27989832459492, "time_of_day": "Morning", "causation": [ "0", "0", "0", "0", "1", "0", "0", "0", "0", "0", "0", "0", "0", "0", "0", "0", "0", "0", "0", "0", "0", "0", "0", "0" ], "duration": 125.0, "sum": 1 }, "geometry": { "type": "Point", "coordinates": [ -122.279898324594924, 47.485146982104879 ] } },
{ "type": "Feature", "properties": { "lat": 47.485218607851145, "lon": -122.27774462634171, "time_of_day": "Morning", "causation": [ "0", "0", "0", "0", "5", "0", "0", "0", "0", "0", "0", "0", "0", "0", "0", "0", "0", "0", "0", "0", "0", "0", "0", "0" ], "duration": 175.0, "sum": 5 }, "geometry": { "type": "Point", "coordinates": [ -122.277744626341715, 47.485218607851145 ] } },
{ "type": "Feature", "properties": { "lat": 47.485366675369576, "lon": -122.27223038665711, "time_of_day": "Late Night", "causation": [ "0", "0", "0", "0", "0", "0", "0", "0", "1", "0", "0", "0", "0", "0", "0", "0", "0", "0", "0", "0", "0", "0", "0", "0" ], "duration": 330.0, "sum": 1 }, "geometry": { "type": "Point", "coordinates": [ -122.272230386657114, 47.485366675369576 ] } },
{ "type": "Feature", "properties": { "lat": 47.485557220535618, "lon": -122.28074496874508, "time_of_day": "Morning", "causation": [ "0", "0", "0", "0", "1", "0", "0", "0", "0", "0", "0", "0", "0", "0", "0", "0", "0", "0", "0", "0", "0", "0", "0", "0" ], "duration": 125.0, "sum": 1 }, "geometry": { "type": "Point", "coordinates": [ -122.280744968745083, 47.485557220535618 ] } },
{ "type": "Feature", "properties": { "lat": 47.485670754561433, "lon": -122.27839566287425, "time_of_day": "Morning", "causation": [ "0", "0", "0", "0", "2", "0", "0", "0", "0", "0", "0", "0", "0", "0", "0", "0", "0", "0", "0", "0", "0", "0", "0", "0" ], "duration": 70.0, "sum": 2 }, "geometry": { "type": "Point", "coordinates": [ -122.278395662874246, 47.485670754561433 ] } },
{ "type": "Feature", "properties": { "lat": 47.485817324734406, "lon": -122.34692917311956, "time_of_day": "Morning", "causation": [ "0", "0", "0", "0", "0", "0", "0", "0", "0", "0", "0", "0", "0", "0", "0", "0", "0", "1", "0", "0", "0", "0", "0", "0" ], "duration": 144.0, "sum": 1 }, "geometry": { "type": "Point", "coordinates": [ -122.346929173119563, 47.485817324734406 ] } },
{ "type": "Feature", "properties": { "lat": 47.485823766041911, "lon": -122.28071931694841, "time_of_day": "Morning", "causation": [ "0", "0", "0", "0", "1", "0", "0", "0", "0", "0", "0", "0", "0", "0", "0", "0", "0", "0", "0", "0", "0", "0", "0", "0" ], "duration": 125.0, "sum": 1 }, "geometry": { "type": "Point", "coordinates": [ -122.280719316948407, 47.485823766041911 ] } },
{ "type": "Feature", "properties": { "lat": 47.485902219504752, "lon": -122.27867015221166, "time_of_day": "Morning", "causation": [ "0", "0", "0", "0", "1", "0", "0", "0", "0", "0", "0", "0", "0", "0", "0", "0", "0", "0", "0", "0", "0", "0", "0", "0" ], "duration": 35.0, "sum": 1 }, "geometry": { "type": "Point", "coordinates": [ -122.27867015221166, 47.485902219504752 ] } },
{ "type": "Feature", "properties": { "lat": 47.485939752312497, "lon": -122.27182542537896, "time_of_day": "Late Night", "causation": [ "0", "0", "0", "0", "0", "0", "0", "0", "1", "0", "0", "0", "0", "0", "0", "0", "0", "0", "0", "0", "0", "0", "0", "0" ], "duration": 330.0, "sum": 1 }, "geometry": { "type": "Point", "coordinates": [ -122.271825425378964, 47.485939752312497 ] } },
{ "type": "Feature", "properties": { "lat": 47.486021533832968, "lon": -122.28070724913889, "time_of_day": "Morning", "causation": [ "0", "0", "0", "0", "1", "0", "0", "0", "0", "0", "0", "0", "0", "0", "0", "0", "0", "0", "0", "0", "0", "0", "0", "0" ], "duration": 125.0, "sum": 1 }, "geometry": { "type": "Point", "coordinates": [ -122.280707249138885, 47.486021533832968 ] } },
{ "type": "Feature", "properties": { "lat": 47.486033883142241, "lon": -122.28110336528296, "time_of_day": "Morning", "causation": [ "0", "0", "0", "0", "1", "0", "0", "0", "0", "0", "0", "0", "0", "0", "0", "0", "0", "0", "0", "0", "0", "0", "0", "0" ], "duration": 125.0, "sum": 1 }, "geometry": { "type": "Point", "coordinates": [ -122.281103365282959, 47.486033883142241 ] } },
{ "type": "Feature", "properties": { "lat": 47.486319455206285, "lon": -122.28048745181358, "time_of_day": "Morning", "causation": [ "0", "0", "0", "0", "0", "0", "0", "0", "0", "0", "0", "0", "0", "0", "0", "0", "0", "1", "0", "0", "0", "0", "0", "0" ], "duration": 133.0, "sum": 1 }, "geometry": { "type": "Point", "coordinates": [ -122.280487451813585, 47.486319455206285 ] } },
{ "type": "Feature", "properties": { "lat": 47.486375704952728, "lon": -122.28164325147314, "time_of_day": "Morning", "causation": [ "0", "0", "0", "0", "1", "0", "0", "0", "0", "0", "0", "0", "0", "0", "0", "0", "0", "0", "0", "0", "0", "0", "0", "0" ], "duration": 125.0, "sum": 1 }, "geometry": { "type": "Point", "coordinates": [ -122.281643251473142, 47.486375704952728 ] } },
{ "type": "Feature", "properties": { "lat": 47.486404617971878, "lon": -122.2812531726056, "time_of_day": "Morning", "causation": [ "0", "0", "0", "0", "1", "0", "0", "0", "0", "0", "0", "0", "0", "0", "0", "0", "0", "0", "0", "0", "0", "0", "0", "0" ], "duration": 125.0, "sum": 1 }, "geometry": { "type": "Point", "coordinates": [ -122.281253172605602, 47.486404617971878 ] } },
{ "type": "Feature", "properties": { "lat": 47.486407585169019, "lon": -122.28137958464502, "time_of_day": "Morning", "causation": [ "0", "0", "0", "0", "1", "0", "0", "0", "0", "0", "0", "0", "0", "0", "0", "0", "0", "0", "0", "0", "0", "0", "0", "0" ], "duration": 125.0, "sum": 1 }, "geometry": { "type": "Point", "coordinates": [ -122.281379584645023, 47.486407585169019 ] } },
{ "type": "Feature", "properties": { "lat": 47.486422274033082, "lon": -122.27922692703947, "time_of_day": "Morning", "causation": [ "0", "0", "0", "0", "10", "0", "0", "0", "0", "0", "0", "0", "0", "0", "0", "0", "0", "0", "0", "0", "0", "0", "0", "0" ], "duration": 905.0, "sum": 10 }, "geometry": { "type": "Point", "coordinates": [ -122.279226927039474, 47.486422274033082 ] } },
{ "type": "Feature", "properties": { "lat": 47.486558193871723, "lon": -122.28071596022994, "time_of_day": "Morning", "causation": [ "0", "0", "0", "0", "0", "0", "0", "0", "0", "0", "0", "0", "0", "0", "0", "0", "0", "1", "0", "0", "0", "0", "0", "0" ], "duration": 133.0, "sum": 1 }, "geometry": { "type": "Point", "coordinates": [ -122.280715960229941, 47.486558193871723 ] } },
{ "type": "Feature", "properties": { "lat": 47.486643310896191, "lon": -122.2805948964092, "time_of_day": "Morning", "causation": [ "0", "0", "0", "0", "0", "0", "0", "0", "0", "0", "0", "0", "0", "0", "0", "0", "0", "1", "0", "0", "0", "0", "0", "0" ], "duration": 133.0, "sum": 1 }, "geometry": { "type": "Point", "coordinates": [ -122.280594896409198, 47.486643310896191 ] } },
{ "type": "Feature", "properties": { "lat": 47.486704814459507, "lon": -122.28114314467312, "time_of_day": "Morning", "causation": [ "0", "0", "0", "0", "1", "0", "0", "0", "0", "0", "0", "0", "0", "0", "0", "0", "0", "0", "0", "0", "0", "0", "0", "0" ], "duration": 125.0, "sum": 1 }, "geometry": { "type": "Point", "coordinates": [ -122.281143144673123, 47.486704814459507 ] } },
{ "type": "Feature", "properties": { "lat": 47.486783691007567, "lon": -122.2786230153161, "time_of_day": "Morning", "causation": [ "0", "0", "0", "0", "6", "0", "0", "0", "0", "0", "0", "0", "0", "0", "0", "0", "0", "0", "0", "0", "0", "0", "0", "0" ], "duration": 543.0, "sum": 6 }, "geometry": { "type": "Point", "coordinates": [ -122.2786230153161, 47.486783691007567 ] } },
{ "type": "Feature", "properties": { "lat": 47.486804798005053, "lon": -122.28062405280596, "time_of_day": "Morning", "causation": [ "0", "0", "0", "0", "0", "0", "0", "0", "0", "0", "0", "0", "0", "0", "0", "0", "0", "1", "0", "0", "0", "0", "0", "0" ], "duration": 133.0, "sum": 1 }, "geometry": { "type": "Point", "coordinates": [ -122.280624052805962, 47.486804798005053 ] } },
{ "type": "Feature", "properties": { "lat": 47.486999628265743, "lon": -122.34731437238317, "time_of_day": "Morning", "causation": [ "0", "0", "0", "0", "70", "0", "0", "0", "0", "0", "0", "0", "0", "0", "0", "0", "0", "0", "0", "0", "0", "0", "0", "0" ], "duration": 84910.0, "sum": 70 }, "geometry": { "type": "Point", "coordinates": [ -122.347314372383167, 47.486999628265743 ] } },
{ "type": "Feature", "properties": { "lat": 47.487016410640017, "lon": -122.28067163862372, "time_of_day": "Morning", "causation": [ "0", "0", "0", "0", "0", "0", "0", "0", "0", "0", "0", "0", "0", "0", "0", "0", "0", "1", "0", "0", "0", "0", "0", "0" ], "duration": 133.0, "sum": 1 }, "geometry": { "type": "Point", "coordinates": [ -122.280671638623716, 47.487016410640017 ] } },
{ "type": "Feature", "properties": { "lat": 47.487211599569179, "lon": -122.28073785432213, "time_of_day": "Morning", "causation": [ "0", "0", "0", "0", "0", "0", "0", "0", "0", "0", "0", "0", "0", "0", "0", "0", "0", "1", "0", "0", "0", "0", "0", "0" ], "duration": 133.0, "sum": 1 }, "geometry": { "type": "Point", "coordinates": [ -122.280737854322126, 47.487211599569179 ] } },
{ "type": "Feature", "properties": { "lat": 47.487680975739394, "lon": -122.25760198999808, "time_of_day": "Late Night", "causation": [ "0", "0", "0", "0", "0", "0", "0", "0", "12", "0", "0", "0", "0", "0", "0", "0", "0", "0", "0", "0", "0", "0", "0", "0" ], "duration": 4440.0, "sum": 12 }, "geometry": { "type": "Point", "coordinates": [ -122.257601989998079, 47.487680975739394 ] } },
{ "type": "Feature", "properties": { "lat": 47.487877908169303, "lon": -122.25784854423, "time_of_day": "Late Night", "causation": [ "0", "0", "0", "0", "0", "0", "0", "0", "12", "0", "0", "0", "0", "0", "0", "0", "0", "0", "0", "0", "0", "0", "0", "0" ], "duration": 4440.0, "sum": 12 }, "geometry": { "type": "Point", "coordinates": [ -122.257848544230001, 47.487877908169303 ] } },
{ "type": "Feature", "properties": { "lat": 47.487998931632227, "lon": -122.257241463592, "time_of_day": "Late Night", "causation": [ "0", "0", "0", "0", "0", "0", "0", "0", "12", "0", "0", "0", "0", "0", "0", "0", "0", "0", "0", "0", "0", "0", "0", "0" ], "duration": 4440.0, "sum": 12 }, "geometry": { "type": "Point", "coordinates": [ -122.257241463591996, 47.487998931632227 ] } },
{ "type": "Feature", "properties": { "lat": 47.488342012290282, "lon": -122.25729561094413, "time_of_day": "Late Night", "causation": [ "0", "0", "0", "0", "0", "0", "0", "0", "12", "0", "0", "0", "0", "0", "0", "0", "0", "0", "0", "0", "0", "0", "0", "0" ], "duration": 4440.0, "sum": 12 }, "geometry": { "type": "Point", "coordinates": [ -122.257295610944126, 47.488342012290282 ] } },
{ "type": "Feature", "properties": { "lat": 47.488343500132203, "lon": -122.25804900131486, "time_of_day": "Late Night", "causation": [ "0", "0", "0", "0", "0", "0", "0", "0", "12", "0", "0", "0", "0", "0", "0", "0", "0", "0", "0", "0", "0", "0", "0", "0" ], "duration": 4440.0, "sum": 12 }, "geometry": { "type": "Point", "coordinates": [ -122.258049001314859, 47.488343500132203 ] } },
{ "type": "Feature", "properties": { "lat": 47.488343607144699, "lon": -122.2576492915593, "time_of_day": "Late Night", "causation": [ "0", "0", "0", "0", "0", "0", "0", "0", "12", "0", "0", "0", "0", "0", "0", "0", "0", "0", "0", "0", "0", "0", "0", "0" ], "duration": 4440.0, "sum": 12 }, "geometry": { "type": "Point", "coordinates": [ -122.257649291559304, 47.488343607144699 ] } },
{ "type": "Feature", "properties": { "lat": 47.488350968750495, "lon": -122.258480673444, "time_of_day": "Late Night", "causation": [ "0", "0", "0", "0", "0", "0", "0", "0", "12", "0", "0", "0", "0", "0", "0", "0", "0", "0", "0", "0", "0", "0", "0", "0" ], "duration": 4440.0, "sum": 12 }, "geometry": { "type": "Point", "coordinates": [ -122.258480673443998, 47.488350968750495 ] } },
{ "type": "Feature", "properties": { "lat": 47.488353697841326, "lon": -122.2588638752548, "time_of_day": "Late Night", "causation": [ "0", "0", "0", "0", "0", "0", "0", "0", "12", "0", "0", "0", "0", "0", "0", "0", "0", "0", "0", "0", "0", "0", "0", "0" ], "duration": 4440.0, "sum": 12 }, "geometry": { "type": "Point", "coordinates": [ -122.258863875254804, 47.488353697841326 ] } },
{ "type": "Feature", "properties": { "lat": 47.490372390422287, "lon": -122.27226011215636, "time_of_day": "Morning", "causation": [ "0", "0", "0", "0", "0", "0", "0", "0", "1", "0", "0", "0", "0", "0", "0", "0", "0", "0", "0", "0", "0", "0", "0", "0" ], "duration": 283.0, "sum": 1 }, "geometry": { "type": "Point", "coordinates": [ -122.27226011215636, 47.490372390422287 ] } },
{ "type": "Feature", "properties": { "lat": 47.490589543428037, "lon": -122.2739564965304, "time_of_day": "Morning", "causation": [ "0", "0", "0", "0", "0", "0", "0", "0", "1", "0", "0", "0", "0", "0", "0", "0", "0", "0", "0", "0", "0", "0", "0", "0" ], "duration": 283.0, "sum": 1 }, "geometry": { "type": "Point", "coordinates": [ -122.273956496530403, 47.490589543428037 ] } },
{ "type": "Feature", "properties": { "lat": 47.490998980918448, "lon": -122.30319538233398, "time_of_day": "Morning", "causation": [ "0", "0", "0", "0", "0", "0", "0", "0", "1", "0", "0", "0", "0", "0", "0", "0", "0", "0", "0", "0", "0", "0", "0", "0" ], "duration": 238.0, "sum": 1 }, "geometry": { "type": "Point", "coordinates": [ -122.303195382333982, 47.490998980918448 ] } },
{ "type": "Feature", "properties": { "lat": 47.491142700176844, "lon": -122.3037873693504, "time_of_day": "Morning", "causation": [ "0", "0", "0", "0", "0", "0", "0", "0", "1", "0", "0", "0", "0", "0", "0", "0", "0", "0", "0", "0", "0", "0", "0", "0" ], "duration": 238.0, "sum": 1 }, "geometry": { "type": "Point", "coordinates": [ -122.303787369350403, 47.491142700176844 ] } },
{ "type": "Feature", "properties": { "lat": 47.491243300719617, "lon": -122.30394425975696, "time_of_day": "Morning", "causation": [ "0", "0", "0", "0", "0", "0", "0", "0", "1", "0", "0", "0", "0", "0", "0", "0", "0", "0", "0", "0", "0", "0", "0", "0" ], "duration": 238.0, "sum": 1 }, "geometry": { "type": "Point", "coordinates": [ -122.30394425975696, 47.491243300719617 ] } },
{ "type": "Feature", "properties": { "lat": 47.491427385685625, "lon": -122.30314697529136, "time_of_day": "Morning", "causation": [ "0", "0", "0", "0", "0", "0", "0", "0", "1", "0", "0", "0", "0", "0", "0", "0", "0", "0", "0", "0", "0", "0", "0", "0" ], "duration": 238.0, "sum": 1 }, "geometry": { "type": "Point", "coordinates": [ -122.303146975291355, 47.491427385685625 ] } },
{ "type": "Feature", "properties": { "lat": 47.491593071552202, "lon": -122.30374512877616, "time_of_day": "Morning", "causation": [ "0", "0", "0", "0", "0", "0", "0", "0", "2", "0", "0", "0", "0", "0", "0", "0", "0", "0", "0", "0", "0", "0", "0", "0" ], "duration": 476.0, "sum": 2 }, "geometry": { "type": "Point", "coordinates": [ -122.303745128776157, 47.491593071552202 ] } },
{ "type": "Feature", "properties": { "lat": 47.491624281529482, "lon": -122.30318772074504, "time_of_day": "Morning", "causation": [ "0", "0", "0", "0", "0", "0", "0", "0", "1", "0", "0", "0", "0", "0", "0", "0", "0", "0", "0", "0", "0", "0", "0", "0" ], "duration": 238.0, "sum": 1 }, "geometry": { "type": "Point", "coordinates": [ -122.303187720745044, 47.491624281529482 ] } },
{ "type": "Feature", "properties": { "lat": 47.491755505946507, "lon": -122.30375788054046, "time_of_day": "Morning", "causation": [ "0", "0", "0", "0", "0", "0", "0", "0", "1", "0", "0", "0", "0", "0", "0", "0", "0", "0", "0", "0", "0", "0", "0", "0" ], "duration": 238.0, "sum": 1 }, "geometry": { "type": "Point", "coordinates": [ -122.303757880540459, 47.491755505946507 ] } },
{ "type": "Feature", "properties": { "lat": 47.491777954721563, "lon": -122.30320163980775, "time_of_day": "Morning", "causation": [ "0", "0", "0", "0", "0", "0", "0", "0", "1", "0", "0", "0", "0", "0", "0", "0", "0", "0", "0", "0", "0", "0", "0", "0" ], "duration": 238.0, "sum": 1 }, "geometry": { "type": "Point", "coordinates": [ -122.303201639807753, 47.491777954721563 ] } },
{ "type": "Feature", "properties": { "lat": 47.491978644572846, "lon": -122.30316534323153, "time_of_day": "Morning", "causation": [ "0", "0", "0", "0", "0", "0", "0", "0", "1", "0", "0", "0", "0", "0", "0", "0", "0", "0", "0", "0", "0", "0", "0", "0" ], "duration": 238.0, "sum": 1 }, "geometry": { "type": "Point", "coordinates": [ -122.303165343231527, 47.491978644572846 ] } },
{ "type": "Feature", "properties": { "lat": 47.491991672226277, "lon": -122.2325964030413, "time_of_day": "Morning", "causation": [ "0", "0", "0", "0", "0", "0", "0", "0", "0", "0", "0", "0", "0", "0", "0", "0", "0", "0", "1", "0", "0", "0", "0", "0" ], "duration": 284.0, "sum": 1 }, "geometry": { "type": "Point", "coordinates": [ -122.232596403041299, 47.491991672226277 ] } },
{ "type": "Feature", "properties": { "lat": 47.492083058880723, "lon": -122.30378374317914, "time_of_day": "Morning", "causation": [ "0", "0", "0", "0", "0", "0", "0", "0", "1", "0", "0", "0", "0", "0", "0", "0", "0", "0", "0", "0", "0", "0", "0", "0" ], "duration": 238.0, "sum": 1 }, "geometry": { "type": "Point", "coordinates": [ -122.303783743179139, 47.492083058880723 ] } },
{ "type": "Feature", "properties": { "lat": 47.492527712804311, "lon": -122.23231267134751, "time_of_day": "Morning", "causation": [ "0", "0", "0", "0", "0", "0", "0", "0", "0", "0", "0", "0", "0", "0", "0", "0", "0", "0", "4", "0", "0", "0", "0", "0" ], "duration": 1136.0, "sum": 4 }, "geometry": { "type": "Point", "coordinates": [ -122.232312671347515, 47.492527712804311 ] } },
{ "type": "Feature", "properties": { "lat": 47.49351595547369, "lon": -122.23197288863228, "time_of_day": "Morning", "causation": [ "0", "0", "0", "0", "0", "0", "0", "0", "0", "0", "0", "0", "0", "0", "0", "0", "0", "0", "1", "0", "0", "0", "0", "0" ], "duration": 284.0, "sum": 1 }, "geometry": { "type": "Point", "coordinates": [ -122.231972888632285, 47.49351595547369 ] } },
{ "type": "Feature", "properties": { "lat": 47.493580909843118, "lon": -122.23229577406433, "time_of_day": "Morning", "causation": [ "0", "0", "0", "0", "0", "0", "0", "0", "0", "0", "0", "0", "0", "0", "0", "0", "0", "0", "1", "0", "0", "0", "0", "0" ], "duration": 284.0, "sum": 1 }, "geometry": { "type": "Point", "coordinates": [ -122.232295774064326, 47.493580909843118 ] } },
{ "type": "Feature", "properties": { "lat": 47.495835607046928, "lon": -122.35912972417184, "time_of_day": "Late Night", "causation": [ "0", "0", "0", "0", "0", "0", "0", "0", "2", "0", "0", "0", "0", "0", "0", "0", "0", "0", "0", "0", "0", "0", "0", "0" ], "duration": 286.0, "sum": 2 }, "geometry": { "type": "Point", "coordinates": [ -122.359129724171837, 47.495835607046928 ] } },
{ "type": "Feature", "properties": { "lat": 47.496406653251711, "lon": -122.34333107465331, "time_of_day": "Late Night", "causation": [ "0", "0", "0", "0", "0", "0", "0", "0", "1", "0", "0", "0", "0", "0", "0", "0", "0", "0", "0", "0", "0", "0", "0", "0" ], "duration": 461.0, "sum": 1 }, "geometry": { "type": "Point", "coordinates": [ -122.343331074653307, 47.496406653251711 ] } },
{ "type": "Feature", "properties": { "lat": 47.50388352633302, "lon": -122.2354276916126, "time_of_day": "Late Night", "causation": [ "0", "0", "0", "0", "0", "0", "0", "0", "2", "0", "0", "0", "0", "0", "0", "0", "0", "0", "0", "0", "0", "0", "0", "0" ], "duration": 370.0, "sum": 2 }, "geometry": { "type": "Point", "coordinates": [ -122.2354276916126, 47.50388352633302 ] } },
{ "type": "Feature", "properties": { "lat": 47.507605059687627, "lon": -122.39088597235374, "time_of_day": "Morning", "causation": [ "0", "0", "0", "0", "0", "0", "0", "0", "1", "0", "0", "0", "0", "0", "0", "0", "0", "1", "0", "0", "0", "0", "0", "0" ], "duration": 1381.0, "sum": 2 }, "geometry": { "type": "Point", "coordinates": [ -122.390885972353743, 47.507605059687627 ] } },
{ "type": "Feature", "properties": { "lat": 47.50817192605551, "lon": -122.39058230889655, "time_of_day": "Morning", "causation": [ "0", "0", "0", "0", "0", "0", "0", "0", "1", "0", "0", "0", "0", "0", "0", "0", "0", "1", "0", "0", "0", "0", "0", "0" ], "duration": 1381.0, "sum": 2 }, "geometry": { "type": "Point", "coordinates": [ -122.390582308896555, 47.50817192605551 ] } },
{ "type": "Feature", "properties": { "lat": 47.508221814408579, "lon": -122.39112256450782, "time_of_day": "Morning", "causation": [ "0", "0", "0", "0", "0", "0", "0", "0", "1", "0", "0", "0", "0", "0", "0", "0", "0", "1", "0", "0", "0", "0", "0", "0" ], "duration": 1381.0, "sum": 2 }, "geometry": { "type": "Point", "coordinates": [ -122.391122564507825, 47.508221814408579 ] } },
{ "type": "Feature", "properties": { "lat": 47.508449951308521, "lon": -122.3913721583471, "time_of_day": "Morning", "causation": [ "0", "0", "0", "0", "0", "0", "0", "0", "1", "0", "0", "0", "0", "0", "0", "0", "0", "1", "0", "0", "0", "0", "0", "0" ], "duration": 1381.0, "sum": 2 }, "geometry": { "type": "Point", "coordinates": [ -122.391372158347096, 47.508449951308521 ] } },
{ "type": "Feature", "properties": { "lat": 47.508618566786559, "lon": -122.38996678246691, "time_of_day": "Morning", "causation": [ "0", "0", "0", "0", "0", "0", "0", "0", "2", "0", "0", "0", "0", "0", "0", "0", "0", "2", "0", "0", "0", "0", "0", "0" ], "duration": 2762.0, "sum": 4 }, "geometry": { "type": "Point", "coordinates": [ -122.389966782466914, 47.508618566786559 ] } },
{ "type": "Feature", "properties": { "lat": 47.508624080002889, "lon": -122.39136855587194, "time_of_day": "Morning", "causation": [ "0", "0", "0", "0", "0", "0", "0", "0", "1", "0", "0", "0", "0", "0", "0", "0", "0", "1", "0", "0", "0", "0", "0", "0" ], "duration": 1381.0, "sum": 2 }, "geometry": { "type": "Point", "coordinates": [ -122.391368555871935, 47.508624080002889 ] } },
{ "type": "Feature", "properties": { "lat": 47.508755134404858, "lon": -122.39084536473412, "time_of_day": "Morning", "causation": [ "0", "0", "0", "0", "0", "0", "0", "0", "1", "0", "0", "0", "0", "0", "0", "0", "0", "1", "0", "0", "0", "0", "0", "0" ], "duration": 1381.0, "sum": 2 }, "geometry": { "type": "Point", "coordinates": [ -122.390845364734119, 47.508755134404858 ] } },
{ "type": "Feature", "properties": { "lat": 47.508783100788982, "lon": -122.39010979844696, "time_of_day": "Morning", "causation": [ "0", "0", "0", "0", "0", "0", "0", "0", "1", "0", "0", "0", "0", "0", "0", "0", "0", "1", "0", "0", "0", "0", "0", "0" ], "duration": 1381.0, "sum": 2 }, "geometry": { "type": "Point", "coordinates": [ -122.390109798446957, 47.508783100788982 ] } },
{ "type": "Feature", "properties": { "lat": 47.508941379282462, "lon": -122.39023274562288, "time_of_day": "Morning", "causation": [ "0", "0", "0", "0", "0", "0", "0", "0", "1", "0", "0", "0", "0", "0", "0", "0", "0", "1", "0", "0", "0", "0", "0", "0" ], "duration": 1381.0, "sum": 2 }, "geometry": { "type": "Point", "coordinates": [ -122.390232745622882, 47.508941379282462 ] } },
{ "type": "Feature", "properties": { "lat": 47.509061086995011, "lon": -122.39144665110231, "time_of_day": "Morning", "causation": [ "0", "0", "0", "0", "0", "0", "0", "0", "4", "0", "0", "0", "0", "0", "0", "0", "0", "4", "0", "0", "0", "0", "0", "0" ], "duration": 5524.0, "sum": 8 }, "geometry": { "type": "Point", "coordinates": [ -122.391446651102314, 47.509061086995011 ] } },
{ "type": "Feature", "properties": { "lat": 47.509125261804719, "lon": -122.39014196250449, "time_of_day": "Morning", "causation": [ "0", "0", "0", "0", "0", "0", "0", "0", "1", "0", "0", "0", "0", "0", "0", "0", "0", "1", "0", "0", "0", "0", "0", "0" ], "duration": 1381.0, "sum": 2 }, "geometry": { "type": "Point", "coordinates": [ -122.390141962504487, 47.509125261804719 ] } },
{ "type": "Feature", "properties": { "lat": 47.509287278578057, "lon": -122.39003203499064, "time_of_day": "Morning", "causation": [ "0", "0", "0", "0", "0", "0", "0", "0", "1", "0", "0", "0", "0", "0", "0", "0", "0", "1", "0", "0", "0", "0", "0", "0" ], "duration": 1381.0, "sum": 2 }, "geometry": { "type": "Point", "coordinates": [ -122.390032034990639, 47.509287278578057 ] } },
{ "type": "Feature", "properties": { "lat": 47.50933511929744, "lon": -122.39224193170664, "time_of_day": "Morning", "causation": [ "0", "0", "0", "0", "0", "0", "0", "0", "1", "0", "0", "0", "0", "0", "0", "0", "0", "1", "0", "0", "0", "0", "0", "0" ], "duration": 1381.0, "sum": 2 }, "geometry": { "type": "Point", "coordinates": [ -122.392241931706636, 47.50933511929744 ] } },
{ "type": "Feature", "properties": { "lat": 47.50947241926194, "lon": -122.39022110043491, "time_of_day": "Morning", "causation": [ "0", "0", "0", "0", "0", "0", "0", "0", "1", "0", "0", "0", "0", "0", "0", "0", "0", "1", "0", "0", "0", "0", "0", "0" ], "duration": 1381.0, "sum": 2 }, "geometry": { "type": "Point", "coordinates": [ -122.390221100434914, 47.50947241926194 ] } },
{ "type": "Feature", "properties": { "lat": 47.50964024331202, "lon": -122.39023552155484, "time_of_day": "Morning", "causation": [ "0", "0", "0", "0", "0", "0", "0", "0", "1", "0", "0", "0", "0", "0", "0", "0", "0", "1", "0", "0", "0", "0", "0", "0" ], "duration": 1381.0, "sum": 2 }, "geometry": { "type": "Point", "coordinates": [ -122.390235521554843, 47.50964024331202 ] } },
{ "type": "Feature", "properties": { "lat": 47.50964600943071, "lon": -122.39077888114994, "time_of_day": "Morning", "causation": [ "0", "0", "0", "0", "0", "0", "0", "0", "1", "0", "0", "0", "0", "0", "0", "0", "0", "1", "0", "0", "0", "0", "0", "0" ], "duration": 1381.0, "sum": 2 }, "geometry": { "type": "Point", "coordinates": [ -122.390778881149942, 47.50964600943071 ] } },
{ "type": "Feature", "properties": { "lat": 47.509777485696624, "lon": -122.39251047648423, "time_of_day": "Morning", "causation": [ "0", "0", "0", "0", "0", "0", "0", "0", "1", "0", "0", "0", "0", "0", "0", "0", "0", "1", "0", "0", "0", "0", "0", "0" ], "duration": 1381.0, "sum": 2 }, "geometry": { "type": "Point", "coordinates": [ -122.392510476484233, 47.509777485696624 ] } },
{ "type": "Feature", "properties": { "lat": 47.509778111231377, "lon": -122.39195391847694, "time_of_day": "Morning", "causation": [ "0", "0", "0", "0", "0", "0", "0", "0", "1", "0", "0", "0", "0", "0", "0", "0", "0", "1", "0", "0", "0", "0", "0", "0" ], "duration": 1381.0, "sum": 2 }, "geometry": { "type": "Point", "coordinates": [ -122.391953918476943, 47.509778111231377 ] } },
{ "type": "Feature", "properties": { "lat": 47.509821868560927, "lon": -122.39029695284738, "time_of_day": "Morning", "causation": [ "0", "0", "0", "0", "0", "0", "0", "0", "1", "0", "0", "0", "0", "0", "0", "0", "0", "1", "0", "0", "0", "0", "0", "0" ], "duration": 1381.0, "sum": 2 }, "geometry": { "type": "Point", "coordinates": [ -122.390296952847379, 47.509821868560927 ] } },
{ "type": "Feature", "properties": { "lat": 47.509901175428055, "lon": -122.39271248236936, "time_of_day": "Morning", "causation": [ "0", "0", "0", "0", "0", "0", "0", "0", "1", "0", "0", "0", "0", "0", "0", "0", "0", "1", "0", "0", "0", "0", "0", "0" ], "duration": 1381.0, "sum": 2 }, "geometry": { "type": "Point", "coordinates": [ -122.392712482369362, 47.509901175428055 ] } },
{ "type": "Feature", "properties": { "lat": 47.509908062875525, "lon": -122.39136355131944, "time_of_day": "Morning", "causation": [ "0", "0", "0", "0", "0", "0", "0", "0", "1", "0", "0", "0", "0", "0", "0", "0", "0", "1", "0", "0", "0", "0", "0", "0" ], "duration": 1381.0, "sum": 2 }, "geometry": { "type": "Point", "coordinates": [ -122.391363551319444, 47.509908062875525 ] } },
{ "type": "Feature", "properties": { "lat": 47.509981927126063, "lon": -122.39288596383116, "time_of_day": "Morning", "causation": [ "0", "0", "0", "0", "0", "0", "0", "0", "1", "0", "0", "0", "0", "0", "0", "0", "0", "1", "0", "0", "0", "0", "0", "0" ], "duration": 1381.0, "sum": 2 }, "geometry": { "type": "Point", "coordinates": [ -122.392885963831162, 47.509981927126063 ] } },
{ "type": "Feature", "properties": { "lat": 47.509993667503643, "lon": -122.3920433765787, "time_of_day": "Morning", "causation": [ "0", "0", "0", "0", "0", "0", "0", "0", "1", "0", "0", "0", "0", "0", "0", "0", "0", "1", "0", "0", "0", "0", "0", "0" ], "duration": 1381.0, "sum": 2 }, "geometry": { "type": "Point", "coordinates": [ -122.392043376578698, 47.509993667503643 ] } },
{ "type": "Feature", "properties": { "lat": 47.510009287299589, "lon": -122.39029329436292, "time_of_day": "Morning", "causation": [ "0", "0", "0", "0", "0", "0", "0", "0", "1", "0", "0", "0", "0", "0", "0", "0", "0", "1", "0", "0", "0", "0", "0", "0" ], "duration": 1381.0, "sum": 2 }, "geometry": { "type": "Point", "coordinates": [ -122.39029329436292, 47.510009287299589 ] } },
{ "type": "Feature", "properties": { "lat": 47.510122843692841, "lon": -122.39312135325852, "time_of_day": "Morning", "causation": [ "0", "0", "0", "0", "0", "0", "0", "0", "2", "0", "0", "0", "0", "0", "0", "0", "0", "2", "0", "0", "0", "0", "0", "0" ], "duration": 2762.0, "sum": 4 }, "geometry": { "type": "Point", "coordinates": [ -122.393121353258522, 47.510122843692841 ] } },
{ "type": "Feature", "properties": { "lat": 47.510146971174542, "lon": -122.39068733143078, "time_of_day": "Morning", "causation": [ "0", "0", "0", "0", "0", "0", "0", "0", "1", "0", "0", "0", "0", "0", "0", "0", "0", "1", "0", "0", "0", "0", "0", "0" ], "duration": 1381.0, "sum": 2 }, "geometry": { "type": "Point", "coordinates": [ -122.390687331430783, 47.510146971174542 ] } },
{ "type": "Feature", "properties": { "lat": 47.510225890601163, "lon": -122.39273335281251, "time_of_day": "Morning", "causation": [ "0", "0", "0", "0", "0", "0", "0", "0", "1", "0", "0", "0", "0", "0", "0", "0", "0", "1", "0", "0", "0", "0", "0", "0" ], "duration": 1381.0, "sum": 2 }, "geometry": { "type": "Point", "coordinates": [ -122.392733352812513, 47.510225890601163 ] } },
{ "type": "Feature", "properties": { "lat": 47.51027783675697, "lon": -122.39324965788497, "time_of_day": "Morning", "causation": [ "0", "0", "0", "0", "0", "0", "0", "0", "1", "0", "0", "0", "0", "0", "0", "0", "0", "1", "0", "0", "0", "0", "0", "0" ], "duration": 1381.0, "sum": 2 }, "geometry": { "type": "Point", "coordinates": [ -122.393249657884965, 47.51027783675697 ] } },
{ "type": "Feature", "properties": { "lat": 47.510302633751678, "lon": -122.38177682778937, "time_of_day": "Morning", "causation": [ "0", "0", "0", "0", "0", "0", "0", "0", "1", "0", "0", "0", "0", "0", "0", "0", "0", "0", "0", "0", "0", "0", "0", "0" ], "duration": 1613.0, "sum": 1 }, "geometry": { "type": "Point", "coordinates": [ -122.381776827789366, 47.510302633751678 ] } },
{ "type": "Feature", "properties": { "lat": 47.510411116297099, "lon": -122.39296103936221, "time_of_day": "Morning", "causation": [ "0", "0", "0", "0", "0", "0", "0", "0", "1", "0", "0", "0", "0", "0", "0", "0", "0", "1", "0", "0", "0", "0", "0", "0" ], "duration": 1381.0, "sum": 2 }, "geometry": { "type": "Point", "coordinates": [ -122.392961039362206, 47.510411116297099 ] } },
{ "type": "Feature", "properties": { "lat": 47.510485220608317, "lon": -122.3915136991958, "time_of_day": "Morning", "causation": [ "0", "0", "0", "0", "0", "0", "0", "0", "1", "0", "0", "0", "0", "0", "0", "0", "0", "1", "0", "0", "0", "0", "0", "0" ], "duration": 1381.0, "sum": 2 }, "geometry": { "type": "Point", "coordinates": [ -122.391513699195798, 47.510485220608317 ] } },
{ "type": "Feature", "properties": { "lat": 47.510699855454043, "lon": -122.39174651108527, "time_of_day": "Morning", "causation": [ "0", "0", "0", "0", "0", "0", "0", "0", "1", "0", "0", "0", "0", "0", "0", "0", "0", "1", "0", "0", "0", "0", "0", "0" ], "duration": 1381.0, "sum": 2 }, "geometry": { "type": "Point", "coordinates": [ -122.391746511085273, 47.510699855454043 ] } },
{ "type": "Feature", "properties": { "lat": 47.511026317655762, "lon": -122.3917549749348, "time_of_day": "Morning", "causation": [ "0", "0", "0", "0", "0", "0", "0", "0", "1", "0", "0", "0", "0", "0", "0", "0", "0", "1", "0", "0", "0", "0", "0", "0" ], "duration": 1381.0, "sum": 2 }, "geometry": { "type": "Point", "coordinates": [ -122.391754974934798, 47.511026317655762 ] } },
{ "type": "Feature", "properties": { "lat": 47.511260953406001, "lon": -122.3918330169852, "time_of_day": "Morning", "causation": [ "0", "0", "0", "0", "0", "0", "0", "0", "1", "0", "0", "0", "0", "0", "0", "0", "0", "1", "0", "0", "0", "0", "0", "0" ], "duration": 1381.0, "sum": 2 }, "geometry": { "type": "Point", "coordinates": [ -122.391833016985203, 47.511260953406001 ] } },
{ "type": "Feature", "properties": { "lat": 47.511406204309601, "lon": -122.3920744841944, "time_of_day": "Morning", "causation": [ "0", "0", "0", "0", "0", "0", "0", "0", "1", "0", "0", "0", "0", "0", "0", "0", "0", "1", "0", "0", "0", "0", "0", "0" ], "duration": 1381.0, "sum": 2 }, "geometry": { "type": "Point", "coordinates": [ -122.392074484194396, 47.511406204309601 ] } },
{ "type": "Feature", "properties": { "lat": 47.511693205777, "lon": -122.3943610809405, "time_of_day": "Morning", "causation": [ "0", "0", "0", "0", "0", "0", "0", "0", "86", "0", "0", "0", "0", "0", "0", "0", "0", "0", "0", "0", "0", "0", "0", "0" ], "duration": 135106.0, "sum": 86 }, "geometry": { "type": "Point", "coordinates": [ -122.394361080940499, 47.511693205777 ] } },
{ "type": "Feature", "properties": { "lat": 47.511706031884096, "lon": -122.39231737797699, "time_of_day": "Morning", "causation": [ "0", "0", "0", "0", "0", "0", "0", "0", "1", "0", "0", "0", "0", "0", "0", "0", "0", "1", "0", "0", "0", "0", "0", "0" ], "duration": 1381.0, "sum": 2 }, "geometry": { "type": "Point", "coordinates": [ -122.392317377976994, 47.511706031884096 ] } },
{ "type": "Feature", "properties": { "lat": 47.511957496674505, "lon": -122.39269153691288, "time_of_day": "Morning", "causation": [ "0", "0", "0", "0", "0", "0", "0", "0", "1", "0", "0", "0", "0", "0", "0", "0", "0", "1", "0", "0", "0", "0", "0", "0" ], "duration": 1381.0, "sum": 2 }, "geometry": { "type": "Point", "coordinates": [ -122.392691536912878, 47.511957496674505 ] } },
{ "type": "Feature", "properties": { "lat": 47.512007073020641, "lon": -122.39229404303698, "time_of_day": "Morning", "causation": [ "0", "0", "0", "0", "0", "0", "0", "0", "1", "0", "0", "0", "0", "0", "0", "0", "0", "1", "0", "0", "0", "0", "0", "0" ], "duration": 1381.0, "sum": 2 }, "geometry": { "type": "Point", "coordinates": [ -122.392294043036983, 47.512007073020641 ] } },
{ "type": "Feature", "properties": { "lat": 47.512201155108038, "lon": -122.3943562569886, "time_of_day": "Morning", "causation": [ "0", "0", "0", "0", "0", "0", "0", "0", "1", "0", "0", "0", "0", "0", "0", "0", "0", "1", "0", "0", "0", "0", "0", "0" ], "duration": 1381.0, "sum": 2 }, "geometry": { "type": "Point", "coordinates": [ -122.394356256988601, 47.512201155108038 ] } },
{ "type": "Feature", "properties": { "lat": 47.51223825544799, "lon": -122.39264441870478, "time_of_day": "Morning", "causation": [ "0", "0", "0", "0", "0", "0", "0", "0", "1", "0", "0", "0", "0", "0", "0", "0", "0", "1", "0", "0", "0", "0", "0", "0" ], "duration": 1381.0, "sum": 2 }, "geometry": { "type": "Point", "coordinates": [ -122.392644418704776, 47.51223825544799 ] } },
{ "type": "Feature", "properties": { "lat": 47.512299706340869, "lon": -122.39406088421676, "time_of_day": "Morning", "causation": [ "0", "0", "0", "0", "0", "0", "0", "0", "1", "0", "0", "0", "0", "0", "0", "0", "0", "1", "0", "0", "0", "0", "0", "0" ], "duration": 1381.0, "sum": 2 }, "geometry": { "type": "Point", "coordinates": [ -122.394060884216756, 47.512299706340869 ] } },
{ "type": "Feature", "properties": { "lat": 47.51241662097452, "lon": -122.39264998449865, "time_of_day": "Morning", "causation": [ "0", "0", "0", "0", "0", "0", "0", "0", "1", "0", "0", "0", "0", "0", "0", "0", "0", "1", "0", "0", "0", "0", "0", "0" ], "duration": 1381.0, "sum": 2 }, "geometry": { "type": "Point", "coordinates": [ -122.392649984498647, 47.51241662097452 ] } },
{ "type": "Feature", "properties": { "lat": 47.512422057880229, "lon": -122.39458348852963, "time_of_day": "Morning", "causation": [ "0", "0", "0", "0", "0", "0", "0", "0", "2", "0", "0", "0", "0", "0", "0", "0", "0", "2", "0", "0", "0", "0", "0", "0" ], "duration": 2762.0, "sum": 4 }, "geometry": { "type": "Point", "coordinates": [ -122.394583488529634, 47.512422057880229 ] } },
{ "type": "Feature", "properties": { "lat": 47.51249526156429, "lon": -122.39490926081, "time_of_day": "Morning", "causation": [ "0", "0", "0", "0", "0", "0", "0", "0", "1", "0", "0", "0", "0", "0", "0", "0", "0", "1", "0", "0", "0", "0", "0", "0" ], "duration": 1381.0, "sum": 2 }, "geometry": { "type": "Point", "coordinates": [ -122.394909260809996, 47.51249526156429 ] } },
{ "type": "Feature", "properties": { "lat": 47.512520509293758, "lon": -122.39348517204525, "time_of_day": "Morning", "causation": [ "0", "0", "0", "0", "0", "0", "0", "0", "1", "0", "0", "0", "0", "0", "0", "0", "0", "1", "0", "0", "0", "0", "0", "0" ], "duration": 1381.0, "sum": 2 }, "geometry": { "type": "Point", "coordinates": [ -122.393485172045246, 47.512520509293758 ] } },
{ "type": "Feature", "properties": { "lat": 47.51253026046529, "lon": -122.39387914285136, "time_of_day": "Morning", "causation": [ "0", "0", "0", "0", "0", "0", "0", "0", "1", "0", "0", "0", "0", "0", "0", "0", "0", "1", "0", "0", "0", "0", "0", "0" ], "duration": 1381.0, "sum": 2 }, "geometry": { "type": "Point", "coordinates": [ -122.393879142851361, 47.51253026046529 ] } },
{ "type": "Feature", "properties": { "lat": 47.512594727819867, "lon": -122.39265122414056, "time_of_day": "Morning", "causation": [ "0", "0", "0", "0", "0", "0", "0", "0", "1", "0", "0", "0", "0", "0", "0", "0", "0", "1", "0", "0", "0", "0", "0", "0" ], "duration": 1381.0, "sum": 2 }, "geometry": { "type": "Point", "coordinates": [ -122.392651224140565, 47.512594727819867 ] } },
{ "type": "Feature", "properties": { "lat": 47.512702176962762, "lon": -122.3946399999888, "time_of_day": "Morning", "causation": [ "0", "0", "0", "0", "0", "0", "0", "0", "2", "0", "0", "0", "0", "0", "0", "0", "0", "2", "0", "0", "0", "0", "0", "0" ], "duration": 2762.0, "sum": 4 }, "geometry": { "type": "Point", "coordinates": [ -122.394639999988797, 47.512702176962762 ] } },
{ "type": "Feature", "properties": { "lat": 47.512740280261212, "lon": -122.39433565113195, "time_of_day": "Morning", "causation": [ "0", "0", "0", "0", "0", "0", "0", "0", "1", "0", "0", "0", "0", "0", "0", "0", "0", "1", "0", "0", "0", "0", "0", "0" ], "duration": 1381.0, "sum": 2 }, "geometry": { "type": "Point", "coordinates": [ -122.394335651131954, 47.512740280261212 ] } },
{ "type": "Feature", "properties": { "lat": 47.512842944559686, "lon": -122.39485811604018, "time_of_day": "Morning", "causation": [ "0", "0", "0", "0", "0", "0", "0", "0", "1", "0", "0", "0", "0", "0", "0", "0", "0", "1", "0", "0", "0", "0", "0", "0" ], "duration": 1381.0, "sum": 2 }, "geometry": { "type": "Point", "coordinates": [ -122.394858116040183, 47.512842944559686 ] } },
{ "type": "Feature", "properties": { "lat": 47.51288043174695, "lon": -122.39333745104406, "time_of_day": "Morning", "causation": [ "0", "0", "0", "0", "0", "0", "0", "0", "4", "0", "0", "0", "0", "0", "0", "0", "0", "4", "0", "0", "0", "0", "0", "0" ], "duration": 5524.0, "sum": 8 }, "geometry": { "type": "Point", "coordinates": [ -122.393337451044061, 47.51288043174695 ] } },
{ "type": "Feature", "properties": { "lat": 47.512950847532345, "lon": -122.3927144912672, "time_of_day": "Morning", "causation": [ "0", "0", "0", "0", "0", "0", "0", "0", "1", "0", "0", "0", "0", "0", "0", "0", "0", "1", "0", "0", "0", "0", "0", "0" ], "duration": 1381.0, "sum": 2 }, "geometry": { "type": "Point", "coordinates": [ -122.392714491267199, 47.512950847532345 ] } },
{ "type": "Feature", "properties": { "lat": 47.512986782662558, "lon": -122.39469931766284, "time_of_day": "Morning", "causation": [ "0", "0", "0", "0", "0", "0", "0", "0", "1", "0", "0", "0", "0", "0", "0", "0", "0", "1", "0", "0", "0", "0", "0", "0" ], "duration": 1381.0, "sum": 2 }, "geometry": { "type": "Point", "coordinates": [ -122.394699317662841, 47.512986782662558 ] } },
{ "type": "Feature", "properties": { "lat": 47.51308356291937, "lon": -122.39472427423362, "time_of_day": "Morning", "causation": [ "0", "0", "0", "0", "0", "0", "0", "0", "1", "0", "0", "0", "0", "0", "0", "0", "0", "1", "0", "0", "0", "0", "0", "0" ], "duration": 1381.0, "sum": 2 }, "geometry": { "type": "Point", "coordinates": [ -122.394724274233624, 47.51308356291937 ] } },
{ "type": "Feature", "properties": { "lat": 47.513115978671891, "lon": -122.39512281409546, "time_of_day": "Morning", "causation": [ "0", "0", "0", "0", "0", "0", "0", "0", "3", "0", "0", "0", "0", "0", "0", "0", "0", "3", "0", "0", "0", "0", "0", "0" ], "duration": 4143.0, "sum": 6 }, "geometry": { "type": "Point", "coordinates": [ -122.395122814095458, 47.513115978671891 ] } },
{ "type": "Feature", "properties": { "lat": 47.513145047721608, "lon": -122.39426091577496, "time_of_day": "Morning", "causation": [ "0", "0", "0", "0", "0", "0", "0", "0", "1", "0", "0", "0", "0", "0", "0", "0", "0", "1", "0", "0", "0", "0", "0", "0" ], "duration": 1381.0, "sum": 2 }, "geometry": { "type": "Point", "coordinates": [ -122.394260915774964, 47.513145047721608 ] } },
{ "type": "Feature", "properties": { "lat": 47.513172719582563, "lon": -122.39333057499836, "time_of_day": "Morning", "causation": [ "0", "0", "0", "0", "0", "0", "0", "0", "1", "0", "0", "0", "0", "0", "0", "0", "0", "1", "0", "0", "0", "0", "0", "0" ], "duration": 1381.0, "sum": 2 }, "geometry": { "type": "Point", "coordinates": [ -122.393330574998359, 47.513172719582563 ] } },
{ "type": "Feature", "properties": { "lat": 47.513283889687173, "lon": -122.39442162416124, "time_of_day": "Morning", "causation": [ "0", "0", "0", "0", "0", "0", "0", "0", "1", "0", "0", "0", "0", "0", "0", "0", "0", "1", "0", "0", "0", "0", "0", "0" ], "duration": 1381.0, "sum": 2 }, "geometry": { "type": "Point", "coordinates": [ -122.394421624161239, 47.513283889687173 ] } },
{ "type": "Feature", "properties": { "lat": 47.513304719685017, "lon": -122.39236818221484, "time_of_day": "Morning", "causation": [ "0", "0", "0", "0", "0", "0", "0", "0", "1", "0", "0", "0", "0", "0", "0", "0", "0", "1", "0", "0", "0", "0", "0", "0" ], "duration": 1381.0, "sum": 2 }, "geometry": { "type": "Point", "coordinates": [ -122.392368182214838, 47.513304719685017 ] } },
{ "type": "Feature", "properties": { "lat": 47.513354023350864, "lon": -122.39505450317928, "time_of_day": "Morning", "causation": [ "0", "0", "0", "0", "0", "0", "0", "0", "1", "0", "0", "0", "0", "0", "0", "0", "0", "1", "0", "0", "0", "0", "0", "0" ], "duration": 1381.0, "sum": 2 }, "geometry": { "type": "Point", "coordinates": [ -122.395054503179281, 47.513354023350864 ] } },
{ "type": "Feature", "properties": { "lat": 47.513409418551483, "lon": -122.39329207692531, "time_of_day": "Morning", "causation": [ "0", "0", "0", "0", "0", "0", "0", "0", "1", "0", "0", "0", "0", "0", "0", "0", "0", "1", "0", "0", "0", "0", "0", "0" ], "duration": 1381.0, "sum": 2 }, "geometry": { "type": "Point", "coordinates": [ -122.393292076925306, 47.513409418551483 ] } },
{ "type": "Feature", "properties": { "lat": 47.513451212724405, "lon": -122.39267089351399, "time_of_day": "Morning", "causation": [ "0", "0", "0", "0", "0", "0", "0", "0", "1", "0", "0", "0", "0", "0", "0", "0", "0", "1", "0", "0", "0", "0", "0", "0" ], "duration": 1381.0, "sum": 2 }, "geometry": { "type": "Point", "coordinates": [ -122.392670893513994, 47.513451212724405 ] } },
{ "type": "Feature", "properties": { "lat": 47.513481116723163, "lon": -122.39515030702938, "time_of_day": "Morning", "causation": [ "0", "0", "0", "0", "0", "0", "0", "0", "1", "0", "0", "0", "0", "0", "0", "0", "0", "1", "0", "0", "0", "0", "0", "0" ], "duration": 1381.0, "sum": 2 }, "geometry": { "type": "Point", "coordinates": [ -122.395150307029382, 47.513481116723163 ] } },
{ "type": "Feature", "properties": { "lat": 47.513491649487392, "lon": -122.3923299397638, "time_of_day": "Morning", "causation": [ "0", "0", "0", "0", "0", "0", "0", "0", "1", "0", "0", "0", "0", "0", "0", "0", "0", "1", "0", "0", "0", "0", "0", "0" ], "duration": 1381.0, "sum": 2 }, "geometry": { "type": "Point", "coordinates": [ -122.392329939763798, 47.513491649487392 ] } },
{ "type": "Feature", "properties": { "lat": 47.513497752728753, "lon": -122.39449272544758, "time_of_day": "Morning", "causation": [ "0", "0", "0", "0", "0", "0", "0", "0", "1", "0", "0", "0", "0", "0", "0", "0", "0", "1", "0", "0", "0", "0", "0", "0" ], "duration": 1381.0, "sum": 2 }, "geometry": { "type": "Point", "coordinates": [ -122.394492725447577, 47.513497752728753 ] } },
{ "type": "Feature", "properties": { "lat": 47.513644366339037, "lon": -122.39528677791672, "time_of_day": "Morning", "causation": [ "0", "0", "0", "0", "0", "0", "0", "0", "1", "0", "0", "0", "0", "0", "0", "0", "0", "1", "0", "0", "0", "0", "0", "0" ], "duration": 1381.0, "sum": 2 }, "geometry": { "type": "Point", "coordinates": [ -122.395286777916724, 47.513644366339037 ] } },
{ "type": "Feature", "properties": { "lat": 47.513650147886032, "lon": -122.39455117996884, "time_of_day": "Morning", "causation": [ "0", "0", "0", "0", "0", "0", "0", "0", "1", "0", "0", "0", "0", "0", "0", "0", "0", "1", "0", "0", "0", "0", "0", "0" ], "duration": 1381.0, "sum": 2 }, "geometry": { "type": "Point", "coordinates": [ -122.394551179968843, 47.513650147886032 ] } },
{ "type": "Feature", "properties": { "lat": 47.513665215475349, "lon": -122.39364825843236, "time_of_day": "Morning", "causation": [ "0", "0", "0", "0", "0", "0", "0", "0", "1", "0", "0", "0", "0", "0", "0", "0", "0", "1", "0", "0", "0", "0", "0", "0" ], "duration": 1381.0, "sum": 2 }, "geometry": { "type": "Point", "coordinates": [ -122.393648258432364, 47.513665215475349 ] } },
{ "type": "Feature", "properties": { "lat": 47.51374649056396, "lon": -122.39520030984345, "time_of_day": "Morning", "causation": [ "0", "0", "0", "0", "0", "0", "0", "0", "1", "0", "0", "0", "0", "0", "0", "0", "0", "1", "0", "0", "0", "0", "0", "0" ], "duration": 1381.0, "sum": 2 }, "geometry": { "type": "Point", "coordinates": [ -122.395200309843446, 47.51374649056396 ] } },
{ "type": "Feature", "properties": { "lat": 47.51376475082845, "lon": -122.39225056235432, "time_of_day": "Morning", "causation": [ "0", "0", "0", "0", "0", "0", "0", "0", "1", "0", "0", "0", "0", "0", "0", "0", "0", "1", "0", "0", "0", "0", "0", "0" ], "duration": 1381.0, "sum": 2 }, "geometry": { "type": "Point", "coordinates": [ -122.39225056235432, 47.51376475082845 ] } },
{ "type": "Feature", "properties": { "lat": 47.513764819848944, "lon": -122.39258637107902, "time_of_day": "Morning", "causation": [ "0", "0", "0", "0", "0", "0", "0", "0", "1", "0", "0", "0", "0", "0", "0", "0", "0", "1", "0", "0", "0", "0", "0", "0" ], "duration": 1381.0, "sum": 2 }, "geometry": { "type": "Point", "coordinates": [ -122.39258637107902, 47.513764819848944 ] } },
{ "type": "Feature", "properties": { "lat": 47.51378454934639, "lon": -122.39313526341948, "time_of_day": "Morning", "causation": [ "0", "0", "0", "0", "0", "0", "0", "0", "1", "0", "0", "0", "0", "0", "0", "0", "0", "1", "0", "0", "0", "0", "0", "0" ], "duration": 1381.0, "sum": 2 }, "geometry": { "type": "Point", "coordinates": [ -122.393135263419481, 47.51378454934639 ] } },
{ "type": "Feature", "properties": { "lat": 47.513801718117726, "lon": -122.39442430082624, "time_of_day": "Morning", "causation": [ "0", "0", "0", "0", "0", "0", "0", "0", "1", "0", "0", "0", "0", "0", "0", "0", "0", "1", "0", "0", "0", "0", "0", "0" ], "duration": 1381.0, "sum": 2 }, "geometry": { "type": "Point", "coordinates": [ -122.394424300826245, 47.513801718117726 ] } },
{ "type": "Feature", "properties": { "lat": 47.513954480257489, "lon": -122.39381156728828, "time_of_day": "Morning", "causation": [ "0", "0", "0", "0", "0", "0", "0", "0", "1", "0", "0", "0", "0", "0", "0", "0", "0", "1", "0", "0", "0", "0", "0", "0" ], "duration": 1381.0, "sum": 2 }, "geometry": { "type": "Point", "coordinates": [ -122.393811567288282, 47.513954480257489 ] } },
{ "type": "Feature", "properties": { "lat": 47.513982843114213, "lon": -122.39543052408932, "time_of_day": "Morning", "causation": [ "0", "0", "0", "0", "0", "0", "0", "0", "1", "0", "0", "0", "0", "0", "0", "0", "0", "1", "0", "0", "0", "0", "0", "0" ], "duration": 1381.0, "sum": 2 }, "geometry": { "type": "Point", "coordinates": [ -122.395430524089321, 47.513982843114213 ] } },
{ "type": "Feature", "properties": { "lat": 47.513989212125971, "lon": -122.39449205519064, "time_of_day": "Morning", "causation": [ "0", "0", "0", "0", "0", "0", "0", "0", "1", "0", "0", "0", "0", "0", "0", "0", "0", "1", "0", "0", "0", "0", "0", "0" ], "duration": 1381.0, "sum": 2 }, "geometry": { "type": "Point", "coordinates": [ -122.394492055190639, 47.513989212125971 ] } },
{ "type": "Feature", "properties": { "lat": 47.514001846016569, "lon": -122.39311213830864, "time_of_day": "Morning", "causation": [ "0", "0", "0", "0", "0", "0", "0", "0", "1", "0", "0", "0", "0", "0", "0", "0", "0", "1", "0", "0", "0", "0", "0", "0" ], "duration": 1381.0, "sum": 2 }, "geometry": { "type": "Point", "coordinates": [ -122.393112138308638, 47.514001846016569 ] } },
{ "type": "Feature", "properties": { "lat": 47.514007608823981, "lon": -122.39243680063208, "time_of_day": "Morning", "causation": [ "0", "0", "0", "0", "0", "0", "0", "0", "1", "0", "0", "0", "0", "0", "0", "0", "0", "1", "0", "0", "0", "0", "0", "0" ], "duration": 1381.0, "sum": 2 }, "geometry": { "type": "Point", "coordinates": [ -122.392436800632083, 47.514007608823981 ] } },
{ "type": "Feature", "properties": { "lat": 47.514122538294977, "lon": -122.39565270341861, "time_of_day": "Morning", "causation": [ "0", "0", "0", "0", "0", "0", "0", "0", "1", "0", "0", "0", "0", "0", "0", "0", "0", "1", "0", "0", "0", "0", "0", "0" ], "duration": 1381.0, "sum": 2 }, "geometry": { "type": "Point", "coordinates": [ -122.395652703418605, 47.514122538294977 ] } },
{ "type": "Feature", "properties": { "lat": 47.514164088261403, "lon": -122.3931104764376, "time_of_day": "Morning", "causation": [ "0", "0", "0", "0", "0", "0", "0", "0", "1", "0", "0", "0", "0", "0", "0", "0", "0", "1", "0", "0", "0", "0", "0", "0" ], "duration": 1381.0, "sum": 2 }, "geometry": { "type": "Point", "coordinates": [ -122.393110476437599, 47.514164088261403 ] } },
{ "type": "Feature", "properties": { "lat": 47.514177447295339, "lon": -122.39522710439712, "time_of_day": "Morning", "causation": [ "0", "0", "0", "0", "0", "0", "0", "0", "1", "0", "0", "0", "0", "0", "0", "0", "0", "1", "0", "0", "0", "0", "0", "0" ], "duration": 1381.0, "sum": 2 }, "geometry": { "type": "Point", "coordinates": [ -122.395227104397122, 47.514177447295339 ] } },
{ "type": "Feature", "properties": { "lat": 47.514223001744291, "lon": -122.39566510428924, "time_of_day": "Morning", "causation": [ "0", "0", "0", "0", "0", "0", "0", "0", "1", "0", "0", "0", "0", "0", "0", "0", "0", "1", "0", "0", "0", "0", "0", "0" ], "duration": 1381.0, "sum": 2 }, "geometry": { "type": "Point", "coordinates": [ -122.395665104289236, 47.514223001744291 ] } },
{ "type": "Feature", "properties": { "lat": 47.514355844303296, "lon": -122.39575549810858, "time_of_day": "Morning", "causation": [ "0", "0", "0", "0", "0", "0", "0", "0", "1", "0", "0", "0", "0", "0", "0", "0", "0", "1", "0", "0", "0", "0", "0", "0" ], "duration": 1381.0, "sum": 2 }, "geometry": { "type": "Point", "coordinates": [ -122.395755498108585, 47.514355844303296 ] } },
{ "type": "Feature", "properties": { "lat": 47.514389797741593, "lon": -122.39245867356514, "time_of_day": "Morning", "causation": [ "0", "0", "0", "0", "0", "0", "0", "0", "1", "0", "0", "0", "0", "0", "0", "0", "0", "1", "0", "0", "0", "0", "0", "0" ], "duration": 1381.0, "sum": 2 }, "geometry": { "type": "Point", "coordinates": [ -122.392458673565145, 47.514389797741593 ] } },
{ "type": "Feature", "properties": { "lat": 47.514431181842028, "lon": -122.39341668265504, "time_of_day": "Morning", "causation": [ "0", "0", "0", "0", "0", "0", "0", "0", "1", "0", "0", "0", "0", "0", "0", "0", "0", "1", "0", "0", "0", "0", "0", "0" ], "duration": 1381.0, "sum": 2 }, "geometry": { "type": "Point", "coordinates": [ -122.393416682655044, 47.514431181842028 ] } },
{ "type": "Feature", "properties": { "lat": 47.514431892930233, "lon": -122.39309137169508, "time_of_day": "Morning", "causation": [ "0", "0", "0", "0", "0", "0", "0", "0", "1", "0", "0", "0", "0", "0", "0", "0", "0", "1", "0", "0", "0", "0", "0", "0" ], "duration": 1381.0, "sum": 2 }, "geometry": { "type": "Point", "coordinates": [ -122.393091371695078, 47.514431892930233 ] } },
{ "type": "Feature", "properties": { "lat": 47.514439439331483, "lon": -122.39384154552346, "time_of_day": "Morning", "causation": [ "0", "0", "0", "0", "0", "0", "0", "0", "1", "0", "0", "0", "0", "0", "0", "0", "0", "1", "0", "0", "0", "0", "0", "0" ], "duration": 1381.0, "sum": 2 }, "geometry": { "type": "Point", "coordinates": [ -122.393841545523458, 47.514439439331483 ] } },
{ "type": "Feature", "properties": { "lat": 47.514468034462503, "lon": -122.39490603015544, "time_of_day": "Morning", "causation": [ "0", "0", "0", "0", "0", "0", "0", "0", "1", "0", "0", "0", "0", "0", "0", "0", "0", "1", "0", "0", "0", "0", "0", "0" ], "duration": 1381.0, "sum": 2 }, "geometry": { "type": "Point", "coordinates": [ -122.39490603015544, 47.514468034462503 ] } },
{ "type": "Feature", "properties": { "lat": 47.514488108036282, "lon": -122.39536775159164, "time_of_day": "Morning", "causation": [ "0", "0", "0", "0", "0", "0", "0", "0", "1", "0", "0", "0", "0", "0", "0", "0", "0", "1", "0", "0", "0", "0", "0", "0" ], "duration": 1381.0, "sum": 2 }, "geometry": { "type": "Point", "coordinates": [ -122.395367751591635, 47.514488108036282 ] } },
{ "type": "Feature", "properties": { "lat": 47.514519348510099, "lon": -122.32090328956032, "time_of_day": "Late Night", "causation": [ "0", "0", "0", "0", "0", "0", "0", "0", "1", "0", "0", "0", "0", "0", "0", "0", "0", "0", "0", "0", "0", "0", "0", "0" ], "duration": 190.0, "sum": 1 }, "geometry": { "type": "Point", "coordinates": [ -122.32090328956032, 47.514519348510099 ] } },
{ "type": "Feature", "properties": { "lat": 47.514534016769446, "lon": -122.39578386821016, "time_of_day": "Morning", "causation": [ "0", "0", "0", "0", "0", "0", "0", "0", "1", "0", "0", "0", "0", "0", "0", "0", "0", "1", "0", "0", "0", "0", "0", "0" ], "duration": 1381.0, "sum": 2 }, "geometry": { "type": "Point", "coordinates": [ -122.39578386821016, 47.514534016769446 ] } },
{ "type": "Feature", "properties": { "lat": 47.514631898405909, "lon": -122.39584039015794, "time_of_day": "Morning", "causation": [ "0", "0", "0", "0", "0", "0", "0", "0", "2", "0", "0", "0", "0", "0", "0", "0", "0", "2", "0", "0", "0", "0", "0", "0" ], "duration": 2762.0, "sum": 4 }, "geometry": { "type": "Point", "coordinates": [ -122.395840390157943, 47.514631898405909 ] } },
{ "type": "Feature", "properties": { "lat": 47.514639388009975, "lon": -122.39542348482549, "time_of_day": "Morning", "causation": [ "0", "0", "0", "0", "0", "0", "0", "0", "1", "0", "0", "0", "0", "0", "0", "0", "0", "1", "0", "0", "0", "0", "0", "0" ], "duration": 1381.0, "sum": 2 }, "geometry": { "type": "Point", "coordinates": [ -122.395423484825486, 47.514639388009975 ] } },
{ "type": "Feature", "properties": { "lat": 47.514700747795338, "lon": -122.39393201679196, "time_of_day": "Morning", "causation": [ "0", "0", "0", "0", "0", "0", "0", "0", "1", "0", "0", "0", "0", "0", "0", "0", "0", "1", "0", "0", "0", "0", "0", "0" ], "duration": 1381.0, "sum": 2 }, "geometry": { "type": "Point", "coordinates": [ -122.393932016791965, 47.514700747795338 ] } },
{ "type": "Feature", "properties": { "lat": 47.514725533796728, "lon": -122.25985724696078, "time_of_day": "Morning", "causation": [ "0", "0", "0", "0", "1", "0", "0", "0", "0", "0", "0", "0", "0", "0", "0", "0", "0", "0", "0", "0", "0", "0", "0", "0" ], "duration": 220.0, "sum": 1 }, "geometry": { "type": "Point", "coordinates": [ -122.259857246960777, 47.514725533796728 ] } },
{ "type": "Feature", "properties": { "lat": 47.514771698687291, "lon": -122.39595325471126, "time_of_day": "Morning", "causation": [ "0", "0", "0", "0", "0", "0", "0", "0", "1", "0", "0", "0", "0", "0", "0", "0", "0", "1", "0", "0", "0", "0", "0", "0" ], "duration": 1381.0, "sum": 2 }, "geometry": { "type": "Point", "coordinates": [ -122.395953254711259, 47.514771698687291 ] } },
{ "type": "Feature", "properties": { "lat": 47.514773771188693, "lon": -122.39548968064834, "time_of_day": "Morning", "causation": [ "0", "0", "0", "0", "0", "0", "0", "0", "1", "0", "0", "0", "0", "0", "0", "0", "0", "1", "0", "0", "0", "0", "0", "0" ], "duration": 1381.0, "sum": 2 }, "geometry": { "type": "Point", "coordinates": [ -122.395489680648339, 47.514773771188693 ] } },
{ "type": "Feature", "properties": { "lat": 47.514791602570732, "lon": -122.39243385924438, "time_of_day": "Morning", "causation": [ "0", "0", "0", "0", "0", "0", "0", "0", "1", "0", "0", "0", "0", "0", "0", "0", "0", "1", "0", "0", "0", "0", "0", "0" ], "duration": 1381.0, "sum": 2 }, "geometry": { "type": "Point", "coordinates": [ -122.392433859244377, 47.514791602570732 ] } },
{ "type": "Feature", "properties": { "lat": 47.514826145330993, "lon": -122.25865094376708, "time_of_day": "Morning", "causation": [ "0", "0", "0", "0", "1", "0", "0", "0", "0", "0", "0", "0", "0", "0", "0", "0", "0", "0", "0", "0", "0", "0", "0", "0" ], "duration": 220.0, "sum": 1 }, "geometry": { "type": "Point", "coordinates": [ -122.25865094376708, 47.514826145330993 ] } },
{ "type": "Feature", "properties": { "lat": 47.514846110213306, "lon": -122.39300537175224, "time_of_day": "Morning", "causation": [ "0", "0", "0", "0", "0", "0", "0", "0", "1", "0", "0", "0", "0", "0", "0", "0", "0", "1", "0", "0", "0", "0", "0", "0" ], "duration": 1381.0, "sum": 2 }, "geometry": { "type": "Point", "coordinates": [ -122.393005371752238, 47.514846110213306 ] } },
{ "type": "Feature", "properties": { "lat": 47.514847083958365, "lon": -122.3950816268534, "time_of_day": "Morning", "causation": [ "0", "0", "0", "0", "0", "0", "0", "0", "1", "0", "0", "0", "0", "0", "0", "0", "0", "1", "0", "0", "0", "0", "0", "0" ], "duration": 1381.0, "sum": 2 }, "geometry": { "type": "Point", "coordinates": [ -122.395081626853397, 47.514847083958365 ] } },
{ "type": "Feature", "properties": { "lat": 47.514869648448922, "lon": -122.39604272564186, "time_of_day": "Morning", "causation": [ "0", "0", "0", "0", "0", "0", "0", "0", "1", "0", "0", "0", "0", "0", "0", "0", "0", "1", "0", "0", "0", "0", "0", "0" ], "duration": 1381.0, "sum": 2 }, "geometry": { "type": "Point", "coordinates": [ -122.396042725641863, 47.514869648448922 ] } },
{ "type": "Feature", "properties": { "lat": 47.51491078057353, "lon": -122.26348326042196, "time_of_day": "Morning", "causation": [ "0", "0", "0", "0", "1", "0", "0", "0", "0", "0", "0", "0", "0", "0", "0", "0", "0", "0", "0", "0", "0", "0", "0", "0" ], "duration": 220.0, "sum": 1 }, "geometry": { "type": "Point", "coordinates": [ -122.263483260421964, 47.51491078057353 ] } },
{ "type": "Feature", "properties": { "lat": 47.514912850820153, "lon": -122.26395685514235, "time_of_day": "Morning", "causation": [ "0", "0", "0", "0", "1", "0", "0", "0", "0", "0", "0", "0", "0", "0", "0", "0", "0", "0", "0", "0", "0", "0", "0", "0" ], "duration": 220.0, "sum": 1 }, "geometry": { "type": "Point", "coordinates": [ -122.263956855142354, 47.514912850820153 ] } },
{ "type": "Feature", "properties": { "lat": 47.514923538948963, "lon": -122.39570123723388, "time_of_day": "Morning", "causation": [ "0", "0", "0", "0", "0", "0", "0", "0", "1", "0", "0", "0", "0", "0", "0", "0", "0", "1", "0", "0", "0", "0", "0", "0" ], "duration": 1381.0, "sum": 2 }, "geometry": { "type": "Point", "coordinates": [ -122.39570123723388, 47.514923538948963 ] } },
{ "type": "Feature", "properties": { "lat": 47.514925049205736, "lon": -122.39389400723896, "time_of_day": "Morning", "causation": [ "0", "0", "0", "0", "0", "0", "0", "0", "1", "0", "0", "0", "0", "0", "0", "0", "0", "1", "0", "0", "0", "0", "0", "0" ], "duration": 1381.0, "sum": 2 }, "geometry": { "type": "Point", "coordinates": [ -122.393894007238956, 47.514925049205736 ] } },
{ "type": "Feature", "properties": { "lat": 47.514964988900687, "lon": -122.2637424010336, "time_of_day": "Morning", "causation": [ "0", "0", "0", "0", "1", "0", "0", "0", "0", "0", "0", "0", "0", "0", "0", "0", "0", "0", "0", "0", "0", "0", "0", "0" ], "duration": 220.0, "sum": 1 }, "geometry": { "type": "Point", "coordinates": [ -122.263742401033596, 47.514964988900687 ] } },
{ "type": "Feature", "properties": { "lat": 47.514965917888077, "lon": -122.39348623794298, "time_of_day": "Morning", "causation": [ "0", "0", "0", "0", "0", "0", "0", "0", "1", "0", "0", "0", "0", "0", "0", "0", "0", "1", "0", "0", "0", "0", "0", "0" ], "duration": 1381.0, "sum": 2 }, "geometry": { "type": "Point", "coordinates": [ -122.39348623794298, 47.514965917888077 ] } },
{ "type": "Feature", "properties": { "lat": 47.515005820136544, "lon": -122.39446942602991, "time_of_day": "Morning", "causation": [ "0", "0", "0", "0", "0", "0", "0", "0", "1", "0", "0", "0", "0", "0", "0", "0", "0", "1", "0", "0", "0", "0", "0", "0" ], "duration": 1381.0, "sum": 2 }, "geometry": { "type": "Point", "coordinates": [ -122.394469426029914, 47.515005820136544 ] } },
{ "type": "Feature", "properties": { "lat": 47.515047708201394, "lon": -122.39613504378924, "time_of_day": "Morning", "causation": [ "0", "0", "0", "0", "0", "0", "0", "0", "1", "0", "0", "0", "0", "0", "0", "0", "0", "1", "0", "0", "0", "0", "0", "0" ], "duration": 1381.0, "sum": 2 }, "geometry": { "type": "Point", "coordinates": [ -122.396135043789243, 47.515047708201394 ] } },
{ "type": "Feature", "properties": { "lat": 47.515058208970856, "lon": -122.26108427630103, "time_of_day": "Morning", "causation": [ "0", "0", "0", "0", "1", "0", "0", "0", "0", "0", "0", "0", "0", "0", "0", "0", "0", "0", "0", "0", "0", "0", "0", "0" ], "duration": 220.0, "sum": 1 }, "geometry": { "type": "Point", "coordinates": [ -122.261084276301034, 47.515058208970856 ] } },
{ "type": "Feature", "properties": { "lat": 47.515059316065731, "lon": -122.26137790078424, "time_of_day": "Morning", "causation": [ "0", "0", "0", "0", "1", "0", "0", "0", "0", "0", "0", "0", "0", "0", "0", "0", "0", "0", "0", "0", "0", "0", "0", "0" ], "duration": 220.0, "sum": 1 }, "geometry": { "type": "Point", "coordinates": [ -122.26137790078424, 47.515059316065731 ] } },
{ "type": "Feature", "properties": { "lat": 47.515086752461663, "lon": -122.39301738814798, "time_of_day": "Morning", "causation": [ "0", "0", "0", "0", "0", "0", "0", "0", "1", "0", "0", "0", "0", "0", "0", "0", "0", "1", "0", "0", "0", "0", "0", "0" ], "duration": 1381.0, "sum": 2 }, "geometry": { "type": "Point", "coordinates": [ -122.393017388147982, 47.515086752461663 ] } },
{ "type": "Feature", "properties": { "lat": 47.515096867160622, "lon": -122.39520458483914, "time_of_day": "Morning", "causation": [ "0", "0", "0", "0", "0", "0", "0", "0", "1", "0", "0", "0", "0", "0", "0", "0", "0", "1", "0", "0", "0", "0", "0", "0" ], "duration": 1381.0, "sum": 2 }, "geometry": { "type": "Point", "coordinates": [ -122.395204584839135, 47.515096867160622 ] } },
{ "type": "Feature", "properties": { "lat": 47.515152912948793, "lon": -122.26285244540158, "time_of_day": "Morning", "causation": [ "0", "0", "0", "0", "1", "0", "0", "0", "0", "0", "0", "0", "0", "0", "0", "0", "0", "0", "0", "0", "0", "0", "0", "0" ], "duration": 220.0, "sum": 1 }, "geometry": { "type": "Point", "coordinates": [ -122.262852445401577, 47.515152912948793 ] } },
{ "type": "Feature", "properties": { "lat": 47.515178218933841, "lon": -122.26334493317204, "time_of_day": "Morning", "causation": [ "0", "0", "0", "0", "1", "0", "0", "0", "0", "0", "0", "0", "0", "0", "0", "0", "0", "0", "0", "0", "0", "0", "0", "0" ], "duration": 220.0, "sum": 1 }, "geometry": { "type": "Point", "coordinates": [ -122.263344933172036, 47.515178218933841 ] } },
{ "type": "Feature", "properties": { "lat": 47.515201111864258, "lon": -122.39469663172656, "time_of_day": "Morning", "causation": [ "0", "0", "0", "0", "0", "0", "0", "0", "1", "0", "0", "0", "0", "0", "0", "0", "0", "1", "0", "0", "0", "0", "0", "0" ], "duration": 1381.0, "sum": 2 }, "geometry": { "type": "Point", "coordinates": [ -122.394696631726561, 47.515201111864258 ] } },
{ "type": "Feature", "properties": { "lat": 47.515232697808443, "lon": -122.26385477570886, "time_of_day": "Morning", "causation": [ "0", "0", "0", "0", "1", "0", "0", "0", "0", "0", "0", "0", "0", "0", "0", "0", "0", "0", "0", "0", "0", "0", "0", "0" ], "duration": 220.0, "sum": 1 }, "geometry": { "type": "Point", "coordinates": [ -122.263854775708865, 47.515232697808443 ] } },
{ "type": "Feature", "properties": { "lat": 47.515253754218215, "lon": -122.26438385773726, "time_of_day": "Morning", "causation": [ "0", "0", "0", "0", "1", "0", "0", "0", "0", "0", "0", "0", "0", "0", "0", "0", "0", "0", "0", "0", "0", "0", "0", "0" ], "duration": 220.0, "sum": 1 }, "geometry": { "type": "Point", "coordinates": [ -122.264383857737258, 47.515253754218215 ] } },
{ "type": "Feature", "properties": { "lat": 47.515310426849489, "lon": -122.26290788298114, "time_of_day": "Morning", "causation": [ "0", "0", "0", "0", "2", "0", "0", "0", "0", "0", "0", "0", "0", "0", "0", "0", "0", "0", "0", "0", "0", "0", "0", "0" ], "duration": 440.0, "sum": 2 }, "geometry": { "type": "Point", "coordinates": [ -122.262907882981139, 47.515310426849489 ] } },
{ "type": "Feature", "properties": { "lat": 47.515326009827433, "lon": -122.2596509526, "time_of_day": "Morning", "causation": [ "0", "0", "0", "0", "1", "0", "0", "0", "0", "0", "0", "0", "0", "0", "0", "0", "0", "0", "0", "0", "0", "0", "0", "0" ], "duration": 220.0, "sum": 1 }, "geometry": { "type": "Point", "coordinates": [ -122.259650952599998, 47.515326009827433 ] } },
{ "type": "Feature", "properties": { "lat": 47.515350878369922, "lon": -122.25907010798926, "time_of_day": "Morning", "causation": [ "0", "0", "0", "0", "1", "0", "0", "0", "0", "0", "0", "0", "0", "0", "0", "0", "0", "0", "0", "0", "0", "0", "0", "0" ], "duration": 220.0, "sum": 1 }, "geometry": { "type": "Point", "coordinates": [ -122.25907010798926, 47.515350878369922 ] } },
{ "type": "Feature", "properties": { "lat": 47.51535127705052, "lon": -122.26112298197609, "time_of_day": "Morning", "causation": [ "0", "0", "0", "0", "1", "0", "0", "0", "0", "0", "0", "0", "0", "0", "0", "0", "0", "0", "0", "0", "0", "0", "0", "0" ], "duration": 220.0, "sum": 1 }, "geometry": { "type": "Point", "coordinates": [ -122.261122981976087, 47.51535127705052 ] } },
{ "type": "Feature", "properties": { "lat": 47.515352476540805, "lon": -122.2638670477741, "time_of_day": "Morning", "causation": [ "0", "0", "0", "0", "1", "0", "0", "0", "0", "0", "0", "0", "0", "0", "0", "0", "0", "0", "0", "0", "0", "0", "0", "0" ], "duration": 220.0, "sum": 1 }, "geometry": { "type": "Point", "coordinates": [ -122.263867047774099, 47.515352476540805 ] } },
{ "type": "Feature", "properties": { "lat": 47.515354553352481, "lon": -122.26178700142771, "time_of_day": "Morning", "causation": [ "0", "0", "0", "0", "1", "0", "0", "0", "0", "0", "0", "0", "0", "0", "0", "0", "0", "0", "0", "0", "0", "0", "0", "0" ], "duration": 220.0, "sum": 1 }, "geometry": { "type": "Point", "coordinates": [ -122.261787001427706, 47.515354553352481 ] } },
{ "type": "Feature", "properties": { "lat": 47.515355018385193, "lon": -122.26334512861692, "time_of_day": "Morning", "causation": [ "0", "0", "0", "0", "1", "0", "0", "0", "0", "0", "0", "0", "0", "0", "0", "0", "0", "0", "0", "0", "0", "0", "0", "0" ], "duration": 220.0, "sum": 1 }, "geometry": { "type": "Point", "coordinates": [ -122.263345128616919, 47.515355018385193 ] } },
{ "type": "Feature", "properties": { "lat": 47.515369316624721, "lon": -122.26438039243484, "time_of_day": "Morning", "causation": [ "0", "0", "0", "0", "1", "0", "0", "0", "0", "0", "0", "0", "0", "0", "0", "0", "0", "0", "0", "0", "0", "0", "0", "0" ], "duration": 220.0, "sum": 1 }, "geometry": { "type": "Point", "coordinates": [ -122.264380392434845, 47.515369316624721 ] } },
{ "type": "Feature", "properties": { "lat": 47.515370848575166, "lon": -122.3935869528182, "time_of_day": "Morning", "causation": [ "0", "0", "0", "0", "0", "0", "0", "0", "1", "0", "0", "0", "0", "0", "0", "0", "0", "1", "0", "0", "0", "0", "0", "0" ], "duration": 1381.0, "sum": 2 }, "geometry": { "type": "Point", "coordinates": [ -122.393586952818197, 47.515370848575166 ] } },
{ "type": "Feature", "properties": { "lat": 47.515382565034152, "lon": -122.26054243475224, "time_of_day": "Morning", "causation": [ "0", "0", "0", "0", "1", "0", "0", "0", "0", "0", "0", "0", "0", "0", "0", "0", "0", "0", "0", "0", "0", "0", "0", "0" ], "duration": 220.0, "sum": 1 }, "geometry": { "type": "Point", "coordinates": [ -122.260542434752239, 47.515382565034152 ] } },
{ "type": "Feature", "properties": { "lat": 47.515384750866751, "lon": -122.39303994431184, "time_of_day": "Morning", "causation": [ "0", "0", "0", "0", "0", "0", "0", "0", "1", "0", "0", "0", "0", "0", "0", "0", "0", "1", "0", "0", "0", "0", "0", "0" ], "duration": 1381.0, "sum": 2 }, "geometry": { "type": "Point", "coordinates": [ -122.393039944311838, 47.515384750866751 ] } },
{ "type": "Feature", "properties": { "lat": 47.515411300748212, "lon": -122.26007761225726, "time_of_day": "Morning", "causation": [ "0", "0", "0", "0", "1", "0", "0", "0", "0", "0", "0", "0", "0", "0", "0", "0", "0", "0", "0", "0", "0", "0", "0", "0" ], "duration": 220.0, "sum": 1 }, "geometry": { "type": "Point", "coordinates": [ -122.260077612257263, 47.515411300748212 ] } },
{ "type": "Feature", "properties": { "lat": 47.515412336532656, "lon": -122.39429537458744, "time_of_day": "Morning", "causation": [ "0", "0", "0", "0", "0", "0", "0", "0", "1", "0", "0", "0", "0", "0", "0", "0", "0", "1", "0", "0", "0", "0", "0", "0" ], "duration": 1381.0, "sum": 2 }, "geometry": { "type": "Point", "coordinates": [ -122.394295374587443, 47.515412336532656 ] } },
{ "type": "Feature", "properties": { "lat": 47.515452978192592, "lon": -122.39622320592954, "time_of_day": "Morning", "causation": [ "0", "0", "0", "0", "0", "0", "0", "0", "2", "0", "0", "0", "0", "0", "0", "0", "0", "2", "0", "0", "0", "0", "0", "0" ], "duration": 2762.0, "sum": 4 }, "geometry": { "type": "Point", "coordinates": [ -122.396223205929545, 47.515452978192592 ] } },
{ "type": "Feature", "properties": { "lat": 47.515473155150765, "lon": -122.3951012336516, "time_of_day": "Morning", "causation": [ "0", "0", "0", "0", "0", "0", "0", "0", "1", "0", "0", "0", "0", "0", "0", "0", "0", "1", "0", "0", "0", "0", "0", "0" ], "duration": 1381.0, "sum": 2 }, "geometry": { "type": "Point", "coordinates": [ -122.395101233651602, 47.515473155150765 ] } },
{ "type": "Feature", "properties": { "lat": 47.515474442972049, "lon": -122.39240882864114, "time_of_day": "Morning", "causation": [ "0", "0", "0", "0", "0", "0", "0", "0", "1", "0", "0", "0", "0", "0", "0", "0", "0", "1", "0", "0", "0", "0", "0", "0" ], "duration": 1381.0, "sum": 2 }, "geometry": { "type": "Point", "coordinates": [ -122.392408828641138, 47.515474442972049 ] } },
{ "type": "Feature", "properties": { "lat": 47.515486456292663, "lon": -122.25963016790315, "time_of_day": "Morning", "causation": [ "0", "0", "0", "0", "1", "0", "0", "0", "0", "0", "0", "0", "0", "0", "0", "0", "0", "0", "0", "0", "0", "0", "0", "0" ], "duration": 220.0, "sum": 1 }, "geometry": { "type": "Point", "coordinates": [ -122.259630167903154, 47.515486456292663 ] } },
{ "type": "Feature", "properties": { "lat": 47.515486668910633, "lon": -122.26343592052829, "time_of_day": "Morning", "causation": [ "0", "0", "0", "0", "1", "0", "0", "0", "0", "0", "0", "0", "0", "0", "0", "0", "0", "0", "0", "0", "0", "0", "0", "0" ], "duration": 220.0, "sum": 1 }, "geometry": { "type": "Point", "coordinates": [ -122.263435920528295, 47.515486668910633 ] } },
{ "type": "Feature", "properties": { "lat": 47.515501931458353, "lon": -122.26439241101016, "time_of_day": "Morning", "causation": [ "0", "0", "0", "0", "1", "0", "0", "0", "0", "0", "0", "0", "0", "0", "0", "0", "0", "0", "0", "0", "0", "0", "0", "0" ], "duration": 220.0, "sum": 1 }, "geometry": { "type": "Point", "coordinates": [ -122.264392411010164, 47.515501931458353 ] } },
{ "type": "Feature", "properties": { "lat": 47.515506886241361, "lon": -122.25909270937836, "time_of_day": "Morning", "causation": [ "0", "0", "0", "0", "1", "0", "0", "0", "0", "0", "0", "0", "0", "0", "0", "0", "0", "0", "0", "0", "0", "0", "0", "0" ], "duration": 220.0, "sum": 1 }, "geometry": { "type": "Point", "coordinates": [ -122.259092709378365, 47.515506886241361 ] } },
{ "type": "Feature", "properties": { "lat": 47.515507712458351, "lon": -122.26286201295004, "time_of_day": "Morning", "causation": [ "0", "0", "0", "0", "1", "0", "0", "0", "0", "0", "0", "0", "0", "0", "0", "0", "0", "0", "0", "0", "0", "0", "0", "0" ], "duration": 220.0, "sum": 1 }, "geometry": { "type": "Point", "coordinates": [ -122.262862012950038, 47.515507712458351 ] } },
{ "type": "Feature", "properties": { "lat": 47.515513237393165, "lon": -122.26388453238349, "time_of_day": "Morning", "causation": [ "0", "0", "0", "0", "1", "0", "0", "0", "0", "0", "0", "0", "0", "0", "0", "0", "0", "0", "0", "0", "0", "0", "0", "0" ], "duration": 220.0, "sum": 1 }, "geometry": { "type": "Point", "coordinates": [ -122.263884532383486, 47.515513237393165 ] } },
{ "type": "Feature", "properties": { "lat": 47.515533431419442, "lon": -122.25632223820504, "time_of_day": "Morning", "causation": [ "0", "0", "0", "0", "1", "0", "0", "0", "0", "0", "0", "0", "0", "0", "0", "0", "0", "0", "0", "0", "0", "0", "0", "0" ], "duration": 220.0, "sum": 1 }, "geometry": { "type": "Point", "coordinates": [ -122.256322238205044, 47.515533431419442 ] } },
{ "type": "Feature", "properties": { "lat": 47.515542537441178, "lon": -122.39359431775758, "time_of_day": "Morning", "causation": [ "0", "0", "0", "0", "0", "0", "0", "0", "1", "0", "0", "0", "0", "0", "0", "0", "0", "1", "0", "0", "0", "0", "0", "0" ], "duration": 1381.0, "sum": 2 }, "geometry": { "type": "Point", "coordinates": [ -122.393594317757575, 47.515542537441178 ] } },
{ "type": "Feature", "properties": { "lat": 47.515543893637727, "lon": -122.26109510955629, "time_of_day": "Morning", "causation": [ "0", "0", "0", "0", "1", "0", "0", "0", "0", "0", "0", "0", "0", "0", "0", "0", "0", "0", "0", "0", "0", "0", "0", "0" ], "duration": 220.0, "sum": 1 }, "geometry": { "type": "Point", "coordinates": [ -122.261095109556294, 47.515543893637727 ] } },
{ "type": "Feature", "properties": { "lat": 47.515567157630926, "lon": -122.2605421460008, "time_of_day": "Morning", "causation": [ "0", "0", "0", "0", "1", "0", "0", "0", "0", "0", "0", "0", "0", "0", "0", "0", "0", "0", "0", "0", "0", "0", "0", "0" ], "duration": 220.0, "sum": 1 }, "geometry": { "type": "Point", "coordinates": [ -122.260542146000802, 47.515567157630926 ] } },
{ "type": "Feature", "properties": { "lat": 47.515601013941399, "lon": -122.25965649376792, "time_of_day": "Morning", "causation": [ "0", "0", "0", "0", "1", "0", "0", "0", "0", "0", "0", "0", "0", "0", "0", "0", "0", "0", "0", "0", "0", "0", "0", "0" ], "duration": 220.0, "sum": 1 }, "geometry": { "type": "Point", "coordinates": [ -122.25965649376792, 47.515601013941399 ] } },
{ "type": "Feature", "properties": { "lat": 47.515613191618257, "lon": -122.39442309804932, "time_of_day": "Morning", "causation": [ "0", "0", "0", "0", "0", "0", "0", "0", "1", "0", "0", "0", "0", "0", "0", "0", "0", "1", "0", "0", "0", "0", "0", "0" ], "duration": 1381.0, "sum": 2 }, "geometry": { "type": "Point", "coordinates": [ -122.394423098049316, 47.515613191618257 ] } },
{ "type": "Feature", "properties": { "lat": 47.515619069261213, "lon": -122.3951504113094, "time_of_day": "Morning", "causation": [ "0", "0", "0", "0", "0", "0", "0", "0", "1", "0", "0", "0", "0", "0", "0", "0", "0", "1", "0", "0", "0", "0", "0", "0" ], "duration": 1381.0, "sum": 2 }, "geometry": { "type": "Point", "coordinates": [ -122.395150411309402, 47.515619069261213 ] } },
{ "type": "Feature", "properties": { "lat": 47.515628978113554, "lon": -122.39630583086311, "time_of_day": "Morning", "causation": [ "0", "0", "0", "0", "0", "0", "0", "0", "1", "0", "0", "0", "0", "0", "0", "0", "0", "1", "0", "0", "0", "0", "0", "0" ], "duration": 1381.0, "sum": 2 }, "geometry": { "type": "Point", "coordinates": [ -122.396305830863113, 47.515628978113554 ] } },
{ "type": "Feature", "properties": { "lat": 47.51564934096848, "lon": -122.2628767842526, "time_of_day": "Morning", "causation": [ "0", "0", "0", "0", "1", "0", "0", "0", "0", "0", "0", "0", "0", "0", "0", "0", "0", "0", "0", "0", "0", "0", "0", "0" ], "duration": 220.0, "sum": 1 }, "geometry": { "type": "Point", "coordinates": [ -122.262876784252597, 47.51564934096848 ] } },
{ "type": "Feature", "properties": { "lat": 47.515651218166646, "lon": -122.25604921958031, "time_of_day": "Morning", "causation": [ "0", "0", "0", "0", "1", "0", "0", "0", "0", "0", "0", "0", "0", "0", "0", "0", "0", "0", "0", "0", "0", "0", "0", "0" ], "duration": 220.0, "sum": 1 }, "geometry": { "type": "Point", "coordinates": [ -122.256049219580305, 47.515651218166646 ] } },
{ "type": "Feature", "properties": { "lat": 47.515654700526738, "lon": -122.25911496538062, "time_of_day": "Morning", "causation": [ "0", "0", "0", "0", "1", "0", "0", "0", "0", "0", "0", "0", "0", "0", "0", "0", "0", "0", "0", "0", "0", "0", "0", "0" ], "duration": 220.0, "sum": 1 }, "geometry": { "type": "Point", "coordinates": [ -122.259114965380618, 47.515654700526738 ] } },
{ "type": "Feature", "properties": { "lat": 47.515660259981104, "lon": -122.26334249307337, "time_of_day": "Morning", "causation": [ "0", "0", "0", "0", "1", "0", "0", "0", "0", "0", "0", "0", "0", "0", "0", "0", "0", "0", "0", "0", "0", "0", "0", "0" ], "duration": 220.0, "sum": 1 }, "geometry": { "type": "Point", "coordinates": [ -122.263342493073367, 47.515660259981104 ] } },
{ "type": "Feature", "properties": { "lat": 47.515671565088716, "lon": -122.26372945049501, "time_of_day": "Morning", "causation": [ "0", "0", "0", "0", "1", "0", "0", "0", "0", "0", "0", "0", "0", "0", "0", "0", "0", "0", "0", "0", "0", "0", "0", "0" ], "duration": 220.0, "sum": 1 }, "geometry": { "type": "Point", "coordinates": [ -122.263729450495006, 47.515671565088716 ] } },
{ "type": "Feature", "properties": { "lat": 47.515691490953607, "lon": -122.2644288202066, "time_of_day": "Morning", "causation": [ "0", "0", "0", "0", "1", "0", "0", "0", "0", "0", "0", "0", "0", "0", "0", "0", "0", "0", "0", "0", "0", "0", "0", "0" ], "duration": 220.0, "sum": 1 }, "geometry": { "type": "Point", "coordinates": [ -122.264428820206604, 47.515691490953607 ] } },
{ "type": "Feature", "properties": { "lat": 47.515710697824218, "lon": -122.39375469509709, "time_of_day": "Morning", "causation": [ "0", "0", "0", "0", "0", "0", "0", "0", "1", "0", "0", "0", "0", "0", "0", "0", "0", "1", "0", "0", "0", "0", "0", "0" ], "duration": 1381.0, "sum": 2 }, "geometry": { "type": "Point", "coordinates": [ -122.393754695097087, 47.515710697824218 ] } },
{ "type": "Feature", "properties": { "lat": 47.515712472319031, "lon": -122.2558238733782, "time_of_day": "Morning", "causation": [ "0", "0", "0", "0", "1", "0", "0", "0", "0", "0", "0", "0", "0", "0", "0", "0", "0", "0", "0", "0", "0", "0", "0", "0" ], "duration": 220.0, "sum": 1 }, "geometry": { "type": "Point", "coordinates": [ -122.255823873378205, 47.515712472319031 ] } },
{ "type": "Feature", "properties": { "lat": 47.515713392701379, "lon": -122.26052858396636, "time_of_day": "Morning", "causation": [ "0", "0", "0", "0", "1", "0", "0", "0", "0", "0", "0", "0", "0", "0", "0", "0", "0", "0", "0", "0", "0", "0", "0", "0" ], "duration": 220.0, "sum": 1 }, "geometry": { "type": "Point", "coordinates": [ -122.260528583966362, 47.515713392701379 ] } },
{ "type": "Feature", "properties": { "lat": 47.515720044546228, "lon": -122.25963886604382, "time_of_day": "Morning", "causation": [ "0", "0", "0", "0", "1", "0", "0", "0", "0", "0", "0", "0", "0", "0", "0", "0", "0", "0", "0", "0", "0", "0", "0", "0" ], "duration": 220.0, "sum": 1 }, "geometry": { "type": "Point", "coordinates": [ -122.259638866043815, 47.515720044546228 ] } },
{ "type": "Feature", "properties": { "lat": 47.515732920492482, "lon": -122.39307505165816, "time_of_day": "Morning", "causation": [ "0", "0", "0", "0", "0", "0", "0", "0", "1", "0", "0", "0", "0", "0", "0", "0", "0", "1", "0", "0", "0", "0", "0", "0" ], "duration": 1381.0, "sum": 2 }, "geometry": { "type": "Point", "coordinates": [ -122.393075051658158, 47.515732920492482 ] } },
{ "type": "Feature", "properties": { "lat": 47.515735814046828, "lon": -122.26124044632998, "time_of_day": "Morning", "causation": [ "0", "0", "0", "0", "1", "0", "0", "0", "0", "0", "0", "0", "0", "0", "0", "0", "0", "0", "0", "0", "0", "0", "0", "0" ], "duration": 220.0, "sum": 1 }, "geometry": { "type": "Point", "coordinates": [ -122.261240446329978, 47.515735814046828 ] } },
{ "type": "Feature", "properties": { "lat": 47.515750881294622, "lon": -122.25564040096008, "time_of_day": "Morning", "causation": [ "0", "0", "0", "0", "1", "0", "0", "0", "0", "0", "0", "0", "0", "0", "0", "0", "0", "0", "0", "0", "0", "0", "0", "0" ], "duration": 220.0, "sum": 1 }, "geometry": { "type": "Point", "coordinates": [ -122.255640400960075, 47.515750881294622 ] } },
{ "type": "Feature", "properties": { "lat": 47.515765515037543, "lon": -122.25664358194599, "time_of_day": "Morning", "causation": [ "0", "0", "0", "0", "1", "0", "0", "0", "0", "0", "0", "0", "0", "0", "0", "0", "0", "0", "0", "0", "0", "0", "0", "0" ], "duration": 220.0, "sum": 1 }, "geometry": { "type": "Point", "coordinates": [ -122.256643581945994, 47.515765515037543 ] } },
{ "type": "Feature", "properties": { "lat": 47.515768345062511, "lon": -122.39640229332709, "time_of_day": "Morning", "causation": [ "0", "0", "0", "0", "0", "0", "0", "0", "1", "0", "0", "0", "0", "0", "0", "0", "0", "1", "0", "0", "0", "0", "0", "0" ], "duration": 1381.0, "sum": 2 }, "geometry": { "type": "Point", "coordinates": [ -122.396402293327085, 47.515768345062511 ] } },
{ "type": "Feature", "properties": { "lat": 47.515778498525322, "lon": -122.26383199119084, "time_of_day": "Morning", "causation": [ "0", "0", "0", "0", "1", "0", "0", "0", "0", "0", "0", "0", "0", "0", "0", "0", "0", "0", "0", "0", "0", "0", "0", "0" ], "duration": 220.0, "sum": 1 }, "geometry": { "type": "Point", "coordinates": [ -122.263831991190841, 47.515778498525322 ] } },
{ "type": "Feature", "properties": { "lat": 47.515779696512709, "lon": -122.25910923700712, "time_of_day": "Morning", "causation": [ "0", "0", "0", "0", "1", "0", "0", "0", "0", "0", "0", "0", "0", "0", "0", "0", "0", "0", "0", "0", "0", "0", "0", "0" ], "duration": 220.0, "sum": 1 }, "geometry": { "type": "Point", "coordinates": [ -122.259109237007124, 47.515779696512709 ] } },
{ "type": "Feature", "properties": { "lat": 47.515782891740535, "lon": -122.25740759721118, "time_of_day": "Morning", "causation": [ "0", "0", "0", "0", "1", "0", "0", "0", "0", "0", "0", "0", "0", "0", "0", "0", "0", "0", "0", "0", "0", "0", "0", "0" ], "duration": 220.0, "sum": 1 }, "geometry": { "type": "Point", "coordinates": [ -122.257407597211184, 47.515782891740535 ] } },
{ "type": "Feature", "properties": { "lat": 47.515788837277007, "lon": -122.26334197279527, "time_of_day": "Morning", "causation": [ "0", "0", "0", "0", "1", "0", "0", "0", "0", "0", "0", "0", "0", "0", "0", "0", "0", "0", "0", "0", "0", "0", "0", "0" ], "duration": 220.0, "sum": 1 }, "geometry": { "type": "Point", "coordinates": [ -122.263341972795274, 47.515788837277007 ] } },
{ "type": "Feature", "properties": { "lat": 47.515800770935748, "lon": -122.2628731659058, "time_of_day": "Morning", "causation": [ "0", "0", "0", "0", "1", "0", "0", "0", "0", "0", "0", "0", "0", "0", "0", "0", "0", "0", "0", "0", "0", "0", "0", "0" ], "duration": 220.0, "sum": 1 }, "geometry": { "type": "Point", "coordinates": [ -122.262873165905802, 47.515800770935748 ] } },
{ "type": "Feature", "properties": { "lat": 47.515816703585934, "lon": -122.26442986967328, "time_of_day": "Morning", "causation": [ "0", "0", "0", "0", "1", "0", "0", "0", "0", "0", "0", "0", "0", "0", "0", "0", "0", "0", "0", "0", "0", "0", "0", "0" ], "duration": 220.0, "sum": 1 }, "geometry": { "type": "Point", "coordinates": [ -122.264429869673279, 47.515816703585934 ] } },
{ "type": "Feature", "properties": { "lat": 47.515818455464682, "lon": -122.25546642582376, "time_of_day": "Morning", "causation": [ "0", "0", "0", "0", "1", "0", "0", "0", "0", "0", "0", "0", "0", "0", "0", "0", "0", "0", "0", "0", "0", "0", "0", "0" ], "duration": 220.0, "sum": 1 }, "geometry": { "type": "Point", "coordinates": [ -122.255466425823755, 47.515818455464682 ] } },
{ "type": "Feature", "properties": { "lat": 47.515847758544282, "lon": -122.39527787977627, "time_of_day": "Morning", "causation": [ "0", "0", "0", "0", "0", "0", "0", "0", "5", "0", "0", "0", "0", "0", "0", "0", "0", "5", "0", "0", "0", "0", "0", "0" ], "duration": 6905.0, "sum": 10 }, "geometry": { "type": "Point", "coordinates": [ -122.395277879776273, 47.515847758544282 ] } },
{ "type": "Feature", "properties": { "lat": 47.515852068680182, "lon": -122.25961495601079, "time_of_day": "Morning", "causation": [ "0", "0", "0", "0", "1", "0", "0", "0", "0", "0", "0", "0", "0", "0", "0", "0", "0", "0", "0", "0", "0", "0", "0", "0" ], "duration": 220.0, "sum": 1 }, "geometry": { "type": "Point", "coordinates": [ -122.259614956010793, 47.515852068680182 ] } },
{ "type": "Feature", "properties": { "lat": 47.515853776646921, "lon": -122.39249088441696, "time_of_day": "Morning", "causation": [ "0", "0", "0", "0", "0", "0", "0", "0", "1", "0", "0", "0", "0", "0", "0", "0", "0", "1", "0", "0", "0", "0", "0", "0" ], "duration": 1381.0, "sum": 2 }, "geometry": { "type": "Point", "coordinates": [ -122.392490884416958, 47.515853776646921 ] } },
{ "type": "Feature", "properties": { "lat": 47.515873758433088, "lon": -122.39443385599009, "time_of_day": "Morning", "causation": [ "0", "0", "0", "0", "0", "0", "0", "0", "1", "0", "0", "0", "0", "0", "0", "0", "0", "1", "0", "0", "0", "0", "0", "0" ], "duration": 1381.0, "sum": 2 }, "geometry": { "type": "Point", "coordinates": [ -122.394433855990087, 47.515873758433088 ] } },
{ "type": "Feature", "properties": { "lat": 47.515875032788266, "lon": -122.26109138927583, "time_of_day": "Morning", "causation": [ "0", "0", "0", "0", "1", "0", "0", "0", "0", "0", "0", "0", "0", "0", "0", "0", "0", "0", "0", "0", "0", "0", "0", "0" ], "duration": 220.0, "sum": 1 }, "geometry": { "type": "Point", "coordinates": [ -122.261091389275833, 47.515875032788266 ] } },
{ "type": "Feature", "properties": { "lat": 47.51587588826586, "lon": -122.39379197981071, "time_of_day": "Morning", "causation": [ "0", "0", "0", "0", "0", "0", "0", "0", "1", "0", "0", "0", "0", "0", "0", "0", "0", "1", "0", "0", "0", "0", "0", "0" ], "duration": 1381.0, "sum": 2 }, "geometry": { "type": "Point", "coordinates": [ -122.393791979810715, 47.51587588826586 ] } },
{ "type": "Feature", "properties": { "lat": 47.515904430804298, "lon": -122.3965997656038, "time_of_day": "Morning", "causation": [ "0", "0", "0", "0", "0", "0", "0", "0", "1", "0", "0", "0", "0", "0", "0", "0", "0", "1", "0", "0", "0", "0", "0", "0" ], "duration": 1381.0, "sum": 2 }, "geometry": { "type": "Point", "coordinates": [ -122.396599765603796, 47.515904430804298 ] } },
{ "type": "Feature", "properties": { "lat": 47.515911238497388, "lon": -122.39339637881456, "time_of_day": "Morning", "causation": [ "0", "0", "0", "0", "0", "0", "0", "0", "1", "0", "0", "0", "0", "0", "0", "0", "0", "1", "0", "0", "0", "0", "0", "0" ], "duration": 1381.0, "sum": 2 }, "geometry": { "type": "Point", "coordinates": [ -122.393396378814558, 47.515911238497388 ] } },
{ "type": "Feature", "properties": { "lat": 47.515913294583328, "lon": -122.25908662335206, "time_of_day": "Morning", "causation": [ "0", "0", "0", "0", "1", "0", "0", "0", "0", "0", "0", "0", "0", "0", "0", "0", "0", "0", "0", "0", "0", "0", "0", "0" ], "duration": 220.0, "sum": 1 }, "geometry": { "type": "Point", "coordinates": [ -122.259086623352061, 47.515913294583328 ] } },
{ "type": "Feature", "properties": { "lat": 47.515921720539062, "lon": -122.26288611554128, "time_of_day": "Morning", "causation": [ "0", "0", "0", "0", "1", "0", "0", "0", "0", "0", "0", "0", "0", "0", "0", "0", "0", "0", "0", "0", "0", "0", "0", "0" ], "duration": 220.0, "sum": 1 }, "geometry": { "type": "Point", "coordinates": [ -122.262886115541278, 47.515921720539062 ] } },
{ "type": "Feature", "properties": { "lat": 47.515925315401766, "lon": -122.26388110821256, "time_of_day": "Morning", "causation": [ "0", "0", "0", "0", "1", "0", "0", "0", "0", "0", "0", "0", "0", "0", "0", "0", "0", "0", "0", "0", "0", "0", "0", "0" ], "duration": 220.0, "sum": 1 }, "geometry": { "type": "Point", "coordinates": [ -122.263881108212559, 47.515925315401766 ] } },
{ "type": "Feature", "properties": { "lat": 47.515925425599193, "lon": -122.26053540085528, "time_of_day": "Morning", "causation": [ "0", "0", "0", "0", "1", "0", "0", "0", "0", "0", "0", "0", "0", "0", "0", "0", "0", "0", "0", "0", "0", "0", "0", "0" ], "duration": 220.0, "sum": 1 }, "geometry": { "type": "Point", "coordinates": [ -122.260535400855275, 47.515925425599193 ] } },
{ "type": "Feature", "properties": { "lat": 47.515927031042153, "lon": -122.26442840584984, "time_of_day": "Morning", "causation": [ "0", "0", "0", "0", "1", "0", "0", "0", "0", "0", "0", "0", "0", "0", "0", "0", "0", "0", "0", "0", "0", "0", "0", "0" ], "duration": 220.0, "sum": 1 }, "geometry": { "type": "Point", "coordinates": [ -122.264428405849841, 47.515927031042153 ] } },
{ "type": "Feature", "properties": { "lat": 47.51595187392887, "lon": -122.2563928741105, "time_of_day": "Morning", "causation": [ "0", "0", "0", "0", "1", "0", "0", "0", "0", "0", "0", "0", "0", "0", "0", "0", "0", "0", "0", "0", "0", "0", "0", "0" ], "duration": 220.0, "sum": 1 }, "geometry": { "type": "Point", "coordinates": [ -122.256392874110503, 47.51595187392887 ] } },
{ "type": "Feature", "properties": { "lat": 47.515993071205656, "lon": -122.25965560489148, "time_of_day": "Morning", "causation": [ "0", "0", "0", "0", "1", "0", "0", "0", "0", "0", "0", "0", "0", "0", "0", "0", "0", "0", "0", "0", "0", "0", "0", "0" ], "duration": 220.0, "sum": 1 }, "geometry": { "type": "Point", "coordinates": [ -122.259655604891478, 47.515993071205656 ] } },
{ "type": "Feature", "properties": { "lat": 47.516013022692192, "lon": -122.26110115883502, "time_of_day": "Morning", "causation": [ "0", "0", "0", "0", "1", "0", "0", "0", "0", "0", "0", "0", "0", "0", "0", "0", "0", "0", "0", "0", "0", "0", "0", "0" ], "duration": 220.0, "sum": 1 }, "geometry": { "type": "Point", "coordinates": [ -122.261101158835018, 47.516013022692192 ] } },
{ "type": "Feature", "properties": { "lat": 47.516042153495398, "lon": -122.26382429128309, "time_of_day": "Morning", "causation": [ "0", "0", "0", "0", "1", "0", "0", "0", "0", "0", "0", "0", "0", "0", "0", "0", "0", "0", "0", "0", "0", "0", "0", "0" ], "duration": 220.0, "sum": 1 }, "geometry": { "type": "Point", "coordinates": [ -122.263824291283086, 47.516042153495398 ] } },
{ "type": "Feature", "properties": { "lat": 47.516051008275561, "lon": -122.26337802279252, "time_of_day": "Morning", "causation": [ "0", "0", "0", "0", "1", "0", "0", "0", "0", "0", "0", "0", "0", "0", "0", "0", "0", "0", "0", "0", "0", "0", "0", "0" ], "duration": 220.0, "sum": 1 }, "geometry": { "type": "Point", "coordinates": [ -122.263378022792523, 47.516051008275561 ] } },
{ "type": "Feature", "properties": { "lat": 47.51605603500176, "lon": -122.25909364387086, "time_of_day": "Morning", "causation": [ "0", "0", "0", "0", "1", "0", "0", "0", "0", "0", "0", "0", "0", "0", "0", "0", "0", "0", "0", "0", "0", "0", "0", "0" ], "duration": 220.0, "sum": 1 }, "geometry": { "type": "Point", "coordinates": [ -122.259093643870855, 47.51605603500176 ] } },
{ "type": "Feature", "properties": { "lat": 47.516058026923766, "lon": -122.25626285486256, "time_of_day": "Morning", "causation": [ "0", "0", "0", "0", "1", "0", "0", "0", "0", "0", "0", "0", "0", "0", "0", "0", "0", "0", "0", "0", "0", "0", "0", "0" ], "duration": 220.0, "sum": 1 }, "geometry": { "type": "Point", "coordinates": [ -122.256262854862555, 47.516058026923766 ] } },
{ "type": "Feature", "properties": { "lat": 47.516059411409138, "lon": -122.39656790435252, "time_of_day": "Morning", "causation": [ "0", "0", "0", "0", "0", "0", "0", "0", "3", "0", "0", "0", "0", "0", "0", "0", "0", "3", "0", "0", "0", "0", "0", "0" ], "duration": 4143.0, "sum": 6 }, "geometry": { "type": "Point", "coordinates": [ -122.396567904352523, 47.516059411409138 ] } },
{ "type": "Feature", "properties": { "lat": 47.516063718541041, "lon": -122.26442616813269, "time_of_day": "Morning", "causation": [ "0", "0", "0", "0", "1", "0", "0", "0", "0", "0", "0", "0", "0", "0", "0", "0", "0", "0", "0", "0", "0", "0", "0", "0" ], "duration": 220.0, "sum": 1 }, "geometry": { "type": "Point", "coordinates": [ -122.264426168132687, 47.516063718541041 ] } },
{ "type": "Feature", "properties": { "lat": 47.516092773654002, "lon": -122.2628570508746, "time_of_day": "Morning", "causation": [ "0", "0", "0", "0", "1", "0", "0", "0", "0", "0", "0", "0", "0", "0", "0", "0", "0", "0", "0", "0", "0", "0", "0", "0" ], "duration": 220.0, "sum": 1 }, "geometry": { "type": "Point", "coordinates": [ -122.262857050874601, 47.516092773654002 ] } },
{ "type": "Feature", "properties": { "lat": 47.516101444301889, "lon": -122.39470020407856, "time_of_day": "Morning", "causation": [ "0", "0", "0", "0", "0", "0", "0", "0", "1", "0", "0", "0", "0", "0", "0", "0", "0", "1", "0", "0", "0", "0", "0", "0" ], "duration": 1381.0, "sum": 2 }, "geometry": { "type": "Point", "coordinates": [ -122.394700204078561, 47.516101444301889 ] } },
{ "type": "Feature", "properties": { "lat": 47.516111196873794, "lon": -122.39312826245244, "time_of_day": "Morning", "causation": [ "0", "0", "0", "0", "0", "0", "0", "0", "1", "0", "0", "0", "0", "0", "0", "0", "0", "1", "0", "0", "0", "0", "0", "0" ], "duration": 1381.0, "sum": 2 }, "geometry": { "type": "Point", "coordinates": [ -122.393128262452436, 47.516111196873794 ] } },
{ "type": "Feature", "properties": { "lat": 47.516116226261694, "lon": -122.39573491999282, "time_of_day": "Morning", "causation": [ "0", "0", "0", "0", "0", "0", "0", "0", "1", "0", "0", "0", "0", "0", "0", "0", "0", "1", "0", "0", "0", "0", "0", "0" ], "duration": 1381.0, "sum": 2 }, "geometry": { "type": "Point", "coordinates": [ -122.395734919992819, 47.516116226261694 ] } },
{ "type": "Feature", "properties": { "lat": 47.51613231784129, "lon": -122.39397612971467, "time_of_day": "Morning", "causation": [ "0", "0", "0", "0", "0", "0", "0", "0", "1", "0", "0", "0", "0", "0", "0", "0", "0", "1", "0", "0", "0", "0", "0", "0" ], "duration": 1381.0, "sum": 2 }, "geometry": { "type": "Point", "coordinates": [ -122.393976129714673, 47.51613231784129 ] } },
{ "type": "Feature", "properties": { "lat": 47.516136159145887, "lon": -122.26052340217564, "time_of_day": "Morning", "causation": [ "0", "0", "0", "0", "1", "0", "0", "0", "0", "0", "0", "0", "0", "0", "0", "0", "0", "0", "0", "0", "0", "0", "0", "0" ], "duration": 220.0, "sum": 1 }, "geometry": { "type": "Point", "coordinates": [ -122.260523402175636, 47.516136159145887 ] } },
{ "type": "Feature", "properties": { "lat": 47.516169781896025, "lon": -122.26114467190574, "time_of_day": "Morning", "causation": [ "0", "0", "0", "0", "1", "0", "0", "0", "0", "0", "0", "0", "0", "0", "0", "0", "0", "0", "0", "0", "0", "0", "0", "0" ], "duration": 220.0, "sum": 1 }, "geometry": { "type": "Point", "coordinates": [ -122.26114467190574, 47.516169781896025 ] } },
{ "type": "Feature", "properties": { "lat": 47.516171869610709, "lon": -122.25689986980863, "time_of_day": "Morning", "causation": [ "0", "0", "0", "0", "1", "0", "0", "0", "0", "0", "0", "0", "0", "0", "0", "0", "0", "0", "0", "0", "0", "0", "0", "0" ], "duration": 220.0, "sum": 1 }, "geometry": { "type": "Point", "coordinates": [ -122.256899869808635, 47.516171869610709 ] } },
{ "type": "Feature", "properties": { "lat": 47.516177846126368, "lon": -122.26355489423986, "time_of_day": "Morning", "causation": [ "0", "0", "0", "0", "1", "0", "0", "0", "0", "0", "0", "0", "0", "0", "0", "0", "0", "0", "0", "0", "0", "0", "0", "0" ], "duration": 220.0, "sum": 1 }, "geometry": { "type": "Point", "coordinates": [ -122.26355489423986, 47.516177846126368 ] } },
{ "type": "Feature", "properties": { "lat": 47.516182650734144, "lon": -122.2590811600261, "time_of_day": "Morning", "causation": [ "0", "0", "0", "0", "1", "0", "0", "0", "0", "0", "0", "0", "0", "0", "0", "0", "0", "0", "0", "0", "0", "0", "0", "0" ], "duration": 220.0, "sum": 1 }, "geometry": { "type": "Point", "coordinates": [ -122.259081160026099, 47.516182650734144 ] } },
{ "type": "Feature", "properties": { "lat": 47.516203323073412, "lon": -122.26381798830192, "time_of_day": "Morning", "causation": [ "0", "0", "0", "0", "1", "0", "0", "0", "0", "0", "0", "0", "0", "0", "0", "0", "0", "0", "0", "0", "0", "0", "0", "0" ], "duration": 220.0, "sum": 1 }, "geometry": { "type": "Point", "coordinates": [ -122.263817988301923, 47.516203323073412 ] } },
{ "type": "Feature", "properties": { "lat": 47.516213029980477, "lon": -122.26280303699548, "time_of_day": "Morning", "causation": [ "0", "0", "0", "0", "1", "0", "0", "0", "0", "0", "0", "0", "0", "0", "0", "0", "0", "0", "0", "0", "0", "0", "0", "0" ], "duration": 220.0, "sum": 1 }, "geometry": { "type": "Point", "coordinates": [ -122.262803036995479, 47.516213029980477 ] } },
{ "type": "Feature", "properties": { "lat": 47.516220585928693, "lon": -122.2643892312423, "time_of_day": "Morning", "causation": [ "0", "0", "0", "0", "1", "0", "0", "0", "0", "0", "0", "0", "0", "0", "0", "0", "0", "0", "0", "0", "0", "0", "0", "0" ], "duration": 220.0, "sum": 1 }, "geometry": { "type": "Point", "coordinates": [ -122.264389231242305, 47.516220585928693 ] } },
{ "type": "Feature", "properties": { "lat": 47.516244997132311, "lon": -122.25962109271153, "time_of_day": "Morning", "causation": [ "0", "0", "0", "0", "1", "0", "0", "0", "0", "0", "0", "0", "0", "0", "0", "0", "0", "0", "0", "0", "0", "0", "0", "0" ], "duration": 220.0, "sum": 1 }, "geometry": { "type": "Point", "coordinates": [ -122.259621092711527, 47.516244997132311 ] } },
{ "type": "Feature", "properties": { "lat": 47.516265856425228, "lon": -122.39241072289232, "time_of_day": "Morning", "causation": [ "0", "0", "0", "0", "0", "0", "0", "0", "1", "0", "0", "0", "0", "0", "0", "0", "0", "1", "0", "0", "0", "0", "0", "0" ], "duration": 1381.0, "sum": 2 }, "geometry": { "type": "Point", "coordinates": [ -122.392410722892322, 47.516265856425228 ] } },
{ "type": "Feature", "properties": { "lat": 47.516297106671558, "lon": -122.25598201314108, "time_of_day": "Morning", "causation": [ "0", "0", "0", "0", "1", "0", "0", "0", "0", "0", "0", "0", "0", "0", "0", "0", "0", "0", "0", "0", "0", "0", "0", "0" ], "duration": 220.0, "sum": 1 }, "geometry": { "type": "Point", "coordinates": [ -122.255982013141079, 47.516297106671558 ] } },
{ "type": "Feature", "properties": { "lat": 47.516306625256654, "lon": -122.25906726822916, "time_of_day": "Morning", "causation": [ "0", "0", "0", "0", "1", "0", "0", "0", "0", "0", "0", "0", "0", "0", "0", "0", "0", "0", "0", "0", "0", "0", "0", "0" ], "duration": 220.0, "sum": 1 }, "geometry": { "type": "Point", "coordinates": [ -122.25906726822916, 47.516306625256654 ] } },
{ "type": "Feature", "properties": { "lat": 47.516307709167727, "lon": -122.26052890837728, "time_of_day": "Morning", "causation": [ "0", "0", "0", "0", "1", "0", "0", "0", "0", "0", "0", "0", "0", "0", "0", "0", "0", "0", "0", "0", "0", "0", "0", "0" ], "duration": 220.0, "sum": 1 }, "geometry": { "type": "Point", "coordinates": [ -122.260528908377282, 47.516307709167727 ] } },
{ "type": "Feature", "properties": { "lat": 47.516308806582757, "lon": -122.39717903903568, "time_of_day": "Morning", "causation": [ "0", "0", "0", "0", "0", "0", "0", "0", "1", "0", "0", "0", "0", "0", "0", "0", "0", "1", "0", "0", "0", "0", "0", "0" ], "duration": 1381.0, "sum": 2 }, "geometry": { "type": "Point", "coordinates": [ -122.397179039035677, 47.516308806582757 ] } },
{ "type": "Feature", "properties": { "lat": 47.516316667736206, "lon": -122.39367261661071, "time_of_day": "Morning", "causation": [ "0", "0", "0", "0", "0", "0", "0", "0", "1", "0", "0", "0", "0", "0", "0", "0", "0", "1", "0", "0", "0", "0", "0", "0" ], "duration": 1381.0, "sum": 2 }, "geometry": { "type": "Point", "coordinates": [ -122.393672616610715, 47.516316667736206 ] } },
{ "type": "Feature", "properties": { "lat": 47.516319544072253, "lon": -122.2627909013284, "time_of_day": "Morning", "causation": [ "0", "0", "0", "0", "1", "0", "0", "0", "0", "0", "0", "0", "0", "0", "0", "0", "0", "0", "0", "0", "0", "0", "0", "0" ], "duration": 220.0, "sum": 1 }, "geometry": { "type": "Point", "coordinates": [ -122.262790901328401, 47.516319544072253 ] } },
{ "type": "Feature", "properties": { "lat": 47.516320464696406, "lon": -122.26109573718118, "time_of_day": "Morning", "causation": [ "0", "0", "0", "0", "1", "0", "0", "0", "0", "0", "0", "0", "0", "0", "0", "0", "0", "0", "0", "0", "0", "0", "0", "0" ], "duration": 220.0, "sum": 1 }, "geometry": { "type": "Point", "coordinates": [ -122.261095737181179, 47.516320464696406 ] } },
{ "type": "Feature", "properties": { "lat": 47.516331225561693, "lon": -122.39465855621206, "time_of_day": "Morning", "causation": [ "0", "0", "0", "0", "0", "0", "0", "0", "1", "0", "0", "0", "0", "0", "0", "0", "0", "1", "0", "0", "0", "0", "0", "0" ], "duration": 1381.0, "sum": 2 }, "geometry": { "type": "Point", "coordinates": [ -122.394658556212065, 47.516331225561693 ] } },
{ "type": "Feature", "properties": { "lat": 47.516336401752817, "lon": -122.26347311483001, "time_of_day": "Morning", "causation": [ "0", "0", "0", "0", "1", "0", "0", "0", "0", "0", "0", "0", "0", "0", "0", "0", "0", "0", "0", "0", "0", "0", "0", "0" ], "duration": 220.0, "sum": 1 }, "geometry": { "type": "Point", "coordinates": [ -122.263473114830006, 47.516336401752817 ] } },
{ "type": "Feature", "properties": { "lat": 47.516337404105208, "lon": -122.2643818743406, "time_of_day": "Morning", "causation": [ "0", "0", "0", "0", "1", "0", "0", "0", "0", "0", "0", "0", "0", "0", "0", "0", "0", "0", "0", "0", "0", "0", "0", "0" ], "duration": 220.0, "sum": 1 }, "geometry": { "type": "Point", "coordinates": [ -122.2643818743406, 47.516337404105208 ] } },
{ "type": "Feature", "properties": { "lat": 47.516348042947833, "lon": -122.39310122843072, "time_of_day": "Morning", "causation": [ "0", "0", "0", "0", "0", "0", "0", "0", "1", "0", "0", "0", "0", "0", "0", "0", "0", "1", "0", "0", "0", "0", "0", "0" ], "duration": 1381.0, "sum": 2 }, "geometry": { "type": "Point", "coordinates": [ -122.393101228430723, 47.516348042947833 ] } },
{ "type": "Feature", "properties": { "lat": 47.516354284811705, "lon": -122.39404413643152, "time_of_day": "Morning", "causation": [ "0", "0", "0", "0", "0", "0", "0", "0", "1", "0", "0", "0", "0", "0", "0", "0", "0", "1", "0", "0", "0", "0", "0", "0" ], "duration": 1381.0, "sum": 2 }, "geometry": { "type": "Point", "coordinates": [ -122.394044136431518, 47.516354284811705 ] } },
{ "type": "Feature", "properties": { "lat": 47.516372462193054, "lon": -122.26381251109277, "time_of_day": "Morning", "causation": [ "0", "0", "0", "0", "1", "0", "0", "0", "0", "0", "0", "0", "0", "0", "0", "0", "0", "0", "0", "0", "0", "0", "0", "0" ], "duration": 220.0, "sum": 1 }, "geometry": { "type": "Point", "coordinates": [ -122.263812511092766, 47.516372462193054 ] } },
{ "type": "Feature", "properties": { "lat": 47.516379455138839, "lon": -122.25962169553736, "time_of_day": "Morning", "causation": [ "0", "0", "0", "0", "1", "0", "0", "0", "0", "0", "0", "0", "0", "0", "0", "0", "0", "0", "0", "0", "0", "0", "0", "0" ], "duration": 220.0, "sum": 1 }, "geometry": { "type": "Point", "coordinates": [ -122.259621695537362, 47.516379455138839 ] } },
{ "type": "Feature", "properties": { "lat": 47.516393952869855, "lon": -122.25741514318278, "time_of_day": "Morning", "causation": [ "0", "0", "0", "0", "1", "0", "0", "0", "0", "0", "0", "0", "0", "0", "0", "0", "0", "0", "0", "0", "0", "0", "0", "0" ], "duration": 220.0, "sum": 1 }, "geometry": { "type": "Point", "coordinates": [ -122.257415143182783, 47.516393952869855 ] } },
{ "type": "Feature", "properties": { "lat": 47.516461506074677, "lon": -122.2563657049471, "time_of_day": "Morning", "causation": [ "0", "0", "0", "0", "1", "0", "0", "0", "0", "0", "0", "0", "0", "0", "0", "0", "0", "0", "0", "0", "0", "0", "0", "0" ], "duration": 220.0, "sum": 1 }, "geometry": { "type": "Point", "coordinates": [ -122.2563657049471, 47.516461506074677 ] } },
{ "type": "Feature", "properties": { "lat": 47.516477015198255, "lon": -122.26437830013371, "time_of_day": "Morning", "causation": [ "0", "0", "0", "0", "1", "0", "0", "0", "0", "0", "0", "0", "0", "0", "0", "0", "0", "0", "0", "0", "0", "0", "0", "0" ], "duration": 220.0, "sum": 1 }, "geometry": { "type": "Point", "coordinates": [ -122.264378300133714, 47.516477015198255 ] } },
{ "type": "Feature", "properties": { "lat": 47.516477728010486, "lon": -122.26280179587512, "time_of_day": "Morning", "causation": [ "0", "0", "0", "0", "1", "0", "0", "0", "0", "0", "0", "0", "0", "0", "0", "0", "0", "0", "0", "0", "0", "0", "0", "0" ], "duration": 220.0, "sum": 1 }, "geometry": { "type": "Point", "coordinates": [ -122.26280179587512, 47.516477728010486 ] } },
{ "type": "Feature", "properties": { "lat": 47.516495331975193, "lon": -122.39236330811208, "time_of_day": "Morning", "causation": [ "0", "0", "0", "0", "0", "0", "0", "0", "1", "0", "0", "0", "0", "0", "0", "0", "0", "1", "0", "0", "0", "0", "0", "0" ], "duration": 1381.0, "sum": 2 }, "geometry": { "type": "Point", "coordinates": [ -122.392363308112081, 47.516495331975193 ] } },
{ "type": "Feature", "properties": { "lat": 47.516510193252138, "lon": -122.25962158946876, "time_of_day": "Morning", "causation": [ "0", "0", "0", "0", "1", "0", "0", "0", "0", "0", "0", "0", "0", "0", "0", "0", "0", "0", "0", "0", "0", "0", "0", "0" ], "duration": 220.0, "sum": 1 }, "geometry": { "type": "Point", "coordinates": [ -122.259621589468765, 47.516510193252138 ] } },
{ "type": "Feature", "properties": { "lat": 47.516535964001534, "lon": -122.26056490641156, "time_of_day": "Morning", "causation": [ "0", "0", "0", "0", "1", "0", "0", "0", "0", "0", "0", "0", "0", "0", "0", "0", "0", "0", "0", "0", "0", "0", "0", "0" ], "duration": 220.0, "sum": 1 }, "geometry": { "type": "Point", "coordinates": [ -122.26056490641156, 47.516535964001534 ] } },
{ "type": "Feature", "properties": { "lat": 47.516539160874572, "lon": -122.25893917171098, "time_of_day": "Morning", "causation": [ "0", "0", "0", "0", "1", "0", "0", "0", "0", "0", "0", "0", "0", "0", "0", "0", "0", "0", "0", "0", "0", "0", "0", "0" ], "duration": 220.0, "sum": 1 }, "geometry": { "type": "Point", "coordinates": [ -122.258939171710978, 47.516539160874572 ] } },
{ "type": "Feature", "properties": { "lat": 47.516556999285207, "lon": -122.25913887532548, "time_of_day": "Morning", "causation": [ "0", "0", "0", "0", "1", "0", "0", "0", "0", "0", "0", "0", "0", "0", "0", "0", "0", "0", "0", "0", "0", "0", "0", "0" ], "duration": 220.0, "sum": 1 }, "geometry": { "type": "Point", "coordinates": [ -122.259138875325476, 47.516556999285207 ] } },
{ "type": "Feature", "properties": { "lat": 47.516558166348105, "lon": -122.25606972253316, "time_of_day": "Morning", "causation": [ "0", "0", "0", "0", "1", "0", "0", "0", "0", "0", "0", "0", "0", "0", "0", "0", "0", "0", "0", "0", "0", "0", "0", "0" ], "duration": 220.0, "sum": 1 }, "geometry": { "type": "Point", "coordinates": [ -122.256069722533155, 47.516558166348105 ] } },
{ "type": "Feature", "properties": { "lat": 47.516577283317297, "lon": -122.39384750237366, "time_of_day": "Morning", "causation": [ "0", "0", "0", "0", "0", "0", "0", "0", "1", "0", "0", "0", "0", "0", "0", "0", "0", "1", "0", "0", "0", "0", "0", "0" ], "duration": 1381.0, "sum": 2 }, "geometry": { "type": "Point", "coordinates": [ -122.39384750237366, 47.516577283317297 ] } },
{ "type": "Feature", "properties": { "lat": 47.516580795374857, "lon": -122.25694665465598, "time_of_day": "Morning", "causation": [ "0", "0", "0", "0", "1", "0", "0", "0", "0", "0", "0", "0", "0", "0", "0", "0", "0", "0", "0", "0", "0", "0", "0", "0" ], "duration": 220.0, "sum": 1 }, "geometry": { "type": "Point", "coordinates": [ -122.256946654655977, 47.516580795374857 ] } },
{ "type": "Feature", "properties": { "lat": 47.516588621019757, "lon": -122.26120103031552, "time_of_day": "Morning", "causation": [ "0", "0", "0", "0", "1", "0", "0", "0", "0", "0", "0", "0", "0", "0", "0", "0", "0", "0", "0", "0", "0", "0", "0", "0" ], "duration": 220.0, "sum": 1 }, "geometry": { "type": "Point", "coordinates": [ -122.261201030315519, 47.516588621019757 ] } },
{ "type": "Feature", "properties": { "lat": 47.516590899489273, "lon": -122.25863346552674, "time_of_day": "Morning", "causation": [ "0", "0", "0", "0", "1", "0", "0", "0", "0", "0", "0", "0", "0", "0", "0", "0", "0", "0", "0", "0", "0", "0", "0", "0" ], "duration": 220.0, "sum": 1 }, "geometry": { "type": "Point", "coordinates": [ -122.258633465526742, 47.516590899489273 ] } },
{ "type": "Feature", "properties": { "lat": 47.516593810387171, "lon": -122.39615747527964, "time_of_day": "Morning", "causation": [ "0", "0", "0", "0", "0", "0", "0", "0", "1", "0", "0", "0", "0", "0", "0", "0", "0", "1", "0", "0", "0", "0", "0", "0" ], "duration": 1381.0, "sum": 2 }, "geometry": { "type": "Point", "coordinates": [ -122.396157475279637, 47.516593810387171 ] } },
{ "type": "Feature", "properties": { "lat": 47.516594448937028, "lon": -122.26037077250484, "time_of_day": "Morning", "causation": [ "0", "0", "0", "0", "1", "0", "0", "0", "0", "0", "0", "0", "0", "0", "0", "0", "0", "0", "0", "0", "0", "0", "0", "0" ], "duration": 220.0, "sum": 1 }, "geometry": { "type": "Point", "coordinates": [ -122.260370772504842, 47.516594448937028 ] } },
{ "type": "Feature", "properties": { "lat": 47.516596459597316, "lon": -122.26003391698032, "time_of_day": "Morning", "causation": [ "0", "0", "0", "0", "1", "0", "0", "0", "0", "0", "0", "0", "0", "0", "0", "0", "0", "0", "0", "0", "0", "0", "0", "0" ], "duration": 220.0, "sum": 1 }, "geometry": { "type": "Point", "coordinates": [ -122.260033916980319, 47.516596459597316 ] } },
{ "type": "Feature", "properties": { "lat": 47.516600124887638, "lon": -122.26158589472917, "time_of_day": "Morning", "causation": [ "0", "0", "0", "0", "1", "0", "0", "0", "0", "0", "0", "0", "0", "0", "0", "0", "0", "0", "0", "0", "0", "0", "0", "0" ], "duration": 220.0, "sum": 1 }, "geometry": { "type": "Point", "coordinates": [ -122.261585894729166, 47.516600124887638 ] } },
{ "type": "Feature", "properties": { "lat": 47.516611162867846, "lon": -122.39346116154456, "time_of_day": "Morning", "causation": [ "0", "0", "0", "0", "0", "0", "0", "0", "1", "0", "0", "0", "0", "0", "0", "0", "0", "1", "0", "0", "0", "0", "0", "0" ], "duration": 1381.0, "sum": 2 }, "geometry": { "type": "Point", "coordinates": [ -122.393461161544565, 47.516611162867846 ] } },
{ "type": "Feature", "properties": { "lat": 47.51661255748003, "lon": -122.26453792134252, "time_of_day": "Morning", "causation": [ "0", "0", "0", "0", "1", "0", "0", "0", "0", "0", "0", "0", "0", "0", "0", "0", "0", "0", "0", "0", "0", "0", "0", "0" ], "duration": 220.0, "sum": 1 }, "geometry": { "type": "Point", "coordinates": [ -122.264537921342523, 47.51661255748003 ] } },
{ "type": "Feature", "properties": { "lat": 47.516614111361449, "lon": -122.26432867361321, "time_of_day": "Morning", "causation": [ "0", "0", "0", "0", "1", "0", "0", "0", "0", "0", "0", "0", "0", "0", "0", "0", "0", "0", "0", "0", "0", "0", "0", "0" ], "duration": 220.0, "sum": 1 }, "geometry": { "type": "Point", "coordinates": [ -122.264328673613207, 47.516614111361449 ] } },
{ "type": "Feature", "properties": { "lat": 47.516617578927189, "lon": -122.39569744954288, "time_of_day": "Morning", "causation": [ "0", "0", "0", "0", "0", "0", "0", "0", "1", "0", "0", "0", "0", "0", "0", "0", "0", "1", "0", "0", "0", "0", "0", "0" ], "duration": 1381.0, "sum": 2 }, "geometry": { "type": "Point", "coordinates": [ -122.39569744954288, 47.516617578927189 ] } },
{ "type": "Feature", "properties": { "lat": 47.516620517325762, "lon": -122.26349977068944, "time_of_day": "Morning", "causation": [ "0", "0", "0", "0", "1", "0", "0", "0", "0", "0", "0", "0", "0", "0", "0", "0", "0", "0", "0", "0", "0", "0", "0", "0" ], "duration": 220.0, "sum": 1 }, "geometry": { "type": "Point", "coordinates": [ -122.263499770689435, 47.516620517325762 ] } },
{ "type": "Feature", "properties": { "lat": 47.516627245118343, "lon": -122.26384083283324, "time_of_day": "Morning", "causation": [ "0", "0", "0", "0", "1", "0", "0", "0", "0", "0", "0", "0", "0", "0", "0", "0", "0", "0", "0", "0", "0", "0", "0", "0" ], "duration": 220.0, "sum": 1 }, "geometry": { "type": "Point", "coordinates": [ -122.263840832833239, 47.516627245118343 ] } },
{ "type": "Feature", "properties": { "lat": 47.516628213814798, "lon": -122.39519990127818, "time_of_day": "Morning", "causation": [ "0", "0", "0", "0", "0", "0", "0", "0", "1", "0", "0", "0", "0", "0", "0", "0", "0", "1", "0", "0", "0", "0", "0", "0" ], "duration": 1381.0, "sum": 2 }, "geometry": { "type": "Point", "coordinates": [ -122.395199901278176, 47.516628213814798 ] } },
{ "type": "Feature", "properties": { "lat": 47.516629655715256, "lon": -122.2628718547669, "time_of_day": "Morning", "causation": [ "0", "0", "0", "0", "1", "0", "0", "0", "0", "0", "0", "0", "0", "0", "0", "0", "0", "0", "0", "0", "0", "0", "0", "0" ], "duration": 220.0, "sum": 1 }, "geometry": { "type": "Point", "coordinates": [ -122.2628718547669, 47.516629655715256 ] } },
{ "type": "Feature", "properties": { "lat": 47.516631055586863, "lon": -122.26331828812263, "time_of_day": "Morning", "causation": [ "0", "0", "0", "0", "1", "0", "0", "0", "0", "0", "0", "0", "0", "0", "0", "0", "0", "0", "0", "0", "0", "0", "0", "0" ], "duration": 220.0, "sum": 1 }, "geometry": { "type": "Point", "coordinates": [ -122.263318288122633, 47.516631055586863 ] } },
{ "type": "Feature", "properties": { "lat": 47.5166428902577, "lon": -122.25961837997568, "time_of_day": "Morning", "causation": [ "0", "0", "0", "0", "1", "0", "0", "0", "0", "0", "0", "0", "0", "0", "0", "0", "0", "0", "0", "0", "0", "0", "0", "0" ], "duration": 220.0, "sum": 1 }, "geometry": { "type": "Point", "coordinates": [ -122.259618379975677, 47.5166428902577 ] } },
{ "type": "Feature", "properties": { "lat": 47.516653518272712, "lon": -122.25778602002916, "time_of_day": "Morning", "causation": [ "0", "0", "0", "0", "1", "0", "0", "0", "0", "0", "0", "0", "0", "0", "0", "0", "0", "0", "0", "0", "0", "0", "0", "0" ], "duration": 220.0, "sum": 1 }, "geometry": { "type": "Point", "coordinates": [ -122.257786020029158, 47.516653518272712 ] } },
{ "type": "Feature", "properties": { "lat": 47.516660049605051, "lon": -122.39450714872331, "time_of_day": "Morning", "causation": [ "0", "0", "0", "0", "0", "0", "0", "0", "1", "0", "0", "0", "0", "0", "0", "0", "0", "1", "0", "0", "0", "0", "0", "0" ], "duration": 1381.0, "sum": 2 }, "geometry": { "type": "Point", "coordinates": [ -122.394507148723306, 47.516660049605051 ] } },
{ "type": "Feature", "properties": { "lat": 47.516684488419841, "lon": -122.26499714715268, "time_of_day": "Morning", "causation": [ "0", "0", "0", "0", "1", "0", "0", "0", "0", "0", "0", "0", "0", "0", "0", "0", "0", "0", "0", "0", "0", "0", "0", "0" ], "duration": 220.0, "sum": 1 }, "geometry": { "type": "Point", "coordinates": [ -122.264997147152684, 47.516684488419841 ] } },
{ "type": "Feature", "properties": { "lat": 47.516690088107921, "lon": -122.26484653261734, "time_of_day": "Morning", "causation": [ "0", "0", "0", "0", "1", "0", "0", "0", "0", "0", "0", "0", "0", "0", "0", "0", "0", "0", "0", "0", "0", "0", "0", "0" ], "duration": 220.0, "sum": 1 }, "geometry": { "type": "Point", "coordinates": [ -122.264846532617341, 47.516690088107921 ] } },
{ "type": "Feature", "properties": { "lat": 47.516698736166553, "lon": -122.39800070403145, "time_of_day": "Morning", "causation": [ "0", "0", "0", "0", "0", "0", "0", "0", "1", "0", "0", "0", "0", "0", "0", "0", "0", "1", "0", "0", "0", "0", "0", "0" ], "duration": 1381.0, "sum": 2 }, "geometry": { "type": "Point", "coordinates": [ -122.398000704031446, 47.516698736166553 ] } },
{ "type": "Feature", "properties": { "lat": 47.516703474096772, "lon": -122.39699161551567, "time_of_day": "Morning", "causation": [ "0", "0", "0", "0", "0", "0", "0", "0", "1", "0", "0", "0", "0", "0", "0", "0", "0", "1", "0", "0", "0", "0", "0", "0" ], "duration": 1381.0, "sum": 2 }, "geometry": { "type": "Point", "coordinates": [ -122.396991615515674, 47.516703474096772 ] } },
{ "type": "Feature", "properties": { "lat": 47.516707106621887, "lon": -122.2568731618598, "time_of_day": "Morning", "causation": [ "0", "0", "0", "0", "1", "0", "0", "0", "0", "0", "0", "0", "0", "0", "0", "0", "0", "0", "0", "0", "0", "0", "0", "0" ], "duration": 220.0, "sum": 1 }, "geometry": { "type": "Point", "coordinates": [ -122.256873161859801, 47.516707106621887 ] } },
{ "type": "Feature", "properties": { "lat": 47.516801792275139, "lon": -122.25755074463632, "time_of_day": "Morning", "causation": [ "0", "0", "0", "0", "1", "0", "0", "0", "0", "0", "0", "0", "0", "0", "0", "0", "0", "0", "0", "0", "0", "0", "0", "0" ], "duration": 220.0, "sum": 1 }, "geometry": { "type": "Point", "coordinates": [ -122.257550744636319, 47.516801792275139 ] } },
{ "type": "Feature", "properties": { "lat": 47.51681341763426, "lon": -122.25671740407508, "time_of_day": "Morning", "causation": [ "0", "0", "0", "0", "1", "0", "0", "0", "0", "0", "0", "0", "0", "0", "0", "0", "0", "0", "0", "0", "0", "0", "0", "0" ], "duration": 220.0, "sum": 1 }, "geometry": { "type": "Point", "coordinates": [ -122.256717404075076, 47.51681341763426 ] } },
{ "type": "Feature", "properties": { "lat": 47.516845854459085, "lon": -122.39696083411869, "time_of_day": "Morning", "causation": [ "0", "0", "0", "0", "0", "0", "0", "0", "1", "0", "0", "0", "0", "0", "0", "0", "0", "1", "0", "0", "0", "0", "0", "0" ], "duration": 1381.0, "sum": 2 }, "geometry": { "type": "Point", "coordinates": [ -122.396960834118687, 47.516845854459085 ] } },
{ "type": "Feature", "properties": { "lat": 47.516848971750704, "lon": -122.25724535632362, "time_of_day": "Morning", "causation": [ "0", "0", "0", "0", "1", "0", "0", "0", "0", "0", "0", "0", "0", "0", "0", "0", "0", "0", "0", "0", "0", "0", "0", "0" ], "duration": 220.0, "sum": 1 }, "geometry": { "type": "Point", "coordinates": [ -122.257245356323622, 47.516848971750704 ] } },
{ "type": "Feature", "properties": { "lat": 47.516863060426807, "lon": -122.39744291590722, "time_of_day": "Morning", "causation": [ "0", "0", "0", "0", "0", "0", "0", "0", "1", "0", "0", "0", "0", "0", "0", "0", "0", "1", "0", "0", "0", "0", "0", "0" ], "duration": 1381.0, "sum": 2 }, "geometry": { "type": "Point", "coordinates": [ -122.39744291590722, 47.516863060426807 ] } },
{ "type": "Feature", "properties": { "lat": 47.51688946442632, "lon": -122.39249281682255, "time_of_day": "Morning", "causation": [ "0", "0", "0", "0", "0", "0", "0", "0", "1", "0", "0", "0", "0", "0", "0", "0", "0", "1", "0", "0", "0", "0", "0", "0" ], "duration": 1381.0, "sum": 2 }, "geometry": { "type": "Point", "coordinates": [ -122.392492816822553, 47.51688946442632 ] } },
{ "type": "Feature", "properties": { "lat": 47.516892887835887, "lon": -122.39540589385064, "time_of_day": "Morning", "causation": [ "0", "0", "0", "0", "0", "0", "0", "0", "1", "0", "0", "0", "0", "0", "0", "0", "0", "1", "0", "0", "0", "0", "0", "0" ], "duration": 1381.0, "sum": 2 }, "geometry": { "type": "Point", "coordinates": [ -122.395405893850636, 47.516892887835887 ] } },
{ "type": "Feature", "properties": { "lat": 47.516904496981461, "lon": -122.39337012652116, "time_of_day": "Morning", "causation": [ "0", "0", "0", "0", "0", "0", "0", "0", "1", "0", "0", "0", "0", "0", "0", "0", "0", "1", "0", "0", "0", "0", "0", "0" ], "duration": 1381.0, "sum": 2 }, "geometry": { "type": "Point", "coordinates": [ -122.393370126521162, 47.516904496981461 ] } },
{ "type": "Feature", "properties": { "lat": 47.516918596141139, "lon": -122.39462498735318, "time_of_day": "Morning", "causation": [ "0", "0", "0", "0", "0", "0", "0", "0", "1", "0", "0", "0", "0", "0", "0", "0", "0", "1", "0", "0", "0", "0", "0", "0" ], "duration": 1381.0, "sum": 2 }, "geometry": { "type": "Point", "coordinates": [ -122.394624987353183, 47.516918596141139 ] } },
{ "type": "Feature", "properties": { "lat": 47.516929604767526, "lon": -122.3957646826771, "time_of_day": "Morning", "causation": [ "0", "0", "0", "0", "0", "0", "0", "0", "1", "0", "0", "0", "0", "0", "0", "0", "0", "1", "0", "0", "0", "0", "0", "0" ], "duration": 1381.0, "sum": 2 }, "geometry": { "type": "Point", "coordinates": [ -122.395764682677097, 47.516929604767526 ] } },
{ "type": "Feature", "properties": { "lat": 47.516939300722299, "lon": -122.39847312686732, "time_of_day": "Morning", "causation": [ "0", "0", "0", "0", "0", "0", "0", "0", "1", "0", "0", "0", "0", "0", "0", "0", "0", "1", "0", "0", "0", "0", "0", "0" ], "duration": 1381.0, "sum": 2 }, "geometry": { "type": "Point", "coordinates": [ -122.398473126867316, 47.516939300722299 ] } },
{ "type": "Feature", "properties": { "lat": 47.516947836662759, "lon": -122.25653294739671, "time_of_day": "Morning", "causation": [ "0", "0", "0", "0", "1", "0", "0", "0", "0", "0", "0", "0", "0", "0", "0", "0", "0", "0", "0", "0", "0", "0", "0", "0" ], "duration": 220.0, "sum": 1 }, "geometry": { "type": "Point", "coordinates": [ -122.256532947396707, 47.516947836662759 ] } },
{ "type": "Feature", "properties": { "lat": 47.516948286206123, "lon": -122.25813082559191, "time_of_day": "Morning", "causation": [ "0", "0", "0", "0", "1", "0", "0", "0", "0", "0", "0", "0", "0", "0", "0", "0", "0", "0", "0", "0", "0", "0", "0", "0" ], "duration": 220.0, "sum": 1 }, "geometry": { "type": "Point", "coordinates": [ -122.258130825591905, 47.516948286206123 ] } },
{ "type": "Feature", "properties": { "lat": 47.516951909353672, "lon": -122.25965111999236, "time_of_day": "Morning", "causation": [ "0", "0", "0", "0", "1", "0", "0", "0", "0", "0", "0", "0", "0", "0", "0", "0", "0", "0", "0", "0", "0", "0", "0", "0" ], "duration": 220.0, "sum": 1 }, "geometry": { "type": "Point", "coordinates": [ -122.259651119992355, 47.516951909353672 ] } },
{ "type": "Feature", "properties": { "lat": 47.516956188351607, "lon": -122.3938389312418, "time_of_day": "Morning", "causation": [ "0", "0", "0", "0", "0", "0", "0", "0", "1", "0", "0", "0", "0", "0", "0", "0", "0", "1", "0", "0", "0", "0", "0", "0" ], "duration": 1381.0, "sum": 2 }, "geometry": { "type": "Point", "coordinates": [ -122.393838931241802, 47.516956188351607 ] } },
{ "type": "Feature", "properties": { "lat": 47.516956769133579, "lon": -122.26025752614537, "time_of_day": "Morning", "causation": [ "0", "0", "0", "0", "1", "0", "0", "0", "0", "0", "0", "0", "0", "0", "0", "0", "0", "0", "0", "0", "0", "0", "0", "0" ], "duration": 220.0, "sum": 1 }, "geometry": { "type": "Point", "coordinates": [ -122.260257526145367, 47.516956769133579 ] } },
{ "type": "Feature", "properties": { "lat": 47.516962292869643, "lon": -122.39614116081675, "time_of_day": "Morning", "causation": [ "0", "0", "0", "0", "0", "0", "0", "0", "1", "0", "0", "0", "0", "0", "0", "0", "0", "1", "0", "0", "0", "0", "0", "0" ], "duration": 1381.0, "sum": 2 }, "geometry": { "type": "Point", "coordinates": [ -122.396141160816754, 47.516962292869643 ] } },
{ "type": "Feature", "properties": { "lat": 47.516962547975325, "lon": -122.25902870512516, "time_of_day": "Morning", "causation": [ "0", "0", "0", "0", "1", "0", "0", "0", "0", "0", "0", "0", "0", "0", "0", "0", "0", "0", "0", "0", "0", "0", "0", "0" ], "duration": 220.0, "sum": 1 }, "geometry": { "type": "Point", "coordinates": [ -122.259028705125161, 47.516962547975325 ] } },
{ "type": "Feature", "properties": { "lat": 47.516964634346401, "lon": -122.26195056341864, "time_of_day": "Morning", "causation": [ "0", "0", "0", "0", "1", "0", "0", "0", "0", "0", "0", "0", "0", "0", "0", "0", "0", "0", "0", "0", "0", "0", "0", "0" ], "duration": 220.0, "sum": 1 }, "geometry": { "type": "Point", "coordinates": [ -122.261950563418637, 47.516964634346401 ] } },
{ "type": "Feature", "properties": { "lat": 47.51697236489359, "lon": -122.26082751577248, "time_of_day": "Morning", "causation": [ "0", "0", "0", "0", "1", "0", "0", "0", "0", "0", "0", "0", "0", "0", "0", "0", "0", "0", "0", "0", "0", "0", "0", "0" ], "duration": 220.0, "sum": 1 }, "geometry": { "type": "Point", "coordinates": [ -122.260827515772476, 47.51697236489359 ] } },
{ "type": "Feature", "properties": { "lat": 47.516981951582039, "lon": -122.2624920662487, "time_of_day": "Morning", "causation": [ "0", "0", "0", "0", "1", "0", "0", "0", "0", "0", "0", "0", "0", "0", "0", "0", "0", "0", "0", "0", "0", "0", "0", "0" ], "duration": 220.0, "sum": 1 }, "geometry": { "type": "Point", "coordinates": [ -122.262492066248697, 47.516981951582039 ] } },
{ "type": "Feature", "properties": { "lat": 47.516985193746834, "lon": -122.26139714669446, "time_of_day": "Morning", "causation": [ "0", "0", "0", "0", "1", "0", "0", "0", "0", "0", "0", "0", "0", "0", "0", "0", "0", "0", "0", "0", "0", "0", "0", "0" ], "duration": 220.0, "sum": 1 }, "geometry": { "type": "Point", "coordinates": [ -122.261397146694463, 47.516985193746834 ] } },
{ "type": "Feature", "properties": { "lat": 47.516986067594303, "lon": -122.26429290887302, "time_of_day": "Morning", "causation": [ "0", "0", "0", "0", "1", "0", "0", "0", "0", "0", "0", "0", "0", "0", "0", "0", "0", "0", "0", "0", "0", "0", "0", "0" ], "duration": 220.0, "sum": 1 }, "geometry": { "type": "Point", "coordinates": [ -122.264292908873017, 47.516986067594303 ] } },
{ "type": "Feature", "properties": { "lat": 47.517006006751338, "lon": -122.26492357040522, "time_of_day": "Morning", "causation": [ "0", "0", "0", "0", "1", "0", "0", "0", "0", "0", "0", "0", "0", "0", "0", "0", "0", "0", "0", "0", "0", "0", "0", "0" ], "duration": 220.0, "sum": 1 }, "geometry": { "type": "Point", "coordinates": [ -122.264923570405216, 47.517006006751338 ] } },
{ "type": "Feature", "properties": { "lat": 47.517015202224897, "lon": -122.25721152680345, "time_of_day": "Morning", "causation": [ "0", "0", "0", "0", "1", "0", "0", "0", "0", "0", "0", "0", "0", "0", "0", "0", "0", "0", "0", "0", "0", "0", "0", "0" ], "duration": 220.0, "sum": 1 }, "geometry": { "type": "Point", "coordinates": [ -122.257211526803445, 47.517015202224897 ] } },
{ "type": "Feature", "properties": { "lat": 47.517031033420906, "lon": -122.26324802709962, "time_of_day": "Morning", "causation": [ "0", "0", "0", "0", "1", "0", "0", "0", "0", "0", "0", "0", "0", "0", "0", "0", "0", "0", "0", "0", "0", "0", "0", "0" ], "duration": 220.0, "sum": 1 }, "geometry": { "type": "Point", "coordinates": [ -122.263248027099621, 47.517031033420906 ] } },
{ "type": "Feature", "properties": { "lat": 47.517045353712469, "lon": -122.26308186538584, "time_of_day": "Morning", "causation": [ "0", "0", "0", "0", "1", "0", "0", "0", "0", "0", "0", "0", "0", "0", "0", "0", "0", "0", "0", "0", "0", "0", "0", "0" ], "duration": 220.0, "sum": 1 }, "geometry": { "type": "Point", "coordinates": [ -122.263081865385843, 47.517045353712469 ] } },
{ "type": "Feature", "properties": { "lat": 47.517078929676863, "lon": -122.257919676792, "time_of_day": "Morning", "causation": [ "0", "0", "0", "0", "1", "0", "0", "0", "0", "0", "0", "0", "0", "0", "0", "0", "0", "0", "0", "0", "0", "0", "0", "0" ], "duration": 220.0, "sum": 1 }, "geometry": { "type": "Point", "coordinates": [ -122.257919676792, 47.517078929676863 ] } },
{ "type": "Feature", "properties": { "lat": 47.517085195564817, "lon": -122.25829671036934, "time_of_day": "Morning", "causation": [ "0", "0", "0", "0", "1", "0", "0", "0", "0", "0", "0", "0", "0", "0", "0", "0", "0", "0", "0", "0", "0", "0", "0", "0" ], "duration": 220.0, "sum": 1 }, "geometry": { "type": "Point", "coordinates": [ -122.258296710369336, 47.517085195564817 ] } },
{ "type": "Feature", "properties": { "lat": 47.517086708869321, "lon": -122.26025331184266, "time_of_day": "Morning", "causation": [ "0", "0", "0", "0", "1", "0", "0", "0", "0", "0", "0", "0", "0", "0", "0", "0", "0", "0", "0", "0", "0", "0", "0", "0" ], "duration": 220.0, "sum": 1 }, "geometry": { "type": "Point", "coordinates": [ -122.260253311842661, 47.517086708869321 ] } },
{ "type": "Feature", "properties": { "lat": 47.517089751227992, "lon": -122.39252935100517, "time_of_day": "Morning", "causation": [ "0", "0", "0", "0", "0", "0", "0", "0", "1", "0", "0", "0", "0", "0", "0", "0", "0", "1", "0", "0", "0", "0", "0", "0" ], "duration": 1381.0, "sum": 2 }, "geometry": { "type": "Point", "coordinates": [ -122.392529351005166, 47.517089751227992 ] } },
{ "type": "Feature", "properties": { "lat": 47.517101578432531, "lon": -122.26082874712692, "time_of_day": "Morning", "causation": [ "0", "0", "0", "0", "1", "0", "0", "0", "0", "0", "0", "0", "0", "0", "0", "0", "0", "0", "0", "0", "0", "0", "0", "0" ], "duration": 220.0, "sum": 1 }, "geometry": { "type": "Point", "coordinates": [ -122.260828747126922, 47.517101578432531 ] } },
{ "type": "Feature", "properties": { "lat": 47.517109485627856, "lon": -122.25630232263062, "time_of_day": "Morning", "causation": [ "0", "0", "0", "0", "1", "0", "0", "0", "0", "0", "0", "0", "0", "0", "0", "0", "0", "0", "0", "0", "0", "0", "0", "0" ], "duration": 220.0, "sum": 1 }, "geometry": { "type": "Point", "coordinates": [ -122.256302322630617, 47.517109485627856 ] } },
{ "type": "Feature", "properties": { "lat": 47.517115735661349, "lon": -122.25707483659026, "time_of_day": "Morning", "causation": [ "0", "0", "0", "0", "1", "0", "0", "0", "0", "0", "0", "0", "0", "0", "0", "0", "0", "0", "0", "0", "0", "0", "0", "0" ], "duration": 220.0, "sum": 1 }, "geometry": { "type": "Point", "coordinates": [ -122.257074836590263, 47.517115735661349 ] } },
{ "type": "Feature", "properties": { "lat": 47.517124904616942, "lon": -122.25965071312751, "time_of_day": "Morning", "causation": [ "0", "0", "0", "0", "1", "0", "0", "0", "0", "0", "0", "0", "0", "0", "0", "0", "0", "0", "0", "0", "0", "0", "0", "0" ], "duration": 220.0, "sum": 1 }, "geometry": { "type": "Point", "coordinates": [ -122.259650713127513, 47.517124904616942 ] } },
{ "type": "Feature", "properties": { "lat": 47.517131591322219, "lon": -122.39878882448956, "time_of_day": "Morning", "causation": [ "0", "0", "0", "0", "0", "0", "0", "0", "1", "0", "0", "0", "0", "0", "0", "0", "0", "1", "0", "0", "0", "0", "0", "0" ], "duration": 1381.0, "sum": 2 }, "geometry": { "type": "Point", "coordinates": [ -122.398788824489557, 47.517131591322219 ] } },
{ "type": "Feature", "properties": { "lat": 47.517131693494207, "lon": -122.25915807519389, "time_of_day": "Morning", "causation": [ "0", "0", "0", "0", "1", "0", "0", "0", "0", "0", "0", "0", "0", "0", "0", "0", "0", "0", "0", "0", "0", "0", "0", "0" ], "duration": 220.0, "sum": 1 }, "geometry": { "type": "Point", "coordinates": [ -122.259158075193895, 47.517131693494207 ] } },
{ "type": "Feature", "properties": { "lat": 47.517142992991907, "lon": -122.39369411329614, "time_of_day": "Morning", "causation": [ "0", "0", "0", "0", "0", "0", "0", "0", "1", "0", "0", "0", "0", "0", "0", "0", "0", "1", "0", "0", "0", "0", "0", "0" ], "duration": 1381.0, "sum": 2 }, "geometry": { "type": "Point", "coordinates": [ -122.393694113296135, 47.517142992991907 ] } },
{ "type": "Feature", "properties": { "lat": 47.517151222474077, "lon": -122.39674957568739, "time_of_day": "Morning", "causation": [ "0", "0", "0", "0", "0", "0", "0", "0", "1", "0", "0", "0", "0", "0", "0", "0", "0", "1", "0", "0", "0", "0", "0", "0" ], "duration": 1381.0, "sum": 2 }, "geometry": { "type": "Point", "coordinates": [ -122.396749575687394, 47.517151222474077 ] } },
{ "type": "Feature", "properties": { "lat": 47.517187506344975, "lon": -122.397319127438, "time_of_day": "Morning", "causation": [ "0", "0", "0", "0", "0", "0", "0", "0", "1", "0", "0", "0", "0", "0", "0", "0", "0", "1", "0", "0", "0", "0", "0", "0" ], "duration": 1381.0, "sum": 2 }, "geometry": { "type": "Point", "coordinates": [ -122.397319127437996, 47.517187506344975 ] } },
{ "type": "Feature", "properties": { "lat": 47.517191289288313, "lon": -122.39599915395016, "time_of_day": "Morning", "causation": [ "0", "0", "0", "0", "0", "0", "0", "0", "1", "0", "0", "0", "0", "0", "0", "0", "0", "1", "0", "0", "0", "0", "0", "0" ], "duration": 1381.0, "sum": 2 }, "geometry": { "type": "Point", "coordinates": [ -122.395999153950157, 47.517191289288313 ] } },
{ "type": "Feature", "properties": { "lat": 47.517196887025769, "lon": -122.25844879267603, "time_of_day": "Morning", "causation": [ "0", "0", "0", "0", "1", "0", "0", "0", "0", "0", "0", "0", "0", "0", "0", "0", "0", "0", "0", "0", "0", "0", "0", "0" ], "duration": 220.0, "sum": 1 }, "geometry": { "type": "Point", "coordinates": [ -122.258448792676035, 47.517196887025769 ] } },
{ "type": "Feature", "properties": { "lat": 47.517198237310787, "lon": -122.39465449180942, "time_of_day": "Morning", "causation": [ "0", "0", "0", "0", "0", "0", "0", "0", "1", "0", "0", "0", "0", "0", "0", "0", "0", "1", "0", "0", "0", "0", "0", "0" ], "duration": 1381.0, "sum": 2 }, "geometry": { "type": "Point", "coordinates": [ -122.394654491809419, 47.517198237310787 ] } },
{ "type": "Feature", "properties": { "lat": 47.517227144019337, "lon": -122.39796588845697, "time_of_day": "Morning", "causation": [ "0", "0", "0", "0", "0", "0", "0", "0", "1", "0", "0", "0", "0", "0", "0", "0", "0", "1", "0", "0", "0", "0", "0", "0" ], "duration": 1381.0, "sum": 2 }, "geometry": { "type": "Point", "coordinates": [ -122.397965888456966, 47.517227144019337 ] } },
{ "type": "Feature", "properties": { "lat": 47.517232339453948, "lon": -122.25781062002332, "time_of_day": "Morning", "causation": [ "0", "0", "0", "0", "1", "0", "0", "0", "0", "0", "0", "0", "0", "0", "0", "0", "0", "0", "0", "0", "0", "0", "0", "0" ], "duration": 220.0, "sum": 1 }, "geometry": { "type": "Point", "coordinates": [ -122.257810620023321, 47.517232339453948 ] } },
{ "type": "Feature", "properties": { "lat": 47.517237964897369, "lon": -122.26082649167982, "time_of_day": "Morning", "causation": [ "0", "0", "0", "0", "1", "0", "0", "0", "0", "0", "0", "0", "0", "0", "0", "0", "0", "0", "0", "0", "0", "0", "0", "0" ], "duration": 220.0, "sum": 1 }, "geometry": { "type": "Point", "coordinates": [ -122.260826491679822, 47.517237964897369 ] } },
{ "type": "Feature", "properties": { "lat": 47.517242729827473, "lon": -122.26025300898188, "time_of_day": "Morning", "causation": [ "0", "0", "0", "0", "1", "0", "0", "0", "0", "0", "0", "0", "0", "0", "0", "0", "0", "0", "0", "0", "0", "0", "0", "0" ], "duration": 220.0, "sum": 1 }, "geometry": { "type": "Point", "coordinates": [ -122.260253008981877, 47.517242729827473 ] } },
{ "type": "Feature", "properties": { "lat": 47.517279314978097, "lon": -122.25965647613803, "time_of_day": "Morning", "causation": [ "0", "0", "0", "0", "1", "0", "0", "0", "0", "0", "0", "0", "0", "0", "0", "0", "0", "0", "0", "0", "0", "0", "0", "0" ], "duration": 220.0, "sum": 1 }, "geometry": { "type": "Point", "coordinates": [ -122.259656476138034, 47.517279314978097 ] } },
{ "type": "Feature", "properties": { "lat": 47.517300416437124, "lon": -122.25873341090561, "time_of_day": "Morning", "causation": [ "0", "0", "0", "0", "1", "0", "0", "0", "0", "0", "0", "0", "0", "0", "0", "0", "0", "0", "0", "0", "0", "0", "0", "0" ], "duration": 220.0, "sum": 1 }, "geometry": { "type": "Point", "coordinates": [ -122.258733410905606, 47.517300416437124 ] } },
{ "type": "Feature", "properties": { "lat": 47.517309343368112, "lon": -122.39329355863592, "time_of_day": "Morning", "causation": [ "0", "0", "0", "0", "0", "0", "0", "0", "1", "0", "0", "0", "0", "0", "0", "0", "0", "1", "0", "0", "0", "0", "0", "0" ], "duration": 1381.0, "sum": 2 }, "geometry": { "type": "Point", "coordinates": [ -122.393293558635918, 47.517309343368112 ] } },
{ "type": "Feature", "properties": { "lat": 47.517345417731661, "lon": -122.25765318559486, "time_of_day": "Morning", "causation": [ "0", "0", "0", "0", "1", "0", "0", "0", "0", "0", "0", "0", "0", "0", "0", "0", "0", "0", "0", "0", "0", "0", "0", "0" ], "duration": 220.0, "sum": 1 }, "geometry": { "type": "Point", "coordinates": [ -122.257653185594862, 47.517345417731661 ] } },
{ "type": "Feature", "properties": { "lat": 47.517351728986426, "lon": -122.26085919441419, "time_of_day": "Morning", "causation": [ "0", "0", "0", "0", "1", "0", "0", "0", "0", "0", "0", "0", "0", "0", "0", "0", "0", "0", "0", "0", "0", "0", "0", "0" ], "duration": 220.0, "sum": 1 }, "geometry": { "type": "Point", "coordinates": [ -122.260859194414195, 47.517351728986426 ] } },
{ "type": "Feature", "properties": { "lat": 47.517356997899022, "lon": -122.39257081889896, "time_of_day": "Morning", "causation": [ "0", "0", "0", "0", "0", "0", "0", "0", "1", "0", "0", "0", "0", "0", "0", "0", "0", "1", "0", "0", "0", "0", "0", "0" ], "duration": 1381.0, "sum": 2 }, "geometry": { "type": "Point", "coordinates": [ -122.39257081889896, 47.517356997899022 ] } },
{ "type": "Feature", "properties": { "lat": 47.517369773900278, "lon": -122.26025450333439, "time_of_day": "Morning", "causation": [ "0", "0", "0", "0", "1", "0", "0", "0", "0", "0", "0", "0", "0", "0", "0", "0", "0", "0", "0", "0", "0", "0", "0", "0" ], "duration": 220.0, "sum": 1 }, "geometry": { "type": "Point", "coordinates": [ -122.260254503334394, 47.517369773900278 ] } },
{ "type": "Feature", "properties": { "lat": 47.517383226983533, "lon": -122.25744779523816, "time_of_day": "Morning", "causation": [ "0", "0", "0", "0", "1", "0", "0", "0", "0", "0", "0", "0", "0", "0", "0", "0", "0", "0", "0", "0", "0", "0", "0", "0" ], "duration": 220.0, "sum": 1 }, "geometry": { "type": "Point", "coordinates": [ -122.257447795238164, 47.517383226983533 ] } },
{ "type": "Feature", "properties": { "lat": 47.517391562825786, "lon": -122.25855833853208, "time_of_day": "Morning", "causation": [ "0", "0", "0", "0", "1", "0", "0", "0", "0", "0", "0", "0", "0", "0", "0", "0", "0", "0", "0", "0", "0", "0", "0", "0" ], "duration": 220.0, "sum": 1 }, "geometry": { "type": "Point", "coordinates": [ -122.258558338532083, 47.517391562825786 ] } },
{ "type": "Feature", "properties": { "lat": 47.517411142196309, "lon": -122.25651681875196, "time_of_day": "Morning", "causation": [ "0", "0", "0", "0", "1", "0", "0", "0", "0", "0", "0", "0", "0", "0", "0", "0", "0", "0", "0", "0", "0", "0", "0", "0" ], "duration": 220.0, "sum": 1 }, "geometry": { "type": "Point", "coordinates": [ -122.256516818751962, 47.517411142196309 ] } },
{ "type": "Feature", "properties": { "lat": 47.517411715596943, "lon": -122.39378582237676, "time_of_day": "Morning", "causation": [ "0", "0", "0", "0", "0", "0", "0", "0", "1", "0", "0", "0", "0", "0", "0", "0", "0", "1", "0", "0", "0", "0", "0", "0" ], "duration": 1381.0, "sum": 2 }, "geometry": { "type": "Point", "coordinates": [ -122.393785822376756, 47.517411715596943 ] } },
{ "type": "Feature", "properties": { "lat": 47.517462009696743, "lon": -122.39457164381844, "time_of_day": "Morning", "causation": [ "0", "0", "0", "0", "0", "0", "0", "0", "1", "0", "0", "0", "0", "0", "0", "0", "0", "1", "0", "0", "0", "0", "0", "0" ], "duration": 1381.0, "sum": 2 }, "geometry": { "type": "Point", "coordinates": [ -122.394571643818438, 47.517462009696743 ] } },
{ "type": "Feature", "properties": { "lat": 47.517464961860298, "lon": -122.25835756429844, "time_of_day": "Morning", "causation": [ "0", "0", "0", "0", "1", "0", "0", "0", "0", "0", "0", "0", "0", "0", "0", "0", "0", "0", "0", "0", "0", "0", "0", "0" ], "duration": 220.0, "sum": 1 }, "geometry": { "type": "Point", "coordinates": [ -122.258357564298436, 47.517464961860298 ] } },
{ "type": "Feature", "properties": { "lat": 47.517467553374829, "lon": -122.39614052315449, "time_of_day": "Morning", "causation": [ "0", "0", "0", "0", "0", "0", "0", "0", "1", "0", "0", "0", "0", "0", "0", "0", "0", "1", "0", "0", "0", "0", "0", "0" ], "duration": 1381.0, "sum": 2 }, "geometry": { "type": "Point", "coordinates": [ -122.396140523154486, 47.517467553374829 ] } },
{ "type": "Feature", "properties": { "lat": 47.517469848352633, "lon": -122.257290122569, "time_of_day": "Morning", "causation": [ "0", "0", "0", "0", "1", "0", "0", "0", "0", "0", "0", "0", "0", "0", "0", "0", "0", "0", "0", "0", "0", "0", "0", "0" ], "duration": 220.0, "sum": 1 }, "geometry": { "type": "Point", "coordinates": [ -122.257290122569003, 47.517469848352633 ] } },
{ "type": "Feature", "properties": { "lat": 47.517477715869461, "lon": -122.39844918080442, "time_of_day": "Morning", "causation": [ "0", "0", "0", "0", "0", "0", "0", "0", "1", "0", "0", "0", "0", "0", "0", "0", "0", "1", "0", "0", "0", "0", "0", "0" ], "duration": 1381.0, "sum": 2 }, "geometry": { "type": "Point", "coordinates": [ -122.39844918080442, 47.517477715869461 ] } },
{ "type": "Feature", "properties": { "lat": 47.517484072814902, "lon": -122.39323672077025, "time_of_day": "Morning", "causation": [ "0", "0", "0", "0", "0", "0", "0", "0", "1", "0", "0", "0", "0", "0", "0", "0", "0", "1", "0", "0", "0", "0", "0", "0" ], "duration": 1381.0, "sum": 2 }, "geometry": { "type": "Point", "coordinates": [ -122.393236720770247, 47.517484072814902 ] } },
{ "type": "Feature", "properties": { "lat": 47.517490651372157, "lon": -122.25969030811822, "time_of_day": "Morning", "causation": [ "0", "0", "0", "0", "1", "0", "0", "0", "0", "0", "0", "0", "0", "0", "0", "0", "0", "0", "0", "0", "0", "0", "0", "0" ], "duration": 220.0, "sum": 1 }, "geometry": { "type": "Point", "coordinates": [ -122.259690308118223, 47.517490651372157 ] } },
{ "type": "Feature", "properties": { "lat": 47.517503459121976, "lon": -122.25641106783478, "time_of_day": "Morning", "causation": [ "0", "0", "0", "0", "2", "0", "0", "0", "0", "0", "0", "0", "0", "0", "0", "0", "0", "0", "0", "0", "0", "0", "0", "0" ], "duration": 440.0, "sum": 2 }, "geometry": { "type": "Point", "coordinates": [ -122.256411067834776, 47.517503459121976 ] } },
{ "type": "Feature", "properties": { "lat": 47.517507266791164, "lon": -122.26022742482196, "time_of_day": "Morning", "causation": [ "0", "0", "0", "0", "1", "0", "0", "0", "0", "0", "0", "0", "0", "0", "0", "0", "0", "0", "0", "0", "0", "0", "0", "0" ], "duration": 220.0, "sum": 1 }, "geometry": { "type": "Point", "coordinates": [ -122.260227424821963, 47.517507266791164 ] } },
{ "type": "Feature", "properties": { "lat": 47.517509929153043, "lon": -122.26083389882304, "time_of_day": "Morning", "causation": [ "0", "0", "0", "0", "1", "0", "0", "0", "0", "0", "0", "0", "0", "0", "0", "0", "0", "0", "0", "0", "0", "0", "0", "0" ], "duration": 220.0, "sum": 1 }, "geometry": { "type": "Point", "coordinates": [ -122.260833898823037, 47.517509929153043 ] } },
{ "type": "Feature", "properties": { "lat": 47.517543560039542, "lon": -122.25584085379184, "time_of_day": "Morning", "causation": [ "0", "0", "0", "0", "1", "0", "0", "0", "0", "0", "0", "0", "0", "0", "0", "0", "0", "0", "0", "0", "0", "0", "0", "0" ], "duration": 220.0, "sum": 1 }, "geometry": { "type": "Point", "coordinates": [ -122.255840853791838, 47.517543560039542 ] } },
{ "type": "Feature", "properties": { "lat": 47.51754751247811, "lon": -122.25889806184097, "time_of_day": "Morning", "causation": [ "0", "0", "0", "0", "1", "0", "0", "0", "0", "0", "0", "0", "0", "0", "0", "0", "0", "0", "0", "0", "0", "0", "0", "0" ], "duration": 220.0, "sum": 1 }, "geometry": { "type": "Point", "coordinates": [ -122.258898061840966, 47.51754751247811 ] } },
{ "type": "Feature", "properties": { "lat": 47.517554453630666, "lon": -122.25716635310306, "time_of_day": "Morning", "causation": [ "0", "0", "0", "0", "1", "0", "0", "0", "0", "0", "0", "0", "0", "0", "0", "0", "0", "0", "0", "0", "0", "0", "0", "0" ], "duration": 220.0, "sum": 1 }, "geometry": { "type": "Point", "coordinates": [ -122.257166353103059, 47.517554453630666 ] } },
{ "type": "Feature", "properties": { "lat": 47.517579991709539, "lon": -122.39554552639883, "time_of_day": "Morning", "causation": [ "0", "0", "0", "0", "0", "0", "0", "0", "2", "0", "0", "0", "0", "0", "0", "0", "0", "2", "0", "0", "0", "0", "0", "0" ], "duration": 2762.0, "sum": 4 }, "geometry": { "type": "Point", "coordinates": [ -122.395545526398834, 47.517579991709539 ] } },
{ "type": "Feature", "properties": { "lat": 47.517616509118668, "lon": -122.25805158488002, "time_of_day": "Morning", "causation": [ "0", "0", "0", "0", "2", "0", "0", "0", "0", "0", "0", "0", "0", "0", "0", "0", "0", "0", "0", "0", "0", "0", "0", "0" ], "duration": 440.0, "sum": 2 }, "geometry": { "type": "Point", "coordinates": [ -122.258051584880022, 47.517616509118668 ] } },
{ "type": "Feature", "properties": { "lat": 47.51764083160004, "lon": -122.2590217567635, "time_of_day": "Morning", "causation": [ "0", "0", "0", "0", "1", "0", "0", "0", "0", "0", "0", "0", "0", "0", "0", "0", "0", "0", "0", "0", "0", "0", "0", "0" ], "duration": 220.0, "sum": 1 }, "geometry": { "type": "Point", "coordinates": [ -122.259021756763502, 47.51764083160004 ] } },
{ "type": "Feature", "properties": { "lat": 47.517646295131399, "lon": -122.39381199025384, "time_of_day": "Morning", "causation": [ "0", "0", "0", "0", "0", "0", "0", "0", "1", "0", "0", "0", "0", "0", "0", "0", "0", "1", "0", "0", "0", "0", "0", "0" ], "duration": 1381.0, "sum": 2 }, "geometry": { "type": "Point", "coordinates": [ -122.393811990253838, 47.517646295131399 ] } },
{ "type": "Feature", "properties": { "lat": 47.517648145537819, "lon": -122.2607842158136, "time_of_day": "Morning", "causation": [ "0", "0", "0", "0", "1", "0", "0", "0", "0", "0", "0", "0", "0", "0", "0", "0", "0", "0", "0", "0", "0", "0", "0", "0" ], "duration": 220.0, "sum": 1 }, "geometry": { "type": "Point", "coordinates": [ -122.260784215813601, 47.517648145537819 ] } },
{ "type": "Feature", "properties": { "lat": 47.517649311715068, "lon": -122.2601916066516, "time_of_day": "Morning", "causation": [ "0", "0", "0", "0", "1", "0", "0", "0", "0", "0", "0", "0", "0", "0", "0", "0", "0", "0", "0", "0", "0", "0", "0", "0" ], "duration": 220.0, "sum": 1 }, "geometry": { "type": "Point", "coordinates": [ -122.260191606651603, 47.517649311715068 ] } },
{ "type": "Feature", "properties": { "lat": 47.517652108923272, "lon": -122.25777477522313, "time_of_day": "Morning", "causation": [ "0", "0", "0", "0", "1", "0", "0", "0", "0", "0", "0", "0", "0", "0", "0", "0", "0", "0", "0", "0", "0", "0", "0", "0" ], "duration": 220.0, "sum": 1 }, "geometry": { "type": "Point", "coordinates": [ -122.257774775223126, 47.517652108923272 ] } },
{ "type": "Feature", "properties": { "lat": 47.517664054258525, "lon": -122.25986488779218, "time_of_day": "Morning", "causation": [ "0", "0", "0", "0", "1", "0", "0", "0", "0", "0", "0", "0", "0", "0", "0", "0", "0", "0", "0", "0", "0", "0", "0", "0" ], "duration": 220.0, "sum": 1 }, "geometry": { "type": "Point", "coordinates": [ -122.259864887792176, 47.517664054258525 ] } },
{ "type": "Feature", "properties": { "lat": 47.517707762597681, "lon": -122.2576623576623, "time_of_day": "Morning", "causation": [ "0", "0", "0", "0", "1", "0", "0", "0", "0", "0", "0", "0", "0", "0", "0", "0", "0", "0", "0", "0", "0", "0", "0", "0" ], "duration": 220.0, "sum": 1 }, "geometry": { "type": "Point", "coordinates": [ -122.257662357662298, 47.517707762597681 ] } },
{ "type": "Feature", "properties": { "lat": 47.517710285148439, "lon": -122.25609805114271, "time_of_day": "Morning", "causation": [ "0", "0", "0", "0", "1", "0", "0", "0", "0", "0", "0", "0", "0", "0", "0", "0", "0", "0", "0", "0", "0", "0", "0", "0" ], "duration": 220.0, "sum": 1 }, "geometry": { "type": "Point", "coordinates": [ -122.256098051142715, 47.517710285148439 ] } },
{ "type": "Feature", "properties": { "lat": 47.517712534024199, "lon": -122.257025890344, "time_of_day": "Morning", "causation": [ "0", "0", "0", "0", "1", "0", "0", "0", "0", "0", "0", "0", "0", "0", "0", "0", "0", "0", "0", "0", "0", "0", "0", "0" ], "duration": 220.0, "sum": 1 }, "geometry": { "type": "Point", "coordinates": [ -122.257025890343996, 47.517712534024199 ] } },
{ "type": "Feature", "properties": { "lat": 47.517713543403637, "lon": -122.25912048177273, "time_of_day": "Morning", "causation": [ "0", "0", "0", "0", "1", "0", "0", "0", "0", "0", "0", "0", "0", "0", "0", "0", "0", "0", "0", "0", "0", "0", "0", "0" ], "duration": 220.0, "sum": 1 }, "geometry": { "type": "Point", "coordinates": [ -122.259120481772726, 47.517713543403637 ] } },
{ "type": "Feature", "properties": { "lat": 47.517725094586702, "lon": -122.3923069110589, "time_of_day": "Morning", "causation": [ "0", "0", "0", "0", "0", "0", "0", "0", "1", "0", "0", "0", "0", "0", "0", "0", "0", "1", "0", "0", "0", "0", "0", "0" ], "duration": 1381.0, "sum": 2 }, "geometry": { "type": "Point", "coordinates": [ -122.392306911058895, 47.517725094586702 ] } },
{ "type": "Feature", "properties": { "lat": 47.517725131105479, "lon": -122.39326690110526, "time_of_day": "Morning", "causation": [ "0", "0", "0", "0", "0", "0", "0", "0", "1", "0", "0", "0", "0", "0", "0", "0", "0", "1", "0", "0", "0", "0", "0", "0" ], "duration": 1381.0, "sum": 2 }, "geometry": { "type": "Point", "coordinates": [ -122.393266901105264, 47.517725131105479 ] } },
{ "type": "Feature", "properties": { "lat": 47.517736942494217, "lon": -122.39457461636113, "time_of_day": "Morning", "causation": [ "0", "0", "0", "0", "0", "0", "0", "0", "1", "0", "0", "0", "0", "0", "0", "0", "0", "1", "0", "0", "0", "0", "0", "0" ], "duration": 1381.0, "sum": 2 }, "geometry": { "type": "Point", "coordinates": [ -122.394574616361126, 47.517736942494217 ] } },
{ "type": "Feature", "properties": { "lat": 47.517750870935842, "lon": -122.25685050484432, "time_of_day": "Morning", "causation": [ "0", "0", "0", "0", "1", "0", "0", "0", "0", "0", "0", "0", "0", "0", "0", "0", "0", "0", "0", "0", "0", "0", "0", "0" ], "duration": 220.0, "sum": 1 }, "geometry": { "type": "Point", "coordinates": [ -122.256850504844323, 47.517750870935842 ] } },
{ "type": "Feature", "properties": { "lat": 47.517767488435965, "lon": -122.26021576728216, "time_of_day": "Morning", "causation": [ "0", "0", "0", "0", "1", "0", "0", "0", "0", "0", "0", "0", "0", "0", "0", "0", "0", "0", "0", "0", "0", "0", "0", "0" ], "duration": 220.0, "sum": 1 }, "geometry": { "type": "Point", "coordinates": [ -122.260215767282162, 47.517767488435965 ] } },
{ "type": "Feature", "properties": { "lat": 47.517775024347713, "lon": -122.2608075232523, "time_of_day": "Morning", "causation": [ "0", "0", "0", "0", "1", "0", "0", "0", "0", "0", "0", "0", "0", "0", "0", "0", "0", "0", "0", "0", "0", "0", "0", "0" ], "duration": 220.0, "sum": 1 }, "geometry": { "type": "Point", "coordinates": [ -122.260807523252296, 47.517775024347713 ] } },
{ "type": "Feature", "properties": { "lat": 47.517794656185707, "lon": -122.25858478074976, "time_of_day": "Morning", "causation": [ "0", "0", "0", "0", "1", "0", "0", "0", "0", "0", "0", "0", "0", "0", "0", "0", "0", "0", "0", "0", "0", "0", "0", "0" ], "duration": 220.0, "sum": 1 }, "geometry": { "type": "Point", "coordinates": [ -122.258584780749757, 47.517794656185707 ] } },
{ "type": "Feature", "properties": { "lat": 47.517834679860023, "lon": -122.39376169073424, "time_of_day": "Morning", "causation": [ "0", "0", "0", "0", "0", "0", "0", "0", "1", "0", "0", "0", "0", "0", "0", "0", "0", "1", "0", "0", "0", "0", "0", "0" ], "duration": 1381.0, "sum": 2 }, "geometry": { "type": "Point", "coordinates": [ -122.393761690734237, 47.517834679860023 ] } },
{ "type": "Feature", "properties": { "lat": 47.517872512736801, "lon": -122.25750167851946, "time_of_day": "Morning", "causation": [ "0", "0", "0", "0", "1", "0", "0", "0", "0", "0", "0", "0", "0", "0", "0", "0", "0", "0", "0", "0", "0", "0", "0", "0" ], "duration": 220.0, "sum": 1 }, "geometry": { "type": "Point", "coordinates": [ -122.257501678519461, 47.517872512736801 ] } },
{ "type": "Feature", "properties": { "lat": 47.517890534309203, "lon": -122.39589741031077, "time_of_day": "Morning", "causation": [ "0", "0", "0", "0", "0", "0", "0", "0", "1", "0", "0", "0", "0", "0", "0", "0", "0", "1", "0", "0", "0", "0", "0", "0" ], "duration": 1381.0, "sum": 2 }, "geometry": { "type": "Point", "coordinates": [ -122.395897410310766, 47.517890534309203 ] } },
{ "type": "Feature", "properties": { "lat": 47.517895433956085, "lon": -122.25840470794252, "time_of_day": "Morning", "causation": [ "0", "0", "0", "0", "1", "0", "0", "0", "0", "0", "0", "0", "0", "0", "0", "0", "0", "0", "0", "0", "0", "0", "0", "0" ], "duration": 220.0, "sum": 1 }, "geometry": { "type": "Point", "coordinates": [ -122.258404707942518, 47.517895433956085 ] } },
{ "type": "Feature", "properties": { "lat": 47.517898805606976, "lon": -122.25940978897992, "time_of_day": "Morning", "causation": [ "0", "0", "0", "0", "1", "0", "0", "0", "0", "0", "0", "0", "0", "0", "0", "0", "0", "0", "0", "0", "0", "0", "0", "0" ], "duration": 220.0, "sum": 1 }, "geometry": { "type": "Point", "coordinates": [ -122.259409788979923, 47.517898805606976 ] } },
{ "type": "Feature", "properties": { "lat": 47.517919214713807, "lon": -122.26085627834441, "time_of_day": "Morning", "causation": [ "0", "0", "0", "0", "1", "0", "0", "0", "0", "0", "0", "0", "0", "0", "0", "0", "0", "0", "0", "0", "0", "0", "0", "0" ], "duration": 220.0, "sum": 1 }, "geometry": { "type": "Point", "coordinates": [ -122.260856278344406, 47.517919214713807 ] } },
{ "type": "Feature", "properties": { "lat": 47.517931376811283, "lon": -122.26023972218816, "time_of_day": "Morning", "causation": [ "0", "0", "0", "0", "1", "0", "0", "0", "0", "0", "0", "0", "0", "0", "0", "0", "0", "0", "0", "0", "0", "0", "0", "0" ], "duration": 220.0, "sum": 1 }, "geometry": { "type": "Point", "coordinates": [ -122.26023972218816, 47.517931376811283 ] } },
{ "type": "Feature", "properties": { "lat": 47.517944944734182, "lon": -122.25648306479395, "time_of_day": "Morning", "causation": [ "0", "0", "0", "0", "1", "0", "0", "0", "0", "0", "0", "0", "0", "0", "0", "0", "0", "0", "0", "0", "0", "0", "0", "0" ], "duration": 220.0, "sum": 1 }, "geometry": { "type": "Point", "coordinates": [ -122.256483064793954, 47.517944944734182 ] } },
{ "type": "Feature", "properties": { "lat": 47.517962646733615, "lon": -122.2593035990989, "time_of_day": "Morning", "causation": [ "0", "0", "0", "0", "1", "0", "0", "0", "0", "0", "0", "0", "0", "0", "0", "0", "0", "0", "0", "0", "0", "0", "0", "0" ], "duration": 220.0, "sum": 1 }, "geometry": { "type": "Point", "coordinates": [ -122.259303599098899, 47.517962646733615 ] } },
{ "type": "Feature", "properties": { "lat": 47.51797104858661, "lon": -122.3948746009566, "time_of_day": "Morning", "causation": [ "0", "0", "0", "0", "0", "0", "0", "0", "1", "0", "0", "0", "0", "0", "0", "0", "0", "1", "0", "0", "0", "0", "0", "0" ], "duration": 1381.0, "sum": 2 }, "geometry": { "type": "Point", "coordinates": [ -122.394874600956598, 47.51797104858661 ] } },
{ "type": "Feature", "properties": { "lat": 47.517976278434062, "lon": -122.39326470249836, "time_of_day": "Morning", "causation": [ "0", "0", "0", "0", "0", "0", "0", "0", "1", "0", "0", "0", "0", "0", "0", "0", "0", "1", "0", "0", "0", "0", "0", "0" ], "duration": 1381.0, "sum": 2 }, "geometry": { "type": "Point", "coordinates": [ -122.393264702498357, 47.517976278434062 ] } },
{ "type": "Feature", "properties": { "lat": 47.517976420006477, "lon": -122.39197603977414, "time_of_day": "Morning", "causation": [ "0", "0", "0", "0", "0", "0", "0", "0", "1", "0", "0", "0", "0", "0", "0", "0", "0", "1", "0", "0", "0", "0", "0", "0" ], "duration": 1381.0, "sum": 2 }, "geometry": { "type": "Point", "coordinates": [ -122.391976039774136, 47.517976420006477 ] } },
{ "type": "Feature", "properties": { "lat": 47.517988119160691, "lon": -122.39261803144328, "time_of_day": "Morning", "causation": [ "0", "0", "0", "0", "0", "0", "0", "0", "1", "0", "0", "0", "0", "0", "0", "0", "0", "1", "0", "0", "0", "0", "0", "0" ], "duration": 1381.0, "sum": 2 }, "geometry": { "type": "Point", "coordinates": [ -122.392618031443277, 47.517988119160691 ] } },
{ "type": "Feature", "properties": { "lat": 47.518029275051887, "lon": -122.25825342598183, "time_of_day": "Morning", "causation": [ "0", "0", "0", "0", "1", "0", "0", "0", "0", "0", "0", "0", "0", "0", "0", "0", "0", "0", "0", "0", "0", "0", "0", "0" ], "duration": 220.0, "sum": 1 }, "geometry": { "type": "Point", "coordinates": [ -122.258253425981835, 47.518029275051887 ] } },
{ "type": "Feature", "properties": { "lat": 47.518043803215122, "lon": -122.39371075686768, "time_of_day": "Morning", "causation": [ "0", "0", "0", "0", "0", "0", "0", "0", "1", "0", "0", "0", "0", "0", "0", "0", "0", "1", "0", "0", "0", "0", "0", "0" ], "duration": 1381.0, "sum": 2 }, "geometry": { "type": "Point", "coordinates": [ -122.393710756867677, 47.518043803215122 ] } },
{ "type": "Feature", "properties": { "lat": 47.518050552956176, "lon": -122.26080405905719, "time_of_day": "Morning", "causation": [ "0", "0", "0", "0", "1", "0", "0", "0", "0", "0", "0", "0", "0", "0", "0", "0", "0", "0", "0", "0", "0", "0", "0", "0" ], "duration": 220.0, "sum": 1 }, "geometry": { "type": "Point", "coordinates": [ -122.260804059057193, 47.518050552956176 ] } },
{ "type": "Feature", "properties": { "lat": 47.518058573991127, "lon": -122.25913501902572, "time_of_day": "Morning", "causation": [ "0", "0", "0", "0", "1", "0", "0", "0", "0", "0", "0", "0", "0", "0", "0", "0", "0", "0", "0", "0", "0", "0", "0", "0" ], "duration": 220.0, "sum": 1 }, "geometry": { "type": "Point", "coordinates": [ -122.25913501902572, 47.518058573991127 ] } },
{ "type": "Feature", "properties": { "lat": 47.518130928225993, "lon": -122.39189460541212, "time_of_day": "Morning", "causation": [ "0", "0", "0", "0", "0", "0", "0", "0", "1", "0", "0", "0", "0", "0", "0", "0", "0", "1", "0", "0", "0", "0", "0", "0" ], "duration": 1381.0, "sum": 2 }, "geometry": { "type": "Point", "coordinates": [ -122.391894605412119, 47.518130928225993 ] } },
{ "type": "Feature", "properties": { "lat": 47.518131159126767, "lon": -122.39322408404028, "time_of_day": "Morning", "causation": [ "0", "0", "0", "0", "0", "0", "0", "0", "1", "0", "0", "0", "0", "0", "0", "0", "0", "1", "0", "0", "0", "0", "0", "0" ], "duration": 1381.0, "sum": 2 }, "geometry": { "type": "Point", "coordinates": [ -122.393224084040284, 47.518131159126767 ] } },
{ "type": "Feature", "properties": { "lat": 47.518134818484285, "lon": -122.25713343226732, "time_of_day": "Morning", "causation": [ "0", "0", "0", "0", "1", "0", "0", "0", "0", "0", "0", "0", "0", "0", "0", "0", "0", "0", "0", "0", "0", "0", "0", "0" ], "duration": 220.0, "sum": 1 }, "geometry": { "type": "Point", "coordinates": [ -122.257133432267324, 47.518134818484285 ] } },
{ "type": "Feature", "properties": { "lat": 47.518140770253559, "lon": -122.39261199280772, "time_of_day": "Morning", "causation": [ "0", "0", "0", "0", "0", "0", "0", "0", "1", "0", "0", "0", "0", "0", "0", "0", "0", "1", "0", "0", "0", "0", "0", "0" ], "duration": 1381.0, "sum": 2 }, "geometry": { "type": "Point", "coordinates": [ -122.392611992807716, 47.518140770253559 ] } },
{ "type": "Feature", "properties": { "lat": 47.518148329757551, "lon": -122.2589855684116, "time_of_day": "Morning", "causation": [ "0", "0", "0", "0", "1", "0", "0", "0", "0", "0", "0", "0", "0", "0", "0", "0", "0", "0", "0", "0", "0", "0", "0", "0" ], "duration": 220.0, "sum": 1 }, "geometry": { "type": "Point", "coordinates": [ -122.258985568411603, 47.518148329757551 ] } },
{ "type": "Feature", "properties": { "lat": 47.518149193720362, "lon": -122.39742481577944, "time_of_day": "Morning", "causation": [ "0", "0", "0", "0", "0", "0", "0", "0", "1", "0", "0", "0", "0", "0", "0", "0", "0", "1", "0", "0", "0", "0", "0", "0" ], "duration": 1381.0, "sum": 2 }, "geometry": { "type": "Point", "coordinates": [ -122.397424815779445, 47.518149193720362 ] } },
{ "type": "Feature", "properties": { "lat": 47.518152953468643, "lon": -122.25818876699408, "time_of_day": "Morning", "causation": [ "0", "0", "0", "0", "1", "0", "0", "0", "0", "0", "0", "0", "0", "0", "0", "0", "0", "0", "0", "0", "0", "0", "0", "0" ], "duration": 220.0, "sum": 1 }, "geometry": { "type": "Point", "coordinates": [ -122.258188766994081, 47.518152953468643 ] } },
{ "type": "Feature", "properties": { "lat": 47.518155074637988, "lon": -122.25972820050654, "time_of_day": "Morning", "causation": [ "0", "0", "0", "0", "1", "0", "0", "0", "0", "0", "0", "0", "0", "0", "0", "0", "0", "0", "0", "0", "0", "0", "0", "0" ], "duration": 220.0, "sum": 1 }, "geometry": { "type": "Point", "coordinates": [ -122.259728200506544, 47.518155074637988 ] } },
{ "type": "Feature", "properties": { "lat": 47.518184380623175, "lon": -122.25796980189951, "time_of_day": "Morning", "causation": [ "0", "0", "0", "0", "1", "0", "0", "0", "0", "0", "0", "0", "0", "0", "0", "0", "0", "0", "0", "0", "0", "0", "0", "0" ], "duration": 220.0, "sum": 1 }, "geometry": { "type": "Point", "coordinates": [ -122.257969801899506, 47.518184380623175 ] } },
{ "type": "Feature", "properties": { "lat": 47.518191224355562, "lon": -122.26082304923536, "time_of_day": "Morning", "causation": [ "0", "0", "0", "0", "1", "0", "0", "0", "0", "0", "0", "0", "0", "0", "0", "0", "0", "0", "0", "0", "0", "0", "0", "0" ], "duration": 220.0, "sum": 1 }, "geometry": { "type": "Point", "coordinates": [ -122.260823049235356, 47.518191224355562 ] } },
{ "type": "Feature", "properties": { "lat": 47.518229875272922, "lon": -122.25881735482338, "time_of_day": "Morning", "causation": [ "0", "0", "0", "0", "1", "0", "0", "0", "0", "0", "0", "0", "0", "0", "0", "0", "0", "0", "0", "0", "0", "0", "0", "0" ], "duration": 220.0, "sum": 1 }, "geometry": { "type": "Point", "coordinates": [ -122.258817354823378, 47.518229875272922 ] } },
{ "type": "Feature", "properties": { "lat": 47.518240087269596, "lon": -122.39372019459816, "time_of_day": "Morning", "causation": [ "0", "0", "0", "0", "0", "0", "0", "0", "1", "0", "0", "0", "0", "0", "0", "0", "0", "1", "0", "0", "0", "0", "0", "0" ], "duration": 1381.0, "sum": 2 }, "geometry": { "type": "Point", "coordinates": [ -122.39372019459816, 47.518240087269596 ] } },
{ "type": "Feature", "properties": { "lat": 47.518255363956591, "lon": -122.39188249944384, "time_of_day": "Morning", "causation": [ "0", "0", "0", "0", "0", "0", "0", "0", "1", "0", "0", "0", "0", "0", "0", "0", "0", "1", "0", "0", "0", "0", "0", "0" ], "duration": 1381.0, "sum": 2 }, "geometry": { "type": "Point", "coordinates": [ -122.391882499443838, 47.518255363956591 ] } },
{ "type": "Feature", "properties": { "lat": 47.518256123253614, "lon": -122.25981932444202, "time_of_day": "Morning", "causation": [ "0", "0", "0", "0", "2", "0", "0", "0", "0", "0", "0", "0", "0", "0", "0", "0", "0", "0", "0", "0", "0", "0", "0", "0" ], "duration": 440.0, "sum": 2 }, "geometry": { "type": "Point", "coordinates": [ -122.25981932444202, 47.518256123253614 ] } },
{ "type": "Feature", "properties": { "lat": 47.518274444486373, "lon": -122.39697179985431, "time_of_day": "Morning", "causation": [ "0", "0", "0", "0", "0", "0", "0", "0", "1", "0", "0", "0", "0", "0", "0", "0", "0", "1", "0", "0", "0", "0", "0", "0" ], "duration": 1381.0, "sum": 2 }, "geometry": { "type": "Point", "coordinates": [ -122.396971799854313, 47.518274444486373 ] } },
{ "type": "Feature", "properties": { "lat": 47.518277740420238, "lon": -122.25694446850966, "time_of_day": "Morning", "causation": [ "0", "0", "0", "0", "2", "0", "0", "0", "0", "0", "0", "0", "0", "0", "0", "0", "0", "0", "0", "0", "0", "0", "0", "0" ], "duration": 440.0, "sum": 2 }, "geometry": { "type": "Point", "coordinates": [ -122.256944468509658, 47.518277740420238 ] } },
{ "type": "Feature", "properties": { "lat": 47.518279311329202, "lon": -122.25782081418456, "time_of_day": "Morning", "causation": [ "0", "0", "0", "0", "1", "0", "0", "0", "0", "0", "0", "0", "0", "0", "0", "0", "0", "0", "0", "0", "0", "0", "0", "0" ], "duration": 220.0, "sum": 1 }, "geometry": { "type": "Point", "coordinates": [ -122.257820814184555, 47.518279311329202 ] } },
{ "type": "Feature", "properties": { "lat": 47.518293836184007, "lon": -122.25954548455968, "time_of_day": "Morning", "causation": [ "0", "0", "0", "0", "1", "0", "0", "0", "0", "0", "0", "0", "0", "0", "0", "0", "0", "0", "0", "0", "0", "0", "0", "0" ], "duration": 220.0, "sum": 1 }, "geometry": { "type": "Point", "coordinates": [ -122.259545484559681, 47.518293836184007 ] } },
{ "type": "Feature", "properties": { "lat": 47.518306884897079, "lon": -122.2586719665324, "time_of_day": "Morning", "causation": [ "0", "0", "0", "0", "1", "0", "0", "0", "0", "0", "0", "0", "0", "0", "0", "0", "0", "0", "0", "0", "0", "0", "0", "0" ], "duration": 220.0, "sum": 1 }, "geometry": { "type": "Point", "coordinates": [ -122.258671966532404, 47.518306884897079 ] } },
{ "type": "Feature", "properties": { "lat": 47.51830872001446, "lon": -122.39577818444558, "time_of_day": "Morning", "causation": [ "0", "0", "0", "0", "0", "0", "0", "0", "1", "0", "0", "0", "0", "0", "0", "0", "0", "1", "0", "0", "0", "0", "0", "0" ], "duration": 1381.0, "sum": 2 }, "geometry": { "type": "Point", "coordinates": [ -122.395778184445575, 47.51830872001446 ] } },
{ "type": "Feature", "properties": { "lat": 47.518331046197012, "lon": -122.39320675084601, "time_of_day": "Morning", "causation": [ "0", "0", "0", "0", "0", "0", "0", "0", "1", "0", "0", "0", "0", "0", "0", "0", "0", "1", "0", "0", "0", "0", "0", "0" ], "duration": 1381.0, "sum": 2 }, "geometry": { "type": "Point", "coordinates": [ -122.393206750846005, 47.518331046197012 ] } },
{ "type": "Feature", "properties": { "lat": 47.518365303695369, "lon": -122.25942876440855, "time_of_day": "Morning", "causation": [ "0", "0", "0", "0", "1", "0", "0", "0", "0", "0", "0", "0", "0", "0", "0", "0", "0", "0", "0", "0", "0", "0", "0", "0" ], "duration": 220.0, "sum": 1 }, "geometry": { "type": "Point", "coordinates": [ -122.259428764408554, 47.518365303695369 ] } },
{ "type": "Feature", "properties": { "lat": 47.518367301279113, "lon": -122.26080868547542, "time_of_day": "Morning", "causation": [ "0", "0", "0", "0", "1", "0", "0", "0", "0", "0", "0", "0", "0", "0", "0", "0", "0", "0", "0", "0", "0", "0", "0", "0" ], "duration": 220.0, "sum": 1 }, "geometry": { "type": "Point", "coordinates": [ -122.260808685475425, 47.518367301279113 ] } },
{ "type": "Feature", "properties": { "lat": 47.518395227078173, "lon": -122.25760771873584, "time_of_day": "Morning", "causation": [ "0", "0", "0", "0", "1", "0", "0", "0", "0", "0", "0", "0", "0", "0", "0", "0", "0", "0", "0", "0", "0", "0", "0", "0" ], "duration": 220.0, "sum": 1 }, "geometry": { "type": "Point", "coordinates": [ -122.257607718735841, 47.518395227078173 ] } },
{ "type": "Feature", "properties": { "lat": 47.51842266281637, "lon": -122.25847866181589, "time_of_day": "Morning", "causation": [ "0", "0", "0", "0", "1", "0", "0", "0", "0", "0", "0", "0", "0", "0", "0", "0", "0", "0", "0", "0", "0", "0", "0", "0" ], "duration": 220.0, "sum": 1 }, "geometry": { "type": "Point", "coordinates": [ -122.258478661815886, 47.51842266281637 ] } },
{ "type": "Feature", "properties": { "lat": 47.51842415047922, "lon": -122.39260083828232, "time_of_day": "Morning", "causation": [ "0", "0", "0", "0", "0", "0", "0", "0", "1", "0", "0", "0", "0", "0", "0", "0", "0", "1", "0", "0", "0", "0", "0", "0" ], "duration": 1381.0, "sum": 2 }, "geometry": { "type": "Point", "coordinates": [ -122.39260083828232, 47.51842415047922 ] } },
{ "type": "Feature", "properties": { "lat": 47.518429705387881, "lon": -122.25931140541223, "time_of_day": "Morning", "causation": [ "0", "0", "0", "0", "2", "0", "0", "0", "0", "0", "0", "0", "0", "0", "0", "0", "0", "0", "0", "0", "0", "0", "0", "0" ], "duration": 440.0, "sum": 2 }, "geometry": { "type": "Point", "coordinates": [ -122.259311405412234, 47.518429705387881 ] } },
{ "type": "Feature", "properties": { "lat": 47.518439805602412, "lon": -122.39365327340948, "time_of_day": "Morning", "causation": [ "0", "0", "0", "0", "0", "0", "0", "0", "1", "0", "0", "0", "0", "0", "0", "0", "0", "1", "0", "0", "0", "0", "0", "0" ], "duration": 1381.0, "sum": 2 }, "geometry": { "type": "Point", "coordinates": [ -122.393653273409484, 47.518439805602412 ] } },
{ "type": "Feature", "properties": { "lat": 47.518482966158842, "lon": -122.2581720854199, "time_of_day": "Morning", "causation": [ "0", "0", "0", "0", "1", "0", "0", "0", "0", "0", "0", "0", "0", "0", "0", "0", "0", "0", "0", "0", "0", "0", "0", "0" ], "duration": 220.0, "sum": 1 }, "geometry": { "type": "Point", "coordinates": [ -122.258172085419901, 47.518482966158842 ] } },
{ "type": "Feature", "properties": { "lat": 47.518484765411067, "lon": -122.26657909879474, "time_of_day": "Morning", "causation": [ "0", "0", "0", "0", "0", "0", "0", "0", "0", "0", "0", "0", "0", "0", "0", "0", "0", "0", "1", "0", "0", "0", "0", "0" ], "duration": 361.0, "sum": 1 }, "geometry": { "type": "Point", "coordinates": [ -122.266579098794736, 47.518484765411067 ] } },
{ "type": "Feature", "properties": { "lat": 47.518487321019222, "lon": -122.39191400472708, "time_of_day": "Morning", "causation": [ "0", "0", "0", "0", "0", "0", "0", "0", "1", "0", "0", "0", "0", "0", "0", "0", "0", "1", "0", "0", "0", "0", "0", "0" ], "duration": 1381.0, "sum": 2 }, "geometry": { "type": "Point", "coordinates": [ -122.391914004727084, 47.518487321019222 ] } },
{ "type": "Feature", "properties": { "lat": 47.518505703672318, "lon": -122.26605174418634, "time_of_day": "Morning", "causation": [ "0", "0", "0", "0", "0", "0", "0", "0", "0", "0", "0", "0", "0", "0", "0", "0", "0", "0", "1", "0", "0", "0", "0", "0" ], "duration": 361.0, "sum": 1 }, "geometry": { "type": "Point", "coordinates": [ -122.266051744186342, 47.518505703672318 ] } },
{ "type": "Feature", "properties": { "lat": 47.518512420191051, "lon": -122.39319253886696, "time_of_day": "Morning", "causation": [ "0", "0", "0", "0", "0", "0", "0", "0", "1", "0", "0", "0", "0", "0", "0", "0", "0", "1", "0", "0", "0", "0", "0", "0" ], "duration": 1381.0, "sum": 2 }, "geometry": { "type": "Point", "coordinates": [ -122.393192538866955, 47.518512420191051 ] } },
{ "type": "Feature", "properties": { "lat": 47.518557830836855, "lon": -122.39257245518196, "time_of_day": "Morning", "causation": [ "0", "0", "0", "0", "0", "0", "0", "0", "1", "0", "0", "0", "0", "0", "0", "0", "0", "1", "0", "0", "0", "0", "0", "0" ], "duration": 1381.0, "sum": 2 }, "geometry": { "type": "Point", "coordinates": [ -122.392572455181963, 47.518557830836855 ] } },
{ "type": "Feature", "properties": { "lat": 47.518578598744661, "lon": -122.25900300283398, "time_of_day": "Morning", "causation": [ "0", "0", "0", "0", "1", "0", "0", "0", "0", "0", "0", "0", "0", "0", "0", "0", "0", "0", "0", "0", "0", "0", "0", "0" ], "duration": 220.0, "sum": 1 }, "geometry": { "type": "Point", "coordinates": [ -122.259003002833978, 47.518578598744661 ] } },
{ "type": "Feature", "properties": { "lat": 47.518583220536378, "lon": -122.26001511357568, "time_of_day": "Morning", "causation": [ "0", "0", "0", "0", "1", "0", "0", "0", "0", "0", "0", "0", "0", "0", "0", "0", "0", "0", "0", "0", "0", "0", "0", "0" ], "duration": 220.0, "sum": 1 }, "geometry": { "type": "Point", "coordinates": [ -122.260015113575676, 47.518583220536378 ] } },
{ "type": "Feature", "properties": { "lat": 47.518615879581738, "lon": -122.39672203042224, "time_of_day": "Morning", "causation": [ "0", "0", "0", "0", "0", "0", "0", "0", "1", "0", "0", "0", "0", "0", "0", "0", "0", "1", "0", "0", "0", "0", "0", "0" ], "duration": 1381.0, "sum": 2 }, "geometry": { "type": "Point", "coordinates": [ -122.396722030422239, 47.518615879581738 ] } },
{ "type": "Feature", "properties": { "lat": 47.51863625229074, "lon": -122.26656877351007, "time_of_day": "Morning", "causation": [ "0", "0", "0", "0", "0", "0", "0", "0", "0", "0", "0", "0", "0", "0", "0", "0", "0", "0", "1", "0", "0", "0", "0", "0" ], "duration": 361.0, "sum": 1 }, "geometry": { "type": "Point", "coordinates": [ -122.266568773510073, 47.51863625229074 ] } },
{ "type": "Feature", "properties": { "lat": 47.518646127201571, "lon": -122.39369652687492, "time_of_day": "Morning", "causation": [ "0", "0", "0", "0", "0", "0", "0", "0", "1", "0", "0", "0", "0", "0", "0", "0", "0", "1", "0", "0", "0", "0", "0", "0" ], "duration": 1381.0, "sum": 2 }, "geometry": { "type": "Point", "coordinates": [ -122.393696526874919, 47.518646127201571 ] } },
{ "type": "Feature", "properties": { "lat": 47.518671078073083, "lon": -122.39196106962474, "time_of_day": "Morning", "causation": [ "0", "0", "0", "0", "0", "0", "0", "0", "1", "0", "0", "0", "0", "0", "0", "0", "0", "1", "0", "0", "0", "0", "0", "0" ], "duration": 1381.0, "sum": 2 }, "geometry": { "type": "Point", "coordinates": [ -122.391961069624742, 47.518671078073083 ] } },
{ "type": "Feature", "properties": { "lat": 47.518676533767049, "lon": -122.39252455898765, "time_of_day": "Morning", "causation": [ "0", "0", "0", "0", "0", "0", "0", "0", "1", "0", "0", "0", "0", "0", "0", "0", "0", "1", "0", "0", "0", "0", "0", "0" ], "duration": 1381.0, "sum": 2 }, "geometry": { "type": "Point", "coordinates": [ -122.392524558987645, 47.518676533767049 ] } },
{ "type": "Feature", "properties": { "lat": 47.518677307939178, "lon": -122.2591298430653, "time_of_day": "Morning", "causation": [ "0", "0", "0", "0", "1", "0", "0", "0", "0", "0", "0", "0", "0", "0", "0", "0", "0", "0", "0", "0", "0", "0", "0", "0" ], "duration": 220.0, "sum": 1 }, "geometry": { "type": "Point", "coordinates": [ -122.259129843065296, 47.518677307939178 ] } },
{ "type": "Feature", "properties": { "lat": 47.518679597157139, "lon": -122.25749385773896, "time_of_day": "Morning", "causation": [ "0", "0", "0", "0", "1", "0", "0", "0", "0", "0", "0", "0", "0", "0", "0", "0", "0", "0", "0", "0", "0", "0", "0", "0" ], "duration": 220.0, "sum": 1 }, "geometry": { "type": "Point", "coordinates": [ -122.257493857738964, 47.518679597157139 ] } },
{ "type": "Feature", "properties": { "lat": 47.518720380932415, "lon": -122.2660271660293, "time_of_day": "Morning", "causation": [ "0", "0", "0", "0", "0", "0", "0", "0", "0", "0", "0", "0", "0", "0", "0", "0", "0", "0", "1", "0", "0", "0", "0", "0" ], "duration": 361.0, "sum": 1 }, "geometry": { "type": "Point", "coordinates": [ -122.266027166029303, 47.518720380932415 ] } },
{ "type": "Feature", "properties": { "lat": 47.518752882542863, "lon": -122.39529203219034, "time_of_day": "Morning", "causation": [ "0", "0", "0", "0", "0", "0", "0", "0", "1", "0", "0", "0", "0", "0", "0", "0", "0", "1", "0", "0", "0", "0", "0", "0" ], "duration": 1381.0, "sum": 2 }, "geometry": { "type": "Point", "coordinates": [ -122.395292032190341, 47.518752882542863 ] } },
{ "type": "Feature", "properties": { "lat": 47.518764472920139, "lon": -122.26656610610604, "time_of_day": "Morning", "causation": [ "0", "0", "0", "0", "0", "0", "0", "0", "0", "0", "0", "0", "0", "0", "0", "0", "0", "0", "1", "0", "0", "0", "0", "0" ], "duration": 361.0, "sum": 1 }, "geometry": { "type": "Point", "coordinates": [ -122.26656610610604, 47.518764472920139 ] } },
{ "type": "Feature", "properties": { "lat": 47.518773109363366, "lon": -122.25926546854387, "time_of_day": "Morning", "causation": [ "0", "0", "0", "0", "1", "0", "0", "0", "0", "0", "0", "0", "0", "0", "0", "0", "0", "0", "0", "0", "0", "0", "0", "0" ], "duration": 220.0, "sum": 1 }, "geometry": { "type": "Point", "coordinates": [ -122.259265468543873, 47.518773109363366 ] } },
{ "type": "Feature", "properties": { "lat": 47.518780451675319, "lon": -122.25868264901106, "time_of_day": "Morning", "causation": [ "0", "0", "0", "0", "1", "0", "0", "0", "0", "0", "0", "0", "0", "0", "0", "0", "0", "0", "0", "0", "0", "0", "0", "0" ], "duration": 220.0, "sum": 1 }, "geometry": { "type": "Point", "coordinates": [ -122.258682649011064, 47.518780451675319 ] } },
{ "type": "Feature", "properties": { "lat": 47.518792252370659, "lon": -122.26048780983383, "time_of_day": "Morning", "causation": [ "0", "0", "0", "0", "1", "0", "0", "0", "0", "0", "0", "0", "0", "0", "0", "0", "0", "0", "0", "0", "0", "0", "0", "0" ], "duration": 220.0, "sum": 1 }, "geometry": { "type": "Point", "coordinates": [ -122.260487809833833, 47.518792252370659 ] } },
{ "type": "Feature", "properties": { "lat": 47.518799484780089, "lon": -122.39193536050227, "time_of_day": "Morning", "causation": [ "0", "0", "0", "0", "0", "0", "0", "0", "2", "0", "0", "0", "0", "0", "0", "0", "0", "2", "0", "0", "0", "0", "0", "0" ], "duration": 2762.0, "sum": 4 }, "geometry": { "type": "Point", "coordinates": [ -122.391935360502274, 47.518799484780089 ] } },
{ "type": "Feature", "properties": { "lat": 47.518800044097411, "lon": -122.25761914402524, "time_of_day": "Morning", "causation": [ "0", "0", "0", "0", "1", "0", "0", "0", "0", "0", "0", "0", "0", "0", "0", "0", "0", "0", "0", "0", "0", "0", "0", "0" ], "duration": 220.0, "sum": 1 }, "geometry": { "type": "Point", "coordinates": [ -122.257619144025242, 47.518800044097411 ] } },
{ "type": "Feature", "properties": { "lat": 47.518810400326402, "lon": -122.39253860172136, "time_of_day": "Morning", "causation": [ "0", "0", "0", "0", "0", "0", "0", "0", "1", "0", "0", "0", "0", "0", "0", "0", "0", "1", "0", "0", "0", "0", "0", "0" ], "duration": 1381.0, "sum": 2 }, "geometry": { "type": "Point", "coordinates": [ -122.392538601721355, 47.518810400326402 ] } },
{ "type": "Feature", "properties": { "lat": 47.518811812705323, "lon": -122.39319466562564, "time_of_day": "Morning", "causation": [ "0", "0", "0", "0", "0", "0", "0", "0", "1", "0", "0", "0", "0", "0", "0", "0", "0", "1", "0", "0", "0", "0", "0", "0" ], "duration": 1381.0, "sum": 2 }, "geometry": { "type": "Point", "coordinates": [ -122.393194665625643, 47.518811812705323 ] } },
{ "type": "Feature", "properties": { "lat": 47.518819781415282, "lon": -122.25979803743704, "time_of_day": "Morning", "causation": [ "0", "0", "0", "0", "1", "0", "0", "0", "0", "0", "0", "0", "0", "0", "0", "0", "0", "0", "0", "0", "0", "0", "0", "0" ], "duration": 220.0, "sum": 1 }, "geometry": { "type": "Point", "coordinates": [ -122.259798037437037, 47.518819781415282 ] } },
{ "type": "Feature", "properties": { "lat": 47.518865351474631, "lon": -122.26061014742857, "time_of_day": "Morning", "causation": [ "0", "0", "0", "0", "1", "0", "0", "0", "0", "0", "0", "0", "0", "0", "0", "0", "0", "0", "0", "0", "0", "0", "0", "0" ], "duration": 220.0, "sum": 1 }, "geometry": { "type": "Point", "coordinates": [ -122.260610147428565, 47.518865351474631 ] } },
{ "type": "Feature", "properties": { "lat": 47.518868789883335, "lon": -122.25878601255774, "time_of_day": "Morning", "causation": [ "0", "0", "0", "0", "1", "0", "0", "0", "0", "0", "0", "0", "0", "0", "0", "0", "0", "0", "0", "0", "0", "0", "0", "0" ], "duration": 220.0, "sum": 1 }, "geometry": { "type": "Point", "coordinates": [ -122.258786012557735, 47.518868789883335 ] } },
{ "type": "Feature", "properties": { "lat": 47.518896081932063, "lon": -122.25938815685603, "time_of_day": "Morning", "causation": [ "0", "0", "0", "0", "1", "0", "0", "0", "0", "0", "0", "0", "0", "0", "0", "0", "0", "0", "0", "0", "0", "0", "0", "0" ], "duration": 220.0, "sum": 1 }, "geometry": { "type": "Point", "coordinates": [ -122.259388156856033, 47.518896081932063 ] } },
{ "type": "Feature", "properties": { "lat": 47.518898514449212, "lon": -122.3926096448325, "time_of_day": "Morning", "causation": [ "0", "0", "0", "0", "0", "0", "0", "0", "1", "0", "0", "0", "0", "0", "0", "0", "0", "1", "0", "0", "0", "0", "0", "0" ], "duration": 1381.0, "sum": 2 }, "geometry": { "type": "Point", "coordinates": [ -122.392609644832504, 47.518898514449212 ] } },
{ "type": "Feature", "properties": { "lat": 47.518906678240199, "lon": -122.266579228542, "time_of_day": "Morning", "causation": [ "0", "0", "0", "0", "0", "0", "0", "0", "0", "0", "0", "0", "0", "0", "0", "0", "0", "0", "1", "0", "0", "0", "0", "0" ], "duration": 361.0, "sum": 1 }, "geometry": { "type": "Point", "coordinates": [ -122.266579228542, 47.518906678240199 ] } },
{ "type": "Feature", "properties": { "lat": 47.518910220797231, "lon": -122.39170466982956, "time_of_day": "Morning", "causation": [ "0", "0", "0", "0", "0", "0", "0", "0", "1", "0", "0", "0", "0", "0", "0", "0", "0", "1", "0", "0", "0", "0", "0", "0" ], "duration": 1381.0, "sum": 2 }, "geometry": { "type": "Point", "coordinates": [ -122.391704669829565, 47.518910220797231 ] } },
{ "type": "Feature", "properties": { "lat": 47.518914847292159, "lon": -122.3936826320536, "time_of_day": "Morning", "causation": [ "0", "0", "0", "0", "0", "0", "0", "0", "1", "0", "0", "0", "0", "0", "0", "0", "0", "1", "0", "0", "0", "0", "0", "0" ], "duration": 1381.0, "sum": 2 }, "geometry": { "type": "Point", "coordinates": [ -122.393682632053597, 47.518914847292159 ] } },
{ "type": "Feature", "properties": { "lat": 47.518937243840227, "lon": -122.25780127229982, "time_of_day": "Morning", "causation": [ "0", "0", "0", "0", "1", "0", "0", "0", "0", "0", "0", "0", "0", "0", "0", "0", "0", "0", "0", "0", "0", "0", "0", "0" ], "duration": 220.0, "sum": 1 }, "geometry": { "type": "Point", "coordinates": [ -122.257801272299815, 47.518937243840227 ] } },
{ "type": "Feature", "properties": { "lat": 47.518967935111007, "lon": -122.39246243939724, "time_of_day": "Morning", "causation": [ "0", "0", "0", "0", "0", "0", "0", "0", "1", "0", "0", "0", "0", "0", "0", "0", "0", "1", "0", "0", "0", "0", "0", "0" ], "duration": 1381.0, "sum": 2 }, "geometry": { "type": "Point", "coordinates": [ -122.392462439397235, 47.518967935111007 ] } },
{ "type": "Feature", "properties": { "lat": 47.518976251901073, "lon": -122.25954359392564, "time_of_day": "Morning", "causation": [ "0", "0", "0", "0", "1", "0", "0", "0", "0", "0", "0", "0", "0", "0", "0", "0", "0", "0", "0", "0", "0", "0", "0", "0" ], "duration": 220.0, "sum": 1 }, "geometry": { "type": "Point", "coordinates": [ -122.259543593925642, 47.518976251901073 ] } },
{ "type": "Feature", "properties": { "lat": 47.518980228650641, "lon": -122.25835721690189, "time_of_day": "Morning", "causation": [ "0", "0", "0", "0", "1", "0", "0", "0", "0", "0", "0", "0", "0", "0", "0", "0", "0", "0", "0", "0", "0", "0", "0", "0" ], "duration": 220.0, "sum": 1 }, "geometry": { "type": "Point", "coordinates": [ -122.258357216901885, 47.518980228650641 ] } },
{ "type": "Feature", "properties": { "lat": 47.518989982706543, "lon": -122.39634674411212, "time_of_day": "Morning", "causation": [ "0", "0", "0", "0", "0", "0", "0", "0", "1", "0", "0", "0", "0", "0", "0", "0", "0", "1", "0", "0", "0", "0", "0", "0" ], "duration": 1381.0, "sum": 2 }, "geometry": { "type": "Point", "coordinates": [ -122.396346744112122, 47.518989982706543 ] } },
{ "type": "Feature", "properties": { "lat": 47.518992258768897, "lon": -122.2589237707618, "time_of_day": "Morning", "causation": [ "0", "0", "0", "0", "1", "0", "0", "0", "0", "0", "0", "0", "0", "0", "0", "0", "0", "0", "0", "0", "0", "0", "0", "0" ], "duration": 220.0, "sum": 1 }, "geometry": { "type": "Point", "coordinates": [ -122.258923770761797, 47.518992258768897 ] } },
{ "type": "Feature", "properties": { "lat": 47.518997962503853, "lon": -122.3932631387645, "time_of_day": "Morning", "causation": [ "0", "0", "0", "0", "0", "0", "0", "0", "1", "0", "0", "0", "0", "0", "0", "0", "0", "1", "0", "0", "0", "0", "0", "0" ], "duration": 1381.0, "sum": 2 }, "geometry": { "type": "Point", "coordinates": [ -122.393263138764496, 47.518997962503853 ] } },
{ "type": "Feature", "properties": { "lat": 47.519065890849369, "lon": -122.25968524523608, "time_of_day": "Morning", "causation": [ "0", "0", "0", "0", "1", "0", "0", "0", "0", "0", "0", "0", "0", "0", "0", "0", "0", "0", "0", "0", "0", "0", "0", "0" ], "duration": 220.0, "sum": 1 }, "geometry": { "type": "Point", "coordinates": [ -122.259685245236085, 47.519065890849369 ] } },
{ "type": "Feature", "properties": { "lat": 47.519076519686855, "lon": -122.25844958572252, "time_of_day": "Morning", "causation": [ "0", "0", "0", "0", "1", "0", "0", "0", "0", "0", "0", "0", "0", "0", "0", "0", "0", "0", "0", "0", "0", "0", "0", "0" ], "duration": 220.0, "sum": 1 }, "geometry": { "type": "Point", "coordinates": [ -122.258449585722516, 47.519076519686855 ] } },
{ "type": "Feature", "properties": { "lat": 47.519077703699899, "lon": -122.39261395271062, "time_of_day": "Morning", "causation": [ "0", "0", "0", "0", "0", "0", "0", "0", "1", "0", "0", "0", "0", "0", "0", "0", "0", "1", "0", "0", "0", "0", "0", "0" ], "duration": 1381.0, "sum": 2 }, "geometry": { "type": "Point", "coordinates": [ -122.392613952710619, 47.519077703699899 ] } },
{ "type": "Feature", "properties": { "lat": 47.519080045981909, "lon": -122.39183790000207, "time_of_day": "Morning", "causation": [ "0", "0", "0", "0", "0", "0", "0", "0", "1", "0", "0", "0", "0", "0", "0", "0", "0", "1", "0", "0", "0", "0", "0", "0" ], "duration": 1381.0, "sum": 2 }, "geometry": { "type": "Point", "coordinates": [ -122.391837900002074, 47.519080045981909 ] } },
{ "type": "Feature", "properties": { "lat": 47.519087664912199, "lon": -122.25904068570944, "time_of_day": "Morning", "causation": [ "0", "0", "0", "0", "1", "0", "0", "0", "0", "0", "0", "0", "0", "0", "0", "0", "0", "0", "0", "0", "0", "0", "0", "0" ], "duration": 220.0, "sum": 1 }, "geometry": { "type": "Point", "coordinates": [ -122.259040685709437, 47.519087664912199 ] } },
{ "type": "Feature", "properties": { "lat": 47.519118074307073, "lon": -122.26019360153002, "time_of_day": "Morning", "causation": [ "0", "0", "0", "0", "1", "0", "0", "0", "0", "0", "0", "0", "0", "0", "0", "0", "0", "0", "0", "0", "0", "0", "0", "0" ], "duration": 220.0, "sum": 1 }, "geometry": { "type": "Point", "coordinates": [ -122.26019360153002, 47.519118074307073 ] } },
{ "type": "Feature", "properties": { "lat": 47.5191665552858, "lon": -122.25860990593551, "time_of_day": "Morning", "causation": [ "0", "0", "0", "0", "1", "0", "0", "0", "0", "0", "0", "0", "0", "0", "0", "0", "0", "0", "0", "0", "0", "0", "0", "0" ], "duration": 220.0, "sum": 1 }, "geometry": { "type": "Point", "coordinates": [ -122.258609905935515, 47.5191665552858 ] } },
{ "type": "Feature", "properties": { "lat": 47.519168132065239, "lon": -122.39380630488152, "time_of_day": "Morning", "causation": [ "0", "0", "0", "0", "0", "0", "0", "0", "1", "0", "0", "0", "0", "0", "0", "0", "0", "1", "0", "0", "0", "0", "0", "0" ], "duration": 1381.0, "sum": 2 }, "geometry": { "type": "Point", "coordinates": [ -122.393806304881522, 47.519168132065239 ] } },
{ "type": "Feature", "properties": { "lat": 47.519199465071303, "lon": -122.26000510363184, "time_of_day": "Morning", "causation": [ "0", "0", "0", "0", "1", "0", "0", "0", "0", "0", "0", "0", "0", "0", "0", "0", "0", "0", "0", "0", "0", "0", "0", "0" ], "duration": 220.0, "sum": 1 }, "geometry": { "type": "Point", "coordinates": [ -122.26000510363184, 47.519199465071303 ] } },
{ "type": "Feature", "properties": { "lat": 47.519216378288441, "lon": -122.25926962048804, "time_of_day": "Morning", "causation": [ "0", "0", "0", "0", "1", "0", "0", "0", "0", "0", "0", "0", "0", "0", "0", "0", "0", "0", "0", "0", "0", "0", "0", "0" ], "duration": 220.0, "sum": 1 }, "geometry": { "type": "Point", "coordinates": [ -122.259269620488041, 47.519216378288441 ] } },
{ "type": "Feature", "properties": { "lat": 47.519226047511374, "lon": -122.39251217607072, "time_of_day": "Morning", "causation": [ "0", "0", "0", "0", "0", "0", "0", "0", "1", "0", "0", "0", "0", "0", "0", "0", "0", "1", "0", "0", "0", "0", "0", "0" ], "duration": 1381.0, "sum": 2 }, "geometry": { "type": "Point", "coordinates": [ -122.392512176070724, 47.519226047511374 ] } },
{ "type": "Feature", "properties": { "lat": 47.519272361703678, "lon": -122.39511079448243, "time_of_day": "Morning", "causation": [ "0", "0", "0", "0", "0", "0", "0", "0", "1", "0", "0", "0", "0", "0", "0", "0", "0", "1", "0", "0", "0", "0", "0", "0" ], "duration": 1381.0, "sum": 2 }, "geometry": { "type": "Point", "coordinates": [ -122.395110794482434, 47.519272361703678 ] } },
{ "type": "Feature", "properties": { "lat": 47.519295883301673, "lon": -122.25984927632032, "time_of_day": "Morning", "causation": [ "0", "0", "0", "0", "1", "0", "0", "0", "0", "0", "0", "0", "0", "0", "0", "0", "0", "0", "0", "0", "0", "0", "0", "0" ], "duration": 220.0, "sum": 1 }, "geometry": { "type": "Point", "coordinates": [ -122.259849276320324, 47.519295883301673 ] } },
{ "type": "Feature", "properties": { "lat": 47.519298953189306, "lon": -122.2587113582277, "time_of_day": "Morning", "causation": [ "0", "0", "0", "0", "1", "0", "0", "0", "0", "0", "0", "0", "0", "0", "0", "0", "0", "0", "0", "0", "0", "0", "0", "0" ], "duration": 220.0, "sum": 1 }, "geometry": { "type": "Point", "coordinates": [ -122.2587113582277, 47.519298953189306 ] } },
{ "type": "Feature", "properties": { "lat": 47.519300679196256, "lon": -122.39330753547124, "time_of_day": "Morning", "causation": [ "0", "0", "0", "0", "0", "0", "0", "0", "1", "0", "0", "0", "0", "0", "0", "0", "0", "1", "0", "0", "0", "0", "0", "0" ], "duration": 1381.0, "sum": 2 }, "geometry": { "type": "Point", "coordinates": [ -122.393307535471237, 47.519300679196256 ] } },
{ "type": "Feature", "properties": { "lat": 47.519343632825922, "lon": -122.258240419101, "time_of_day": "Morning", "causation": [ "0", "0", "0", "0", "1", "0", "0", "0", "0", "0", "0", "0", "0", "0", "0", "0", "0", "0", "0", "0", "0", "0", "0", "0" ], "duration": 220.0, "sum": 1 }, "geometry": { "type": "Point", "coordinates": [ -122.258240419101, 47.519343632825922 ] } },
{ "type": "Feature", "properties": { "lat": 47.519343722524859, "lon": -122.39376517369004, "time_of_day": "Morning", "causation": [ "0", "0", "0", "0", "0", "0", "0", "0", "1", "0", "0", "0", "0", "0", "0", "0", "0", "1", "0", "0", "0", "0", "0", "0" ], "duration": 1381.0, "sum": 2 }, "geometry": { "type": "Point", "coordinates": [ -122.393765173690042, 47.519343722524859 ] } },
{ "type": "Feature", "properties": { "lat": 47.519368679922898, "lon": -122.25906104104328, "time_of_day": "Morning", "causation": [ "0", "0", "0", "0", "1", "0", "0", "0", "0", "0", "0", "0", "0", "0", "0", "0", "0", "0", "0", "0", "0", "0", "0", "0" ], "duration": 220.0, "sum": 1 }, "geometry": { "type": "Point", "coordinates": [ -122.259061041043282, 47.519368679922898 ] } },
{ "type": "Feature", "properties": { "lat": 47.519403827655907, "lon": -122.3916540145605, "time_of_day": "Morning", "causation": [ "0", "0", "0", "0", "0", "0", "0", "0", "1", "0", "0", "0", "0", "0", "0", "0", "0", "1", "0", "0", "0", "0", "0", "0" ], "duration": 1381.0, "sum": 2 }, "geometry": { "type": "Point", "coordinates": [ -122.391654014560501, 47.519403827655907 ] } },
{ "type": "Feature", "properties": { "lat": 47.519416270703438, "lon": -122.39220197474096, "time_of_day": "Morning", "causation": [ "0", "0", "0", "0", "0", "0", "0", "0", "1", "0", "0", "0", "0", "0", "0", "0", "0", "1", "0", "0", "0", "0", "0", "0" ], "duration": 1381.0, "sum": 2 }, "geometry": { "type": "Point", "coordinates": [ -122.392201974740956, 47.519416270703438 ] } },
{ "type": "Feature", "properties": { "lat": 47.519446005015197, "lon": -122.39493499903178, "time_of_day": "Morning", "causation": [ "0", "0", "0", "0", "0", "0", "0", "0", "1", "0", "0", "0", "0", "0", "0", "0", "0", "1", "0", "0", "0", "0", "0", "0" ], "duration": 1381.0, "sum": 2 }, "geometry": { "type": "Point", "coordinates": [ -122.394934999031776, 47.519446005015197 ] } },
{ "type": "Feature", "properties": { "lat": 47.519490825195433, "lon": -122.391594602864, "time_of_day": "Morning", "causation": [ "0", "0", "0", "0", "0", "0", "0", "0", "1", "0", "0", "0", "0", "0", "0", "0", "0", "1", "0", "0", "0", "0", "0", "0" ], "duration": 1381.0, "sum": 2 }, "geometry": { "type": "Point", "coordinates": [ -122.391594602864004, 47.519490825195433 ] } },
{ "type": "Feature", "properties": { "lat": 47.519494856220057, "lon": -122.3960684849022, "time_of_day": "Morning", "causation": [ "0", "0", "0", "0", "0", "0", "0", "0", "1", "0", "0", "0", "0", "0", "0", "0", "0", "1", "0", "0", "0", "0", "0", "0" ], "duration": 1381.0, "sum": 2 }, "geometry": { "type": "Point", "coordinates": [ -122.396068484902202, 47.519494856220057 ] } },
{ "type": "Feature", "properties": { "lat": 47.519695577070941, "lon": -122.39527136287296, "time_of_day": "Morning", "causation": [ "0", "0", "0", "0", "0", "0", "0", "0", "1", "0", "0", "0", "0", "0", "0", "0", "0", "1", "0", "0", "0", "0", "0", "0" ], "duration": 1381.0, "sum": 2 }, "geometry": { "type": "Point", "coordinates": [ -122.395271362872961, 47.519695577070941 ] } },
{ "type": "Feature", "properties": { "lat": 47.519700072534292, "lon": -122.2589781010192, "time_of_day": "Morning", "causation": [ "0", "0", "0", "0", "1", "0", "0", "0", "0", "0", "0", "0", "0", "0", "0", "0", "0", "0", "0", "0", "0", "0", "0", "0" ], "duration": 220.0, "sum": 1 }, "geometry": { "type": "Point", "coordinates": [ -122.258978101019196, 47.519700072534292 ] } },
{ "type": "Feature", "properties": { "lat": 47.519843316310535, "lon": -122.37104938340607, "time_of_day": "Morning", "causation": [ "0", "0", "0", "0", "0", "0", "0", "0", "0", "0", "0", "0", "0", "0", "0", "0", "0", "0", "0", "0", "1", "0", "0", "0" ], "duration": 1577.0, "sum": 1 }, "geometry": { "type": "Point", "coordinates": [ -122.371049383406074, 47.519843316310535 ] } },
{ "type": "Feature", "properties": { "lat": 47.519869694978802, "lon": -122.37039089217041, "time_of_day": "Morning", "causation": [ "0", "0", "0", "0", "0", "0", "0", "0", "0", "0", "0", "0", "0", "0", "0", "0", "0", "0", "0", "0", "1", "0", "0", "0" ], "duration": 1577.0, "sum": 1 }, "geometry": { "type": "Point", "coordinates": [ -122.370390892170406, 47.519869694978802 ] } },
{ "type": "Feature", "properties": { "lat": 47.522774888102688, "lon": -122.31911632150226, "time_of_day": "Late Night", "causation": [ "0", "0", "0", "0", "0", "0", "0", "0", "1", "0", "0", "0", "0", "0", "0", "0", "0", "0", "0", "0", "0", "0", "0", "0" ], "duration": 202.0, "sum": 1 }, "geometry": { "type": "Point", "coordinates": [ -122.319116321502264, 47.522774888102688 ] } },
{ "type": "Feature", "properties": { "lat": 47.529609341601805, "lon": -122.37227612700804, "time_of_day": "Morning", "causation": [ "0", "0", "0", "0", "0", "0", "0", "0", "0", "0", "0", "0", "0", "0", "0", "0", "0", "0", "1", "0", "0", "0", "0", "0" ], "duration": 196.0, "sum": 1 }, "geometry": { "type": "Point", "coordinates": [ -122.372276127008035, 47.529609341601805 ] } },
{ "type": "Feature", "properties": { "lat": 47.529627678245582, "lon": -122.37155792316932, "time_of_day": "Morning", "causation": [ "0", "0", "0", "0", "0", "0", "0", "0", "0", "0", "0", "0", "0", "0", "0", "0", "0", "0", "1", "0", "0", "0", "0", "0" ], "duration": 196.0, "sum": 1 }, "geometry": { "type": "Point", "coordinates": [ -122.37155792316932, 47.529627678245582 ] } },
{ "type": "Feature", "properties": { "lat": 47.52975992082682, "lon": -122.37229939959084, "time_of_day": "Morning", "causation": [ "0", "0", "0", "0", "0", "0", "0", "0", "0", "0", "0", "0", "0", "0", "0", "0", "0", "0", "1", "0", "0", "0", "0", "0" ], "duration": 196.0, "sum": 1 }, "geometry": { "type": "Point", "coordinates": [ -122.372299399590844, 47.52975992082682 ] } },
{ "type": "Feature", "properties": { "lat": 47.529887585880317, "lon": -122.37148980480718, "time_of_day": "Morning", "causation": [ "0", "0", "0", "0", "0", "0", "0", "0", "0", "0", "0", "0", "0", "0", "0", "0", "0", "0", "1", "0", "0", "0", "0", "0" ], "duration": 196.0, "sum": 1 }, "geometry": { "type": "Point", "coordinates": [ -122.371489804807183, 47.529887585880317 ] } },
{ "type": "Feature", "properties": { "lat": 47.529903582440632, "lon": -122.37218356032058, "time_of_day": "Morning", "causation": [ "0", "0", "0", "0", "0", "0", "0", "0", "0", "0", "0", "0", "0", "0", "0", "0", "0", "0", "1", "0", "0", "0", "0", "0" ], "duration": 196.0, "sum": 1 }, "geometry": { "type": "Point", "coordinates": [ -122.372183560320579, 47.529903582440632 ] } },
{ "type": "Feature", "properties": { "lat": 47.529915372742046, "lon": -122.37366679232063, "time_of_day": "Morning", "causation": [ "0", "0", "0", "0", "0", "0", "0", "0", "0", "0", "0", "0", "0", "0", "0", "0", "0", "0", "2", "0", "0", "0", "0", "0" ], "duration": 880.0, "sum": 2 }, "geometry": { "type": "Point", "coordinates": [ -122.373666792320634, 47.529915372742046 ] } },
{ "type": "Feature", "properties": { "lat": 47.529917090170649, "lon": -122.37184626481179, "time_of_day": "Morning", "causation": [ "0", "0", "0", "0", "0", "0", "0", "0", "0", "0", "0", "0", "0", "0", "0", "0", "0", "0", "1", "0", "0", "0", "0", "0" ], "duration": 196.0, "sum": 1 }, "geometry": { "type": "Point", "coordinates": [ -122.371846264811794, 47.529917090170649 ] } },
{ "type": "Feature", "properties": { "lat": 47.52992154288971, "lon": -122.37167331828115, "time_of_day": "Morning", "causation": [ "0", "0", "0", "0", "0", "0", "0", "0", "0", "0", "0", "0", "0", "0", "0", "0", "0", "0", "1", "0", "0", "0", "0", "0" ], "duration": 196.0, "sum": 1 }, "geometry": { "type": "Point", "coordinates": [ -122.371673318281154, 47.52992154288971 ] } },
{ "type": "Feature", "properties": { "lat": 47.529948941707751, "lon": -122.37289150373968, "time_of_day": "Morning", "causation": [ "0", "0", "0", "0", "0", "0", "0", "0", "0", "0", "0", "0", "0", "0", "0", "0", "0", "0", "1", "0", "0", "0", "0", "0" ], "duration": 440.0, "sum": 1 }, "geometry": { "type": "Point", "coordinates": [ -122.37289150373968, 47.529948941707751 ] } },
{ "type": "Feature", "properties": { "lat": 47.530259964844511, "lon": -122.37288793882963, "time_of_day": "Morning", "causation": [ "0", "0", "0", "0", "0", "0", "0", "0", "0", "0", "0", "0", "0", "0", "0", "0", "0", "0", "1", "0", "0", "0", "0", "0" ], "duration": 440.0, "sum": 1 }, "geometry": { "type": "Point", "coordinates": [ -122.372887938829635, 47.530259964844511 ] } },
{ "type": "Feature", "properties": { "lat": 47.536938147282427, "lon": -122.29456621607764, "time_of_day": "Morning", "causation": [ "0", "0", "0", "0", "0", "0", "0", "0", "1", "0", "0", "0", "0", "0", "0", "0", "0", "0", "0", "0", "0", "0", "0", "0" ], "duration": 222.0, "sum": 1 }, "geometry": { "type": "Point", "coordinates": [ -122.294566216077641, 47.536938147282427 ] } },
{ "type": "Feature", "properties": { "lat": 47.538732001071921, "lon": -122.26367619636228, "time_of_day": "Late Night", "causation": [ "0", "0", "0", "0", "1", "0", "0", "0", "0", "0", "0", "0", "0", "0", "0", "0", "0", "0", "0", "0", "0", "0", "0", "0" ], "duration": 105.0, "sum": 1 }, "geometry": { "type": "Point", "coordinates": [ -122.263676196362283, 47.538732001071921 ] } },
{ "type": "Feature", "properties": { "lat": 47.539045025753829, "lon": -122.26360631543824, "time_of_day": "Late Night", "causation": [ "0", "0", "0", "0", "1", "0", "0", "0", "0", "0", "0", "0", "0", "0", "0", "0", "0", "0", "0", "0", "0", "0", "0", "0" ], "duration": 105.0, "sum": 1 }, "geometry": { "type": "Point", "coordinates": [ -122.263606315438238, 47.539045025753829 ] } },
{ "type": "Feature", "properties": { "lat": 47.539098041174398, "lon": -122.26438056265386, "time_of_day": "Late Night", "causation": [ "0", "0", "0", "0", "1", "0", "0", "0", "0", "0", "0", "0", "0", "0", "0", "0", "0", "0", "0", "0", "0", "0", "0", "0" ], "duration": 105.0, "sum": 1 }, "geometry": { "type": "Point", "coordinates": [ -122.264380562653855, 47.539098041174398 ] } },
{ "type": "Feature", "properties": { "lat": 47.539116539099403, "lon": -122.3828231472973, "time_of_day": "Morning", "causation": [ "0", "0", "0", "0", "0", "0", "0", "0", "0", "0", "0", "0", "0", "0", "0", "0", "0", "0", "0", "0", "1", "0", "0", "0" ], "duration": 147.0, "sum": 1 }, "geometry": { "type": "Point", "coordinates": [ -122.382823147297302, 47.539116539099403 ] } },
{ "type": "Feature", "properties": { "lat": 47.539189333011763, "lon": -122.26498915702254, "time_of_day": "Late Night", "causation": [ "0", "0", "0", "0", "1", "0", "0", "0", "0", "0", "0", "0", "0", "0", "0", "0", "0", "0", "0", "0", "0", "0", "0", "0" ], "duration": 105.0, "sum": 1 }, "geometry": { "type": "Point", "coordinates": [ -122.264989157022541, 47.539189333011763 ] } },
{ "type": "Feature", "properties": { "lat": 47.539207288377348, "lon": -122.38303722158896, "time_of_day": "Morning", "causation": [ "0", "0", "0", "0", "0", "0", "0", "0", "0", "0", "0", "0", "0", "0", "0", "0", "0", "0", "0", "0", "1", "0", "0", "0" ], "duration": 147.0, "sum": 1 }, "geometry": { "type": "Point", "coordinates": [ -122.383037221588964, 47.539207288377348 ] } },
{ "type": "Feature", "properties": { "lat": 47.539220913885238, "lon": -122.26304923315681, "time_of_day": "Late Night", "causation": [ "0", "0", "0", "0", "1", "0", "0", "0", "0", "0", "0", "0", "0", "0", "0", "0", "0", "0", "0", "0", "0", "0", "0", "0" ], "duration": 105.0, "sum": 1 }, "geometry": { "type": "Point", "coordinates": [ -122.263049233156806, 47.539220913885238 ] } },
{ "type": "Feature", "properties": { "lat": 47.539294424452507, "lon": -122.38334124666258, "time_of_day": "Morning", "causation": [ "0", "0", "0", "0", "0", "0", "0", "0", "0", "0", "0", "0", "0", "0", "0", "0", "0", "0", "0", "0", "1", "0", "0", "0" ], "duration": 147.0, "sum": 1 }, "geometry": { "type": "Point", "coordinates": [ -122.383341246662582, 47.539294424452507 ] } },
{ "type": "Feature", "properties": { "lat": 47.539314728354881, "lon": -122.2648864720796, "time_of_day": "Late Night", "causation": [ "0", "0", "0", "0", "1", "0", "0", "0", "0", "0", "0", "0", "0", "0", "0", "0", "0", "0", "0", "0", "0", "0", "0", "0" ], "duration": 105.0, "sum": 1 }, "geometry": { "type": "Point", "coordinates": [ -122.264886472079596, 47.539314728354881 ] } },
{ "type": "Feature", "properties": { "lat": 47.539319257592602, "lon": -122.2639084647798, "time_of_day": "Late Night", "causation": [ "0", "0", "0", "0", "1", "0", "0", "0", "0", "0", "0", "0", "0", "0", "0", "0", "0", "0", "0", "0", "0", "0", "0", "0" ], "duration": 105.0, "sum": 1 }, "geometry": { "type": "Point", "coordinates": [ -122.263908464779803, 47.539319257592602 ] } },
{ "type": "Feature", "properties": { "lat": 47.539325836905327, "lon": -122.26427441228266, "time_of_day": "Late Night", "causation": [ "0", "0", "0", "0", "1", "0", "0", "0", "0", "0", "0", "0", "0", "0", "0", "0", "0", "0", "0", "0", "0", "0", "0", "0" ], "duration": 105.0, "sum": 1 }, "geometry": { "type": "Point", "coordinates": [ -122.26427441228266, 47.539325836905327 ] } },
{ "type": "Feature", "properties": { "lat": 47.539444832427534, "lon": -122.38284011794856, "time_of_day": "Morning", "causation": [ "0", "0", "0", "0", "0", "0", "0", "0", "0", "0", "0", "0", "0", "0", "0", "0", "0", "0", "0", "0", "2", "0", "0", "0" ], "duration": 294.0, "sum": 2 }, "geometry": { "type": "Point", "coordinates": [ -122.382840117948561, 47.539444832427534 ] } },
{ "type": "Feature", "properties": { "lat": 47.539456081658017, "lon": -122.26492355939097, "time_of_day": "Late Night", "causation": [ "0", "0", "0", "0", "1", "0", "0", "0", "0", "0", "0", "0", "0", "0", "0", "0", "0", "0", "0", "0", "0", "0", "0", "0" ], "duration": 105.0, "sum": 1 }, "geometry": { "type": "Point", "coordinates": [ -122.264923559390965, 47.539456081658017 ] } },
{ "type": "Feature", "properties": { "lat": 47.539595186439122, "lon": -122.26489871257117, "time_of_day": "Late Night", "causation": [ "0", "0", "0", "0", "1", "0", "0", "0", "0", "0", "0", "0", "0", "0", "0", "0", "0", "0", "0", "0", "0", "0", "0", "0" ], "duration": 105.0, "sum": 1 }, "geometry": { "type": "Point", "coordinates": [ -122.264898712571167, 47.539595186439122 ] } },
{ "type": "Feature", "properties": { "lat": 47.53961136256828, "lon": -122.26382323036393, "time_of_day": "Late Night", "causation": [ "0", "0", "0", "0", "1", "0", "0", "0", "0", "0", "0", "0", "0", "0", "0", "0", "0", "0", "0", "0", "0", "0", "0", "0" ], "duration": 105.0, "sum": 1 }, "geometry": { "type": "Point", "coordinates": [ -122.263823230363926, 47.53961136256828 ] } },
{ "type": "Feature", "properties": { "lat": 47.539638177406722, "lon": -122.38313746319029, "time_of_day": "Morning", "causation": [ "0", "0", "0", "0", "0", "0", "0", "0", "0", "0", "0", "0", "0", "0", "0", "0", "0", "0", "0", "0", "1", "0", "0", "0" ], "duration": 147.0, "sum": 1 }, "geometry": { "type": "Point", "coordinates": [ -122.383137463190295, 47.539638177406722 ] } },
{ "type": "Feature", "properties": { "lat": 47.539668592391337, "lon": -122.26432128078145, "time_of_day": "Late Night", "causation": [ "0", "0", "0", "0", "1", "0", "0", "0", "0", "0", "0", "0", "0", "0", "0", "0", "0", "0", "0", "0", "0", "0", "0", "0" ], "duration": 105.0, "sum": 1 }, "geometry": { "type": "Point", "coordinates": [ -122.264321280781445, 47.539668592391337 ] } },
{ "type": "Feature", "properties": { "lat": 47.539681350230971, "lon": -122.26281340468364, "time_of_day": "Late Night", "causation": [ "0", "0", "0", "0", "1", "0", "0", "0", "0", "0", "0", "0", "0", "0", "0", "0", "0", "0", "0", "0", "0", "0", "0", "0" ], "duration": 105.0, "sum": 1 }, "geometry": { "type": "Point", "coordinates": [ -122.262813404683641, 47.539681350230971 ] } },
{ "type": "Feature", "properties": { "lat": 47.53971717560762, "lon": -122.26486396060952, "time_of_day": "Late Night", "causation": [ "0", "0", "0", "0", "1", "0", "0", "0", "0", "0", "0", "0", "0", "0", "0", "0", "0", "0", "0", "0", "0", "0", "0", "0" ], "duration": 105.0, "sum": 1 }, "geometry": { "type": "Point", "coordinates": [ -122.264863960609517, 47.53971717560762 ] } },
{ "type": "Feature", "properties": { "lat": 47.539875932478338, "lon": -122.2637342628818, "time_of_day": "Late Night", "causation": [ "0", "0", "0", "0", "1", "0", "0", "0", "0", "0", "0", "0", "0", "0", "0", "0", "0", "0", "0", "0", "0", "0", "0", "0" ], "duration": 105.0, "sum": 1 }, "geometry": { "type": "Point", "coordinates": [ -122.263734262881798, 47.539875932478338 ] } },
{ "type": "Feature", "properties": { "lat": 47.539887065042478, "lon": -122.2649273020932, "time_of_day": "Late Night", "causation": [ "0", "0", "0", "0", "2", "0", "0", "0", "0", "0", "0", "0", "0", "0", "0", "0", "0", "0", "0", "0", "0", "0", "0", "0" ], "duration": 210.0, "sum": 2 }, "geometry": { "type": "Point", "coordinates": [ -122.264927302093199, 47.539887065042478 ] } },
{ "type": "Feature", "properties": { "lat": 47.539888897824767, "lon": -122.26430072739238, "time_of_day": "Late Night", "causation": [ "0", "0", "0", "0", "1", "0", "0", "0", "0", "0", "0", "0", "0", "0", "0", "0", "0", "0", "0", "0", "0", "0", "0", "0" ], "duration": 105.0, "sum": 1 }, "geometry": { "type": "Point", "coordinates": [ -122.264300727392381, 47.539888897824767 ] } },
{ "type": "Feature", "properties": { "lat": 47.539957486336299, "lon": -122.32111146675832, "time_of_day": "Late Night", "causation": [ "0", "0", "0", "0", "0", "0", "0", "0", "1", "0", "0", "0", "0", "0", "0", "0", "0", "1", "0", "0", "0", "0", "0", "0" ], "duration": 151.0, "sum": 2 }, "geometry": { "type": "Point", "coordinates": [ -122.321111466758325, 47.539957486336299 ] } },
{ "type": "Feature", "properties": { "lat": 47.540001534413911, "lon": -122.26488440680799, "time_of_day": "Late Night", "causation": [ "0", "0", "0", "0", "2", "0", "0", "0", "0", "0", "0", "0", "0", "0", "0", "0", "0", "0", "0", "0", "0", "0", "0", "0" ], "duration": 210.0, "sum": 2 }, "geometry": { "type": "Point", "coordinates": [ -122.264884406807994, 47.540001534413911 ] } },
{ "type": "Feature", "properties": { "lat": 47.540055182003634, "lon": -122.26283143521157, "time_of_day": "Late Night", "causation": [ "0", "0", "0", "0", "1", "0", "0", "0", "0", "0", "0", "0", "0", "0", "0", "0", "0", "0", "0", "0", "0", "0", "0", "0" ], "duration": 105.0, "sum": 1 }, "geometry": { "type": "Point", "coordinates": [ -122.262831435211567, 47.540055182003634 ] } },
{ "type": "Feature", "properties": { "lat": 47.540063670447267, "lon": -122.32111251452628, "time_of_day": "Late Night", "causation": [ "0", "0", "0", "0", "0", "0", "0", "0", "1", "0", "0", "0", "0", "0", "0", "0", "0", "1", "0", "0", "0", "0", "0", "0" ], "duration": 151.0, "sum": 2 }, "geometry": { "type": "Point", "coordinates": [ -122.321112514526277, 47.540063670447267 ] } },
{ "type": "Feature", "properties": { "lat": 47.540083997236181, "lon": -122.26316949086612, "time_of_day": "Late Night", "causation": [ "0", "0", "0", "0", "1", "0", "0", "0", "0", "0", "0", "0", "0", "0", "0", "0", "0", "0", "0", "0", "0", "0", "0", "0" ], "duration": 105.0, "sum": 1 }, "geometry": { "type": "Point", "coordinates": [ -122.263169490866119, 47.540083997236181 ] } },
{ "type": "Feature", "properties": { "lat": 47.540122503857617, "lon": -122.32166818576786, "time_of_day": "Late Night", "causation": [ "0", "0", "0", "0", "0", "0", "0", "0", "1", "0", "0", "0", "0", "0", "0", "0", "0", "1", "0", "0", "0", "0", "0", "0" ], "duration": 151.0, "sum": 2 }, "geometry": { "type": "Point", "coordinates": [ -122.321668185767862, 47.540122503857617 ] } },
{ "type": "Feature", "properties": { "lat": 47.540128431380069, "lon": -122.26372611093596, "time_of_day": "Late Night", "causation": [ "0", "0", "0", "0", "1", "0", "0", "0", "0", "0", "0", "0", "0", "0", "0", "0", "0", "0", "0", "0", "0", "0", "0", "0" ], "duration": 105.0, "sum": 1 }, "geometry": { "type": "Point", "coordinates": [ -122.263726110935963, 47.540128431380069 ] } },
{ "type": "Feature", "properties": { "lat": 47.540160415031188, "lon": -122.32104603304704, "time_of_day": "Late Night", "causation": [ "0", "0", "0", "0", "0", "0", "0", "0", "1", "0", "0", "0", "0", "0", "0", "0", "0", "1", "0", "0", "0", "0", "0", "0" ], "duration": 151.0, "sum": 2 }, "geometry": { "type": "Point", "coordinates": [ -122.32104603304704, 47.540160415031188 ] } },
{ "type": "Feature", "properties": { "lat": 47.54019932887973, "lon": -122.32163721601812, "time_of_day": "Late Night", "causation": [ "0", "0", "0", "0", "0", "0", "0", "0", "1", "0", "0", "0", "0", "0", "0", "0", "0", "1", "0", "0", "0", "0", "0", "0" ], "duration": 151.0, "sum": 2 }, "geometry": { "type": "Point", "coordinates": [ -122.321637216018118, 47.54019932887973 ] } },
{ "type": "Feature", "properties": { "lat": 47.540265407549882, "lon": -122.32159350769253, "time_of_day": "Late Night", "causation": [ "0", "0", "0", "0", "0", "0", "0", "0", "1", "0", "0", "0", "0", "0", "0", "0", "0", "1", "0", "0", "0", "0", "0", "0" ], "duration": 151.0, "sum": 2 }, "geometry": { "type": "Point", "coordinates": [ -122.321593507692526, 47.540265407549882 ] } },
{ "type": "Feature", "properties": { "lat": 47.540274652661992, "lon": -122.26436918599728, "time_of_day": "Late Night", "causation": [ "0", "0", "0", "0", "1", "0", "0", "0", "0", "0", "0", "0", "0", "0", "0", "0", "0", "0", "0", "0", "0", "0", "0", "0" ], "duration": 105.0, "sum": 1 }, "geometry": { "type": "Point", "coordinates": [ -122.264369185997282, 47.540274652661992 ] } },
{ "type": "Feature", "properties": { "lat": 47.54028678350565, "lon": -122.26217840082236, "time_of_day": "Late Night", "causation": [ "0", "0", "0", "0", "1", "0", "0", "0", "0", "0", "0", "0", "0", "0", "0", "0", "0", "0", "0", "0", "0", "0", "0", "0" ], "duration": 105.0, "sum": 1 }, "geometry": { "type": "Point", "coordinates": [ -122.262178400822364, 47.54028678350565 ] } },
{ "type": "Feature", "properties": { "lat": 47.540288057515049, "lon": -122.26275947014663, "time_of_day": "Late Night", "causation": [ "0", "0", "0", "0", "1", "0", "0", "0", "0", "0", "0", "0", "0", "0", "0", "0", "0", "0", "0", "0", "0", "0", "0", "0" ], "duration": 105.0, "sum": 1 }, "geometry": { "type": "Point", "coordinates": [ -122.262759470146634, 47.540288057515049 ] } },
{ "type": "Feature", "properties": { "lat": 47.540293307369694, "lon": -122.32108157445241, "time_of_day": "Late Night", "causation": [ "0", "0", "0", "0", "0", "0", "0", "0", "1", "0", "0", "0", "0", "0", "0", "0", "0", "1", "0", "0", "0", "0", "0", "0" ], "duration": 151.0, "sum": 2 }, "geometry": { "type": "Point", "coordinates": [ -122.321081574452407, 47.540293307369694 ] } },
{ "type": "Feature", "properties": { "lat": 47.540301499150459, "lon": -122.26492844402868, "time_of_day": "Late Night", "causation": [ "0", "0", "0", "0", "2", "0", "0", "0", "0", "0", "0", "0", "0", "0", "0", "0", "0", "0", "0", "0", "0", "0", "0", "0" ], "duration": 210.0, "sum": 2 }, "geometry": { "type": "Point", "coordinates": [ -122.264928444028683, 47.540301499150459 ] } },
{ "type": "Feature", "properties": { "lat": 47.540345665419693, "lon": -122.2637410842009, "time_of_day": "Late Night", "causation": [ "0", "0", "0", "0", "1", "0", "0", "0", "0", "0", "0", "0", "0", "0", "0", "0", "0", "0", "0", "0", "0", "0", "0", "0" ], "duration": 105.0, "sum": 1 }, "geometry": { "type": "Point", "coordinates": [ -122.263741084200902, 47.540345665419693 ] } },
{ "type": "Feature", "properties": { "lat": 47.540377620871041, "lon": -122.26498463430066, "time_of_day": "Late Night", "causation": [ "0", "0", "0", "0", "1", "0", "0", "0", "0", "0", "0", "0", "0", "0", "0", "0", "0", "0", "0", "0", "0", "0", "0", "0" ], "duration": 105.0, "sum": 1 }, "geometry": { "type": "Point", "coordinates": [ -122.26498463430066, 47.540377620871041 ] } },
{ "type": "Feature", "properties": { "lat": 47.540439020985488, "lon": -122.26426853957572, "time_of_day": "Late Night", "causation": [ "0", "0", "0", "0", "1", "0", "0", "0", "0", "0", "0", "0", "0", "0", "0", "0", "0", "0", "0", "0", "0", "0", "0", "0" ], "duration": 105.0, "sum": 1 }, "geometry": { "type": "Point", "coordinates": [ -122.264268539575724, 47.540439020985488 ] } },
{ "type": "Feature", "properties": { "lat": 47.540487996359843, "lon": -122.26327209184856, "time_of_day": "Late Night", "causation": [ "0", "0", "0", "0", "1", "0", "0", "0", "0", "0", "0", "0", "0", "0", "0", "0", "0", "0", "0", "0", "0", "0", "0", "0" ], "duration": 105.0, "sum": 1 }, "geometry": { "type": "Point", "coordinates": [ -122.263272091848563, 47.540487996359843 ] } },
{ "type": "Feature", "properties": { "lat": 47.540511414773405, "lon": -122.26213398479406, "time_of_day": "Late Night", "causation": [ "0", "0", "0", "0", "2", "0", "0", "0", "0", "0", "0", "0", "0", "0", "0", "0", "0", "0", "0", "0", "0", "0", "0", "0" ], "duration": 210.0, "sum": 2 }, "geometry": { "type": "Point", "coordinates": [ -122.262133984794062, 47.540511414773405 ] } },
{ "type": "Feature", "properties": { "lat": 47.540528387251157, "lon": -122.2637490361478, "time_of_day": "Late Night", "causation": [ "0", "0", "0", "0", "1", "0", "0", "0", "0", "0", "0", "0", "0", "0", "0", "0", "0", "0", "0", "0", "0", "0", "0", "0" ], "duration": 105.0, "sum": 1 }, "geometry": { "type": "Point", "coordinates": [ -122.2637490361478, 47.540528387251157 ] } },
{ "type": "Feature", "properties": { "lat": 47.540533435167433, "lon": -122.26268541781022, "time_of_day": "Late Night", "causation": [ "0", "0", "0", "0", "1", "0", "0", "0", "0", "0", "0", "0", "0", "0", "0", "0", "0", "0", "0", "0", "0", "0", "0", "0" ], "duration": 105.0, "sum": 1 }, "geometry": { "type": "Point", "coordinates": [ -122.262685417810218, 47.540533435167433 ] } },
{ "type": "Feature", "properties": { "lat": 47.54054763270328, "lon": -122.26426139903936, "time_of_day": "Late Night", "causation": [ "0", "0", "0", "0", "1", "0", "0", "0", "0", "0", "0", "0", "0", "0", "0", "0", "0", "0", "0", "0", "0", "0", "0", "0" ], "duration": 105.0, "sum": 1 }, "geometry": { "type": "Point", "coordinates": [ -122.264261399039356, 47.54054763270328 ] } },
{ "type": "Feature", "properties": { "lat": 47.540607350162233, "lon": -122.26489481537617, "time_of_day": "Late Night", "causation": [ "0", "0", "0", "0", "1", "0", "0", "0", "0", "0", "0", "0", "0", "0", "0", "0", "0", "0", "0", "0", "0", "0", "0", "0" ], "duration": 105.0, "sum": 1 }, "geometry": { "type": "Point", "coordinates": [ -122.264894815376167, 47.540607350162233 ] } },
{ "type": "Feature", "properties": { "lat": 47.540861472441669, "lon": -122.26485806439324, "time_of_day": "Late Night", "causation": [ "0", "0", "0", "0", "1", "0", "0", "0", "0", "0", "0", "0", "0", "0", "0", "0", "0", "0", "0", "0", "0", "0", "0", "0" ], "duration": 105.0, "sum": 1 }, "geometry": { "type": "Point", "coordinates": [ -122.264858064393238, 47.540861472441669 ] } },
{ "type": "Feature", "properties": { "lat": 47.540866212322967, "lon": -122.26324023682042, "time_of_day": "Late Night", "causation": [ "0", "0", "0", "0", "1", "0", "0", "0", "0", "0", "0", "0", "0", "0", "0", "0", "0", "0", "0", "0", "0", "0", "0", "0" ], "duration": 105.0, "sum": 1 }, "geometry": { "type": "Point", "coordinates": [ -122.263240236820423, 47.540866212322967 ] } },
{ "type": "Feature", "properties": { "lat": 47.540873704874997, "lon": -122.26368850288304, "time_of_day": "Late Night", "causation": [ "0", "0", "0", "0", "1", "0", "0", "0", "0", "0", "0", "0", "0", "0", "0", "0", "0", "0", "0", "0", "0", "0", "0", "0" ], "duration": 105.0, "sum": 1 }, "geometry": { "type": "Point", "coordinates": [ -122.263688502883042, 47.540873704874997 ] } },
{ "type": "Feature", "properties": { "lat": 47.54087571921503, "lon": -122.26231007896766, "time_of_day": "Late Night", "causation": [ "0", "0", "0", "0", "1", "0", "0", "0", "0", "0", "0", "0", "0", "0", "0", "0", "0", "0", "0", "0", "0", "0", "0", "0" ], "duration": 105.0, "sum": 1 }, "geometry": { "type": "Point", "coordinates": [ -122.262310078967658, 47.54087571921503 ] } },
{ "type": "Feature", "properties": { "lat": 47.540894355613617, "lon": -122.26129865781924, "time_of_day": "Late Night", "causation": [ "0", "0", "0", "0", "1", "0", "0", "0", "0", "0", "0", "0", "0", "0", "0", "0", "0", "0", "0", "0", "0", "0", "0", "0" ], "duration": 105.0, "sum": 1 }, "geometry": { "type": "Point", "coordinates": [ -122.261298657819239, 47.540894355613617 ] } },
{ "type": "Feature", "properties": { "lat": 47.540914435287561, "lon": -122.26388573113606, "time_of_day": "Late Night", "causation": [ "0", "0", "0", "0", "1", "0", "0", "0", "0", "0", "0", "0", "0", "0", "0", "0", "0", "0", "0", "0", "0", "0", "0", "0" ], "duration": 105.0, "sum": 1 }, "geometry": { "type": "Point", "coordinates": [ -122.263885731136057, 47.540914435287561 ] } },
{ "type": "Feature", "properties": { "lat": 47.540915598633362, "lon": -122.26282807235032, "time_of_day": "Late Night", "causation": [ "0", "0", "0", "0", "1", "0", "0", "0", "0", "0", "0", "0", "0", "0", "0", "0", "0", "0", "0", "0", "0", "0", "0", "0" ], "duration": 105.0, "sum": 1 }, "geometry": { "type": "Point", "coordinates": [ -122.262828072350317, 47.540915598633362 ] } },
{ "type": "Feature", "properties": { "lat": 47.54095791476329, "lon": -122.2625767560473, "time_of_day": "Late Night", "causation": [ "0", "0", "0", "0", "1", "0", "0", "0", "0", "0", "0", "0", "0", "0", "0", "0", "0", "0", "0", "0", "0", "0", "0", "0" ], "duration": 105.0, "sum": 1 }, "geometry": { "type": "Point", "coordinates": [ -122.262576756047295, 47.54095791476329 ] } },
{ "type": "Feature", "properties": { "lat": 47.541029055144001, "lon": -122.26429470510374, "time_of_day": "Late Night", "causation": [ "0", "0", "0", "0", "1", "0", "0", "0", "0", "0", "0", "0", "0", "0", "0", "0", "0", "0", "0", "0", "0", "0", "0", "0" ], "duration": 105.0, "sum": 1 }, "geometry": { "type": "Point", "coordinates": [ -122.264294705103737, 47.541029055144001 ] } },
{ "type": "Feature", "properties": { "lat": 47.541043563602273, "lon": -122.264836543892, "time_of_day": "Late Night", "causation": [ "0", "0", "0", "0", "1", "0", "0", "0", "0", "0", "0", "0", "0", "0", "0", "0", "0", "0", "0", "0", "0", "0", "0", "0" ], "duration": 105.0, "sum": 1 }, "geometry": { "type": "Point", "coordinates": [ -122.264836543892002, 47.541043563602273 ] } },
{ "type": "Feature", "properties": { "lat": 47.54108774973151, "lon": -122.26164313266344, "time_of_day": "Late Night", "causation": [ "0", "0", "0", "0", "1", "0", "0", "0", "0", "0", "0", "0", "0", "0", "0", "0", "0", "0", "0", "0", "0", "0", "0", "0" ], "duration": 105.0, "sum": 1 }, "geometry": { "type": "Point", "coordinates": [ -122.261643132663437, 47.54108774973151 ] } },
{ "type": "Feature", "properties": { "lat": 47.541089377202901, "lon": -122.26221814647782, "time_of_day": "Late Night", "causation": [ "0", "0", "0", "0", "1", "0", "0", "0", "0", "0", "0", "0", "0", "0", "0", "0", "0", "0", "0", "0", "0", "0", "0", "0" ], "duration": 105.0, "sum": 1 }, "geometry": { "type": "Point", "coordinates": [ -122.262218146477821, 47.541089377202901 ] } },
{ "type": "Feature", "properties": { "lat": 47.541224557831846, "lon": -122.26404860801328, "time_of_day": "Late Night", "causation": [ "0", "0", "0", "0", "2", "0", "0", "0", "0", "0", "0", "0", "0", "0", "0", "0", "0", "0", "0", "0", "0", "0", "0", "0" ], "duration": 210.0, "sum": 2 }, "geometry": { "type": "Point", "coordinates": [ -122.264048608013283, 47.541224557831846 ] } },
{ "type": "Feature", "properties": { "lat": 47.541491012514072, "lon": -122.26429977930844, "time_of_day": "Late Night", "causation": [ "0", "0", "0", "0", "1", "0", "0", "0", "0", "0", "0", "0", "0", "0", "0", "0", "0", "0", "0", "0", "0", "0", "0", "0" ], "duration": 105.0, "sum": 1 }, "geometry": { "type": "Point", "coordinates": [ -122.264299779308445, 47.541491012514072 ] } },
{ "type": "Feature", "properties": { "lat": 47.54165640787474, "lon": -122.2642845605895, "time_of_day": "Late Night", "causation": [ "0", "0", "0", "0", "1", "0", "0", "0", "0", "0", "0", "0", "0", "0", "0", "0", "0", "0", "0", "0", "0", "0", "0", "0" ], "duration": 105.0, "sum": 1 }, "geometry": { "type": "Point", "coordinates": [ -122.264284560589502, 47.54165640787474 ] } },
{ "type": "Feature", "properties": { "lat": 47.545762982421643, "lon": -122.26854903458729, "time_of_day": "Morning", "causation": [ "0", "0", "0", "0", "0", "0", "0", "0", "0", "0", "0", "0", "0", "0", "0", "0", "0", "0", "1", "0", "0", "0", "0", "0" ], "duration": 363.0, "sum": 1 }, "geometry": { "type": "Point", "coordinates": [ -122.268549034587295, 47.545762982421643 ] } },
{ "type": "Feature", "properties": { "lat": 47.546783487332803, "lon": -122.29068884240876, "time_of_day": "Morning", "causation": [ "0", "0", "0", "0", "0", "0", "0", "0", "1", "0", "0", "0", "0", "0", "0", "0", "0", "0", "0", "0", "0", "0", "0", "0" ], "duration": 136.0, "sum": 1 }, "geometry": { "type": "Point", "coordinates": [ -122.290688842408755, 47.546783487332803 ] } },
{ "type": "Feature", "properties": { "lat": 47.546934741816514, "lon": -122.29005097035645, "time_of_day": "Morning", "causation": [ "0", "0", "0", "0", "0", "0", "0", "0", "1", "0", "0", "0", "0", "0", "0", "0", "0", "0", "0", "0", "0", "0", "0", "0" ], "duration": 136.0, "sum": 1 }, "geometry": { "type": "Point", "coordinates": [ -122.290050970356447, 47.546934741816514 ] } },
{ "type": "Feature", "properties": { "lat": 47.546955611691729, "lon": -122.29071803739136, "time_of_day": "Morning", "causation": [ "0", "0", "0", "0", "0", "0", "0", "0", "1", "0", "0", "0", "0", "0", "0", "0", "0", "0", "0", "0", "0", "0", "0", "0" ], "duration": 136.0, "sum": 1 }, "geometry": { "type": "Point", "coordinates": [ -122.290718037391358, 47.546955611691729 ] } },
{ "type": "Feature", "properties": { "lat": 47.547113698044257, "lon": -122.29074497692407, "time_of_day": "Morning", "causation": [ "0", "0", "0", "0", "0", "0", "0", "0", "1", "0", "0", "0", "0", "0", "0", "0", "0", "0", "0", "0", "0", "0", "0", "0" ], "duration": 136.0, "sum": 1 }, "geometry": { "type": "Point", "coordinates": [ -122.290744976924074, 47.547113698044257 ] } },
{ "type": "Feature", "properties": { "lat": 47.547271301654952, "lon": -122.29074966931329, "time_of_day": "Morning", "causation": [ "0", "0", "0", "0", "0", "0", "0", "0", "1", "0", "0", "0", "0", "0", "0", "0", "0", "0", "0", "0", "0", "0", "0", "0" ], "duration": 136.0, "sum": 1 }, "geometry": { "type": "Point", "coordinates": [ -122.290749669313286, 47.547271301654952 ] } },
{ "type": "Feature", "properties": { "lat": 47.549640940417234, "lon": -122.25628827673827, "time_of_day": "Morning", "causation": [ "0", "0", "0", "0", "0", "0", "0", "0", "5", "0", "0", "0", "0", "0", "0", "0", "0", "0", "0", "0", "0", "0", "0", "0" ], "duration": 1390.0, "sum": 5 }, "geometry": { "type": "Point", "coordinates": [ -122.256288276738275, 47.549640940417234 ] } },
{ "type": "Feature", "properties": { "lat": 47.54975307986777, "lon": -122.25769132261809, "time_of_day": "Morning", "causation": [ "0", "0", "0", "0", "0", "0", "0", "0", "1", "0", "0", "0", "0", "0", "0", "0", "0", "0", "0", "0", "0", "0", "0", "0" ], "duration": 278.0, "sum": 1 }, "geometry": { "type": "Point", "coordinates": [ -122.257691322618086, 47.54975307986777 ] } },
{ "type": "Feature", "properties": { "lat": 47.553487489627045, "lon": -122.34734475790816, "time_of_day": "Morning", "causation": [ "0", "0", "0", "0", "0", "0", "0", "0", "1", "0", "0", "0", "0", "0", "0", "0", "0", "1", "0", "0", "0", "0", "0", "0" ], "duration": 232.0, "sum": 2 }, "geometry": { "type": "Point", "coordinates": [ -122.347344757908161, 47.553487489627045 ] } },
{ "type": "Feature", "properties": { "lat": 47.556273576468215, "lon": -122.2907320924384, "time_of_day": "Morning", "causation": [ "0", "0", "0", "0", "0", "0", "0", "0", "1", "0", "0", "0", "0", "0", "0", "0", "0", "1", "0", "0", "0", "0", "0", "0" ], "duration": 537.0, "sum": 2 }, "geometry": { "type": "Point", "coordinates": [ -122.290732092438404, 47.556273576468215 ] } },
{ "type": "Feature", "properties": { "lat": 47.565025419136958, "lon": -122.40745255807084, "time_of_day": "Morning", "causation": [ "0", "0", "0", "0", "0", "0", "0", "0", "0", "0", "0", "0", "0", "0", "0", "0", "0", "0", "1", "0", "0", "0", "0", "0" ], "duration": 195.0, "sum": 1 }, "geometry": { "type": "Point", "coordinates": [ -122.407452558070844, 47.565025419136958 ] } },
{ "type": "Feature", "properties": { "lat": 47.565083684080172, "lon": -122.40758395924684, "time_of_day": "Morning", "causation": [ "0", "0", "0", "0", "0", "0", "0", "0", "0", "0", "0", "0", "0", "0", "0", "0", "0", "0", "4", "0", "0", "0", "0", "0" ], "duration": 780.0, "sum": 4 }, "geometry": { "type": "Point", "coordinates": [ -122.407583959246836, 47.565083684080172 ] } },
{ "type": "Feature", "properties": { "lat": 47.565191199592917, "lon": -122.40772954260387, "time_of_day": "Morning", "causation": [ "0", "0", "0", "0", "0", "0", "0", "0", "0", "0", "0", "0", "0", "0", "0", "0", "0", "0", "1", "0", "0", "0", "0", "0" ], "duration": 195.0, "sum": 1 }, "geometry": { "type": "Point", "coordinates": [ -122.407729542603875, 47.565191199592917 ] } },
{ "type": "Feature", "properties": { "lat": 47.565298370794551, "lon": -122.40788098663056, "time_of_day": "Morning", "causation": [ "0", "0", "0", "0", "0", "0", "0", "0", "0", "0", "0", "0", "0", "0", "0", "0", "0", "0", "2", "0", "0", "0", "0", "0" ], "duration": 390.0, "sum": 2 }, "geometry": { "type": "Point", "coordinates": [ -122.407880986630559, 47.565298370794551 ] } },
{ "type": "Feature", "properties": { "lat": 47.565505969373717, "lon": -122.40807683689096, "time_of_day": "Morning", "causation": [ "0", "0", "0", "0", "0", "0", "0", "0", "0", "0", "0", "0", "0", "0", "0", "0", "0", "0", "1", "0", "0", "0", "0", "0" ], "duration": 195.0, "sum": 1 }, "geometry": { "type": "Point", "coordinates": [ -122.408076836890956, 47.565505969373717 ] } },
{ "type": "Feature", "properties": { "lat": 47.565573576762723, "lon": -122.40821187304236, "time_of_day": "Morning", "causation": [ "0", "0", "0", "0", "0", "0", "0", "0", "0", "0", "0", "0", "0", "0", "0", "0", "0", "0", "2", "0", "0", "0", "0", "0" ], "duration": 390.0, "sum": 2 }, "geometry": { "type": "Point", "coordinates": [ -122.408211873042362, 47.565573576762723 ] } },
{ "type": "Feature", "properties": { "lat": 47.565600154957913, "lon": -122.40743934587915, "time_of_day": "Morning", "causation": [ "0", "0", "0", "0", "0", "0", "0", "0", "0", "0", "0", "0", "0", "0", "0", "0", "0", "0", "12", "0", "0", "0", "0", "0" ], "duration": 2340.0, "sum": 12 }, "geometry": { "type": "Point", "coordinates": [ -122.407439345879155, 47.565600154957913 ] } },
{ "type": "Feature", "properties": { "lat": 47.565728881255737, "lon": -122.40757761049012, "time_of_day": "Morning", "causation": [ "0", "0", "0", "0", "0", "0", "0", "0", "0", "0", "0", "0", "0", "0", "0", "0", "0", "0", "13", "0", "0", "0", "0", "0" ], "duration": 2535.0, "sum": 13 }, "geometry": { "type": "Point", "coordinates": [ -122.407577610490122, 47.565728881255737 ] } },
{ "type": "Feature", "properties": { "lat": 47.565867765571909, "lon": -122.40855521598117, "time_of_day": "Morning", "causation": [ "0", "0", "0", "0", "0", "0", "0", "0", "0", "0", "0", "0", "0", "0", "0", "0", "0", "0", "13", "0", "0", "0", "0", "0" ], "duration": 2535.0, "sum": 13 }, "geometry": { "type": "Point", "coordinates": [ -122.408555215981167, 47.565867765571909 ] } },
{ "type": "Feature", "properties": { "lat": 47.566099384568986, "lon": -122.4088517107925, "time_of_day": "Morning", "causation": [ "0", "0", "0", "0", "0", "0", "0", "0", "0", "0", "0", "0", "0", "0", "0", "0", "0", "0", "2", "0", "0", "0", "0", "0" ], "duration": 390.0, "sum": 2 }, "geometry": { "type": "Point", "coordinates": [ -122.408851710792504, 47.566099384568986 ] } },
{ "type": "Feature", "properties": { "lat": 47.56615796235706, "lon": -122.40822267411804, "time_of_day": "Morning", "causation": [ "0", "0", "0", "0", "0", "0", "0", "0", "0", "0", "0", "0", "0", "0", "0", "0", "0", "0", "1", "0", "0", "0", "0", "0" ], "duration": 195.0, "sum": 1 }, "geometry": { "type": "Point", "coordinates": [ -122.408222674118036, 47.56615796235706 ] } },
{ "type": "Feature", "properties": { "lat": 47.566158906559465, "lon": -122.40892035257866, "time_of_day": "Morning", "causation": [ "0", "0", "0", "0", "0", "0", "0", "0", "0", "0", "0", "0", "0", "0", "0", "0", "0", "0", "1", "0", "0", "0", "0", "0" ], "duration": 195.0, "sum": 1 }, "geometry": { "type": "Point", "coordinates": [ -122.408920352578662, 47.566158906559465 ] } },
{ "type": "Feature", "properties": { "lat": 47.566200082005366, "lon": -122.4082611241224, "time_of_day": "Morning", "causation": [ "0", "0", "0", "0", "0", "0", "0", "0", "0", "0", "0", "0", "0", "0", "0", "0", "0", "0", "1", "0", "0", "0", "0", "0" ], "duration": 195.0, "sum": 1 }, "geometry": { "type": "Point", "coordinates": [ -122.408261124122404, 47.566200082005366 ] } },
{ "type": "Feature", "properties": { "lat": 47.566229003036817, "lon": -122.4081017591069, "time_of_day": "Morning", "causation": [ "0", "0", "0", "0", "0", "0", "0", "0", "0", "0", "0", "0", "0", "0", "0", "0", "0", "0", "1", "0", "0", "0", "0", "0" ], "duration": 195.0, "sum": 1 }, "geometry": { "type": "Point", "coordinates": [ -122.408101759106898, 47.566229003036817 ] } },
{ "type": "Feature", "properties": { "lat": 47.566233640818105, "lon": -122.40897841857928, "time_of_day": "Morning", "causation": [ "0", "0", "0", "0", "0", "0", "0", "0", "0", "0", "0", "0", "0", "0", "0", "0", "0", "0", "1", "0", "0", "0", "0", "0" ], "duration": 195.0, "sum": 1 }, "geometry": { "type": "Point", "coordinates": [ -122.408978418579281, 47.566233640818105 ] } },
{ "type": "Feature", "properties": { "lat": 47.566279003580114, "lon": -122.40816353672258, "time_of_day": "Morning", "causation": [ "0", "0", "0", "0", "0", "0", "0", "0", "0", "0", "0", "0", "0", "0", "0", "0", "0", "0", "1", "0", "0", "0", "0", "0" ], "duration": 195.0, "sum": 1 }, "geometry": { "type": "Point", "coordinates": [ -122.408163536722583, 47.566279003580114 ] } },
{ "type": "Feature", "properties": { "lat": 47.566331162092666, "lon": -122.40833485467373, "time_of_day": "Morning", "causation": [ "0", "0", "0", "0", "0", "0", "0", "0", "0", "0", "0", "0", "0", "0", "0", "0", "0", "0", "6", "0", "0", "0", "0", "0" ], "duration": 1170.0, "sum": 6 }, "geometry": { "type": "Point", "coordinates": [ -122.408334854673726, 47.566331162092666 ] } },
{ "type": "Feature", "properties": { "lat": 47.566377081833572, "lon": -122.40910832605609, "time_of_day": "Morning", "causation": [ "0", "0", "0", "0", "0", "0", "0", "0", "0", "0", "0", "0", "0", "0", "0", "0", "0", "0", "1", "0", "0", "0", "0", "0" ], "duration": 195.0, "sum": 1 }, "geometry": { "type": "Point", "coordinates": [ -122.409108326056085, 47.566377081833572 ] } },
{ "type": "Feature", "properties": { "lat": 47.566422481329397, "lon": -122.40851005979944, "time_of_day": "Morning", "causation": [ "0", "0", "0", "0", "0", "0", "0", "0", "0", "0", "0", "0", "0", "0", "0", "0", "0", "0", "1", "0", "0", "0", "0", "0" ], "duration": 195.0, "sum": 1 }, "geometry": { "type": "Point", "coordinates": [ -122.40851005979944, 47.566422481329397 ] } },
{ "type": "Feature", "properties": { "lat": 47.56646680344933, "lon": -122.40918133825539, "time_of_day": "Morning", "causation": [ "0", "0", "0", "0", "0", "0", "0", "0", "0", "0", "0", "0", "0", "0", "0", "0", "0", "0", "3", "0", "0", "0", "0", "0" ], "duration": 585.0, "sum": 3 }, "geometry": { "type": "Point", "coordinates": [ -122.409181338255394, 47.56646680344933 ] } },
{ "type": "Feature", "properties": { "lat": 47.566485091784095, "lon": -122.40851829009657, "time_of_day": "Morning", "causation": [ "0", "0", "0", "0", "0", "0", "0", "0", "0", "0", "0", "0", "0", "0", "0", "0", "0", "0", "1", "0", "0", "0", "0", "0" ], "duration": 195.0, "sum": 1 }, "geometry": { "type": "Point", "coordinates": [ -122.408518290096566, 47.566485091784095 ] } },
{ "type": "Feature", "properties": { "lat": 47.566546007609794, "lon": -122.40921480181495, "time_of_day": "Morning", "causation": [ "0", "0", "0", "0", "0", "0", "0", "0", "0", "0", "0", "0", "0", "0", "0", "0", "0", "0", "3", "0", "0", "0", "0", "0" ], "duration": 585.0, "sum": 3 }, "geometry": { "type": "Point", "coordinates": [ -122.409214801814954, 47.566546007609794 ] } },
{ "type": "Feature", "properties": { "lat": 47.566552542788273, "lon": -122.4085830636282, "time_of_day": "Morning", "causation": [ "0", "0", "0", "0", "0", "0", "0", "0", "0", "0", "0", "0", "0", "0", "0", "0", "0", "0", "1", "0", "0", "0", "0", "0" ], "duration": 195.0, "sum": 1 }, "geometry": { "type": "Point", "coordinates": [ -122.4085830636282, 47.566552542788273 ] } },
{ "type": "Feature", "properties": { "lat": 47.566599439654397, "lon": -122.40861333289664, "time_of_day": "Morning", "causation": [ "0", "0", "0", "0", "0", "0", "0", "0", "0", "0", "0", "0", "0", "0", "0", "0", "0", "0", "1", "0", "0", "0", "0", "0" ], "duration": 195.0, "sum": 1 }, "geometry": { "type": "Point", "coordinates": [ -122.408613332896635, 47.566599439654397 ] } },
{ "type": "Feature", "properties": { "lat": 47.566658991432575, "lon": -122.40928631437671, "time_of_day": "Morning", "causation": [ "0", "0", "0", "0", "0", "0", "0", "0", "0", "0", "0", "0", "0", "0", "0", "0", "0", "0", "5", "0", "0", "0", "0", "0" ], "duration": 975.0, "sum": 5 }, "geometry": { "type": "Point", "coordinates": [ -122.409286314376715, 47.566658991432575 ] } },
{ "type": "Feature", "properties": { "lat": 47.566669532763811, "lon": -122.40864985445472, "time_of_day": "Morning", "causation": [ "0", "0", "0", "0", "0", "0", "0", "0", "0", "0", "0", "0", "0", "0", "0", "0", "0", "0", "1", "0", "0", "0", "0", "0" ], "duration": 195.0, "sum": 1 }, "geometry": { "type": "Point", "coordinates": [ -122.408649854454723, 47.566669532763811 ] } },
{ "type": "Feature", "properties": { "lat": 47.566720228821183, "lon": -122.40867691249061, "time_of_day": "Morning", "causation": [ "0", "0", "0", "0", "0", "0", "0", "0", "0", "0", "0", "0", "0", "0", "0", "0", "0", "0", "1", "0", "0", "0", "0", "0" ], "duration": 195.0, "sum": 1 }, "geometry": { "type": "Point", "coordinates": [ -122.408676912490606, 47.566720228821183 ] } },
{ "type": "Feature", "properties": { "lat": 47.566759382808762, "lon": -122.40939934689176, "time_of_day": "Morning", "causation": [ "0", "0", "0", "0", "0", "0", "0", "0", "0", "0", "0", "0", "0", "0", "0", "0", "0", "0", "5", "0", "0", "0", "0", "0" ], "duration": 975.0, "sum": 5 }, "geometry": { "type": "Point", "coordinates": [ -122.40939934689176, 47.566759382808762 ] } },
{ "type": "Feature", "properties": { "lat": 47.566761508408781, "lon": -122.35248611938196, "time_of_day": "Late Night", "causation": [ "0", "0", "0", "0", "0", "0", "0", "0", "1", "0", "0", "0", "0", "0", "0", "0", "0", "0", "0", "0", "0", "0", "0", "0" ], "duration": 245.0, "sum": 1 }, "geometry": { "type": "Point", "coordinates": [ -122.352486119381965, 47.566761508408781 ] } },
{ "type": "Feature", "properties": { "lat": 47.566781014103121, "lon": -122.4087967920704, "time_of_day": "Morning", "causation": [ "0", "0", "0", "0", "0", "0", "0", "0", "0", "0", "0", "0", "0", "0", "0", "0", "0", "0", "1", "0", "0", "0", "0", "0" ], "duration": 195.0, "sum": 1 }, "geometry": { "type": "Point", "coordinates": [ -122.408796792070405, 47.566781014103121 ] } },
{ "type": "Feature", "properties": { "lat": 47.566887918117736, "lon": -122.40951562205694, "time_of_day": "Morning", "causation": [ "0", "0", "0", "0", "0", "0", "0", "0", "0", "0", "0", "0", "0", "0", "0", "0", "0", "0", "6", "0", "0", "0", "0", "0" ], "duration": 1170.0, "sum": 6 }, "geometry": { "type": "Point", "coordinates": [ -122.409515622056944, 47.566887918117736 ] } },
{ "type": "Feature", "properties": { "lat": 47.566966310552353, "lon": -122.4088012673982, "time_of_day": "Morning", "causation": [ "0", "0", "0", "0", "0", "0", "0", "0", "0", "0", "0", "0", "0", "0", "0", "0", "0", "0", "20", "0", "0", "0", "0", "0" ], "duration": 3900.0, "sum": 20 }, "geometry": { "type": "Point", "coordinates": [ -122.408801267398204, 47.566966310552353 ] } },
{ "type": "Feature", "properties": { "lat": 47.567003301021273, "lon": -122.40953144309536, "time_of_day": "Morning", "causation": [ "0", "0", "0", "0", "0", "0", "0", "0", "0", "0", "0", "0", "0", "0", "0", "0", "0", "0", "6", "0", "0", "0", "0", "0" ], "duration": 1170.0, "sum": 6 }, "geometry": { "type": "Point", "coordinates": [ -122.409531443095361, 47.567003301021273 ] } },
{ "type": "Feature", "properties": { "lat": 47.567009438016349, "lon": -122.35327183379626, "time_of_day": "Late Night", "causation": [ "0", "0", "0", "0", "0", "0", "0", "0", "1", "0", "0", "0", "0", "0", "0", "0", "0", "0", "0", "0", "0", "0", "0", "0" ], "duration": 245.0, "sum": 1 }, "geometry": { "type": "Point", "coordinates": [ -122.353271833796256, 47.567009438016349 ] } },
{ "type": "Feature", "properties": { "lat": 47.567130537726499, "lon": -122.40954395228891, "time_of_day": "Morning", "causation": [ "0", "0", "0", "0", "0", "0", "0", "0", "0", "0", "0", "0", "0", "0", "0", "0", "0", "0", "2", "0", "0", "0", "0", "0" ], "duration": 390.0, "sum": 2 }, "geometry": { "type": "Point", "coordinates": [ -122.409543952288914, 47.567130537726499 ] } },
{ "type": "Feature", "properties": { "lat": 47.567155448152022, "lon": -122.40900819295376, "time_of_day": "Morning", "causation": [ "0", "0", "0", "0", "0", "0", "0", "0", "0", "0", "0", "0", "0", "0", "0", "0", "0", "0", "1", "0", "0", "0", "0", "0" ], "duration": 195.0, "sum": 1 }, "geometry": { "type": "Point", "coordinates": [ -122.409008192953763, 47.567155448152022 ] } },
{ "type": "Feature", "properties": { "lat": 47.567197816456158, "lon": -122.40958851769641, "time_of_day": "Morning", "causation": [ "0", "0", "0", "0", "0", "0", "0", "0", "0", "0", "0", "0", "0", "0", "0", "0", "0", "0", "3", "0", "0", "0", "0", "0" ], "duration": 585.0, "sum": 3 }, "geometry": { "type": "Point", "coordinates": [ -122.409588517696406, 47.567197816456158 ] } },
{ "type": "Feature", "properties": { "lat": 47.567230897384505, "lon": -122.4090634984132, "time_of_day": "Morning", "causation": [ "0", "0", "0", "0", "0", "0", "0", "0", "0", "0", "0", "0", "0", "0", "0", "0", "0", "0", "1", "0", "0", "0", "0", "0" ], "duration": 195.0, "sum": 1 }, "geometry": { "type": "Point", "coordinates": [ -122.409063498413204, 47.567230897384505 ] } },
{ "type": "Feature", "properties": { "lat": 47.567263741680655, "lon": -122.40965729078241, "time_of_day": "Morning", "causation": [ "0", "0", "0", "0", "0", "0", "0", "0", "0", "0", "0", "0", "0", "0", "0", "0", "0", "0", "4", "0", "0", "0", "0", "0" ], "duration": 780.0, "sum": 4 }, "geometry": { "type": "Point", "coordinates": [ -122.409657290782405, 47.567263741680655 ] } },
{ "type": "Feature", "properties": { "lat": 47.567327049166686, "lon": -122.40916745355692, "time_of_day": "Morning", "causation": [ "0", "0", "0", "0", "0", "0", "0", "0", "0", "0", "0", "0", "0", "0", "0", "0", "0", "0", "1", "0", "0", "0", "0", "0" ], "duration": 195.0, "sum": 1 }, "geometry": { "type": "Point", "coordinates": [ -122.409167453556918, 47.567327049166686 ] } },
{ "type": "Feature", "properties": { "lat": 47.567650898358046, "lon": -122.40925132022272, "time_of_day": "Morning", "causation": [ "0", "0", "0", "0", "0", "0", "0", "0", "0", "0", "0", "0", "0", "0", "0", "0", "0", "0", "2", "0", "0", "0", "0", "0" ], "duration": 390.0, "sum": 2 }, "geometry": { "type": "Point", "coordinates": [ -122.409251320222722, 47.567650898358046 ] } },
{ "type": "Feature", "properties": { "lat": 47.567728072687821, "lon": -122.40922944337538, "time_of_day": "Morning", "causation": [ "0", "0", "0", "0", "0", "0", "0", "0", "0", "0", "0", "0", "0", "0", "0", "0", "0", "0", "1", "0", "0", "0", "0", "0" ], "duration": 195.0, "sum": 1 }, "geometry": { "type": "Point", "coordinates": [ -122.409229443375381, 47.567728072687821 ] } },
{ "type": "Feature", "properties": { "lat": 47.567748358812317, "lon": -122.40976411333612, "time_of_day": "Morning", "causation": [ "0", "0", "0", "0", "0", "0", "0", "0", "0", "0", "0", "0", "0", "0", "0", "0", "0", "0", "2", "0", "0", "0", "0", "0" ], "duration": 390.0, "sum": 2 }, "geometry": { "type": "Point", "coordinates": [ -122.409764113336124, 47.567748358812317 ] } },
{ "type": "Feature", "properties": { "lat": 47.567816787715529, "lon": -122.40979092382844, "time_of_day": "Morning", "causation": [ "0", "0", "0", "0", "0", "0", "0", "0", "0", "0", "0", "0", "0", "0", "0", "0", "0", "0", "10", "0", "0", "0", "0", "0" ], "duration": 1950.0, "sum": 10 }, "geometry": { "type": "Point", "coordinates": [ -122.409790923828439, 47.567816787715529 ] } },
{ "type": "Feature", "properties": { "lat": 47.567830757940399, "lon": -122.40914397481995, "time_of_day": "Morning", "causation": [ "0", "0", "0", "0", "0", "0", "0", "0", "0", "0", "0", "0", "0", "0", "0", "0", "0", "0", "3", "0", "0", "0", "0", "0" ], "duration": 585.0, "sum": 3 }, "geometry": { "type": "Point", "coordinates": [ -122.409143974819955, 47.567830757940399 ] } },
{ "type": "Feature", "properties": { "lat": 47.568331586880447, "lon": -122.40971648888704, "time_of_day": "Morning", "causation": [ "0", "0", "0", "0", "0", "0", "0", "0", "0", "0", "0", "0", "0", "0", "0", "0", "0", "0", "1", "0", "0", "0", "0", "0" ], "duration": 195.0, "sum": 1 }, "geometry": { "type": "Point", "coordinates": [ -122.409716488887042, 47.568331586880447 ] } },
{ "type": "Feature", "properties": { "lat": 47.570340253807736, "lon": -122.35121551493484, "time_of_day": "Morning", "causation": [ "0", "0", "0", "0", "0", "0", "0", "0", "0", "0", "1", "0", "0", "0", "0", "0", "0", "0", "0", "0", "0", "0", "0", "0" ], "duration": 1384.0, "sum": 1 }, "geometry": { "type": "Point", "coordinates": [ -122.351215514934836, 47.570340253807736 ] } },
{ "type": "Feature", "properties": { "lat": 47.570736528595951, "lon": -122.35095635566977, "time_of_day": "Morning", "causation": [ "0", "0", "0", "0", "0", "0", "0", "0", "0", "0", "1", "0", "0", "0", "0", "0", "0", "0", "0", "0", "0", "0", "0", "0" ], "duration": 1384.0, "sum": 1 }, "geometry": { "type": "Point", "coordinates": [ -122.350956355669766, 47.570736528595951 ] } },
{ "type": "Feature", "properties": { "lat": 47.570885977309644, "lon": -122.3511348562824, "time_of_day": "Morning", "causation": [ "0", "0", "0", "0", "0", "0", "0", "0", "0", "0", "1", "0", "0", "0", "0", "0", "0", "0", "0", "0", "0", "0", "0", "0" ], "duration": 1384.0, "sum": 1 }, "geometry": { "type": "Point", "coordinates": [ -122.3511348562824, 47.570885977309644 ] } },
{ "type": "Feature", "properties": { "lat": 47.578202045702199, "lon": -122.41107618116374, "time_of_day": "Morning", "causation": [ "0", "0", "0", "0", "0", "0", "0", "0", "1", "0", "0", "0", "0", "0", "0", "0", "0", "0", "0", "0", "0", "0", "0", "0" ], "duration": 54.0, "sum": 1 }, "geometry": { "type": "Point", "coordinates": [ -122.411076181163736, 47.578202045702199 ] } },
{ "type": "Feature", "properties": { "lat": 47.580248503726416, "lon": -122.35394760518638, "time_of_day": "Morning", "causation": [ "0", "0", "0", "0", "0", "0", "0", "0", "0", "0", "0", "0", "0", "0", "0", "0", "0", "0", "1", "0", "0", "0", "0", "0" ], "duration": 77.0, "sum": 1 }, "geometry": { "type": "Point", "coordinates": [ -122.353947605186377, 47.580248503726416 ] } },
{ "type": "Feature", "properties": { "lat": 47.588513231902382, "lon": -122.39487465437816, "time_of_day": "Morning", "causation": [ "0", "0", "0", "0", "0", "0", "0", "0", "1", "0", "0", "0", "0", "0", "0", "0", "0", "0", "0", "0", "0", "0", "0", "0" ], "duration": 38.0, "sum": 1 }, "geometry": { "type": "Point", "coordinates": [ -122.394874654378157, 47.588513231902382 ] } },
{ "type": "Feature", "properties": { "lat": 47.588565626136408, "lon": -122.39474347996946, "time_of_day": "Morning", "causation": [ "0", "0", "0", "0", "0", "0", "0", "0", "1", "0", "0", "0", "0", "0", "0", "0", "0", "0", "0", "0", "0", "0", "0", "0" ], "duration": 38.0, "sum": 1 }, "geometry": { "type": "Point", "coordinates": [ -122.394743479969463, 47.588565626136408 ] } },
{ "type": "Feature", "properties": { "lat": 47.588665092939273, "lon": -122.39467284116532, "time_of_day": "Morning", "causation": [ "0", "0", "0", "0", "0", "0", "0", "0", "1", "0", "0", "0", "0", "0", "0", "0", "0", "0", "0", "0", "0", "0", "0", "0" ], "duration": 38.0, "sum": 1 }, "geometry": { "type": "Point", "coordinates": [ -122.394672841165317, 47.588665092939273 ] } },
{ "type": "Feature", "properties": { "lat": 47.588768624570577, "lon": -122.39459438782544, "time_of_day": "Morning", "causation": [ "0", "0", "0", "0", "0", "0", "0", "0", "1", "0", "0", "0", "0", "0", "0", "0", "0", "0", "0", "0", "0", "0", "0", "0" ], "duration": 38.0, "sum": 1 }, "geometry": { "type": "Point", "coordinates": [ -122.394594387825435, 47.588768624570577 ] } },
{ "type": "Feature", "properties": { "lat": 47.588984939862918, "lon": -122.39419498977956, "time_of_day": "Late Night", "causation": [ "0", "0", "0", "0", "0", "0", "0", "0", "25", "0", "0", "0", "0", "0", "0", "0", "0", "0", "0", "0", "0", "0", "0", "0" ], "duration": 3475.0, "sum": 25 }, "geometry": { "type": "Point", "coordinates": [ -122.394194989779564, 47.588984939862918 ] } },
{ "type": "Feature", "properties": { "lat": 47.589462454369226, "lon": -122.39377674808088, "time_of_day": "Late Night", "causation": [ "0", "0", "0", "0", "0", "0", "0", "0", "26", "0", "0", "0", "0", "0", "0", "0", "0", "0", "0", "0", "0", "0", "0", "0" ], "duration": 3614.0, "sum": 26 }, "geometry": { "type": "Point", "coordinates": [ -122.393776748080882, 47.589462454369226 ] } },
{ "type": "Feature", "properties": { "lat": 47.589518984400165, "lon": -122.39348194630696, "time_of_day": "Late Night", "causation": [ "0", "0", "0", "0", "0", "0", "0", "0", "17", "0", "0", "0", "0", "0", "0", "0", "0", "0", "0", "0", "0", "0", "0", "0" ], "duration": 2363.0, "sum": 17 }, "geometry": { "type": "Point", "coordinates": [ -122.393481946306963, 47.589518984400165 ] } },
{ "type": "Feature", "properties": { "lat": 47.589986711114904, "lon": -122.39313402935652, "time_of_day": "Late Night", "causation": [ "0", "0", "0", "0", "0", "0", "0", "0", "26", "0", "0", "0", "0", "0", "0", "0", "0", "0", "0", "0", "0", "0", "0", "0" ], "duration": 3614.0, "sum": 26 }, "geometry": { "type": "Point", "coordinates": [ -122.393134029356517, 47.589986711114904 ] } },
{ "type": "Feature", "properties": { "lat": 47.59009602077677, "lon": -122.39304397736846, "time_of_day": "Late Night", "causation": [ "0", "0", "0", "0", "0", "0", "0", "0", "1", "0", "0", "0", "0", "0", "0", "0", "0", "0", "0", "0", "0", "0", "0", "0" ], "duration": 139.0, "sum": 1 }, "geometry": { "type": "Point", "coordinates": [ -122.393043977368464, 47.59009602077677 ] } },
{ "type": "Feature", "properties": { "lat": 47.590153754026829, "lon": -122.39296488011058, "time_of_day": "Late Night", "causation": [ "0", "0", "0", "0", "0", "0", "0", "0", "1", "0", "0", "0", "0", "0", "0", "0", "0", "0", "0", "0", "0", "0", "0", "0" ], "duration": 139.0, "sum": 1 }, "geometry": { "type": "Point", "coordinates": [ -122.392964880110583, 47.590153754026829 ] } },
{ "type": "Feature", "properties": { "lat": 47.590285070154188, "lon": -122.3928205520949, "time_of_day": "Late Night", "causation": [ "0", "0", "0", "0", "0", "0", "0", "0", "12", "0", "0", "0", "0", "0", "0", "0", "0", "0", "0", "0", "0", "0", "0", "0" ], "duration": 1668.0, "sum": 12 }, "geometry": { "type": "Point", "coordinates": [ -122.392820552094904, 47.590285070154188 ] } },
{ "type": "Feature", "properties": { "lat": 47.590362803414962, "lon": -122.39268503931636, "time_of_day": "Late Night", "causation": [ "0", "0", "0", "0", "0", "0", "0", "0", "1", "0", "0", "0", "0", "0", "0", "0", "0", "0", "0", "0", "0", "0", "0", "0" ], "duration": 139.0, "sum": 1 }, "geometry": { "type": "Point", "coordinates": [ -122.392685039316362, 47.590362803414962 ] } },
{ "type": "Feature", "properties": { "lat": 47.590430752046679, "lon": -122.392619574633, "time_of_day": "Late Night", "causation": [ "0", "0", "0", "0", "0", "0", "0", "0", "2", "0", "0", "0", "0", "0", "0", "0", "0", "0", "0", "0", "0", "0", "0", "0" ], "duration": 278.0, "sum": 2 }, "geometry": { "type": "Point", "coordinates": [ -122.392619574633002, 47.590430752046679 ] } },
{ "type": "Feature", "properties": { "lat": 47.590520865636833, "lon": -122.39243617696737, "time_of_day": "Late Night", "causation": [ "0", "0", "0", "0", "0", "0", "0", "0", "11", "0", "0", "0", "0", "0", "0", "0", "0", "0", "0", "0", "0", "0", "0", "0" ], "duration": 1529.0, "sum": 11 }, "geometry": { "type": "Point", "coordinates": [ -122.392436176967365, 47.590520865636833 ] } },
{ "type": "Feature", "properties": { "lat": 47.590652385943571, "lon": -122.3924414052303, "time_of_day": "Late Night", "causation": [ "0", "0", "0", "0", "0", "0", "0", "0", "1", "0", "0", "0", "0", "0", "0", "0", "0", "0", "0", "0", "0", "0", "0", "0" ], "duration": 139.0, "sum": 1 }, "geometry": { "type": "Point", "coordinates": [ -122.392441405230301, 47.590652385943571 ] } },
{ "type": "Feature", "properties": { "lat": 47.590707344112047, "lon": -122.39235706343284, "time_of_day": "Late Night", "causation": [ "0", "0", "0", "0", "0", "0", "0", "0", "1", "0", "0", "0", "0", "0", "0", "0", "0", "0", "0", "0", "0", "0", "0", "0" ], "duration": 139.0, "sum": 1 }, "geometry": { "type": "Point", "coordinates": [ -122.39235706343284, 47.590707344112047 ] } },
{ "type": "Feature", "properties": { "lat": 47.590907495110166, "lon": -122.39208232152043, "time_of_day": "Late Night", "causation": [ "0", "0", "0", "0", "0", "0", "0", "0", "22", "0", "0", "0", "0", "0", "0", "0", "0", "0", "0", "0", "0", "0", "0", "0" ], "duration": 3058.0, "sum": 22 }, "geometry": { "type": "Point", "coordinates": [ -122.392082321520434, 47.590907495110166 ] } },
{ "type": "Feature", "properties": { "lat": 47.591139389293865, "lon": -122.3919509275544, "time_of_day": "Late Night", "causation": [ "0", "0", "0", "0", "0", "0", "0", "0", "9", "0", "0", "0", "0", "0", "0", "0", "0", "0", "0", "0", "0", "0", "0", "0" ], "duration": 1251.0, "sum": 9 }, "geometry": { "type": "Point", "coordinates": [ -122.391950927554404, 47.591139389293865 ] } },
{ "type": "Feature", "properties": { "lat": 47.591267804332787, "lon": -122.3918877497218, "time_of_day": "Late Night", "causation": [ "0", "0", "0", "0", "0", "0", "0", "0", "3", "0", "0", "0", "0", "0", "0", "0", "0", "0", "0", "0", "0", "0", "0", "0" ], "duration": 417.0, "sum": 3 }, "geometry": { "type": "Point", "coordinates": [ -122.391887749721803, 47.591267804332787 ] } },
{ "type": "Feature", "properties": { "lat": 47.59134586037564, "lon": -122.39182809812766, "time_of_day": "Late Night", "causation": [ "0", "0", "0", "0", "0", "0", "0", "0", "1", "0", "0", "0", "0", "0", "0", "0", "0", "0", "0", "0", "0", "0", "0", "0" ], "duration": 139.0, "sum": 1 }, "geometry": { "type": "Point", "coordinates": [ -122.391828098127661, 47.59134586037564 ] } },
{ "type": "Feature", "properties": { "lat": 47.591503751531938, "lon": -122.39173176164093, "time_of_day": "Late Night", "causation": [ "0", "0", "0", "0", "0", "0", "0", "0", "2", "0", "0", "0", "0", "0", "0", "0", "0", "0", "0", "0", "0", "0", "0", "0" ], "duration": 278.0, "sum": 2 }, "geometry": { "type": "Point", "coordinates": [ -122.391731761640926, 47.591503751531938 ] } },
{ "type": "Feature", "properties": { "lat": 47.59216310304005, "lon": -122.31066299915756, "time_of_day": "Morning", "causation": [ "0", "0", "0", "0", "0", "0", "0", "0", "0", "0", "0", "0", "0", "0", "0", "0", "0", "0", "1", "0", "0", "0", "0", "0" ], "duration": 283.0, "sum": 1 }, "geometry": { "type": "Point", "coordinates": [ -122.310662999157557, 47.59216310304005 ] } },
{ "type": "Feature", "properties": { "lat": 47.596567152665799, "lon": -122.29533680557186, "time_of_day": "Late Night", "causation": [ "0", "0", "0", "0", "0", "0", "0", "0", "1", "0", "0", "0", "0", "0", "0", "0", "0", "0", "0", "0", "0", "0", "0", "0" ], "duration": 187.0, "sum": 1 }, "geometry": { "type": "Point", "coordinates": [ -122.295336805571864, 47.596567152665799 ] } },
{ "type": "Feature", "properties": { "lat": 47.599424885347297, "lon": -122.3061168868834, "time_of_day": "Morning", "causation": [ "0", "0", "0", "0", "0", "0", "0", "0", "0", "0", "0", "0", "0", "0", "0", "0", "0", "0", "1", "0", "0", "0", "0", "0" ], "duration": 225.0, "sum": 1 }, "geometry": { "type": "Point", "coordinates": [ -122.306116886883402, 47.599424885347297 ] } },
{ "type": "Feature", "properties": { "lat": 47.599471354373946, "lon": -122.30304342403322, "time_of_day": "Morning", "causation": [ "0", "0", "0", "0", "0", "0", "0", "0", "0", "0", "0", "0", "0", "0", "0", "0", "0", "0", "1", "0", "0", "0", "0", "0" ], "duration": 225.0, "sum": 1 }, "geometry": { "type": "Point", "coordinates": [ -122.30304342403322, 47.599471354373946 ] } },
{ "type": "Feature", "properties": { "lat": 47.599654465426788, "lon": -122.30300302435546, "time_of_day": "Morning", "causation": [ "0", "0", "0", "0", "0", "0", "0", "0", "0", "0", "0", "0", "0", "0", "0", "0", "0", "0", "1", "0", "0", "0", "0", "0" ], "duration": 225.0, "sum": 1 }, "geometry": { "type": "Point", "coordinates": [ -122.303003024355462, 47.599654465426788 ] } },
{ "type": "Feature", "properties": { "lat": 47.599689318597264, "lon": -122.30559173948691, "time_of_day": "Morning", "causation": [ "0", "0", "0", "0", "0", "0", "0", "0", "0", "0", "0", "0", "0", "0", "0", "0", "0", "0", "1", "0", "0", "0", "0", "0" ], "duration": 225.0, "sum": 1 }, "geometry": { "type": "Point", "coordinates": [ -122.305591739486914, 47.599689318597264 ] } },
{ "type": "Feature", "properties": { "lat": 47.599689386504132, "lon": -122.30566997079472, "time_of_day": "Morning", "causation": [ "0", "0", "0", "0", "0", "0", "0", "0", "0", "0", "0", "0", "0", "0", "0", "0", "0", "0", "1", "0", "0", "0", "0", "0" ], "duration": 225.0, "sum": 1 }, "geometry": { "type": "Point", "coordinates": [ -122.305669970794725, 47.599689386504132 ] } },
{ "type": "Feature", "properties": { "lat": 47.599692698629049, "lon": -122.30592018207579, "time_of_day": "Morning", "causation": [ "0", "0", "0", "0", "0", "0", "0", "0", "0", "0", "0", "0", "0", "0", "0", "0", "0", "0", "1", "0", "0", "0", "0", "0" ], "duration": 225.0, "sum": 1 }, "geometry": { "type": "Point", "coordinates": [ -122.305920182075795, 47.599692698629049 ] } },
{ "type": "Feature", "properties": { "lat": 47.599692923237832, "lon": -122.30599056934965, "time_of_day": "Morning", "causation": [ "0", "0", "0", "0", "0", "0", "0", "0", "0", "0", "0", "0", "0", "0", "0", "0", "0", "0", "1", "0", "0", "0", "0", "0" ], "duration": 225.0, "sum": 1 }, "geometry": { "type": "Point", "coordinates": [ -122.305990569349646, 47.599692923237832 ] } },
{ "type": "Feature", "properties": { "lat": 47.599704508890753, "lon": -122.30365626239126, "time_of_day": "Morning", "causation": [ "0", "0", "0", "0", "0", "0", "0", "0", "0", "0", "0", "0", "0", "0", "0", "0", "0", "0", "3", "0", "0", "0", "0", "0" ], "duration": 675.0, "sum": 3 }, "geometry": { "type": "Point", "coordinates": [ -122.303656262391257, 47.599704508890753 ] } },
{ "type": "Feature", "properties": { "lat": 47.599708675706495, "lon": -122.30610340323818, "time_of_day": "Morning", "causation": [ "0", "0", "0", "0", "0", "0", "0", "0", "0", "0", "0", "0", "0", "0", "0", "0", "0", "0", "1", "0", "0", "0", "0", "0" ], "duration": 225.0, "sum": 1 }, "geometry": { "type": "Point", "coordinates": [ -122.306103403238183, 47.599708675706495 ] } },
{ "type": "Feature", "properties": { "lat": 47.599728785059391, "lon": -122.30511233491509, "time_of_day": "Morning", "causation": [ "0", "0", "0", "0", "0", "0", "0", "0", "0", "0", "0", "0", "0", "0", "0", "0", "0", "0", "1", "0", "0", "0", "0", "0" ], "duration": 225.0, "sum": 1 }, "geometry": { "type": "Point", "coordinates": [ -122.305112334915094, 47.599728785059391 ] } },
{ "type": "Feature", "properties": { "lat": 47.599729323506168, "lon": -122.30517304210984, "time_of_day": "Morning", "causation": [ "0", "0", "0", "0", "0", "0", "0", "0", "0", "0", "0", "0", "0", "0", "0", "0", "0", "0", "1", "0", "0", "0", "0", "0" ], "duration": 225.0, "sum": 1 }, "geometry": { "type": "Point", "coordinates": [ -122.305173042109843, 47.599729323506168 ] } },
{ "type": "Feature", "properties": { "lat": 47.599729676224221, "lon": -122.30494104750331, "time_of_day": "Morning", "causation": [ "0", "0", "0", "0", "0", "0", "0", "0", "0", "0", "0", "0", "0", "0", "0", "0", "0", "0", "1", "0", "0", "0", "0", "0" ], "duration": 225.0, "sum": 1 }, "geometry": { "type": "Point", "coordinates": [ -122.304941047503306, 47.599729676224221 ] } },
{ "type": "Feature", "properties": { "lat": 47.599730063661681, "lon": -122.30501349882624, "time_of_day": "Morning", "causation": [ "0", "0", "0", "0", "0", "0", "0", "0", "0", "0", "0", "0", "0", "0", "0", "0", "0", "0", "1", "0", "0", "0", "0", "0" ], "duration": 225.0, "sum": 1 }, "geometry": { "type": "Point", "coordinates": [ -122.305013498826241, 47.599730063661681 ] } },
{ "type": "Feature", "properties": { "lat": 47.599750998218255, "lon": -122.30610282118676, "time_of_day": "Morning", "causation": [ "0", "0", "0", "0", "0", "0", "0", "0", "0", "0", "0", "0", "0", "0", "0", "0", "0", "0", "1", "0", "0", "0", "0", "0" ], "duration": 225.0, "sum": 1 }, "geometry": { "type": "Point", "coordinates": [ -122.306102821186755, 47.599750998218255 ] } },
{ "type": "Feature", "properties": { "lat": 47.599755742081122, "lon": -122.30456812195966, "time_of_day": "Morning", "causation": [ "0", "0", "0", "0", "0", "0", "0", "0", "0", "0", "0", "0", "0", "0", "0", "0", "0", "0", "13", "0", "0", "0", "0", "0" ], "duration": 2925.0, "sum": 13 }, "geometry": { "type": "Point", "coordinates": [ -122.304568121959662, 47.599755742081122 ] } },
{ "type": "Feature", "properties": { "lat": 47.59977935681507, "lon": -122.3069070159506, "time_of_day": "Morning", "causation": [ "0", "0", "0", "0", "0", "0", "0", "0", "0", "0", "0", "0", "0", "0", "0", "0", "0", "0", "1", "0", "0", "0", "0", "0" ], "duration": 225.0, "sum": 1 }, "geometry": { "type": "Point", "coordinates": [ -122.3069070159506, 47.59977935681507 ] } },
{ "type": "Feature", "properties": { "lat": 47.599782922789799, "lon": -122.30531389701568, "time_of_day": "Morning", "causation": [ "0", "0", "0", "0", "0", "0", "0", "0", "0", "0", "0", "0", "0", "0", "0", "0", "0", "0", "1", "0", "0", "0", "0", "0" ], "duration": 225.0, "sum": 1 }, "geometry": { "type": "Point", "coordinates": [ -122.305313897015679, 47.599782922789799 ] } },
{ "type": "Feature", "properties": { "lat": 47.599810512077376, "lon": -122.30580507458812, "time_of_day": "Morning", "causation": [ "0", "0", "0", "0", "0", "0", "0", "0", "0", "0", "0", "0", "0", "0", "0", "0", "0", "0", "1", "0", "0", "0", "0", "0" ], "duration": 225.0, "sum": 1 }, "geometry": { "type": "Point", "coordinates": [ -122.305805074588122, 47.599810512077376 ] } },
{ "type": "Feature", "properties": { "lat": 47.599846891727388, "lon": -122.30617926044724, "time_of_day": "Morning", "causation": [ "0", "0", "0", "0", "0", "0", "0", "0", "0", "0", "0", "0", "0", "0", "0", "0", "0", "0", "1", "0", "0", "0", "0", "0" ], "duration": 225.0, "sum": 1 }, "geometry": { "type": "Point", "coordinates": [ -122.306179260447237, 47.599846891727388 ] } },
{ "type": "Feature", "properties": { "lat": 47.59984722964704, "lon": -122.30597818048976, "time_of_day": "Morning", "causation": [ "0", "0", "0", "0", "0", "0", "0", "0", "0", "0", "0", "0", "0", "0", "0", "0", "0", "0", "1", "0", "0", "0", "0", "0" ], "duration": 225.0, "sum": 1 }, "geometry": { "type": "Point", "coordinates": [ -122.30597818048976, 47.59984722964704 ] } },
{ "type": "Feature", "properties": { "lat": 47.5998479326596, "lon": -122.30609885490546, "time_of_day": "Morning", "causation": [ "0", "0", "0", "0", "0", "0", "0", "0", "0", "0", "0", "0", "0", "0", "0", "0", "0", "0", "1", "0", "0", "0", "0", "0" ], "duration": 225.0, "sum": 1 }, "geometry": { "type": "Point", "coordinates": [ -122.306098854905457, 47.5998479326596 ] } },
{ "type": "Feature", "properties": { "lat": 47.599848162865051, "lon": -122.30566648024866, "time_of_day": "Morning", "causation": [ "0", "0", "0", "0", "0", "0", "0", "0", "0", "0", "0", "0", "0", "0", "0", "0", "0", "0", "1", "0", "0", "0", "0", "0" ], "duration": 225.0, "sum": 1 }, "geometry": { "type": "Point", "coordinates": [ -122.305666480248661, 47.599848162865051 ] } },
{ "type": "Feature", "properties": { "lat": 47.599848282829647, "lon": -122.3050309982125, "time_of_day": "Morning", "causation": [ "0", "0", "0", "0", "0", "0", "0", "0", "0", "0", "0", "0", "0", "0", "0", "0", "0", "0", "1", "0", "0", "0", "0", "0" ], "duration": 225.0, "sum": 1 }, "geometry": { "type": "Point", "coordinates": [ -122.305030998212501, 47.599848282829647 ] } },
{ "type": "Feature", "properties": { "lat": 47.59984913357934, "lon": -122.30559147261816, "time_of_day": "Morning", "causation": [ "0", "0", "0", "0", "0", "0", "0", "0", "0", "0", "0", "0", "0", "0", "0", "0", "0", "0", "1", "0", "0", "0", "0", "0" ], "duration": 225.0, "sum": 1 }, "geometry": { "type": "Point", "coordinates": [ -122.305591472618161, 47.59984913357934 ] } },
{ "type": "Feature", "properties": { "lat": 47.599849207879622, "lon": -122.30591288226933, "time_of_day": "Morning", "causation": [ "0", "0", "0", "0", "0", "0", "0", "0", "0", "0", "0", "0", "0", "0", "0", "0", "0", "0", "1", "0", "0", "0", "0", "0" ], "duration": 225.0, "sum": 1 }, "geometry": { "type": "Point", "coordinates": [ -122.305912882269325, 47.599849207879622 ] } },
{ "type": "Feature", "properties": { "lat": 47.599849302139091, "lon": -122.3049522014864, "time_of_day": "Morning", "causation": [ "0", "0", "0", "0", "0", "0", "0", "0", "0", "0", "0", "0", "0", "0", "0", "0", "0", "0", "1", "0", "0", "0", "0", "0" ], "duration": 225.0, "sum": 1 }, "geometry": { "type": "Point", "coordinates": [ -122.304952201486401, 47.599849302139091 ] } },
{ "type": "Feature", "properties": { "lat": 47.599850420586975, "lon": -122.30518264096432, "time_of_day": "Morning", "causation": [ "0", "0", "0", "0", "0", "0", "0", "0", "0", "0", "0", "0", "0", "0", "0", "0", "0", "0", "1", "0", "0", "0", "0", "0" ], "duration": 225.0, "sum": 1 }, "geometry": { "type": "Point", "coordinates": [ -122.305182640964318, 47.599850420586975 ] } },
{ "type": "Feature", "properties": { "lat": 47.599851322355292, "lon": -122.30511293803846, "time_of_day": "Morning", "causation": [ "0", "0", "0", "0", "0", "0", "0", "0", "0", "0", "0", "0", "0", "0", "0", "0", "0", "0", "1", "0", "0", "0", "0", "0" ], "duration": 225.0, "sum": 1 }, "geometry": { "type": "Point", "coordinates": [ -122.305112938038462, 47.599851322355292 ] } },
{ "type": "Feature", "properties": { "lat": 47.599859997637708, "lon": -122.30298041799962, "time_of_day": "Morning", "causation": [ "0", "0", "0", "0", "0", "0", "0", "0", "0", "0", "0", "0", "0", "0", "0", "0", "0", "0", "32", "0", "0", "0", "0", "0" ], "duration": 7200.0, "sum": 32 }, "geometry": { "type": "Point", "coordinates": [ -122.30298041799962, 47.599859997637708 ] } },
{ "type": "Feature", "properties": { "lat": 47.600048066824392, "lon": -122.30257444724872, "time_of_day": "Morning", "causation": [ "0", "0", "0", "0", "0", "0", "0", "0", "0", "0", "0", "0", "0", "0", "0", "0", "0", "0", "60", "0", "0", "0", "0", "0" ], "duration": 13500.0, "sum": 60 }, "geometry": { "type": "Point", "coordinates": [ -122.302574447248716, 47.600048066824392 ] } },
{ "type": "Feature", "properties": { "lat": 47.600137477174414, "lon": -122.30305657555436, "time_of_day": "Morning", "causation": [ "0", "0", "0", "0", "0", "0", "0", "0", "0", "0", "0", "0", "0", "0", "0", "0", "0", "0", "14", "0", "0", "0", "0", "0" ], "duration": 3150.0, "sum": 14 }, "geometry": { "type": "Point", "coordinates": [ -122.303056575554365, 47.600137477174414 ] } },
{ "type": "Feature", "properties": { "lat": 47.600144211349054, "lon": -122.30500122631736, "time_of_day": "Morning", "causation": [ "0", "0", "0", "0", "0", "0", "0", "0", "0", "0", "0", "0", "0", "0", "0", "0", "0", "0", "1", "0", "0", "0", "0", "0" ], "duration": 225.0, "sum": 1 }, "geometry": { "type": "Point", "coordinates": [ -122.305001226317358, 47.600144211349054 ] } },
{ "type": "Feature", "properties": { "lat": 47.600189417934097, "lon": -122.30500250462612, "time_of_day": "Morning", "causation": [ "0", "0", "0", "0", "0", "0", "0", "0", "0", "0", "0", "0", "0", "0", "0", "0", "0", "0", "1", "0", "0", "0", "0", "0" ], "duration": 225.0, "sum": 1 }, "geometry": { "type": "Point", "coordinates": [ -122.305002504626117, 47.600189417934097 ] } },
{ "type": "Feature", "properties": { "lat": 47.600191201568826, "lon": -122.30609258788752, "time_of_day": "Morning", "causation": [ "0", "0", "0", "0", "0", "0", "0", "0", "0", "0", "0", "0", "0", "0", "0", "0", "0", "0", "1", "0", "0", "0", "0", "0" ], "duration": 237.0, "sum": 1 }, "geometry": { "type": "Point", "coordinates": [ -122.30609258788752, 47.600191201568826 ] } },
{ "type": "Feature", "properties": { "lat": 47.600208671924953, "lon": -122.30548638797536, "time_of_day": "Morning", "causation": [ "0", "0", "0", "0", "0", "0", "0", "0", "0", "0", "0", "0", "0", "0", "0", "0", "0", "0", "4", "0", "0", "0", "0", "0" ], "duration": 900.0, "sum": 4 }, "geometry": { "type": "Point", "coordinates": [ -122.305486387975364, 47.600208671924953 ] } },
{ "type": "Feature", "properties": { "lat": 47.600237900743899, "lon": -122.30500809985598, "time_of_day": "Morning", "causation": [ "0", "0", "0", "0", "0", "0", "0", "0", "0", "0", "0", "0", "0", "0", "0", "0", "0", "0", "1", "0", "0", "0", "0", "0" ], "duration": 225.0, "sum": 1 }, "geometry": { "type": "Point", "coordinates": [ -122.305008099855982, 47.600237900743899 ] } },
{ "type": "Feature", "properties": { "lat": 47.600260288031386, "lon": -122.30515911641348, "time_of_day": "Morning", "causation": [ "0", "0", "0", "0", "0", "0", "0", "0", "0", "0", "0", "0", "0", "0", "0", "0", "0", "0", "5", "0", "0", "0", "0", "0" ], "duration": 1125.0, "sum": 5 }, "geometry": { "type": "Point", "coordinates": [ -122.305159116413478, 47.600260288031386 ] } },
{ "type": "Feature", "properties": { "lat": 47.600275027199658, "lon": -122.30465853448813, "time_of_day": "Morning", "causation": [ "0", "0", "0", "0", "0", "0", "0", "0", "0", "0", "0", "0", "0", "0", "0", "0", "0", "0", "8", "0", "0", "0", "0", "0" ], "duration": 1800.0, "sum": 8 }, "geometry": { "type": "Point", "coordinates": [ -122.304658534488127, 47.600275027199658 ] } },
{ "type": "Feature", "properties": { "lat": 47.600289640992855, "lon": -122.30593815078636, "time_of_day": "Morning", "causation": [ "0", "0", "0", "0", "0", "0", "0", "0", "0", "0", "0", "0", "0", "0", "0", "0", "0", "0", "1", "0", "0", "0", "0", "0" ], "duration": 237.0, "sum": 1 }, "geometry": { "type": "Point", "coordinates": [ -122.305938150786361, 47.600289640992855 ] } },
{ "type": "Feature", "properties": { "lat": 47.600292085209681, "lon": -122.30613990712284, "time_of_day": "Morning", "causation": [ "0", "0", "0", "0", "0", "0", "0", "0", "0", "0", "0", "0", "0", "0", "0", "0", "0", "0", "1", "0", "0", "0", "0", "0" ], "duration": 237.0, "sum": 1 }, "geometry": { "type": "Point", "coordinates": [ -122.306139907122841, 47.600292085209681 ] } },
{ "type": "Feature", "properties": { "lat": 47.600313673300867, "lon": -122.30572031937068, "time_of_day": "Morning", "causation": [ "0", "0", "0", "0", "0", "0", "0", "0", "0", "0", "0", "0", "0", "0", "0", "0", "0", "0", "13", "0", "0", "0", "0", "0" ], "duration": 2925.0, "sum": 13 }, "geometry": { "type": "Point", "coordinates": [ -122.305720319370678, 47.600313673300867 ] } },
{ "type": "Feature", "properties": { "lat": 47.600358347981093, "lon": -122.30791411054869, "time_of_day": "Morning", "causation": [ "0", "0", "0", "0", "0", "0", "0", "0", "0", "0", "0", "0", "0", "0", "0", "0", "0", "0", "1", "0", "0", "0", "0", "0" ], "duration": 237.0, "sum": 1 }, "geometry": { "type": "Point", "coordinates": [ -122.307914110548694, 47.600358347981093 ] } },
{ "type": "Feature", "properties": { "lat": 47.600364230538887, "lon": -122.30501272616304, "time_of_day": "Morning", "causation": [ "0", "0", "0", "0", "0", "0", "0", "0", "0", "0", "0", "0", "0", "0", "0", "0", "0", "0", "1", "0", "0", "0", "0", "0" ], "duration": 225.0, "sum": 1 }, "geometry": { "type": "Point", "coordinates": [ -122.305012726163042, 47.600364230538887 ] } },
{ "type": "Feature", "properties": { "lat": 47.600393643436519, "lon": -122.30614835540324, "time_of_day": "Morning", "causation": [ "0", "0", "0", "0", "0", "0", "0", "0", "0", "0", "0", "0", "0", "0", "0", "0", "0", "0", "1", "0", "0", "0", "0", "0" ], "duration": 237.0, "sum": 1 }, "geometry": { "type": "Point", "coordinates": [ -122.306148355403238, 47.600393643436519 ] } },
{ "type": "Feature", "properties": { "lat": 47.600393946777622, "lon": -122.30593958187782, "time_of_day": "Morning", "causation": [ "0", "0", "0", "0", "0", "0", "0", "0", "0", "0", "0", "0", "0", "0", "0", "0", "0", "0", "1", "0", "0", "0", "0", "0" ], "duration": 237.0, "sum": 1 }, "geometry": { "type": "Point", "coordinates": [ -122.305939581877823, 47.600393946777622 ] } },
{ "type": "Feature", "properties": { "lat": 47.600468626563973, "lon": -122.30409397516306, "time_of_day": "Morning", "causation": [ "0", "0", "0", "0", "0", "0", "0", "0", "0", "0", "0", "0", "0", "0", "0", "0", "0", "0", "6", "0", "0", "0", "0", "0" ], "duration": 1350.0, "sum": 6 }, "geometry": { "type": "Point", "coordinates": [ -122.304093975163056, 47.600468626563973 ] } },
{ "type": "Feature", "properties": { "lat": 47.600477085065577, "lon": -122.30304012296668, "time_of_day": "Morning", "causation": [ "0", "0", "0", "0", "0", "0", "0", "0", "0", "0", "0", "0", "0", "0", "0", "0", "0", "0", "5", "0", "0", "0", "0", "0" ], "duration": 1125.0, "sum": 5 }, "geometry": { "type": "Point", "coordinates": [ -122.303040122966678, 47.600477085065577 ] } },
{ "type": "Feature", "properties": { "lat": 47.600484467444112, "lon": -122.30456320211178, "time_of_day": "Morning", "causation": [ "0", "0", "0", "0", "0", "0", "0", "0", "0", "0", "0", "0", "0", "0", "0", "0", "0", "0", "1", "0", "0", "0", "0", "0" ], "duration": 225.0, "sum": 1 }, "geometry": { "type": "Point", "coordinates": [ -122.30456320211178, 47.600484467444112 ] } },
{ "type": "Feature", "properties": { "lat": 47.600485644460925, "lon": -122.30479290819402, "time_of_day": "Morning", "causation": [ "0", "0", "0", "0", "0", "0", "0", "0", "0", "0", "0", "0", "0", "0", "0", "0", "0", "0", "1", "0", "0", "0", "0", "0" ], "duration": 225.0, "sum": 1 }, "geometry": { "type": "Point", "coordinates": [ -122.304792908194017, 47.600485644460925 ] } },
{ "type": "Feature", "properties": { "lat": 47.600495674974376, "lon": -122.30494835566761, "time_of_day": "Morning", "causation": [ "0", "0", "0", "0", "0", "0", "0", "0", "0", "0", "0", "0", "0", "0", "0", "0", "0", "0", "2", "0", "0", "0", "0", "0" ], "duration": 450.0, "sum": 2 }, "geometry": { "type": "Point", "coordinates": [ -122.304948355667605, 47.600495674974376 ] } },
{ "type": "Feature", "properties": { "lat": 47.600497010512719, "lon": -122.30501767677868, "time_of_day": "Morning", "causation": [ "0", "0", "0", "0", "0", "0", "0", "0", "0", "0", "0", "0", "0", "0", "0", "0", "0", "0", "1", "0", "0", "0", "0", "0" ], "duration": 225.0, "sum": 1 }, "geometry": { "type": "Point", "coordinates": [ -122.305017676778675, 47.600497010512719 ] } },
{ "type": "Feature", "properties": { "lat": 47.600499540105318, "lon": -122.30547078199228, "time_of_day": "Morning", "causation": [ "0", "0", "0", "0", "0", "0", "0", "0", "0", "0", "0", "0", "0", "0", "0", "0", "0", "0", "1", "0", "0", "0", "0", "0" ], "duration": 225.0, "sum": 1 }, "geometry": { "type": "Point", "coordinates": [ -122.305470781992284, 47.600499540105318 ] } },
{ "type": "Feature", "properties": { "lat": 47.600508816524069, "lon": -122.30580569646288, "time_of_day": "Morning", "causation": [ "0", "0", "0", "0", "0", "0", "0", "0", "0", "0", "0", "0", "0", "0", "0", "0", "0", "0", "1", "0", "0", "0", "0", "0" ], "duration": 237.0, "sum": 1 }, "geometry": { "type": "Point", "coordinates": [ -122.305805696462883, 47.600508816524069 ] } },
{ "type": "Feature", "properties": { "lat": 47.600509076383652, "lon": -122.30564271558517, "time_of_day": "Morning", "causation": [ "0", "0", "0", "0", "0", "0", "0", "0", "0", "0", "0", "0", "0", "0", "0", "0", "0", "0", "1", "0", "0", "0", "0", "0" ], "duration": 237.0, "sum": 1 }, "geometry": { "type": "Point", "coordinates": [ -122.305642715585165, 47.600509076383652 ] } },
{ "type": "Feature", "properties": { "lat": 47.600526272110393, "lon": -122.30563978044216, "time_of_day": "Morning", "causation": [ "0", "0", "0", "0", "0", "0", "0", "0", "0", "0", "0", "0", "0", "0", "0", "0", "0", "0", "1", "0", "0", "0", "0", "0" ], "duration": 237.0, "sum": 1 }, "geometry": { "type": "Point", "coordinates": [ -122.305639780442164, 47.600526272110393 ] } },
{ "type": "Feature", "properties": { "lat": 47.600531931441211, "lon": -122.30579470726612, "time_of_day": "Morning", "causation": [ "0", "0", "0", "0", "0", "0", "0", "0", "0", "0", "0", "0", "0", "0", "0", "0", "0", "0", "1", "0", "0", "0", "0", "0" ], "duration": 237.0, "sum": 1 }, "geometry": { "type": "Point", "coordinates": [ -122.305794707266116, 47.600531931441211 ] } },
{ "type": "Feature", "properties": { "lat": 47.600536451634383, "lon": -122.30456690136056, "time_of_day": "Morning", "causation": [ "0", "0", "0", "0", "0", "0", "0", "0", "0", "0", "0", "0", "0", "0", "0", "0", "0", "0", "1", "0", "0", "0", "0", "0" ], "duration": 225.0, "sum": 1 }, "geometry": { "type": "Point", "coordinates": [ -122.304566901360559, 47.600536451634383 ] } },
{ "type": "Feature", "properties": { "lat": 47.60053692479989, "lon": -122.30479268374002, "time_of_day": "Morning", "causation": [ "0", "0", "0", "0", "0", "0", "0", "0", "0", "0", "0", "0", "0", "0", "0", "0", "0", "0", "1", "0", "0", "0", "0", "0" ], "duration": 225.0, "sum": 1 }, "geometry": { "type": "Point", "coordinates": [ -122.304792683740018, 47.60053692479989 ] } },
{ "type": "Feature", "properties": { "lat": 47.600550628304966, "lon": -122.3036627543803, "time_of_day": "Morning", "causation": [ "0", "0", "0", "0", "0", "0", "0", "0", "0", "0", "0", "0", "0", "0", "0", "0", "0", "0", "18", "0", "0", "0", "0", "0" ], "duration": 4050.0, "sum": 18 }, "geometry": { "type": "Point", "coordinates": [ -122.303662754380298, 47.600550628304966 ] } },
{ "type": "Feature", "properties": { "lat": 47.600586596548389, "lon": -122.30564166131606, "time_of_day": "Morning", "causation": [ "0", "0", "0", "0", "0", "0", "0", "0", "0", "0", "0", "0", "0", "0", "0", "0", "0", "0", "1", "0", "0", "0", "0", "0" ], "duration": 237.0, "sum": 1 }, "geometry": { "type": "Point", "coordinates": [ -122.305641661316059, 47.600586596548389 ] } },
{ "type": "Feature", "properties": { "lat": 47.60060208057196, "lon": -122.30580231896606, "time_of_day": "Morning", "causation": [ "0", "0", "0", "0", "0", "0", "0", "0", "0", "0", "0", "0", "0", "0", "0", "0", "0", "0", "1", "0", "0", "0", "0", "0" ], "duration": 237.0, "sum": 1 }, "geometry": { "type": "Point", "coordinates": [ -122.305802318966059, 47.60060208057196 ] } },
{ "type": "Feature", "properties": { "lat": 47.600622457275129, "lon": -122.3045637583464, "time_of_day": "Morning", "causation": [ "0", "0", "0", "0", "0", "0", "0", "0", "0", "0", "0", "0", "0", "0", "0", "0", "0", "0", "1", "0", "0", "0", "0", "0" ], "duration": 225.0, "sum": 1 }, "geometry": { "type": "Point", "coordinates": [ -122.304563758346404, 47.600622457275129 ] } },
{ "type": "Feature", "properties": { "lat": 47.600624764674734, "lon": -122.30479349699731, "time_of_day": "Morning", "causation": [ "0", "0", "0", "0", "0", "0", "0", "0", "0", "0", "0", "0", "0", "0", "0", "0", "0", "0", "1", "0", "0", "0", "0", "0" ], "duration": 225.0, "sum": 1 }, "geometry": { "type": "Point", "coordinates": [ -122.304793496997306, 47.600624764674734 ] } },
{ "type": "Feature", "properties": { "lat": 47.60062667420506, "lon": -122.3056416072632, "time_of_day": "Morning", "causation": [ "0", "0", "0", "0", "0", "0", "0", "0", "0", "0", "0", "0", "0", "0", "0", "0", "0", "0", "1", "0", "0", "0", "0", "0" ], "duration": 237.0, "sum": 1 }, "geometry": { "type": "Point", "coordinates": [ -122.305641607263198, 47.60062667420506 ] } },
{ "type": "Feature", "properties": { "lat": 47.60063004220364, "lon": -122.30547112072476, "time_of_day": "Morning", "causation": [ "0", "0", "0", "0", "0", "0", "0", "0", "0", "0", "0", "0", "0", "0", "0", "0", "0", "0", "1", "0", "0", "0", "0", "0" ], "duration": 225.0, "sum": 1 }, "geometry": { "type": "Point", "coordinates": [ -122.305471120724761, 47.60063004220364 ] } },
{ "type": "Feature", "properties": { "lat": 47.60063686946549, "lon": -122.30515048119274, "time_of_day": "Morning", "causation": [ "0", "0", "0", "0", "0", "0", "0", "0", "0", "0", "0", "0", "0", "0", "0", "0", "0", "0", "1", "0", "0", "0", "0", "0" ], "duration": 225.0, "sum": 1 }, "geometry": { "type": "Point", "coordinates": [ -122.30515048119274, 47.60063686946549 ] } },
{ "type": "Feature", "properties": { "lat": 47.600641936601733, "lon": -122.30502672492474, "time_of_day": "Morning", "causation": [ "0", "0", "0", "0", "0", "0", "0", "0", "0", "0", "0", "0", "0", "0", "0", "0", "0", "0", "1", "0", "0", "0", "0", "0" ], "duration": 225.0, "sum": 1 }, "geometry": { "type": "Point", "coordinates": [ -122.305026724924744, 47.600641936601733 ] } },
{ "type": "Feature", "properties": { "lat": 47.600644097713385, "lon": -122.30494595253332, "time_of_day": "Morning", "causation": [ "0", "0", "0", "0", "0", "0", "0", "0", "0", "0", "0", "0", "0", "0", "0", "0", "0", "0", "1", "0", "0", "0", "0", "0" ], "duration": 225.0, "sum": 1 }, "geometry": { "type": "Point", "coordinates": [ -122.304945952533316, 47.600644097713385 ] } },
{ "type": "Feature", "properties": { "lat": 47.60064604216916, "lon": -122.3059492487759, "time_of_day": "Morning", "causation": [ "0", "0", "0", "0", "0", "0", "0", "0", "0", "0", "0", "0", "0", "0", "0", "0", "0", "0", "1", "0", "0", "0", "0", "0" ], "duration": 237.0, "sum": 1 }, "geometry": { "type": "Point", "coordinates": [ -122.305949248775903, 47.60064604216916 ] } },
{ "type": "Feature", "properties": { "lat": 47.600647621731625, "lon": -122.30579922908376, "time_of_day": "Morning", "causation": [ "0", "0", "0", "0", "0", "0", "0", "0", "0", "0", "0", "0", "0", "0", "0", "0", "0", "0", "1", "0", "0", "0", "0", "0" ], "duration": 237.0, "sum": 1 }, "geometry": { "type": "Point", "coordinates": [ -122.30579922908376, 47.600647621731625 ] } },
{ "type": "Feature", "properties": { "lat": 47.600672592765022, "lon": -122.304564620218, "time_of_day": "Morning", "causation": [ "0", "0", "0", "0", "0", "0", "0", "0", "0", "0", "0", "0", "0", "0", "0", "0", "0", "0", "1", "0", "0", "0", "0", "0" ], "duration": 225.0, "sum": 1 }, "geometry": { "type": "Point", "coordinates": [ -122.304564620218002, 47.600672592765022 ] } },
{ "type": "Feature", "properties": { "lat": 47.600673428406772, "lon": -122.30479152829784, "time_of_day": "Morning", "causation": [ "0", "0", "0", "0", "0", "0", "0", "0", "0", "0", "0", "0", "0", "0", "0", "0", "0", "0", "1", "0", "0", "0", "0", "0" ], "duration": 225.0, "sum": 1 }, "geometry": { "type": "Point", "coordinates": [ -122.304791528297841, 47.600673428406772 ] } },
{ "type": "Feature", "properties": { "lat": 47.600686051121393, "lon": -122.305802505537, "time_of_day": "Morning", "causation": [ "0", "0", "0", "0", "0", "0", "0", "0", "0", "0", "0", "0", "0", "0", "0", "0", "0", "0", "1", "0", "0", "0", "0", "0" ], "duration": 237.0, "sum": 1 }, "geometry": { "type": "Point", "coordinates": [ -122.305802505537002, 47.600686051121393 ] } },
{ "type": "Feature", "properties": { "lat": 47.600686511334906, "lon": -122.30564279327768, "time_of_day": "Morning", "causation": [ "0", "0", "0", "0", "0", "0", "0", "0", "0", "0", "0", "0", "0", "0", "0", "0", "0", "0", "1", "0", "0", "0", "0", "0" ], "duration": 237.0, "sum": 1 }, "geometry": { "type": "Point", "coordinates": [ -122.305642793277684, 47.600686511334906 ] } },
{ "type": "Feature", "properties": { "lat": 47.600688977903943, "lon": -122.30547867427246, "time_of_day": "Morning", "causation": [ "0", "0", "0", "0", "0", "0", "0", "0", "0", "0", "0", "0", "0", "0", "0", "0", "0", "0", "1", "0", "0", "0", "0", "0" ], "duration": 225.0, "sum": 1 }, "geometry": { "type": "Point", "coordinates": [ -122.305478674272464, 47.600688977903943 ] } },
{ "type": "Feature", "properties": { "lat": 47.600932591274919, "lon": -122.3036624292584, "time_of_day": "Morning", "causation": [ "0", "0", "0", "0", "0", "0", "0", "0", "0", "0", "0", "0", "0", "0", "0", "0", "0", "0", "20", "0", "0", "0", "0", "0" ], "duration": 4500.0, "sum": 20 }, "geometry": { "type": "Point", "coordinates": [ -122.303662429258395, 47.600932591274919 ] } },
{ "type": "Feature", "properties": { "lat": 47.601097524237318, "lon": -122.30552665252432, "time_of_day": "Morning", "causation": [ "0", "0", "0", "0", "0", "0", "0", "0", "0", "0", "0", "0", "0", "0", "0", "0", "0", "0", "42", "0", "0", "0", "0", "0" ], "duration": 9450.0, "sum": 42 }, "geometry": { "type": "Point", "coordinates": [ -122.305526652524321, 47.601097524237318 ] } },
{ "type": "Feature", "properties": { "lat": 47.601146510780509, "lon": -122.30794550287372, "time_of_day": "Morning", "causation": [ "0", "0", "0", "0", "0", "0", "0", "0", "0", "0", "0", "0", "0", "0", "0", "0", "0", "0", "18", "0", "0", "0", "0", "0" ], "duration": 4266.0, "sum": 18 }, "geometry": { "type": "Point", "coordinates": [ -122.307945502873721, 47.601146510780509 ] } },
{ "type": "Feature", "properties": { "lat": 47.601268303204748, "lon": -122.30333985159383, "time_of_day": "Morning", "causation": [ "0", "0", "0", "0", "0", "0", "0", "0", "0", "0", "0", "0", "0", "0", "0", "0", "0", "0", "1", "0", "0", "0", "0", "0" ], "duration": 225.0, "sum": 1 }, "geometry": { "type": "Point", "coordinates": [ -122.303339851593833, 47.601268303204748 ] } },
{ "type": "Feature", "properties": { "lat": 47.601270086345409, "lon": -122.30341698637208, "time_of_day": "Morning", "causation": [ "0", "0", "0", "0", "0", "0", "0", "0", "0", "0", "0", "0", "0", "0", "0", "0", "0", "0", "1", "0", "0", "0", "0", "0" ], "duration": 225.0, "sum": 1 }, "geometry": { "type": "Point", "coordinates": [ -122.303416986372085, 47.601270086345409 ] } },
{ "type": "Feature", "properties": { "lat": 47.601275773839205, "lon": -122.30351478162032, "time_of_day": "Morning", "causation": [ "0", "0", "0", "0", "0", "0", "0", "0", "0", "0", "0", "0", "0", "0", "0", "0", "0", "0", "1", "0", "0", "0", "0", "0" ], "duration": 225.0, "sum": 1 }, "geometry": { "type": "Point", "coordinates": [ -122.303514781620322, 47.601275773839205 ] } },
{ "type": "Feature", "properties": { "lat": 47.601325763222938, "lon": -122.30478260704764, "time_of_day": "Morning", "causation": [ "0", "0", "0", "0", "0", "0", "0", "0", "0", "0", "0", "0", "0", "0", "0", "0", "0", "0", "3", "0", "0", "0", "0", "0" ], "duration": 675.0, "sum": 3 }, "geometry": { "type": "Point", "coordinates": [ -122.304782607047642, 47.601325763222938 ] } },
{ "type": "Feature", "properties": { "lat": 47.601333757918042, "lon": -122.30354622530442, "time_of_day": "Morning", "causation": [ "0", "0", "0", "0", "0", "0", "0", "0", "0", "0", "0", "0", "0", "0", "0", "0", "0", "0", "1", "0", "0", "0", "0", "0" ], "duration": 225.0, "sum": 1 }, "geometry": { "type": "Point", "coordinates": [ -122.303546225304416, 47.601333757918042 ] } },
{ "type": "Feature", "properties": { "lat": 47.601350282518858, "lon": -122.30913219901863, "time_of_day": "Morning", "causation": [ "0", "0", "0", "0", "0", "0", "0", "0", "0", "0", "0", "0", "0", "0", "0", "0", "0", "0", "1", "0", "0", "0", "0", "0" ], "duration": 237.0, "sum": 1 }, "geometry": { "type": "Point", "coordinates": [ -122.309132199018634, 47.601350282518858 ] } },
{ "type": "Feature", "properties": { "lat": 47.601365708175102, "lon": -122.30354815357629, "time_of_day": "Morning", "causation": [ "0", "0", "0", "0", "0", "0", "0", "0", "0", "0", "0", "0", "0", "0", "0", "0", "0", "0", "1", "0", "0", "0", "0", "0" ], "duration": 225.0, "sum": 1 }, "geometry": { "type": "Point", "coordinates": [ -122.303548153576287, 47.601365708175102 ] } },
{ "type": "Feature", "properties": { "lat": 47.601388584107227, "lon": -122.30345792724404, "time_of_day": "Morning", "causation": [ "0", "0", "0", "0", "0", "0", "0", "0", "0", "0", "0", "0", "0", "0", "0", "0", "0", "0", "1", "0", "0", "0", "0", "0" ], "duration": 225.0, "sum": 1 }, "geometry": { "type": "Point", "coordinates": [ -122.30345792724404, 47.601388584107227 ] } },
{ "type": "Feature", "properties": { "lat": 47.601401028045885, "lon": -122.3076842437128, "time_of_day": "Morning", "causation": [ "0", "0", "0", "0", "0", "0", "0", "0", "0", "0", "0", "0", "0", "0", "0", "0", "0", "0", "2", "0", "0", "0", "0", "0" ], "duration": 474.0, "sum": 2 }, "geometry": { "type": "Point", "coordinates": [ -122.307684243712799, 47.601401028045885 ] } },
{ "type": "Feature", "properties": { "lat": 47.601405216679417, "lon": -122.30983755326396, "time_of_day": "Morning", "causation": [ "0", "0", "0", "0", "0", "0", "0", "0", "0", "0", "0", "0", "0", "0", "0", "0", "0", "0", "2", "0", "0", "0", "0", "0" ], "duration": 474.0, "sum": 2 }, "geometry": { "type": "Point", "coordinates": [ -122.309837553263961, 47.601405216679417 ] } },
{ "type": "Feature", "properties": { "lat": 47.601500496653621, "lon": -122.30836050597556, "time_of_day": "Morning", "causation": [ "0", "0", "0", "0", "0", "0", "0", "0", "0", "0", "0", "0", "0", "0", "0", "0", "0", "0", "9", "0", "0", "0", "0", "0" ], "duration": 2133.0, "sum": 9 }, "geometry": { "type": "Point", "coordinates": [ -122.308360505975557, 47.601500496653621 ] } },
{ "type": "Feature", "properties": { "lat": 47.601508851345628, "lon": -122.30920378301808, "time_of_day": "Morning", "causation": [ "0", "0", "0", "0", "0", "0", "0", "0", "0", "0", "0", "0", "0", "0", "0", "0", "0", "0", "1", "0", "0", "0", "0", "0" ], "duration": 237.0, "sum": 1 }, "geometry": { "type": "Point", "coordinates": [ -122.309203783018077, 47.601508851345628 ] } },
{ "type": "Feature", "properties": { "lat": 47.601553159594864, "lon": -122.3095369621096, "time_of_day": "Morning", "causation": [ "0", "0", "0", "0", "0", "0", "0", "0", "0", "0", "0", "0", "0", "0", "0", "0", "0", "0", "4", "0", "0", "0", "0", "0" ], "duration": 948.0, "sum": 4 }, "geometry": { "type": "Point", "coordinates": [ -122.309536962109604, 47.601553159594864 ] } },
{ "type": "Feature", "properties": { "lat": 47.601843627711858, "lon": -122.30483234970178, "time_of_day": "Morning", "causation": [ "0", "0", "0", "0", "0", "0", "0", "0", "0", "0", "0", "0", "0", "0", "0", "0", "0", "0", "16", "0", "0", "0", "0", "0" ], "duration": 3600.0, "sum": 16 }, "geometry": { "type": "Point", "coordinates": [ -122.304832349701783, 47.601843627711858 ] } },
{ "type": "Feature", "properties": { "lat": 47.601846546372144, "lon": -122.30846758480526, "time_of_day": "Morning", "causation": [ "0", "0", "0", "0", "0", "0", "0", "0", "0", "0", "0", "0", "0", "0", "0", "0", "0", "0", "2", "0", "0", "0", "0", "0" ], "duration": 474.0, "sum": 2 }, "geometry": { "type": "Point", "coordinates": [ -122.308467584805257, 47.601846546372144 ] } },
{ "type": "Feature", "properties": { "lat": 47.601848846969403, "lon": -122.30620008651852, "time_of_day": "Morning", "causation": [ "0", "0", "0", "0", "0", "0", "0", "0", "0", "0", "0", "0", "0", "0", "0", "0", "0", "0", "1", "0", "0", "0", "0", "0" ], "duration": 225.0, "sum": 1 }, "geometry": { "type": "Point", "coordinates": [ -122.306200086518515, 47.601848846969403 ] } },
{ "type": "Feature", "properties": { "lat": 47.601871452929728, "lon": -122.30666755205969, "time_of_day": "Morning", "causation": [ "0", "0", "0", "0", "0", "0", "0", "0", "0", "0", "0", "0", "0", "0", "0", "0", "0", "0", "29", "0", "0", "0", "0", "0" ], "duration": 6873.0, "sum": 29 }, "geometry": { "type": "Point", "coordinates": [ -122.306667552059693, 47.601871452929728 ] } },
{ "type": "Feature", "properties": { "lat": 47.60187991938524, "lon": -122.30335155694554, "time_of_day": "Morning", "causation": [ "0", "0", "0", "0", "0", "0", "0", "0", "0", "0", "0", "0", "0", "0", "0", "0", "0", "0", "23", "0", "0", "0", "0", "0" ], "duration": 5175.0, "sum": 23 }, "geometry": { "type": "Point", "coordinates": [ -122.303351556945543, 47.60187991938524 ] } },
{ "type": "Feature", "properties": { "lat": 47.601893582648259, "lon": -122.30710739183093, "time_of_day": "Morning", "causation": [ "0", "0", "0", "0", "0", "0", "0", "0", "0", "0", "0", "0", "0", "0", "0", "0", "0", "0", "5", "0", "0", "0", "0", "0" ], "duration": 1185.0, "sum": 5 }, "geometry": { "type": "Point", "coordinates": [ -122.307107391830925, 47.601893582648259 ] } },
{ "type": "Feature", "properties": { "lat": 47.601940515501454, "lon": -122.30824584332709, "time_of_day": "Morning", "causation": [ "0", "0", "0", "0", "0", "0", "0", "0", "0", "0", "0", "0", "0", "0", "0", "0", "0", "0", "1", "0", "0", "0", "0", "0" ], "duration": 237.0, "sum": 1 }, "geometry": { "type": "Point", "coordinates": [ -122.308245843327086, 47.601940515501454 ] } },
{ "type": "Feature", "properties": { "lat": 47.601967294498444, "lon": -122.30399007520778, "time_of_day": "Morning", "causation": [ "0", "0", "0", "0", "0", "0", "0", "0", "0", "0", "0", "0", "0", "0", "0", "0", "0", "0", "1", "0", "0", "0", "0", "0" ], "duration": 225.0, "sum": 1 }, "geometry": { "type": "Point", "coordinates": [ -122.303990075207778, 47.601967294498444 ] } },
{ "type": "Feature", "properties": { "lat": 47.602160092012255, "lon": -122.30321192385176, "time_of_day": "Morning", "causation": [ "0", "0", "0", "0", "0", "0", "0", "0", "0", "0", "0", "0", "0", "0", "0", "0", "0", "0", "1", "0", "0", "0", "0", "0" ], "duration": 225.0, "sum": 1 }, "geometry": { "type": "Point", "coordinates": [ -122.303211923851762, 47.602160092012255 ] } },
{ "type": "Feature", "properties": { "lat": 47.602200945219757, "lon": -122.30936560585184, "time_of_day": "Morning", "causation": [ "0", "0", "0", "0", "0", "0", "0", "0", "0", "0", "0", "0", "0", "0", "0", "0", "0", "0", "58", "0", "0", "0", "0", "0" ], "duration": 13746.0, "sum": 58 }, "geometry": { "type": "Point", "coordinates": [ -122.309365605851838, 47.602200945219757 ] } },
{ "type": "Feature", "properties": { "lat": 47.60221202045819, "lon": -122.30347168917584, "time_of_day": "Morning", "causation": [ "0", "0", "0", "0", "0", "0", "0", "0", "0", "0", "0", "0", "0", "0", "0", "0", "0", "0", "5", "0", "0", "0", "0", "0" ], "duration": 1125.0, "sum": 5 }, "geometry": { "type": "Point", "coordinates": [ -122.303471689175836, 47.60221202045819 ] } },
{ "type": "Feature", "properties": { "lat": 47.602308031590248, "lon": -122.30337419855914, "time_of_day": "Morning", "causation": [ "0", "0", "0", "0", "0", "0", "0", "0", "0", "0", "0", "0", "0", "0", "0", "0", "0", "0", "4", "0", "0", "0", "0", "0" ], "duration": 900.0, "sum": 4 }, "geometry": { "type": "Point", "coordinates": [ -122.30337419855914, 47.602308031590248 ] } },
{ "type": "Feature", "properties": { "lat": 47.602309170869397, "lon": -122.30320902745044, "time_of_day": "Morning", "causation": [ "0", "0", "0", "0", "0", "0", "0", "0", "0", "0", "0", "0", "0", "0", "0", "0", "0", "0", "1", "0", "0", "0", "0", "0" ], "duration": 225.0, "sum": 1 }, "geometry": { "type": "Point", "coordinates": [ -122.303209027450436, 47.602309170869397 ] } },
{ "type": "Feature", "properties": { "lat": 47.602408061430438, "lon": -122.30347023365582, "time_of_day": "Morning", "causation": [ "0", "0", "0", "0", "0", "0", "0", "0", "0", "0", "0", "0", "0", "0", "0", "0", "0", "0", "1", "0", "0", "0", "0", "0" ], "duration": 225.0, "sum": 1 }, "geometry": { "type": "Point", "coordinates": [ -122.303470233655815, 47.602408061430438 ] } },
{ "type": "Feature", "properties": { "lat": 47.602408438289793, "lon": -122.30326387053886, "time_of_day": "Morning", "causation": [ "0", "0", "0", "0", "0", "0", "0", "0", "0", "0", "0", "0", "0", "0", "0", "0", "0", "0", "1", "0", "0", "0", "0", "0" ], "duration": 225.0, "sum": 1 }, "geometry": { "type": "Point", "coordinates": [ -122.303263870538856, 47.602408438289793 ] } },
{ "type": "Feature", "properties": { "lat": 47.602451310362135, "lon": -122.30326828831124, "time_of_day": "Morning", "causation": [ "0", "0", "0", "0", "0", "0", "0", "0", "0", "0", "0", "0", "0", "0", "0", "0", "0", "0", "1", "0", "0", "0", "0", "0" ], "duration": 225.0, "sum": 1 }, "geometry": { "type": "Point", "coordinates": [ -122.303268288311244, 47.602451310362135 ] } },
{ "type": "Feature", "properties": { "lat": 47.602451519078457, "lon": -122.30347258023799, "time_of_day": "Morning", "causation": [ "0", "0", "0", "0", "0", "0", "0", "0", "0", "0", "0", "0", "0", "0", "0", "0", "0", "0", "1", "0", "0", "0", "0", "0" ], "duration": 225.0, "sum": 1 }, "geometry": { "type": "Point", "coordinates": [ -122.303472580237994, 47.602451519078457 ] } },
{ "type": "Feature", "properties": { "lat": 47.604191255356263, "lon": -122.3039851073403, "time_of_day": "Late Night", "causation": [ "0", "0", "0", "0", "0", "0", "0", "0", "0", "0", "0", "0", "0", "0", "0", "0", "0", "0", "0", "0", "0", "0", "1", "0" ], "duration": 13.0, "sum": 1 }, "geometry": { "type": "Point", "coordinates": [ -122.303985107340296, 47.604191255356263 ] } },
{ "type": "Feature", "properties": { "lat": 47.604346313639169, "lon": -122.2940338331744, "time_of_day": "Morning", "causation": [ "0", "0", "0", "0", "0", "0", "0", "0", "0", "0", "0", "0", "0", "0", "0", "0", "0", "0", "1", "0", "0", "0", "0", "0" ], "duration": 110.0, "sum": 1 }, "geometry": { "type": "Point", "coordinates": [ -122.294033833174396, 47.604346313639169 ] } },
{ "type": "Feature", "properties": { "lat": 47.60435472776912, "lon": -122.29344453911747, "time_of_day": "Morning", "causation": [ "0", "0", "0", "0", "0", "0", "0", "0", "0", "0", "0", "0", "0", "0", "0", "0", "0", "0", "1", "0", "0", "0", "0", "0" ], "duration": 110.0, "sum": 1 }, "geometry": { "type": "Point", "coordinates": [ -122.293444539117473, 47.60435472776912 ] } },
{ "type": "Feature", "properties": { "lat": 47.604461451502047, "lon": -122.29343385825079, "time_of_day": "Morning", "causation": [ "0", "0", "0", "0", "0", "0", "0", "0", "0", "0", "0", "0", "0", "0", "0", "0", "0", "0", "1", "0", "0", "0", "0", "0" ], "duration": 110.0, "sum": 1 }, "geometry": { "type": "Point", "coordinates": [ -122.293433858250793, 47.604461451502047 ] } },
{ "type": "Feature", "properties": { "lat": 47.604481446755649, "lon": -122.29400393875926, "time_of_day": "Morning", "causation": [ "0", "0", "0", "0", "0", "0", "0", "0", "0", "0", "0", "0", "0", "0", "0", "0", "0", "0", "3", "0", "0", "0", "0", "0" ], "duration": 330.0, "sum": 3 }, "geometry": { "type": "Point", "coordinates": [ -122.294003938759261, 47.604481446755649 ] } },
{ "type": "Feature", "properties": { "lat": 47.604604991625443, "lon": -122.29401680843452, "time_of_day": "Morning", "causation": [ "0", "0", "0", "0", "0", "0", "0", "0", "0", "0", "0", "0", "0", "0", "0", "0", "0", "0", "1", "0", "0", "0", "0", "0" ], "duration": 110.0, "sum": 1 }, "geometry": { "type": "Point", "coordinates": [ -122.29401680843452, 47.604604991625443 ] } },
{ "type": "Feature", "properties": { "lat": 47.604611122219765, "lon": -122.29343942794624, "time_of_day": "Morning", "causation": [ "0", "0", "0", "0", "0", "0", "0", "0", "0", "0", "0", "0", "0", "0", "0", "0", "0", "0", "1", "0", "0", "0", "0", "0" ], "duration": 110.0, "sum": 1 }, "geometry": { "type": "Point", "coordinates": [ -122.29343942794624, 47.604611122219765 ] } },
{ "type": "Feature", "properties": { "lat": 47.604724985687888, "lon": -122.29402924604815, "time_of_day": "Morning", "causation": [ "0", "0", "0", "0", "0", "0", "0", "0", "0", "0", "0", "0", "0", "0", "0", "0", "0", "0", "1", "0", "0", "0", "0", "0" ], "duration": 110.0, "sum": 1 }, "geometry": { "type": "Point", "coordinates": [ -122.294029246048154, 47.604724985687888 ] } },
{ "type": "Feature", "properties": { "lat": 47.604830604243659, "lon": -122.29343387705369, "time_of_day": "Morning", "causation": [ "0", "0", "0", "0", "0", "0", "0", "0", "0", "0", "0", "0", "0", "0", "0", "0", "0", "0", "1", "0", "0", "0", "0", "0" ], "duration": 110.0, "sum": 1 }, "geometry": { "type": "Point", "coordinates": [ -122.293433877053687, 47.604830604243659 ] } },
{ "type": "Feature", "properties": { "lat": 47.604877324581423, "lon": -122.29401792488621, "time_of_day": "Morning", "causation": [ "0", "0", "0", "0", "0", "0", "0", "0", "0", "0", "0", "0", "0", "0", "0", "0", "0", "0", "1", "0", "0", "0", "0", "0" ], "duration": 110.0, "sum": 1 }, "geometry": { "type": "Point", "coordinates": [ -122.294017924886205, 47.604877324581423 ] } },
{ "type": "Feature", "properties": { "lat": 47.604999910069189, "lon": -122.29402737425769, "time_of_day": "Morning", "causation": [ "0", "0", "0", "0", "0", "0", "0", "0", "0", "0", "0", "0", "0", "0", "0", "0", "0", "0", "1", "0", "0", "0", "0", "0" ], "duration": 110.0, "sum": 1 }, "geometry": { "type": "Point", "coordinates": [ -122.294027374257695, 47.604999910069189 ] } },
{ "type": "Feature", "properties": { "lat": 47.605049783730678, "lon": -122.2933690183883, "time_of_day": "Morning", "causation": [ "0", "0", "0", "0", "0", "0", "0", "0", "0", "0", "0", "0", "0", "0", "0", "0", "0", "0", "5", "0", "0", "0", "0", "0" ], "duration": 550.0, "sum": 5 }, "geometry": { "type": "Point", "coordinates": [ -122.293369018388304, 47.605049783730678 ] } },
{ "type": "Feature", "properties": { "lat": 47.605134836914189, "lon": -122.29401886456309, "time_of_day": "Morning", "causation": [ "0", "0", "0", "0", "0", "0", "0", "0", "0", "0", "0", "0", "0", "0", "0", "0", "0", "0", "1", "0", "0", "0", "0", "0" ], "duration": 110.0, "sum": 1 }, "geometry": { "type": "Point", "coordinates": [ -122.294018864563085, 47.605134836914189 ] } },
{ "type": "Feature", "properties": { "lat": 47.605312624823512, "lon": -122.29338589621932, "time_of_day": "Morning", "causation": [ "0", "0", "0", "0", "0", "0", "0", "0", "0", "0", "0", "0", "0", "0", "0", "0", "0", "0", "1", "0", "0", "0", "0", "0" ], "duration": 110.0, "sum": 1 }, "geometry": { "type": "Point", "coordinates": [ -122.29338589621932, 47.605312624823512 ] } },
{ "type": "Feature", "properties": { "lat": 47.605322070270759, "lon": -122.29411843326824, "time_of_day": "Morning", "causation": [ "0", "0", "0", "0", "0", "0", "0", "0", "0", "0", "0", "0", "0", "0", "0", "0", "0", "0", "5", "0", "0", "0", "0", "0" ], "duration": 550.0, "sum": 5 }, "geometry": { "type": "Point", "coordinates": [ -122.294118433268238, 47.605322070270759 ] } },
{ "type": "Feature", "properties": { "lat": 47.605462114120975, "lon": -122.29403387702844, "time_of_day": "Morning", "causation": [ "0", "0", "0", "0", "0", "0", "0", "0", "0", "0", "0", "0", "0", "0", "0", "0", "0", "0", "1", "0", "0", "0", "0", "0" ], "duration": 110.0, "sum": 1 }, "geometry": { "type": "Point", "coordinates": [ -122.29403387702844, 47.605462114120975 ] } },
{ "type": "Feature", "properties": { "lat": 47.605482902433344, "lon": -122.29335483675418, "time_of_day": "Morning", "causation": [ "0", "0", "0", "0", "0", "0", "0", "0", "0", "0", "0", "0", "0", "0", "0", "0", "0", "0", "1", "0", "0", "0", "0", "0" ], "duration": 110.0, "sum": 1 }, "geometry": { "type": "Point", "coordinates": [ -122.293354836754176, 47.605482902433344 ] } },
{ "type": "Feature", "properties": { "lat": 47.605576819046853, "lon": -122.29402368470224, "time_of_day": "Morning", "causation": [ "0", "0", "0", "0", "0", "0", "0", "0", "0", "0", "0", "0", "0", "0", "0", "0", "0", "0", "1", "0", "0", "0", "0", "0" ], "duration": 110.0, "sum": 1 }, "geometry": { "type": "Point", "coordinates": [ -122.294023684702239, 47.605576819046853 ] } },
{ "type": "Feature", "properties": { "lat": 47.605759253105632, "lon": -122.29340100174902, "time_of_day": "Morning", "causation": [ "0", "0", "0", "0", "0", "0", "0", "0", "0", "0", "0", "0", "0", "0", "0", "0", "0", "0", "1", "0", "0", "0", "0", "0" ], "duration": 110.0, "sum": 1 }, "geometry": { "type": "Point", "coordinates": [ -122.293401001749018, 47.605759253105632 ] } },
{ "type": "Feature", "properties": { "lat": 47.605842573577078, "lon": -122.29399388395132, "time_of_day": "Morning", "causation": [ "0", "0", "0", "0", "0", "0", "0", "0", "0", "0", "0", "0", "0", "0", "0", "0", "0", "0", "1", "0", "0", "0", "0", "0" ], "duration": 110.0, "sum": 1 }, "geometry": { "type": "Point", "coordinates": [ -122.293993883951316, 47.605842573577078 ] } },
{ "type": "Feature", "properties": { "lat": 47.605876778886639, "lon": -122.2933775845118, "time_of_day": "Morning", "causation": [ "0", "0", "0", "0", "0", "0", "0", "0", "0", "0", "0", "0", "0", "0", "0", "0", "0", "0", "1", "0", "0", "0", "0", "0" ], "duration": 110.0, "sum": 1 }, "geometry": { "type": "Point", "coordinates": [ -122.293377584511802, 47.605876778886639 ] } },
{ "type": "Feature", "properties": { "lat": 47.605932043582641, "lon": -122.29400675029083, "time_of_day": "Morning", "causation": [ "0", "0", "0", "0", "0", "0", "0", "0", "0", "0", "0", "0", "0", "0", "0", "0", "0", "0", "1", "0", "0", "0", "0", "0" ], "duration": 110.0, "sum": 1 }, "geometry": { "type": "Point", "coordinates": [ -122.294006750290833, 47.605932043582641 ] } },
{ "type": "Feature", "properties": { "lat": 47.605959782943962, "lon": -122.29429260085548, "time_of_day": "Morning", "causation": [ "0", "0", "0", "0", "0", "0", "0", "0", "0", "0", "0", "0", "0", "0", "0", "0", "0", "0", "1", "0", "0", "0", "0", "0" ], "duration": 110.0, "sum": 1 }, "geometry": { "type": "Point", "coordinates": [ -122.294292600855485, 47.605959782943962 ] } },
{ "type": "Feature", "properties": { "lat": 47.606027847635801, "lon": -122.29401260592908, "time_of_day": "Morning", "causation": [ "0", "0", "0", "0", "0", "0", "0", "0", "0", "0", "0", "0", "0", "0", "0", "0", "0", "0", "1", "0", "0", "0", "0", "0" ], "duration": 110.0, "sum": 1 }, "geometry": { "type": "Point", "coordinates": [ -122.294012605929083, 47.606027847635801 ] } },
{ "type": "Feature", "properties": { "lat": 47.606312588383503, "lon": -122.29388991872686, "time_of_day": "Morning", "causation": [ "0", "0", "0", "0", "0", "0", "0", "0", "0", "0", "0", "0", "0", "0", "0", "0", "0", "0", "1", "0", "0", "0", "0", "0" ], "duration": 110.0, "sum": 1 }, "geometry": { "type": "Point", "coordinates": [ -122.293889918726862, 47.606312588383503 ] } },
{ "type": "Feature", "properties": { "lat": 47.606337285350278, "lon": -122.29337002579121, "time_of_day": "Morning", "causation": [ "0", "0", "0", "0", "0", "0", "0", "0", "0", "0", "0", "0", "0", "0", "0", "0", "0", "0", "1", "0", "0", "0", "0", "0" ], "duration": 110.0, "sum": 1 }, "geometry": { "type": "Point", "coordinates": [ -122.293370025791205, 47.606337285350278 ] } },
{ "type": "Feature", "properties": { "lat": 47.606414187654345, "lon": -122.2939586555722, "time_of_day": "Morning", "causation": [ "0", "0", "0", "0", "0", "0", "0", "0", "0", "0", "0", "0", "0", "0", "0", "0", "0", "0", "1", "0", "0", "0", "0", "0" ], "duration": 110.0, "sum": 1 }, "geometry": { "type": "Point", "coordinates": [ -122.293958655572197, 47.606414187654345 ] } },
{ "type": "Feature", "properties": { "lat": 47.606473634237673, "lon": -122.29339407102196, "time_of_day": "Morning", "causation": [ "0", "0", "0", "0", "0", "0", "0", "0", "0", "0", "0", "0", "0", "0", "0", "0", "0", "0", "1", "0", "0", "0", "0", "0" ], "duration": 110.0, "sum": 1 }, "geometry": { "type": "Point", "coordinates": [ -122.293394071021964, 47.606473634237673 ] } },
{ "type": "Feature", "properties": { "lat": 47.606514387463548, "lon": -122.2939128141703, "time_of_day": "Morning", "causation": [ "0", "0", "0", "0", "0", "0", "0", "0", "0", "0", "0", "0", "0", "0", "0", "0", "0", "0", "1", "0", "0", "0", "0", "0" ], "duration": 110.0, "sum": 1 }, "geometry": { "type": "Point", "coordinates": [ -122.293912814170298, 47.606514387463548 ] } },
{ "type": "Feature", "properties": { "lat": 47.606602570007482, "lon": -122.29336186718756, "time_of_day": "Morning", "causation": [ "0", "0", "0", "0", "0", "0", "0", "0", "0", "0", "0", "0", "0", "0", "0", "0", "0", "0", "1", "0", "0", "0", "0", "0" ], "duration": 110.0, "sum": 1 }, "geometry": { "type": "Point", "coordinates": [ -122.293361867187556, 47.606602570007482 ] } },
{ "type": "Feature", "properties": { "lat": 47.606627365134557, "lon": -122.29398018403462, "time_of_day": "Morning", "causation": [ "0", "0", "0", "0", "0", "0", "0", "0", "0", "0", "0", "0", "0", "0", "0", "0", "0", "0", "1", "0", "0", "0", "0", "0" ], "duration": 110.0, "sum": 1 }, "geometry": { "type": "Point", "coordinates": [ -122.293980184034623, 47.606627365134557 ] } },
{ "type": "Feature", "properties": { "lat": 47.606754018043162, "lon": -122.29338346557267, "time_of_day": "Morning", "causation": [ "0", "0", "0", "0", "0", "0", "0", "0", "0", "0", "0", "0", "0", "0", "0", "0", "0", "0", "1", "0", "0", "0", "0", "0" ], "duration": 110.0, "sum": 1 }, "geometry": { "type": "Point", "coordinates": [ -122.293383465572674, 47.606754018043162 ] } },
{ "type": "Feature", "properties": { "lat": 47.606754996354539, "lon": -122.29399192415106, "time_of_day": "Morning", "causation": [ "0", "0", "0", "0", "0", "0", "0", "0", "0", "0", "0", "0", "0", "0", "0", "0", "0", "0", "1", "0", "0", "0", "0", "0" ], "duration": 110.0, "sum": 1 }, "geometry": { "type": "Point", "coordinates": [ -122.293991924151058, 47.606754996354539 ] } },
{ "type": "Feature", "properties": { "lat": 47.60686990582748, "lon": -122.29335111034374, "time_of_day": "Morning", "causation": [ "0", "0", "0", "0", "0", "0", "0", "0", "0", "0", "0", "0", "0", "0", "0", "0", "0", "0", "1", "0", "0", "0", "0", "0" ], "duration": 110.0, "sum": 1 }, "geometry": { "type": "Point", "coordinates": [ -122.293351110343735, 47.60686990582748 ] } },
{ "type": "Feature", "properties": { "lat": 47.606890079099642, "lon": -122.2940219971685, "time_of_day": "Morning", "causation": [ "0", "0", "0", "0", "0", "0", "0", "0", "0", "0", "0", "0", "0", "0", "0", "0", "0", "0", "1", "0", "0", "0", "0", "0" ], "duration": 110.0, "sum": 1 }, "geometry": { "type": "Point", "coordinates": [ -122.2940219971685, 47.606890079099642 ] } },
{ "type": "Feature", "properties": { "lat": 47.606952195968923, "lon": -122.29337910857797, "time_of_day": "Morning", "causation": [ "0", "0", "0", "0", "0", "0", "0", "0", "0", "0", "0", "0", "0", "0", "0", "0", "0", "0", "1", "0", "0", "0", "0", "0" ], "duration": 110.0, "sum": 1 }, "geometry": { "type": "Point", "coordinates": [ -122.293379108577966, 47.606952195968923 ] } },
{ "type": "Feature", "properties": { "lat": 47.606982466126603, "lon": -122.29402522295068, "time_of_day": "Morning", "causation": [ "0", "0", "0", "0", "0", "0", "0", "0", "0", "0", "0", "0", "0", "0", "0", "0", "0", "0", "1", "0", "0", "0", "0", "0" ], "duration": 110.0, "sum": 1 }, "geometry": { "type": "Point", "coordinates": [ -122.29402522295068, 47.606982466126603 ] } },
{ "type": "Feature", "properties": { "lat": 47.607032241862363, "lon": -122.29334541108338, "time_of_day": "Morning", "causation": [ "0", "0", "0", "0", "0", "0", "0", "0", "0", "0", "0", "0", "0", "0", "0", "0", "0", "0", "2", "0", "0", "0", "0", "0" ], "duration": 220.0, "sum": 2 }, "geometry": { "type": "Point", "coordinates": [ -122.293345411083379, 47.607032241862363 ] } },
{ "type": "Feature", "properties": { "lat": 47.607060457099479, "lon": -122.30967124569784, "time_of_day": "Morning", "causation": [ "0", "0", "2", "0", "0", "0", "0", "0", "0", "0", "0", "0", "0", "0", "0", "0", "0", "0", "0", "0", "0", "0", "0", "0" ], "duration": 2208.0, "sum": 2 }, "geometry": { "type": "Point", "coordinates": [ -122.309671245697842, 47.607060457099479 ] } },
{ "type": "Feature", "properties": { "lat": 47.607090110236932, "lon": -122.2939357809217, "time_of_day": "Morning", "causation": [ "0", "0", "0", "0", "0", "0", "0", "0", "0", "0", "0", "0", "0", "0", "0", "0", "0", "0", "1", "0", "0", "0", "0", "0" ], "duration": 110.0, "sum": 1 }, "geometry": { "type": "Point", "coordinates": [ -122.2939357809217, 47.607090110236932 ] } },
{ "type": "Feature", "properties": { "lat": 47.607169454632178, "lon": -122.29335726449008, "time_of_day": "Morning", "causation": [ "0", "0", "0", "0", "0", "0", "0", "0", "0", "0", "0", "0", "0", "0", "0", "0", "0", "0", "1", "0", "0", "0", "0", "0" ], "duration": 110.0, "sum": 1 }, "geometry": { "type": "Point", "coordinates": [ -122.293357264490083, 47.607169454632178 ] } },
{ "type": "Feature", "properties": { "lat": 47.607191038402505, "lon": -122.29392949107732, "time_of_day": "Morning", "causation": [ "0", "0", "0", "0", "0", "0", "0", "0", "0", "0", "0", "0", "0", "0", "0", "0", "0", "0", "1", "0", "0", "0", "0", "0" ], "duration": 110.0, "sum": 1 }, "geometry": { "type": "Point", "coordinates": [ -122.293929491077321, 47.607191038402505 ] } },
{ "type": "Feature", "properties": { "lat": 47.607294816635147, "lon": -122.29393806408224, "time_of_day": "Morning", "causation": [ "0", "0", "0", "0", "0", "0", "0", "0", "0", "0", "0", "0", "0", "0", "0", "0", "0", "0", "1", "0", "0", "0", "0", "0" ], "duration": 110.0, "sum": 1 }, "geometry": { "type": "Point", "coordinates": [ -122.293938064082241, 47.607294816635147 ] } },
{ "type": "Feature", "properties": { "lat": 47.607363014136254, "lon": -122.2933536414011, "time_of_day": "Morning", "causation": [ "0", "0", "0", "0", "0", "0", "0", "0", "0", "0", "0", "0", "0", "0", "0", "0", "0", "0", "1", "0", "0", "0", "0", "0" ], "duration": 110.0, "sum": 1 }, "geometry": { "type": "Point", "coordinates": [ -122.293353641401097, 47.607363014136254 ] } },
{ "type": "Feature", "properties": { "lat": 47.607394913032401, "lon": -122.293938063813, "time_of_day": "Morning", "causation": [ "0", "0", "0", "0", "0", "0", "0", "0", "0", "0", "0", "0", "0", "0", "0", "0", "0", "0", "1", "0", "0", "0", "0", "0" ], "duration": 110.0, "sum": 1 }, "geometry": { "type": "Point", "coordinates": [ -122.293938063813002, 47.607394913032401 ] } },
{ "type": "Feature", "properties": { "lat": 47.607446377663429, "lon": -122.29337955354194, "time_of_day": "Morning", "causation": [ "0", "0", "0", "0", "0", "0", "0", "0", "0", "0", "0", "0", "0", "0", "0", "0", "0", "0", "1", "0", "0", "0", "0", "0" ], "duration": 110.0, "sum": 1 }, "geometry": { "type": "Point", "coordinates": [ -122.293379553541939, 47.607446377663429 ] } },
{ "type": "Feature", "properties": { "lat": 47.607488133859086, "lon": -122.29392958708756, "time_of_day": "Morning", "causation": [ "0", "0", "0", "0", "0", "0", "0", "0", "0", "0", "0", "0", "0", "0", "0", "0", "0", "0", "1", "0", "0", "0", "0", "0" ], "duration": 110.0, "sum": 1 }, "geometry": { "type": "Point", "coordinates": [ -122.293929587087561, 47.607488133859086 ] } },
{ "type": "Feature", "properties": { "lat": 47.607529676391778, "lon": -122.29335153823756, "time_of_day": "Morning", "causation": [ "0", "0", "0", "0", "0", "0", "0", "0", "0", "0", "0", "0", "0", "0", "0", "0", "0", "0", "1", "0", "0", "0", "0", "0" ], "duration": 110.0, "sum": 1 }, "geometry": { "type": "Point", "coordinates": [ -122.293351538237559, 47.607529676391778 ] } },
{ "type": "Feature", "properties": { "lat": 47.60758350690022, "lon": -122.29391732700851, "time_of_day": "Morning", "causation": [ "0", "0", "0", "0", "0", "0", "0", "0", "0", "0", "0", "0", "0", "0", "0", "0", "0", "0", "1", "0", "0", "0", "0", "0" ], "duration": 110.0, "sum": 1 }, "geometry": { "type": "Point", "coordinates": [ -122.293917327008515, 47.60758350690022 ] } },
{ "type": "Feature", "properties": { "lat": 47.607751213798096, "lon": -122.29344180139375, "time_of_day": "Morning", "causation": [ "0", "0", "0", "0", "0", "0", "0", "0", "0", "0", "0", "0", "0", "0", "0", "0", "0", "0", "1", "0", "0", "0", "0", "0" ], "duration": 110.0, "sum": 1 }, "geometry": { "type": "Point", "coordinates": [ -122.293441801393755, 47.607751213798096 ] } },
{ "type": "Feature", "properties": { "lat": 47.607772682039823, "lon": -122.29313015218456, "time_of_day": "Morning", "causation": [ "0", "0", "0", "0", "0", "0", "0", "0", "0", "0", "0", "0", "0", "0", "0", "0", "0", "0", "1", "0", "0", "0", "0", "0" ], "duration": 110.0, "sum": 1 }, "geometry": { "type": "Point", "coordinates": [ -122.29313015218456, 47.607772682039823 ] } },
{ "type": "Feature", "properties": { "lat": 47.607793207443805, "lon": -122.29384946810583, "time_of_day": "Morning", "causation": [ "0", "0", "0", "0", "0", "0", "0", "0", "0", "0", "0", "0", "0", "0", "0", "0", "0", "0", "1", "0", "0", "0", "0", "0" ], "duration": 110.0, "sum": 1 }, "geometry": { "type": "Point", "coordinates": [ -122.293849468105833, 47.607793207443805 ] } },
{ "type": "Feature", "properties": { "lat": 47.614639251251063, "lon": -122.28205699193612, "time_of_day": "Late Night", "causation": [ "0", "0", "0", "0", "0", "0", "0", "0", "1", "0", "0", "0", "0", "0", "0", "0", "0", "0", "0", "0", "0", "0", "0", "0" ], "duration": 1852.0, "sum": 1 }, "geometry": { "type": "Point", "coordinates": [ -122.282056991936116, 47.614639251251063 ] } },
{ "type": "Feature", "properties": { "lat": 47.614639251251063, "lon": -122.28205699193612, "time_of_day": "Morning", "causation": [ "0", "0", "0", "0", "0", "0", "0", "0", "0", "0", "0", "0", "0", "0", "0", "0", "0", "1", "0", "0", "0", "0", "0", "0" ], "duration": 34.0, "sum": 1 }, "geometry": { "type": "Point", "coordinates": [ -122.282056991936116, 47.614639251251063 ] } },
{ "type": "Feature", "properties": { "lat": 47.614753775573462, "lon": -122.28201693292304, "time_of_day": "Late Night", "causation": [ "0", "0", "0", "0", "0", "0", "0", "0", "1", "0", "0", "0", "0", "0", "0", "0", "0", "0", "0", "0", "0", "0", "0", "0" ], "duration": 1852.0, "sum": 1 }, "geometry": { "type": "Point", "coordinates": [ -122.282016932923042, 47.614753775573462 ] } },
{ "type": "Feature", "properties": { "lat": 47.614753775573462, "lon": -122.28201693292304, "time_of_day": "Morning", "causation": [ "0", "0", "0", "0", "0", "0", "0", "0", "0", "0", "0", "0", "0", "0", "0", "0", "0", "1", "0", "0", "0", "0", "0", "0" ], "duration": 34.0, "sum": 1 }, "geometry": { "type": "Point", "coordinates": [ -122.282016932923042, 47.614753775573462 ] } },
{ "type": "Feature", "properties": { "lat": 47.614824109159571, "lon": -122.28243823950233, "time_of_day": "Late Night", "causation": [ "0", "0", "0", "0", "0", "0", "0", "0", "1", "0", "0", "0", "0", "0", "0", "0", "0", "0", "0", "0", "0", "0", "0", "0" ], "duration": 1852.0, "sum": 1 }, "geometry": { "type": "Point", "coordinates": [ -122.282438239502326, 47.614824109159571 ] } },
{ "type": "Feature", "properties": { "lat": 47.614824109159571, "lon": -122.28243823950233, "time_of_day": "Morning", "causation": [ "0", "0", "0", "0", "0", "0", "0", "0", "0", "0", "0", "0", "0", "0", "0", "0", "0", "1", "0", "0", "0", "0", "0", "0" ], "duration": 34.0, "sum": 1 }, "geometry": { "type": "Point", "coordinates": [ -122.282438239502326, 47.614824109159571 ] } },
{ "type": "Feature", "properties": { "lat": 47.614874190648557, "lon": -122.28198452756378, "time_of_day": "Late Night", "causation": [ "0", "0", "0", "0", "0", "0", "0", "0", "1", "0", "0", "0", "0", "0", "0", "0", "0", "0", "0", "0", "0", "0", "0", "0" ], "duration": 1852.0, "sum": 1 }, "geometry": { "type": "Point", "coordinates": [ -122.281984527563779, 47.614874190648557 ] } },
{ "type": "Feature", "properties": { "lat": 47.614874190648557, "lon": -122.28198452756378, "time_of_day": "Morning", "causation": [ "0", "0", "0", "0", "0", "0", "0", "0", "0", "0", "0", "0", "0", "0", "0", "0", "0", "1", "0", "0", "0", "0", "0", "0" ], "duration": 34.0, "sum": 1 }, "geometry": { "type": "Point", "coordinates": [ -122.281984527563779, 47.614874190648557 ] } },
{ "type": "Feature", "properties": { "lat": 47.615008281792697, "lon": -122.28198684982624, "time_of_day": "Late Night", "causation": [ "0", "0", "0", "0", "0", "0", "0", "0", "1", "0", "0", "0", "0", "0", "0", "0", "0", "0", "0", "0", "0", "0", "0", "0" ], "duration": 1852.0, "sum": 1 }, "geometry": { "type": "Point", "coordinates": [ -122.281986849826239, 47.615008281792697 ] } },
{ "type": "Feature", "properties": { "lat": 47.615008281792697, "lon": -122.28198684982624, "time_of_day": "Morning", "causation": [ "0", "0", "0", "0", "0", "0", "0", "0", "0", "0", "0", "0", "0", "0", "0", "0", "0", "1", "0", "0", "0", "0", "0", "0" ], "duration": 34.0, "sum": 1 }, "geometry": { "type": "Point", "coordinates": [ -122.281986849826239, 47.615008281792697 ] } },
{ "type": "Feature", "properties": { "lat": 47.615105690047727, "lon": -122.28245443146665, "time_of_day": "Late Night", "causation": [ "0", "0", "0", "0", "0", "0", "0", "0", "1", "0", "0", "0", "0", "0", "0", "0", "0", "0", "0", "0", "0", "0", "0", "0" ], "duration": 1852.0, "sum": 1 }, "geometry": { "type": "Point", "coordinates": [ -122.282454431466647, 47.615105690047727 ] } },
{ "type": "Feature", "properties": { "lat": 47.615105690047727, "lon": -122.28245443146665, "time_of_day": "Morning", "causation": [ "0", "0", "0", "0", "0", "0", "0", "0", "0", "0", "0", "0", "0", "0", "0", "0", "0", "1", "0", "0", "0", "0", "0", "0" ], "duration": 34.0, "sum": 1 }, "geometry": { "type": "Point", "coordinates": [ -122.282454431466647, 47.615105690047727 ] } },
{ "type": "Feature", "properties": { "lat": 47.615154484428842, "lon": -122.28195514599908, "time_of_day": "Late Night", "causation": [ "0", "0", "0", "0", "0", "0", "0", "0", "1", "0", "0", "0", "0", "0", "0", "0", "0", "0", "0", "0", "0", "0", "0", "0" ], "duration": 1852.0, "sum": 1 }, "geometry": { "type": "Point", "coordinates": [ -122.281955145999078, 47.615154484428842 ] } },
{ "type": "Feature", "properties": { "lat": 47.615154484428842, "lon": -122.28195514599908, "time_of_day": "Morning", "causation": [ "0", "0", "0", "0", "0", "0", "0", "0", "0", "0", "0", "0", "0", "0", "0", "0", "0", "1", "0", "0", "0", "0", "0", "0" ], "duration": 34.0, "sum": 1 }, "geometry": { "type": "Point", "coordinates": [ -122.281955145999078, 47.615154484428842 ] } },
{ "type": "Feature", "properties": { "lat": 47.615365964875927, "lon": -122.28186380342773, "time_of_day": "Late Night", "causation": [ "0", "0", "0", "0", "0", "0", "0", "0", "1", "0", "0", "0", "0", "0", "0", "0", "0", "0", "0", "0", "0", "0", "0", "0" ], "duration": 1852.0, "sum": 1 }, "geometry": { "type": "Point", "coordinates": [ -122.281863803427726, 47.615365964875927 ] } },
{ "type": "Feature", "properties": { "lat": 47.615365964875927, "lon": -122.28186380342773, "time_of_day": "Morning", "causation": [ "0", "0", "0", "0", "0", "0", "0", "0", "0", "0", "0", "0", "0", "0", "0", "0", "0", "1", "0", "0", "0", "0", "0", "0" ], "duration": 34.0, "sum": 1 }, "geometry": { "type": "Point", "coordinates": [ -122.281863803427726, 47.615365964875927 ] } },
{ "type": "Feature", "properties": { "lat": 47.615378122797843, "lon": -122.28100794262348, "time_of_day": "Afternoon", "causation": [ "0", "0", "0", "0", "0", "0", "0", "0", "1", "0", "0", "0", "0", "0", "0", "0", "0", "0", "0", "0", "0", "0", "0", "0" ], "duration": 1245.0, "sum": 1 }, "geometry": { "type": "Point", "coordinates": [ -122.281007942623475, 47.615378122797843 ] } },
{ "type": "Feature", "properties": { "lat": 47.615378122797843, "lon": -122.28100794262348, "time_of_day": "Late Night", "causation": [ "0", "0", "0", "0", "0", "0", "0", "0", "1", "0", "0", "0", "0", "0", "0", "0", "0", "0", "0", "0", "0", "0", "0", "0" ], "duration": 1665.0, "sum": 1 }, "geometry": { "type": "Point", "coordinates": [ -122.281007942623475, 47.615378122797843 ] } },
{ "type": "Feature", "properties": { "lat": 47.615400892327713, "lon": -122.28238846817592, "time_of_day": "Late Night", "causation": [ "0", "0", "0", "0", "0", "0", "0", "0", "1", "0", "0", "0", "0", "0", "0", "0", "0", "0", "0", "0", "0", "0", "0", "0" ], "duration": 1852.0, "sum": 1 }, "geometry": { "type": "Point", "coordinates": [ -122.282388468175924, 47.615400892327713 ] } },
{ "type": "Feature", "properties": { "lat": 47.615400892327713, "lon": -122.28238846817592, "time_of_day": "Morning", "causation": [ "0", "0", "0", "0", "0", "0", "0", "0", "0", "0", "0", "0", "0", "0", "0", "0", "0", "1", "0", "0", "0", "0", "0", "0" ], "duration": 34.0, "sum": 1 }, "geometry": { "type": "Point", "coordinates": [ -122.282388468175924, 47.615400892327713 ] } },
{ "type": "Feature", "properties": { "lat": 47.615430726112677, "lon": -122.28285645054918, "time_of_day": "Late Night", "causation": [ "0", "0", "0", "0", "0", "0", "0", "0", "1", "0", "0", "0", "0", "0", "0", "0", "0", "0", "0", "0", "0", "0", "0", "0" ], "duration": 1852.0, "sum": 1 }, "geometry": { "type": "Point", "coordinates": [ -122.282856450549176, 47.615430726112677 ] } },
{ "type": "Feature", "properties": { "lat": 47.615430726112677, "lon": -122.28285645054918, "time_of_day": "Morning", "causation": [ "0", "0", "0", "0", "0", "0", "0", "0", "0", "0", "0", "0", "0", "0", "0", "0", "0", "1", "0", "0", "0", "0", "0", "0" ], "duration": 34.0, "sum": 1 }, "geometry": { "type": "Point", "coordinates": [ -122.282856450549176, 47.615430726112677 ] } },
{ "type": "Feature", "properties": { "lat": 47.615457577340202, "lon": -122.2830876824282, "time_of_day": "Afternoon", "causation": [ "0", "0", "0", "0", "0", "0", "0", "0", "1", "0", "0", "0", "0", "0", "0", "0", "0", "0", "0", "0", "0", "0", "0", "0" ], "duration": 1432.0, "sum": 1 }, "geometry": { "type": "Point", "coordinates": [ -122.283087682428203, 47.615457577340202 ] } },
{ "type": "Feature", "properties": { "lat": 47.615457577340202, "lon": -122.2830876824282, "time_of_day": "Morning", "causation": [ "0", "0", "0", "0", "0", "0", "0", "0", "0", "0", "0", "0", "0", "0", "0", "0", "0", "1", "0", "0", "0", "0", "0", "0" ], "duration": 34.0, "sum": 1 }, "geometry": { "type": "Point", "coordinates": [ -122.283087682428203, 47.615457577340202 ] } },
{ "type": "Feature", "properties": { "lat": 47.615533246599107, "lon": -122.2809338682025, "time_of_day": "Late Night", "causation": [ "0", "0", "0", "0", "0", "0", "0", "0", "1", "0", "0", "0", "0", "0", "0", "0", "0", "0", "0", "0", "0", "0", "0", "0" ], "duration": 1665.0, "sum": 1 }, "geometry": { "type": "Point", "coordinates": [ -122.280933868202496, 47.615533246599107 ] } },
{ "type": "Feature", "properties": { "lat": 47.615541073793437, "lon": -122.28237463092128, "time_of_day": "Late Night", "causation": [ "0", "0", "0", "0", "0", "0", "0", "0", "1", "0", "0", "0", "0", "0", "0", "0", "0", "0", "0", "0", "0", "0", "0", "0" ], "duration": 1852.0, "sum": 1 }, "geometry": { "type": "Point", "coordinates": [ -122.282374630921282, 47.615541073793437 ] } },
{ "type": "Feature", "properties": { "lat": 47.615541073793437, "lon": -122.28237463092128, "time_of_day": "Morning", "causation": [ "0", "0", "0", "0", "0", "0", "0", "0", "0", "0", "0", "0", "0", "0", "0", "0", "0", "1", "0", "0", "0", "0", "0", "0" ], "duration": 34.0, "sum": 1 }, "geometry": { "type": "Point", "coordinates": [ -122.282374630921282, 47.615541073793437 ] } },
{ "type": "Feature", "properties": { "lat": 47.615602191691352, "lon": -122.32416228704103, "time_of_day": "Late Night", "causation": [ "0", "0", "0", "0", "0", "0", "0", "0", "80", "0", "0", "0", "0", "0", "0", "0", "0", "80", "0", "0", "0", "0", "0", "0" ], "duration": 145360.0, "sum": 160 }, "geometry": { "type": "Point", "coordinates": [ -122.324162287041034, 47.615602191691352 ] } },
{ "type": "Feature", "properties": { "lat": 47.615602191691352, "lon": -122.32416228704103, "time_of_day": "Morning", "causation": [ "0", "0", "0", "0", "0", "0", "0", "0", "0", "0", "0", "0", "0", "0", "0", "0", "80", "0", "0", "0", "0", "0", "0", "0" ], "duration": 117840.0, "sum": 80 }, "geometry": { "type": "Point", "coordinates": [ -122.324162287041034, 47.615602191691352 ] } },
{ "type": "Feature", "properties": { "lat": 47.615630530030153, "lon": -122.2817670846734, "time_of_day": "Late Night", "causation": [ "0", "0", "0", "0", "0", "0", "0", "0", "1", "0", "0", "0", "0", "0", "0", "0", "0", "0", "0", "0", "0", "0", "0", "0" ], "duration": 1852.0, "sum": 1 }, "geometry": { "type": "Point", "coordinates": [ -122.281767084673405, 47.615630530030153 ] } },
{ "type": "Feature", "properties": { "lat": 47.615630530030153, "lon": -122.2817670846734, "time_of_day": "Morning", "causation": [ "0", "0", "0", "0", "0", "0", "0", "0", "0", "0", "0", "0", "0", "0", "0", "0", "0", "1", "0", "0", "0", "0", "0", "0" ], "duration": 34.0, "sum": 1 }, "geometry": { "type": "Point", "coordinates": [ -122.281767084673405, 47.615630530030153 ] } },
{ "type": "Feature", "properties": { "lat": 47.615635325791615, "lon": -122.28299277223178, "time_of_day": "Afternoon", "causation": [ "0", "0", "0", "0", "0", "0", "0", "0", "1", "0", "0", "0", "0", "0", "0", "0", "0", "0", "0", "0", "0", "0", "0", "0" ], "duration": 1432.0, "sum": 1 }, "geometry": { "type": "Point", "coordinates": [ -122.282992772231779, 47.615635325791615 ] } },
{ "type": "Feature", "properties": { "lat": 47.615635325791615, "lon": -122.28299277223178, "time_of_day": "Morning", "causation": [ "0", "0", "0", "0", "0", "0", "0", "0", "0", "0", "0", "0", "0", "0", "0", "0", "0", "1", "0", "0", "0", "0", "0", "0" ], "duration": 34.0, "sum": 1 }, "geometry": { "type": "Point", "coordinates": [ -122.282992772231779, 47.615635325791615 ] } },
{ "type": "Feature", "properties": { "lat": 47.615644141911588, "lon": -122.28234297556314, "time_of_day": "Late Night", "causation": [ "0", "0", "0", "0", "0", "0", "0", "0", "1", "0", "0", "0", "0", "0", "0", "0", "0", "0", "0", "0", "0", "0", "0", "0" ], "duration": 1852.0, "sum": 1 }, "geometry": { "type": "Point", "coordinates": [ -122.282342975563139, 47.615644141911588 ] } },
{ "type": "Feature", "properties": { "lat": 47.615644141911588, "lon": -122.28234297556314, "time_of_day": "Morning", "causation": [ "0", "0", "0", "0", "0", "0", "0", "0", "0", "0", "0", "0", "0", "0", "0", "0", "0", "1", "0", "0", "0", "0", "0", "0" ], "duration": 34.0, "sum": 1 }, "geometry": { "type": "Point", "coordinates": [ -122.282342975563139, 47.615644141911588 ] } },
{ "type": "Feature", "properties": { "lat": 47.615661667531192, "lon": -122.325342668191, "time_of_day": "Late Night", "causation": [ "0", "0", "0", "0", "0", "0", "0", "0", "77", "0", "0", "0", "0", "0", "0", "0", "0", "77", "0", "0", "0", "0", "0", "0" ], "duration": 139909.0, "sum": 154 }, "geometry": { "type": "Point", "coordinates": [ -122.325342668190999, 47.615661667531192 ] } },
{ "type": "Feature", "properties": { "lat": 47.615661667531192, "lon": -122.325342668191, "time_of_day": "Morning", "causation": [ "0", "0", "0", "0", "0", "0", "0", "0", "0", "0", "0", "0", "0", "0", "0", "0", "77", "0", "0", "0", "0", "0", "0", "0" ], "duration": 113421.0, "sum": 77 }, "geometry": { "type": "Point", "coordinates": [ -122.325342668190999, 47.615661667531192 ] } },
{ "type": "Feature", "properties": { "lat": 47.61567386473061, "lon": -122.28349293031503, "time_of_day": "Afternoon", "causation": [ "0", "0", "0", "0", "0", "0", "0", "0", "1", "0", "0", "0", "0", "0", "0", "0", "0", "0", "0", "0", "0", "0", "0", "0" ], "duration": 1432.0, "sum": 1 }, "geometry": { "type": "Point", "coordinates": [ -122.283492930315035, 47.61567386473061 ] } },
{ "type": "Feature", "properties": { "lat": 47.61567386473061, "lon": -122.28349293031503, "time_of_day": "Morning", "causation": [ "0", "0", "0", "0", "0", "0", "0", "0", "0", "0", "0", "0", "0", "0", "0", "0", "0", "1", "0", "0", "0", "0", "0", "0" ], "duration": 34.0, "sum": 1 }, "geometry": { "type": "Point", "coordinates": [ -122.283492930315035, 47.61567386473061 ] } },
{ "type": "Feature", "properties": { "lat": 47.615726480147508, "lon": -122.28095943124436, "time_of_day": "Late Night", "causation": [ "0", "0", "0", "0", "0", "0", "0", "0", "1", "0", "0", "0", "0", "0", "0", "0", "0", "0", "0", "0", "0", "0", "0", "0" ], "duration": 1665.0, "sum": 1 }, "geometry": { "type": "Point", "coordinates": [ -122.280959431244355, 47.615726480147508 ] } },
{ "type": "Feature", "properties": { "lat": 47.61574427506897, "lon": -122.28176667857832, "time_of_day": "Late Night", "causation": [ "0", "0", "0", "0", "0", "0", "0", "0", "1", "0", "0", "0", "0", "0", "0", "0", "0", "0", "0", "0", "0", "0", "0", "0" ], "duration": 1852.0, "sum": 1 }, "geometry": { "type": "Point", "coordinates": [ -122.281766678578322, 47.61574427506897 ] } },
{ "type": "Feature", "properties": { "lat": 47.61574427506897, "lon": -122.28176667857832, "time_of_day": "Morning", "causation": [ "0", "0", "0", "0", "0", "0", "0", "0", "0", "0", "0", "0", "0", "0", "0", "0", "0", "1", "0", "0", "0", "0", "0", "0" ], "duration": 34.0, "sum": 1 }, "geometry": { "type": "Point", "coordinates": [ -122.281766678578322, 47.61574427506897 ] } },
{ "type": "Feature", "properties": { "lat": 47.615759659180689, "lon": -122.28227035650956, "time_of_day": "Late Night", "causation": [ "0", "0", "0", "0", "0", "0", "0", "0", "1", "0", "0", "0", "0", "0", "0", "0", "0", "0", "0", "0", "0", "0", "0", "0" ], "duration": 1852.0, "sum": 1 }, "geometry": { "type": "Point", "coordinates": [ -122.282270356509557, 47.615759659180689 ] } },
{ "type": "Feature", "properties": { "lat": 47.615759659180689, "lon": -122.28227035650956, "time_of_day": "Morning", "causation": [ "0", "0", "0", "0", "0", "0", "0", "0", "0", "0", "0", "0", "0", "0", "0", "0", "0", "1", "0", "0", "0", "0", "0", "0" ], "duration": 34.0, "sum": 1 }, "geometry": { "type": "Point", "coordinates": [ -122.282270356509557, 47.615759659180689 ] } },
{ "type": "Feature", "properties": { "lat": 47.615766867561007, "lon": -122.28294555675734, "time_of_day": "Afternoon", "causation": [ "0", "0", "0", "0", "0", "0", "0", "0", "1", "0", "0", "0", "0", "0", "0", "0", "0", "0", "0", "0", "0", "0", "0", "0" ], "duration": 1432.0, "sum": 1 }, "geometry": { "type": "Point", "coordinates": [ -122.28294555675734, 47.615766867561007 ] } },
{ "type": "Feature", "properties": { "lat": 47.615766867561007, "lon": -122.28294555675734, "time_of_day": "Morning", "causation": [ "0", "0", "0", "0", "0", "0", "0", "0", "0", "0", "0", "0", "0", "0", "0", "0", "0", "1", "0", "0", "0", "0", "0", "0" ], "duration": 34.0, "sum": 1 }, "geometry": { "type": "Point", "coordinates": [ -122.28294555675734, 47.615766867561007 ] } },
{ "type": "Feature", "properties": { "lat": 47.615842239582527, "lon": -122.32474860697792, "time_of_day": "Late Night", "causation": [ "0", "0", "0", "0", "0", "0", "0", "0", "0", "0", "0", "0", "0", "0", "0", "0", "0", "33", "0", "0", "0", "0", "0", "0" ], "duration": 726.0, "sum": 33 }, "geometry": { "type": "Point", "coordinates": [ -122.32474860697792, 47.615842239582527 ] } },
{ "type": "Feature", "properties": { "lat": 47.615842239582527, "lon": -122.32474860697792, "time_of_day": "Morning", "causation": [ "0", "0", "0", "0", "0", "0", "0", "0", "33", "0", "0", "0", "0", "0", "0", "0", "33", "0", "0", "0", "0", "0", "0", "0" ], "duration": 94479.0, "sum": 66 }, "geometry": { "type": "Point", "coordinates": [ -122.32474860697792, 47.615842239582527 ] } },
{ "type": "Feature", "properties": { "lat": 47.615852814689291, "lon": -122.32595747061178, "time_of_day": "Late Night", "causation": [ "0", "0", "0", "0", "0", "0", "0", "0", "21", "0", "0", "0", "0", "0", "0", "0", "0", "21", "0", "0", "0", "0", "0", "0" ], "duration": 38157.0, "sum": 42 }, "geometry": { "type": "Point", "coordinates": [ -122.325957470611783, 47.615852814689291 ] } },
{ "type": "Feature", "properties": { "lat": 47.615852814689291, "lon": -122.32595747061178, "time_of_day": "Morning", "causation": [ "0", "0", "0", "0", "0", "0", "0", "0", "0", "0", "0", "0", "0", "0", "0", "0", "21", "0", "0", "0", "0", "0", "0", "0" ], "duration": 30933.0, "sum": 21 }, "geometry": { "type": "Point", "coordinates": [ -122.325957470611783, 47.615852814689291 ] } },
{ "type": "Feature", "properties": { "lat": 47.615870313400343, "lon": -122.28298330151088, "time_of_day": "Afternoon", "causation": [ "0", "0", "0", "0", "0", "0", "0", "0", "1", "0", "0", "0", "0", "0", "0", "0", "0", "0", "0", "0", "0", "0", "0", "0" ], "duration": 1432.0, "sum": 1 }, "geometry": { "type": "Point", "coordinates": [ -122.282983301510882, 47.615870313400343 ] } },
{ "type": "Feature", "properties": { "lat": 47.615870313400343, "lon": -122.28298330151088, "time_of_day": "Morning", "causation": [ "0", "0", "0", "0", "0", "0", "0", "0", "0", "0", "0", "0", "0", "0", "0", "0", "0", "1", "0", "0", "0", "0", "0", "0" ], "duration": 34.0, "sum": 1 }, "geometry": { "type": "Point", "coordinates": [ -122.282983301510882, 47.615870313400343 ] } },
{ "type": "Feature", "properties": { "lat": 47.61588104446686, "lon": -122.2817238106928, "time_of_day": "Late Night", "causation": [ "0", "0", "0", "0", "0", "0", "0", "0", "1", "0", "0", "0", "0", "0", "0", "0", "0", "0", "0", "0", "0", "0", "0", "0" ], "duration": 1852.0, "sum": 1 }, "geometry": { "type": "Point", "coordinates": [ -122.281723810692796, 47.61588104446686 ] } },
{ "type": "Feature", "properties": { "lat": 47.61588104446686, "lon": -122.2817238106928, "time_of_day": "Morning", "causation": [ "0", "0", "0", "0", "0", "0", "0", "0", "0", "0", "0", "0", "0", "0", "0", "0", "0", "1", "0", "0", "0", "0", "0", "0" ], "duration": 34.0, "sum": 1 }, "geometry": { "type": "Point", "coordinates": [ -122.281723810692796, 47.61588104446686 ] } },
{ "type": "Feature", "properties": { "lat": 47.615897166692911, "lon": -122.28224794466566, "time_of_day": "Late Night", "causation": [ "0", "0", "0", "0", "0", "0", "0", "0", "1", "0", "0", "0", "0", "0", "0", "0", "0", "0", "0", "0", "0", "0", "0", "0" ], "duration": 1852.0, "sum": 1 }, "geometry": { "type": "Point", "coordinates": [ -122.282247944665656, 47.615897166692911 ] } },
{ "type": "Feature", "properties": { "lat": 47.615897166692911, "lon": -122.28224794466566, "time_of_day": "Morning", "causation": [ "0", "0", "0", "0", "0", "0", "0", "0", "0", "0", "0", "0", "0", "0", "0", "0", "0", "1", "0", "0", "0", "0", "0", "0" ], "duration": 34.0, "sum": 1 }, "geometry": { "type": "Point", "coordinates": [ -122.282247944665656, 47.615897166692911 ] } },
{ "type": "Feature", "properties": { "lat": 47.615903954130943, "lon": -122.28355472535846, "time_of_day": "Afternoon", "causation": [ "0", "0", "0", "0", "0", "0", "0", "0", "1", "0", "0", "0", "0", "0", "0", "0", "0", "0", "0", "0", "0", "0", "0", "0" ], "duration": 1432.0, "sum": 1 }, "geometry": { "type": "Point", "coordinates": [ -122.283554725358456, 47.615903954130943 ] } },
{ "type": "Feature", "properties": { "lat": 47.615903954130943, "lon": -122.28355472535846, "time_of_day": "Morning", "causation": [ "0", "0", "0", "0", "0", "0", "0", "0", "0", "0", "0", "0", "0", "0", "0", "0", "0", "1", "0", "0", "0", "0", "0", "0" ], "duration": 34.0, "sum": 1 }, "geometry": { "type": "Point", "coordinates": [ -122.283554725358456, 47.615903954130943 ] } },
{ "type": "Feature", "properties": { "lat": 47.61590992279438, "lon": -122.28089505335601, "time_of_day": "Late Night", "causation": [ "0", "0", "0", "0", "0", "0", "0", "0", "1", "0", "0", "0", "0", "0", "0", "0", "0", "0", "0", "0", "0", "0", "0", "0" ], "duration": 1665.0, "sum": 1 }, "geometry": { "type": "Point", "coordinates": [ -122.280895053356005, 47.61590992279438 ] } },
{ "type": "Feature", "properties": { "lat": 47.615928740186838, "lon": -122.32420205833203, "time_of_day": "Late Night", "causation": [ "0", "0", "0", "0", "0", "0", "0", "0", "69", "0", "0", "0", "0", "0", "0", "0", "0", "69", "0", "0", "0", "0", "0", "0" ], "duration": 125373.0, "sum": 138 }, "geometry": { "type": "Point", "coordinates": [ -122.324202058332034, 47.615928740186838 ] } },
{ "type": "Feature", "properties": { "lat": 47.615928740186838, "lon": -122.32420205833203, "time_of_day": "Morning", "causation": [ "0", "0", "0", "0", "0", "0", "0", "0", "0", "0", "0", "0", "0", "0", "0", "0", "69", "0", "0", "0", "0", "0", "0", "0" ], "duration": 101637.0, "sum": 69 }, "geometry": { "type": "Point", "coordinates": [ -122.324202058332034, 47.615928740186838 ] } },
{ "type": "Feature", "properties": { "lat": 47.615929551054442, "lon": -122.32645727991778, "time_of_day": "Late Night", "causation": [ "0", "0", "0", "0", "0", "0", "0", "0", "69", "0", "0", "0", "0", "0", "0", "0", "0", "69", "0", "0", "0", "0", "0", "0" ], "duration": 125373.0, "sum": 138 }, "geometry": { "type": "Point", "coordinates": [ -122.326457279917776, 47.615929551054442 ] } },
{ "type": "Feature", "properties": { "lat": 47.615929551054442, "lon": -122.32645727991778, "time_of_day": "Morning", "causation": [ "0", "0", "0", "0", "0", "0", "0", "0", "0", "0", "0", "0", "0", "0", "0", "0", "69", "0", "0", "0", "0", "0", "0", "0" ], "duration": 101637.0, "sum": 69 }, "geometry": { "type": "Point", "coordinates": [ -122.326457279917776, 47.615929551054442 ] } },
{ "type": "Feature", "properties": { "lat": 47.615957906907887, "lon": -122.32476900739424, "time_of_day": "Late Night", "causation": [ "0", "0", "0", "0", "0", "0", "0", "0", "0", "0", "0", "0", "0", "0", "0", "0", "0", "2", "0", "0", "0", "0", "0", "0" ], "duration": 44.0, "sum": 2 }, "geometry": { "type": "Point", "coordinates": [ -122.324769007394238, 47.615957906907887 ] } },
{ "type": "Feature", "properties": { "lat": 47.615957906907887, "lon": -122.32476900739424, "time_of_day": "Morning", "causation": [ "0", "0", "0", "0", "0", "0", "0", "0", "2", "0", "0", "0", "0", "0", "0", "0", "2", "0", "0", "0", "0", "0", "0", "0" ], "duration": 5726.0, "sum": 4 }, "geometry": { "type": "Point", "coordinates": [ -122.324769007394238, 47.615957906907887 ] } },
{ "type": "Feature", "properties": { "lat": 47.615973828627823, "lon": -122.28285843839224, "time_of_day": "Afternoon", "causation": [ "0", "0", "0", "0", "0", "0", "0", "0", "1", "0", "0", "0", "0", "0", "0", "0", "0", "0", "0", "0", "0", "0", "0", "0" ], "duration": 1432.0, "sum": 1 }, "geometry": { "type": "Point", "coordinates": [ -122.282858438392239, 47.615973828627823 ] } },
{ "type": "Feature", "properties": { "lat": 47.615973828627823, "lon": -122.28285843839224, "time_of_day": "Morning", "causation": [ "0", "0", "0", "0", "0", "0", "0", "0", "0", "0", "0", "0", "0", "0", "0", "0", "0", "1", "0", "0", "0", "0", "0", "0" ], "duration": 34.0, "sum": 1 }, "geometry": { "type": "Point", "coordinates": [ -122.282858438392239, 47.615973828627823 ] } },
{ "type": "Feature", "properties": { "lat": 47.615990593562557, "lon": -122.28176572954663, "time_of_day": "Late Night", "causation": [ "0", "0", "0", "0", "0", "0", "0", "0", "1", "0", "0", "0", "0", "0", "0", "0", "0", "0", "0", "0", "0", "0", "0", "0" ], "duration": 1852.0, "sum": 1 }, "geometry": { "type": "Point", "coordinates": [ -122.281765729546635, 47.615990593562557 ] } },
{ "type": "Feature", "properties": { "lat": 47.615990593562557, "lon": -122.28176572954663, "time_of_day": "Morning", "causation": [ "0", "0", "0", "0", "0", "0", "0", "0", "0", "0", "0", "0", "0", "0", "0", "0", "0", "1", "0", "0", "0", "0", "0", "0" ], "duration": 34.0, "sum": 1 }, "geometry": { "type": "Point", "coordinates": [ -122.281765729546635, 47.615990593562557 ] } },
{ "type": "Feature", "properties": { "lat": 47.616021725638909, "lon": -122.28369470128904, "time_of_day": "Afternoon", "causation": [ "0", "0", "0", "0", "0", "0", "0", "0", "1", "0", "0", "0", "0", "0", "0", "0", "0", "0", "0", "0", "0", "0", "0", "0" ], "duration": 1432.0, "sum": 1 }, "geometry": { "type": "Point", "coordinates": [ -122.283694701289036, 47.616021725638909 ] } },
{ "type": "Feature", "properties": { "lat": 47.616021725638909, "lon": -122.28369470128904, "time_of_day": "Morning", "causation": [ "0", "0", "0", "0", "0", "0", "0", "0", "0", "0", "0", "0", "0", "0", "0", "0", "0", "1", "0", "0", "0", "0", "0", "0" ], "duration": 34.0, "sum": 1 }, "geometry": { "type": "Point", "coordinates": [ -122.283694701289036, 47.616021725638909 ] } },
{ "type": "Feature", "properties": { "lat": 47.616056945671112, "lon": -122.32487733591316, "time_of_day": "Late Night", "causation": [ "0", "0", "0", "0", "0", "0", "0", "0", "0", "0", "0", "0", "0", "0", "0", "0", "0", "1", "0", "0", "0", "0", "0", "0" ], "duration": 22.0, "sum": 1 }, "geometry": { "type": "Point", "coordinates": [ -122.324877335913158, 47.616056945671112 ] } },
{ "type": "Feature", "properties": { "lat": 47.616056945671112, "lon": -122.32487733591316, "time_of_day": "Morning", "causation": [ "0", "0", "0", "0", "0", "0", "0", "0", "1", "0", "0", "0", "0", "0", "0", "0", "1", "0", "0", "0", "0", "0", "0", "0" ], "duration": 2863.0, "sum": 2 }, "geometry": { "type": "Point", "coordinates": [ -122.324877335913158, 47.616056945671112 ] } },
{ "type": "Feature", "properties": { "lat": 47.616079810970334, "lon": -122.28295709020864, "time_of_day": "Afternoon", "causation": [ "0", "0", "0", "0", "0", "0", "0", "0", "2", "0", "0", "0", "0", "0", "0", "0", "0", "0", "0", "0", "0", "0", "0", "0" ], "duration": 2864.0, "sum": 2 }, "geometry": { "type": "Point", "coordinates": [ -122.28295709020864, 47.616079810970334 ] } },
{ "type": "Feature", "properties": { "lat": 47.616079810970334, "lon": -122.28295709020864, "time_of_day": "Late Night", "causation": [ "0", "0", "0", "0", "0", "0", "0", "0", "2", "0", "0", "0", "0", "0", "0", "0", "0", "0", "0", "0", "0", "0", "0", "0" ], "duration": 6236.0, "sum": 2 }, "geometry": { "type": "Point", "coordinates": [ -122.28295709020864, 47.616079810970334 ] } },
{ "type": "Feature", "properties": { "lat": 47.616079810970334, "lon": -122.28295709020864, "time_of_day": "Morning", "causation": [ "0", "0", "0", "0", "0", "0", "0", "0", "0", "0", "0", "0", "0", "0", "0", "0", "0", "2", "0", "0", "0", "0", "0", "0" ], "duration": 68.0, "sum": 2 }, "geometry": { "type": "Point", "coordinates": [ -122.28295709020864, 47.616079810970334 ] } },
{ "type": "Feature", "properties": { "lat": 47.616082578110699, "lon": -122.28225277957958, "time_of_day": "Late Night", "causation": [ "0", "0", "0", "0", "0", "0", "0", "0", "1", "0", "0", "0", "0", "0", "0", "0", "0", "0", "0", "0", "0", "0", "0", "0" ], "duration": 1852.0, "sum": 1 }, "geometry": { "type": "Point", "coordinates": [ -122.282252779579579, 47.616082578110699 ] } },
{ "type": "Feature", "properties": { "lat": 47.616082578110699, "lon": -122.28225277957958, "time_of_day": "Morning", "causation": [ "0", "0", "0", "0", "0", "0", "0", "0", "0", "0", "0", "0", "0", "0", "0", "0", "0", "1", "0", "0", "0", "0", "0", "0" ], "duration": 34.0, "sum": 1 }, "geometry": { "type": "Point", "coordinates": [ -122.282252779579579, 47.616082578110699 ] } },
{ "type": "Feature", "properties": { "lat": 47.616101177368442, "lon": -122.32592506100292, "time_of_day": "Late Night", "causation": [ "0", "0", "0", "0", "0", "0", "0", "0", "37", "0", "0", "0", "0", "0", "0", "0", "0", "37", "0", "0", "0", "0", "0", "0" ], "duration": 67229.0, "sum": 74 }, "geometry": { "type": "Point", "coordinates": [ -122.32592506100292, 47.616101177368442 ] } },
{ "type": "Feature", "properties": { "lat": 47.616101177368442, "lon": -122.32592506100292, "time_of_day": "Morning", "causation": [ "0", "0", "0", "0", "0", "0", "0", "0", "0", "0", "0", "0", "0", "0", "0", "0", "37", "0", "0", "0", "0", "0", "0", "0" ], "duration": 54501.0, "sum": 37 }, "geometry": { "type": "Point", "coordinates": [ -122.32592506100292, 47.616101177368442 ] } },
{ "type": "Feature", "properties": { "lat": 47.616117884778106, "lon": -122.28355892025712, "time_of_day": "Afternoon", "causation": [ "0", "0", "0", "0", "0", "0", "0", "0", "1", "0", "0", "0", "0", "0", "0", "0", "0", "0", "0", "0", "0", "0", "0", "0" ], "duration": 1432.0, "sum": 1 }, "geometry": { "type": "Point", "coordinates": [ -122.283558920257121, 47.616117884778106 ] } },
{ "type": "Feature", "properties": { "lat": 47.616117884778106, "lon": -122.28355892025712, "time_of_day": "Morning", "causation": [ "0", "0", "0", "0", "0", "0", "0", "0", "0", "0", "0", "0", "0", "0", "0", "0", "0", "1", "0", "0", "0", "0", "0", "0" ], "duration": 34.0, "sum": 1 }, "geometry": { "type": "Point", "coordinates": [ -122.283558920257121, 47.616117884778106 ] } },
{ "type": "Feature", "properties": { "lat": 47.61618650439501, "lon": -122.32489036098802, "time_of_day": "Late Night", "causation": [ "0", "0", "0", "0", "0", "0", "0", "0", "0", "0", "0", "0", "0", "0", "0", "0", "0", "27", "0", "0", "0", "0", "0", "0" ], "duration": 594.0, "sum": 27 }, "geometry": { "type": "Point", "coordinates": [ -122.324890360988022, 47.61618650439501 ] } },
{ "type": "Feature", "properties": { "lat": 47.61618650439501, "lon": -122.32489036098802, "time_of_day": "Morning", "causation": [ "0", "0", "0", "0", "0", "0", "0", "0", "27", "0", "0", "0", "0", "0", "0", "0", "27", "0", "0", "0", "0", "0", "0", "0" ], "duration": 77301.0, "sum": 54 }, "geometry": { "type": "Point", "coordinates": [ -122.324890360988022, 47.61618650439501 ] } },
{ "type": "Feature", "properties": { "lat": 47.616187965946494, "lon": -122.3237711279224, "time_of_day": "Late Night", "causation": [ "0", "0", "0", "0", "0", "0", "0", "0", "0", "0", "0", "0", "0", "0", "0", "0", "0", "31", "0", "0", "0", "0", "0", "0" ], "duration": 682.0, "sum": 31 }, "geometry": { "type": "Point", "coordinates": [ -122.323771127922399, 47.616187965946494 ] } },
{ "type": "Feature", "properties": { "lat": 47.616187965946494, "lon": -122.3237711279224, "time_of_day": "Morning", "causation": [ "0", "0", "0", "0", "0", "0", "0", "0", "31", "0", "0", "0", "0", "0", "0", "0", "31", "0", "0", "0", "0", "0", "0", "0" ], "duration": 88753.0, "sum": 62 }, "geometry": { "type": "Point", "coordinates": [ -122.323771127922399, 47.616187965946494 ] } },
{ "type": "Feature", "properties": { "lat": 47.616196499880161, "lon": -122.2829556900422, "time_of_day": "Afternoon", "causation": [ "0", "0", "0", "0", "0", "0", "0", "0", "1", "0", "0", "0", "0", "0", "0", "0", "0", "0", "0", "0", "0", "0", "0", "0" ], "duration": 1432.0, "sum": 1 }, "geometry": { "type": "Point", "coordinates": [ -122.282955690042201, 47.616196499880161 ] } },
{ "type": "Feature", "properties": { "lat": 47.616196499880161, "lon": -122.2829556900422, "time_of_day": "Morning", "causation": [ "0", "0", "0", "0", "0", "0", "0", "0", "0", "0", "0", "0", "0", "0", "0", "0", "0", "1", "0", "0", "0", "0", "0", "0" ], "duration": 34.0, "sum": 1 }, "geometry": { "type": "Point", "coordinates": [ -122.282955690042201, 47.616196499880161 ] } },
{ "type": "Feature", "properties": { "lat": 47.616204705056738, "lon": -122.28351577972684, "time_of_day": "Afternoon", "causation": [ "0", "0", "0", "0", "0", "0", "0", "0", "1", "0", "0", "0", "0", "0", "0", "0", "0", "0", "0", "0", "0", "0", "0", "0" ], "duration": 1432.0, "sum": 1 }, "geometry": { "type": "Point", "coordinates": [ -122.283515779726841, 47.616204705056738 ] } },
{ "type": "Feature", "properties": { "lat": 47.616204705056738, "lon": -122.28351577972684, "time_of_day": "Morning", "causation": [ "0", "0", "0", "0", "0", "0", "0", "0", "0", "0", "0", "0", "0", "0", "0", "0", "0", "1", "0", "0", "0", "0", "0", "0" ], "duration": 34.0, "sum": 1 }, "geometry": { "type": "Point", "coordinates": [ -122.283515779726841, 47.616204705056738 ] } },
{ "type": "Feature", "properties": { "lat": 47.616247828885783, "lon": -122.28233567999544, "time_of_day": "Late Night", "causation": [ "0", "0", "0", "0", "0", "0", "0", "0", "1", "0", "0", "0", "0", "0", "0", "0", "0", "0", "0", "0", "0", "0", "0", "0" ], "duration": 1852.0, "sum": 1 }, "geometry": { "type": "Point", "coordinates": [ -122.282335679995441, 47.616247828885783 ] } },
{ "type": "Feature", "properties": { "lat": 47.616247828885783, "lon": -122.28233567999544, "time_of_day": "Morning", "causation": [ "0", "0", "0", "0", "0", "0", "0", "0", "0", "0", "0", "0", "0", "0", "0", "0", "0", "1", "0", "0", "0", "0", "0", "0" ], "duration": 34.0, "sum": 1 }, "geometry": { "type": "Point", "coordinates": [ -122.282335679995441, 47.616247828885783 ] } },
{ "type": "Feature", "properties": { "lat": 47.616292883546592, "lon": -122.28105929215384, "time_of_day": "Late Night", "causation": [ "0", "0", "0", "0", "0", "0", "0", "0", "1", "0", "0", "0", "0", "0", "0", "0", "0", "0", "0", "0", "0", "0", "0", "0" ], "duration": 1665.0, "sum": 1 }, "geometry": { "type": "Point", "coordinates": [ -122.281059292153842, 47.616292883546592 ] } },
{ "type": "Feature", "properties": { "lat": 47.616315221068319, "lon": -122.28292045686165, "time_of_day": "Afternoon", "causation": [ "0", "0", "0", "0", "0", "0", "0", "0", "1", "0", "0", "0", "0", "0", "0", "0", "0", "0", "0", "0", "0", "0", "0", "0" ], "duration": 1432.0, "sum": 1 }, "geometry": { "type": "Point", "coordinates": [ -122.282920456861646, 47.616315221068319 ] } },
{ "type": "Feature", "properties": { "lat": 47.616315221068319, "lon": -122.28292045686165, "time_of_day": "Morning", "causation": [ "0", "0", "0", "0", "0", "0", "0", "0", "0", "0", "0", "0", "0", "0", "0", "0", "0", "1", "0", "0", "0", "0", "0", "0" ], "duration": 34.0, "sum": 1 }, "geometry": { "type": "Point", "coordinates": [ -122.282920456861646, 47.616315221068319 ] } },
{ "type": "Feature", "properties": { "lat": 47.616481456530117, "lon": -122.32651729306144, "time_of_day": "Late Night", "causation": [ "0", "0", "0", "0", "0", "0", "0", "0", "23", "0", "0", "0", "0", "0", "0", "0", "0", "23", "0", "0", "0", "0", "0", "0" ], "duration": 41791.0, "sum": 46 }, "geometry": { "type": "Point", "coordinates": [ -122.326517293061443, 47.616481456530117 ] } },
{ "type": "Feature", "properties": { "lat": 47.616481456530117, "lon": -122.32651729306144, "time_of_day": "Morning", "causation": [ "0", "0", "0", "0", "0", "0", "0", "0", "0", "0", "0", "0", "0", "0", "0", "0", "23", "0", "0", "0", "0", "0", "0", "0" ], "duration": 33879.0, "sum": 23 }, "geometry": { "type": "Point", "coordinates": [ -122.326517293061443, 47.616481456530117 ] } },
{ "type": "Feature", "properties": { "lat": 47.61651030444694, "lon": -122.32528033068895, "time_of_day": "Late Night", "causation": [ "0", "0", "0", "0", "0", "0", "0", "0", "0", "0", "0", "0", "0", "0", "0", "0", "0", "22", "0", "0", "0", "0", "0", "0" ], "duration": 484.0, "sum": 22 }, "geometry": { "type": "Point", "coordinates": [ -122.325280330688955, 47.61651030444694 ] } },
{ "type": "Feature", "properties": { "lat": 47.61651030444694, "lon": -122.32528033068895, "time_of_day": "Morning", "causation": [ "0", "0", "0", "0", "0", "0", "0", "0", "22", "0", "0", "0", "0", "0", "0", "0", "22", "0", "0", "0", "0", "0", "0", "0" ], "duration": 62986.0, "sum": 44 }, "geometry": { "type": "Point", "coordinates": [ -122.325280330688955, 47.61651030444694 ] } },
{ "type": "Feature", "properties": { "lat": 47.616542094732885, "lon": -122.32593485114552, "time_of_day": "Late Night", "causation": [ "0", "0", "0", "0", "0", "0", "0", "0", "0", "0", "0", "0", "0", "0", "0", "0", "0", "50", "0", "0", "0", "0", "0", "0" ], "duration": 1100.0, "sum": 50 }, "geometry": { "type": "Point", "coordinates": [ -122.325934851145519, 47.616542094732885 ] } },
{ "type": "Feature", "properties": { "lat": 47.616542094732885, "lon": -122.32593485114552, "time_of_day": "Morning", "causation": [ "0", "0", "0", "0", "0", "0", "0", "0", "50", "0", "0", "0", "0", "0", "0", "0", "50", "0", "0", "0", "0", "0", "0", "0" ], "duration": 143150.0, "sum": 100 }, "geometry": { "type": "Point", "coordinates": [ -122.325934851145519, 47.616542094732885 ] } },
{ "type": "Feature", "properties": { "lat": 47.616569162717603, "lon": -122.32380539030048, "time_of_day": "Late Night", "causation": [ "0", "0", "0", "0", "0", "0", "0", "0", "40", "0", "0", "0", "0", "0", "0", "0", "0", "40", "0", "0", "0", "0", "0", "0" ], "duration": 72680.0, "sum": 80 }, "geometry": { "type": "Point", "coordinates": [ -122.323805390300478, 47.616569162717603 ] } },
{ "type": "Feature", "properties": { "lat": 47.616569956861923, "lon": -122.32473368751532, "time_of_day": "Late Night", "causation": [ "0", "0", "0", "0", "0", "0", "0", "0", "69", "0", "0", "0", "0", "0", "0", "0", "0", "0", "0", "0", "0", "0", "0", "0" ], "duration": 104052.0, "sum": 69 }, "geometry": { "type": "Point", "coordinates": [ -122.32473368751532, 47.616569956861923 ] } },
{ "type": "Feature", "properties": { "lat": 47.61659564615524, "lon": -122.3242087025982, "time_of_day": "Late Night", "causation": [ "0", "0", "0", "0", "0", "0", "0", "0", "34", "0", "0", "0", "0", "0", "0", "0", "0", "0", "0", "0", "0", "0", "0", "0" ], "duration": 51272.0, "sum": 34 }, "geometry": { "type": "Point", "coordinates": [ -122.324208702598199, 47.61659564615524 ] } },
{ "type": "Feature", "properties": { "lat": 47.616635296517707, "lon": -122.28290782496964, "time_of_day": "Late Night", "causation": [ "0", "0", "0", "0", "0", "0", "0", "0", "1", "0", "0", "0", "0", "0", "0", "0", "0", "0", "0", "0", "0", "0", "0", "0" ], "duration": 1852.0, "sum": 1 }, "geometry": { "type": "Point", "coordinates": [ -122.282907824969641, 47.616635296517707 ] } },
{ "type": "Feature", "properties": { "lat": 47.616635296517707, "lon": -122.28290782496964, "time_of_day": "Morning", "causation": [ "0", "0", "0", "0", "0", "0", "0", "0", "0", "0", "0", "0", "0", "0", "0", "0", "0", "1", "0", "0", "0", "0", "0", "0" ], "duration": 34.0, "sum": 1 }, "geometry": { "type": "Point", "coordinates": [ -122.282907824969641, 47.616635296517707 ] } },
{ "type": "Feature", "properties": { "lat": 47.616653282468612, "lon": -122.28361254321467, "time_of_day": "Late Night", "causation": [ "0", "0", "0", "0", "0", "0", "0", "0", "1", "0", "0", "0", "0", "0", "0", "0", "0", "0", "0", "0", "0", "0", "0", "0" ], "duration": 1852.0, "sum": 1 }, "geometry": { "type": "Point", "coordinates": [ -122.283612543214673, 47.616653282468612 ] } },
{ "type": "Feature", "properties": { "lat": 47.616653282468612, "lon": -122.28361254321467, "time_of_day": "Morning", "causation": [ "0", "0", "0", "0", "0", "0", "0", "0", "0", "0", "0", "0", "0", "0", "0", "0", "0", "1", "0", "0", "0", "0", "0", "0" ], "duration": 34.0, "sum": 1 }, "geometry": { "type": "Point", "coordinates": [ -122.283612543214673, 47.616653282468612 ] } },
{ "type": "Feature", "properties": { "lat": 47.616709583693201, "lon": -122.32538750100468, "time_of_day": "Late Night", "causation": [ "0", "0", "0", "0", "0", "0", "0", "0", "1", "0", "0", "0", "0", "0", "0", "0", "0", "1", "0", "0", "0", "0", "0", "0" ], "duration": 1817.0, "sum": 2 }, "geometry": { "type": "Point", "coordinates": [ -122.325387501004684, 47.616709583693201 ] } },
{ "type": "Feature", "properties": { "lat": 47.616709583693201, "lon": -122.32538750100468, "time_of_day": "Morning", "causation": [ "0", "0", "0", "0", "0", "0", "0", "0", "0", "0", "0", "0", "0", "0", "0", "0", "1", "0", "0", "0", "0", "0", "0", "0" ], "duration": 1473.0, "sum": 1 }, "geometry": { "type": "Point", "coordinates": [ -122.325387501004684, 47.616709583693201 ] } },
{ "type": "Feature", "properties": { "lat": 47.616719042858819, "lon": -122.28398473608148, "time_of_day": "Late Night", "causation": [ "0", "0", "0", "0", "0", "0", "0", "0", "1", "0", "0", "0", "0", "0", "0", "0", "0", "0", "0", "0", "0", "0", "0", "0" ], "duration": 1852.0, "sum": 1 }, "geometry": { "type": "Point", "coordinates": [ -122.283984736081479, 47.616719042858819 ] } },
{ "type": "Feature", "properties": { "lat": 47.616719042858819, "lon": -122.28398473608148, "time_of_day": "Morning", "causation": [ "0", "0", "0", "0", "0", "0", "0", "0", "0", "0", "0", "0", "0", "0", "0", "0", "0", "1", "0", "0", "0", "0", "0", "0" ], "duration": 34.0, "sum": 1 }, "geometry": { "type": "Point", "coordinates": [ -122.283984736081479, 47.616719042858819 ] } },
{ "type": "Feature", "properties": { "lat": 47.616813213414588, "lon": -122.28289159720336, "time_of_day": "Late Night", "causation": [ "0", "0", "0", "0", "0", "0", "0", "0", "1", "0", "0", "0", "0", "0", "0", "0", "0", "0", "0", "0", "0", "0", "0", "0" ], "duration": 1852.0, "sum": 1 }, "geometry": { "type": "Point", "coordinates": [ -122.28289159720336, 47.616813213414588 ] } },
{ "type": "Feature", "properties": { "lat": 47.616813213414588, "lon": -122.28289159720336, "time_of_day": "Morning", "causation": [ "0", "0", "0", "0", "0", "0", "0", "0", "0", "0", "0", "0", "0", "0", "0", "0", "0", "1", "0", "0", "0", "0", "0", "0" ], "duration": 34.0, "sum": 1 }, "geometry": { "type": "Point", "coordinates": [ -122.28289159720336, 47.616813213414588 ] } },
{ "type": "Feature", "properties": { "lat": 47.616821141344616, "lon": -122.2836447292209, "time_of_day": "Late Night", "causation": [ "0", "0", "0", "0", "0", "0", "0", "0", "1", "0", "0", "0", "0", "0", "0", "0", "0", "0", "0", "0", "0", "0", "0", "0" ], "duration": 1852.0, "sum": 1 }, "geometry": { "type": "Point", "coordinates": [ -122.283644729220896, 47.616821141344616 ] } },
{ "type": "Feature", "properties": { "lat": 47.616821141344616, "lon": -122.2836447292209, "time_of_day": "Morning", "causation": [ "0", "0", "0", "0", "0", "0", "0", "0", "0", "0", "0", "0", "0", "0", "0", "0", "0", "1", "0", "0", "0", "0", "0", "0" ], "duration": 34.0, "sum": 1 }, "geometry": { "type": "Point", "coordinates": [ -122.283644729220896, 47.616821141344616 ] } },
{ "type": "Feature", "properties": { "lat": 47.61698009910382, "lon": -122.28284221413404, "time_of_day": "Late Night", "causation": [ "0", "0", "0", "0", "0", "0", "0", "0", "1", "0", "0", "0", "0", "0", "0", "0", "0", "0", "0", "0", "0", "0", "0", "0" ], "duration": 1852.0, "sum": 1 }, "geometry": { "type": "Point", "coordinates": [ -122.282842214134035, 47.61698009910382 ] } },
{ "type": "Feature", "properties": { "lat": 47.61698009910382, "lon": -122.28284221413404, "time_of_day": "Morning", "causation": [ "0", "0", "0", "0", "0", "0", "0", "0", "0", "0", "0", "0", "0", "0", "0", "0", "0", "1", "0", "0", "0", "0", "0", "0" ], "duration": 34.0, "sum": 1 }, "geometry": { "type": "Point", "coordinates": [ -122.282842214134035, 47.61698009910382 ] } },
{ "type": "Feature", "properties": { "lat": 47.616986217597457, "lon": -122.28358356209851, "time_of_day": "Late Night", "causation": [ "0", "0", "0", "0", "0", "0", "0", "0", "1", "0", "0", "0", "0", "0", "0", "0", "0", "0", "0", "0", "0", "0", "0", "0" ], "duration": 1852.0, "sum": 1 }, "geometry": { "type": "Point", "coordinates": [ -122.283583562098514, 47.616986217597457 ] } },
{ "type": "Feature", "properties": { "lat": 47.616986217597457, "lon": -122.28358356209851, "time_of_day": "Morning", "causation": [ "0", "0", "0", "0", "0", "0", "0", "0", "0", "0", "0", "0", "0", "0", "0", "0", "0", "1", "0", "0", "0", "0", "0", "0" ], "duration": 34.0, "sum": 1 }, "geometry": { "type": "Point", "coordinates": [ -122.283583562098514, 47.616986217597457 ] } },
{ "type": "Feature", "properties": { "lat": 47.61706466607464, "lon": -122.32530985356118, "time_of_day": "Late Night", "causation": [ "0", "0", "0", "0", "0", "0", "0", "0", "2", "0", "0", "0", "0", "0", "0", "0", "0", "2", "0", "0", "0", "0", "0", "0" ], "duration": 3634.0, "sum": 4 }, "geometry": { "type": "Point", "coordinates": [ -122.32530985356118, 47.61706466607464 ] } },
{ "type": "Feature", "properties": { "lat": 47.61706466607464, "lon": -122.32530985356118, "time_of_day": "Morning", "causation": [ "0", "0", "0", "0", "0", "0", "0", "0", "0", "0", "0", "0", "0", "0", "0", "0", "2", "0", "0", "0", "0", "0", "0", "0" ], "duration": 2946.0, "sum": 2 }, "geometry": { "type": "Point", "coordinates": [ -122.32530985356118, 47.61706466607464 ] } },
{ "type": "Feature", "properties": { "lat": 47.617119600479242, "lon": -122.2836090164995, "time_of_day": "Late Night", "causation": [ "0", "0", "0", "0", "0", "0", "0", "0", "1", "0", "0", "0", "0", "0", "0", "0", "0", "0", "0", "0", "0", "0", "0", "0" ], "duration": 1852.0, "sum": 1 }, "geometry": { "type": "Point", "coordinates": [ -122.283609016499497, 47.617119600479242 ] } },
{ "type": "Feature", "properties": { "lat": 47.617119600479242, "lon": -122.2836090164995, "time_of_day": "Morning", "causation": [ "0", "0", "0", "0", "0", "0", "0", "0", "0", "0", "0", "0", "0", "0", "0", "0", "0", "1", "0", "0", "0", "0", "0", "0" ], "duration": 34.0, "sum": 1 }, "geometry": { "type": "Point", "coordinates": [ -122.283609016499497, 47.617119600479242 ] } },
{ "type": "Feature", "properties": { "lat": 47.617276873514463, "lon": -122.2835955368368, "time_of_day": "Late Night", "causation": [ "0", "0", "0", "0", "0", "0", "0", "0", "1", "0", "0", "0", "0", "0", "0", "0", "0", "0", "0", "0", "0", "0", "0", "0" ], "duration": 1852.0, "sum": 1 }, "geometry": { "type": "Point", "coordinates": [ -122.283595536836799, 47.617276873514463 ] } },
{ "type": "Feature", "properties": { "lat": 47.617276873514463, "lon": -122.2835955368368, "time_of_day": "Morning", "causation": [ "0", "0", "0", "0", "0", "0", "0", "0", "0", "0", "0", "0", "0", "0", "0", "0", "0", "1", "0", "0", "0", "0", "0", "0" ], "duration": 34.0, "sum": 1 }, "geometry": { "type": "Point", "coordinates": [ -122.283595536836799, 47.617276873514463 ] } },
{ "type": "Feature", "properties": { "lat": 47.61732022628604, "lon": -122.32527932542858, "time_of_day": "Late Night", "causation": [ "0", "0", "0", "0", "0", "0", "0", "0", "11", "0", "0", "0", "0", "0", "0", "0", "0", "11", "0", "0", "0", "0", "0", "0" ], "duration": 19987.0, "sum": 22 }, "geometry": { "type": "Point", "coordinates": [ -122.325279325428582, 47.61732022628604 ] } },
{ "type": "Feature", "properties": { "lat": 47.61732022628604, "lon": -122.32527932542858, "time_of_day": "Morning", "causation": [ "0", "0", "0", "0", "0", "0", "0", "0", "0", "0", "0", "0", "0", "0", "0", "0", "11", "0", "0", "0", "0", "0", "0", "0" ], "duration": 16203.0, "sum": 11 }, "geometry": { "type": "Point", "coordinates": [ -122.325279325428582, 47.61732022628604 ] } },
{ "type": "Feature", "properties": { "lat": 47.61735162752786, "lon": -122.3231142250558, "time_of_day": "Late Night", "causation": [ "0", "0", "0", "0", "0", "0", "0", "0", "1", "0", "0", "0", "0", "0", "0", "0", "0", "0", "0", "0", "0", "0", "0", "0" ], "duration": 242.0, "sum": 1 }, "geometry": { "type": "Point", "coordinates": [ -122.323114225055804, 47.61735162752786 ] } },
{ "type": "Feature", "properties": { "lat": 47.617459703141222, "lon": -122.32432551155092, "time_of_day": "Late Night", "causation": [ "0", "0", "0", "0", "0", "0", "0", "0", "2", "0", "0", "0", "0", "0", "0", "0", "0", "0", "0", "0", "0", "0", "0", "0" ], "duration": 3016.0, "sum": 2 }, "geometry": { "type": "Point", "coordinates": [ -122.324325511550924, 47.617459703141222 ] } },
{ "type": "Feature", "properties": { "lat": 47.617592644333328, "lon": -122.32479817606992, "time_of_day": "Late Night", "causation": [ "0", "0", "0", "0", "0", "0", "0", "0", "54", "0", "0", "0", "0", "0", "0", "0", "0", "0", "0", "0", "0", "0", "0", "0" ], "duration": 81432.0, "sum": 54 }, "geometry": { "type": "Point", "coordinates": [ -122.324798176069919, 47.617592644333328 ] } },
{ "type": "Feature", "properties": { "lat": 47.61793034271097, "lon": -122.32498387380306, "time_of_day": "Late Night", "causation": [ "0", "0", "0", "0", "0", "0", "0", "0", "1", "0", "0", "0", "0", "0", "0", "0", "0", "0", "0", "0", "0", "0", "0", "0" ], "duration": 1508.0, "sum": 1 }, "geometry": { "type": "Point", "coordinates": [ -122.324983873803063, 47.61793034271097 ] } },
{ "type": "Feature", "properties": { "lat": 47.618033119108006, "lon": -122.32483068702072, "time_of_day": "Late Night", "causation": [ "0", "0", "0", "0", "0", "0", "0", "0", "67", "0", "0", "0", "0", "0", "0", "0", "0", "0", "0", "0", "0", "0", "0", "0" ], "duration": 101036.0, "sum": 67 }, "geometry": { "type": "Point", "coordinates": [ -122.324830687020722, 47.618033119108006 ] } },
{ "type": "Feature", "properties": { "lat": 47.618258834284482, "lon": -122.2810638651282, "time_of_day": "Afternoon", "causation": [ "0", "0", "0", "0", "0", "0", "0", "0", "1", "0", "0", "0", "0", "0", "0", "0", "0", "0", "0", "0", "0", "0", "0", "0" ], "duration": 1432.0, "sum": 1 }, "geometry": { "type": "Point", "coordinates": [ -122.281063865128203, 47.618258834284482 ] } },
{ "type": "Feature", "properties": { "lat": 47.618258834284482, "lon": -122.2810638651282, "time_of_day": "Morning", "causation": [ "0", "0", "0", "0", "0", "0", "0", "0", "0", "0", "0", "0", "0", "0", "0", "0", "0", "1", "0", "0", "0", "0", "0", "0" ], "duration": 34.0, "sum": 1 }, "geometry": { "type": "Point", "coordinates": [ -122.281063865128203, 47.618258834284482 ] } },
{ "type": "Feature", "properties": { "lat": 47.62155898010618, "lon": -122.31445355538564, "time_of_day": "Late Night", "causation": [ "0", "0", "0", "0", "0", "0", "0", "0", "54", "0", "0", "0", "0", "0", "0", "0", "0", "0", "0", "0", "0", "0", "0", "0" ], "duration": 11448.0, "sum": 54 }, "geometry": { "type": "Point", "coordinates": [ -122.31445355538564, 47.62155898010618 ] } },
{ "type": "Feature", "properties": { "lat": 47.622332101810642, "lon": -122.28890564239524, "time_of_day": "Late Night", "causation": [ "0", "0", "0", "0", "0", "0", "0", "0", "2", "0", "0", "0", "0", "0", "0", "0", "0", "0", "0", "0", "0", "0", "0", "0" ], "duration": 264.0, "sum": 2 }, "geometry": { "type": "Point", "coordinates": [ -122.288905642395235, 47.622332101810642 ] } },
{ "type": "Feature", "properties": { "lat": 47.624095242134523, "lon": -122.32644712699934, "time_of_day": "Morning", "causation": [ "0", "0", "0", "0", "0", "0", "0", "0", "38", "0", "0", "0", "0", "0", "0", "0", "0", "0", "0", "0", "0", "0", "0", "0" ], "duration": 5700.0, "sum": 38 }, "geometry": { "type": "Point", "coordinates": [ -122.326447126999341, 47.624095242134523 ] } },
{ "type": "Feature", "properties": { "lat": 47.624553530327752, "lon": -122.32637437255056, "time_of_day": "Morning", "causation": [ "0", "0", "0", "0", "0", "0", "0", "0", "41", "0", "0", "0", "0", "0", "0", "0", "0", "0", "0", "0", "0", "0", "0", "0" ], "duration": 6150.0, "sum": 41 }, "geometry": { "type": "Point", "coordinates": [ -122.326374372550561, 47.624553530327752 ] } },
{ "type": "Feature", "properties": { "lat": 47.624787886416847, "lon": -122.32685864566112, "time_of_day": "Morning", "causation": [ "0", "0", "0", "0", "0", "0", "0", "0", "35", "0", "0", "0", "0", "0", "0", "0", "0", "0", "0", "0", "0", "0", "0", "0" ], "duration": 5250.0, "sum": 35 }, "geometry": { "type": "Point", "coordinates": [ -122.326858645661119, 47.624787886416847 ] } },
{ "type": "Feature", "properties": { "lat": 47.62602716471276, "lon": -122.3149682943439, "time_of_day": "Morning", "causation": [ "0", "0", "0", "0", "0", "0", "0", "0", "0", "0", "0", "0", "0", "0", "0", "0", "0", "0", "2", "0", "0", "0", "0", "0" ], "duration": 368.0, "sum": 2 }, "geometry": { "type": "Point", "coordinates": [ -122.314968294343899, 47.62602716471276 ] } },
{ "type": "Feature", "properties": { "lat": 47.626724450050055, "lon": -122.34924002898914, "time_of_day": "Afternoon", "causation": [ "0", "0", "0", "0", "0", "0", "0", "0", "0", "0", "0", "0", "0", "0", "0", "0", "0", "1", "0", "0", "0", "0", "0", "0" ], "duration": 709.0, "sum": 1 }, "geometry": { "type": "Point", "coordinates": [ -122.349240028989144, 47.626724450050055 ] } },
{ "type": "Feature", "properties": { "lat": 47.626844405136175, "lon": -122.3484426303976, "time_of_day": "Afternoon", "causation": [ "0", "0", "0", "0", "0", "0", "0", "0", "40", "0", "0", "0", "0", "0", "0", "0", "0", "0", "0", "0", "0", "0", "0", "0" ], "duration": 13040.0, "sum": 40 }, "geometry": { "type": "Point", "coordinates": [ -122.348442630397599, 47.626844405136175 ] } },
{ "type": "Feature", "properties": { "lat": 47.627183743529208, "lon": -122.28197099888038, "time_of_day": "Morning", "causation": [ "0", "0", "0", "0", "0", "0", "0", "0", "1", "0", "0", "0", "0", "0", "0", "0", "0", "0", "0", "0", "0", "0", "0", "0" ], "duration": 157.0, "sum": 1 }, "geometry": { "type": "Point", "coordinates": [ -122.281970998880382, 47.627183743529208 ] } },
{ "type": "Feature", "properties": { "lat": 47.627529571529202, "lon": -122.28180086704464, "time_of_day": "Morning", "causation": [ "0", "0", "0", "0", "0", "0", "0", "0", "1", "0", "0", "0", "0", "0", "0", "0", "0", "0", "0", "0", "0", "0", "0", "0" ], "duration": 157.0, "sum": 1 }, "geometry": { "type": "Point", "coordinates": [ -122.281800867044637, 47.627529571529202 ] } },
{ "type": "Feature", "properties": { "lat": 47.627539172554975, "lon": -122.34801845171422, "time_of_day": "Afternoon", "causation": [ "0", "0", "0", "0", "0", "0", "0", "0", "33", "0", "0", "0", "0", "0", "0", "0", "0", "0", "0", "0", "0", "0", "0", "0" ], "duration": 10758.0, "sum": 33 }, "geometry": { "type": "Point", "coordinates": [ -122.348018451714225, 47.627539172554975 ] } },
{ "type": "Feature", "properties": { "lat": 47.627724123820528, "lon": -122.28179966898712, "time_of_day": "Morning", "causation": [ "0", "0", "0", "0", "0", "0", "0", "0", "1", "0", "0", "0", "0", "0", "0", "0", "0", "0", "0", "0", "0", "0", "0", "0" ], "duration": 157.0, "sum": 1 }, "geometry": { "type": "Point", "coordinates": [ -122.281799668987119, 47.627724123820528 ] } },
{ "type": "Feature", "properties": { "lat": 47.627872853146258, "lon": -122.28181578827652, "time_of_day": "Morning", "causation": [ "0", "0", "0", "0", "0", "0", "0", "0", "1", "0", "0", "0", "0", "0", "0", "0", "0", "0", "0", "0", "0", "0", "0", "0" ], "duration": 157.0, "sum": 1 }, "geometry": { "type": "Point", "coordinates": [ -122.281815788276518, 47.627872853146258 ] } },
{ "type": "Feature", "properties": { "lat": 47.62803469238586, "lon": -122.28186267763589, "time_of_day": "Morning", "causation": [ "0", "0", "0", "0", "0", "0", "0", "0", "1", "0", "0", "0", "0", "0", "0", "0", "0", "0", "0", "0", "0", "0", "0", "0" ], "duration": 157.0, "sum": 1 }, "geometry": { "type": "Point", "coordinates": [ -122.281862677635885, 47.62803469238586 ] } },
{ "type": "Feature", "properties": { "lat": 47.628161720379268, "lon": -122.28068703639531, "time_of_day": "Late Night", "causation": [ "0", "0", "0", "0", "0", "0", "0", "0", "2", "0", "0", "0", "0", "0", "0", "0", "0", "0", "0", "0", "0", "0", "0", "0" ], "duration": 1172.0, "sum": 2 }, "geometry": { "type": "Point", "coordinates": [ -122.280687036395307, 47.628161720379268 ] } },
{ "type": "Feature", "properties": { "lat": 47.62836026422562, "lon": -122.27939792310517, "time_of_day": "Late Night", "causation": [ "0", "0", "0", "0", "0", "0", "0", "0", "1", "0", "0", "0", "0", "0", "0", "0", "0", "0", "0", "0", "0", "0", "0", "0" ], "duration": 586.0, "sum": 1 }, "geometry": { "type": "Point", "coordinates": [ -122.279397923105165, 47.62836026422562 ] } },
{ "type": "Feature", "properties": { "lat": 47.628747811437833, "lon": -122.28046318052202, "time_of_day": "Late Night", "causation": [ "0", "0", "0", "0", "0", "0", "0", "0", "1", "0", "0", "0", "0", "0", "0", "0", "0", "0", "0", "0", "0", "0", "0", "0" ], "duration": 586.0, "sum": 1 }, "geometry": { "type": "Point", "coordinates": [ -122.28046318052202, 47.628747811437833 ] } },
{ "type": "Feature", "properties": { "lat": 47.62875099278893, "lon": -122.28107746786888, "time_of_day": "Late Night", "causation": [ "0", "0", "0", "0", "0", "0", "0", "0", "1", "0", "0", "0", "0", "0", "0", "0", "0", "0", "0", "0", "0", "0", "0", "0" ], "duration": 586.0, "sum": 1 }, "geometry": { "type": "Point", "coordinates": [ -122.281077467868883, 47.62875099278893 ] } },
{ "type": "Feature", "properties": { "lat": 47.628767763667383, "lon": -122.27973449859208, "time_of_day": "Late Night", "causation": [ "0", "0", "0", "0", "0", "0", "0", "0", "1", "0", "0", "0", "0", "0", "0", "0", "0", "0", "0", "0", "0", "0", "0", "0" ], "duration": 586.0, "sum": 1 }, "geometry": { "type": "Point", "coordinates": [ -122.279734498592077, 47.628767763667383 ] } },
{ "type": "Feature", "properties": { "lat": 47.62877480597961, "lon": -122.28180989502326, "time_of_day": "Late Night", "causation": [ "0", "0", "0", "0", "0", "0", "0", "0", "1", "0", "0", "0", "0", "0", "0", "0", "0", "0", "0", "0", "0", "0", "0", "0" ], "duration": 586.0, "sum": 1 }, "geometry": { "type": "Point", "coordinates": [ -122.281809895023258, 47.62877480597961 ] } },
{ "type": "Feature", "properties": { "lat": 47.628792066537152, "lon": -122.27860136697198, "time_of_day": "Late Night", "causation": [ "0", "0", "0", "0", "0", "0", "0", "0", "1", "0", "0", "0", "0", "0", "0", "0", "0", "0", "0", "0", "0", "0", "0", "0" ], "duration": 586.0, "sum": 1 }, "geometry": { "type": "Point", "coordinates": [ -122.278601366971984, 47.628792066537152 ] } },
{ "type": "Feature", "properties": { "lat": 47.628906132592718, "lon": -122.32878086828566, "time_of_day": "Morning", "causation": [ "0", "0", "0", "0", "0", "0", "0", "0", "0", "0", "0", "0", "0", "0", "0", "0", "0", "0", "2", "0", "0", "0", "0", "0" ], "duration": 2514.0, "sum": 2 }, "geometry": { "type": "Point", "coordinates": [ -122.328780868285662, 47.628906132592718 ] } },
{ "type": "Feature", "properties": { "lat": 47.628950177354376, "lon": -122.28180039923524, "time_of_day": "Late Night", "causation": [ "0", "0", "0", "0", "0", "0", "0", "0", "1", "0", "0", "0", "0", "0", "0", "0", "0", "0", "0", "0", "0", "0", "0", "0" ], "duration": 586.0, "sum": 1 }, "geometry": { "type": "Point", "coordinates": [ -122.281800399235237, 47.628950177354376 ] } },
{ "type": "Feature", "properties": { "lat": 47.629025582233297, "lon": -122.28104774040712, "time_of_day": "Late Night", "causation": [ "0", "0", "0", "0", "0", "0", "0", "0", "1", "0", "0", "0", "0", "0", "0", "0", "0", "0", "0", "0", "0", "0", "0", "0" ], "duration": 586.0, "sum": 1 }, "geometry": { "type": "Point", "coordinates": [ -122.281047740407118, 47.629025582233297 ] } },
{ "type": "Feature", "properties": { "lat": 47.629066545858663, "lon": -122.27960328466722, "time_of_day": "Late Night", "causation": [ "0", "0", "0", "0", "0", "0", "0", "0", "1", "0", "0", "0", "0", "0", "0", "0", "0", "0", "0", "0", "0", "0", "0", "0" ], "duration": 586.0, "sum": 1 }, "geometry": { "type": "Point", "coordinates": [ -122.279603284667218, 47.629066545858663 ] } },
{ "type": "Feature", "properties": { "lat": 47.629079886065689, "lon": -122.28036789005878, "time_of_day": "Late Night", "causation": [ "0", "0", "0", "0", "0", "0", "0", "0", "1", "0", "0", "0", "0", "0", "0", "0", "0", "0", "0", "0", "0", "0", "0", "0" ], "duration": 586.0, "sum": 1 }, "geometry": { "type": "Point", "coordinates": [ -122.280367890058784, 47.629079886065689 ] } },
{ "type": "Feature", "properties": { "lat": 47.629083221565679, "lon": -122.27924423243238, "time_of_day": "Late Night", "causation": [ "0", "0", "0", "0", "0", "0", "0", "0", "1", "0", "0", "0", "0", "0", "0", "0", "0", "0", "0", "0", "0", "0", "0", "0" ], "duration": 586.0, "sum": 1 }, "geometry": { "type": "Point", "coordinates": [ -122.279244232432376, 47.629083221565679 ] } },
{ "type": "Feature", "properties": { "lat": 47.629087300985439, "lon": -122.28171267659351, "time_of_day": "Late Night", "causation": [ "0", "0", "0", "0", "0", "0", "0", "0", "1", "0", "0", "0", "0", "0", "0", "0", "0", "0", "0", "0", "0", "0", "0", "0" ], "duration": 586.0, "sum": 1 }, "geometry": { "type": "Point", "coordinates": [ -122.281712676593514, 47.629087300985439 ] } },
{ "type": "Feature", "properties": { "lat": 47.629137100318587, "lon": -122.32929496203076, "time_of_day": "Morning", "causation": [ "0", "0", "0", "0", "0", "0", "0", "0", "0", "0", "0", "0", "0", "0", "0", "0", "0", "0", "1", "0", "0", "0", "0", "0" ], "duration": 1257.0, "sum": 1 }, "geometry": { "type": "Point", "coordinates": [ -122.329294962030758, 47.629137100318587 ] } },
{ "type": "Feature", "properties": { "lat": 47.629228160400686, "lon": -122.28040652544122, "time_of_day": "Late Night", "causation": [ "0", "0", "0", "0", "0", "0", "0", "0", "1", "0", "0", "0", "0", "0", "0", "0", "0", "0", "0", "0", "0", "0", "0", "0" ], "duration": 586.0, "sum": 1 }, "geometry": { "type": "Point", "coordinates": [ -122.280406525441222, 47.629228160400686 ] } },
{ "type": "Feature", "properties": { "lat": 47.629240974163388, "lon": -122.2791374359564, "time_of_day": "Late Night", "causation": [ "0", "0", "0", "0", "0", "0", "0", "0", "1", "0", "0", "0", "0", "0", "0", "0", "0", "0", "0", "0", "0", "0", "0", "0" ], "duration": 586.0, "sum": 1 }, "geometry": { "type": "Point", "coordinates": [ -122.2791374359564, 47.629240974163388 ] } },
{ "type": "Feature", "properties": { "lat": 47.629287037191808, "lon": -122.2817607436904, "time_of_day": "Late Night", "causation": [ "0", "0", "0", "0", "0", "0", "0", "0", "1", "0", "0", "0", "0", "0", "0", "0", "0", "0", "0", "0", "0", "0", "0", "0" ], "duration": 586.0, "sum": 1 }, "geometry": { "type": "Point", "coordinates": [ -122.281760743690398, 47.629287037191808 ] } },
{ "type": "Feature", "properties": { "lat": 47.629428938971657, "lon": -122.32858649223324, "time_of_day": "Morning", "causation": [ "0", "0", "0", "0", "0", "0", "0", "0", "0", "0", "0", "0", "0", "0", "0", "0", "0", "0", "2", "0", "0", "0", "0", "0" ], "duration": 2514.0, "sum": 2 }, "geometry": { "type": "Point", "coordinates": [ -122.328586492233242, 47.629428938971657 ] } },
{ "type": "Feature", "properties": { "lat": 47.629439442164227, "lon": -122.28038438671987, "time_of_day": "Late Night", "causation": [ "0", "0", "0", "0", "0", "0", "0", "0", "1", "0", "0", "0", "0", "0", "0", "0", "0", "0", "0", "0", "0", "0", "0", "0" ], "duration": 586.0, "sum": 1 }, "geometry": { "type": "Point", "coordinates": [ -122.280384386719874, 47.629439442164227 ] } },
{ "type": "Feature", "properties": { "lat": 47.629482765209758, "lon": -122.27880532501118, "time_of_day": "Morning", "causation": [ "0", "0", "0", "0", "0", "0", "0", "0", "3", "0", "0", "0", "0", "0", "0", "0", "0", "0", "0", "0", "0", "0", "0", "0" ], "duration": 471.0, "sum": 3 }, "geometry": { "type": "Point", "coordinates": [ -122.278805325011177, 47.629482765209758 ] } },
{ "type": "Feature", "properties": { "lat": 47.629499165138618, "lon": -122.27962107742481, "time_of_day": "Morning", "causation": [ "0", "0", "0", "0", "0", "0", "0", "0", "1", "0", "0", "0", "0", "0", "0", "0", "0", "0", "0", "0", "0", "0", "0", "0" ], "duration": 157.0, "sum": 1 }, "geometry": { "type": "Point", "coordinates": [ -122.279621077424807, 47.629499165138618 ] } },
{ "type": "Feature", "properties": { "lat": 47.629532019440802, "lon": -122.27935798482656, "time_of_day": "Morning", "causation": [ "0", "0", "0", "0", "0", "0", "0", "0", "1", "0", "0", "0", "0", "0", "0", "0", "0", "0", "0", "0", "0", "0", "0", "0" ], "duration": 157.0, "sum": 1 }, "geometry": { "type": "Point", "coordinates": [ -122.279357984826561, 47.629532019440802 ] } },
{ "type": "Feature", "properties": { "lat": 47.629532998848177, "lon": -122.28105628971684, "time_of_day": "Late Night", "causation": [ "0", "0", "0", "0", "0", "0", "0", "0", "1", "0", "0", "0", "0", "0", "0", "0", "0", "0", "0", "0", "0", "0", "0", "0" ], "duration": 586.0, "sum": 1 }, "geometry": { "type": "Point", "coordinates": [ -122.281056289716844, 47.629532998848177 ] } },
{ "type": "Feature", "properties": { "lat": 47.62958906849876, "lon": -122.32827166025284, "time_of_day": "Morning", "causation": [ "0", "0", "0", "0", "0", "0", "0", "0", "0", "0", "0", "0", "0", "0", "0", "0", "0", "0", "2", "0", "0", "0", "0", "0" ], "duration": 2556.0, "sum": 2 }, "geometry": { "type": "Point", "coordinates": [ -122.328271660252838, 47.62958906849876 ] } },
{ "type": "Feature", "properties": { "lat": 47.629591368925219, "lon": -122.28046640849956, "time_of_day": "Late Night", "causation": [ "0", "0", "0", "0", "0", "0", "0", "0", "1", "0", "0", "0", "0", "0", "0", "0", "0", "0", "0", "0", "0", "0", "0", "0" ], "duration": 586.0, "sum": 1 }, "geometry": { "type": "Point", "coordinates": [ -122.280466408499564, 47.629591368925219 ] } },
{ "type": "Feature", "properties": { "lat": 47.629918725094896, "lon": -122.27968147975768, "time_of_day": "Morning", "causation": [ "0", "0", "0", "0", "0", "0", "0", "0", "1", "0", "0", "0", "0", "0", "0", "0", "0", "0", "0", "0", "0", "0", "0", "0" ], "duration": 157.0, "sum": 1 }, "geometry": { "type": "Point", "coordinates": [ -122.279681479757684, 47.629918725094896 ] } },
{ "type": "Feature", "properties": { "lat": 47.629949394579327, "lon": -122.27872581693616, "time_of_day": "Morning", "causation": [ "0", "0", "0", "0", "0", "0", "0", "0", "1", "0", "0", "0", "0", "0", "0", "0", "0", "0", "0", "0", "0", "0", "0", "0" ], "duration": 157.0, "sum": 1 }, "geometry": { "type": "Point", "coordinates": [ -122.278725816936159, 47.629949394579327 ] } },
{ "type": "Feature", "properties": { "lat": 47.629957592834842, "lon": -122.28029338242932, "time_of_day": "Late Night", "causation": [ "0", "0", "0", "0", "0", "0", "0", "0", "1", "0", "0", "0", "0", "0", "0", "0", "0", "0", "0", "0", "0", "0", "0", "0" ], "duration": 586.0, "sum": 1 }, "geometry": { "type": "Point", "coordinates": [ -122.280293382429321, 47.629957592834842 ] } },
{ "type": "Feature", "properties": { "lat": 47.629967564463961, "lon": -122.27909056938798, "time_of_day": "Morning", "causation": [ "0", "0", "0", "0", "0", "0", "0", "0", "1", "0", "0", "0", "0", "0", "0", "0", "0", "0", "0", "0", "0", "0", "0", "0" ], "duration": 157.0, "sum": 1 }, "geometry": { "type": "Point", "coordinates": [ -122.279090569387975, 47.629967564463961 ] } },
{ "type": "Feature", "properties": { "lat": 47.629990879897122, "lon": -122.28107621348836, "time_of_day": "Late Night", "causation": [ "0", "0", "0", "0", "0", "0", "0", "0", "1", "0", "0", "0", "0", "0", "0", "0", "0", "0", "0", "0", "0", "0", "0", "0" ], "duration": 586.0, "sum": 1 }, "geometry": { "type": "Point", "coordinates": [ -122.281076213488362, 47.629990879897122 ] } },
{ "type": "Feature", "properties": { "lat": 47.63002049720437, "lon": -122.27975153074276, "time_of_day": "Morning", "causation": [ "0", "0", "0", "0", "0", "0", "0", "0", "1", "0", "0", "0", "0", "0", "0", "0", "0", "0", "0", "0", "0", "0", "0", "0" ], "duration": 157.0, "sum": 1 }, "geometry": { "type": "Point", "coordinates": [ -122.279751530742757, 47.63002049720437 ] } },
{ "type": "Feature", "properties": { "lat": 47.630084350378077, "lon": -122.2802729358048, "time_of_day": "Late Night", "causation": [ "0", "0", "0", "0", "0", "0", "0", "0", "1", "0", "0", "0", "0", "0", "0", "0", "0", "0", "0", "0", "0", "0", "0", "0" ], "duration": 586.0, "sum": 1 }, "geometry": { "type": "Point", "coordinates": [ -122.280272935804803, 47.630084350378077 ] } },
{ "type": "Feature", "properties": { "lat": 47.630099021295088, "lon": -122.27886034049388, "time_of_day": "Morning", "causation": [ "0", "0", "0", "0", "0", "0", "0", "0", "1", "0", "0", "0", "0", "0", "0", "0", "0", "0", "0", "0", "0", "0", "0", "0" ], "duration": 157.0, "sum": 1 }, "geometry": { "type": "Point", "coordinates": [ -122.278860340493878, 47.630099021295088 ] } },
{ "type": "Feature", "properties": { "lat": 47.630133214748447, "lon": -122.27968027644802, "time_of_day": "Morning", "causation": [ "0", "0", "0", "0", "0", "0", "0", "0", "1", "0", "0", "0", "0", "0", "0", "0", "0", "0", "0", "0", "0", "0", "0", "0" ], "duration": 157.0, "sum": 1 }, "geometry": { "type": "Point", "coordinates": [ -122.279680276448019, 47.630133214748447 ] } },
{ "type": "Feature", "properties": { "lat": 47.63021755912505, "lon": -122.28105980732587, "time_of_day": "Late Night", "causation": [ "0", "0", "0", "0", "0", "0", "0", "0", "1", "0", "0", "0", "0", "0", "0", "0", "0", "0", "0", "0", "0", "0", "0", "0" ], "duration": 586.0, "sum": 1 }, "geometry": { "type": "Point", "coordinates": [ -122.281059807325875, 47.63021755912505 ] } },
{ "type": "Feature", "properties": { "lat": 47.630257330560049, "lon": -122.27959763222955, "time_of_day": "Morning", "causation": [ "0", "0", "0", "0", "0", "0", "0", "0", "1", "0", "0", "0", "0", "0", "0", "0", "0", "0", "0", "0", "0", "0", "0", "0" ], "duration": 157.0, "sum": 1 }, "geometry": { "type": "Point", "coordinates": [ -122.279597632229553, 47.630257330560049 ] } },
{ "type": "Feature", "properties": { "lat": 47.630276058235928, "lon": -122.28030183595966, "time_of_day": "Late Night", "causation": [ "0", "0", "0", "0", "0", "0", "0", "0", "1", "0", "0", "0", "0", "0", "0", "0", "0", "0", "0", "0", "0", "0", "0", "0" ], "duration": 586.0, "sum": 1 }, "geometry": { "type": "Point", "coordinates": [ -122.280301835959662, 47.630276058235928 ] } },
{ "type": "Feature", "properties": { "lat": 47.630292693784014, "lon": -122.28179916437099, "time_of_day": "Late Night", "causation": [ "0", "0", "0", "0", "0", "0", "0", "0", "1", "0", "0", "0", "0", "0", "0", "0", "0", "0", "0", "0", "0", "0", "0", "0" ], "duration": 586.0, "sum": 1 }, "geometry": { "type": "Point", "coordinates": [ -122.281799164370995, 47.630292693784014 ] } },
{ "type": "Feature", "properties": { "lat": 47.630294858038205, "lon": -122.27849493754012, "time_of_day": "Morning", "causation": [ "0", "0", "0", "0", "0", "0", "0", "0", "1", "0", "0", "0", "0", "0", "0", "0", "0", "0", "0", "0", "0", "0", "0", "0" ], "duration": 157.0, "sum": 1 }, "geometry": { "type": "Point", "coordinates": [ -122.278494937540117, 47.630294858038205 ] } },
{ "type": "Feature", "properties": { "lat": 47.630305576296728, "lon": -122.2789003040297, "time_of_day": "Morning", "causation": [ "0", "0", "0", "0", "0", "0", "0", "0", "1", "0", "0", "0", "0", "0", "0", "0", "0", "0", "0", "0", "0", "0", "0", "0" ], "duration": 157.0, "sum": 1 }, "geometry": { "type": "Point", "coordinates": [ -122.278900304029705, 47.630305576296728 ] } },
{ "type": "Feature", "properties": { "lat": 47.630374744825815, "lon": -122.27966813873746, "time_of_day": "Morning", "causation": [ "0", "0", "0", "0", "0", "0", "0", "0", "1", "0", "0", "0", "0", "0", "0", "0", "0", "0", "0", "0", "0", "0", "0", "0" ], "duration": 157.0, "sum": 1 }, "geometry": { "type": "Point", "coordinates": [ -122.279668138737463, 47.630374744825815 ] } },
{ "type": "Feature", "properties": { "lat": 47.630435640413552, "lon": -122.28096894696156, "time_of_day": "Late Night", "causation": [ "0", "0", "0", "0", "0", "0", "0", "0", "2", "0", "0", "0", "0", "0", "0", "0", "0", "0", "0", "0", "0", "0", "0", "0" ], "duration": 1172.0, "sum": 2 }, "geometry": { "type": "Point", "coordinates": [ -122.280968946961565, 47.630435640413552 ] } },
{ "type": "Feature", "properties": { "lat": 47.630457038114834, "lon": -122.2817445589216, "time_of_day": "Late Night", "causation": [ "0", "0", "0", "0", "0", "0", "0", "0", "1", "0", "0", "0", "0", "0", "0", "0", "0", "0", "0", "0", "0", "0", "0", "0" ], "duration": 586.0, "sum": 1 }, "geometry": { "type": "Point", "coordinates": [ -122.281744558921602, 47.630457038114834 ] } },
{ "type": "Feature", "properties": { "lat": 47.630464665513429, "lon": -122.28032833795903, "time_of_day": "Late Night", "causation": [ "0", "0", "0", "0", "0", "0", "0", "0", "1", "0", "0", "0", "0", "0", "0", "0", "0", "0", "0", "0", "0", "0", "0", "0" ], "duration": 586.0, "sum": 1 }, "geometry": { "type": "Point", "coordinates": [ -122.280328337959034, 47.630464665513429 ] } },
{ "type": "Feature", "properties": { "lat": 47.630473287531352, "lon": -122.27966910623232, "time_of_day": "Morning", "causation": [ "0", "0", "0", "0", "0", "0", "0", "0", "1", "0", "0", "0", "0", "0", "0", "0", "0", "0", "0", "0", "0", "0", "0", "0" ], "duration": 157.0, "sum": 1 }, "geometry": { "type": "Point", "coordinates": [ -122.279669106232319, 47.630473287531352 ] } },
{ "type": "Feature", "properties": { "lat": 47.630474490065417, "lon": -122.27813792456938, "time_of_day": "Morning", "causation": [ "0", "0", "0", "0", "0", "0", "0", "0", "1", "0", "0", "0", "0", "0", "0", "0", "0", "0", "0", "0", "0", "0", "0", "0" ], "duration": 157.0, "sum": 1 }, "geometry": { "type": "Point", "coordinates": [ -122.278137924569378, 47.630474490065417 ] } },
{ "type": "Feature", "properties": { "lat": 47.630548572339237, "lon": -122.27891306473596, "time_of_day": "Morning", "causation": [ "0", "0", "0", "0", "0", "0", "0", "0", "1", "0", "0", "0", "0", "0", "0", "0", "0", "0", "0", "0", "0", "0", "0", "0" ], "duration": 157.0, "sum": 1 }, "geometry": { "type": "Point", "coordinates": [ -122.27891306473596, 47.630548572339237 ] } },
{ "type": "Feature", "properties": { "lat": 47.630577355188159, "lon": -122.28100484700332, "time_of_day": "Late Night", "causation": [ "0", "0", "0", "0", "0", "0", "0", "0", "1", "0", "0", "0", "0", "0", "0", "0", "0", "0", "0", "0", "0", "0", "0", "0" ], "duration": 586.0, "sum": 1 }, "geometry": { "type": "Point", "coordinates": [ -122.281004847003317, 47.630577355188159 ] } },
{ "type": "Feature", "properties": { "lat": 47.63058514495247, "lon": -122.27959931184785, "time_of_day": "Morning", "causation": [ "0", "0", "0", "0", "0", "0", "0", "0", "1", "0", "0", "0", "0", "0", "0", "0", "0", "0", "0", "0", "0", "0", "0", "0" ], "duration": 157.0, "sum": 1 }, "geometry": { "type": "Point", "coordinates": [ -122.279599311847846, 47.63058514495247 ] } },
{ "type": "Feature", "properties": { "lat": 47.630612318749883, "lon": -122.2774711615961, "time_of_day": "Morning", "causation": [ "0", "0", "0", "0", "0", "0", "0", "0", "1", "0", "0", "0", "0", "0", "0", "0", "0", "0", "0", "0", "0", "0", "0", "0" ], "duration": 157.0, "sum": 1 }, "geometry": { "type": "Point", "coordinates": [ -122.277471161596097, 47.630612318749883 ] } },
{ "type": "Feature", "properties": { "lat": 47.630615607365193, "lon": -122.28174192456029, "time_of_day": "Late Night", "causation": [ "0", "0", "0", "0", "0", "0", "0", "0", "1", "0", "0", "0", "0", "0", "0", "0", "0", "0", "0", "0", "0", "0", "0", "0" ], "duration": 586.0, "sum": 1 }, "geometry": { "type": "Point", "coordinates": [ -122.281741924560293, 47.630615607365193 ] } },
{ "type": "Feature", "properties": { "lat": 47.630640077927737, "lon": -122.28033071907107, "time_of_day": "Late Night", "causation": [ "0", "0", "0", "0", "0", "0", "0", "0", "1", "0", "0", "0", "0", "0", "0", "0", "0", "0", "0", "0", "0", "0", "0", "0" ], "duration": 586.0, "sum": 1 }, "geometry": { "type": "Point", "coordinates": [ -122.280330719071074, 47.630640077927737 ] } },
{ "type": "Feature", "properties": { "lat": 47.630647497237582, "lon": -122.27885066092384, "time_of_day": "Morning", "causation": [ "0", "0", "0", "0", "0", "0", "0", "0", "1", "0", "0", "0", "0", "0", "0", "0", "0", "0", "0", "0", "0", "0", "0", "0" ], "duration": 157.0, "sum": 1 }, "geometry": { "type": "Point", "coordinates": [ -122.278850660923837, 47.630647497237582 ] } },
{ "type": "Feature", "properties": { "lat": 47.630692701374556, "lon": -122.27964786346664, "time_of_day": "Morning", "causation": [ "0", "0", "0", "0", "0", "0", "0", "0", "1", "0", "0", "0", "0", "0", "0", "0", "0", "0", "0", "0", "0", "0", "0", "0" ], "duration": 157.0, "sum": 1 }, "geometry": { "type": "Point", "coordinates": [ -122.279647863466636, 47.630692701374556 ] } },
{ "type": "Feature", "properties": { "lat": 47.63071942478787, "lon": -122.27889405092078, "time_of_day": "Morning", "causation": [ "0", "0", "0", "0", "0", "0", "0", "0", "1", "0", "0", "0", "0", "0", "0", "0", "0", "0", "0", "0", "0", "0", "0", "0" ], "duration": 157.0, "sum": 1 }, "geometry": { "type": "Point", "coordinates": [ -122.278894050920783, 47.63071942478787 ] } },
{ "type": "Feature", "properties": { "lat": 47.630759905917898, "lon": -122.27861019227775, "time_of_day": "Morning", "causation": [ "0", "0", "0", "0", "0", "0", "0", "0", "1", "0", "0", "0", "0", "0", "0", "0", "0", "0", "0", "0", "0", "0", "0", "0" ], "duration": 157.0, "sum": 1 }, "geometry": { "type": "Point", "coordinates": [ -122.278610192277753, 47.630759905917898 ] } },
{ "type": "Feature", "properties": { "lat": 47.630761626021737, "lon": -122.27768066021504, "time_of_day": "Morning", "causation": [ "0", "0", "0", "0", "0", "0", "0", "0", "1", "0", "0", "0", "0", "0", "0", "0", "0", "0", "0", "0", "0", "0", "0", "0" ], "duration": 157.0, "sum": 1 }, "geometry": { "type": "Point", "coordinates": [ -122.27768066021504, 47.630761626021737 ] } },
{ "type": "Feature", "properties": { "lat": 47.630761960020841, "lon": -122.2818427685732, "time_of_day": "Late Night", "causation": [ "0", "0", "0", "0", "0", "0", "0", "0", "1", "0", "0", "0", "0", "0", "0", "0", "0", "0", "0", "0", "0", "0", "0", "0" ], "duration": 586.0, "sum": 1 }, "geometry": { "type": "Point", "coordinates": [ -122.281842768573199, 47.630761960020841 ] } },
{ "type": "Feature", "properties": { "lat": 47.630768526396828, "lon": -122.28054803435384, "time_of_day": "Late Night", "causation": [ "0", "0", "0", "0", "0", "0", "0", "0", "1", "0", "0", "0", "0", "0", "0", "0", "0", "0", "0", "0", "0", "0", "0", "0" ], "duration": 586.0, "sum": 1 }, "geometry": { "type": "Point", "coordinates": [ -122.280548034353842, 47.630768526396828 ] } },
{ "type": "Feature", "properties": { "lat": 47.630772609940763, "lon": -122.28024474821849, "time_of_day": "Late Night", "causation": [ "0", "0", "0", "0", "0", "0", "0", "0", "1", "0", "0", "0", "0", "0", "0", "0", "0", "0", "0", "0", "0", "0", "0", "0" ], "duration": 586.0, "sum": 1 }, "geometry": { "type": "Point", "coordinates": [ -122.280244748218493, 47.630772609940763 ] } },
{ "type": "Feature", "properties": { "lat": 47.630772974358514, "lon": -122.27968398240236, "time_of_day": "Morning", "causation": [ "0", "0", "0", "0", "0", "0", "0", "0", "1", "0", "0", "0", "0", "0", "0", "0", "0", "0", "0", "0", "0", "0", "0", "0" ], "duration": 157.0, "sum": 1 }, "geometry": { "type": "Point", "coordinates": [ -122.279683982402361, 47.630772974358514 ] } },
{ "type": "Feature", "properties": { "lat": 47.630773750078951, "lon": -122.27785844644116, "time_of_day": "Morning", "causation": [ "0", "0", "0", "0", "0", "0", "0", "0", "1", "0", "0", "0", "0", "0", "0", "0", "0", "0", "0", "0", "0", "0", "0", "0" ], "duration": 157.0, "sum": 1 }, "geometry": { "type": "Point", "coordinates": [ -122.277858446441158, 47.630773750078951 ] } },
{ "type": "Feature", "properties": { "lat": 47.630777498727717, "lon": -122.27742060147504, "time_of_day": "Morning", "causation": [ "0", "0", "0", "0", "0", "0", "0", "0", "1", "0", "0", "0", "0", "0", "0", "0", "0", "0", "0", "0", "0", "0", "0", "0" ], "duration": 157.0, "sum": 1 }, "geometry": { "type": "Point", "coordinates": [ -122.277420601475043, 47.630777498727717 ] } },
{ "type": "Feature", "properties": { "lat": 47.630777879131202, "lon": -122.27802503823771, "time_of_day": "Morning", "causation": [ "0", "0", "0", "0", "0", "0", "0", "0", "1", "0", "0", "0", "0", "0", "0", "0", "0", "0", "0", "0", "0", "0", "0", "0" ], "duration": 157.0, "sum": 1 }, "geometry": { "type": "Point", "coordinates": [ -122.278025038237715, 47.630777879131202 ] } },
{ "type": "Feature", "properties": { "lat": 47.6307871094048, "lon": -122.28092213042858, "time_of_day": "Late Night", "causation": [ "0", "0", "0", "0", "0", "0", "0", "0", "1", "0", "0", "0", "0", "0", "0", "0", "0", "0", "0", "0", "0", "0", "0", "0" ], "duration": 586.0, "sum": 1 }, "geometry": { "type": "Point", "coordinates": [ -122.280922130428578, 47.6307871094048 ] } },
{ "type": "Feature", "properties": { "lat": 47.630794028512739, "lon": -122.32694181646468, "time_of_day": "Morning", "causation": [ "0", "0", "0", "0", "0", "0", "0", "0", "0", "0", "0", "0", "0", "0", "0", "0", "0", "0", "1", "0", "0", "0", "0", "0" ], "duration": 1278.0, "sum": 1 }, "geometry": { "type": "Point", "coordinates": [ -122.326941816464682, 47.630794028512739 ] } },
{ "type": "Feature", "properties": { "lat": 47.630795689819344, "lon": -122.2788849748888, "time_of_day": "Morning", "causation": [ "0", "0", "0", "0", "0", "0", "0", "0", "1", "0", "0", "0", "0", "0", "0", "0", "0", "0", "0", "0", "0", "0", "0", "0" ], "duration": 157.0, "sum": 1 }, "geometry": { "type": "Point", "coordinates": [ -122.278884974888797, 47.630795689819344 ] } },
{ "type": "Feature", "properties": { "lat": 47.630800353126325, "lon": -122.27920717980513, "time_of_day": "Morning", "causation": [ "0", "0", "0", "0", "0", "0", "0", "0", "1", "0", "0", "0", "0", "0", "0", "0", "0", "0", "0", "0", "0", "0", "0", "0" ], "duration": 157.0, "sum": 1 }, "geometry": { "type": "Point", "coordinates": [ -122.279207179805127, 47.630800353126325 ] } },
{ "type": "Feature", "properties": { "lat": 47.63099630699395, "lon": -122.278125460504, "time_of_day": "Morning", "causation": [ "0", "0", "0", "0", "0", "0", "0", "0", "1", "0", "0", "0", "0", "0", "0", "0", "0", "0", "0", "0", "0", "0", "0", "0" ], "duration": 157.0, "sum": 1 }, "geometry": { "type": "Point", "coordinates": [ -122.278125460504, 47.63099630699395 ] } },
{ "type": "Feature", "properties": { "lat": 47.631118865639301, "lon": -122.27899147612636, "time_of_day": "Late Night", "causation": [ "0", "0", "0", "0", "0", "0", "0", "0", "1", "0", "0", "0", "0", "0", "0", "0", "0", "0", "0", "0", "0", "0", "0", "0" ], "duration": 586.0, "sum": 1 }, "geometry": { "type": "Point", "coordinates": [ -122.278991476126365, 47.631118865639301 ] } },
{ "type": "Feature", "properties": { "lat": 47.631132429297338, "lon": -122.27954856834091, "time_of_day": "Late Night", "causation": [ "0", "0", "0", "0", "0", "0", "0", "0", "1", "0", "0", "0", "0", "0", "0", "0", "0", "0", "0", "0", "0", "0", "0", "0" ], "duration": 586.0, "sum": 1 }, "geometry": { "type": "Point", "coordinates": [ -122.279548568340914, 47.631132429297338 ] } },
{ "type": "Feature", "properties": { "lat": 47.631169474287312, "lon": -122.2803610434417, "time_of_day": "Late Night", "causation": [ "0", "0", "0", "0", "0", "0", "0", "0", "1", "0", "0", "0", "0", "0", "0", "0", "0", "0", "0", "0", "0", "0", "0", "0" ], "duration": 586.0, "sum": 1 }, "geometry": { "type": "Point", "coordinates": [ -122.280361043441701, 47.631169474287312 ] } },
{ "type": "Feature", "properties": { "lat": 47.63123775469424, "lon": -122.27958994746332, "time_of_day": "Late Night", "causation": [ "0", "0", "0", "0", "0", "0", "0", "0", "1", "0", "0", "0", "0", "0", "0", "0", "0", "0", "0", "0", "0", "0", "0", "0" ], "duration": 586.0, "sum": 1 }, "geometry": { "type": "Point", "coordinates": [ -122.279589947463322, 47.63123775469424 ] } },
{ "type": "Feature", "properties": { "lat": 47.631315577697578, "lon": -122.27674937973322, "time_of_day": "Late Night", "causation": [ "0", "0", "0", "0", "0", "0", "0", "0", "1", "0", "0", "0", "0", "0", "0", "0", "0", "0", "0", "0", "0", "0", "0", "0" ], "duration": 586.0, "sum": 1 }, "geometry": { "type": "Point", "coordinates": [ -122.276749379733218, 47.631315577697578 ] } },
{ "type": "Feature", "properties": { "lat": 47.631315577697578, "lon": -122.27674937973322, "time_of_day": "Morning", "causation": [ "0", "0", "0", "0", "0", "0", "0", "0", "3", "0", "0", "0", "0", "0", "0", "0", "0", "0", "0", "0", "0", "0", "0", "0" ], "duration": 471.0, "sum": 3 }, "geometry": { "type": "Point", "coordinates": [ -122.276749379733218, 47.631315577697578 ] } },
{ "type": "Feature", "properties": { "lat": 47.631345883542735, "lon": -122.27965063613392, "time_of_day": "Late Night", "causation": [ "0", "0", "0", "0", "0", "0", "0", "0", "1", "0", "0", "0", "0", "0", "0", "0", "0", "0", "0", "0", "0", "0", "0", "0" ], "duration": 586.0, "sum": 1 }, "geometry": { "type": "Point", "coordinates": [ -122.279650636133923, 47.631345883542735 ] } },
{ "type": "Feature", "properties": { "lat": 47.631438254205179, "lon": -122.2802937044344, "time_of_day": "Late Night", "causation": [ "0", "0", "0", "0", "0", "0", "0", "0", "1", "0", "0", "0", "0", "0", "0", "0", "0", "0", "0", "0", "0", "0", "0", "0" ], "duration": 586.0, "sum": 1 }, "geometry": { "type": "Point", "coordinates": [ -122.280293704434399, 47.631438254205179 ] } },
{ "type": "Feature", "properties": { "lat": 47.631461693131591, "lon": -122.2796333998931, "time_of_day": "Late Night", "causation": [ "0", "0", "0", "0", "0", "0", "0", "0", "1", "0", "0", "0", "0", "0", "0", "0", "0", "0", "0", "0", "0", "0", "0", "0" ], "duration": 586.0, "sum": 1 }, "geometry": { "type": "Point", "coordinates": [ -122.2796333998931, 47.631461693131591 ] } },
{ "type": "Feature", "properties": { "lat": 47.631520384492958, "lon": -122.28028438784814, "time_of_day": "Late Night", "causation": [ "0", "0", "0", "0", "0", "0", "0", "0", "1", "0", "0", "0", "0", "0", "0", "0", "0", "0", "0", "0", "0", "0", "0", "0" ], "duration": 586.0, "sum": 1 }, "geometry": { "type": "Point", "coordinates": [ -122.280284387848141, 47.631520384492958 ] } },
{ "type": "Feature", "properties": { "lat": 47.631565153696961, "lon": -122.27965365041317, "time_of_day": "Late Night", "causation": [ "0", "0", "0", "0", "0", "0", "0", "0", "1", "0", "0", "0", "0", "0", "0", "0", "0", "0", "0", "0", "0", "0", "0", "0" ], "duration": 586.0, "sum": 1 }, "geometry": { "type": "Point", "coordinates": [ -122.279653650413167, 47.631565153696961 ] } },
{ "type": "Feature", "properties": { "lat": 47.631602812525024, "lon": -122.28026139718381, "time_of_day": "Late Night", "causation": [ "0", "0", "0", "0", "0", "0", "0", "0", "1", "0", "0", "0", "0", "0", "0", "0", "0", "0", "0", "0", "0", "0", "0", "0" ], "duration": 586.0, "sum": 1 }, "geometry": { "type": "Point", "coordinates": [ -122.280261397183807, 47.631602812525024 ] } },
{ "type": "Feature", "properties": { "lat": 47.631672030019843, "lon": -122.27964027081435, "time_of_day": "Late Night", "causation": [ "0", "0", "0", "0", "0", "0", "0", "0", "1", "0", "0", "0", "0", "0", "0", "0", "0", "0", "0", "0", "0", "0", "0", "0" ], "duration": 586.0, "sum": 1 }, "geometry": { "type": "Point", "coordinates": [ -122.279640270814355, 47.631672030019843 ] } },
{ "type": "Feature", "properties": { "lat": 47.631702973631874, "lon": -122.28027782530296, "time_of_day": "Late Night", "causation": [ "0", "0", "0", "0", "0", "0", "0", "0", "1", "0", "0", "0", "0", "0", "0", "0", "0", "0", "0", "0", "0", "0", "0", "0" ], "duration": 586.0, "sum": 1 }, "geometry": { "type": "Point", "coordinates": [ -122.28027782530296, 47.631702973631874 ] } },
{ "type": "Feature", "properties": { "lat": 47.631782893624873, "lon": -122.27959150411378, "time_of_day": "Late Night", "causation": [ "0", "0", "0", "0", "0", "0", "0", "0", "1", "0", "0", "0", "0", "0", "0", "0", "0", "0", "0", "0", "0", "0", "0", "0" ], "duration": 586.0, "sum": 1 }, "geometry": { "type": "Point", "coordinates": [ -122.279591504113782, 47.631782893624873 ] } },
{ "type": "Feature", "properties": { "lat": 47.631817875583579, "lon": -122.28029643217286, "time_of_day": "Late Night", "causation": [ "0", "0", "0", "0", "0", "0", "0", "0", "1", "0", "0", "0", "0", "0", "0", "0", "0", "0", "0", "0", "0", "0", "0", "0" ], "duration": 586.0, "sum": 1 }, "geometry": { "type": "Point", "coordinates": [ -122.280296432172861, 47.631817875583579 ] } },
{ "type": "Feature", "properties": { "lat": 47.631885816723361, "lon": -122.27962384417556, "time_of_day": "Late Night", "causation": [ "0", "0", "0", "0", "0", "0", "0", "0", "1", "0", "0", "0", "0", "0", "0", "0", "0", "0", "0", "0", "0", "0", "0", "0" ], "duration": 586.0, "sum": 1 }, "geometry": { "type": "Point", "coordinates": [ -122.279623844175561, 47.631885816723361 ] } },
{ "type": "Feature", "properties": { "lat": 47.631955069624532, "lon": -122.28033120767611, "time_of_day": "Late Night", "causation": [ "0", "0", "0", "0", "0", "0", "0", "0", "1", "0", "0", "0", "0", "0", "0", "0", "0", "0", "0", "0", "0", "0", "0", "0" ], "duration": 586.0, "sum": 1 }, "geometry": { "type": "Point", "coordinates": [ -122.280331207676113, 47.631955069624532 ] } },
{ "type": "Feature", "properties": { "lat": 47.631986835153057, "lon": -122.27946790367491, "time_of_day": "Late Night", "causation": [ "0", "0", "0", "0", "0", "0", "0", "0", "1", "0", "0", "0", "0", "0", "0", "0", "0", "0", "0", "0", "0", "0", "0", "0" ], "duration": 586.0, "sum": 1 }, "geometry": { "type": "Point", "coordinates": [ -122.279467903674913, 47.631986835153057 ] } },
{ "type": "Feature", "properties": { "lat": 47.63249067244876, "lon": -122.35473322854509, "time_of_day": "Morning", "causation": [ "0", "0", "0", "0", "0", "0", "0", "0", "1", "0", "0", "0", "0", "0", "0", "0", "0", "0", "0", "0", "0", "0", "0", "0" ], "duration": 109.0, "sum": 1 }, "geometry": { "type": "Point", "coordinates": [ -122.354733228545086, 47.63249067244876 ] } },
{ "type": "Feature", "properties": { "lat": 47.63792913108923, "lon": -122.36442271481684, "time_of_day": "Morning", "causation": [ "0", "0", "0", "0", "0", "0", "0", "0", "0", "0", "0", "0", "0", "0", "0", "0", "0", "0", "1", "0", "0", "0", "0", "0" ], "duration": 316.0, "sum": 1 }, "geometry": { "type": "Point", "coordinates": [ -122.36442271481684, 47.63792913108923 ] } },
{ "type": "Feature", "properties": { "lat": 47.637931062462343, "lon": -122.3645908616094, "time_of_day": "Morning", "causation": [ "0", "0", "0", "0", "0", "0", "0", "0", "0", "0", "0", "0", "0", "0", "0", "0", "0", "0", "1", "0", "0", "0", "0", "0" ], "duration": 316.0, "sum": 1 }, "geometry": { "type": "Point", "coordinates": [ -122.3645908616094, 47.637931062462343 ] } },
{ "type": "Feature", "properties": { "lat": 47.637941088940906, "lon": -122.36386845360498, "time_of_day": "Morning", "causation": [ "0", "0", "0", "0", "0", "0", "0", "0", "0", "0", "0", "0", "0", "0", "0", "0", "0", "0", "1", "0", "0", "0", "0", "0" ], "duration": 316.0, "sum": 1 }, "geometry": { "type": "Point", "coordinates": [ -122.363868453604979, 47.637941088940906 ] } },
{ "type": "Feature", "properties": { "lat": 47.638063198388352, "lon": -122.36471540384446, "time_of_day": "Morning", "causation": [ "0", "0", "0", "0", "0", "0", "0", "0", "0", "0", "0", "0", "0", "0", "0", "0", "0", "0", "3", "0", "0", "0", "0", "0" ], "duration": 948.0, "sum": 3 }, "geometry": { "type": "Point", "coordinates": [ -122.364715403844457, 47.638063198388352 ] } },
{ "type": "Feature", "properties": { "lat": 47.638142160974375, "lon": -122.3646307788533, "time_of_day": "Morning", "causation": [ "0", "0", "0", "0", "0", "0", "0", "0", "0", "0", "0", "0", "0", "0", "0", "0", "0", "0", "1", "0", "0", "0", "0", "0" ], "duration": 316.0, "sum": 1 }, "geometry": { "type": "Point", "coordinates": [ -122.364630778853297, 47.638142160974375 ] } },
{ "type": "Feature", "properties": { "lat": 47.638225121147258, "lon": -122.36463548540787, "time_of_day": "Morning", "causation": [ "0", "0", "0", "0", "0", "0", "0", "0", "0", "0", "0", "0", "0", "0", "0", "0", "0", "0", "1", "0", "0", "0", "0", "0" ], "duration": 316.0, "sum": 1 }, "geometry": { "type": "Point", "coordinates": [ -122.364635485407874, 47.638225121147258 ] } },
{ "type": "Feature", "properties": { "lat": 47.638228628280807, "lon": -122.3639067025931, "time_of_day": "Morning", "causation": [ "0", "0", "0", "0", "0", "0", "0", "0", "0", "0", "0", "0", "0", "0", "0", "0", "0", "0", "2", "0", "0", "0", "0", "0" ], "duration": 632.0, "sum": 2 }, "geometry": { "type": "Point", "coordinates": [ -122.363906702593098, 47.638228628280807 ] } },
{ "type": "Feature", "properties": { "lat": 47.638304687943936, "lon": -122.36467491766334, "time_of_day": "Morning", "causation": [ "0", "0", "0", "0", "0", "0", "0", "0", "0", "0", "0", "0", "0", "0", "0", "0", "0", "0", "1", "0", "0", "0", "0", "0" ], "duration": 316.0, "sum": 1 }, "geometry": { "type": "Point", "coordinates": [ -122.364674917663336, 47.638304687943936 ] } },
{ "type": "Feature", "properties": { "lat": 47.638329247994697, "lon": -122.36390720534295, "time_of_day": "Morning", "causation": [ "0", "0", "0", "0", "0", "0", "0", "0", "0", "0", "0", "0", "0", "0", "0", "0", "0", "0", "1", "0", "0", "0", "0", "0" ], "duration": 316.0, "sum": 1 }, "geometry": { "type": "Point", "coordinates": [ -122.363907205342954, 47.638329247994697 ] } },
{ "type": "Feature", "properties": { "lat": 47.644955096705161, "lon": -122.3281859617278, "time_of_day": "Morning", "causation": [ "0", "0", "0", "0", "0", "0", "0", "0", "0", "0", "0", "0", "0", "0", "0", "0", "0", "0", "33", "0", "0", "0", "0", "0" ], "duration": 38511.0, "sum": 33 }, "geometry": { "type": "Point", "coordinates": [ -122.328185961727797, 47.644955096705161 ] } },
{ "type": "Feature", "properties": { "lat": 47.645022569317, "lon": -122.32727076334588, "time_of_day": "Morning", "causation": [ "0", "0", "0", "0", "0", "0", "0", "0", "0", "0", "0", "0", "0", "0", "0", "0", "0", "0", "22", "0", "0", "0", "0", "0" ], "duration": 25674.0, "sum": 22 }, "geometry": { "type": "Point", "coordinates": [ -122.327270763345879, 47.645022569317 ] } },
{ "type": "Feature", "properties": { "lat": 47.645238729766092, "lon": -122.32706679311332, "time_of_day": "Morning", "causation": [ "0", "0", "0", "0", "0", "0", "0", "0", "0", "0", "0", "0", "0", "0", "0", "0", "0", "0", "11", "0", "0", "0", "0", "0" ], "duration": 12837.0, "sum": 11 }, "geometry": { "type": "Point", "coordinates": [ -122.327066793113318, 47.645238729766092 ] } },
{ "type": "Feature", "properties": { "lat": 47.645338359396483, "lon": -122.32637984383628, "time_of_day": "Morning", "causation": [ "0", "0", "0", "0", "0", "0", "0", "0", "0", "0", "0", "0", "0", "0", "0", "0", "0", "0", "38", "0", "0", "0", "0", "0" ], "duration": 41382.0, "sum": 38 }, "geometry": { "type": "Point", "coordinates": [ -122.326379843836278, 47.645338359396483 ] } },
{ "type": "Feature", "properties": { "lat": 47.645363953038263, "lon": -122.32791691266183, "time_of_day": "Morning", "causation": [ "0", "0", "0", "0", "0", "0", "0", "0", "0", "0", "0", "0", "0", "0", "0", "0", "0", "0", "6", "0", "0", "0", "0", "0" ], "duration": 7002.0, "sum": 6 }, "geometry": { "type": "Point", "coordinates": [ -122.327916912661834, 47.645363953038263 ] } },
{ "type": "Feature", "properties": { "lat": 47.645792712504722, "lon": -122.32676624808536, "time_of_day": "Late Night", "causation": [ "0", "0", "0", "0", "0", "0", "0", "0", "0", "0", "0", "0", "0", "0", "0", "0", "0", "0", "1", "0", "0", "0", "0", "0" ], "duration": 1237.0, "sum": 1 }, "geometry": { "type": "Point", "coordinates": [ -122.326766248085363, 47.645792712504722 ] } },
{ "type": "Feature", "properties": { "lat": 47.645857491276161, "lon": -122.32671717774184, "time_of_day": "Late Night", "causation": [ "0", "0", "0", "0", "0", "0", "0", "0", "0", "0", "0", "0", "0", "0", "0", "0", "0", "0", "1", "0", "0", "0", "0", "0" ], "duration": 1237.0, "sum": 1 }, "geometry": { "type": "Point", "coordinates": [ -122.326717177741841, 47.645857491276161 ] } },
{ "type": "Feature", "properties": { "lat": 47.645913695320758, "lon": -122.32667863798302, "time_of_day": "Late Night", "causation": [ "0", "0", "0", "0", "0", "0", "0", "0", "0", "0", "0", "0", "0", "0", "0", "0", "0", "0", "1", "0", "0", "0", "0", "0" ], "duration": 1237.0, "sum": 1 }, "geometry": { "type": "Point", "coordinates": [ -122.326678637983022, 47.645913695320758 ] } },
{ "type": "Feature", "properties": { "lat": 47.645953376727192, "lon": -122.32768271759092, "time_of_day": "Late Night", "causation": [ "0", "0", "0", "0", "0", "0", "0", "0", "0", "0", "0", "0", "0", "0", "0", "0", "0", "0", "3", "0", "0", "0", "0", "0" ], "duration": 3711.0, "sum": 3 }, "geometry": { "type": "Point", "coordinates": [ -122.327682717590918, 47.645953376727192 ] } },
{ "type": "Feature", "properties": { "lat": 47.645961009361166, "lon": -122.32629025672892, "time_of_day": "Morning", "causation": [ "0", "0", "0", "0", "0", "0", "0", "0", "0", "0", "0", "0", "0", "0", "0", "0", "0", "0", "1", "0", "0", "0", "0", "0" ], "duration": 1089.0, "sum": 1 }, "geometry": { "type": "Point", "coordinates": [ -122.326290256728925, 47.645961009361166 ] } },
{ "type": "Feature", "properties": { "lat": 47.645965670315057, "lon": -122.32663575273416, "time_of_day": "Late Night", "causation": [ "0", "0", "0", "0", "0", "0", "0", "0", "0", "0", "0", "0", "0", "0", "0", "0", "0", "0", "1", "0", "0", "0", "0", "0" ], "duration": 1237.0, "sum": 1 }, "geometry": { "type": "Point", "coordinates": [ -122.326635752734163, 47.645965670315057 ] } },
{ "type": "Feature", "properties": { "lat": 47.646022517767143, "lon": -122.32658511529324, "time_of_day": "Late Night", "causation": [ "0", "0", "0", "0", "0", "0", "0", "0", "0", "0", "0", "0", "0", "0", "0", "0", "0", "0", "1", "0", "0", "0", "0", "0" ], "duration": 1237.0, "sum": 1 }, "geometry": { "type": "Point", "coordinates": [ -122.326585115293241, 47.646022517767143 ] } },
{ "type": "Feature", "properties": { "lat": 47.646078846092742, "lon": -122.3265550348858, "time_of_day": "Late Night", "causation": [ "0", "0", "0", "0", "0", "0", "0", "0", "0", "0", "0", "0", "0", "0", "0", "0", "0", "0", "1", "0", "0", "0", "0", "0" ], "duration": 1237.0, "sum": 1 }, "geometry": { "type": "Point", "coordinates": [ -122.3265550348858, 47.646078846092742 ] } },
{ "type": "Feature", "properties": { "lat": 47.646130435170697, "lon": -122.32653111978556, "time_of_day": "Late Night", "causation": [ "0", "0", "0", "0", "0", "0", "0", "0", "0", "0", "0", "0", "0", "0", "0", "0", "0", "0", "1", "0", "0", "0", "0", "0" ], "duration": 1237.0, "sum": 1 }, "geometry": { "type": "Point", "coordinates": [ -122.326531119785557, 47.646130435170697 ] } },
{ "type": "Feature", "properties": { "lat": 47.646188175248291, "lon": -122.326484171727, "time_of_day": "Late Night", "causation": [ "0", "0", "0", "0", "0", "0", "0", "0", "0", "0", "0", "0", "0", "0", "0", "0", "0", "0", "1", "0", "0", "0", "0", "0" ], "duration": 1237.0, "sum": 1 }, "geometry": { "type": "Point", "coordinates": [ -122.326484171727003, 47.646188175248291 ] } },
{ "type": "Feature", "properties": { "lat": 47.646233012459085, "lon": -122.32644107704373, "time_of_day": "Late Night", "causation": [ "0", "0", "0", "0", "0", "0", "0", "0", "0", "0", "0", "0", "0", "0", "0", "0", "0", "0", "1", "0", "0", "0", "0", "0" ], "duration": 1237.0, "sum": 1 }, "geometry": { "type": "Point", "coordinates": [ -122.326441077043725, 47.646233012459085 ] } },
{ "type": "Feature", "properties": { "lat": 47.646336497261139, "lon": -122.32709513492412, "time_of_day": "Late Night", "causation": [ "0", "0", "0", "0", "0", "0", "0", "0", "0", "0", "0", "0", "0", "0", "0", "0", "0", "0", "1", "0", "0", "0", "0", "0" ], "duration": 1237.0, "sum": 1 }, "geometry": { "type": "Point", "coordinates": [ -122.327095134924122, 47.646336497261139 ] } },
{ "type": "Feature", "properties": { "lat": 47.646422484313561, "lon": -122.32582955905799, "time_of_day": "Morning", "causation": [ "0", "0", "0", "0", "0", "0", "0", "0", "0", "0", "0", "0", "0", "0", "0", "0", "0", "0", "2", "0", "0", "0", "0", "0" ], "duration": 2178.0, "sum": 2 }, "geometry": { "type": "Point", "coordinates": [ -122.325829559057993, 47.646422484313561 ] } },
{ "type": "Feature", "properties": { "lat": 47.646835053239442, "lon": -122.32673961740456, "time_of_day": "Late Night", "causation": [ "0", "0", "0", "0", "0", "0", "0", "0", "0", "0", "0", "0", "0", "0", "0", "0", "0", "0", "12", "0", "0", "0", "0", "0" ], "duration": 14844.0, "sum": 12 }, "geometry": { "type": "Point", "coordinates": [ -122.326739617404556, 47.646835053239442 ] } },
{ "type": "Feature", "properties": { "lat": 47.651603823987237, "lon": -122.37260609402485, "time_of_day": "Morning", "causation": [ "0", "0", "0", "0", "0", "0", "0", "0", "0", "0", "0", "0", "0", "0", "0", "0", "0", "0", "3", "0", "0", "0", "0", "0" ], "duration": 1074.0, "sum": 3 }, "geometry": { "type": "Point", "coordinates": [ -122.372606094024846, 47.651603823987237 ] } },
{ "type": "Feature", "properties": { "lat": 47.651734781805551, "lon": -122.36380128988247, "time_of_day": "Late Night", "causation": [ "0", "0", "2", "0", "0", "0", "0", "0", "0", "0", "0", "0", "0", "0", "0", "0", "0", "0", "0", "0", "0", "0", "0", "0" ], "duration": 176.0, "sum": 2 }, "geometry": { "type": "Point", "coordinates": [ -122.363801289882474, 47.651734781805551 ] } },
{ "type": "Feature", "properties": { "lat": 47.651739833112757, "lon": -122.37263175031174, "time_of_day": "Morning", "causation": [ "0", "0", "0", "0", "0", "0", "0", "0", "0", "0", "0", "0", "0", "0", "0", "0", "0", "0", "1", "0", "0", "0", "0", "0" ], "duration": 358.0, "sum": 1 }, "geometry": { "type": "Point", "coordinates": [ -122.37263175031174, 47.651739833112757 ] } },
{ "type": "Feature", "properties": { "lat": 47.651765728416194, "lon": -122.37202269079869, "time_of_day": "Morning", "causation": [ "0", "0", "0", "0", "0", "0", "0", "0", "0", "0", "0", "0", "0", "0", "0", "0", "0", "0", "1", "0", "0", "0", "0", "0" ], "duration": 358.0, "sum": 1 }, "geometry": { "type": "Point", "coordinates": [ -122.372022690798687, 47.651765728416194 ] } },
{ "type": "Feature", "properties": { "lat": 47.651780700286267, "lon": -122.36260212967343, "time_of_day": "Late Night", "causation": [ "0", "0", "1", "0", "0", "0", "0", "0", "0", "0", "0", "0", "0", "0", "0", "0", "0", "0", "0", "0", "0", "0", "0", "0" ], "duration": 88.0, "sum": 1 }, "geometry": { "type": "Point", "coordinates": [ -122.362602129673434, 47.651780700286267 ] } },
{ "type": "Feature", "properties": { "lat": 47.651782803403712, "lon": -122.37176406235146, "time_of_day": "Morning", "causation": [ "0", "0", "0", "0", "0", "0", "0", "0", "0", "0", "0", "0", "0", "0", "0", "0", "0", "0", "1", "0", "0", "0", "0", "0" ], "duration": 358.0, "sum": 1 }, "geometry": { "type": "Point", "coordinates": [ -122.37176406235146, 47.651782803403712 ] } },
{ "type": "Feature", "properties": { "lat": 47.651885169355971, "lon": -122.37199601707768, "time_of_day": "Morning", "causation": [ "0", "0", "0", "0", "0", "0", "0", "0", "0", "0", "0", "0", "0", "0", "0", "0", "0", "0", "1", "0", "0", "0", "0", "0" ], "duration": 358.0, "sum": 1 }, "geometry": { "type": "Point", "coordinates": [ -122.371996017077677, 47.651885169355971 ] } },
{ "type": "Feature", "properties": { "lat": 47.651899171934403, "lon": -122.37255265568901, "time_of_day": "Morning", "causation": [ "0", "0", "0", "0", "0", "0", "0", "0", "0", "0", "0", "0", "0", "0", "0", "0", "0", "0", "1", "0", "0", "0", "0", "0" ], "duration": 358.0, "sum": 1 }, "geometry": { "type": "Point", "coordinates": [ -122.372552655689006, 47.651899171934403 ] } },
{ "type": "Feature", "properties": { "lat": 47.652013424275523, "lon": -122.3605296231574, "time_of_day": "Late Night", "causation": [ "0", "0", "3", "0", "0", "0", "0", "0", "0", "0", "0", "0", "0", "0", "0", "0", "0", "0", "0", "0", "0", "0", "0", "0" ], "duration": 264.0, "sum": 3 }, "geometry": { "type": "Point", "coordinates": [ -122.360529623157404, 47.652013424275523 ] } },
{ "type": "Feature", "properties": { "lat": 47.652240398320068, "lon": -122.36148360156731, "time_of_day": "Late Night", "causation": [ "0", "0", "1", "0", "0", "0", "0", "0", "0", "0", "0", "0", "0", "0", "0", "0", "0", "0", "0", "0", "0", "0", "0", "0" ], "duration": 88.0, "sum": 1 }, "geometry": { "type": "Point", "coordinates": [ -122.361483601567315, 47.652240398320068 ] } },
{ "type": "Feature", "properties": { "lat": 47.652272019770002, "lon": -122.3648361241862, "time_of_day": "Late Night", "causation": [ "0", "0", "3", "0", "0", "0", "0", "0", "0", "0", "0", "0", "0", "0", "0", "0", "0", "0", "0", "0", "0", "0", "0", "0" ], "duration": 264.0, "sum": 3 }, "geometry": { "type": "Point", "coordinates": [ -122.364836124186198, 47.652272019770002 ] } },
{ "type": "Feature", "properties": { "lat": 47.652778539552742, "lon": -122.36404526337004, "time_of_day": "Late Night", "causation": [ "0", "0", "1", "0", "0", "0", "0", "0", "0", "0", "0", "0", "0", "0", "0", "0", "0", "0", "0", "0", "0", "0", "0", "0" ], "duration": 88.0, "sum": 1 }, "geometry": { "type": "Point", "coordinates": [ -122.364045263370045, 47.652778539552742 ] } },
{ "type": "Feature", "properties": { "lat": 47.652804150470338, "lon": -122.3625017023994, "time_of_day": "Late Night", "causation": [ "0", "0", "1", "0", "0", "0", "0", "0", "0", "0", "0", "0", "0", "0", "0", "0", "0", "0", "0", "0", "0", "0", "0", "0" ], "duration": 88.0, "sum": 1 }, "geometry": { "type": "Point", "coordinates": [ -122.362501702399399, 47.652804150470338 ] } },
{ "type": "Feature", "properties": { "lat": 47.652829584061571, "lon": -122.36372060708813, "time_of_day": "Late Night", "causation": [ "0", "0", "2", "0", "0", "0", "0", "0", "0", "0", "0", "0", "0", "0", "0", "0", "0", "0", "0", "0", "0", "0", "0", "0" ], "duration": 176.0, "sum": 2 }, "geometry": { "type": "Point", "coordinates": [ -122.363720607088126, 47.652829584061571 ] } },
{ "type": "Feature", "properties": { "lat": 47.653009469045912, "lon": -122.36503226390944, "time_of_day": "Late Night", "causation": [ "0", "0", "5", "0", "0", "0", "0", "0", "0", "0", "0", "0", "0", "0", "0", "0", "0", "0", "0", "0", "0", "0", "0", "0" ], "duration": 440.0, "sum": 5 }, "geometry": { "type": "Point", "coordinates": [ -122.365032263909441, 47.653009469045912 ] } },
{ "type": "Feature", "properties": { "lat": 47.653053644605002, "lon": -122.36405017727461, "time_of_day": "Late Night", "causation": [ "0", "0", "2", "0", "0", "0", "0", "0", "0", "0", "0", "0", "0", "0", "0", "0", "0", "0", "0", "0", "0", "0", "0", "0" ], "duration": 176.0, "sum": 2 }, "geometry": { "type": "Point", "coordinates": [ -122.364050177274606, 47.653053644605002 ] } },
{ "type": "Feature", "properties": { "lat": 47.65572030116649, "lon": -122.39198946471885, "time_of_day": "Afternoon", "causation": [ "0", "0", "0", "0", "0", "0", "0", "0", "1", "0", "0", "0", "0", "0", "0", "0", "0", "0", "0", "0", "0", "0", "0", "0" ], "duration": 590.0, "sum": 1 }, "geometry": { "type": "Point", "coordinates": [ -122.391989464718847, 47.65572030116649 ] } },
{ "type": "Feature", "properties": { "lat": 47.6560287537853, "lon": -122.32485348190409, "time_of_day": "Morning", "causation": [ "0", "0", "0", "0", "1", "0", "0", "0", "0", "0", "0", "0", "0", "0", "0", "0", "0", "0", "0", "0", "0", "0", "0", "0" ], "duration": 405.0, "sum": 1 }, "geometry": { "type": "Point", "coordinates": [ -122.324853481904086, 47.6560287537853 ] } },
{ "type": "Feature", "properties": { "lat": 47.656134737549237, "lon": -122.32431823843268, "time_of_day": "Morning", "causation": [ "0", "0", "0", "0", "1", "0", "0", "0", "0", "0", "0", "0", "0", "0", "0", "0", "0", "0", "0", "0", "0", "0", "0", "0" ], "duration": 405.0, "sum": 1 }, "geometry": { "type": "Point", "coordinates": [ -122.324318238432681, 47.656134737549237 ] } },
{ "type": "Feature", "properties": { "lat": 47.656152791273698, "lon": -122.3248427792992, "time_of_day": "Morning", "causation": [ "0", "0", "0", "0", "1", "0", "0", "0", "0", "0", "0", "0", "0", "0", "0", "0", "0", "0", "0", "0", "0", "0", "0", "0" ], "duration": 405.0, "sum": 1 }, "geometry": { "type": "Point", "coordinates": [ -122.324842779299203, 47.656152791273698 ] } },
{ "type": "Feature", "properties": { "lat": 47.656231033251039, "lon": -122.3243216372866, "time_of_day": "Morning", "causation": [ "0", "0", "0", "0", "1", "0", "0", "0", "0", "0", "0", "0", "0", "0", "0", "0", "0", "0", "0", "0", "0", "0", "0", "0" ], "duration": 405.0, "sum": 1 }, "geometry": { "type": "Point", "coordinates": [ -122.324321637286602, 47.656231033251039 ] } },
{ "type": "Feature", "properties": { "lat": 47.656237020832229, "lon": -122.32479940086228, "time_of_day": "Morning", "causation": [ "0", "0", "0", "0", "1", "0", "0", "0", "0", "0", "0", "0", "0", "0", "0", "0", "0", "0", "0", "0", "0", "0", "0", "0" ], "duration": 405.0, "sum": 1 }, "geometry": { "type": "Point", "coordinates": [ -122.324799400862275, 47.656237020832229 ] } },
{ "type": "Feature", "properties": { "lat": 47.656353430404337, "lon": -122.32481398632098, "time_of_day": "Morning", "causation": [ "0", "0", "0", "0", "1", "0", "0", "0", "0", "0", "0", "0", "0", "0", "0", "0", "0", "0", "0", "0", "0", "0", "0", "0" ], "duration": 405.0, "sum": 1 }, "geometry": { "type": "Point", "coordinates": [ -122.324813986320976, 47.656353430404337 ] } },
{ "type": "Feature", "properties": { "lat": 47.656536118748477, "lon": -122.3248225878246, "time_of_day": "Morning", "causation": [ "0", "0", "0", "0", "1", "0", "0", "0", "0", "0", "0", "0", "0", "0", "0", "0", "0", "0", "0", "0", "0", "0", "0", "0" ], "duration": 405.0, "sum": 1 }, "geometry": { "type": "Point", "coordinates": [ -122.324822587824599, 47.656536118748477 ] } },
{ "type": "Feature", "properties": { "lat": 47.656690619287858, "lon": -122.32482344484193, "time_of_day": "Morning", "causation": [ "0", "0", "0", "0", "1", "0", "0", "0", "0", "0", "0", "0", "0", "0", "0", "0", "0", "0", "0", "0", "0", "0", "0", "0" ], "duration": 405.0, "sum": 1 }, "geometry": { "type": "Point", "coordinates": [ -122.324823444841925, 47.656690619287858 ] } },
{ "type": "Feature", "properties": { "lat": 47.656794754422378, "lon": -122.32487711012006, "time_of_day": "Morning", "causation": [ "0", "0", "0", "0", "3", "0", "0", "0", "0", "0", "0", "0", "0", "0", "0", "0", "0", "0", "0", "0", "0", "0", "0", "0" ], "duration": 1215.0, "sum": 3 }, "geometry": { "type": "Point", "coordinates": [ -122.324877110120056, 47.656794754422378 ] } },
{ "type": "Feature", "properties": { "lat": 47.656901203470873, "lon": -122.32484493686404, "time_of_day": "Morning", "causation": [ "0", "0", "0", "0", "2", "0", "0", "0", "0", "0", "0", "0", "0", "0", "0", "0", "0", "0", "0", "0", "0", "0", "0", "0" ], "duration": 810.0, "sum": 2 }, "geometry": { "type": "Point", "coordinates": [ -122.324844936864039, 47.656901203470873 ] } },
{ "type": "Feature", "properties": { "lat": 47.657023297278855, "lon": -122.32479772930202, "time_of_day": "Morning", "causation": [ "0", "0", "0", "0", "1", "0", "0", "0", "0", "0", "0", "0", "0", "0", "0", "0", "0", "0", "0", "0", "0", "0", "0", "0" ], "duration": 405.0, "sum": 1 }, "geometry": { "type": "Point", "coordinates": [ -122.32479772930202, 47.657023297278855 ] } },
{ "type": "Feature", "properties": { "lat": 47.657105163307257, "lon": -122.32481129554128, "time_of_day": "Morning", "causation": [ "0", "0", "0", "0", "1", "0", "0", "0", "0", "0", "0", "0", "0", "0", "0", "0", "0", "0", "0", "0", "0", "0", "0", "0" ], "duration": 405.0, "sum": 1 }, "geometry": { "type": "Point", "coordinates": [ -122.324811295541281, 47.657105163307257 ] } },
{ "type": "Feature", "properties": { "lat": 47.657229876111117, "lon": -122.32479259650604, "time_of_day": "Morning", "causation": [ "0", "0", "0", "0", "1", "0", "0", "0", "0", "0", "0", "0", "0", "0", "0", "0", "0", "0", "0", "0", "0", "0", "0", "0" ], "duration": 405.0, "sum": 1 }, "geometry": { "type": "Point", "coordinates": [ -122.324792596506043, 47.657229876111117 ] } },
{ "type": "Feature", "properties": { "lat": 47.657329967614587, "lon": -122.32480824006362, "time_of_day": "Morning", "causation": [ "0", "0", "0", "0", "1", "0", "0", "0", "0", "0", "0", "0", "0", "0", "0", "0", "0", "0", "0", "0", "0", "0", "0", "0" ], "duration": 405.0, "sum": 1 }, "geometry": { "type": "Point", "coordinates": [ -122.324808240063618, 47.657329967614587 ] } },
{ "type": "Feature", "properties": { "lat": 47.657439169239247, "lon": -122.3247953581884, "time_of_day": "Morning", "causation": [ "0", "0", "0", "0", "1", "0", "0", "0", "0", "0", "0", "0", "0", "0", "0", "0", "0", "0", "0", "0", "0", "0", "0", "0" ], "duration": 405.0, "sum": 1 }, "geometry": { "type": "Point", "coordinates": [ -122.324795358188396, 47.657439169239247 ] } },
{ "type": "Feature", "properties": { "lat": 47.657557218411768, "lon": -122.32475136601532, "time_of_day": "Morning", "causation": [ "0", "0", "0", "0", "6", "0", "0", "0", "0", "0", "0", "0", "0", "0", "0", "0", "0", "0", "0", "0", "0", "0", "0", "0" ], "duration": 2430.0, "sum": 6 }, "geometry": { "type": "Point", "coordinates": [ -122.32475136601532, 47.657557218411768 ] } },
{ "type": "Feature", "properties": { "lat": 47.657853416678051, "lon": -122.32475455494084, "time_of_day": "Morning", "causation": [ "0", "0", "0", "0", "4", "0", "0", "0", "0", "0", "0", "0", "0", "0", "0", "0", "0", "0", "0", "0", "0", "0", "0", "0" ], "duration": 1620.0, "sum": 4 }, "geometry": { "type": "Point", "coordinates": [ -122.324754554940839, 47.657853416678051 ] } },
{ "type": "Feature", "properties": { "lat": 47.661427279652479, "lon": -122.30334541605428, "time_of_day": "Morning", "causation": [ "0", "0", "0", "0", "0", "0", "0", "0", "4", "0", "0", "0", "0", "0", "0", "0", "0", "0", "0", "0", "0", "0", "0", "0" ], "duration": 244.0, "sum": 4 }, "geometry": { "type": "Point", "coordinates": [ -122.303345416054285, 47.661427279652479 ] } },
{ "type": "Feature", "properties": { "lat": 47.661440872861526, "lon": -122.29209481140666, "time_of_day": "Morning", "causation": [ "0", "0", "0", "0", "0", "0", "0", "0", "2", "0", "0", "0", "0", "0", "0", "0", "0", "0", "0", "0", "0", "0", "0", "0" ], "duration": 138.0, "sum": 2 }, "geometry": { "type": "Point", "coordinates": [ -122.292094811406656, 47.661440872861526 ] } },
{ "type": "Feature", "properties": { "lat": 47.661503551657567, "lon": -122.29602842305056, "time_of_day": "Morning", "causation": [ "0", "0", "0", "0", "0", "0", "0", "0", "5", "0", "0", "0", "0", "0", "0", "0", "0", "0", "0", "0", "0", "0", "0", "0" ], "duration": 430.0, "sum": 5 }, "geometry": { "type": "Point", "coordinates": [ -122.296028423050558, 47.661503551657567 ] } },
{ "type": "Feature", "properties": { "lat": 47.661504111210412, "lon": -122.29756171504243, "time_of_day": "Morning", "causation": [ "0", "0", "0", "0", "0", "0", "0", "0", "5", "0", "0", "0", "0", "0", "0", "0", "0", "0", "0", "0", "0", "0", "0", "0" ], "duration": 345.0, "sum": 5 }, "geometry": { "type": "Point", "coordinates": [ -122.297561715042434, 47.661504111210412 ] } },
{ "type": "Feature", "properties": { "lat": 47.661538762001619, "lon": -122.29926643778104, "time_of_day": "Morning", "causation": [ "0", "0", "0", "0", "0", "0", "0", "0", "19", "0", "0", "0", "0", "0", "0", "0", "0", "0", "0", "0", "0", "0", "0", "0" ], "duration": 1634.0, "sum": 19 }, "geometry": { "type": "Point", "coordinates": [ -122.299266437781043, 47.661538762001619 ] } },
{ "type": "Feature", "properties": { "lat": 47.66156531731886, "lon": -122.30364379688602, "time_of_day": "Morning", "causation": [ "0", "0", "0", "0", "0", "0", "0", "0", "11", "0", "0", "0", "0", "0", "0", "0", "0", "0", "0", "0", "0", "0", "0", "0" ], "duration": 671.0, "sum": 11 }, "geometry": { "type": "Point", "coordinates": [ -122.303643796886021, 47.66156531731886 ] } },
{ "type": "Feature", "properties": { "lat": 47.661569783686993, "lon": -122.3031554032831, "time_of_day": "Morning", "causation": [ "0", "0", "0", "0", "0", "0", "0", "0", "31", "0", "0", "0", "0", "0", "0", "0", "0", "0", "0", "0", "0", "0", "0", "0" ], "duration": 1891.0, "sum": 31 }, "geometry": { "type": "Point", "coordinates": [ -122.3031554032831, 47.661569783686993 ] } },
{ "type": "Feature", "properties": { "lat": 47.661587319007261, "lon": -122.2939079152623, "time_of_day": "Morning", "causation": [ "0", "0", "0", "0", "0", "0", "0", "0", "2", "0", "0", "0", "0", "0", "0", "0", "0", "0", "0", "0", "0", "0", "0", "0" ], "duration": 172.0, "sum": 2 }, "geometry": { "type": "Point", "coordinates": [ -122.293907915262295, 47.661587319007261 ] } },
{ "type": "Feature", "properties": { "lat": 47.661593664017296, "lon": -122.30259071738389, "time_of_day": "Morning", "causation": [ "0", "0", "0", "0", "0", "0", "0", "0", "1", "0", "0", "0", "0", "0", "0", "0", "0", "0", "0", "0", "0", "0", "0", "0" ], "duration": 61.0, "sum": 1 }, "geometry": { "type": "Point", "coordinates": [ -122.302590717383893, 47.661593664017296 ] } },
{ "type": "Feature", "properties": { "lat": 47.661680146928695, "lon": -122.28983450762472, "time_of_day": "Morning", "causation": [ "0", "0", "0", "0", "0", "0", "0", "0", "1", "0", "0", "0", "0", "0", "0", "0", "0", "0", "0", "0", "0", "0", "0", "0" ], "duration": 86.0, "sum": 1 }, "geometry": { "type": "Point", "coordinates": [ -122.289834507624718, 47.661680146928695 ] } },
{ "type": "Feature", "properties": { "lat": 47.66169626112579, "lon": -122.29003284927479, "time_of_day": "Morning", "causation": [ "0", "0", "0", "0", "0", "0", "0", "0", "1", "0", "0", "0", "0", "0", "0", "0", "0", "0", "0", "0", "0", "0", "0", "0" ], "duration": 86.0, "sum": 1 }, "geometry": { "type": "Point", "coordinates": [ -122.290032849274795, 47.66169626112579 ] } },
{ "type": "Feature", "properties": { "lat": 47.661722967713992, "lon": -122.29599485731056, "time_of_day": "Morning", "causation": [ "0", "0", "0", "0", "0", "0", "0", "0", "9", "0", "0", "0", "0", "0", "0", "0", "0", "0", "0", "0", "0", "0", "0", "0" ], "duration": 774.0, "sum": 9 }, "geometry": { "type": "Point", "coordinates": [ -122.295994857310561, 47.661722967713992 ] } },
{ "type": "Feature", "properties": { "lat": 47.66176710125044, "lon": -122.29734898167639, "time_of_day": "Morning", "causation": [ "0", "0", "0", "0", "0", "0", "0", "0", "1", "0", "0", "0", "0", "0", "0", "0", "0", "0", "0", "0", "0", "0", "0", "0" ], "duration": 69.0, "sum": 1 }, "geometry": { "type": "Point", "coordinates": [ -122.297348981676393, 47.66176710125044 ] } },
{ "type": "Feature", "properties": { "lat": 47.661820141450242, "lon": -122.29033895669468, "time_of_day": "Morning", "causation": [ "0", "0", "0", "0", "0", "0", "0", "0", "1", "0", "0", "0", "0", "0", "0", "0", "0", "0", "0", "0", "0", "0", "0", "0" ], "duration": 86.0, "sum": 1 }, "geometry": { "type": "Point", "coordinates": [ -122.290338956694683, 47.661820141450242 ] } },
{ "type": "Feature", "properties": { "lat": 47.661834943752673, "lon": -122.29265543536252, "time_of_day": "Morning", "causation": [ "0", "0", "0", "0", "0", "0", "0", "0", "1", "0", "0", "0", "0", "0", "0", "0", "0", "0", "0", "0", "0", "0", "0", "0" ], "duration": 86.0, "sum": 1 }, "geometry": { "type": "Point", "coordinates": [ -122.292655435362519, 47.661834943752673 ] } },
{ "type": "Feature", "properties": { "lat": 47.661853576272051, "lon": -122.29053619354821, "time_of_day": "Morning", "causation": [ "0", "0", "0", "0", "0", "0", "0", "0", "2", "0", "0", "0", "0", "0", "0", "0", "0", "0", "0", "0", "0", "0", "0", "0" ], "duration": 172.0, "sum": 2 }, "geometry": { "type": "Point", "coordinates": [ -122.290536193548206, 47.661853576272051 ] } },
{ "type": "Feature", "properties": { "lat": 47.661858743273662, "lon": -122.28990694861342, "time_of_day": "Morning", "causation": [ "0", "0", "0", "0", "0", "0", "0", "0", "1", "0", "0", "0", "0", "0", "0", "0", "0", "0", "0", "0", "0", "0", "0", "0" ], "duration": 86.0, "sum": 1 }, "geometry": { "type": "Point", "coordinates": [ -122.289906948613421, 47.661858743273662 ] } },
{ "type": "Feature", "properties": { "lat": 47.661890871848797, "lon": -122.29072637106192, "time_of_day": "Morning", "causation": [ "0", "0", "0", "0", "0", "0", "0", "0", "1", "0", "0", "0", "0", "0", "0", "0", "0", "0", "0", "0", "0", "0", "0", "0" ], "duration": 69.0, "sum": 1 }, "geometry": { "type": "Point", "coordinates": [ -122.290726371061922, 47.661890871848797 ] } },
{ "type": "Feature", "properties": { "lat": 47.661940558759497, "lon": -122.30016009802888, "time_of_day": "Morning", "causation": [ "0", "0", "0", "0", "0", "0", "0", "0", "3", "0", "0", "0", "0", "0", "0", "0", "0", "0", "0", "0", "0", "0", "0", "0" ], "duration": 258.0, "sum": 3 }, "geometry": { "type": "Point", "coordinates": [ -122.300160098028883, 47.661940558759497 ] } },
{ "type": "Feature", "properties": { "lat": 47.661956264108689, "lon": -122.28993482547421, "time_of_day": "Morning", "causation": [ "0", "0", "0", "0", "0", "0", "0", "0", "1", "0", "0", "0", "0", "0", "0", "0", "0", "0", "0", "0", "0", "0", "0", "0" ], "duration": 86.0, "sum": 1 }, "geometry": { "type": "Point", "coordinates": [ -122.289934825474205, 47.661956264108689 ] } },
{ "type": "Feature", "properties": { "lat": 47.661962324132013, "lon": -122.30368439973684, "time_of_day": "Morning", "causation": [ "0", "0", "0", "0", "0", "0", "0", "0", "10", "0", "0", "0", "0", "0", "0", "0", "0", "0", "0", "0", "0", "0", "0", "0" ], "duration": 610.0, "sum": 10 }, "geometry": { "type": "Point", "coordinates": [ -122.303684399736838, 47.661962324132013 ] } },
{ "type": "Feature", "properties": { "lat": 47.661965810812802, "lon": -122.30415402679375, "time_of_day": "Morning", "causation": [ "0", "0", "0", "0", "0", "0", "0", "0", "1", "0", "0", "0", "0", "0", "0", "0", "0", "0", "0", "0", "0", "0", "0", "0" ], "duration": 61.0, "sum": 1 }, "geometry": { "type": "Point", "coordinates": [ -122.304154026793753, 47.661965810812802 ] } },
{ "type": "Feature", "properties": { "lat": 47.661968313967073, "lon": -122.29953176461278, "time_of_day": "Morning", "causation": [ "0", "0", "0", "0", "0", "0", "0", "0", "11", "0", "0", "0", "0", "0", "0", "0", "0", "0", "0", "0", "0", "0", "0", "0" ], "duration": 946.0, "sum": 11 }, "geometry": { "type": "Point", "coordinates": [ -122.29953176461278, 47.661968313967073 ] } },
{ "type": "Feature", "properties": { "lat": 47.661970297842217, "lon": -122.29891488049084, "time_of_day": "Morning", "causation": [ "0", "0", "0", "0", "0", "0", "0", "0", "17", "0", "0", "0", "0", "0", "0", "0", "0", "0", "0", "0", "0", "0", "0", "0" ], "duration": 1462.0, "sum": 17 }, "geometry": { "type": "Point", "coordinates": [ -122.298914880490841, 47.661970297842217 ] } },
{ "type": "Feature", "properties": { "lat": 47.6619758682819, "lon": -122.29098452795051, "time_of_day": "Morning", "causation": [ "0", "0", "0", "0", "0", "0", "0", "0", "1", "0", "0", "0", "0", "0", "0", "0", "0", "0", "0", "0", "0", "0", "0", "0" ], "duration": 69.0, "sum": 1 }, "geometry": { "type": "Point", "coordinates": [ -122.290984527950513, 47.6619758682819 ] } },
{ "type": "Feature", "properties": { "lat": 47.662073986776193, "lon": -122.29816489206098, "time_of_day": "Morning", "causation": [ "0", "0", "0", "0", "0", "0", "0", "0", "4", "0", "0", "0", "0", "0", "0", "0", "0", "0", "0", "0", "0", "0", "0", "0" ], "duration": 344.0, "sum": 4 }, "geometry": { "type": "Point", "coordinates": [ -122.298164892060981, 47.662073986776193 ] } },
{ "type": "Feature", "properties": { "lat": 47.662076958931934, "lon": -122.2898871069614, "time_of_day": "Morning", "causation": [ "0", "0", "0", "0", "0", "0", "0", "0", "1", "0", "0", "0", "0", "0", "0", "0", "0", "0", "0", "0", "0", "0", "0", "0" ], "duration": 86.0, "sum": 1 }, "geometry": { "type": "Point", "coordinates": [ -122.289887106961402, 47.662076958931934 ] } },
{ "type": "Feature", "properties": { "lat": 47.662111761692216, "lon": -122.30300987637006, "time_of_day": "Morning", "causation": [ "0", "0", "0", "0", "0", "0", "0", "0", "1", "0", "0", "0", "0", "0", "0", "0", "0", "0", "0", "0", "0", "0", "0", "0" ], "duration": 61.0, "sum": 1 }, "geometry": { "type": "Point", "coordinates": [ -122.303009876370055, 47.662111761692216 ] } },
{ "type": "Feature", "properties": { "lat": 47.662139425814559, "lon": -122.29062292338504, "time_of_day": "Morning", "causation": [ "0", "0", "0", "0", "0", "0", "0", "0", "1", "0", "0", "0", "0", "0", "0", "0", "0", "0", "0", "0", "0", "0", "0", "0" ], "duration": 69.0, "sum": 1 }, "geometry": { "type": "Point", "coordinates": [ -122.290622923385044, 47.662139425814559 ] } },
{ "type": "Feature", "properties": { "lat": 47.662170854284263, "lon": -122.28994571313083, "time_of_day": "Morning", "causation": [ "0", "0", "0", "0", "0", "0", "0", "0", "1", "0", "0", "0", "0", "0", "0", "0", "0", "0", "0", "0", "0", "0", "0", "0" ], "duration": 86.0, "sum": 1 }, "geometry": { "type": "Point", "coordinates": [ -122.289945713130834, 47.662170854284263 ] } },
{ "type": "Feature", "properties": { "lat": 47.662223991829855, "lon": -122.29049427517388, "time_of_day": "Morning", "causation": [ "0", "0", "0", "0", "0", "0", "0", "0", "1", "0", "0", "0", "0", "0", "0", "0", "0", "0", "0", "0", "0", "0", "0", "0" ], "duration": 86.0, "sum": 1 }, "geometry": { "type": "Point", "coordinates": [ -122.290494275173884, 47.662223991829855 ] } },
{ "type": "Feature", "properties": { "lat": 47.662249332723299, "lon": -122.30482804017817, "time_of_day": "Morning", "causation": [ "0", "0", "0", "0", "0", "0", "0", "0", "6", "0", "0", "0", "0", "0", "0", "0", "0", "0", "0", "0", "0", "0", "0", "0" ], "duration": 366.0, "sum": 6 }, "geometry": { "type": "Point", "coordinates": [ -122.304828040178165, 47.662249332723299 ] } },
{ "type": "Feature", "properties": { "lat": 47.662274243887779, "lon": -122.29159811125945, "time_of_day": "Morning", "causation": [ "0", "0", "0", "0", "0", "0", "0", "0", "1", "0", "0", "0", "0", "0", "0", "0", "0", "0", "0", "0", "0", "0", "0", "0" ], "duration": 69.0, "sum": 1 }, "geometry": { "type": "Point", "coordinates": [ -122.291598111259447, 47.662274243887779 ] } },
{ "type": "Feature", "properties": { "lat": 47.662289308998652, "lon": -122.30039266793553, "time_of_day": "Morning", "causation": [ "0", "0", "0", "0", "0", "0", "0", "0", "3", "0", "0", "0", "0", "0", "0", "0", "0", "0", "0", "0", "0", "0", "0", "0" ], "duration": 258.0, "sum": 3 }, "geometry": { "type": "Point", "coordinates": [ -122.300392667935526, 47.662289308998652 ] } },
{ "type": "Feature", "properties": { "lat": 47.662317005644219, "lon": -122.30378273233516, "time_of_day": "Morning", "causation": [ "0", "0", "0", "0", "0", "0", "0", "0", "12", "0", "0", "0", "0", "0", "0", "0", "0", "0", "0", "0", "0", "0", "0", "0" ], "duration": 732.0, "sum": 12 }, "geometry": { "type": "Point", "coordinates": [ -122.303782732335165, 47.662317005644219 ] } },
{ "type": "Feature", "properties": { "lat": 47.662318572317815, "lon": -122.29038544647656, "time_of_day": "Morning", "causation": [ "0", "0", "0", "0", "0", "0", "0", "0", "1", "0", "0", "0", "0", "0", "0", "0", "0", "0", "0", "0", "0", "0", "0", "0" ], "duration": 86.0, "sum": 1 }, "geometry": { "type": "Point", "coordinates": [ -122.290385446476563, 47.662318572317815 ] } },
{ "type": "Feature", "properties": { "lat": 47.66232690288367, "lon": -122.30395673509108, "time_of_day": "Morning", "causation": [ "0", "0", "0", "0", "0", "0", "0", "0", "10", "0", "0", "0", "0", "0", "0", "0", "0", "0", "0", "0", "0", "0", "0", "0" ], "duration": 610.0, "sum": 10 }, "geometry": { "type": "Point", "coordinates": [ -122.303956735091077, 47.66232690288367 ] } },
{ "type": "Feature", "properties": { "lat": 47.662337716675786, "lon": -122.28998995028761, "time_of_day": "Morning", "causation": [ "0", "0", "0", "0", "0", "0", "0", "0", "1", "0", "0", "0", "0", "0", "0", "0", "0", "0", "0", "0", "0", "0", "0", "0" ], "duration": 86.0, "sum": 1 }, "geometry": { "type": "Point", "coordinates": [ -122.289989950287605, 47.662337716675786 ] } },
{ "type": "Feature", "properties": { "lat": 47.662354187118972, "lon": -122.29184772389441, "time_of_day": "Morning", "causation": [ "0", "0", "0", "0", "0", "0", "0", "0", "1", "0", "0", "0", "0", "0", "0", "0", "0", "0", "0", "0", "0", "0", "0", "0" ], "duration": 255.0, "sum": 1 }, "geometry": { "type": "Point", "coordinates": [ -122.291847723894406, 47.662354187118972 ] } },
{ "type": "Feature", "properties": { "lat": 47.662385386185015, "lon": -122.29203587015633, "time_of_day": "Morning", "causation": [ "0", "0", "0", "0", "0", "0", "0", "0", "2", "0", "0", "0", "0", "0", "0", "0", "0", "0", "0", "0", "0", "0", "0", "0" ], "duration": 510.0, "sum": 2 }, "geometry": { "type": "Point", "coordinates": [ -122.292035870156326, 47.662385386185015 ] } },
{ "type": "Feature", "properties": { "lat": 47.662392059532607, "lon": -122.30482665374228, "time_of_day": "Morning", "causation": [ "0", "0", "0", "0", "0", "0", "0", "0", "1", "0", "0", "0", "0", "0", "0", "0", "0", "0", "0", "0", "0", "0", "0", "0" ], "duration": 61.0, "sum": 1 }, "geometry": { "type": "Point", "coordinates": [ -122.304826653742282, 47.662392059532607 ] } },
{ "type": "Feature", "properties": { "lat": 47.662395826529071, "lon": -122.2912298579452, "time_of_day": "Morning", "causation": [ "0", "0", "0", "0", "0", "0", "0", "0", "1", "0", "0", "0", "0", "0", "0", "0", "0", "0", "0", "0", "0", "0", "0", "0" ], "duration": 69.0, "sum": 1 }, "geometry": { "type": "Point", "coordinates": [ -122.291229857945197, 47.662395826529071 ] } },
{ "type": "Feature", "properties": { "lat": 47.662455563200638, "lon": -122.2894995874928, "time_of_day": "Morning", "causation": [ "0", "0", "0", "0", "0", "0", "0", "0", "1", "0", "0", "0", "0", "0", "0", "0", "0", "0", "0", "0", "0", "0", "0", "0" ], "duration": 69.0, "sum": 1 }, "geometry": { "type": "Point", "coordinates": [ -122.289499587492799, 47.662455563200638 ] } },
{ "type": "Feature", "properties": { "lat": 47.662456247639341, "lon": -122.28998021853076, "time_of_day": "Morning", "causation": [ "0", "0", "0", "0", "0", "0", "0", "0", "1", "0", "0", "0", "0", "0", "0", "0", "0", "0", "0", "0", "0", "0", "0", "0" ], "duration": 86.0, "sum": 1 }, "geometry": { "type": "Point", "coordinates": [ -122.289980218530758, 47.662456247639341 ] } },
{ "type": "Feature", "properties": { "lat": 47.662487034894056, "lon": -122.30361288518942, "time_of_day": "Morning", "causation": [ "0", "0", "0", "0", "0", "0", "0", "0", "8", "0", "0", "0", "0", "0", "0", "0", "0", "0", "0", "0", "0", "0", "0", "0" ], "duration": 488.0, "sum": 8 }, "geometry": { "type": "Point", "coordinates": [ -122.303612885189423, 47.662487034894056 ] } },
{ "type": "Feature", "properties": { "lat": 47.66249004572024, "lon": -122.29225757094621, "time_of_day": "Morning", "causation": [ "0", "0", "0", "0", "0", "0", "0", "0", "1", "0", "0", "0", "0", "0", "0", "0", "0", "0", "0", "0", "0", "0", "0", "0" ], "duration": 255.0, "sum": 1 }, "geometry": { "type": "Point", "coordinates": [ -122.292257570946205, 47.66249004572024 ] } },
{ "type": "Feature", "properties": { "lat": 47.662492535474527, "lon": -122.29136785980327, "time_of_day": "Morning", "causation": [ "0", "0", "0", "0", "0", "0", "0", "0", "1", "0", "0", "0", "0", "0", "0", "0", "0", "0", "0", "0", "0", "0", "0", "0" ], "duration": 255.0, "sum": 1 }, "geometry": { "type": "Point", "coordinates": [ -122.291367859803273, 47.662492535474527 ] } },
{ "type": "Feature", "properties": { "lat": 47.66249745819318, "lon": -122.30387153468928, "time_of_day": "Morning", "causation": [ "0", "0", "0", "0", "0", "0", "0", "0", "8", "0", "0", "0", "0", "0", "0", "0", "0", "0", "0", "0", "0", "0", "0", "0" ], "duration": 488.0, "sum": 8 }, "geometry": { "type": "Point", "coordinates": [ -122.303871534689279, 47.66249745819318 ] } },
{ "type": "Feature", "properties": { "lat": 47.662613605215689, "lon": -122.29237786084404, "time_of_day": "Morning", "causation": [ "0", "0", "0", "0", "0", "0", "0", "0", "1", "0", "0", "0", "0", "0", "0", "0", "0", "0", "0", "0", "0", "0", "0", "0" ], "duration": 255.0, "sum": 1 }, "geometry": { "type": "Point", "coordinates": [ -122.292377860844041, 47.662613605215689 ] } },
{ "type": "Feature", "properties": { "lat": 47.662626524908873, "lon": -122.2916156569808, "time_of_day": "Morning", "causation": [ "0", "0", "0", "0", "0", "0", "0", "0", "1", "0", "0", "0", "0", "0", "0", "0", "0", "0", "0", "0", "0", "0", "0", "0" ], "duration": 255.0, "sum": 1 }, "geometry": { "type": "Point", "coordinates": [ -122.291615656980795, 47.662626524908873 ] } },
{ "type": "Feature", "properties": { "lat": 47.662644466580737, "lon": -122.30365513427176, "time_of_day": "Morning", "causation": [ "0", "0", "0", "0", "0", "0", "0", "0", "7", "0", "0", "0", "0", "0", "0", "0", "0", "0", "0", "0", "0", "0", "0", "0" ], "duration": 427.0, "sum": 7 }, "geometry": { "type": "Point", "coordinates": [ -122.303655134271764, 47.662644466580737 ] } },
{ "type": "Feature", "properties": { "lat": 47.662656115476096, "lon": -122.29833544389548, "time_of_day": "Morning", "causation": [ "0", "0", "0", "0", "0", "0", "0", "0", "1", "0", "0", "0", "0", "0", "0", "0", "0", "0", "0", "0", "0", "0", "0", "0" ], "duration": 86.0, "sum": 1 }, "geometry": { "type": "Point", "coordinates": [ -122.298335443895482, 47.662656115476096 ] } },
{ "type": "Feature", "properties": { "lat": 47.662662326238426, "lon": -122.30383026035032, "time_of_day": "Morning", "causation": [ "0", "0", "0", "0", "0", "0", "0", "0", "8", "0", "0", "0", "0", "0", "0", "0", "0", "0", "0", "0", "0", "0", "0", "0" ], "duration": 488.0, "sum": 8 }, "geometry": { "type": "Point", "coordinates": [ -122.303830260350324, 47.662662326238426 ] } },
{ "type": "Feature", "properties": { "lat": 47.662669134353877, "lon": -122.30018860013428, "time_of_day": "Morning", "causation": [ "0", "0", "0", "0", "0", "0", "0", "0", "1", "0", "0", "0", "0", "0", "0", "0", "0", "0", "0", "0", "0", "0", "0", "0" ], "duration": 86.0, "sum": 1 }, "geometry": { "type": "Point", "coordinates": [ -122.300188600134277, 47.662669134353877 ] } },
{ "type": "Feature", "properties": { "lat": 47.662705653140122, "lon": -122.29174028003398, "time_of_day": "Morning", "causation": [ "0", "0", "0", "0", "0", "0", "0", "0", "1", "0", "0", "0", "0", "0", "0", "0", "0", "0", "0", "0", "0", "0", "0", "0" ], "duration": 255.0, "sum": 1 }, "geometry": { "type": "Point", "coordinates": [ -122.291740280033977, 47.662705653140122 ] } },
{ "type": "Feature", "properties": { "lat": 47.662720570058838, "lon": -122.29260084974936, "time_of_day": "Morning", "causation": [ "0", "0", "0", "0", "0", "0", "0", "0", "1", "0", "0", "0", "0", "0", "0", "0", "0", "0", "0", "0", "0", "0", "0", "0" ], "duration": 255.0, "sum": 1 }, "geometry": { "type": "Point", "coordinates": [ -122.292600849749363, 47.662720570058838 ] } },
{ "type": "Feature", "properties": { "lat": 47.662723706030931, "lon": -122.29069594077896, "time_of_day": "Morning", "causation": [ "0", "0", "0", "0", "0", "0", "0", "0", "1", "0", "0", "0", "0", "0", "0", "0", "0", "0", "0", "0", "0", "0", "0", "0" ], "duration": 86.0, "sum": 1 }, "geometry": { "type": "Point", "coordinates": [ -122.29069594077896, 47.662723706030931 ] } },
{ "type": "Feature", "properties": { "lat": 47.662747875199237, "lon": -122.28988015271898, "time_of_day": "Morning", "causation": [ "0", "0", "0", "0", "0", "0", "0", "0", "1", "0", "0", "0", "0", "0", "0", "0", "0", "0", "0", "0", "0", "0", "0", "0" ], "duration": 69.0, "sum": 1 }, "geometry": { "type": "Point", "coordinates": [ -122.289880152718979, 47.662747875199237 ] } },
{ "type": "Feature", "properties": { "lat": 47.662754137373533, "lon": -122.29085635620748, "time_of_day": "Morning", "causation": [ "0", "0", "0", "0", "0", "0", "0", "0", "1", "0", "0", "0", "0", "0", "0", "0", "0", "0", "0", "0", "0", "0", "0", "0" ], "duration": 86.0, "sum": 1 }, "geometry": { "type": "Point", "coordinates": [ -122.290856356207485, 47.662754137373533 ] } },
{ "type": "Feature", "properties": { "lat": 47.662754781746301, "lon": -122.2905285110136, "time_of_day": "Morning", "causation": [ "0", "0", "0", "0", "0", "0", "0", "0", "1", "0", "0", "0", "0", "0", "0", "0", "0", "0", "0", "0", "0", "0", "0", "0" ], "duration": 86.0, "sum": 1 }, "geometry": { "type": "Point", "coordinates": [ -122.290528511013605, 47.662754781746301 ] } },
{ "type": "Feature", "properties": { "lat": 47.662766176919867, "lon": -122.28949466304616, "time_of_day": "Morning", "causation": [ "0", "0", "0", "0", "0", "0", "0", "0", "1", "0", "0", "0", "0", "0", "0", "0", "0", "0", "0", "0", "0", "0", "0", "0" ], "duration": 69.0, "sum": 1 }, "geometry": { "type": "Point", "coordinates": [ -122.289494663046156, 47.662766176919867 ] } },
{ "type": "Feature", "properties": { "lat": 47.662775650313407, "lon": -122.29182960296876, "time_of_day": "Morning", "causation": [ "0", "0", "0", "0", "0", "0", "0", "0", "1", "0", "0", "0", "0", "0", "0", "0", "0", "0", "0", "0", "0", "0", "0", "0" ], "duration": 255.0, "sum": 1 }, "geometry": { "type": "Point", "coordinates": [ -122.291829602968761, 47.662775650313407 ] } },
{ "type": "Feature", "properties": { "lat": 47.662811115109257, "lon": -122.29277467206258, "time_of_day": "Morning", "causation": [ "0", "0", "0", "0", "0", "0", "0", "0", "1", "0", "0", "0", "0", "0", "0", "0", "0", "0", "0", "0", "0", "0", "0", "0" ], "duration": 255.0, "sum": 1 }, "geometry": { "type": "Point", "coordinates": [ -122.292774672062578, 47.662811115109257 ] } },
{ "type": "Feature", "properties": { "lat": 47.662837781072248, "lon": -122.29101453390854, "time_of_day": "Morning", "causation": [ "0", "0", "0", "0", "0", "0", "0", "0", "1", "0", "0", "0", "0", "0", "0", "0", "0", "0", "0", "0", "0", "0", "0", "0" ], "duration": 86.0, "sum": 1 }, "geometry": { "type": "Point", "coordinates": [ -122.291014533908537, 47.662837781072248 ] } },
{ "type": "Feature", "properties": { "lat": 47.662843266597442, "lon": -122.29043794175654, "time_of_day": "Morning", "causation": [ "0", "0", "0", "0", "0", "0", "0", "0", "1", "0", "0", "0", "0", "0", "0", "0", "0", "0", "0", "0", "0", "0", "0", "0" ], "duration": 86.0, "sum": 1 }, "geometry": { "type": "Point", "coordinates": [ -122.290437941756537, 47.662843266597442 ] } },
{ "type": "Feature", "properties": { "lat": 47.662868156211786, "lon": -122.28987128956496, "time_of_day": "Morning", "causation": [ "0", "0", "0", "0", "0", "0", "0", "0", "1", "0", "0", "0", "0", "0", "0", "0", "0", "0", "0", "0", "0", "0", "0", "0" ], "duration": 86.0, "sum": 1 }, "geometry": { "type": "Point", "coordinates": [ -122.289871289564957, 47.662868156211786 ] } },
{ "type": "Feature", "properties": { "lat": 47.662869028122842, "lon": -122.28899915069562, "time_of_day": "Morning", "causation": [ "0", "0", "0", "0", "0", "0", "0", "0", "1", "0", "0", "0", "0", "0", "0", "0", "0", "0", "0", "0", "0", "0", "0", "0" ], "duration": 69.0, "sum": 1 }, "geometry": { "type": "Point", "coordinates": [ -122.288999150695616, 47.662869028122842 ] } },
{ "type": "Feature", "properties": { "lat": 47.662869044179295, "lon": -122.29195491924661, "time_of_day": "Morning", "causation": [ "0", "0", "0", "0", "0", "0", "0", "0", "1", "0", "0", "0", "0", "0", "0", "0", "0", "0", "0", "0", "0", "0", "0", "0" ], "duration": 255.0, "sum": 1 }, "geometry": { "type": "Point", "coordinates": [ -122.291954919246606, 47.662869044179295 ] } },
{ "type": "Feature", "properties": { "lat": 47.662871629378003, "lon": -122.28950505292865, "time_of_day": "Morning", "causation": [ "0", "0", "0", "0", "0", "0", "0", "0", "1", "0", "0", "0", "0", "0", "0", "0", "0", "0", "0", "0", "0", "0", "0", "0" ], "duration": 69.0, "sum": 1 }, "geometry": { "type": "Point", "coordinates": [ -122.289505052928646, 47.662871629378003 ] } },
{ "type": "Feature", "properties": { "lat": 47.662880833691972, "lon": -122.29216120170284, "time_of_day": "Morning", "causation": [ "0", "0", "0", "0", "0", "0", "0", "0", "1", "0", "0", "0", "0", "0", "0", "0", "0", "0", "0", "0", "0", "0", "0", "0" ], "duration": 255.0, "sum": 1 }, "geometry": { "type": "Point", "coordinates": [ -122.292161201702839, 47.662880833691972 ] } },
{ "type": "Feature", "properties": { "lat": 47.662895977434047, "lon": -122.29286964181296, "time_of_day": "Morning", "causation": [ "0", "0", "0", "0", "0", "0", "0", "0", "1", "0", "0", "0", "0", "0", "0", "0", "0", "0", "0", "0", "0", "0", "0", "0" ], "duration": 255.0, "sum": 1 }, "geometry": { "type": "Point", "coordinates": [ -122.292869641812956, 47.662895977434047 ] } },
{ "type": "Feature", "properties": { "lat": 47.662924284876802, "lon": -122.30379243442736, "time_of_day": "Morning", "causation": [ "0", "0", "0", "0", "0", "0", "0", "0", "15", "0", "0", "0", "0", "0", "0", "0", "0", "0", "0", "0", "0", "0", "0", "0" ], "duration": 915.0, "sum": 15 }, "geometry": { "type": "Point", "coordinates": [ -122.303792434427365, 47.662924284876802 ] } },
{ "type": "Feature", "properties": { "lat": 47.6629541130281, "lon": -122.29298945673948, "time_of_day": "Morning", "causation": [ "0", "0", "0", "0", "0", "0", "0", "0", "1", "0", "0", "0", "0", "0", "0", "0", "0", "0", "0", "0", "0", "0", "0", "0" ], "duration": 255.0, "sum": 1 }, "geometry": { "type": "Point", "coordinates": [ -122.292989456739477, 47.6629541130281 ] } },
{ "type": "Feature", "properties": { "lat": 47.662981363557705, "lon": -122.28987582137501, "time_of_day": "Morning", "causation": [ "0", "0", "0", "0", "0", "0", "0", "0", "1", "0", "0", "0", "0", "0", "0", "0", "0", "0", "0", "0", "0", "0", "0", "0" ], "duration": 86.0, "sum": 1 }, "geometry": { "type": "Point", "coordinates": [ -122.289875821375006, 47.662981363557705 ] } },
{ "type": "Feature", "properties": { "lat": 47.662981576881272, "lon": -122.28950316482003, "time_of_day": "Morning", "causation": [ "0", "0", "0", "0", "0", "0", "0", "0", "1", "0", "0", "0", "0", "0", "0", "0", "0", "0", "0", "0", "0", "0", "0", "0" ], "duration": 69.0, "sum": 1 }, "geometry": { "type": "Point", "coordinates": [ -122.289503164820033, 47.662981576881272 ] } },
{ "type": "Feature", "properties": { "lat": 47.662981968814243, "lon": -122.2889820879877, "time_of_day": "Morning", "causation": [ "0", "0", "0", "0", "0", "0", "0", "0", "1", "0", "0", "0", "0", "0", "0", "0", "0", "0", "0", "0", "0", "0", "0", "0" ], "duration": 69.0, "sum": 1 }, "geometry": { "type": "Point", "coordinates": [ -122.288982087987705, 47.662981968814243 ] } },
{ "type": "Feature", "properties": { "lat": 47.662990971042689, "lon": -122.29221908761872, "time_of_day": "Morning", "causation": [ "0", "0", "0", "0", "0", "0", "0", "0", "1", "0", "0", "0", "0", "0", "0", "0", "0", "0", "0", "0", "0", "0", "0", "0" ], "duration": 255.0, "sum": 1 }, "geometry": { "type": "Point", "coordinates": [ -122.292219087618719, 47.662990971042689 ] } },
{ "type": "Feature", "properties": { "lat": 47.663002964761361, "lon": -122.29099941951732, "time_of_day": "Morning", "causation": [ "0", "0", "0", "0", "0", "0", "0", "0", "1", "0", "0", "0", "0", "0", "0", "0", "0", "0", "0", "0", "0", "0", "0", "0" ], "duration": 86.0, "sum": 1 }, "geometry": { "type": "Point", "coordinates": [ -122.29099941951732, 47.663002964761361 ] } },
{ "type": "Feature", "properties": { "lat": 47.663011602458091, "lon": -122.29044305409778, "time_of_day": "Morning", "causation": [ "0", "0", "0", "0", "0", "0", "0", "0", "1", "0", "0", "0", "0", "0", "0", "0", "0", "0", "0", "0", "0", "0", "0", "0" ], "duration": 86.0, "sum": 1 }, "geometry": { "type": "Point", "coordinates": [ -122.290443054097778, 47.663011602458091 ] } },
{ "type": "Feature", "properties": { "lat": 47.663063112347601, "lon": -122.29236012943144, "time_of_day": "Morning", "causation": [ "0", "0", "0", "0", "0", "0", "0", "0", "1", "0", "0", "0", "0", "0", "0", "0", "0", "0", "0", "0", "0", "0", "0", "0" ], "duration": 255.0, "sum": 1 }, "geometry": { "type": "Point", "coordinates": [ -122.292360129431444, 47.663063112347601 ] } },
{ "type": "Feature", "properties": { "lat": 47.663063403794645, "lon": -122.29323916848722, "time_of_day": "Morning", "causation": [ "0", "0", "0", "0", "0", "0", "0", "0", "1", "0", "0", "0", "0", "0", "0", "0", "0", "0", "0", "0", "0", "0", "0", "0" ], "duration": 255.0, "sum": 1 }, "geometry": { "type": "Point", "coordinates": [ -122.293239168487219, 47.663063403794645 ] } },
{ "type": "Feature", "properties": { "lat": 47.663087120796895, "lon": -122.28950981096592, "time_of_day": "Morning", "causation": [ "0", "0", "0", "0", "0", "0", "0", "0", "1", "0", "0", "0", "0", "0", "0", "0", "0", "0", "0", "0", "0", "0", "0", "0" ], "duration": 69.0, "sum": 1 }, "geometry": { "type": "Point", "coordinates": [ -122.289509810965924, 47.663087120796895 ] } },
{ "type": "Feature", "properties": { "lat": 47.663087954334202, "lon": -122.28987376287118, "time_of_day": "Morning", "causation": [ "0", "0", "0", "0", "0", "0", "0", "0", "1", "0", "0", "0", "0", "0", "0", "0", "0", "0", "0", "0", "0", "0", "0", "0" ], "duration": 86.0, "sum": 1 }, "geometry": { "type": "Point", "coordinates": [ -122.289873762871181, 47.663087954334202 ] } },
{ "type": "Feature", "properties": { "lat": 47.663097543980442, "lon": -122.2890062642818, "time_of_day": "Morning", "causation": [ "0", "0", "0", "0", "0", "0", "0", "0", "1", "0", "0", "0", "0", "0", "0", "0", "0", "0", "0", "0", "0", "0", "0", "0" ], "duration": 69.0, "sum": 1 }, "geometry": { "type": "Point", "coordinates": [ -122.289006264281795, 47.663097543980442 ] } },
{ "type": "Feature", "properties": { "lat": 47.663115158133913, "lon": -122.29100287816765, "time_of_day": "Morning", "causation": [ "0", "0", "0", "0", "0", "0", "0", "0", "1", "0", "0", "0", "0", "0", "0", "0", "0", "0", "0", "0", "0", "0", "0", "0" ], "duration": 86.0, "sum": 1 }, "geometry": { "type": "Point", "coordinates": [ -122.291002878167646, 47.663115158133913 ] } },
{ "type": "Feature", "properties": { "lat": 47.66312046610345, "lon": -122.29247736104639, "time_of_day": "Morning", "causation": [ "0", "0", "0", "0", "0", "0", "0", "0", "1", "0", "0", "0", "0", "0", "0", "0", "0", "0", "0", "0", "0", "0", "0", "0" ], "duration": 255.0, "sum": 1 }, "geometry": { "type": "Point", "coordinates": [ -122.292477361046394, 47.66312046610345 ] } },
{ "type": "Feature", "properties": { "lat": 47.663132014741024, "lon": -122.29044982669662, "time_of_day": "Morning", "causation": [ "0", "0", "0", "0", "0", "0", "0", "0", "1", "0", "0", "0", "0", "0", "0", "0", "0", "0", "0", "0", "0", "0", "0", "0" ], "duration": 86.0, "sum": 1 }, "geometry": { "type": "Point", "coordinates": [ -122.290449826696616, 47.663132014741024 ] } },
{ "type": "Feature", "properties": { "lat": 47.663147113262703, "lon": -122.29312638871004, "time_of_day": "Morning", "causation": [ "0", "0", "0", "0", "0", "0", "0", "0", "1", "0", "0", "0", "0", "0", "0", "0", "0", "0", "0", "0", "0", "0", "0", "0" ], "duration": 255.0, "sum": 1 }, "geometry": { "type": "Point", "coordinates": [ -122.293126388710036, 47.663147113262703 ] } },
{ "type": "Feature", "properties": { "lat": 47.663186668517412, "lon": -122.29260680292042, "time_of_day": "Morning", "causation": [ "0", "0", "0", "0", "0", "0", "0", "0", "1", "0", "0", "0", "0", "0", "0", "0", "0", "0", "0", "0", "0", "0", "0", "0" ], "duration": 255.0, "sum": 1 }, "geometry": { "type": "Point", "coordinates": [ -122.292606802920417, 47.663186668517412 ] } },
{ "type": "Feature", "properties": { "lat": 47.663186767955189, "lon": -122.28987880870019, "time_of_day": "Morning", "causation": [ "0", "0", "0", "0", "0", "0", "0", "0", "1", "0", "0", "0", "0", "0", "0", "0", "0", "0", "0", "0", "0", "0", "0", "0" ], "duration": 86.0, "sum": 1 }, "geometry": { "type": "Point", "coordinates": [ -122.289878808700195, 47.663186767955189 ] } },
{ "type": "Feature", "properties": { "lat": 47.663191346463002, "lon": -122.2895001277779, "time_of_day": "Morning", "causation": [ "0", "0", "0", "0", "0", "0", "0", "0", "1", "0", "0", "0", "0", "0", "0", "0", "0", "0", "0", "0", "0", "0", "0", "0" ], "duration": 69.0, "sum": 1 }, "geometry": { "type": "Point", "coordinates": [ -122.289500127777899, 47.663191346463002 ] } },
{ "type": "Feature", "properties": { "lat": 47.663207134730797, "lon": -122.29163567137108, "time_of_day": "Morning", "causation": [ "0", "0", "0", "0", "0", "0", "0", "0", "2", "0", "0", "0", "0", "0", "0", "0", "0", "0", "0", "0", "0", "0", "0", "0" ], "duration": 172.0, "sum": 2 }, "geometry": { "type": "Point", "coordinates": [ -122.291635671371083, 47.663207134730797 ] } },
{ "type": "Feature", "properties": { "lat": 47.663211285645822, "lon": -122.29098941527634, "time_of_day": "Morning", "causation": [ "0", "0", "0", "0", "0", "0", "0", "0", "1", "0", "0", "0", "0", "0", "0", "0", "0", "0", "0", "0", "0", "0", "0", "0" ], "duration": 86.0, "sum": 1 }, "geometry": { "type": "Point", "coordinates": [ -122.290989415276343, 47.663211285645822 ] } },
{ "type": "Feature", "properties": { "lat": 47.663217249608685, "lon": -122.2889872113236, "time_of_day": "Morning", "causation": [ "0", "0", "0", "0", "0", "0", "0", "0", "1", "0", "0", "0", "0", "0", "0", "0", "0", "0", "0", "0", "0", "0", "0", "0" ], "duration": 69.0, "sum": 1 }, "geometry": { "type": "Point", "coordinates": [ -122.288987211323601, 47.663217249608685 ] } },
{ "type": "Feature", "properties": { "lat": 47.663242257515712, "lon": -122.29293591337336, "time_of_day": "Morning", "causation": [ "0", "0", "0", "0", "0", "0", "0", "0", "1", "0", "0", "0", "0", "0", "0", "0", "0", "0", "0", "0", "0", "0", "0", "0" ], "duration": 255.0, "sum": 1 }, "geometry": { "type": "Point", "coordinates": [ -122.292935913373356, 47.663242257515712 ] } },
{ "type": "Feature", "properties": { "lat": 47.663244647306968, "lon": -122.29043545758392, "time_of_day": "Morning", "causation": [ "0", "0", "0", "0", "0", "0", "0", "0", "1", "0", "0", "0", "0", "0", "0", "0", "0", "0", "0", "0", "0", "0", "0", "0" ], "duration": 86.0, "sum": 1 }, "geometry": { "type": "Point", "coordinates": [ -122.290435457583925, 47.663244647306968 ] } },
{ "type": "Feature", "properties": { "lat": 47.663247714483013, "lon": -122.30372072589104, "time_of_day": "Morning", "causation": [ "0", "0", "0", "0", "0", "0", "0", "0", "18", "0", "0", "0", "0", "0", "0", "0", "0", "0", "0", "0", "0", "0", "0", "0" ], "duration": 1098.0, "sum": 18 }, "geometry": { "type": "Point", "coordinates": [ -122.30372072589104, 47.663247714483013 ] } },
{ "type": "Feature", "properties": { "lat": 47.663253639301217, "lon": -122.29179133632852, "time_of_day": "Morning", "causation": [ "0", "0", "0", "0", "0", "0", "0", "0", "1", "0", "0", "0", "0", "0", "0", "0", "0", "0", "0", "0", "0", "0", "0", "0" ], "duration": 86.0, "sum": 1 }, "geometry": { "type": "Point", "coordinates": [ -122.291791336328515, 47.663253639301217 ] } },
{ "type": "Feature", "properties": { "lat": 47.663290054598669, "lon": -122.30426069702888, "time_of_day": "Morning", "causation": [ "0", "0", "0", "0", "0", "0", "0", "0", "4", "0", "0", "0", "0", "0", "0", "0", "0", "0", "0", "0", "0", "0", "0", "0" ], "duration": 244.0, "sum": 4 }, "geometry": { "type": "Point", "coordinates": [ -122.30426069702888, 47.663290054598669 ] } },
{ "type": "Feature", "properties": { "lat": 47.663300075076343, "lon": -122.28987834683102, "time_of_day": "Morning", "causation": [ "0", "0", "0", "0", "0", "0", "0", "0", "1", "0", "0", "0", "0", "0", "0", "0", "0", "0", "0", "0", "0", "0", "0", "0" ], "duration": 86.0, "sum": 1 }, "geometry": { "type": "Point", "coordinates": [ -122.289878346831017, 47.663300075076343 ] } },
{ "type": "Feature", "properties": { "lat": 47.663301380062585, "lon": -122.29193303706757, "time_of_day": "Morning", "causation": [ "0", "0", "0", "0", "0", "0", "0", "0", "1", "0", "0", "0", "0", "0", "0", "0", "0", "0", "0", "0", "0", "0", "0", "0" ], "duration": 86.0, "sum": 1 }, "geometry": { "type": "Point", "coordinates": [ -122.291933037067565, 47.663301380062585 ] } },
{ "type": "Feature", "properties": { "lat": 47.663302213414283, "lon": -122.28949578946848, "time_of_day": "Morning", "causation": [ "0", "0", "0", "0", "0", "0", "0", "0", "1", "0", "0", "0", "0", "0", "0", "0", "0", "0", "0", "0", "0", "0", "0", "0" ], "duration": 69.0, "sum": 1 }, "geometry": { "type": "Point", "coordinates": [ -122.289495789468475, 47.663302213414283 ] } },
{ "type": "Feature", "properties": { "lat": 47.663327518424957, "lon": -122.29282319252393, "time_of_day": "Morning", "causation": [ "0", "0", "0", "0", "0", "0", "0", "0", "2", "0", "0", "0", "0", "0", "0", "0", "0", "0", "0", "0", "0", "0", "0", "0" ], "duration": 510.0, "sum": 2 }, "geometry": { "type": "Point", "coordinates": [ -122.292823192523926, 47.663327518424957 ] } },
{ "type": "Feature", "properties": { "lat": 47.663328900674088, "lon": -122.29354028354857, "time_of_day": "Morning", "causation": [ "0", "0", "0", "0", "0", "0", "0", "0", "1", "0", "0", "0", "0", "0", "0", "0", "0", "0", "0", "0", "0", "0", "0", "0" ], "duration": 255.0, "sum": 1 }, "geometry": { "type": "Point", "coordinates": [ -122.293540283548566, 47.663328900674088 ] } },
{ "type": "Feature", "properties": { "lat": 47.663335387712671, "lon": -122.2904439758648, "time_of_day": "Morning", "causation": [ "0", "0", "0", "0", "0", "0", "0", "0", "1", "0", "0", "0", "0", "0", "0", "0", "0", "0", "0", "0", "0", "0", "0", "0" ], "duration": 86.0, "sum": 1 }, "geometry": { "type": "Point", "coordinates": [ -122.290443975864804, 47.663335387712671 ] } },
{ "type": "Feature", "properties": { "lat": 47.663335938862403, "lon": -122.28902286425379, "time_of_day": "Morning", "causation": [ "0", "0", "0", "0", "0", "0", "0", "0", "1", "0", "0", "0", "0", "0", "0", "0", "0", "0", "0", "0", "0", "0", "0", "0" ], "duration": 69.0, "sum": 1 }, "geometry": { "type": "Point", "coordinates": [ -122.289022864253795, 47.663335938862403 ] } },
{ "type": "Feature", "properties": { "lat": 47.663343295265101, "lon": -122.29101535180536, "time_of_day": "Morning", "causation": [ "0", "0", "0", "0", "0", "0", "0", "0", "1", "0", "0", "0", "0", "0", "0", "0", "0", "0", "0", "0", "0", "0", "0", "0" ], "duration": 86.0, "sum": 1 }, "geometry": { "type": "Point", "coordinates": [ -122.291015351805356, 47.663343295265101 ] } },
{ "type": "Feature", "properties": { "lat": 47.663403541672039, "lon": -122.29366893749048, "time_of_day": "Morning", "causation": [ "0", "0", "0", "0", "0", "0", "0", "0", "1", "0", "0", "0", "0", "0", "0", "0", "0", "0", "0", "0", "0", "0", "0", "0" ], "duration": 255.0, "sum": 1 }, "geometry": { "type": "Point", "coordinates": [ -122.29366893749048, 47.663403541672039 ] } },
{ "type": "Feature", "properties": { "lat": 47.663405338301445, "lon": -122.29203784929284, "time_of_day": "Morning", "causation": [ "0", "0", "0", "0", "0", "0", "0", "0", "1", "0", "0", "0", "0", "0", "0", "0", "0", "0", "0", "0", "0", "0", "0", "0" ], "duration": 86.0, "sum": 1 }, "geometry": { "type": "Point", "coordinates": [ -122.292037849292839, 47.663405338301445 ] } },
{ "type": "Feature", "properties": { "lat": 47.66340573556959, "lon": -122.28987999239941, "time_of_day": "Morning", "causation": [ "0", "0", "0", "0", "0", "0", "0", "0", "1", "0", "0", "0", "0", "0", "0", "0", "0", "0", "0", "0", "0", "0", "0", "0" ], "duration": 86.0, "sum": 1 }, "geometry": { "type": "Point", "coordinates": [ -122.289879992399406, 47.66340573556959 ] } },
{ "type": "Feature", "properties": { "lat": 47.663406242496642, "lon": -122.28949485579304, "time_of_day": "Morning", "causation": [ "0", "0", "0", "0", "0", "0", "0", "0", "1", "0", "0", "0", "0", "0", "0", "0", "0", "0", "0", "0", "0", "0", "0", "0" ], "duration": 69.0, "sum": 1 }, "geometry": { "type": "Point", "coordinates": [ -122.289494855793038, 47.663406242496642 ] } },
{ "type": "Feature", "properties": { "lat": 47.663417754218791, "lon": -122.30378311987432, "time_of_day": "Morning", "causation": [ "0", "0", "0", "0", "0", "0", "0", "0", "5", "0", "0", "0", "0", "0", "0", "0", "0", "0", "0", "0", "0", "0", "0", "0" ], "duration": 305.0, "sum": 5 }, "geometry": { "type": "Point", "coordinates": [ -122.303783119874325, 47.663417754218791 ] } },
{ "type": "Feature", "properties": { "lat": 47.663440495094157, "lon": -122.28899479833112, "time_of_day": "Morning", "causation": [ "0", "0", "0", "0", "0", "0", "0", "0", "1", "0", "0", "0", "0", "0", "0", "0", "0", "0", "0", "0", "0", "0", "0", "0" ], "duration": 69.0, "sum": 1 }, "geometry": { "type": "Point", "coordinates": [ -122.288994798331117, 47.663440495094157 ] } },
{ "type": "Feature", "properties": { "lat": 47.663445529318608, "lon": -122.29100296931728, "time_of_day": "Morning", "causation": [ "0", "0", "0", "0", "0", "0", "0", "0", "1", "0", "0", "0", "0", "0", "0", "0", "0", "0", "0", "0", "0", "0", "0", "0" ], "duration": 86.0, "sum": 1 }, "geometry": { "type": "Point", "coordinates": [ -122.291002969317276, 47.663445529318608 ] } },
{ "type": "Feature", "properties": { "lat": 47.663449066822686, "lon": -122.29154773144104, "time_of_day": "Morning", "causation": [ "0", "0", "0", "0", "0", "0", "0", "0", "1", "0", "0", "0", "0", "0", "0", "0", "0", "0", "0", "0", "0", "0", "0", "0" ], "duration": 86.0, "sum": 1 }, "geometry": { "type": "Point", "coordinates": [ -122.291547731441042, 47.663449066822686 ] } },
{ "type": "Feature", "properties": { "lat": 47.663462892365672, "lon": -122.29042468607946, "time_of_day": "Morning", "causation": [ "0", "0", "0", "0", "0", "0", "0", "0", "1", "0", "0", "0", "0", "0", "0", "0", "0", "0", "0", "0", "0", "0", "0", "0" ], "duration": 86.0, "sum": 1 }, "geometry": { "type": "Point", "coordinates": [ -122.290424686079461, 47.663462892365672 ] } },
{ "type": "Feature", "properties": { "lat": 47.663468923969432, "lon": -122.28847783012866, "time_of_day": "Morning", "causation": [ "0", "0", "0", "0", "0", "0", "0", "0", "1", "0", "0", "0", "0", "0", "0", "0", "0", "0", "0", "0", "0", "0", "0", "0" ], "duration": 69.0, "sum": 1 }, "geometry": { "type": "Point", "coordinates": [ -122.288477830128656, 47.663468923969432 ] } },
{ "type": "Feature", "properties": { "lat": 47.663482634549545, "lon": -122.29214981236788, "time_of_day": "Morning", "causation": [ "0", "0", "0", "0", "0", "0", "0", "0", "1", "0", "0", "0", "0", "0", "0", "0", "0", "0", "0", "0", "0", "0", "0", "0" ], "duration": 86.0, "sum": 1 }, "geometry": { "type": "Point", "coordinates": [ -122.292149812367882, 47.663482634549545 ] } },
{ "type": "Feature", "properties": { "lat": 47.66349925433088, "lon": -122.29376316338436, "time_of_day": "Morning", "causation": [ "0", "0", "0", "0", "0", "0", "0", "0", "1", "0", "0", "0", "0", "0", "0", "0", "0", "0", "0", "0", "0", "0", "0", "0" ], "duration": 255.0, "sum": 1 }, "geometry": { "type": "Point", "coordinates": [ -122.293763163384355, 47.66349925433088 ] } },
{ "type": "Feature", "properties": { "lat": 47.663511565040757, "lon": -122.28951023870358, "time_of_day": "Morning", "causation": [ "0", "0", "0", "0", "0", "0", "0", "0", "1", "0", "0", "0", "0", "0", "0", "0", "0", "0", "0", "0", "0", "0", "0", "0" ], "duration": 69.0, "sum": 1 }, "geometry": { "type": "Point", "coordinates": [ -122.289510238703585, 47.663511565040757 ] } },
{ "type": "Feature", "properties": { "lat": 47.663512023511736, "lon": -122.28989042283897, "time_of_day": "Morning", "causation": [ "0", "0", "0", "0", "0", "0", "0", "0", "1", "0", "0", "0", "0", "0", "0", "0", "0", "0", "0", "0", "0", "0", "0", "0" ], "duration": 86.0, "sum": 1 }, "geometry": { "type": "Point", "coordinates": [ -122.289890422838965, 47.663512023511736 ] } },
{ "type": "Feature", "properties": { "lat": 47.663549265370357, "lon": -122.29046535451236, "time_of_day": "Morning", "causation": [ "0", "0", "0", "0", "0", "0", "0", "0", "1", "0", "0", "0", "0", "0", "0", "0", "0", "0", "0", "0", "0", "0", "0", "0" ], "duration": 86.0, "sum": 1 }, "geometry": { "type": "Point", "coordinates": [ -122.290465354512364, 47.663549265370357 ] } },
{ "type": "Feature", "properties": { "lat": 47.663555070923437, "lon": -122.2916313195969, "time_of_day": "Morning", "causation": [ "0", "0", "0", "0", "0", "0", "0", "0", "1", "0", "0", "0", "0", "0", "0", "0", "0", "0", "0", "0", "0", "0", "0", "0" ], "duration": 86.0, "sum": 1 }, "geometry": { "type": "Point", "coordinates": [ -122.291631319596902, 47.663555070923437 ] } },
{ "type": "Feature", "properties": { "lat": 47.663555596068157, "lon": -122.29228021561958, "time_of_day": "Morning", "causation": [ "0", "0", "0", "0", "0", "0", "0", "0", "1", "0", "0", "0", "0", "0", "0", "0", "0", "0", "0", "0", "0", "0", "0", "0" ], "duration": 86.0, "sum": 1 }, "geometry": { "type": "Point", "coordinates": [ -122.292280215619584, 47.663555596068157 ] } },
{ "type": "Feature", "properties": { "lat": 47.66355647257577, "lon": -122.29099117601297, "time_of_day": "Morning", "causation": [ "0", "0", "0", "0", "0", "0", "0", "0", "1", "0", "0", "0", "0", "0", "0", "0", "0", "0", "0", "0", "0", "0", "0", "0" ], "duration": 86.0, "sum": 1 }, "geometry": { "type": "Point", "coordinates": [ -122.290991176012966, 47.66355647257577 ] } },
{ "type": "Feature", "properties": { "lat": 47.663558415660674, "lon": -122.29313534568342, "time_of_day": "Morning", "causation": [ "0", "0", "0", "0", "0", "0", "0", "0", "1", "0", "0", "0", "0", "0", "0", "0", "0", "0", "0", "0", "0", "0", "0", "0" ], "duration": 255.0, "sum": 1 }, "geometry": { "type": "Point", "coordinates": [ -122.293135345683424, 47.663558415660674 ] } },
{ "type": "Feature", "properties": { "lat": 47.663559249051879, "lon": -122.2939023616124, "time_of_day": "Morning", "causation": [ "0", "0", "0", "0", "0", "0", "0", "0", "1", "0", "0", "0", "0", "0", "0", "0", "0", "0", "0", "0", "0", "0", "0", "0" ], "duration": 255.0, "sum": 1 }, "geometry": { "type": "Point", "coordinates": [ -122.293902361612396, 47.663559249051879 ] } },
{ "type": "Feature", "properties": { "lat": 47.663589023320952, "lon": -122.2924161418432, "time_of_day": "Morning", "causation": [ "0", "0", "0", "0", "0", "0", "0", "0", "2", "0", "0", "0", "0", "0", "0", "0", "0", "0", "0", "0", "0", "0", "0", "0" ], "duration": 476.0, "sum": 2 }, "geometry": { "type": "Point", "coordinates": [ -122.292416141843205, 47.663589023320952 ] } },
{ "type": "Feature", "properties": { "lat": 47.663619832510257, "lon": -122.28990843744542, "time_of_day": "Morning", "causation": [ "0", "0", "0", "0", "0", "0", "0", "0", "1", "0", "0", "0", "0", "0", "0", "0", "0", "0", "0", "0", "0", "0", "0", "0" ], "duration": 86.0, "sum": 1 }, "geometry": { "type": "Point", "coordinates": [ -122.289908437445419, 47.663619832510257 ] } },
{ "type": "Feature", "properties": { "lat": 47.66362449783194, "lon": -122.2894897468711, "time_of_day": "Morning", "causation": [ "0", "0", "0", "0", "0", "0", "0", "0", "1", "0", "0", "0", "0", "0", "0", "0", "0", "0", "0", "0", "0", "0", "0", "0" ], "duration": 69.0, "sum": 1 }, "geometry": { "type": "Point", "coordinates": [ -122.289489746871098, 47.66362449783194 ] } },
{ "type": "Feature", "properties": { "lat": 47.663641205588242, "lon": -122.29324454260524, "time_of_day": "Morning", "causation": [ "0", "0", "0", "0", "0", "0", "0", "0", "1", "0", "0", "0", "0", "0", "0", "0", "0", "0", "0", "0", "0", "0", "0", "0" ], "duration": 255.0, "sum": 1 }, "geometry": { "type": "Point", "coordinates": [ -122.293244542605237, 47.663641205588242 ] } },
{ "type": "Feature", "properties": { "lat": 47.663645005019603, "lon": -122.30369960607598, "time_of_day": "Morning", "causation": [ "0", "0", "0", "0", "0", "0", "0", "0", "15", "0", "0", "0", "0", "0", "0", "0", "0", "0", "0", "0", "0", "0", "0", "0" ], "duration": 915.0, "sum": 15 }, "geometry": { "type": "Point", "coordinates": [ -122.30369960607598, 47.663645005019603 ] } },
{ "type": "Feature", "properties": { "lat": 47.663652862098239, "lon": -122.2939828302942, "time_of_day": "Morning", "causation": [ "0", "0", "0", "0", "0", "0", "0", "0", "1", "0", "0", "0", "0", "0", "0", "0", "0", "0", "0", "0", "0", "0", "0", "0" ], "duration": 255.0, "sum": 1 }, "geometry": { "type": "Point", "coordinates": [ -122.293982830294198, 47.663652862098239 ] } },
{ "type": "Feature", "properties": { "lat": 47.663654368198202, "lon": -122.30427431825076, "time_of_day": "Morning", "causation": [ "0", "0", "0", "0", "0", "0", "0", "0", "1", "0", "0", "0", "0", "0", "0", "0", "0", "0", "0", "0", "0", "0", "0", "0" ], "duration": 61.0, "sum": 1 }, "geometry": { "type": "Point", "coordinates": [ -122.304274318250762, 47.663654368198202 ] } },
{ "type": "Feature", "properties": { "lat": 47.663657865675248, "lon": -122.29098989133986, "time_of_day": "Morning", "causation": [ "0", "0", "0", "0", "0", "0", "0", "0", "1", "0", "0", "0", "0", "0", "0", "0", "0", "0", "0", "0", "0", "0", "0", "0" ], "duration": 86.0, "sum": 1 }, "geometry": { "type": "Point", "coordinates": [ -122.290989891339862, 47.663657865675248 ] } },
{ "type": "Feature", "properties": { "lat": 47.663660726000806, "lon": -122.2915690727414, "time_of_day": "Morning", "causation": [ "0", "0", "0", "0", "0", "0", "0", "0", "1", "0", "0", "0", "0", "0", "0", "0", "0", "0", "0", "0", "0", "0", "0", "0" ], "duration": 86.0, "sum": 1 }, "geometry": { "type": "Point", "coordinates": [ -122.291569072741396, 47.663660726000806 ] } },
{ "type": "Feature", "properties": { "lat": 47.663688462030549, "lon": -122.29045466456834, "time_of_day": "Morning", "causation": [ "0", "0", "0", "0", "0", "0", "0", "0", "1", "0", "0", "0", "0", "0", "0", "0", "0", "0", "0", "0", "0", "0", "0", "0" ], "duration": 86.0, "sum": 1 }, "geometry": { "type": "Point", "coordinates": [ -122.290454664568344, 47.663688462030549 ] } },
{ "type": "Feature", "properties": { "lat": 47.663707113920189, "lon": -122.29199187109676, "time_of_day": "Morning", "causation": [ "0", "0", "0", "0", "0", "0", "0", "0", "1", "0", "0", "0", "0", "0", "0", "0", "0", "0", "0", "0", "0", "0", "0", "0" ], "duration": 86.0, "sum": 1 }, "geometry": { "type": "Point", "coordinates": [ -122.291991871096755, 47.663707113920189 ] } },
{ "type": "Feature", "properties": { "lat": 47.663726816405109, "lon": -122.28952624554722, "time_of_day": "Morning", "causation": [ "0", "0", "0", "0", "0", "0", "0", "0", "1", "0", "0", "0", "0", "0", "0", "0", "0", "0", "0", "0", "0", "0", "0", "0" ], "duration": 69.0, "sum": 1 }, "geometry": { "type": "Point", "coordinates": [ -122.289526245547222, 47.663726816405109 ] } },
{ "type": "Feature", "properties": { "lat": 47.66372881196461, "lon": -122.28991275757518, "time_of_day": "Morning", "causation": [ "0", "0", "0", "0", "0", "0", "0", "0", "1", "0", "0", "0", "0", "0", "0", "0", "0", "0", "0", "0", "0", "0", "0", "0" ], "duration": 86.0, "sum": 1 }, "geometry": { "type": "Point", "coordinates": [ -122.289912757575181, 47.66372881196461 ] } },
{ "type": "Feature", "properties": { "lat": 47.663738635684105, "lon": -122.28899157530968, "time_of_day": "Morning", "causation": [ "0", "0", "0", "0", "0", "0", "0", "0", "1", "0", "0", "0", "0", "0", "0", "0", "0", "0", "0", "0", "0", "0", "0", "0" ], "duration": 69.0, "sum": 1 }, "geometry": { "type": "Point", "coordinates": [ -122.28899157530968, 47.663738635684105 ] } },
{ "type": "Feature", "properties": { "lat": 47.663739681123246, "lon": -122.29337119961924, "time_of_day": "Morning", "causation": [ "0", "0", "0", "0", "0", "0", "0", "0", "1", "0", "0", "0", "0", "0", "0", "0", "0", "0", "0", "0", "0", "0", "0", "0" ], "duration": 255.0, "sum": 1 }, "geometry": { "type": "Point", "coordinates": [ -122.293371199619244, 47.663739681123246 ] } },
{ "type": "Feature", "properties": { "lat": 47.663747531357238, "lon": -122.29403889812896, "time_of_day": "Morning", "causation": [ "0", "0", "0", "0", "0", "0", "0", "0", "1", "0", "0", "0", "0", "0", "0", "0", "0", "0", "0", "0", "0", "0", "0", "0" ], "duration": 255.0, "sum": 1 }, "geometry": { "type": "Point", "coordinates": [ -122.29403889812896, 47.663747531357238 ] } },
{ "type": "Feature", "properties": { "lat": 47.663770716424139, "lon": -122.29158099465872, "time_of_day": "Morning", "causation": [ "0", "0", "0", "0", "0", "0", "0", "0", "1", "0", "0", "0", "0", "0", "0", "0", "0", "0", "0", "0", "0", "0", "0", "0" ], "duration": 86.0, "sum": 1 }, "geometry": { "type": "Point", "coordinates": [ -122.291580994658716, 47.663770716424139 ] } },
{ "type": "Feature", "properties": { "lat": 47.663770801134127, "lon": -122.28866805664424, "time_of_day": "Morning", "causation": [ "0", "0", "0", "0", "0", "0", "0", "0", "1", "0", "0", "0", "0", "0", "0", "0", "0", "0", "0", "0", "0", "0", "0", "0" ], "duration": 69.0, "sum": 1 }, "geometry": { "type": "Point", "coordinates": [ -122.288668056644241, 47.663770801134127 ] } },
{ "type": "Feature", "properties": { "lat": 47.663774651824696, "lon": -122.29100811537435, "time_of_day": "Morning", "causation": [ "0", "0", "0", "0", "0", "0", "0", "0", "1", "0", "0", "0", "0", "0", "0", "0", "0", "0", "0", "0", "0", "0", "0", "0" ], "duration": 86.0, "sum": 1 }, "geometry": { "type": "Point", "coordinates": [ -122.291008115374353, 47.663774651824696 ] } },
{ "type": "Feature", "properties": { "lat": 47.663795609541069, "lon": -122.2927217754156, "time_of_day": "Morning", "causation": [ "0", "0", "0", "0", "0", "0", "0", "0", "1", "0", "0", "0", "0", "0", "0", "0", "0", "0", "0", "0", "0", "0", "0", "0" ], "duration": 238.0, "sum": 1 }, "geometry": { "type": "Point", "coordinates": [ -122.2927217754156, 47.663795609541069 ] } },
{ "type": "Feature", "properties": { "lat": 47.66379752423007, "lon": -122.29347208195118, "time_of_day": "Morning", "causation": [ "0", "0", "0", "0", "0", "0", "0", "0", "1", "0", "0", "0", "0", "0", "0", "0", "0", "0", "0", "0", "0", "0", "0", "0" ], "duration": 255.0, "sum": 1 }, "geometry": { "type": "Point", "coordinates": [ -122.29347208195118, 47.66379752423007 ] } },
{ "type": "Feature", "properties": { "lat": 47.663831708644651, "lon": -122.28988799941662, "time_of_day": "Morning", "causation": [ "0", "0", "0", "0", "0", "0", "0", "0", "1", "0", "0", "0", "0", "0", "0", "0", "0", "0", "0", "0", "0", "0", "0", "0" ], "duration": 86.0, "sum": 1 }, "geometry": { "type": "Point", "coordinates": [ -122.289887999416621, 47.663831708644651 ] } },
{ "type": "Feature", "properties": { "lat": 47.663833523157201, "lon": -122.28951918891735, "time_of_day": "Morning", "causation": [ "0", "0", "0", "0", "0", "0", "0", "0", "1", "0", "0", "0", "0", "0", "0", "0", "0", "0", "0", "0", "0", "0", "0", "0" ], "duration": 69.0, "sum": 1 }, "geometry": { "type": "Point", "coordinates": [ -122.289519188917353, 47.663833523157201 ] } },
{ "type": "Feature", "properties": { "lat": 47.663836545245857, "lon": -122.29045526402425, "time_of_day": "Morning", "causation": [ "0", "0", "0", "0", "0", "0", "0", "0", "1", "0", "0", "0", "0", "0", "0", "0", "0", "0", "0", "0", "0", "0", "0", "0" ], "duration": 86.0, "sum": 1 }, "geometry": { "type": "Point", "coordinates": [ -122.290455264024246, 47.663836545245857 ] } },
{ "type": "Feature", "properties": { "lat": 47.663841708872432, "lon": -122.29414780403272, "time_of_day": "Morning", "causation": [ "0", "0", "0", "0", "0", "0", "0", "0", "1", "0", "0", "0", "0", "0", "0", "0", "0", "0", "0", "0", "0", "0", "0", "0" ], "duration": 255.0, "sum": 1 }, "geometry": { "type": "Point", "coordinates": [ -122.294147804032718, 47.663841708872432 ] } },
{ "type": "Feature", "properties": { "lat": 47.663848801462898, "lon": -122.289017211896, "time_of_day": "Morning", "causation": [ "0", "0", "0", "0", "0", "0", "0", "0", "1", "0", "0", "0", "0", "0", "0", "0", "0", "0", "0", "0", "0", "0", "0", "0" ], "duration": 69.0, "sum": 1 }, "geometry": { "type": "Point", "coordinates": [ -122.289017211895995, 47.663848801462898 ] } },
{ "type": "Feature", "properties": { "lat": 47.66385435508807, "lon": -122.29207775432609, "time_of_day": "Morning", "causation": [ "0", "0", "0", "0", "0", "0", "0", "0", "1", "0", "0", "0", "0", "0", "0", "0", "0", "0", "0", "0", "0", "0", "0", "0" ], "duration": 238.0, "sum": 1 }, "geometry": { "type": "Point", "coordinates": [ -122.292077754326087, 47.66385435508807 ] } },
{ "type": "Feature", "properties": { "lat": 47.663879632842892, "lon": -122.29282742679425, "time_of_day": "Morning", "causation": [ "0", "0", "0", "0", "0", "0", "0", "0", "1", "0", "0", "0", "0", "0", "0", "0", "0", "0", "0", "0", "0", "0", "0", "0" ], "duration": 255.0, "sum": 1 }, "geometry": { "type": "Point", "coordinates": [ -122.292827426794247, 47.663879632842892 ] } },
{ "type": "Feature", "properties": { "lat": 47.663882179149681, "lon": -122.29160419312568, "time_of_day": "Morning", "causation": [ "0", "0", "0", "0", "0", "0", "0", "0", "1", "0", "0", "0", "0", "0", "0", "0", "0", "0", "0", "0", "0", "0", "0", "0" ], "duration": 86.0, "sum": 1 }, "geometry": { "type": "Point", "coordinates": [ -122.291604193125679, 47.663882179149681 ] } },
{ "type": "Feature", "properties": { "lat": 47.663883038955987, "lon": -122.29429250255215, "time_of_day": "Morning", "causation": [ "0", "0", "0", "0", "0", "0", "0", "0", "1", "0", "0", "0", "0", "0", "0", "0", "0", "0", "0", "0", "0", "0", "0", "0" ], "duration": 255.0, "sum": 1 }, "geometry": { "type": "Point", "coordinates": [ -122.294292502552153, 47.663883038955987 ] } },
{ "type": "Feature", "properties": { "lat": 47.663883310302417, "lon": -122.29095155257929, "time_of_day": "Morning", "causation": [ "0", "0", "0", "0", "0", "0", "0", "0", "1", "0", "0", "0", "0", "0", "0", "0", "0", "0", "0", "0", "0", "0", "0", "0" ], "duration": 86.0, "sum": 1 }, "geometry": { "type": "Point", "coordinates": [ -122.290951552579287, 47.663883310302417 ] } },
{ "type": "Feature", "properties": { "lat": 47.663888207024165, "lon": -122.29355866187696, "time_of_day": "Morning", "causation": [ "0", "0", "0", "0", "0", "0", "0", "0", "1", "0", "0", "0", "0", "0", "0", "0", "0", "0", "0", "0", "0", "0", "0", "0" ], "duration": 255.0, "sum": 1 }, "geometry": { "type": "Point", "coordinates": [ -122.293558661876958, 47.663888207024165 ] } },
{ "type": "Feature", "properties": { "lat": 47.663891031734771, "lon": -122.30381442439204, "time_of_day": "Morning", "causation": [ "0", "0", "0", "0", "0", "0", "0", "0", "34", "0", "0", "0", "0", "0", "0", "0", "0", "0", "0", "0", "0", "0", "0", "0" ], "duration": 2074.0, "sum": 34 }, "geometry": { "type": "Point", "coordinates": [ -122.303814424392044, 47.663891031734771 ] } },
{ "type": "Feature", "properties": { "lat": 47.663934712009535, "lon": -122.28953061642576, "time_of_day": "Morning", "causation": [ "0", "0", "0", "0", "0", "0", "0", "0", "1", "0", "0", "0", "0", "0", "0", "0", "0", "0", "0", "0", "0", "0", "0", "0" ], "duration": 69.0, "sum": 1 }, "geometry": { "type": "Point", "coordinates": [ -122.289530616425765, 47.663934712009535 ] } },
{ "type": "Feature", "properties": { "lat": 47.66394370510168, "lon": -122.289907479042, "time_of_day": "Morning", "causation": [ "0", "0", "0", "0", "0", "0", "0", "0", "1", "0", "0", "0", "0", "0", "0", "0", "0", "0", "0", "0", "0", "0", "0", "0" ], "duration": 86.0, "sum": 1 }, "geometry": { "type": "Point", "coordinates": [ -122.289907479042, 47.66394370510168 ] } },
{ "type": "Feature", "properties": { "lat": 47.663958761984503, "lon": -122.29293133779998, "time_of_day": "Morning", "causation": [ "0", "0", "0", "0", "0", "0", "0", "0", "1", "0", "0", "0", "0", "0", "0", "0", "0", "0", "0", "0", "0", "0", "0", "0" ], "duration": 255.0, "sum": 1 }, "geometry": { "type": "Point", "coordinates": [ -122.292931337799985, 47.663958761984503 ] } },
{ "type": "Feature", "properties": { "lat": 47.663960450593393, "lon": -122.28901541096285, "time_of_day": "Morning", "causation": [ "0", "0", "0", "0", "0", "0", "0", "0", "1", "0", "0", "0", "0", "0", "0", "0", "0", "0", "0", "0", "0", "0", "0", "0" ], "duration": 69.0, "sum": 1 }, "geometry": { "type": "Point", "coordinates": [ -122.289015410962847, 47.663960450593393 ] } },
{ "type": "Feature", "properties": { "lat": 47.663962825869966, "lon": -122.29367963298444, "time_of_day": "Morning", "causation": [ "0", "0", "0", "0", "0", "0", "0", "0", "1", "0", "0", "0", "0", "0", "0", "0", "0", "0", "0", "0", "0", "0", "0", "0" ], "duration": 255.0, "sum": 1 }, "geometry": { "type": "Point", "coordinates": [ -122.293679632984436, 47.663962825869966 ] } },
{ "type": "Feature", "properties": { "lat": 47.663991328795277, "lon": -122.29158605117016, "time_of_day": "Morning", "causation": [ "0", "0", "0", "0", "0", "0", "0", "0", "1", "0", "0", "0", "0", "0", "0", "0", "0", "0", "0", "0", "0", "0", "0", "0" ], "duration": 86.0, "sum": 1 }, "geometry": { "type": "Point", "coordinates": [ -122.291586051170157, 47.663991328795277 ] } },
{ "type": "Feature", "properties": { "lat": 47.663994945009321, "lon": -122.29210811953618, "time_of_day": "Morning", "causation": [ "0", "0", "0", "0", "0", "0", "0", "0", "1", "0", "0", "0", "0", "0", "0", "0", "0", "0", "0", "0", "0", "0", "0", "0" ], "duration": 238.0, "sum": 1 }, "geometry": { "type": "Point", "coordinates": [ -122.292108119536181, 47.663994945009321 ] } },
{ "type": "Feature", "properties": { "lat": 47.663995475999656, "lon": -122.2943817128324, "time_of_day": "Morning", "causation": [ "0", "0", "0", "0", "0", "0", "0", "0", "1", "0", "0", "0", "0", "0", "0", "0", "0", "0", "0", "0", "0", "0", "0", "0" ], "duration": 255.0, "sum": 1 }, "geometry": { "type": "Point", "coordinates": [ -122.294381712832404, 47.663995475999656 ] } },
{ "type": "Feature", "properties": { "lat": 47.663999476593091, "lon": -122.29099747384768, "time_of_day": "Morning", "causation": [ "0", "0", "0", "0", "0", "0", "0", "0", "1", "0", "0", "0", "0", "0", "0", "0", "0", "0", "0", "0", "0", "0", "0", "0" ], "duration": 86.0, "sum": 1 }, "geometry": { "type": "Point", "coordinates": [ -122.290997473847682, 47.663999476593091 ] } },
{ "type": "Feature", "properties": { "lat": 47.66399986643826, "lon": -122.29049251690478, "time_of_day": "Morning", "causation": [ "0", "0", "0", "0", "0", "0", "0", "0", "1", "0", "0", "0", "0", "0", "0", "0", "0", "0", "0", "0", "0", "0", "0", "0" ], "duration": 86.0, "sum": 1 }, "geometry": { "type": "Point", "coordinates": [ -122.290492516904777, 47.66399986643826 ] } },
{ "type": "Feature", "properties": { "lat": 47.664029213425763, "lon": -122.371129001697, "time_of_day": "Morning", "causation": [ "0", "0", "0", "0", "0", "0", "0", "0", "1", "0", "0", "0", "0", "0", "0", "0", "0", "0", "0", "0", "0", "0", "0", "0" ], "duration": 221.0, "sum": 1 }, "geometry": { "type": "Point", "coordinates": [ -122.371129001697, 47.664029213425763 ] } },
{ "type": "Feature", "properties": { "lat": 47.664044046652947, "lon": -122.29304127096027, "time_of_day": "Morning", "causation": [ "0", "0", "0", "0", "0", "0", "0", "0", "1", "0", "0", "0", "0", "0", "0", "0", "0", "0", "0", "0", "0", "0", "0", "0" ], "duration": 255.0, "sum": 1 }, "geometry": { "type": "Point", "coordinates": [ -122.293041270960273, 47.664044046652947 ] } },
{ "type": "Feature", "properties": { "lat": 47.66404998426556, "lon": -122.28953165789468, "time_of_day": "Morning", "causation": [ "0", "0", "0", "0", "0", "0", "0", "0", "1", "0", "0", "0", "0", "0", "0", "0", "0", "0", "0", "0", "0", "0", "0", "0" ], "duration": 69.0, "sum": 1 }, "geometry": { "type": "Point", "coordinates": [ -122.289531657894685, 47.66404998426556 ] } },
{ "type": "Feature", "properties": { "lat": 47.664050509857617, "lon": -122.29378028699728, "time_of_day": "Morning", "causation": [ "0", "0", "0", "0", "0", "0", "0", "0", "1", "0", "0", "0", "0", "0", "0", "0", "0", "0", "0", "0", "0", "0", "0", "0" ], "duration": 255.0, "sum": 1 }, "geometry": { "type": "Point", "coordinates": [ -122.293780286997276, 47.664050509857617 ] } },
{ "type": "Feature", "properties": { "lat": 47.664052166388991, "lon": -122.30388624008664, "time_of_day": "Morning", "causation": [ "0", "0", "0", "0", "0", "0", "0", "0", "6", "0", "0", "0", "0", "0", "0", "0", "0", "0", "0", "0", "0", "0", "0", "0" ], "duration": 366.0, "sum": 6 }, "geometry": { "type": "Point", "coordinates": [ -122.303886240086641, 47.664052166388991 ] } },
{ "type": "Feature", "properties": { "lat": 47.664068618307688, "lon": -122.28901843199915, "time_of_day": "Morning", "causation": [ "0", "0", "0", "0", "0", "0", "0", "0", "1", "0", "0", "0", "0", "0", "0", "0", "0", "0", "0", "0", "0", "0", "0", "0" ], "duration": 69.0, "sum": 1 }, "geometry": { "type": "Point", "coordinates": [ -122.289018431999153, 47.664068618307688 ] } },
{ "type": "Feature", "properties": { "lat": 47.664077826640799, "lon": -122.2898855683804, "time_of_day": "Morning", "causation": [ "0", "0", "0", "0", "0", "0", "0", "0", "1", "0", "0", "0", "0", "0", "0", "0", "0", "0", "0", "0", "0", "0", "0", "0" ], "duration": 86.0, "sum": 1 }, "geometry": { "type": "Point", "coordinates": [ -122.289885568380399, 47.664077826640799 ] } },
{ "type": "Feature", "properties": { "lat": 47.664083044978433, "lon": -122.2921117852906, "time_of_day": "Morning", "causation": [ "0", "0", "0", "0", "0", "0", "0", "0", "1", "0", "0", "0", "0", "0", "0", "0", "0", "0", "0", "0", "0", "0", "0", "0" ], "duration": 238.0, "sum": 1 }, "geometry": { "type": "Point", "coordinates": [ -122.292111785290601, 47.664083044978433 ] } },
{ "type": "Feature", "properties": { "lat": 47.664088076777666, "lon": -122.29446133875386, "time_of_day": "Morning", "causation": [ "0", "0", "0", "0", "0", "0", "0", "0", "1", "0", "0", "0", "0", "0", "0", "0", "0", "0", "0", "0", "0", "0", "0", "0" ], "duration": 255.0, "sum": 1 }, "geometry": { "type": "Point", "coordinates": [ -122.294461338753862, 47.664088076777666 ] } },
{ "type": "Feature", "properties": { "lat": 47.664099486267993, "lon": -122.2904413982257, "time_of_day": "Morning", "causation": [ "0", "0", "0", "0", "0", "0", "0", "0", "1", "0", "0", "0", "0", "0", "0", "0", "0", "0", "0", "0", "0", "0", "0", "0" ], "duration": 86.0, "sum": 1 }, "geometry": { "type": "Point", "coordinates": [ -122.290441398225695, 47.664099486267993 ] } },
{ "type": "Feature", "properties": { "lat": 47.664102228081489, "lon": -122.29098963143484, "time_of_day": "Morning", "causation": [ "0", "0", "0", "0", "0", "0", "0", "0", "1", "0", "0", "0", "0", "0", "0", "0", "0", "0", "0", "0", "0", "0", "0", "0" ], "duration": 86.0, "sum": 1 }, "geometry": { "type": "Point", "coordinates": [ -122.29098963143484, 47.664102228081489 ] } },
{ "type": "Feature", "properties": { "lat": 47.664106318934643, "lon": -122.30441359368866, "time_of_day": "Morning", "causation": [ "0", "0", "0", "0", "0", "0", "0", "0", "5", "0", "0", "0", "0", "0", "0", "0", "0", "0", "0", "0", "0", "0", "0", "0" ], "duration": 305.0, "sum": 5 }, "geometry": { "type": "Point", "coordinates": [ -122.304413593688665, 47.664106318934643 ] } },
{ "type": "Feature", "properties": { "lat": 47.664140709017047, "lon": -122.29386932621864, "time_of_day": "Morning", "causation": [ "0", "0", "0", "0", "0", "0", "0", "0", "1", "0", "0", "0", "0", "0", "0", "0", "0", "0", "0", "0", "0", "0", "0", "0" ], "duration": 255.0, "sum": 1 }, "geometry": { "type": "Point", "coordinates": [ -122.29386932621864, 47.664140709017047 ] } },
{ "type": "Feature", "properties": { "lat": 47.664144409624342, "lon": -122.29312351950512, "time_of_day": "Morning", "causation": [ "0", "0", "0", "0", "0", "0", "0", "0", "1", "0", "0", "0", "0", "0", "0", "0", "0", "0", "0", "0", "0", "0", "0", "0" ], "duration": 255.0, "sum": 1 }, "geometry": { "type": "Point", "coordinates": [ -122.293123519505116, 47.664144409624342 ] } },
{ "type": "Feature", "properties": { "lat": 47.664164848102651, "lon": -122.28952361611096, "time_of_day": "Morning", "causation": [ "0", "0", "0", "0", "0", "0", "0", "0", "1", "0", "0", "0", "0", "0", "0", "0", "0", "0", "0", "0", "0", "0", "0", "0" ], "duration": 69.0, "sum": 1 }, "geometry": { "type": "Point", "coordinates": [ -122.289523616110955, 47.664164848102651 ] } },
{ "type": "Feature", "properties": { "lat": 47.664173312983792, "lon": -122.28898875813482, "time_of_day": "Morning", "causation": [ "0", "0", "0", "0", "0", "0", "0", "0", "1", "0", "0", "0", "0", "0", "0", "0", "0", "0", "0", "0", "0", "0", "0", "0" ], "duration": 69.0, "sum": 1 }, "geometry": { "type": "Point", "coordinates": [ -122.288988758134821, 47.664173312983792 ] } },
{ "type": "Feature", "properties": { "lat": 47.664176711392642, "lon": -122.30390551241456, "time_of_day": "Morning", "causation": [ "0", "0", "0", "0", "0", "0", "0", "0", "1", "0", "0", "0", "0", "0", "0", "0", "0", "0", "0", "0", "0", "0", "0", "0" ], "duration": 61.0, "sum": 1 }, "geometry": { "type": "Point", "coordinates": [ -122.303905512414559, 47.664176711392642 ] } },
{ "type": "Feature", "properties": { "lat": 47.664184025250997, "lon": -122.29263784229894, "time_of_day": "Morning", "causation": [ "0", "0", "0", "0", "0", "0", "0", "0", "1", "0", "0", "0", "0", "0", "0", "0", "0", "0", "0", "0", "0", "0", "0", "0" ], "duration": 238.0, "sum": 1 }, "geometry": { "type": "Point", "coordinates": [ -122.292637842298944, 47.664184025250997 ] } },
{ "type": "Feature", "properties": { "lat": 47.664200678027612, "lon": -122.29096524166565, "time_of_day": "Morning", "causation": [ "0", "0", "0", "0", "0", "0", "0", "0", "1", "0", "0", "0", "0", "0", "0", "0", "0", "0", "0", "0", "0", "0", "0", "0" ], "duration": 86.0, "sum": 1 }, "geometry": { "type": "Point", "coordinates": [ -122.290965241665646, 47.664200678027612 ] } },
{ "type": "Feature", "properties": { "lat": 47.664201585231886, "lon": -122.29156772158812, "time_of_day": "Morning", "causation": [ "0", "0", "0", "0", "0", "0", "0", "0", "1", "0", "0", "0", "0", "0", "0", "0", "0", "0", "0", "0", "0", "0", "0", "0" ], "duration": 86.0, "sum": 1 }, "geometry": { "type": "Point", "coordinates": [ -122.291567721588123, 47.664201585231886 ] } },
{ "type": "Feature", "properties": { "lat": 47.664204924223142, "lon": -122.29209005623404, "time_of_day": "Morning", "causation": [ "0", "0", "0", "0", "0", "0", "0", "0", "1", "0", "0", "0", "0", "0", "0", "0", "0", "0", "0", "0", "0", "0", "0", "0" ], "duration": 238.0, "sum": 1 }, "geometry": { "type": "Point", "coordinates": [ -122.292090056234045, 47.664204924223142 ] } },
{ "type": "Feature", "properties": { "lat": 47.664205921252197, "lon": -122.28990461838713, "time_of_day": "Morning", "causation": [ "0", "0", "0", "0", "0", "0", "0", "0", "1", "0", "0", "0", "0", "0", "0", "0", "0", "0", "0", "0", "0", "0", "0", "0" ], "duration": 86.0, "sum": 1 }, "geometry": { "type": "Point", "coordinates": [ -122.289904618387126, 47.664205921252197 ] } },
{ "type": "Feature", "properties": { "lat": 47.664217661289811, "lon": -122.29398856174829, "time_of_day": "Morning", "causation": [ "0", "0", "0", "0", "0", "0", "0", "0", "1", "0", "0", "0", "0", "0", "0", "0", "0", "0", "0", "0", "0", "0", "0", "0" ], "duration": 255.0, "sum": 1 }, "geometry": { "type": "Point", "coordinates": [ -122.293988561748293, 47.664217661289811 ] } },
{ "type": "Feature", "properties": { "lat": 47.66421792944579, "lon": -122.2904505998624, "time_of_day": "Morning", "causation": [ "0", "0", "0", "0", "0", "0", "0", "0", "1", "0", "0", "0", "0", "0", "0", "0", "0", "0", "0", "0", "0", "0", "0", "0" ], "duration": 86.0, "sum": 1 }, "geometry": { "type": "Point", "coordinates": [ -122.290450599862396, 47.66421792944579 ] } },
{ "type": "Feature", "properties": { "lat": 47.664239564459486, "lon": -122.29451634647576, "time_of_day": "Morning", "causation": [ "0", "0", "0", "0", "0", "0", "0", "0", "1", "0", "0", "0", "0", "0", "0", "0", "0", "0", "0", "0", "0", "0", "0", "0" ], "duration": 255.0, "sum": 1 }, "geometry": { "type": "Point", "coordinates": [ -122.29451634647576, 47.664239564459486 ] } },
{ "type": "Feature", "properties": { "lat": 47.664264624144188, "lon": -122.29465526360336, "time_of_day": "Morning", "causation": [ "0", "0", "0", "0", "0", "0", "0", "0", "1", "0", "0", "0", "0", "0", "0", "0", "0", "0", "0", "0", "0", "0", "0", "0" ], "duration": 255.0, "sum": 1 }, "geometry": { "type": "Point", "coordinates": [ -122.29465526360336, 47.664264624144188 ] } },
{ "type": "Feature", "properties": { "lat": 47.664272212209788, "lon": -122.29315376808172, "time_of_day": "Morning", "causation": [ "0", "0", "0", "0", "0", "0", "0", "0", "1", "0", "0", "0", "0", "0", "0", "0", "0", "0", "0", "0", "0", "0", "0", "0" ], "duration": 255.0, "sum": 1 }, "geometry": { "type": "Point", "coordinates": [ -122.293153768081723, 47.664272212209788 ] } },
{ "type": "Feature", "properties": { "lat": 47.664288426927691, "lon": -122.2890196518823, "time_of_day": "Morning", "causation": [ "0", "0", "0", "0", "0", "0", "0", "0", "2", "0", "0", "0", "0", "0", "0", "0", "0", "0", "0", "0", "0", "0", "0", "0" ], "duration": 138.0, "sum": 2 }, "geometry": { "type": "Point", "coordinates": [ -122.289019651882299, 47.664288426927691 ] } },
{ "type": "Feature", "properties": { "lat": 47.664303780472459, "lon": -122.29266614682048, "time_of_day": "Morning", "causation": [ "0", "0", "0", "0", "0", "0", "0", "0", "1", "0", "0", "0", "0", "0", "0", "0", "0", "0", "0", "0", "0", "0", "0", "0" ], "duration": 238.0, "sum": 1 }, "geometry": { "type": "Point", "coordinates": [ -122.29266614682048, 47.664303780472459 ] } },
{ "type": "Feature", "properties": { "lat": 47.664307675652097, "lon": -122.291559945526, "time_of_day": "Morning", "causation": [ "0", "0", "0", "0", "0", "0", "0", "0", "1", "0", "0", "0", "0", "0", "0", "0", "0", "0", "0", "0", "0", "0", "0", "0" ], "duration": 86.0, "sum": 1 }, "geometry": { "type": "Point", "coordinates": [ -122.291559945526004, 47.664307675652097 ] } },
{ "type": "Feature", "properties": { "lat": 47.664308656323271, "lon": -122.2940713122522, "time_of_day": "Morning", "causation": [ "0", "0", "0", "0", "0", "0", "0", "0", "1", "0", "0", "0", "0", "0", "0", "0", "0", "0", "0", "0", "0", "0", "0", "0" ], "duration": 255.0, "sum": 1 }, "geometry": { "type": "Point", "coordinates": [ -122.2940713122522, 47.664308656323271 ] } },
{ "type": "Feature", "properties": { "lat": 47.664316517509455, "lon": -122.29098591933196, "time_of_day": "Morning", "causation": [ "0", "0", "0", "0", "0", "0", "0", "0", "1", "0", "0", "0", "0", "0", "0", "0", "0", "0", "0", "0", "0", "0", "0", "0" ], "duration": 86.0, "sum": 1 }, "geometry": { "type": "Point", "coordinates": [ -122.290985919331959, 47.664316517509455 ] } },
{ "type": "Feature", "properties": { "lat": 47.664317370033899, "lon": -122.29210696778624, "time_of_day": "Morning", "causation": [ "0", "0", "0", "0", "0", "0", "0", "0", "1", "0", "0", "0", "0", "0", "0", "0", "0", "0", "0", "0", "0", "0", "0", "0" ], "duration": 238.0, "sum": 1 }, "geometry": { "type": "Point", "coordinates": [ -122.292106967786239, 47.664317370033899 ] } },
{ "type": "Feature", "properties": { "lat": 47.664320496210188, "lon": -122.29045290675413, "time_of_day": "Morning", "causation": [ "0", "0", "0", "0", "0", "0", "0", "0", "1", "0", "0", "0", "0", "0", "0", "0", "0", "0", "0", "0", "0", "0", "0", "0" ], "duration": 86.0, "sum": 1 }, "geometry": { "type": "Point", "coordinates": [ -122.290452906754126, 47.664320496210188 ] } },
{ "type": "Feature", "properties": { "lat": 47.664325672177199, "lon": -122.28952577942395, "time_of_day": "Morning", "causation": [ "0", "0", "0", "0", "0", "0", "0", "0", "2", "0", "0", "0", "0", "0", "0", "0", "0", "0", "0", "0", "0", "0", "0", "0" ], "duration": 138.0, "sum": 2 }, "geometry": { "type": "Point", "coordinates": [ -122.289525779423954, 47.664325672177199 ] } },
{ "type": "Feature", "properties": { "lat": 47.664330438742788, "lon": -122.29477606272199, "time_of_day": "Morning", "causation": [ "0", "0", "0", "0", "0", "0", "0", "0", "1", "0", "0", "0", "0", "0", "0", "0", "0", "0", "0", "0", "0", "0", "0", "0" ], "duration": 255.0, "sum": 1 }, "geometry": { "type": "Point", "coordinates": [ -122.294776062721994, 47.664330438742788 ] } },
{ "type": "Feature", "properties": { "lat": 47.664334390293916, "lon": -122.2899061806674, "time_of_day": "Morning", "causation": [ "0", "0", "0", "0", "0", "0", "0", "0", "1", "0", "0", "0", "0", "0", "0", "0", "0", "0", "0", "0", "0", "0", "0", "0" ], "duration": 86.0, "sum": 1 }, "geometry": { "type": "Point", "coordinates": [ -122.289906180667401, 47.664334390293916 ] } },
{ "type": "Feature", "properties": { "lat": 47.664344071795632, "lon": -122.30395444571316, "time_of_day": "Morning", "causation": [ "0", "0", "0", "0", "0", "0", "0", "0", "8", "0", "0", "0", "0", "0", "0", "0", "0", "0", "0", "0", "0", "0", "0", "0" ], "duration": 488.0, "sum": 8 }, "geometry": { "type": "Point", "coordinates": [ -122.30395444571316, 47.664344071795632 ] } },
{ "type": "Feature", "properties": { "lat": 47.664390376489898, "lon": -122.28899859132932, "time_of_day": "Morning", "causation": [ "0", "0", "0", "0", "0", "0", "0", "0", "1", "0", "0", "0", "0", "0", "0", "0", "0", "0", "0", "0", "0", "0", "0", "0" ], "duration": 69.0, "sum": 1 }, "geometry": { "type": "Point", "coordinates": [ -122.288998591329317, 47.664390376489898 ] } },
{ "type": "Feature", "properties": { "lat": 47.664395490185882, "lon": -122.29418415724616, "time_of_day": "Morning", "causation": [ "0", "0", "0", "0", "0", "0", "0", "0", "1", "0", "0", "0", "0", "0", "0", "0", "0", "0", "0", "0", "0", "0", "0", "0" ], "duration": 255.0, "sum": 1 }, "geometry": { "type": "Point", "coordinates": [ -122.294184157246164, 47.664395490185882 ] } },
{ "type": "Feature", "properties": { "lat": 47.664397559481749, "lon": -122.38146494966443, "time_of_day": "Morning", "causation": [ "0", "0", "0", "0", "0", "0", "0", "0", "0", "0", "0", "0", "0", "0", "1", "0", "0", "0", "0", "0", "0", "0", "0", "0" ], "duration": 152.0, "sum": 1 }, "geometry": { "type": "Point", "coordinates": [ -122.381464949664434, 47.664397559481749 ] } },
{ "type": "Feature", "properties": { "lat": 47.66440966096804, "lon": -122.37247468010116, "time_of_day": "Morning", "causation": [ "0", "0", "0", "0", "0", "0", "0", "0", "1", "0", "0", "0", "0", "0", "0", "0", "0", "0", "0", "0", "0", "0", "0", "0" ], "duration": 79.0, "sum": 1 }, "geometry": { "type": "Point", "coordinates": [ -122.372474680101163, 47.66440966096804 ] } },
{ "type": "Feature", "properties": { "lat": 47.66441942558793, "lon": -122.29318933939712, "time_of_day": "Morning", "causation": [ "0", "0", "0", "0", "0", "0", "0", "0", "1", "0", "0", "0", "0", "0", "0", "0", "0", "0", "0", "0", "0", "0", "0", "0" ], "duration": 255.0, "sum": 1 }, "geometry": { "type": "Point", "coordinates": [ -122.293189339397117, 47.66441942558793 ] } },
{ "type": "Feature", "properties": { "lat": 47.664423563005066, "lon": -122.2910050475442, "time_of_day": "Morning", "causation": [ "0", "0", "0", "0", "0", "0", "0", "0", "1", "0", "0", "0", "0", "0", "0", "0", "0", "0", "0", "0", "0", "0", "0", "0" ], "duration": 86.0, "sum": 1 }, "geometry": { "type": "Point", "coordinates": [ -122.291005047544203, 47.664423563005066 ] } },
{ "type": "Feature", "properties": { "lat": 47.664424642190859, "lon": -122.29155869698992, "time_of_day": "Morning", "causation": [ "0", "0", "0", "0", "0", "0", "0", "0", "1", "0", "0", "0", "0", "0", "0", "0", "0", "0", "0", "0", "0", "0", "0", "0" ], "duration": 86.0, "sum": 1 }, "geometry": { "type": "Point", "coordinates": [ -122.291558696989924, 47.664424642190859 ] } },
{ "type": "Feature", "properties": { "lat": 47.664424708375932, "lon": -122.29208399033872, "time_of_day": "Morning", "causation": [ "0", "0", "0", "0", "0", "0", "0", "0", "1", "0", "0", "0", "0", "0", "0", "0", "0", "0", "0", "0", "0", "0", "0", "0" ], "duration": 238.0, "sum": 1 }, "geometry": { "type": "Point", "coordinates": [ -122.292083990338725, 47.664424708375932 ] } },
{ "type": "Feature", "properties": { "lat": 47.664425996152296, "lon": -122.29264813022284, "time_of_day": "Morning", "causation": [ "0", "0", "0", "0", "0", "0", "0", "0", "1", "0", "0", "0", "0", "0", "0", "0", "0", "0", "0", "0", "0", "0", "0", "0" ], "duration": 255.0, "sum": 1 }, "geometry": { "type": "Point", "coordinates": [ -122.292648130222844, 47.664425996152296 ] } },
{ "type": "Feature", "properties": { "lat": 47.664431066620921, "lon": -122.29045139119164, "time_of_day": "Morning", "causation": [ "0", "0", "0", "0", "0", "0", "0", "0", "1", "0", "0", "0", "0", "0", "0", "0", "0", "0", "0", "0", "0", "0", "0", "0" ], "duration": 86.0, "sum": 1 }, "geometry": { "type": "Point", "coordinates": [ -122.290451391191638, 47.664431066620921 ] } },
{ "type": "Feature", "properties": { "lat": 47.664462553494495, "lon": -122.28951881305204, "time_of_day": "Morning", "causation": [ "0", "0", "0", "0", "0", "0", "0", "0", "1", "0", "0", "0", "0", "0", "0", "0", "0", "0", "0", "0", "0", "0", "0", "0" ], "duration": 69.0, "sum": 1 }, "geometry": { "type": "Point", "coordinates": [ -122.289518813052041, 47.664462553494495 ] } },
{ "type": "Feature", "properties": { "lat": 47.664472038126519, "lon": -122.28987694879268, "time_of_day": "Morning", "causation": [ "0", "0", "0", "0", "0", "0", "0", "0", "1", "0", "0", "0", "0", "0", "0", "0", "0", "0", "0", "0", "0", "0", "0", "0" ], "duration": 86.0, "sum": 1 }, "geometry": { "type": "Point", "coordinates": [ -122.289876948792681, 47.664472038126519 ] } },
{ "type": "Feature", "properties": { "lat": 47.664493048847952, "lon": -122.29428939710432, "time_of_day": "Morning", "causation": [ "0", "0", "0", "0", "0", "0", "0", "0", "1", "0", "0", "0", "0", "0", "0", "0", "0", "0", "0", "0", "0", "0", "0", "0" ], "duration": 255.0, "sum": 1 }, "geometry": { "type": "Point", "coordinates": [ -122.294289397104322, 47.664493048847952 ] } },
{ "type": "Feature", "properties": { "lat": 47.664500124675158, "lon": -122.3039588729285, "time_of_day": "Morning", "causation": [ "0", "0", "0", "0", "0", "0", "0", "0", "3", "0", "0", "0", "0", "0", "0", "0", "0", "0", "0", "0", "0", "0", "0", "0" ], "duration": 183.0, "sum": 3 }, "geometry": { "type": "Point", "coordinates": [ -122.303958872928504, 47.664500124675158 ] } },
{ "type": "Feature", "properties": { "lat": 47.664511557447327, "lon": -122.28902228803972, "time_of_day": "Morning", "causation": [ "0", "0", "0", "0", "0", "0", "0", "0", "1", "0", "0", "0", "0", "0", "0", "0", "0", "0", "0", "0", "0", "0", "0", "0" ], "duration": 69.0, "sum": 1 }, "geometry": { "type": "Point", "coordinates": [ -122.289022288039718, 47.664511557447327 ] } },
{ "type": "Feature", "properties": { "lat": 47.664524748583908, "lon": -122.29264213111796, "time_of_day": "Morning", "causation": [ "0", "0", "0", "0", "0", "0", "0", "0", "1", "0", "0", "0", "0", "0", "0", "0", "0", "0", "0", "0", "0", "0", "0", "0" ], "duration": 238.0, "sum": 1 }, "geometry": { "type": "Point", "coordinates": [ -122.292642131117958, 47.664524748583908 ] } },
{ "type": "Feature", "properties": { "lat": 47.664529953432023, "lon": -122.2920977367918, "time_of_day": "Morning", "causation": [ "0", "0", "0", "0", "0", "0", "0", "0", "1", "0", "0", "0", "0", "0", "0", "0", "0", "0", "0", "0", "0", "0", "0", "0" ], "duration": 238.0, "sum": 1 }, "geometry": { "type": "Point", "coordinates": [ -122.292097736791803, 47.664529953432023 ] } },
{ "type": "Feature", "properties": { "lat": 47.664530008025338, "lon": -122.29365728700584, "time_of_day": "Morning", "causation": [ "0", "0", "0", "0", "0", "0", "0", "0", "1", "0", "0", "0", "0", "0", "0", "0", "0", "0", "0", "0", "0", "0", "0", "0" ], "duration": 255.0, "sum": 1 }, "geometry": { "type": "Point", "coordinates": [ -122.293657287005843, 47.664530008025338 ] } },
{ "type": "Feature", "properties": { "lat": 47.664531925212216, "lon": -122.29158291090737, "time_of_day": "Morning", "causation": [ "0", "0", "0", "0", "0", "0", "0", "0", "1", "0", "0", "0", "0", "0", "0", "0", "0", "0", "0", "0", "0", "0", "0", "0" ], "duration": 86.0, "sum": 1 }, "geometry": { "type": "Point", "coordinates": [ -122.291582910907366, 47.664531925212216 ] } },
{ "type": "Feature", "properties": { "lat": 47.66454657715822, "lon": -122.29440597457588, "time_of_day": "Morning", "causation": [ "0", "0", "0", "0", "0", "0", "0", "0", "1", "0", "0", "0", "0", "0", "0", "0", "0", "0", "0", "0", "0", "0", "0", "0" ], "duration": 255.0, "sum": 1 }, "geometry": { "type": "Point", "coordinates": [ -122.294405974575881, 47.66454657715822 ] } },
{ "type": "Feature", "properties": { "lat": 47.664553683934834, "lon": -122.29096304075576, "time_of_day": "Morning", "causation": [ "0", "0", "0", "0", "0", "0", "0", "0", "1", "0", "0", "0", "0", "0", "0", "0", "0", "0", "0", "0", "0", "0", "0", "0" ], "duration": 86.0, "sum": 1 }, "geometry": { "type": "Point", "coordinates": [ -122.290963040755756, 47.664553683934834 ] } },
{ "type": "Feature", "properties": { "lat": 47.664553992736508, "lon": -122.29521237211785, "time_of_day": "Morning", "causation": [ "0", "0", "0", "0", "0", "0", "0", "0", "1", "0", "0", "0", "0", "0", "0", "0", "0", "0", "0", "0", "0", "0", "0", "0" ], "duration": 255.0, "sum": 1 }, "geometry": { "type": "Point", "coordinates": [ -122.295212372117845, 47.664553992736508 ] } },
{ "type": "Feature", "properties": { "lat": 47.664581632731483, "lon": -122.29458707467757, "time_of_day": "Morning", "causation": [ "0", "0", "0", "0", "0", "0", "0", "0", "1", "0", "0", "0", "0", "0", "0", "0", "0", "0", "0", "0", "0", "0", "0", "0" ], "duration": 255.0, "sum": 1 }, "geometry": { "type": "Point", "coordinates": [ -122.294587074677565, 47.664581632731483 ] } },
{ "type": "Feature", "properties": { "lat": 47.664583069699617, "lon": -122.28871205543554, "time_of_day": "Morning", "causation": [ "0", "0", "0", "0", "0", "0", "0", "0", "1", "0", "0", "0", "0", "0", "0", "0", "0", "0", "0", "0", "0", "0", "0", "0" ], "duration": 86.0, "sum": 1 }, "geometry": { "type": "Point", "coordinates": [ -122.288712055435539, 47.664583069699617 ] } },
{ "type": "Feature", "properties": { "lat": 47.664585083868914, "lon": -122.38124810801068, "time_of_day": "Morning", "causation": [ "0", "0", "0", "0", "0", "0", "0", "0", "0", "0", "0", "0", "0", "0", "1", "0", "0", "0", "0", "0", "0", "0", "0", "0" ], "duration": 152.0, "sum": 1 }, "geometry": { "type": "Point", "coordinates": [ -122.381248108010681, 47.664585083868914 ] } },
{ "type": "Feature", "properties": { "lat": 47.664597027380921, "lon": -122.28951568397072, "time_of_day": "Morning", "causation": [ "0", "0", "0", "0", "0", "0", "0", "0", "1", "0", "0", "0", "0", "0", "0", "0", "0", "0", "0", "0", "0", "0", "0", "0" ], "duration": 69.0, "sum": 1 }, "geometry": { "type": "Point", "coordinates": [ -122.28951568397072, 47.664597027380921 ] } },
{ "type": "Feature", "properties": { "lat": 47.664599595979922, "lon": -122.28991848298676, "time_of_day": "Morning", "causation": [ "0", "0", "0", "0", "0", "0", "0", "0", "1", "0", "0", "0", "0", "0", "0", "0", "0", "0", "0", "0", "0", "0", "0", "0" ], "duration": 86.0, "sum": 1 }, "geometry": { "type": "Point", "coordinates": [ -122.289918482986764, 47.664599595979922 ] } },
{ "type": "Feature", "properties": { "lat": 47.664608176837184, "lon": -122.2931513835113, "time_of_day": "Morning", "causation": [ "0", "0", "0", "0", "0", "0", "0", "0", "1", "0", "0", "0", "0", "0", "0", "0", "0", "0", "0", "0", "0", "0", "0", "0" ], "duration": 255.0, "sum": 1 }, "geometry": { "type": "Point", "coordinates": [ -122.293151383511301, 47.664608176837184 ] } },
{ "type": "Feature", "properties": { "lat": 47.664613158139424, "lon": -122.30411341172068, "time_of_day": "Morning", "causation": [ "0", "0", "0", "0", "0", "0", "0", "0", "10", "0", "0", "0", "0", "0", "0", "0", "0", "0", "0", "0", "0", "0", "0", "0" ], "duration": 610.0, "sum": 10 }, "geometry": { "type": "Point", "coordinates": [ -122.304113411720678, 47.664613158139424 ] } },
{ "type": "Feature", "properties": { "lat": 47.664627544469255, "lon": -122.28901445105208, "time_of_day": "Morning", "causation": [ "0", "0", "0", "0", "0", "0", "0", "0", "1", "0", "0", "0", "0", "0", "0", "0", "0", "0", "0", "0", "0", "0", "0", "0" ], "duration": 69.0, "sum": 1 }, "geometry": { "type": "Point", "coordinates": [ -122.289014451052083, 47.664627544469255 ] } },
{ "type": "Feature", "properties": { "lat": 47.664631641771798, "lon": -122.29374244295045, "time_of_day": "Morning", "causation": [ "0", "0", "0", "0", "0", "0", "0", "0", "1", "0", "0", "0", "0", "0", "0", "0", "0", "0", "0", "0", "0", "0", "0", "0" ], "duration": 255.0, "sum": 1 }, "geometry": { "type": "Point", "coordinates": [ -122.293742442950446, 47.664631641771798 ] } },
{ "type": "Feature", "properties": { "lat": 47.66463168550294, "lon": -122.29159860913144, "time_of_day": "Morning", "causation": [ "0", "0", "0", "0", "0", "0", "0", "0", "1", "0", "0", "0", "0", "0", "0", "0", "0", "0", "0", "0", "0", "0", "0", "0" ], "duration": 86.0, "sum": 1 }, "geometry": { "type": "Point", "coordinates": [ -122.291598609131441, 47.66463168550294 ] } },
{ "type": "Feature", "properties": { "lat": 47.664636329512362, "lon": -122.38131409272908, "time_of_day": "Morning", "causation": [ "0", "0", "0", "0", "0", "0", "0", "0", "0", "0", "0", "0", "0", "0", "1", "0", "0", "0", "0", "0", "0", "0", "0", "0" ], "duration": 152.0, "sum": 1 }, "geometry": { "type": "Point", "coordinates": [ -122.381314092729085, 47.664636329512362 ] } },
{ "type": "Feature", "properties": { "lat": 47.664643023173277, "lon": -122.2920355029522, "time_of_day": "Morning", "causation": [ "0", "0", "0", "0", "0", "0", "0", "0", "1", "0", "0", "0", "0", "0", "0", "0", "0", "0", "0", "0", "0", "0", "0", "0" ], "duration": 238.0, "sum": 1 }, "geometry": { "type": "Point", "coordinates": [ -122.292035502952203, 47.664643023173277 ] } },
{ "type": "Feature", "properties": { "lat": 47.664643752176282, "lon": -122.29044078026791, "time_of_day": "Morning", "causation": [ "0", "0", "0", "0", "0", "0", "0", "0", "1", "0", "0", "0", "0", "0", "0", "0", "0", "0", "0", "0", "0", "0", "0", "0" ], "duration": 86.0, "sum": 1 }, "geometry": { "type": "Point", "coordinates": [ -122.290440780267915, 47.664643752176282 ] } },
{ "type": "Feature", "properties": { "lat": 47.66465226203681, "lon": -122.29265302938541, "time_of_day": "Morning", "causation": [ "0", "0", "0", "0", "0", "0", "0", "0", "1", "0", "0", "0", "0", "0", "0", "0", "0", "0", "0", "0", "0", "0", "0", "0" ], "duration": 238.0, "sum": 1 }, "geometry": { "type": "Point", "coordinates": [ -122.292653029385406, 47.66465226203681 ] } },
{ "type": "Feature", "properties": { "lat": 47.664700445062849, "lon": -122.30475576803951, "time_of_day": "Morning", "causation": [ "0", "0", "0", "0", "0", "0", "0", "0", "6", "0", "0", "0", "0", "0", "0", "0", "0", "0", "0", "0", "0", "0", "0", "0" ], "duration": 366.0, "sum": 6 }, "geometry": { "type": "Point", "coordinates": [ -122.304755768039513, 47.664700445062849 ] } },
{ "type": "Feature", "properties": { "lat": 47.664701505263992, "lon": -122.38076999356836, "time_of_day": "Morning", "causation": [ "0", "0", "0", "0", "0", "0", "0", "0", "0", "0", "0", "0", "0", "0", "1", "0", "0", "0", "0", "0", "0", "0", "0", "0" ], "duration": 152.0, "sum": 1 }, "geometry": { "type": "Point", "coordinates": [ -122.380769993568364, 47.664701505263992 ] } },
{ "type": "Feature", "properties": { "lat": 47.664715933843127, "lon": -122.28856126074828, "time_of_day": "Morning", "causation": [ "0", "0", "0", "0", "0", "0", "0", "0", "1", "0", "0", "0", "0", "0", "0", "0", "0", "0", "0", "0", "0", "0", "0", "0" ], "duration": 86.0, "sum": 1 }, "geometry": { "type": "Point", "coordinates": [ -122.288561260748281, 47.664715933843127 ] } },
{ "type": "Feature", "properties": { "lat": 47.664718213357496, "lon": -122.28950311882954, "time_of_day": "Morning", "causation": [ "0", "0", "0", "0", "0", "0", "0", "0", "1", "0", "0", "0", "0", "0", "0", "0", "0", "0", "0", "0", "0", "0", "0", "0" ], "duration": 86.0, "sum": 1 }, "geometry": { "type": "Point", "coordinates": [ -122.289503118829543, 47.664718213357496 ] } },
{ "type": "Feature", "properties": { "lat": 47.664720265953171, "lon": -122.28827130821072, "time_of_day": "Morning", "causation": [ "0", "0", "0", "0", "0", "0", "0", "0", "1", "0", "0", "0", "0", "0", "0", "0", "0", "0", "0", "0", "0", "0", "0", "0" ], "duration": 86.0, "sum": 1 }, "geometry": { "type": "Point", "coordinates": [ -122.288271308210724, 47.664720265953171 ] } },
{ "type": "Feature", "properties": { "lat": 47.664725991866959, "lon": -122.28989992753192, "time_of_day": "Morning", "causation": [ "0", "0", "0", "0", "0", "0", "0", "0", "1", "0", "0", "0", "0", "0", "0", "0", "0", "0", "0", "0", "0", "0", "0", "0" ], "duration": 86.0, "sum": 1 }, "geometry": { "type": "Point", "coordinates": [ -122.28989992753192, 47.664725991866959 ] } },
{ "type": "Feature", "properties": { "lat": 47.664729347699513, "lon": -122.29390297052302, "time_of_day": "Morning", "causation": [ "0", "0", "0", "0", "0", "0", "0", "0", "1", "0", "0", "0", "0", "0", "0", "0", "0", "0", "0", "0", "0", "0", "0", "0" ], "duration": 255.0, "sum": 1 }, "geometry": { "type": "Point", "coordinates": [ -122.293902970523021, 47.664729347699513 ] } },
{ "type": "Feature", "properties": { "lat": 47.66473160207655, "lon": -122.28901100465428, "time_of_day": "Morning", "causation": [ "0", "0", "0", "0", "0", "0", "0", "0", "1", "0", "0", "0", "0", "0", "0", "0", "0", "0", "0", "0", "0", "0", "0", "0" ], "duration": 86.0, "sum": 1 }, "geometry": { "type": "Point", "coordinates": [ -122.289011004654284, 47.66473160207655 ] } },
{ "type": "Feature", "properties": { "lat": 47.664738498721569, "lon": -122.29159263119836, "time_of_day": "Morning", "causation": [ "0", "0", "0", "0", "0", "0", "0", "0", "1", "0", "0", "0", "0", "0", "0", "0", "0", "0", "0", "0", "0", "0", "0", "0" ], "duration": 86.0, "sum": 1 }, "geometry": { "type": "Point", "coordinates": [ -122.291592631198355, 47.664738498721569 ] } },
{ "type": "Feature", "properties": { "lat": 47.66474400834371, "lon": -122.29270437432716, "time_of_day": "Morning", "causation": [ "0", "0", "0", "0", "0", "0", "0", "0", "1", "0", "0", "0", "0", "0", "0", "0", "0", "0", "0", "0", "0", "0", "0", "0" ], "duration": 255.0, "sum": 1 }, "geometry": { "type": "Point", "coordinates": [ -122.292704374327158, 47.66474400834371 ] } },
{ "type": "Feature", "properties": { "lat": 47.664744038464043, "lon": -122.29102360172244, "time_of_day": "Morning", "causation": [ "0", "0", "0", "0", "0", "0", "0", "0", "1", "0", "0", "0", "0", "0", "0", "0", "0", "0", "0", "0", "0", "0", "0", "0" ], "duration": 69.0, "sum": 1 }, "geometry": { "type": "Point", "coordinates": [ -122.291023601722443, 47.664744038464043 ] } },
{ "type": "Feature", "properties": { "lat": 47.664745245231352, "lon": -122.29047969381313, "time_of_day": "Morning", "causation": [ "0", "0", "0", "0", "0", "0", "0", "0", "2", "0", "0", "0", "0", "0", "0", "0", "0", "0", "0", "0", "0", "0", "0", "0" ], "duration": 138.0, "sum": 2 }, "geometry": { "type": "Point", "coordinates": [ -122.290479693813126, 47.664745245231352 ] } },
{ "type": "Feature", "properties": { "lat": 47.664747447820211, "lon": -122.29205828608744, "time_of_day": "Morning", "causation": [ "0", "0", "0", "0", "0", "0", "0", "0", "1", "0", "0", "0", "0", "0", "0", "0", "0", "0", "0", "0", "0", "0", "0", "0" ], "duration": 69.0, "sum": 1 }, "geometry": { "type": "Point", "coordinates": [ -122.292058286087439, 47.664747447820211 ] } },
{ "type": "Feature", "properties": { "lat": 47.664748261906873, "lon": -122.29324786350628, "time_of_day": "Morning", "causation": [ "0", "0", "0", "0", "0", "0", "0", "0", "2", "0", "0", "0", "0", "0", "0", "0", "0", "0", "0", "0", "0", "0", "0", "0" ], "duration": 510.0, "sum": 2 }, "geometry": { "type": "Point", "coordinates": [ -122.293247863506281, 47.664748261906873 ] } },
{ "type": "Feature", "properties": { "lat": 47.664757434841391, "lon": -122.29484244673144, "time_of_day": "Morning", "causation": [ "0", "0", "0", "0", "0", "0", "0", "0", "1", "0", "0", "0", "0", "0", "0", "0", "0", "0", "0", "0", "0", "0", "0", "0" ], "duration": 255.0, "sum": 1 }, "geometry": { "type": "Point", "coordinates": [ -122.294842446731437, 47.664757434841391 ] } },
{ "type": "Feature", "properties": { "lat": 47.664807361819904, "lon": -122.35862537656256, "time_of_day": "Morning", "causation": [ "0", "0", "0", "0", "0", "0", "0", "0", "0", "0", "0", "0", "0", "0", "0", "0", "0", "0", "1", "0", "0", "0", "0", "0" ], "duration": 419.0, "sum": 1 }, "geometry": { "type": "Point", "coordinates": [ -122.358625376562557, 47.664807361819904 ] } },
{ "type": "Feature", "properties": { "lat": 47.664822225105461, "lon": -122.3030596409744, "time_of_day": "Morning", "causation": [ "0", "0", "0", "0", "0", "0", "0", "0", "18", "0", "0", "0", "0", "0", "0", "0", "0", "0", "0", "0", "0", "0", "0", "0" ], "duration": 1098.0, "sum": 18 }, "geometry": { "type": "Point", "coordinates": [ -122.303059640974396, 47.664822225105461 ] } },
{ "type": "Feature", "properties": { "lat": 47.664840267786929, "lon": -122.3047397799255, "time_of_day": "Morning", "causation": [ "0", "0", "0", "0", "0", "0", "0", "0", "6", "0", "0", "0", "0", "0", "0", "0", "0", "0", "0", "0", "0", "0", "0", "0" ], "duration": 366.0, "sum": 6 }, "geometry": { "type": "Point", "coordinates": [ -122.304739779925498, 47.664840267786929 ] } },
{ "type": "Feature", "properties": { "lat": 47.664896584633127, "lon": -122.38103081187612, "time_of_day": "Morning", "causation": [ "0", "0", "0", "0", "0", "0", "0", "0", "0", "0", "0", "0", "0", "0", "1", "0", "0", "0", "0", "0", "0", "0", "0", "0" ], "duration": 152.0, "sum": 1 }, "geometry": { "type": "Point", "coordinates": [ -122.381030811876116, 47.664896584633127 ] } },
{ "type": "Feature", "properties": { "lat": 47.665023607158616, "lon": -122.28986012290324, "time_of_day": "Morning", "causation": [ "0", "0", "0", "0", "0", "0", "0", "0", "1", "0", "0", "0", "0", "0", "0", "0", "0", "0", "0", "0", "0", "0", "0", "0" ], "duration": 86.0, "sum": 1 }, "geometry": { "type": "Point", "coordinates": [ -122.289860122903235, 47.665023607158616 ] } },
{ "type": "Feature", "properties": { "lat": 47.665027063576851, "lon": -122.28938756422016, "time_of_day": "Morning", "causation": [ "0", "0", "0", "0", "0", "0", "0", "0", "1", "0", "0", "0", "0", "0", "0", "0", "0", "0", "0", "0", "0", "0", "0", "0" ], "duration": 86.0, "sum": 1 }, "geometry": { "type": "Point", "coordinates": [ -122.289387564220164, 47.665027063576851 ] } },
{ "type": "Feature", "properties": { "lat": 47.66503263455246, "lon": -122.28879501036836, "time_of_day": "Morning", "causation": [ "0", "0", "0", "0", "0", "0", "0", "0", "1", "0", "0", "0", "0", "0", "0", "0", "0", "0", "0", "0", "0", "0", "0", "0" ], "duration": 86.0, "sum": 1 }, "geometry": { "type": "Point", "coordinates": [ -122.288795010368361, 47.66503263455246 ] } },
{ "type": "Feature", "properties": { "lat": 47.665051811704423, "lon": -122.38115371315456, "time_of_day": "Morning", "causation": [ "0", "0", "0", "0", "0", "0", "0", "0", "0", "0", "0", "0", "0", "0", "1", "0", "0", "0", "0", "0", "0", "0", "0", "0" ], "duration": 152.0, "sum": 1 }, "geometry": { "type": "Point", "coordinates": [ -122.381153713154561, 47.665051811704423 ] } },
{ "type": "Feature", "properties": { "lat": 47.665073070558279, "lon": -122.29524135190633, "time_of_day": "Morning", "causation": [ "0", "0", "0", "0", "0", "0", "0", "0", "21", "0", "0", "0", "0", "0", "0", "0", "0", "0", "0", "0", "0", "0", "0", "0" ], "duration": 5355.0, "sum": 21 }, "geometry": { "type": "Point", "coordinates": [ -122.295241351906327, 47.665073070558279 ] } },
{ "type": "Feature", "properties": { "lat": 47.665080605534961, "lon": -122.29608004293269, "time_of_day": "Morning", "causation": [ "0", "0", "0", "0", "0", "0", "0", "0", "1", "0", "0", "0", "0", "0", "0", "0", "0", "0", "0", "0", "0", "0", "0", "0" ], "duration": 255.0, "sum": 1 }, "geometry": { "type": "Point", "coordinates": [ -122.296080042932687, 47.665080605534961 ] } },
{ "type": "Feature", "properties": { "lat": 47.665080803010746, "lon": -122.30254461990054, "time_of_day": "Morning", "causation": [ "0", "0", "0", "0", "0", "0", "0", "0", "25", "0", "0", "0", "0", "0", "0", "0", "0", "0", "0", "0", "0", "0", "0", "0" ], "duration": 1525.0, "sum": 25 }, "geometry": { "type": "Point", "coordinates": [ -122.302544619900544, 47.665080803010746 ] } },
{ "type": "Feature", "properties": { "lat": 47.665115336774683, "lon": -122.289877313971, "time_of_day": "Morning", "causation": [ "0", "0", "0", "0", "0", "0", "0", "0", "1", "0", "0", "0", "0", "0", "0", "0", "0", "0", "0", "0", "0", "0", "0", "0" ], "duration": 86.0, "sum": 1 }, "geometry": { "type": "Point", "coordinates": [ -122.289877313971004, 47.665115336774683 ] } },
{ "type": "Feature", "properties": { "lat": 47.66512089031945, "lon": -122.30420631706512, "time_of_day": "Morning", "causation": [ "0", "0", "0", "0", "0", "0", "0", "0", "54", "0", "0", "0", "0", "0", "0", "0", "0", "0", "0", "0", "0", "0", "0", "0" ], "duration": 3294.0, "sum": 54 }, "geometry": { "type": "Point", "coordinates": [ -122.304206317065123, 47.66512089031945 ] } },
{ "type": "Feature", "properties": { "lat": 47.665132227439372, "lon": -122.28937417643678, "time_of_day": "Morning", "causation": [ "0", "0", "0", "0", "0", "0", "0", "0", "1", "0", "0", "0", "0", "0", "0", "0", "0", "0", "0", "0", "0", "0", "0", "0" ], "duration": 69.0, "sum": 1 }, "geometry": { "type": "Point", "coordinates": [ -122.28937417643678, 47.665132227439372 ] } },
{ "type": "Feature", "properties": { "lat": 47.665142791129739, "lon": -122.2887881298394, "time_of_day": "Morning", "causation": [ "0", "0", "0", "0", "0", "0", "0", "0", "1", "0", "0", "0", "0", "0", "0", "0", "0", "0", "0", "0", "0", "0", "0", "0" ], "duration": 69.0, "sum": 1 }, "geometry": { "type": "Point", "coordinates": [ -122.288788129839403, 47.665142791129739 ] } },
{ "type": "Feature", "properties": { "lat": 47.665167498120219, "lon": -122.30375124619924, "time_of_day": "Morning", "causation": [ "0", "0", "0", "0", "0", "0", "0", "0", "25", "0", "0", "0", "0", "0", "0", "0", "0", "0", "0", "0", "0", "0", "0", "0" ], "duration": 1525.0, "sum": 25 }, "geometry": { "type": "Point", "coordinates": [ -122.303751246199241, 47.665167498120219 ] } },
{ "type": "Feature", "properties": { "lat": 47.665171413317523, "lon": -122.30482271635846, "time_of_day": "Morning", "causation": [ "0", "0", "0", "0", "0", "0", "0", "0", "1", "0", "0", "0", "0", "0", "0", "0", "0", "0", "0", "0", "0", "0", "0", "0" ], "duration": 61.0, "sum": 1 }, "geometry": { "type": "Point", "coordinates": [ -122.304822716358458, 47.665171413317523 ] } },
{ "type": "Feature", "properties": { "lat": 47.665228735269132, "lon": -122.28990937584176, "time_of_day": "Morning", "causation": [ "0", "0", "0", "0", "0", "0", "0", "0", "1", "0", "0", "0", "0", "0", "0", "0", "0", "0", "0", "0", "0", "0", "0", "0" ], "duration": 86.0, "sum": 1 }, "geometry": { "type": "Point", "coordinates": [ -122.289909375841759, 47.665228735269132 ] } },
{ "type": "Feature", "properties": { "lat": 47.665238111066039, "lon": -122.28936582982014, "time_of_day": "Morning", "causation": [ "0", "0", "0", "0", "0", "0", "0", "0", "1", "0", "0", "0", "0", "0", "0", "0", "0", "0", "0", "0", "0", "0", "0", "0" ], "duration": 69.0, "sum": 1 }, "geometry": { "type": "Point", "coordinates": [ -122.289365829820142, 47.665238111066039 ] } },
{ "type": "Feature", "properties": { "lat": 47.665247730762125, "lon": -122.28878348587421, "time_of_day": "Morning", "causation": [ "0", "0", "0", "0", "0", "0", "0", "0", "1", "0", "0", "0", "0", "0", "0", "0", "0", "0", "0", "0", "0", "0", "0", "0" ], "duration": 69.0, "sum": 1 }, "geometry": { "type": "Point", "coordinates": [ -122.288783485874205, 47.665247730762125 ] } },
{ "type": "Feature", "properties": { "lat": 47.665300281725479, "lon": -122.30326621201571, "time_of_day": "Morning", "causation": [ "0", "0", "0", "0", "0", "0", "0", "0", "1", "0", "0", "0", "0", "0", "0", "0", "0", "0", "0", "0", "0", "0", "0", "0" ], "duration": 61.0, "sum": 1 }, "geometry": { "type": "Point", "coordinates": [ -122.303266212015714, 47.665300281725479 ] } },
{ "type": "Feature", "properties": { "lat": 47.665352345594805, "lon": -122.28990068274888, "time_of_day": "Morning", "causation": [ "0", "0", "0", "0", "0", "0", "0", "0", "1", "0", "0", "0", "0", "0", "0", "0", "0", "0", "0", "0", "0", "0", "0", "0" ], "duration": 86.0, "sum": 1 }, "geometry": { "type": "Point", "coordinates": [ -122.289900682748879, 47.665352345594805 ] } },
{ "type": "Feature", "properties": { "lat": 47.665352819295379, "lon": -122.28880886288184, "time_of_day": "Morning", "causation": [ "0", "0", "0", "0", "0", "0", "0", "0", "1", "0", "0", "0", "0", "0", "0", "0", "0", "0", "0", "0", "0", "0", "0", "0" ], "duration": 69.0, "sum": 1 }, "geometry": { "type": "Point", "coordinates": [ -122.288808862881837, 47.665352819295379 ] } },
{ "type": "Feature", "properties": { "lat": 47.665356088962177, "lon": -122.28934684622098, "time_of_day": "Morning", "causation": [ "0", "0", "0", "0", "0", "0", "0", "0", "1", "0", "0", "0", "0", "0", "0", "0", "0", "0", "0", "0", "0", "0", "0", "0" ], "duration": 69.0, "sum": 1 }, "geometry": { "type": "Point", "coordinates": [ -122.28934684622098, 47.665356088962177 ] } },
{ "type": "Feature", "properties": { "lat": 47.665370024410414, "lon": -122.29636510996392, "time_of_day": "Morning", "causation": [ "0", "0", "0", "0", "0", "0", "0", "0", "4", "0", "0", "0", "0", "0", "0", "0", "0", "0", "0", "0", "0", "0", "0", "0" ], "duration": 1020.0, "sum": 4 }, "geometry": { "type": "Point", "coordinates": [ -122.296365109963915, 47.665370024410414 ] } },
{ "type": "Feature", "properties": { "lat": 47.665370276290091, "lon": -122.30490779857178, "time_of_day": "Morning", "causation": [ "0", "0", "0", "0", "0", "0", "0", "0", "1", "0", "0", "0", "0", "0", "0", "0", "0", "0", "0", "0", "0", "0", "0", "0" ], "duration": 61.0, "sum": 1 }, "geometry": { "type": "Point", "coordinates": [ -122.304907798571776, 47.665370276290091 ] } },
{ "type": "Feature", "properties": { "lat": 47.665402175035993, "lon": -122.38168742189418, "time_of_day": "Morning", "causation": [ "0", "0", "0", "0", "0", "0", "0", "0", "0", "0", "0", "0", "0", "0", "5", "0", "0", "0", "0", "0", "0", "0", "0", "0" ], "duration": 760.0, "sum": 5 }, "geometry": { "type": "Point", "coordinates": [ -122.381687421894185, 47.665402175035993 ] } },
{ "type": "Feature", "properties": { "lat": 47.665431498552522, "lon": -122.30327707484048, "time_of_day": "Morning", "causation": [ "0", "0", "0", "0", "0", "0", "0", "0", "1", "0", "0", "0", "0", "0", "0", "0", "0", "0", "0", "0", "0", "0", "0", "0" ], "duration": 61.0, "sum": 1 }, "geometry": { "type": "Point", "coordinates": [ -122.30327707484048, 47.665431498552522 ] } },
{ "type": "Feature", "properties": { "lat": 47.665459538905587, "lon": -122.28994493082818, "time_of_day": "Morning", "causation": [ "0", "0", "0", "0", "0", "0", "0", "0", "1", "0", "0", "0", "0", "0", "0", "0", "0", "0", "0", "0", "0", "0", "0", "0" ], "duration": 86.0, "sum": 1 }, "geometry": { "type": "Point", "coordinates": [ -122.289944930828185, 47.665459538905587 ] } },
{ "type": "Feature", "properties": { "lat": 47.6654610261496, "lon": -122.28934220329548, "time_of_day": "Morning", "causation": [ "0", "0", "0", "0", "0", "0", "0", "0", "1", "0", "0", "0", "0", "0", "0", "0", "0", "0", "0", "0", "0", "0", "0", "0" ], "duration": 69.0, "sum": 1 }, "geometry": { "type": "Point", "coordinates": [ -122.289342203295476, 47.6654610261496 ] } },
{ "type": "Feature", "properties": { "lat": 47.665465517008187, "lon": -122.38242020781492, "time_of_day": "Morning", "causation": [ "0", "0", "0", "0", "0", "0", "0", "0", "0", "0", "0", "0", "0", "0", "4", "0", "0", "0", "0", "0", "0", "0", "0", "0" ], "duration": 608.0, "sum": 4 }, "geometry": { "type": "Point", "coordinates": [ -122.382420207814917, 47.665465517008187 ] } },
{ "type": "Feature", "properties": { "lat": 47.665475338878423, "lon": -122.38188603293192, "time_of_day": "Morning", "causation": [ "0", "0", "0", "0", "0", "0", "0", "0", "0", "0", "0", "0", "0", "0", "3", "0", "0", "0", "0", "0", "0", "0", "0", "0" ], "duration": 456.0, "sum": 3 }, "geometry": { "type": "Point", "coordinates": [ -122.381886032931916, 47.665475338878423 ] } },
{ "type": "Feature", "properties": { "lat": 47.665479805019459, "lon": -122.28876532922662, "time_of_day": "Morning", "causation": [ "0", "0", "0", "0", "0", "0", "0", "0", "1", "0", "0", "0", "0", "0", "0", "0", "0", "0", "0", "0", "0", "0", "0", "0" ], "duration": 69.0, "sum": 1 }, "geometry": { "type": "Point", "coordinates": [ -122.288765329226621, 47.665479805019459 ] } },
{ "type": "Feature", "properties": { "lat": 47.665487735642962, "lon": -122.30488436231838, "time_of_day": "Morning", "causation": [ "0", "0", "0", "0", "0", "0", "0", "0", "6", "0", "0", "0", "0", "0", "0", "0", "0", "0", "0", "0", "0", "0", "0", "0" ], "duration": 366.0, "sum": 6 }, "geometry": { "type": "Point", "coordinates": [ -122.304884362318376, 47.665487735642962 ] } },
{ "type": "Feature", "properties": { "lat": 47.665499285114862, "lon": -122.38125481368211, "time_of_day": "Morning", "causation": [ "0", "0", "0", "0", "0", "0", "0", "0", "0", "0", "0", "0", "0", "0", "1", "0", "0", "0", "0", "0", "0", "0", "0", "0" ], "duration": 152.0, "sum": 1 }, "geometry": { "type": "Point", "coordinates": [ -122.381254813682105, 47.665499285114862 ] } },
{ "type": "Feature", "properties": { "lat": 47.665527702453019, "lon": -122.3825928064464, "time_of_day": "Morning", "causation": [ "0", "0", "0", "0", "0", "0", "0", "0", "0", "0", "0", "0", "0", "0", "1", "0", "0", "0", "0", "0", "0", "0", "0", "0" ], "duration": 152.0, "sum": 1 }, "geometry": { "type": "Point", "coordinates": [ -122.382592806446397, 47.665527702453019 ] } },
{ "type": "Feature", "properties": { "lat": 47.665553686169723, "lon": -122.30285531516827, "time_of_day": "Morning", "causation": [ "0", "0", "0", "0", "0", "0", "0", "0", "2", "0", "0", "0", "0", "0", "0", "0", "0", "0", "0", "0", "0", "0", "0", "0" ], "duration": 122.0, "sum": 2 }, "geometry": { "type": "Point", "coordinates": [ -122.302855315168273, 47.665553686169723 ] } },
{ "type": "Feature", "properties": { "lat": 47.66556904285931, "lon": -122.38191647167326, "time_of_day": "Morning", "causation": [ "0", "0", "0", "0", "0", "0", "0", "0", "0", "0", "0", "0", "0", "0", "6", "0", "0", "0", "0", "0", "0", "0", "0", "0" ], "duration": 912.0, "sum": 6 }, "geometry": { "type": "Point", "coordinates": [ -122.381916471673264, 47.66556904285931 ] } },
{ "type": "Feature", "properties": { "lat": 47.665569959492267, "lon": -122.28934777129813, "time_of_day": "Morning", "causation": [ "0", "0", "0", "0", "0", "0", "0", "0", "1", "0", "0", "0", "0", "0", "0", "0", "0", "0", "0", "0", "0", "0", "0", "0" ], "duration": 69.0, "sum": 1 }, "geometry": { "type": "Point", "coordinates": [ -122.289347771298125, 47.665569959492267 ] } },
{ "type": "Feature", "properties": { "lat": 47.665574290916659, "lon": -122.3032585321524, "time_of_day": "Morning", "causation": [ "0", "0", "0", "0", "0", "0", "0", "0", "2", "0", "0", "0", "0", "0", "0", "0", "0", "0", "0", "0", "0", "0", "0", "0" ], "duration": 122.0, "sum": 2 }, "geometry": { "type": "Point", "coordinates": [ -122.303258532152398, 47.665574290916659 ] } },
{ "type": "Feature", "properties": { "lat": 47.665578298699309, "lon": -122.28992849512368, "time_of_day": "Morning", "causation": [ "0", "0", "0", "0", "0", "0", "0", "0", "2", "0", "0", "0", "0", "0", "0", "0", "0", "0", "0", "0", "0", "0", "0", "0" ], "duration": 138.0, "sum": 2 }, "geometry": { "type": "Point", "coordinates": [ -122.289928495123675, 47.665578298699309 ] } },
{ "type": "Feature", "properties": { "lat": 47.665579024532853, "lon": -122.28972657174415, "time_of_day": "Morning", "causation": [ "0", "0", "0", "0", "0", "0", "0", "0", "1", "0", "0", "0", "0", "0", "0", "0", "0", "0", "0", "0", "0", "0", "0", "0" ], "duration": 69.0, "sum": 1 }, "geometry": { "type": "Point", "coordinates": [ -122.289726571744154, 47.665579024532853 ] } },
{ "type": "Feature", "properties": { "lat": 47.665582462071377, "lon": -122.38271215495308, "time_of_day": "Morning", "causation": [ "0", "0", "0", "0", "0", "0", "0", "0", "0", "0", "0", "0", "0", "0", "1", "0", "0", "0", "0", "0", "0", "0", "0", "0" ], "duration": 152.0, "sum": 1 }, "geometry": { "type": "Point", "coordinates": [ -122.382712154953083, 47.665582462071377 ] } },
{ "type": "Feature", "properties": { "lat": 47.665605385075601, "lon": -122.30421548486196, "time_of_day": "Morning", "causation": [ "0", "0", "0", "0", "0", "0", "0", "0", "7", "0", "0", "0", "0", "0", "0", "0", "0", "0", "0", "0", "0", "0", "0", "0" ], "duration": 427.0, "sum": 7 }, "geometry": { "type": "Point", "coordinates": [ -122.304215484861956, 47.665605385075601 ] } },
{ "type": "Feature", "properties": { "lat": 47.665616619199348, "lon": -122.29660007870709, "time_of_day": "Morning", "causation": [ "0", "0", "0", "0", "0", "0", "0", "0", "2", "0", "0", "0", "0", "0", "0", "0", "0", "0", "0", "0", "0", "0", "0", "0" ], "duration": 510.0, "sum": 2 }, "geometry": { "type": "Point", "coordinates": [ -122.296600078707087, 47.665616619199348 ] } },
{ "type": "Feature", "properties": { "lat": 47.665627849703256, "lon": -122.30482652909772, "time_of_day": "Morning", "causation": [ "0", "0", "0", "0", "0", "0", "0", "0", "1", "0", "0", "0", "0", "0", "0", "0", "0", "0", "0", "0", "0", "0", "0", "0" ], "duration": 61.0, "sum": 1 }, "geometry": { "type": "Point", "coordinates": [ -122.304826529097724, 47.665627849703256 ] } },
{ "type": "Feature", "properties": { "lat": 47.665649782395427, "lon": -122.28879776759642, "time_of_day": "Morning", "causation": [ "0", "0", "0", "0", "0", "0", "0", "0", "1", "0", "0", "0", "0", "0", "0", "0", "0", "0", "0", "0", "0", "0", "0", "0" ], "duration": 69.0, "sum": 1 }, "geometry": { "type": "Point", "coordinates": [ -122.288797767596421, 47.665649782395427 ] } },
{ "type": "Feature", "properties": { "lat": 47.665659470542472, "lon": -122.38192874545869, "time_of_day": "Morning", "causation": [ "0", "0", "0", "0", "0", "0", "0", "0", "0", "0", "0", "0", "0", "0", "8", "0", "0", "0", "0", "0", "0", "0", "0", "0" ], "duration": 1216.0, "sum": 8 }, "geometry": { "type": "Point", "coordinates": [ -122.381928745458694, 47.665659470542472 ] } },
{ "type": "Feature", "properties": { "lat": 47.665683608019393, "lon": -122.28994387918682, "time_of_day": "Morning", "causation": [ "0", "0", "0", "0", "0", "0", "0", "0", "1", "0", "0", "0", "0", "0", "0", "0", "0", "0", "0", "0", "0", "0", "0", "0" ], "duration": 69.0, "sum": 1 }, "geometry": { "type": "Point", "coordinates": [ -122.289943879186822, 47.665683608019393 ] } },
{ "type": "Feature", "properties": { "lat": 47.665691131822648, "lon": -122.28937147317976, "time_of_day": "Morning", "causation": [ "0", "0", "0", "0", "0", "0", "0", "0", "1", "0", "0", "0", "0", "0", "0", "0", "0", "0", "0", "0", "0", "0", "0", "0" ], "duration": 69.0, "sum": 1 }, "geometry": { "type": "Point", "coordinates": [ -122.289371473179756, 47.665691131822648 ] } },
{ "type": "Feature", "properties": { "lat": 47.665705811239647, "lon": -122.30171342448403, "time_of_day": "Morning", "causation": [ "0", "0", "0", "0", "0", "0", "0", "0", "71", "0", "0", "0", "0", "0", "0", "0", "0", "0", "0", "0", "0", "0", "0", "0" ], "duration": 4331.0, "sum": 71 }, "geometry": { "type": "Point", "coordinates": [ -122.301713424484035, 47.665705811239647 ] } },
{ "type": "Feature", "properties": { "lat": 47.665733443724719, "lon": -122.29588958157446, "time_of_day": "Morning", "causation": [ "0", "0", "0", "0", "0", "0", "0", "0", "7", "0", "0", "0", "0", "0", "0", "0", "0", "0", "0", "0", "0", "0", "0", "0" ], "duration": 1785.0, "sum": 7 }, "geometry": { "type": "Point", "coordinates": [ -122.295889581574457, 47.665733443724719 ] } },
{ "type": "Feature", "properties": { "lat": 47.665743377632886, "lon": -122.30423526086872, "time_of_day": "Morning", "causation": [ "0", "0", "0", "0", "0", "0", "0", "0", "7", "0", "0", "0", "0", "0", "0", "0", "0", "0", "0", "0", "0", "0", "0", "0" ], "duration": 427.0, "sum": 7 }, "geometry": { "type": "Point", "coordinates": [ -122.304235260868722, 47.665743377632886 ] } },
{ "type": "Feature", "properties": { "lat": 47.665756799531202, "lon": -122.28561327072978, "time_of_day": "Morning", "causation": [ "0", "0", "0", "0", "0", "0", "0", "0", "1", "0", "0", "0", "0", "0", "0", "0", "0", "0", "0", "0", "0", "0", "0", "0" ], "duration": 86.0, "sum": 1 }, "geometry": { "type": "Point", "coordinates": [ -122.285613270729783, 47.665756799531202 ] } },
{ "type": "Feature", "properties": { "lat": 47.66578400052753, "lon": -122.28879426409851, "time_of_day": "Morning", "causation": [ "0", "0", "0", "0", "0", "0", "0", "0", "1", "0", "0", "0", "0", "0", "0", "0", "0", "0", "0", "0", "0", "0", "0", "0" ], "duration": 69.0, "sum": 1 }, "geometry": { "type": "Point", "coordinates": [ -122.288794264098513, 47.66578400052753 ] } },
{ "type": "Feature", "properties": { "lat": 47.665790872162496, "lon": -122.30478655067472, "time_of_day": "Morning", "causation": [ "0", "0", "0", "0", "0", "0", "0", "0", "4", "0", "0", "0", "0", "0", "0", "0", "0", "0", "0", "0", "0", "0", "0", "0" ], "duration": 244.0, "sum": 4 }, "geometry": { "type": "Point", "coordinates": [ -122.30478655067472, 47.665790872162496 ] } },
{ "type": "Feature", "properties": { "lat": 47.665796106347457, "lon": -122.2893846954417, "time_of_day": "Morning", "causation": [ "0", "0", "0", "0", "0", "0", "0", "0", "1", "0", "0", "0", "0", "0", "0", "0", "0", "0", "0", "0", "0", "0", "0", "0" ], "duration": 69.0, "sum": 1 }, "geometry": { "type": "Point", "coordinates": [ -122.289384695441697, 47.665796106347457 ] } },
{ "type": "Feature", "properties": { "lat": 47.66580021080258, "lon": -122.28994982170192, "time_of_day": "Morning", "causation": [ "0", "0", "0", "0", "0", "0", "0", "0", "1", "0", "0", "0", "0", "0", "0", "0", "0", "0", "0", "0", "0", "0", "0", "0" ], "duration": 69.0, "sum": 1 }, "geometry": { "type": "Point", "coordinates": [ -122.289949821701924, 47.66580021080258 ] } },
{ "type": "Feature", "properties": { "lat": 47.665806507653542, "lon": -122.28631063328444, "time_of_day": "Morning", "causation": [ "0", "0", "0", "0", "0", "0", "0", "0", "1", "0", "0", "0", "0", "0", "0", "0", "0", "0", "0", "0", "0", "0", "0", "0" ], "duration": 86.0, "sum": 1 }, "geometry": { "type": "Point", "coordinates": [ -122.286310633284444, 47.665806507653542 ] } },
{ "type": "Feature", "properties": { "lat": 47.665809666945748, "lon": -122.38297668688853, "time_of_day": "Morning", "causation": [ "0", "0", "0", "0", "0", "0", "0", "0", "0", "0", "0", "0", "0", "0", "9", "0", "0", "0", "0", "0", "0", "0", "0", "0" ], "duration": 1368.0, "sum": 9 }, "geometry": { "type": "Point", "coordinates": [ -122.382976686888526, 47.665809666945748 ] } },
{ "type": "Feature", "properties": { "lat": 47.665822372107222, "lon": -122.29704632947526, "time_of_day": "Morning", "causation": [ "0", "0", "0", "0", "0", "0", "0", "0", "117", "0", "0", "0", "0", "0", "0", "0", "0", "0", "0", "0", "0", "0", "0", "0" ], "duration": 27846.0, "sum": 117 }, "geometry": { "type": "Point", "coordinates": [ -122.297046329475265, 47.665822372107222 ] } },
{ "type": "Feature", "properties": { "lat": 47.665881000244255, "lon": -122.30255212986052, "time_of_day": "Morning", "causation": [ "0", "0", "0", "0", "0", "0", "0", "0", "10", "0", "0", "0", "0", "0", "0", "0", "0", "0", "0", "0", "0", "0", "0", "0" ], "duration": 610.0, "sum": 10 }, "geometry": { "type": "Point", "coordinates": [ -122.302552129860516, 47.665881000244255 ] } },
{ "type": "Feature", "properties": { "lat": 47.665885870299682, "lon": -122.30419874651996, "time_of_day": "Morning", "causation": [ "0", "0", "0", "0", "0", "0", "0", "0", "7", "0", "0", "0", "0", "0", "0", "0", "0", "0", "0", "0", "0", "0", "0", "0" ], "duration": 427.0, "sum": 7 }, "geometry": { "type": "Point", "coordinates": [ -122.304198746519958, 47.665885870299682 ] } },
{ "type": "Feature", "properties": { "lat": 47.665906218218566, "lon": -122.28936906741792, "time_of_day": "Morning", "causation": [ "0", "0", "0", "0", "0", "0", "0", "0", "1", "0", "0", "0", "0", "0", "0", "0", "0", "0", "0", "0", "0", "0", "0", "0" ], "duration": 69.0, "sum": 1 }, "geometry": { "type": "Point", "coordinates": [ -122.289369067417923, 47.665906218218566 ] } },
{ "type": "Feature", "properties": { "lat": 47.665907129306902, "lon": -122.28992406313536, "time_of_day": "Morning", "causation": [ "0", "0", "0", "0", "0", "0", "0", "0", "1", "0", "0", "0", "0", "0", "0", "0", "0", "0", "0", "0", "0", "0", "0", "0" ], "duration": 86.0, "sum": 1 }, "geometry": { "type": "Point", "coordinates": [ -122.289924063135359, 47.665907129306902 ] } },
{ "type": "Feature", "properties": { "lat": 47.665908448400522, "lon": -122.29620132251868, "time_of_day": "Morning", "causation": [ "0", "0", "0", "0", "0", "0", "0", "0", "3", "0", "0", "0", "0", "0", "0", "0", "0", "0", "0", "0", "0", "0", "0", "0" ], "duration": 765.0, "sum": 3 }, "geometry": { "type": "Point", "coordinates": [ -122.296201322518684, 47.665908448400522 ] } },
{ "type": "Feature", "properties": { "lat": 47.6659105887218, "lon": -122.28880177850444, "time_of_day": "Morning", "causation": [ "0", "0", "0", "0", "0", "0", "0", "0", "1", "0", "0", "0", "0", "0", "0", "0", "0", "0", "0", "0", "0", "0", "0", "0" ], "duration": 69.0, "sum": 1 }, "geometry": { "type": "Point", "coordinates": [ -122.288801778504435, 47.6659105887218 ] } },
{ "type": "Feature", "properties": { "lat": 47.665934459133098, "lon": -122.28628806113194, "time_of_day": "Morning", "causation": [ "0", "0", "0", "0", "0", "0", "0", "0", "1", "0", "0", "0", "0", "0", "0", "0", "0", "0", "0", "0", "0", "0", "0", "0" ], "duration": 86.0, "sum": 1 }, "geometry": { "type": "Point", "coordinates": [ -122.286288061131941, 47.665934459133098 ] } },
{ "type": "Feature", "properties": { "lat": 47.665934601135255, "lon": -122.28659036348527, "time_of_day": "Morning", "causation": [ "0", "0", "0", "0", "0", "0", "0", "0", "1", "0", "0", "0", "0", "0", "0", "0", "0", "0", "0", "0", "0", "0", "0", "0" ], "duration": 86.0, "sum": 1 }, "geometry": { "type": "Point", "coordinates": [ -122.286590363485274, 47.665934601135255 ] } },
{ "type": "Feature", "properties": { "lat": 47.665959266913646, "lon": -122.30307377293016, "time_of_day": "Morning", "causation": [ "0", "0", "0", "0", "0", "0", "0", "0", "5", "0", "0", "0", "0", "0", "0", "0", "0", "0", "0", "0", "0", "0", "0", "0" ], "duration": 305.0, "sum": 5 }, "geometry": { "type": "Point", "coordinates": [ -122.303073772930162, 47.665959266913646 ] } },
{ "type": "Feature", "properties": { "lat": 47.665993325894433, "lon": -122.38311002772956, "time_of_day": "Morning", "causation": [ "0", "0", "0", "0", "0", "0", "0", "0", "0", "0", "0", "0", "0", "0", "3", "0", "0", "0", "0", "0", "0", "0", "0", "0" ], "duration": 456.0, "sum": 3 }, "geometry": { "type": "Point", "coordinates": [ -122.383110027729558, 47.665993325894433 ] } },
{ "type": "Feature", "properties": { "lat": 47.666004945847412, "lon": -122.28937547807594, "time_of_day": "Morning", "causation": [ "0", "0", "0", "0", "0", "0", "0", "0", "1", "0", "0", "0", "0", "0", "0", "0", "0", "0", "0", "0", "0", "0", "0", "0" ], "duration": 69.0, "sum": 1 }, "geometry": { "type": "Point", "coordinates": [ -122.289375478075939, 47.666004945847412 ] } },
{ "type": "Feature", "properties": { "lat": 47.666006849161789, "lon": -122.2899230176322, "time_of_day": "Morning", "causation": [ "0", "0", "0", "0", "0", "0", "0", "0", "1", "0", "0", "0", "0", "0", "0", "0", "0", "0", "0", "0", "0", "0", "0", "0" ], "duration": 86.0, "sum": 1 }, "geometry": { "type": "Point", "coordinates": [ -122.289923017632205, 47.666006849161789 ] } },
{ "type": "Feature", "properties": { "lat": 47.666007377356017, "lon": -122.38239196513248, "time_of_day": "Morning", "causation": [ "0", "0", "0", "0", "0", "0", "0", "0", "0", "0", "0", "0", "0", "0", "6", "0", "0", "0", "0", "0", "0", "0", "0", "0" ], "duration": 912.0, "sum": 6 }, "geometry": { "type": "Point", "coordinates": [ -122.382391965132484, 47.666007377356017 ] } },
{ "type": "Feature", "properties": { "lat": 47.666013315036452, "lon": -122.28882084679782, "time_of_day": "Morning", "causation": [ "0", "0", "0", "0", "0", "0", "0", "0", "1", "0", "0", "0", "0", "0", "0", "0", "0", "0", "0", "0", "0", "0", "0", "0" ], "duration": 69.0, "sum": 1 }, "geometry": { "type": "Point", "coordinates": [ -122.288820846797819, 47.666013315036452 ] } },
{ "type": "Feature", "properties": { "lat": 47.666025137543542, "lon": -122.30493271533049, "time_of_day": "Morning", "causation": [ "0", "0", "0", "0", "0", "0", "0", "0", "3", "0", "0", "0", "0", "0", "0", "0", "0", "0", "0", "0", "0", "0", "0", "0" ], "duration": 183.0, "sum": 3 }, "geometry": { "type": "Point", "coordinates": [ -122.304932715330494, 47.666025137543542 ] } },
{ "type": "Feature", "properties": { "lat": 47.66602695285107, "lon": -122.30242101708076, "time_of_day": "Morning", "causation": [ "0", "0", "0", "0", "0", "0", "0", "0", "8", "0", "0", "0", "0", "0", "0", "0", "0", "0", "0", "0", "0", "0", "0", "0" ], "duration": 488.0, "sum": 8 }, "geometry": { "type": "Point", "coordinates": [ -122.302421017080761, 47.66602695285107 ] } },
{ "type": "Feature", "properties": { "lat": 47.666028215730172, "lon": -122.30414795993464, "time_of_day": "Morning", "causation": [ "0", "0", "0", "0", "0", "0", "0", "0", "9", "0", "0", "0", "0", "0", "0", "0", "0", "0", "0", "0", "0", "0", "0", "0" ], "duration": 549.0, "sum": 9 }, "geometry": { "type": "Point", "coordinates": [ -122.304147959934639, 47.666028215730172 ] } },
{ "type": "Feature", "properties": { "lat": 47.66606861388496, "lon": -122.38322985603386, "time_of_day": "Morning", "causation": [ "0", "0", "0", "0", "0", "0", "0", "0", "0", "0", "0", "0", "0", "0", "4", "0", "0", "0", "0", "0", "0", "0", "0", "0" ], "duration": 608.0, "sum": 4 }, "geometry": { "type": "Point", "coordinates": [ -122.383229856033864, 47.66606861388496 ] } },
{ "type": "Feature", "properties": { "lat": 47.666110206796539, "lon": -122.28939465101514, "time_of_day": "Morning", "causation": [ "0", "0", "0", "0", "0", "0", "0", "0", "1", "0", "0", "0", "0", "0", "0", "0", "0", "0", "0", "0", "0", "0", "0", "0" ], "duration": 69.0, "sum": 1 }, "geometry": { "type": "Point", "coordinates": [ -122.289394651015144, 47.666110206796539 ] } },
{ "type": "Feature", "properties": { "lat": 47.666120662066106, "lon": -122.28877135595928, "time_of_day": "Morning", "causation": [ "0", "0", "0", "0", "0", "0", "0", "0", "1", "0", "0", "0", "0", "0", "0", "0", "0", "0", "0", "0", "0", "0", "0", "0" ], "duration": 69.0, "sum": 1 }, "geometry": { "type": "Point", "coordinates": [ -122.288771355959284, 47.666120662066106 ] } },
{ "type": "Feature", "properties": { "lat": 47.666121258155982, "lon": -122.28995005485238, "time_of_day": "Morning", "causation": [ "0", "0", "0", "0", "0", "0", "0", "0", "1", "0", "0", "0", "0", "0", "0", "0", "0", "0", "0", "0", "0", "0", "0", "0" ], "duration": 86.0, "sum": 1 }, "geometry": { "type": "Point", "coordinates": [ -122.289950054852383, 47.666121258155982 ] } },
{ "type": "Feature", "properties": { "lat": 47.666131761015571, "lon": -122.2862469693746, "time_of_day": "Morning", "causation": [ "0", "0", "0", "0", "0", "0", "0", "0", "1", "0", "0", "0", "0", "0", "0", "0", "0", "0", "0", "0", "0", "0", "0", "0" ], "duration": 86.0, "sum": 1 }, "geometry": { "type": "Point", "coordinates": [ -122.286246969374602, 47.666131761015571 ] } },
{ "type": "Feature", "properties": { "lat": 47.666145863794704, "lon": -122.30415279085452, "time_of_day": "Morning", "causation": [ "0", "0", "0", "0", "0", "0", "0", "0", "5", "0", "0", "0", "0", "0", "0", "0", "0", "0", "0", "0", "0", "0", "0", "0" ], "duration": 305.0, "sum": 5 }, "geometry": { "type": "Point", "coordinates": [ -122.304152790854516, 47.666145863794704 ] } },
{ "type": "Feature", "properties": { "lat": 47.666152896067032, "lon": -122.30470658864073, "time_of_day": "Morning", "causation": [ "0", "0", "0", "0", "0", "0", "0", "0", "2", "0", "0", "0", "0", "0", "0", "0", "0", "0", "0", "0", "0", "0", "0", "0" ], "duration": 122.0, "sum": 2 }, "geometry": { "type": "Point", "coordinates": [ -122.304706588640727, 47.666152896067032 ] } },
{ "type": "Feature", "properties": { "lat": 47.666154179678877, "lon": -122.3049305397906, "time_of_day": "Morning", "causation": [ "0", "0", "0", "0", "0", "0", "0", "0", "2", "0", "0", "0", "0", "0", "0", "0", "0", "0", "0", "0", "0", "0", "0", "0" ], "duration": 122.0, "sum": 2 }, "geometry": { "type": "Point", "coordinates": [ -122.304930539790604, 47.666154179678877 ] } },
{ "type": "Feature", "properties": { "lat": 47.66616487556233, "lon": -122.38322906091835, "time_of_day": "Morning", "causation": [ "0", "0", "0", "0", "0", "0", "0", "0", "0", "0", "0", "0", "0", "0", "1", "0", "0", "0", "0", "0", "0", "0", "0", "0" ], "duration": 152.0, "sum": 1 }, "geometry": { "type": "Point", "coordinates": [ -122.383229060918353, 47.66616487556233 ] } },
{ "type": "Feature", "properties": { "lat": 47.66617934943703, "lon": -122.29598446800492, "time_of_day": "Morning", "causation": [ "0", "0", "0", "0", "0", "0", "0", "0", "16", "0", "0", "0", "0", "0", "0", "0", "0", "0", "0", "0", "0", "0", "0", "0" ], "duration": 3808.0, "sum": 16 }, "geometry": { "type": "Point", "coordinates": [ -122.295984468004917, 47.66617934943703 ] } },
{ "type": "Feature", "properties": { "lat": 47.666182859638951, "lon": -122.29630212970446, "time_of_day": "Morning", "causation": [ "0", "0", "0", "0", "0", "0", "0", "0", "13", "0", "0", "0", "0", "0", "0", "0", "0", "0", "0", "0", "0", "0", "0", "0" ], "duration": 3094.0, "sum": 13 }, "geometry": { "type": "Point", "coordinates": [ -122.296302129704458, 47.666182859638951 ] } },
{ "type": "Feature", "properties": { "lat": 47.666200357510327, "lon": -122.29831241836476, "time_of_day": "Morning", "causation": [ "0", "0", "0", "0", "0", "0", "0", "0", "1", "0", "0", "0", "0", "0", "0", "0", "0", "0", "0", "0", "0", "0", "0", "0" ], "duration": 238.0, "sum": 1 }, "geometry": { "type": "Point", "coordinates": [ -122.298312418364759, 47.666200357510327 ] } },
{ "type": "Feature", "properties": { "lat": 47.666223927360406, "lon": -122.29069292529891, "time_of_day": "Morning", "causation": [ "0", "0", "0", "0", "0", "0", "0", "0", "4", "0", "0", "0", "0", "0", "0", "0", "0", "0", "0", "0", "0", "0", "0", "0" ], "duration": 344.0, "sum": 4 }, "geometry": { "type": "Point", "coordinates": [ -122.290692925298913, 47.666223927360406 ] } },
{ "type": "Feature", "properties": { "lat": 47.66622660617346, "lon": -122.28879930240529, "time_of_day": "Morning", "causation": [ "0", "0", "0", "0", "0", "0", "0", "0", "1", "0", "0", "0", "0", "0", "0", "0", "0", "0", "0", "0", "0", "0", "0", "0" ], "duration": 69.0, "sum": 1 }, "geometry": { "type": "Point", "coordinates": [ -122.288799302405295, 47.66622660617346 ] } },
{ "type": "Feature", "properties": { "lat": 47.666229684154992, "lon": -122.28993435632805, "time_of_day": "Morning", "causation": [ "0", "0", "0", "0", "0", "0", "0", "0", "1", "0", "0", "0", "0", "0", "0", "0", "0", "0", "0", "0", "0", "0", "0", "0" ], "duration": 69.0, "sum": 1 }, "geometry": { "type": "Point", "coordinates": [ -122.289934356328047, 47.666229684154992 ] } },
{ "type": "Feature", "properties": { "lat": 47.666235344980166, "lon": -122.28621858100372, "time_of_day": "Morning", "causation": [ "0", "0", "0", "0", "0", "0", "0", "0", "1", "0", "0", "0", "0", "0", "0", "0", "0", "0", "0", "0", "0", "0", "0", "0" ], "duration": 86.0, "sum": 1 }, "geometry": { "type": "Point", "coordinates": [ -122.286218581003723, 47.666235344980166 ] } },
{ "type": "Feature", "properties": { "lat": 47.666236270583418, "lon": -122.28938464923158, "time_of_day": "Morning", "causation": [ "0", "0", "0", "0", "0", "0", "0", "0", "1", "0", "0", "0", "0", "0", "0", "0", "0", "0", "0", "0", "0", "0", "0", "0" ], "duration": 69.0, "sum": 1 }, "geometry": { "type": "Point", "coordinates": [ -122.289384649231579, 47.666236270583418 ] } },
{ "type": "Feature", "properties": { "lat": 47.666269009377963, "lon": -122.30164992546794, "time_of_day": "Morning", "causation": [ "0", "0", "0", "0", "0", "0", "0", "0", "9", "0", "0", "0", "0", "0", "0", "0", "0", "0", "0", "0", "0", "0", "0", "0" ], "duration": 549.0, "sum": 9 }, "geometry": { "type": "Point", "coordinates": [ -122.301649925467942, 47.666269009377963 ] } },
{ "type": "Feature", "properties": { "lat": 47.666287161309732, "lon": -122.3024120982987, "time_of_day": "Morning", "causation": [ "0", "0", "0", "0", "0", "0", "0", "0", "12", "0", "0", "0", "0", "0", "0", "0", "0", "0", "0", "0", "0", "0", "0", "0" ], "duration": 732.0, "sum": 12 }, "geometry": { "type": "Point", "coordinates": [ -122.302412098298703, 47.666287161309732 ] } },
{ "type": "Feature", "properties": { "lat": 47.666319426934287, "lon": -122.29702974893119, "time_of_day": "Morning", "causation": [ "0", "0", "0", "0", "0", "0", "0", "0", "1", "0", "0", "0", "0", "0", "0", "0", "0", "0", "0", "0", "0", "0", "0", "0" ], "duration": 238.0, "sum": 1 }, "geometry": { "type": "Point", "coordinates": [ -122.297029748931195, 47.666319426934287 ] } },
{ "type": "Feature", "properties": { "lat": 47.666335341007617, "lon": -122.28988479991116, "time_of_day": "Morning", "causation": [ "0", "0", "0", "0", "0", "0", "0", "0", "1", "0", "0", "0", "0", "0", "0", "0", "0", "0", "0", "0", "0", "0", "0", "0" ], "duration": 69.0, "sum": 1 }, "geometry": { "type": "Point", "coordinates": [ -122.289884799911164, 47.666335341007617 ] } },
{ "type": "Feature", "properties": { "lat": 47.666337941760354, "lon": -122.28936868315375, "time_of_day": "Morning", "causation": [ "0", "0", "0", "0", "0", "0", "0", "0", "1", "0", "0", "0", "0", "0", "0", "0", "0", "0", "0", "0", "0", "0", "0", "0" ], "duration": 69.0, "sum": 1 }, "geometry": { "type": "Point", "coordinates": [ -122.289368683153754, 47.666337941760354 ] } },
{ "type": "Feature", "properties": { "lat": 47.666347535878991, "lon": -122.2862280167172, "time_of_day": "Morning", "causation": [ "0", "0", "0", "0", "0", "0", "0", "0", "1", "0", "0", "0", "0", "0", "0", "0", "0", "0", "0", "0", "0", "0", "0", "0" ], "duration": 86.0, "sum": 1 }, "geometry": { "type": "Point", "coordinates": [ -122.286228016717203, 47.666347535878991 ] } },
{ "type": "Feature", "properties": { "lat": 47.666429704837363, "lon": -122.28882735132228, "time_of_day": "Morning", "causation": [ "0", "0", "0", "0", "0", "0", "0", "0", "1", "0", "0", "0", "0", "0", "0", "0", "0", "0", "0", "0", "0", "0", "0", "0" ], "duration": 69.0, "sum": 1 }, "geometry": { "type": "Point", "coordinates": [ -122.288827351322283, 47.666429704837363 ] } },
{ "type": "Feature", "properties": { "lat": 47.666446574632936, "lon": -122.28990046378024, "time_of_day": "Morning", "causation": [ "0", "0", "0", "0", "0", "0", "0", "0", "1", "0", "0", "0", "0", "0", "0", "0", "0", "0", "0", "0", "0", "0", "0", "0" ], "duration": 69.0, "sum": 1 }, "geometry": { "type": "Point", "coordinates": [ -122.289900463780242, 47.666446574632936 ] } },
{ "type": "Feature", "properties": { "lat": 47.66644760304515, "lon": -122.28937803047585, "time_of_day": "Morning", "causation": [ "0", "0", "0", "0", "0", "0", "0", "0", "1", "0", "0", "0", "0", "0", "0", "0", "0", "0", "0", "0", "0", "0", "0", "0" ], "duration": 69.0, "sum": 1 }, "geometry": { "type": "Point", "coordinates": [ -122.289378030475845, 47.66644760304515 ] } },
{ "type": "Feature", "properties": { "lat": 47.666454995201136, "lon": -122.2970513821714, "time_of_day": "Morning", "causation": [ "0", "0", "0", "0", "0", "0", "0", "0", "1", "0", "0", "0", "0", "0", "0", "0", "0", "0", "0", "0", "0", "0", "0", "0" ], "duration": 238.0, "sum": 1 }, "geometry": { "type": "Point", "coordinates": [ -122.297051382171404, 47.666454995201136 ] } },
{ "type": "Feature", "properties": { "lat": 47.666477796987962, "lon": -122.38368718711492, "time_of_day": "Morning", "causation": [ "0", "0", "0", "0", "0", "0", "0", "0", "0", "0", "0", "0", "0", "0", "1", "0", "0", "0", "0", "0", "0", "0", "0", "0" ], "duration": 152.0, "sum": 1 }, "geometry": { "type": "Point", "coordinates": [ -122.383687187114916, 47.666477796987962 ] } },
{ "type": "Feature", "properties": { "lat": 47.6664800605488, "lon": -122.2965467502657, "time_of_day": "Morning", "causation": [ "0", "0", "0", "0", "0", "0", "0", "0", "1", "0", "0", "0", "0", "0", "0", "0", "0", "0", "0", "0", "0", "0", "0", "0" ], "duration": 238.0, "sum": 1 }, "geometry": { "type": "Point", "coordinates": [ -122.296546750265705, 47.6664800605488 ] } },
{ "type": "Feature", "properties": { "lat": 47.666504605421011, "lon": -122.29878750973684, "time_of_day": "Morning", "causation": [ "0", "0", "0", "0", "0", "0", "0", "0", "1", "0", "0", "0", "0", "0", "0", "0", "0", "0", "0", "0", "0", "0", "0", "0" ], "duration": 238.0, "sum": 1 }, "geometry": { "type": "Point", "coordinates": [ -122.29878750973684, 47.666504605421011 ] } },
{ "type": "Feature", "properties": { "lat": 47.666512286782819, "lon": -122.29932066294954, "time_of_day": "Morning", "causation": [ "0", "0", "0", "0", "0", "0", "0", "0", "2", "0", "0", "0", "0", "0", "0", "0", "0", "0", "0", "0", "0", "0", "0", "0" ], "duration": 122.0, "sum": 2 }, "geometry": { "type": "Point", "coordinates": [ -122.29932066294954, 47.666512286782819 ] } },
{ "type": "Feature", "properties": { "lat": 47.666514814073146, "lon": -122.29602612548324, "time_of_day": "Morning", "causation": [ "0", "0", "0", "0", "0", "0", "0", "0", "1", "0", "0", "0", "0", "0", "0", "0", "0", "0", "0", "0", "0", "0", "0", "0" ], "duration": 238.0, "sum": 1 }, "geometry": { "type": "Point", "coordinates": [ -122.296026125483237, 47.666514814073146 ] } },
{ "type": "Feature", "properties": { "lat": 47.666515192760841, "lon": -122.29586164648028, "time_of_day": "Morning", "causation": [ "0", "0", "0", "0", "0", "0", "0", "0", "1", "0", "0", "0", "0", "0", "0", "0", "0", "0", "0", "0", "0", "0", "0", "0" ], "duration": 238.0, "sum": 1 }, "geometry": { "type": "Point", "coordinates": [ -122.295861646480276, 47.666515192760841 ] } },
{ "type": "Feature", "properties": { "lat": 47.666518327388168, "lon": -122.29621071760728, "time_of_day": "Morning", "causation": [ "0", "0", "0", "0", "0", "0", "0", "0", "1", "0", "0", "0", "0", "0", "0", "0", "0", "0", "0", "0", "0", "0", "0", "0" ], "duration": 238.0, "sum": 1 }, "geometry": { "type": "Point", "coordinates": [ -122.296210717607281, 47.666518327388168 ] } },
{ "type": "Feature", "properties": { "lat": 47.666521724788858, "lon": -122.28607992435862, "time_of_day": "Morning", "causation": [ "0", "0", "0", "0", "0", "0", "0", "0", "1", "0", "0", "0", "0", "0", "0", "0", "0", "0", "0", "0", "0", "0", "0", "0" ], "duration": 86.0, "sum": 1 }, "geometry": { "type": "Point", "coordinates": [ -122.286079924358617, 47.666521724788858 ] } },
{ "type": "Feature", "properties": { "lat": 47.666533022995992, "lon": -122.30003500871337, "time_of_day": "Morning", "causation": [ "0", "0", "0", "0", "0", "0", "0", "0", "1", "0", "0", "0", "0", "0", "0", "0", "0", "0", "0", "0", "0", "0", "0", "0" ], "duration": 61.0, "sum": 1 }, "geometry": { "type": "Point", "coordinates": [ -122.300035008713365, 47.666533022995992 ] } },
{ "type": "Feature", "properties": { "lat": 47.666540815103176, "lon": -122.2976317518016, "time_of_day": "Morning", "causation": [ "0", "0", "0", "0", "0", "0", "0", "0", "1", "0", "0", "0", "0", "0", "0", "0", "0", "0", "0", "0", "0", "0", "0", "0" ], "duration": 238.0, "sum": 1 }, "geometry": { "type": "Point", "coordinates": [ -122.297631751801603, 47.666540815103176 ] } },
{ "type": "Feature", "properties": { "lat": 47.666553267313041, "lon": -122.28988719663252, "time_of_day": "Morning", "causation": [ "0", "0", "0", "0", "0", "0", "0", "0", "1", "0", "0", "0", "0", "0", "0", "0", "0", "0", "0", "0", "0", "0", "0", "0" ], "duration": 69.0, "sum": 1 }, "geometry": { "type": "Point", "coordinates": [ -122.28988719663252, 47.666553267313041 ] } },
{ "type": "Feature", "properties": { "lat": 47.666553504576761, "lon": -122.28880225768154, "time_of_day": "Morning", "causation": [ "0", "0", "0", "0", "0", "0", "0", "0", "1", "0", "0", "0", "0", "0", "0", "0", "0", "0", "0", "0", "0", "0", "0", "0" ], "duration": 69.0, "sum": 1 }, "geometry": { "type": "Point", "coordinates": [ -122.288802257681539, 47.666553504576761 ] } },
{ "type": "Feature", "properties": { "lat": 47.666559902906577, "lon": -122.29785629906171, "time_of_day": "Morning", "causation": [ "0", "0", "0", "0", "0", "0", "0", "0", "1", "0", "0", "0", "0", "0", "0", "0", "0", "0", "0", "0", "0", "0", "0", "0" ], "duration": 238.0, "sum": 1 }, "geometry": { "type": "Point", "coordinates": [ -122.297856299061706, 47.666559902906577 ] } },
{ "type": "Feature", "properties": { "lat": 47.666560591496889, "lon": -122.28939001207765, "time_of_day": "Morning", "causation": [ "0", "0", "0", "0", "0", "0", "0", "0", "1", "0", "0", "0", "0", "0", "0", "0", "0", "0", "0", "0", "0", "0", "0", "0" ], "duration": 69.0, "sum": 1 }, "geometry": { "type": "Point", "coordinates": [ -122.289390012077646, 47.666560591496889 ] } },
{ "type": "Feature", "properties": { "lat": 47.666564563262497, "lon": -122.29826068755264, "time_of_day": "Morning", "causation": [ "0", "0", "0", "0", "0", "0", "0", "0", "1", "0", "0", "0", "0", "0", "0", "0", "0", "0", "0", "0", "0", "0", "0", "0" ], "duration": 238.0, "sum": 1 }, "geometry": { "type": "Point", "coordinates": [ -122.298260687552641, 47.666564563262497 ] } },
{ "type": "Feature", "properties": { "lat": 47.66656918507028, "lon": -122.29743668777488, "time_of_day": "Morning", "causation": [ "0", "0", "0", "0", "0", "0", "0", "0", "1", "0", "0", "0", "0", "0", "0", "0", "0", "0", "0", "0", "0", "0", "0", "0" ], "duration": 238.0, "sum": 1 }, "geometry": { "type": "Point", "coordinates": [ -122.297436687774876, 47.66656918507028 ] } },
{ "type": "Feature", "properties": { "lat": 47.666569743831531, "lon": -122.30237879101348, "time_of_day": "Morning", "causation": [ "0", "0", "0", "0", "0", "0", "0", "0", "9", "0", "0", "0", "0", "0", "0", "0", "0", "0", "0", "0", "0", "0", "0", "0" ], "duration": 549.0, "sum": 9 }, "geometry": { "type": "Point", "coordinates": [ -122.302378791013481, 47.666569743831531 ] } },
{ "type": "Feature", "properties": { "lat": 47.666584703764173, "lon": -122.29930605870754, "time_of_day": "Morning", "causation": [ "0", "0", "0", "0", "0", "0", "0", "0", "1", "0", "0", "0", "0", "0", "0", "0", "0", "0", "0", "0", "0", "0", "0", "0" ], "duration": 61.0, "sum": 1 }, "geometry": { "type": "Point", "coordinates": [ -122.299306058707543, 47.666584703764173 ] } },
{ "type": "Feature", "properties": { "lat": 47.666592706721723, "lon": -122.29879963417876, "time_of_day": "Morning", "causation": [ "0", "0", "0", "0", "0", "0", "0", "0", "1", "0", "0", "0", "0", "0", "0", "0", "0", "0", "0", "0", "0", "0", "0", "0" ], "duration": 238.0, "sum": 1 }, "geometry": { "type": "Point", "coordinates": [ -122.298799634178764, 47.666592706721723 ] } },
{ "type": "Feature", "properties": { "lat": 47.666594985928498, "lon": -122.2970552675155, "time_of_day": "Morning", "causation": [ "0", "0", "0", "0", "0", "0", "0", "0", "1", "0", "0", "0", "0", "0", "0", "0", "0", "0", "0", "0", "0", "0", "0", "0" ], "duration": 238.0, "sum": 1 }, "geometry": { "type": "Point", "coordinates": [ -122.297055267515503, 47.666594985928498 ] } },
{ "type": "Feature", "properties": { "lat": 47.66661021555884, "lon": -122.38377313805624, "time_of_day": "Morning", "causation": [ "0", "0", "0", "0", "0", "0", "0", "0", "0", "0", "0", "0", "0", "0", "1", "0", "0", "0", "0", "0", "0", "0", "0", "0" ], "duration": 152.0, "sum": 1 }, "geometry": { "type": "Point", "coordinates": [ -122.383773138056242, 47.66661021555884 ] } },
{ "type": "Feature", "properties": { "lat": 47.666629343276128, "lon": -122.29651720871485, "time_of_day": "Morning", "causation": [ "0", "0", "0", "0", "0", "0", "0", "0", "1", "0", "0", "0", "0", "0", "0", "0", "0", "0", "0", "0", "0", "0", "0", "0" ], "duration": 238.0, "sum": 1 }, "geometry": { "type": "Point", "coordinates": [ -122.296517208714846, 47.666629343276128 ] } },
{ "type": "Feature", "properties": { "lat": 47.66663931069634, "lon": -122.38302983659852, "time_of_day": "Morning", "causation": [ "0", "0", "0", "0", "0", "0", "0", "0", "0", "0", "0", "0", "0", "0", "1", "0", "0", "0", "0", "0", "0", "0", "0", "0" ], "duration": 152.0, "sum": 1 }, "geometry": { "type": "Point", "coordinates": [ -122.383029836598524, 47.66663931069634 ] } },
{ "type": "Feature", "properties": { "lat": 47.666645767392126, "lon": -122.30477013578148, "time_of_day": "Morning", "causation": [ "0", "0", "0", "0", "0", "0", "0", "0", "13", "0", "0", "0", "0", "0", "0", "0", "0", "0", "0", "0", "0", "0", "0", "0" ], "duration": 793.0, "sum": 13 }, "geometry": { "type": "Point", "coordinates": [ -122.304770135781482, 47.666645767392126 ] } },
{ "type": "Feature", "properties": { "lat": 47.666684552925147, "lon": -122.30035930665488, "time_of_day": "Morning", "causation": [ "0", "0", "0", "0", "0", "0", "0", "0", "1", "0", "0", "0", "0", "0", "0", "0", "0", "0", "0", "0", "0", "0", "0", "0" ], "duration": 61.0, "sum": 1 }, "geometry": { "type": "Point", "coordinates": [ -122.300359306654883, 47.666684552925147 ] } },
{ "type": "Feature", "properties": { "lat": 47.666685597403095, "lon": -122.29827023621118, "time_of_day": "Morning", "causation": [ "0", "0", "0", "0", "0", "0", "0", "0", "1", "0", "0", "0", "0", "0", "0", "0", "0", "0", "0", "0", "0", "0", "0", "0" ], "duration": 238.0, "sum": 1 }, "geometry": { "type": "Point", "coordinates": [ -122.298270236211181, 47.666685597403095 ] } },
{ "type": "Feature", "properties": { "lat": 47.666702512984536, "lon": -122.29879308948486, "time_of_day": "Morning", "causation": [ "0", "0", "0", "0", "0", "0", "0", "0", "1", "0", "0", "0", "0", "0", "0", "0", "0", "0", "0", "0", "0", "0", "0", "0" ], "duration": 238.0, "sum": 1 }, "geometry": { "type": "Point", "coordinates": [ -122.29879308948486, 47.666702512984536 ] } },
{ "type": "Feature", "properties": { "lat": 47.666707218280813, "lon": -122.3023539698422, "time_of_day": "Morning", "causation": [ "0", "0", "0", "0", "0", "0", "0", "0", "11", "0", "0", "0", "0", "0", "0", "0", "0", "0", "0", "0", "0", "0", "0", "0" ], "duration": 671.0, "sum": 11 }, "geometry": { "type": "Point", "coordinates": [ -122.302353969842201, 47.666707218280813 ] } },
{ "type": "Feature", "properties": { "lat": 47.666714232550952, "lon": -122.38389974015504, "time_of_day": "Morning", "causation": [ "0", "0", "0", "0", "0", "0", "0", "0", "0", "0", "0", "0", "0", "0", "2", "0", "0", "0", "0", "0", "0", "0", "0", "0" ], "duration": 304.0, "sum": 2 }, "geometry": { "type": "Point", "coordinates": [ -122.383899740155044, 47.666714232550952 ] } },
{ "type": "Feature", "properties": { "lat": 47.666715626672712, "lon": -122.2970368182731, "time_of_day": "Morning", "causation": [ "0", "0", "0", "0", "0", "0", "0", "0", "1", "0", "0", "0", "0", "0", "0", "0", "0", "0", "0", "0", "0", "0", "0", "0" ], "duration": 238.0, "sum": 1 }, "geometry": { "type": "Point", "coordinates": [ -122.297036818273099, 47.666715626672712 ] } },
{ "type": "Feature", "properties": { "lat": 47.666734200629165, "lon": -122.30137785565948, "time_of_day": "Morning", "causation": [ "0", "0", "0", "0", "0", "0", "0", "0", "6", "0", "0", "0", "0", "0", "0", "0", "0", "0", "0", "0", "0", "0", "0", "0" ], "duration": 366.0, "sum": 6 }, "geometry": { "type": "Point", "coordinates": [ -122.301377855659481, 47.666734200629165 ] } },
{ "type": "Feature", "properties": { "lat": 47.666737020745714, "lon": -122.38310927526742, "time_of_day": "Morning", "causation": [ "0", "0", "0", "0", "0", "0", "0", "0", "0", "0", "0", "0", "0", "0", "2", "0", "0", "0", "0", "0", "0", "0", "0", "0" ], "duration": 304.0, "sum": 2 }, "geometry": { "type": "Point", "coordinates": [ -122.383109275267415, 47.666737020745714 ] } },
{ "type": "Feature", "properties": { "lat": 47.666800440491158, "lon": -122.3833106717245, "time_of_day": "Morning", "causation": [ "0", "0", "0", "0", "0", "0", "0", "0", "0", "0", "0", "0", "0", "0", "11", "0", "0", "0", "0", "0", "0", "0", "0", "0" ], "duration": 1672.0, "sum": 11 }, "geometry": { "type": "Point", "coordinates": [ -122.383310671724502, 47.666800440491158 ] } },
{ "type": "Feature", "properties": { "lat": 47.666804265797424, "lon": -122.38271457899774, "time_of_day": "Morning", "causation": [ "0", "0", "0", "0", "0", "0", "0", "0", "0", "0", "0", "0", "0", "0", "2", "0", "0", "0", "0", "0", "0", "0", "0", "0" ], "duration": 304.0, "sum": 2 }, "geometry": { "type": "Point", "coordinates": [ -122.382714578997735, 47.666804265797424 ] } },
{ "type": "Feature", "properties": { "lat": 47.666821288791667, "lon": -122.29876723638964, "time_of_day": "Morning", "causation": [ "0", "0", "0", "0", "0", "0", "0", "0", "3", "0", "0", "0", "0", "0", "0", "0", "0", "0", "0", "0", "0", "0", "0", "0" ], "duration": 714.0, "sum": 3 }, "geometry": { "type": "Point", "coordinates": [ -122.298767236389637, 47.666821288791667 ] } },
{ "type": "Feature", "properties": { "lat": 47.66683717191102, "lon": -122.28940618272, "time_of_day": "Morning", "causation": [ "0", "0", "0", "0", "0", "0", "0", "0", "1", "0", "0", "0", "0", "0", "0", "0", "0", "0", "0", "0", "0", "0", "0", "0" ], "duration": 69.0, "sum": 1 }, "geometry": { "type": "Point", "coordinates": [ -122.289406182720001, 47.66683717191102 ] } },
{ "type": "Feature", "properties": { "lat": 47.666837523554712, "lon": -122.28879479388766, "time_of_day": "Morning", "causation": [ "0", "0", "0", "0", "0", "0", "0", "0", "1", "0", "0", "0", "0", "0", "0", "0", "0", "0", "0", "0", "0", "0", "0", "0" ], "duration": 69.0, "sum": 1 }, "geometry": { "type": "Point", "coordinates": [ -122.288794793887661, 47.666837523554712 ] } },
{ "type": "Feature", "properties": { "lat": 47.66684268219894, "lon": -122.3024271944616, "time_of_day": "Morning", "causation": [ "0", "0", "0", "0", "0", "0", "0", "0", "11", "0", "0", "0", "0", "0", "0", "0", "0", "0", "0", "0", "0", "0", "0", "0" ], "duration": 671.0, "sum": 11 }, "geometry": { "type": "Point", "coordinates": [ -122.3024271944616, 47.66684268219894 ] } },
{ "type": "Feature", "properties": { "lat": 47.666844627046729, "lon": -122.2982290929138, "time_of_day": "Morning", "causation": [ "0", "0", "0", "0", "0", "0", "0", "0", "1", "0", "0", "0", "0", "0", "0", "0", "0", "0", "0", "0", "0", "0", "0", "0" ], "duration": 238.0, "sum": 1 }, "geometry": { "type": "Point", "coordinates": [ -122.2982290929138, 47.666844627046729 ] } },
{ "type": "Feature", "properties": { "lat": 47.666868876577787, "lon": -122.28990721574938, "time_of_day": "Morning", "causation": [ "0", "0", "0", "0", "0", "0", "0", "0", "1", "0", "0", "0", "0", "0", "0", "0", "0", "0", "0", "0", "0", "0", "0", "0" ], "duration": 69.0, "sum": 1 }, "geometry": { "type": "Point", "coordinates": [ -122.28990721574938, 47.666868876577787 ] } },
{ "type": "Feature", "properties": { "lat": 47.666887841909769, "lon": -122.29746141739072, "time_of_day": "Morning", "causation": [ "0", "0", "0", "0", "0", "0", "0", "0", "2", "0", "0", "0", "0", "0", "0", "0", "0", "0", "0", "0", "0", "0", "0", "0" ], "duration": 476.0, "sum": 2 }, "geometry": { "type": "Point", "coordinates": [ -122.297461417390721, 47.666887841909769 ] } },
{ "type": "Feature", "properties": { "lat": 47.666909347228113, "lon": -122.29640013653504, "time_of_day": "Morning", "causation": [ "0", "0", "0", "0", "0", "0", "0", "0", "1", "0", "0", "0", "0", "0", "0", "0", "0", "0", "0", "0", "0", "0", "0", "0" ], "duration": 238.0, "sum": 1 }, "geometry": { "type": "Point", "coordinates": [ -122.296400136535041, 47.666909347228113 ] } },
{ "type": "Feature", "properties": { "lat": 47.666909829381908, "lon": -122.29602054193948, "time_of_day": "Morning", "causation": [ "0", "0", "0", "0", "0", "0", "0", "0", "1", "0", "0", "0", "0", "0", "0", "0", "0", "0", "0", "0", "0", "0", "0", "0" ], "duration": 238.0, "sum": 1 }, "geometry": { "type": "Point", "coordinates": [ -122.296020541939484, 47.666909829381908 ] } },
{ "type": "Feature", "properties": { "lat": 47.6669108034476, "lon": -122.38417351732711, "time_of_day": "Morning", "causation": [ "0", "0", "0", "0", "0", "0", "0", "0", "0", "0", "0", "0", "0", "0", "6", "0", "0", "0", "0", "0", "0", "0", "0", "0" ], "duration": 912.0, "sum": 6 }, "geometry": { "type": "Point", "coordinates": [ -122.384173517327113, 47.6669108034476 ] } },
{ "type": "Feature", "properties": { "lat": 47.66691897191582, "lon": -122.29585047115025, "time_of_day": "Morning", "causation": [ "0", "0", "0", "0", "0", "0", "0", "0", "1", "0", "0", "0", "0", "0", "0", "0", "0", "0", "0", "0", "0", "0", "0", "0" ], "duration": 238.0, "sum": 1 }, "geometry": { "type": "Point", "coordinates": [ -122.295850471150246, 47.66691897191582 ] } },
{ "type": "Feature", "properties": { "lat": 47.666920218134081, "lon": -122.29885455843709, "time_of_day": "Morning", "causation": [ "0", "0", "0", "0", "0", "0", "0", "0", "1", "0", "0", "0", "0", "0", "0", "0", "0", "0", "0", "0", "0", "0", "0", "0" ], "duration": 238.0, "sum": 1 }, "geometry": { "type": "Point", "coordinates": [ -122.298854558437085, 47.666920218134081 ] } },
{ "type": "Feature", "properties": { "lat": 47.66692828406326, "lon": -122.2893795941214, "time_of_day": "Morning", "causation": [ "0", "0", "0", "0", "0", "0", "0", "0", "1", "0", "0", "0", "0", "0", "0", "0", "0", "0", "0", "0", "0", "0", "0", "0" ], "duration": 69.0, "sum": 1 }, "geometry": { "type": "Point", "coordinates": [ -122.289379594121399, 47.66692828406326 ] } },
{ "type": "Feature", "properties": { "lat": 47.666930105130852, "lon": -122.29698168585284, "time_of_day": "Morning", "causation": [ "0", "0", "0", "0", "0", "0", "0", "0", "1", "0", "0", "0", "0", "0", "0", "0", "0", "0", "0", "0", "0", "0", "0", "0" ], "duration": 238.0, "sum": 1 }, "geometry": { "type": "Point", "coordinates": [ -122.296981685852842, 47.666930105130852 ] } },
{ "type": "Feature", "properties": { "lat": 47.666930213984152, "lon": -122.29621479626422, "time_of_day": "Morning", "causation": [ "0", "0", "0", "0", "0", "0", "0", "0", "1", "0", "0", "0", "0", "0", "0", "0", "0", "0", "0", "0", "0", "0", "0", "0" ], "duration": 238.0, "sum": 1 }, "geometry": { "type": "Point", "coordinates": [ -122.296214796264223, 47.666930213984152 ] } },
{ "type": "Feature", "properties": { "lat": 47.666935315908908, "lon": -122.28880616206948, "time_of_day": "Morning", "causation": [ "0", "0", "0", "0", "0", "0", "0", "0", "1", "0", "0", "0", "0", "0", "0", "0", "0", "0", "0", "0", "0", "0", "0", "0" ], "duration": 69.0, "sum": 1 }, "geometry": { "type": "Point", "coordinates": [ -122.288806162069477, 47.666935315908908 ] } },
{ "type": "Feature", "properties": { "lat": 47.666939284538323, "lon": -122.29780692852113, "time_of_day": "Morning", "causation": [ "0", "0", "0", "0", "0", "0", "0", "0", "1", "0", "0", "0", "0", "0", "0", "0", "0", "0", "0", "0", "0", "0", "0", "0" ], "duration": 238.0, "sum": 1 }, "geometry": { "type": "Point", "coordinates": [ -122.297806928521126, 47.666939284538323 ] } },
{ "type": "Feature", "properties": { "lat": 47.666946163760883, "lon": -122.29655040534732, "time_of_day": "Morning", "causation": [ "0", "0", "0", "0", "0", "0", "0", "0", "1", "0", "0", "0", "0", "0", "0", "0", "0", "0", "0", "0", "0", "0", "0", "0" ], "duration": 238.0, "sum": 1 }, "geometry": { "type": "Point", "coordinates": [ -122.296550405347318, 47.666946163760883 ] } },
{ "type": "Feature", "properties": { "lat": 47.666949486936566, "lon": -122.2976532057308, "time_of_day": "Morning", "causation": [ "0", "0", "0", "0", "0", "0", "0", "0", "1", "0", "0", "0", "0", "0", "0", "0", "0", "0", "0", "0", "0", "0", "0", "0" ], "duration": 238.0, "sum": 1 }, "geometry": { "type": "Point", "coordinates": [ -122.297653205730796, 47.666949486936566 ] } },
{ "type": "Feature", "properties": { "lat": 47.666953449616081, "lon": -122.29712537735551, "time_of_day": "Morning", "causation": [ "0", "0", "0", "0", "0", "0", "0", "0", "1", "0", "0", "0", "0", "0", "0", "0", "0", "0", "0", "0", "0", "0", "0", "0" ], "duration": 238.0, "sum": 1 }, "geometry": { "type": "Point", "coordinates": [ -122.297125377355513, 47.666953449616081 ] } },
{ "type": "Feature", "properties": { "lat": 47.666959425718673, "lon": -122.28603224005344, "time_of_day": "Morning", "causation": [ "0", "0", "0", "0", "0", "0", "0", "0", "1", "0", "0", "0", "0", "0", "0", "0", "0", "0", "0", "0", "0", "0", "0", "0" ], "duration": 86.0, "sum": 1 }, "geometry": { "type": "Point", "coordinates": [ -122.286032240053444, 47.666959425718673 ] } },
{ "type": "Feature", "properties": { "lat": 47.666986447648377, "lon": -122.29878891710754, "time_of_day": "Morning", "causation": [ "0", "0", "0", "0", "0", "0", "0", "0", "1", "0", "0", "0", "0", "0", "0", "0", "0", "0", "0", "0", "0", "0", "0", "0" ], "duration": 238.0, "sum": 1 }, "geometry": { "type": "Point", "coordinates": [ -122.298788917107544, 47.666986447648377 ] } },
{ "type": "Feature", "properties": { "lat": 47.66701650165782, "lon": -122.30484138112575, "time_of_day": "Morning", "causation": [ "0", "0", "0", "0", "0", "0", "0", "0", "4", "0", "0", "0", "0", "0", "0", "0", "0", "0", "0", "0", "0", "0", "0", "0" ], "duration": 244.0, "sum": 4 }, "geometry": { "type": "Point", "coordinates": [ -122.304841381125755, 47.66701650165782 ] } },
{ "type": "Feature", "properties": { "lat": 47.667019853693503, "lon": -122.38503400162072, "time_of_day": "Morning", "causation": [ "0", "0", "0", "0", "0", "0", "0", "0", "0", "0", "0", "0", "0", "0", "1", "0", "0", "0", "0", "0", "0", "0", "0", "0" ], "duration": 152.0, "sum": 1 }, "geometry": { "type": "Point", "coordinates": [ -122.385034001620724, 47.667019853693503 ] } },
{ "type": "Feature", "properties": { "lat": 47.66704946057154, "lon": -122.28935940059256, "time_of_day": "Morning", "causation": [ "0", "0", "0", "0", "0", "0", "0", "0", "1", "0", "0", "0", "0", "0", "0", "0", "0", "0", "0", "0", "0", "0", "0", "0" ], "duration": 69.0, "sum": 1 }, "geometry": { "type": "Point", "coordinates": [ -122.289359400592559, 47.66704946057154 ] } },
{ "type": "Feature", "properties": { "lat": 47.667050737286722, "lon": -122.38434310905544, "time_of_day": "Morning", "causation": [ "0", "0", "0", "0", "0", "0", "0", "0", "0", "0", "0", "0", "0", "0", "3", "0", "0", "0", "0", "0", "0", "0", "0", "0" ], "duration": 456.0, "sum": 3 }, "geometry": { "type": "Point", "coordinates": [ -122.384343109055436, 47.667050737286722 ] } },
{ "type": "Feature", "properties": { "lat": 47.667050815884181, "lon": -122.28881948745652, "time_of_day": "Morning", "causation": [ "0", "0", "0", "0", "0", "0", "0", "0", "1", "0", "0", "0", "0", "0", "0", "0", "0", "0", "0", "0", "0", "0", "0", "0" ], "duration": 69.0, "sum": 1 }, "geometry": { "type": "Point", "coordinates": [ -122.288819487456522, 47.667050815884181 ] } },
{ "type": "Feature", "properties": { "lat": 47.667053234495228, "lon": -122.28989702604488, "time_of_day": "Morning", "causation": [ "0", "0", "0", "0", "0", "0", "0", "0", "1", "0", "0", "0", "0", "0", "0", "0", "0", "0", "0", "0", "0", "0", "0", "0" ], "duration": 69.0, "sum": 1 }, "geometry": { "type": "Point", "coordinates": [ -122.289897026044883, 47.667053234495228 ] } },
{ "type": "Feature", "properties": { "lat": 47.667070884334528, "lon": -122.28603541197783, "time_of_day": "Morning", "causation": [ "0", "0", "0", "0", "0", "0", "0", "0", "1", "0", "0", "0", "0", "0", "0", "0", "0", "0", "0", "0", "0", "0", "0", "0" ], "duration": 86.0, "sum": 1 }, "geometry": { "type": "Point", "coordinates": [ -122.286035411977835, 47.667070884334528 ] } },
{ "type": "Feature", "properties": { "lat": 47.66710379313411, "lon": -122.29887439220563, "time_of_day": "Morning", "causation": [ "0", "0", "0", "0", "0", "0", "0", "0", "2", "0", "0", "0", "0", "0", "0", "0", "0", "0", "0", "0", "0", "0", "0", "0" ], "duration": 476.0, "sum": 2 }, "geometry": { "type": "Point", "coordinates": [ -122.298874392205633, 47.66710379313411 ] } },
{ "type": "Feature", "properties": { "lat": 47.667139030142991, "lon": -122.38440358888651, "time_of_day": "Morning", "causation": [ "0", "0", "0", "0", "0", "0", "0", "0", "0", "0", "0", "0", "0", "0", "2", "0", "0", "0", "0", "0", "0", "0", "0", "0" ], "duration": 304.0, "sum": 2 }, "geometry": { "type": "Point", "coordinates": [ -122.384403588886514, 47.667139030142991 ] } },
{ "type": "Feature", "properties": { "lat": 47.667142192389669, "lon": -122.30036614244644, "time_of_day": "Morning", "causation": [ "0", "0", "0", "0", "0", "0", "0", "0", "9", "0", "0", "0", "0", "0", "0", "0", "0", "0", "0", "0", "0", "0", "0", "0" ], "duration": 549.0, "sum": 9 }, "geometry": { "type": "Point", "coordinates": [ -122.300366142446435, 47.667142192389669 ] } },
{ "type": "Feature", "properties": { "lat": 47.667155656164468, "lon": -122.30481728357336, "time_of_day": "Morning", "causation": [ "0", "0", "0", "0", "0", "0", "0", "0", "5", "0", "0", "0", "0", "0", "0", "0", "0", "0", "0", "0", "0", "0", "0", "0" ], "duration": 305.0, "sum": 5 }, "geometry": { "type": "Point", "coordinates": [ -122.304817283573357, 47.667155656164468 ] } },
{ "type": "Feature", "properties": { "lat": 47.667157874785993, "lon": -122.28883248317076, "time_of_day": "Morning", "causation": [ "0", "0", "0", "0", "0", "0", "0", "0", "1", "0", "0", "0", "0", "0", "0", "0", "0", "0", "0", "0", "0", "0", "0", "0" ], "duration": 69.0, "sum": 1 }, "geometry": { "type": "Point", "coordinates": [ -122.288832483170765, 47.667157874785993 ] } },
{ "type": "Feature", "properties": { "lat": 47.667158546072443, "lon": -122.28935372904805, "time_of_day": "Morning", "causation": [ "0", "0", "0", "0", "0", "0", "0", "0", "1", "0", "0", "0", "0", "0", "0", "0", "0", "0", "0", "0", "0", "0", "0", "0" ], "duration": 69.0, "sum": 1 }, "geometry": { "type": "Point", "coordinates": [ -122.289353729048045, 47.667158546072443 ] } },
{ "type": "Feature", "properties": { "lat": 47.667170218131943, "lon": -122.28992166790078, "time_of_day": "Morning", "causation": [ "0", "0", "0", "0", "0", "0", "0", "0", "1", "0", "0", "0", "0", "0", "0", "0", "0", "0", "0", "0", "0", "0", "0", "0" ], "duration": 69.0, "sum": 1 }, "geometry": { "type": "Point", "coordinates": [ -122.289921667900785, 47.667170218131943 ] } },
{ "type": "Feature", "properties": { "lat": 47.667170499627289, "lon": -122.30417662997128, "time_of_day": "Morning", "causation": [ "0", "0", "0", "0", "0", "0", "0", "0", "4", "0", "0", "0", "0", "0", "0", "0", "0", "0", "0", "0", "0", "0", "0", "0" ], "duration": 244.0, "sum": 4 }, "geometry": { "type": "Point", "coordinates": [ -122.30417662997128, 47.667170499627289 ] } },
{ "type": "Feature", "properties": { "lat": 47.667178214798838, "lon": -122.28603341076436, "time_of_day": "Morning", "causation": [ "0", "0", "0", "0", "0", "0", "0", "0", "1", "0", "0", "0", "0", "0", "0", "0", "0", "0", "0", "0", "0", "0", "0", "0" ], "duration": 86.0, "sum": 1 }, "geometry": { "type": "Point", "coordinates": [ -122.286033410764361, 47.667178214798838 ] } },
{ "type": "Feature", "properties": { "lat": 47.667228445877541, "lon": -122.38381511950379, "time_of_day": "Morning", "causation": [ "0", "0", "0", "0", "0", "0", "0", "0", "0", "0", "0", "0", "0", "0", "2", "0", "0", "0", "0", "0", "0", "0", "0", "0" ], "duration": 304.0, "sum": 2 }, "geometry": { "type": "Point", "coordinates": [ -122.383815119503794, 47.667228445877541 ] } },
{ "type": "Feature", "properties": { "lat": 47.667233091330985, "lon": -122.38449671559005, "time_of_day": "Morning", "causation": [ "0", "0", "0", "0", "0", "0", "0", "0", "0", "0", "0", "0", "0", "0", "2", "0", "0", "0", "0", "0", "0", "0", "0", "0" ], "duration": 304.0, "sum": 2 }, "geometry": { "type": "Point", "coordinates": [ -122.384496715590046, 47.667233091330985 ] } },
{ "type": "Feature", "properties": { "lat": 47.667241523842577, "lon": -122.29877054371856, "time_of_day": "Morning", "causation": [ "0", "0", "0", "0", "0", "0", "0", "0", "1", "0", "0", "0", "0", "0", "0", "0", "0", "0", "0", "0", "0", "0", "0", "0" ], "duration": 238.0, "sum": 1 }, "geometry": { "type": "Point", "coordinates": [ -122.298770543718561, 47.667241523842577 ] } },
{ "type": "Feature", "properties": { "lat": 47.667243137510802, "lon": -122.3855430444946, "time_of_day": "Morning", "causation": [ "0", "0", "0", "0", "0", "0", "0", "0", "0", "0", "0", "0", "0", "0", "2", "0", "0", "0", "0", "0", "0", "0", "0", "0" ], "duration": 304.0, "sum": 2 }, "geometry": { "type": "Point", "coordinates": [ -122.385543044494597, 47.667243137510802 ] } },
{ "type": "Feature", "properties": { "lat": 47.667266970904663, "lon": -122.29588248317587, "time_of_day": "Morning", "causation": [ "0", "0", "0", "0", "0", "0", "0", "0", "1", "0", "0", "0", "0", "0", "0", "0", "0", "0", "0", "0", "0", "0", "0", "0" ], "duration": 238.0, "sum": 1 }, "geometry": { "type": "Point", "coordinates": [ -122.295882483175873, 47.667266970904663 ] } },
{ "type": "Feature", "properties": { "lat": 47.667276011605082, "lon": -122.28939838300772, "time_of_day": "Morning", "causation": [ "0", "0", "0", "0", "0", "0", "0", "0", "1", "0", "0", "0", "0", "0", "0", "0", "0", "0", "0", "0", "0", "0", "0", "0" ], "duration": 69.0, "sum": 1 }, "geometry": { "type": "Point", "coordinates": [ -122.289398383007722, 47.667276011605082 ] } },
{ "type": "Feature", "properties": { "lat": 47.667283844869857, "lon": -122.28882747004148, "time_of_day": "Morning", "causation": [ "0", "0", "0", "0", "0", "0", "0", "0", "1", "0", "0", "0", "0", "0", "0", "0", "0", "0", "0", "0", "0", "0", "0", "0" ], "duration": 69.0, "sum": 1 }, "geometry": { "type": "Point", "coordinates": [ -122.288827470041483, 47.667283844869857 ] } },
{ "type": "Feature", "properties": { "lat": 47.667285304451887, "lon": -122.30414706382146, "time_of_day": "Morning", "causation": [ "0", "0", "0", "0", "0", "0", "0", "0", "15", "0", "0", "0", "0", "0", "0", "0", "0", "0", "0", "0", "0", "0", "0", "0" ], "duration": 915.0, "sum": 15 }, "geometry": { "type": "Point", "coordinates": [ -122.304147063821461, 47.667285304451887 ] } },
{ "type": "Feature", "properties": { "lat": 47.667286214671982, "lon": -122.28990751663488, "time_of_day": "Morning", "causation": [ "0", "0", "0", "0", "0", "0", "0", "0", "1", "0", "0", "0", "0", "0", "0", "0", "0", "0", "0", "0", "0", "0", "0", "0" ], "duration": 69.0, "sum": 1 }, "geometry": { "type": "Point", "coordinates": [ -122.289907516634884, 47.667286214671982 ] } },
{ "type": "Feature", "properties": { "lat": 47.66728675550187, "lon": -122.28605771056812, "time_of_day": "Morning", "causation": [ "0", "0", "0", "0", "0", "0", "0", "0", "1", "0", "0", "0", "0", "0", "0", "0", "0", "0", "0", "0", "0", "0", "0", "0" ], "duration": 86.0, "sum": 1 }, "geometry": { "type": "Point", "coordinates": [ -122.286057710568116, 47.66728675550187 ] } },
{ "type": "Feature", "properties": { "lat": 47.6672887750467, "lon": -122.2962674731594, "time_of_day": "Morning", "causation": [ "0", "0", "0", "0", "0", "0", "0", "0", "1", "0", "0", "0", "0", "0", "0", "0", "0", "0", "0", "0", "0", "0", "0", "0" ], "duration": 238.0, "sum": 1 }, "geometry": { "type": "Point", "coordinates": [ -122.296267473159403, 47.6672887750467 ] } },
{ "type": "Feature", "properties": { "lat": 47.667299887795188, "lon": -122.29772593854496, "time_of_day": "Morning", "causation": [ "0", "0", "0", "0", "0", "0", "0", "0", "1", "0", "0", "0", "0", "0", "0", "0", "0", "0", "0", "0", "0", "0", "0", "0" ], "duration": 238.0, "sum": 1 }, "geometry": { "type": "Point", "coordinates": [ -122.297725938544957, 47.667299887795188 ] } },
{ "type": "Feature", "properties": { "lat": 47.667307341557262, "lon": -122.38497541868335, "time_of_day": "Morning", "causation": [ "0", "0", "0", "0", "0", "0", "0", "0", "0", "0", "0", "0", "0", "0", "6", "0", "0", "0", "0", "0", "0", "0", "0", "0" ], "duration": 912.0, "sum": 6 }, "geometry": { "type": "Point", "coordinates": [ -122.384975418683354, 47.667307341557262 ] } },
{ "type": "Feature", "properties": { "lat": 47.667307898795272, "lon": -122.29698757901184, "time_of_day": "Morning", "causation": [ "0", "0", "0", "0", "0", "0", "0", "0", "1", "0", "0", "0", "0", "0", "0", "0", "0", "0", "0", "0", "0", "0", "0", "0" ], "duration": 238.0, "sum": 1 }, "geometry": { "type": "Point", "coordinates": [ -122.296987579011841, 47.667307898795272 ] } },
{ "type": "Feature", "properties": { "lat": 47.667308144110017, "lon": -122.29738887744028, "time_of_day": "Morning", "causation": [ "0", "0", "0", "0", "0", "0", "0", "0", "1", "0", "0", "0", "0", "0", "0", "0", "0", "0", "0", "0", "0", "0", "0", "0" ], "duration": 238.0, "sum": 1 }, "geometry": { "type": "Point", "coordinates": [ -122.297388877440284, 47.667308144110017 ] } },
{ "type": "Feature", "properties": { "lat": 47.667316805944083, "lon": -122.29678264786207, "time_of_day": "Morning", "causation": [ "0", "0", "0", "0", "0", "0", "0", "0", "1", "0", "0", "0", "0", "0", "0", "0", "0", "0", "0", "0", "0", "0", "0", "0" ], "duration": 238.0, "sum": 1 }, "geometry": { "type": "Point", "coordinates": [ -122.296782647862074, 47.667316805944083 ] } },
{ "type": "Feature", "properties": { "lat": 47.667317111479527, "lon": -122.29804293026946, "time_of_day": "Morning", "causation": [ "0", "0", "0", "0", "0", "0", "0", "0", "1", "0", "0", "0", "0", "0", "0", "0", "0", "0", "0", "0", "0", "0", "0", "0" ], "duration": 238.0, "sum": 1 }, "geometry": { "type": "Point", "coordinates": [ -122.29804293026946, 47.667317111479527 ] } },
{ "type": "Feature", "properties": { "lat": 47.667318816063947, "lon": -122.29757060136062, "time_of_day": "Morning", "causation": [ "0", "0", "0", "0", "0", "0", "0", "0", "1", "0", "0", "0", "0", "0", "0", "0", "0", "0", "0", "0", "0", "0", "0", "0" ], "duration": 238.0, "sum": 1 }, "geometry": { "type": "Point", "coordinates": [ -122.297570601360619, 47.667318816063947 ] } },
{ "type": "Feature", "properties": { "lat": 47.667322409967149, "lon": -122.29833047734544, "time_of_day": "Morning", "causation": [ "0", "0", "0", "0", "0", "0", "0", "0", "1", "0", "0", "0", "0", "0", "0", "0", "0", "0", "0", "0", "0", "0", "0", "0" ], "duration": 238.0, "sum": 1 }, "geometry": { "type": "Point", "coordinates": [ -122.298330477345445, 47.667322409967149 ] } },
{ "type": "Feature", "properties": { "lat": 47.667327450139098, "lon": -122.29641696314262, "time_of_day": "Morning", "causation": [ "0", "0", "0", "0", "0", "0", "0", "0", "1", "0", "0", "0", "0", "0", "0", "0", "0", "0", "0", "0", "0", "0", "0", "0" ], "duration": 238.0, "sum": 1 }, "geometry": { "type": "Point", "coordinates": [ -122.296416963142619, 47.667327450139098 ] } },
{ "type": "Feature", "properties": { "lat": 47.667329717349723, "lon": -122.29714633705213, "time_of_day": "Morning", "causation": [ "0", "0", "0", "0", "0", "0", "0", "0", "1", "0", "0", "0", "0", "0", "0", "0", "0", "0", "0", "0", "0", "0", "0", "0" ], "duration": 238.0, "sum": 1 }, "geometry": { "type": "Point", "coordinates": [ -122.297146337052126, 47.667329717349723 ] } },
{ "type": "Feature", "properties": { "lat": 47.667333109285032, "lon": -122.297883966855, "time_of_day": "Morning", "causation": [ "0", "0", "0", "0", "0", "0", "0", "0", "1", "0", "0", "0", "0", "0", "0", "0", "0", "0", "0", "0", "0", "0", "0", "0" ], "duration": 238.0, "sum": 1 }, "geometry": { "type": "Point", "coordinates": [ -122.297883966854997, 47.667333109285032 ] } },
{ "type": "Feature", "properties": { "lat": 47.667334764194472, "lon": -122.29821120803921, "time_of_day": "Morning", "causation": [ "0", "0", "0", "0", "0", "0", "0", "0", "1", "0", "0", "0", "0", "0", "0", "0", "0", "0", "0", "0", "0", "0", "0", "0" ], "duration": 238.0, "sum": 1 }, "geometry": { "type": "Point", "coordinates": [ -122.298211208039206, 47.667334764194472 ] } },
{ "type": "Feature", "properties": { "lat": 47.667337635544406, "lon": -122.38402299090144, "time_of_day": "Morning", "causation": [ "0", "0", "0", "0", "0", "0", "0", "0", "0", "0", "0", "0", "0", "0", "2", "0", "0", "0", "0", "0", "0", "0", "0", "0" ], "duration": 304.0, "sum": 2 }, "geometry": { "type": "Point", "coordinates": [ -122.384022990901443, 47.667337635544406 ] } },
{ "type": "Feature", "properties": { "lat": 47.667351962940472, "lon": -122.2961161698064, "time_of_day": "Morning", "causation": [ "0", "0", "0", "0", "0", "0", "0", "0", "1", "0", "0", "0", "0", "0", "0", "0", "0", "0", "0", "0", "0", "0", "0", "0" ], "duration": 238.0, "sum": 1 }, "geometry": { "type": "Point", "coordinates": [ -122.296116169806396, 47.667351962940472 ] } },
{ "type": "Feature", "properties": { "lat": 47.667356526421045, "lon": -122.30479962146752, "time_of_day": "Morning", "causation": [ "0", "0", "0", "0", "0", "0", "0", "0", "10", "0", "0", "0", "0", "0", "0", "0", "0", "0", "0", "0", "0", "0", "0", "0" ], "duration": 610.0, "sum": 10 }, "geometry": { "type": "Point", "coordinates": [ -122.304799621467524, 47.667356526421045 ] } },
{ "type": "Feature", "properties": { "lat": 47.667357067911993, "lon": -122.38456950113574, "time_of_day": "Morning", "causation": [ "0", "0", "0", "0", "0", "0", "0", "0", "0", "0", "0", "0", "0", "0", "5", "0", "0", "0", "0", "0", "0", "0", "0", "0" ], "duration": 760.0, "sum": 5 }, "geometry": { "type": "Point", "coordinates": [ -122.384569501135744, 47.667357067911993 ] } },
{ "type": "Feature", "properties": { "lat": 47.667380469715837, "lon": -122.2888100582343, "time_of_day": "Morning", "causation": [ "0", "0", "0", "0", "0", "0", "0", "0", "1", "0", "0", "0", "0", "0", "0", "0", "0", "0", "0", "0", "0", "0", "0", "0" ], "duration": 69.0, "sum": 1 }, "geometry": { "type": "Point", "coordinates": [ -122.288810058234304, 47.667380469715837 ] } },
{ "type": "Feature", "properties": { "lat": 47.667382036613184, "lon": -122.29876799428222, "time_of_day": "Morning", "causation": [ "0", "0", "0", "0", "0", "0", "0", "0", "1", "0", "0", "0", "0", "0", "0", "0", "0", "0", "0", "0", "0", "0", "0", "0" ], "duration": 238.0, "sum": 1 }, "geometry": { "type": "Point", "coordinates": [ -122.298767994282215, 47.667382036613184 ] } },
{ "type": "Feature", "properties": { "lat": 47.667382642332257, "lon": -122.28994759217257, "time_of_day": "Morning", "causation": [ "0", "0", "0", "0", "0", "0", "0", "0", "1", "0", "0", "0", "0", "0", "0", "0", "0", "0", "0", "0", "0", "0", "0", "0" ], "duration": 69.0, "sum": 1 }, "geometry": { "type": "Point", "coordinates": [ -122.289947592172567, 47.667382642332257 ] } },
{ "type": "Feature", "properties": { "lat": 47.667382749604094, "lon": -122.28938261540402, "time_of_day": "Morning", "causation": [ "0", "0", "0", "0", "0", "0", "0", "0", "1", "0", "0", "0", "0", "0", "0", "0", "0", "0", "0", "0", "0", "0", "0", "0" ], "duration": 69.0, "sum": 1 }, "geometry": { "type": "Point", "coordinates": [ -122.289382615404023, 47.667382749604094 ] } },
{ "type": "Feature", "properties": { "lat": 47.667390539459817, "lon": -122.38416661729556, "time_of_day": "Morning", "causation": [ "0", "0", "0", "0", "0", "0", "0", "0", "0", "0", "0", "0", "0", "0", "4", "0", "0", "0", "0", "0", "0", "0", "0", "0" ], "duration": 608.0, "sum": 4 }, "geometry": { "type": "Point", "coordinates": [ -122.384166617295563, 47.667390539459817 ] } },
{ "type": "Feature", "properties": { "lat": 47.667394865501826, "lon": -122.28605949408282, "time_of_day": "Morning", "causation": [ "0", "0", "0", "0", "0", "0", "0", "0", "1", "0", "0", "0", "0", "0", "0", "0", "0", "0", "0", "0", "0", "0", "0", "0" ], "duration": 86.0, "sum": 1 }, "geometry": { "type": "Point", "coordinates": [ -122.286059494082821, 47.667394865501826 ] } },
{ "type": "Feature", "properties": { "lat": 47.667418712740648, "lon": -122.29587878057286, "time_of_day": "Morning", "causation": [ "0", "0", "0", "0", "0", "0", "0", "0", "1", "0", "0", "0", "0", "0", "0", "0", "0", "0", "0", "0", "0", "0", "0", "0" ], "duration": 238.0, "sum": 1 }, "geometry": { "type": "Point", "coordinates": [ -122.295878780572863, 47.667418712740648 ] } },
{ "type": "Feature", "properties": { "lat": 47.667448286291162, "lon": -122.29662214532448, "time_of_day": "Morning", "causation": [ "0", "0", "0", "0", "0", "0", "0", "0", "1", "0", "0", "0", "0", "0", "0", "0", "0", "0", "0", "0", "0", "0", "0", "0" ], "duration": 238.0, "sum": 1 }, "geometry": { "type": "Point", "coordinates": [ -122.296622145324477, 47.667448286291162 ] } },
{ "type": "Feature", "properties": { "lat": 47.667464484749289, "lon": -122.29881305047458, "time_of_day": "Morning", "causation": [ "0", "0", "0", "0", "0", "0", "0", "0", "1", "0", "0", "0", "0", "0", "0", "0", "0", "0", "0", "0", "0", "0", "0", "0" ], "duration": 238.0, "sum": 1 }, "geometry": { "type": "Point", "coordinates": [ -122.298813050474578, 47.667464484749289 ] } },
{ "type": "Feature", "properties": { "lat": 47.667473157413582, "lon": -122.28994118221075, "time_of_day": "Morning", "causation": [ "0", "0", "0", "0", "0", "0", "0", "0", "1", "0", "0", "0", "0", "0", "0", "0", "0", "0", "0", "0", "0", "0", "0", "0" ], "duration": 69.0, "sum": 1 }, "geometry": { "type": "Point", "coordinates": [ -122.289941182210754, 47.667473157413582 ] } },
{ "type": "Feature", "properties": { "lat": 47.667476506008384, "lon": -122.30483344622056, "time_of_day": "Morning", "causation": [ "0", "0", "0", "0", "0", "0", "0", "0", "2", "0", "0", "0", "0", "0", "0", "0", "0", "0", "0", "0", "0", "0", "0", "0" ], "duration": 122.0, "sum": 2 }, "geometry": { "type": "Point", "coordinates": [ -122.304833446220556, 47.667476506008384 ] } },
{ "type": "Feature", "properties": { "lat": 47.667486459177361, "lon": -122.28883550621718, "time_of_day": "Morning", "causation": [ "0", "0", "0", "0", "0", "0", "0", "0", "1", "0", "0", "0", "0", "0", "0", "0", "0", "0", "0", "0", "0", "0", "0", "0" ], "duration": 69.0, "sum": 1 }, "geometry": { "type": "Point", "coordinates": [ -122.288835506217183, 47.667486459177361 ] } },
{ "type": "Feature", "properties": { "lat": 47.667498573083357, "lon": -122.28942470689378, "time_of_day": "Morning", "causation": [ "0", "0", "0", "0", "0", "0", "0", "0", "1", "0", "0", "0", "0", "0", "0", "0", "0", "0", "0", "0", "0", "0", "0", "0" ], "duration": 69.0, "sum": 1 }, "geometry": { "type": "Point", "coordinates": [ -122.289424706893783, 47.667498573083357 ] } },
{ "type": "Feature", "properties": { "lat": 47.667503971279757, "lon": -122.28605257808049, "time_of_day": "Morning", "causation": [ "0", "0", "0", "0", "0", "0", "0", "0", "1", "0", "0", "0", "0", "0", "0", "0", "0", "0", "0", "0", "0", "0", "0", "0" ], "duration": 86.0, "sum": 1 }, "geometry": { "type": "Point", "coordinates": [ -122.286052578080486, 47.667503971279757 ] } },
{ "type": "Feature", "properties": { "lat": 47.667507861545197, "lon": -122.28546273380256, "time_of_day": "Morning", "causation": [ "0", "0", "0", "0", "0", "0", "0", "0", "1", "0", "0", "0", "0", "0", "0", "0", "0", "0", "0", "0", "0", "0", "0", "0" ], "duration": 86.0, "sum": 1 }, "geometry": { "type": "Point", "coordinates": [ -122.285462733802561, 47.667507861545197 ] } },
{ "type": "Feature", "properties": { "lat": 47.667516353367581, "lon": -122.38495263805852, "time_of_day": "Morning", "causation": [ "0", "0", "0", "0", "0", "0", "0", "0", "0", "0", "0", "0", "0", "0", "28", "0", "0", "0", "0", "0", "0", "0", "0", "0" ], "duration": 4256.0, "sum": 28 }, "geometry": { "type": "Point", "coordinates": [ -122.384952638058522, 47.667516353367581 ] } },
{ "type": "Feature", "properties": { "lat": 47.667541470254157, "lon": -122.30414547968104, "time_of_day": "Morning", "causation": [ "0", "0", "0", "0", "0", "0", "0", "0", "23", "0", "0", "0", "0", "0", "0", "0", "0", "0", "0", "0", "0", "0", "0", "0" ], "duration": 1403.0, "sum": 23 }, "geometry": { "type": "Point", "coordinates": [ -122.30414547968104, 47.667541470254157 ] } },
{ "type": "Feature", "properties": { "lat": 47.667562286043363, "lon": -122.29877762662056, "time_of_day": "Morning", "causation": [ "0", "0", "0", "0", "0", "0", "0", "0", "1", "0", "0", "0", "0", "0", "0", "0", "0", "0", "0", "0", "0", "0", "0", "0" ], "duration": 238.0, "sum": 1 }, "geometry": { "type": "Point", "coordinates": [ -122.298777626620563, 47.667562286043363 ] } },
{ "type": "Feature", "properties": { "lat": 47.667569143894319, "lon": -122.38420229399462, "time_of_day": "Morning", "causation": [ "0", "0", "0", "0", "0", "0", "0", "0", "0", "0", "0", "0", "0", "0", "3", "0", "0", "0", "0", "0", "0", "0", "0", "0" ], "duration": 456.0, "sum": 3 }, "geometry": { "type": "Point", "coordinates": [ -122.384202293994619, 47.667569143894319 ] } },
{ "type": "Feature", "properties": { "lat": 47.667577054759391, "lon": -122.29597481273083, "time_of_day": "Morning", "causation": [ "0", "0", "0", "0", "0", "0", "0", "0", "1", "0", "0", "0", "0", "0", "0", "0", "0", "0", "0", "0", "0", "0", "0", "0" ], "duration": 238.0, "sum": 1 }, "geometry": { "type": "Point", "coordinates": [ -122.295974812730833, 47.667577054759391 ] } },
{ "type": "Feature", "properties": { "lat": 47.6675929560163, "lon": -122.3047776157883, "time_of_day": "Morning", "causation": [ "0", "0", "0", "0", "0", "0", "0", "0", "1", "0", "0", "0", "0", "0", "0", "0", "0", "0", "0", "0", "0", "0", "0", "0" ], "duration": 61.0, "sum": 1 }, "geometry": { "type": "Point", "coordinates": [ -122.304777615788296, 47.6675929560163 ] } },
{ "type": "Feature", "properties": { "lat": 47.66759720305879, "lon": -122.28938986912166, "time_of_day": "Morning", "causation": [ "0", "0", "0", "0", "0", "0", "0", "0", "1", "0", "0", "0", "0", "0", "0", "0", "0", "0", "0", "0", "0", "0", "0", "0" ], "duration": 69.0, "sum": 1 }, "geometry": { "type": "Point", "coordinates": [ -122.289389869121663, 47.66759720305879 ] } },
{ "type": "Feature", "properties": { "lat": 47.667600609334578, "lon": -122.28883002811996, "time_of_day": "Morning", "causation": [ "0", "0", "0", "0", "0", "0", "0", "0", "1", "0", "0", "0", "0", "0", "0", "0", "0", "0", "0", "0", "0", "0", "0", "0" ], "duration": 69.0, "sum": 1 }, "geometry": { "type": "Point", "coordinates": [ -122.288830028119961, 47.667600609334578 ] } },
{ "type": "Feature", "properties": { "lat": 47.667602866316514, "lon": -122.28991632937394, "time_of_day": "Morning", "causation": [ "0", "0", "0", "0", "0", "0", "0", "0", "1", "0", "0", "0", "0", "0", "0", "0", "0", "0", "0", "0", "0", "0", "0", "0" ], "duration": 69.0, "sum": 1 }, "geometry": { "type": "Point", "coordinates": [ -122.289916329373938, 47.667602866316514 ] } },
{ "type": "Feature", "properties": { "lat": 47.667603854096562, "lon": -122.28548029274459, "time_of_day": "Morning", "causation": [ "0", "0", "0", "0", "0", "0", "0", "0", "1", "0", "0", "0", "0", "0", "0", "0", "0", "0", "0", "0", "0", "0", "0", "0" ], "duration": 86.0, "sum": 1 }, "geometry": { "type": "Point", "coordinates": [ -122.285480292744595, 47.667603854096562 ] } },
{ "type": "Feature", "properties": { "lat": 47.667607608796871, "lon": -122.28606793247668, "time_of_day": "Morning", "causation": [ "0", "0", "0", "0", "0", "0", "0", "0", "1", "0", "0", "0", "0", "0", "0", "0", "0", "0", "0", "0", "0", "0", "0", "0" ], "duration": 86.0, "sum": 1 }, "geometry": { "type": "Point", "coordinates": [ -122.286067932476683, 47.667607608796871 ] } },
{ "type": "Feature", "properties": { "lat": 47.667669194356144, "lon": -122.38432756719357, "time_of_day": "Morning", "causation": [ "0", "0", "0", "0", "0", "0", "0", "0", "0", "0", "0", "0", "0", "0", "5", "0", "0", "0", "0", "0", "0", "0", "0", "0" ], "duration": 760.0, "sum": 5 }, "geometry": { "type": "Point", "coordinates": [ -122.384327567193566, 47.667669194356144 ] } },
{ "type": "Feature", "properties": { "lat": 47.66767281013604, "lon": -122.29875074886159, "time_of_day": "Morning", "causation": [ "0", "0", "0", "0", "0", "0", "0", "0", "1", "0", "0", "0", "0", "0", "0", "0", "0", "0", "0", "0", "0", "0", "0", "0" ], "duration": 238.0, "sum": 1 }, "geometry": { "type": "Point", "coordinates": [ -122.298750748861593, 47.66767281013604 ] } },
{ "type": "Feature", "properties": { "lat": 47.667696718978739, "lon": -122.30404226972492, "time_of_day": "Morning", "causation": [ "0", "0", "0", "0", "0", "0", "0", "0", "3", "0", "0", "0", "0", "0", "0", "0", "0", "0", "0", "0", "0", "0", "0", "0" ], "duration": 183.0, "sum": 3 }, "geometry": { "type": "Point", "coordinates": [ -122.304042269724917, 47.667696718978739 ] } },
{ "type": "Feature", "properties": { "lat": 47.667704903377441, "lon": -122.28880916951984, "time_of_day": "Morning", "causation": [ "0", "0", "0", "0", "0", "0", "0", "0", "1", "0", "0", "0", "0", "0", "0", "0", "0", "0", "0", "0", "0", "0", "0", "0" ], "duration": 69.0, "sum": 1 }, "geometry": { "type": "Point", "coordinates": [ -122.288809169519837, 47.667704903377441 ] } },
{ "type": "Feature", "properties": { "lat": 47.667710854229789, "lon": -122.30468476902698, "time_of_day": "Morning", "causation": [ "0", "0", "0", "0", "0", "0", "0", "0", "8", "0", "0", "0", "0", "0", "0", "0", "0", "0", "0", "0", "0", "0", "0", "0" ], "duration": 488.0, "sum": 8 }, "geometry": { "type": "Point", "coordinates": [ -122.304684769026977, 47.667710854229789 ] } },
{ "type": "Feature", "properties": { "lat": 47.667716926434906, "lon": -122.28940336706054, "time_of_day": "Morning", "causation": [ "0", "0", "0", "0", "0", "0", "0", "0", "1", "0", "0", "0", "0", "0", "0", "0", "0", "0", "0", "0", "0", "0", "0", "0" ], "duration": 69.0, "sum": 1 }, "geometry": { "type": "Point", "coordinates": [ -122.289403367060544, 47.667716926434906 ] } },
{ "type": "Feature", "properties": { "lat": 47.667721005705729, "lon": -122.28605743030091, "time_of_day": "Morning", "causation": [ "0", "0", "0", "0", "0", "0", "0", "0", "1", "0", "0", "0", "0", "0", "0", "0", "0", "0", "0", "0", "0", "0", "0", "0" ], "duration": 86.0, "sum": 1 }, "geometry": { "type": "Point", "coordinates": [ -122.286057430300914, 47.667721005705729 ] } },
{ "type": "Feature", "properties": { "lat": 47.667727094057724, "lon": -122.29591345341234, "time_of_day": "Morning", "causation": [ "0", "0", "0", "0", "0", "0", "0", "0", "1", "0", "0", "0", "0", "0", "0", "0", "0", "0", "0", "0", "0", "0", "0", "0" ], "duration": 238.0, "sum": 1 }, "geometry": { "type": "Point", "coordinates": [ -122.295913453412339, 47.667727094057724 ] } },
{ "type": "Feature", "properties": { "lat": 47.667729914636141, "lon": -122.28547029327784, "time_of_day": "Morning", "causation": [ "0", "0", "0", "0", "0", "0", "0", "0", "1", "0", "0", "0", "0", "0", "0", "0", "0", "0", "0", "0", "0", "0", "0", "0" ], "duration": 86.0, "sum": 1 }, "geometry": { "type": "Point", "coordinates": [ -122.285470293277839, 47.667729914636141 ] } },
{ "type": "Feature", "properties": { "lat": 47.66773086948735, "lon": -122.3862890775324, "time_of_day": "Morning", "causation": [ "0", "0", "0", "0", "0", "0", "0", "0", "0", "0", "0", "0", "0", "0", "1", "0", "0", "0", "0", "0", "0", "0", "0", "0" ], "duration": 152.0, "sum": 1 }, "geometry": { "type": "Point", "coordinates": [ -122.386289077532396, 47.66773086948735 ] } },
{ "type": "Feature", "properties": { "lat": 47.667740500708817, "lon": -122.38520615041038, "time_of_day": "Morning", "causation": [ "0", "0", "0", "0", "0", "0", "0", "0", "0", "0", "0", "0", "0", "0", "1", "0", "0", "0", "0", "0", "0", "0", "0", "0" ], "duration": 152.0, "sum": 1 }, "geometry": { "type": "Point", "coordinates": [ -122.385206150410383, 47.667740500708817 ] } },
{ "type": "Feature", "properties": { "lat": 47.667764497743633, "lon": -122.30039476425716, "time_of_day": "Morning", "causation": [ "0", "0", "0", "0", "0", "0", "0", "0", "1", "0", "0", "0", "0", "0", "0", "0", "0", "0", "0", "0", "0", "0", "0", "0" ], "duration": 61.0, "sum": 1 }, "geometry": { "type": "Point", "coordinates": [ -122.300394764257163, 47.667764497743633 ] } },
{ "type": "Feature", "properties": { "lat": 47.667773049313226, "lon": -122.35600210682364, "time_of_day": "Afternoon", "causation": [ "0", "0", "0", "0", "0", "0", "0", "0", "0", "0", "0", "0", "0", "0", "0", "0", "0", "0", "0", "0", "1", "0", "0", "0" ], "duration": 540.0, "sum": 1 }, "geometry": { "type": "Point", "coordinates": [ -122.356002106823638, 47.667773049313226 ] } },
{ "type": "Feature", "properties": { "lat": 47.667812254893867, "lon": -122.28880591622598, "time_of_day": "Morning", "causation": [ "0", "0", "0", "0", "0", "0", "0", "0", "1", "0", "0", "0", "0", "0", "0", "0", "0", "0", "0", "0", "0", "0", "0", "0" ], "duration": 69.0, "sum": 1 }, "geometry": { "type": "Point", "coordinates": [ -122.288805916225982, 47.667812254893867 ] } },
{ "type": "Feature", "properties": { "lat": 47.667819892040846, "lon": -122.2893624561205, "time_of_day": "Morning", "causation": [ "0", "0", "0", "0", "0", "0", "0", "0", "1", "0", "0", "0", "0", "0", "0", "0", "0", "0", "0", "0", "0", "0", "0", "0" ], "duration": 69.0, "sum": 1 }, "geometry": { "type": "Point", "coordinates": [ -122.2893624561205, 47.667819892040846 ] } },
{ "type": "Feature", "properties": { "lat": 47.667827884043056, "lon": -122.28990025239784, "time_of_day": "Morning", "causation": [ "0", "0", "0", "0", "0", "0", "0", "0", "1", "0", "0", "0", "0", "0", "0", "0", "0", "0", "0", "0", "0", "0", "0", "0" ], "duration": 69.0, "sum": 1 }, "geometry": { "type": "Point", "coordinates": [ -122.289900252397842, 47.667827884043056 ] } },
{ "type": "Feature", "properties": { "lat": 47.667828311183932, "lon": -122.28605667866179, "time_of_day": "Morning", "causation": [ "0", "0", "0", "0", "0", "0", "0", "0", "1", "0", "0", "0", "0", "0", "0", "0", "0", "0", "0", "0", "0", "0", "0", "0" ], "duration": 86.0, "sum": 1 }, "geometry": { "type": "Point", "coordinates": [ -122.286056678661794, 47.667828311183932 ] } },
{ "type": "Feature", "properties": { "lat": 47.66784032637522, "lon": -122.2854846708304, "time_of_day": "Morning", "causation": [ "0", "0", "0", "0", "0", "0", "0", "0", "1", "0", "0", "0", "0", "0", "0", "0", "0", "0", "0", "0", "0", "0", "0", "0" ], "duration": 86.0, "sum": 1 }, "geometry": { "type": "Point", "coordinates": [ -122.2854846708304, 47.66784032637522 ] } },
{ "type": "Feature", "properties": { "lat": 47.667851394541046, "lon": -122.38559813339926, "time_of_day": "Morning", "causation": [ "0", "0", "0", "0", "0", "0", "0", "0", "0", "0", "0", "0", "0", "0", "1", "0", "0", "0", "0", "0", "0", "0", "0", "0" ], "duration": 152.0, "sum": 1 }, "geometry": { "type": "Point", "coordinates": [ -122.385598133399256, 47.667851394541046 ] } },
{ "type": "Feature", "properties": { "lat": 47.667874422476828, "lon": -122.29877548323302, "time_of_day": "Morning", "causation": [ "0", "0", "0", "0", "0", "0", "0", "0", "1", "0", "0", "0", "0", "0", "0", "0", "0", "0", "0", "0", "0", "0", "0", "0" ], "duration": 238.0, "sum": 1 }, "geometry": { "type": "Point", "coordinates": [ -122.298775483233015, 47.667874422476828 ] } },
{ "type": "Feature", "properties": { "lat": 47.667916796990802, "lon": -122.38568431045158, "time_of_day": "Morning", "causation": [ "0", "0", "0", "0", "0", "0", "0", "0", "0", "0", "0", "0", "0", "0", "10", "0", "0", "0", "0", "0", "0", "0", "0", "0" ], "duration": 1520.0, "sum": 10 }, "geometry": { "type": "Point", "coordinates": [ -122.38568431045158, 47.667916796990802 ] } },
{ "type": "Feature", "properties": { "lat": 47.667927243468839, "lon": -122.28935921207768, "time_of_day": "Morning", "causation": [ "0", "0", "0", "0", "0", "0", "0", "0", "1", "0", "0", "0", "0", "0", "0", "0", "0", "0", "0", "0", "0", "0", "0", "0" ], "duration": 69.0, "sum": 1 }, "geometry": { "type": "Point", "coordinates": [ -122.289359212077684, 47.667927243468839 ] } },
{ "type": "Feature", "properties": { "lat": 47.667939312242979, "lon": -122.2860385795106, "time_of_day": "Morning", "causation": [ "0", "0", "0", "0", "0", "0", "0", "0", "1", "0", "0", "0", "0", "0", "0", "0", "0", "0", "0", "0", "0", "0", "0", "0" ], "duration": 86.0, "sum": 1 }, "geometry": { "type": "Point", "coordinates": [ -122.286038579510603, 47.667939312242979 ] } },
{ "type": "Feature", "properties": { "lat": 47.667941076784338, "lon": -122.28990099293355, "time_of_day": "Morning", "causation": [ "0", "0", "0", "0", "0", "0", "0", "0", "1", "0", "0", "0", "0", "0", "0", "0", "0", "0", "0", "0", "0", "0", "0", "0" ], "duration": 69.0, "sum": 1 }, "geometry": { "type": "Point", "coordinates": [ -122.289900992933553, 47.667941076784338 ] } },
{ "type": "Feature", "properties": { "lat": 47.667945529306436, "lon": -122.28881745013736, "time_of_day": "Morning", "causation": [ "0", "0", "0", "0", "0", "0", "0", "0", "1", "0", "0", "0", "0", "0", "0", "0", "0", "0", "0", "0", "0", "0", "0", "0" ], "duration": 69.0, "sum": 1 }, "geometry": { "type": "Point", "coordinates": [ -122.288817450137358, 47.667945529306436 ] } },
{ "type": "Feature", "properties": { "lat": 47.66796536089084, "lon": -122.28548462846932, "time_of_day": "Morning", "causation": [ "0", "0", "0", "0", "0", "0", "0", "0", "1", "0", "0", "0", "0", "0", "0", "0", "0", "0", "0", "0", "0", "0", "0", "0" ], "duration": 86.0, "sum": 1 }, "geometry": { "type": "Point", "coordinates": [ -122.28548462846932, 47.66796536089084 ] } },
{ "type": "Feature", "properties": { "lat": 47.667985675810861, "lon": -122.38452019043876, "time_of_day": "Morning", "causation": [ "0", "0", "0", "0", "0", "0", "0", "0", "0", "0", "0", "0", "0", "0", "5", "0", "0", "0", "0", "0", "0", "0", "0", "0" ], "duration": 760.0, "sum": 5 }, "geometry": { "type": "Point", "coordinates": [ -122.384520190438764, 47.667985675810861 ] } },
{ "type": "Feature", "properties": { "lat": 47.668033258865407, "lon": -122.28989590009148, "time_of_day": "Morning", "causation": [ "0", "0", "0", "0", "0", "0", "0", "0", "1", "0", "0", "0", "0", "0", "0", "0", "0", "0", "0", "0", "0", "0", "0", "0" ], "duration": 86.0, "sum": 1 }, "geometry": { "type": "Point", "coordinates": [ -122.28989590009148, 47.668033258865407 ] } },
{ "type": "Feature", "properties": { "lat": 47.668034677382877, "lon": -122.28883973549952, "time_of_day": "Morning", "causation": [ "0", "0", "0", "0", "0", "0", "0", "0", "1", "0", "0", "0", "0", "0", "0", "0", "0", "0", "0", "0", "0", "0", "0", "0" ], "duration": 69.0, "sum": 1 }, "geometry": { "type": "Point", "coordinates": [ -122.288839735499522, 47.668034677382877 ] } },
{ "type": "Feature", "properties": { "lat": 47.668043016976135, "lon": -122.28935754757048, "time_of_day": "Morning", "causation": [ "0", "0", "0", "0", "0", "0", "0", "0", "1", "0", "0", "0", "0", "0", "0", "0", "0", "0", "0", "0", "0", "0", "0", "0" ], "duration": 69.0, "sum": 1 }, "geometry": { "type": "Point", "coordinates": [ -122.289357547570475, 47.668043016976135 ] } },
{ "type": "Feature", "properties": { "lat": 47.668061494443677, "lon": -122.38578957266959, "time_of_day": "Morning", "causation": [ "0", "0", "0", "0", "0", "0", "0", "0", "0", "0", "0", "0", "0", "0", "3", "0", "0", "0", "0", "0", "0", "0", "0", "0" ], "duration": 456.0, "sum": 3 }, "geometry": { "type": "Point", "coordinates": [ -122.385789572669594, 47.668061494443677 ] } },
{ "type": "Feature", "properties": { "lat": 47.668062570022123, "lon": -122.2860434573808, "time_of_day": "Morning", "causation": [ "0", "0", "0", "0", "0", "0", "0", "0", "1", "0", "0", "0", "0", "0", "0", "0", "0", "0", "0", "0", "0", "0", "0", "0" ], "duration": 86.0, "sum": 1 }, "geometry": { "type": "Point", "coordinates": [ -122.286043457380799, 47.668062570022123 ] } },
{ "type": "Feature", "properties": { "lat": 47.668081988830828, "lon": -122.28543205554048, "time_of_day": "Morning", "causation": [ "0", "0", "0", "0", "0", "0", "0", "0", "2", "0", "0", "0", "0", "0", "0", "0", "0", "0", "0", "0", "0", "0", "0", "0" ], "duration": 172.0, "sum": 2 }, "geometry": { "type": "Point", "coordinates": [ -122.285432055540483, 47.668081988830828 ] } },
{ "type": "Feature", "properties": { "lat": 47.668087795571033, "lon": -122.29582020499714, "time_of_day": "Morning", "causation": [ "0", "0", "0", "0", "0", "0", "0", "0", "1", "0", "0", "0", "0", "0", "0", "0", "0", "0", "0", "0", "0", "0", "0", "0" ], "duration": 238.0, "sum": 1 }, "geometry": { "type": "Point", "coordinates": [ -122.295820204997142, 47.668087795571033 ] } },
{ "type": "Feature", "properties": { "lat": 47.668091541911963, "lon": -122.3558419958047, "time_of_day": "Afternoon", "causation": [ "0", "0", "0", "0", "0", "0", "0", "0", "0", "0", "0", "0", "0", "0", "0", "0", "0", "0", "0", "0", "1", "0", "0", "0" ], "duration": 540.0, "sum": 1 }, "geometry": { "type": "Point", "coordinates": [ -122.355841995804695, 47.668091541911963 ] } },
{ "type": "Feature", "properties": { "lat": 47.668102059533375, "lon": -122.38510076204383, "time_of_day": "Morning", "causation": [ "0", "0", "0", "0", "0", "0", "0", "0", "0", "0", "0", "0", "0", "0", "1", "0", "0", "0", "0", "0", "0", "0", "0", "0" ], "duration": 152.0, "sum": 1 }, "geometry": { "type": "Point", "coordinates": [ -122.385100762043834, 47.668102059533375 ] } },
{ "type": "Feature", "properties": { "lat": 47.668103920220936, "lon": -122.35602455435, "time_of_day": "Afternoon", "causation": [ "0", "0", "0", "0", "0", "0", "0", "0", "0", "0", "0", "0", "0", "0", "0", "0", "0", "0", "0", "0", "1", "0", "0", "0" ], "duration": 540.0, "sum": 1 }, "geometry": { "type": "Point", "coordinates": [ -122.35602455435, 47.668103920220936 ] } },
{ "type": "Feature", "properties": { "lat": 47.668108934230858, "lon": -122.35570398388852, "time_of_day": "Afternoon", "causation": [ "0", "0", "0", "0", "0", "0", "0", "0", "0", "0", "0", "0", "0", "0", "0", "0", "0", "0", "0", "0", "1", "0", "0", "0" ], "duration": 540.0, "sum": 1 }, "geometry": { "type": "Point", "coordinates": [ -122.355703983888517, 47.668108934230858 ] } },
{ "type": "Feature", "properties": { "lat": 47.668110163511592, "lon": -122.2959187485626, "time_of_day": "Morning", "causation": [ "0", "0", "0", "0", "0", "0", "0", "0", "1", "0", "0", "0", "0", "0", "0", "0", "0", "0", "0", "0", "0", "0", "0", "0" ], "duration": 238.0, "sum": 1 }, "geometry": { "type": "Point", "coordinates": [ -122.295918748562599, 47.668110163511592 ] } },
{ "type": "Feature", "properties": { "lat": 47.668142640102502, "lon": -122.28880276668188, "time_of_day": "Morning", "causation": [ "0", "0", "0", "0", "0", "0", "0", "0", "1", "0", "0", "0", "0", "0", "0", "0", "0", "0", "0", "0", "0", "0", "0", "0" ], "duration": 69.0, "sum": 1 }, "geometry": { "type": "Point", "coordinates": [ -122.288802766681883, 47.668142640102502 ] } },
{ "type": "Feature", "properties": { "lat": 47.668142751765821, "lon": -122.2898677403432, "time_of_day": "Morning", "causation": [ "0", "0", "0", "0", "0", "0", "0", "0", "1", "0", "0", "0", "0", "0", "0", "0", "0", "0", "0", "0", "0", "0", "0", "0" ], "duration": 86.0, "sum": 1 }, "geometry": { "type": "Point", "coordinates": [ -122.289867740343198, 47.668142751765821 ] } },
{ "type": "Feature", "properties": { "lat": 47.668150459607787, "lon": -122.28934931313309, "time_of_day": "Morning", "causation": [ "0", "0", "0", "0", "0", "0", "0", "0", "1", "0", "0", "0", "0", "0", "0", "0", "0", "0", "0", "0", "0", "0", "0", "0" ], "duration": 69.0, "sum": 1 }, "geometry": { "type": "Point", "coordinates": [ -122.289349313133087, 47.668150459607787 ] } },
{ "type": "Feature", "properties": { "lat": 47.668162358327123, "lon": -122.28547618863465, "time_of_day": "Morning", "causation": [ "0", "0", "0", "0", "0", "0", "0", "0", "1", "0", "0", "0", "0", "0", "0", "0", "0", "0", "0", "0", "0", "0", "0", "0" ], "duration": 86.0, "sum": 1 }, "geometry": { "type": "Point", "coordinates": [ -122.285476188634647, 47.668162358327123 ] } },
{ "type": "Feature", "properties": { "lat": 47.668165238574929, "lon": -122.28608056697492, "time_of_day": "Morning", "causation": [ "0", "0", "0", "0", "0", "0", "0", "0", "1", "0", "0", "0", "0", "0", "0", "0", "0", "0", "0", "0", "0", "0", "0", "0" ], "duration": 86.0, "sum": 1 }, "geometry": { "type": "Point", "coordinates": [ -122.286080566974917, 47.668165238574929 ] } },
{ "type": "Feature", "properties": { "lat": 47.668166059114142, "lon": -122.38593186394981, "time_of_day": "Morning", "causation": [ "0", "0", "0", "0", "0", "0", "0", "0", "0", "0", "0", "0", "0", "0", "3", "0", "0", "0", "0", "0", "0", "0", "0", "0" ], "duration": 456.0, "sum": 3 }, "geometry": { "type": "Point", "coordinates": [ -122.385931863949807, 47.668166059114142 ] } },
{ "type": "Feature", "properties": { "lat": 47.668251473091999, "lon": -122.3855328761644, "time_of_day": "Morning", "causation": [ "0", "0", "0", "0", "0", "0", "0", "0", "0", "0", "0", "0", "0", "0", "2", "0", "0", "0", "0", "0", "0", "0", "0", "0" ], "duration": 304.0, "sum": 2 }, "geometry": { "type": "Point", "coordinates": [ -122.385532876164405, 47.668251473091999 ] } },
{ "type": "Feature", "properties": { "lat": 47.668255105230223, "lon": -122.28735239984596, "time_of_day": "Morning", "causation": [ "0", "0", "0", "0", "0", "0", "0", "0", "2", "0", "0", "0", "0", "0", "0", "0", "0", "0", "0", "0", "0", "0", "0", "0" ], "duration": 138.0, "sum": 2 }, "geometry": { "type": "Point", "coordinates": [ -122.287352399845958, 47.668255105230223 ] } },
{ "type": "Feature", "properties": { "lat": 47.668255385129243, "lon": -122.28882848132504, "time_of_day": "Morning", "causation": [ "0", "0", "0", "0", "0", "0", "0", "0", "1", "0", "0", "0", "0", "0", "0", "0", "0", "0", "0", "0", "0", "0", "0", "0" ], "duration": 69.0, "sum": 1 }, "geometry": { "type": "Point", "coordinates": [ -122.288828481325041, 47.668255385129243 ] } },
{ "type": "Feature", "properties": { "lat": 47.668257588968324, "lon": -122.28824109382532, "time_of_day": "Morning", "causation": [ "0", "0", "0", "0", "0", "0", "0", "0", "1", "0", "0", "0", "0", "0", "0", "0", "0", "0", "0", "0", "0", "0", "0", "0" ], "duration": 69.0, "sum": 1 }, "geometry": { "type": "Point", "coordinates": [ -122.28824109382532, 47.668257588968324 ] } },
{ "type": "Feature", "properties": { "lat": 47.668261435103474, "lon": -122.2877025775243, "time_of_day": "Morning", "causation": [ "0", "0", "0", "0", "0", "0", "0", "0", "1", "0", "0", "0", "0", "0", "0", "0", "0", "0", "0", "0", "0", "0", "0", "0" ], "duration": 69.0, "sum": 1 }, "geometry": { "type": "Point", "coordinates": [ -122.2877025775243, 47.668261435103474 ] } },
{ "type": "Feature", "properties": { "lat": 47.668263823245042, "lon": -122.3860930318147, "time_of_day": "Morning", "causation": [ "0", "0", "0", "0", "0", "0", "0", "0", "0", "0", "0", "0", "0", "0", "2", "0", "0", "0", "0", "0", "0", "0", "0", "0" ], "duration": 304.0, "sum": 2 }, "geometry": { "type": "Point", "coordinates": [ -122.386093031814696, 47.668263823245042 ] } },
{ "type": "Feature", "properties": { "lat": 47.668264048529885, "lon": -122.2893750688466, "time_of_day": "Morning", "causation": [ "0", "0", "0", "0", "0", "0", "0", "0", "1", "0", "0", "0", "0", "0", "0", "0", "0", "0", "0", "0", "0", "0", "0", "0" ], "duration": 69.0, "sum": 1 }, "geometry": { "type": "Point", "coordinates": [ -122.289375068846596, 47.668264048529885 ] } },
{ "type": "Feature", "properties": { "lat": 47.668265911096348, "lon": -122.28601151502124, "time_of_day": "Morning", "causation": [ "0", "0", "0", "0", "0", "0", "0", "0", "1", "0", "0", "0", "0", "0", "0", "0", "0", "0", "0", "0", "0", "0", "0", "0" ], "duration": 69.0, "sum": 1 }, "geometry": { "type": "Point", "coordinates": [ -122.286011515021244, 47.668265911096348 ] } },
{ "type": "Feature", "properties": { "lat": 47.668309467203777, "lon": -122.28261151694726, "time_of_day": "Morning", "causation": [ "0", "0", "0", "0", "0", "0", "0", "0", "2", "0", "0", "0", "0", "0", "0", "0", "0", "0", "0", "0", "0", "0", "0", "0" ], "duration": 138.0, "sum": 2 }, "geometry": { "type": "Point", "coordinates": [ -122.282611516947256, 47.668309467203777 ] } },
{ "type": "Feature", "properties": { "lat": 47.668328824237179, "lon": -122.28990387029552, "time_of_day": "Morning", "causation": [ "0", "0", "0", "0", "0", "0", "0", "0", "8", "0", "0", "0", "0", "0", "0", "0", "0", "0", "0", "0", "0", "0", "0", "0" ], "duration": 688.0, "sum": 8 }, "geometry": { "type": "Point", "coordinates": [ -122.289903870295518, 47.668328824237179 ] } },
{ "type": "Feature", "properties": { "lat": 47.668329156945468, "lon": -122.3862719248912, "time_of_day": "Morning", "causation": [ "0", "0", "0", "0", "0", "0", "0", "0", "0", "0", "0", "0", "0", "0", "18", "0", "0", "0", "0", "0", "0", "0", "0", "0" ], "duration": 2736.0, "sum": 18 }, "geometry": { "type": "Point", "coordinates": [ -122.386271924891204, 47.668329156945468 ] } },
{ "type": "Feature", "properties": { "lat": 47.668337200468216, "lon": -122.28276945404086, "time_of_day": "Morning", "causation": [ "0", "0", "0", "0", "0", "0", "0", "0", "2", "0", "0", "0", "0", "0", "0", "0", "0", "0", "0", "0", "0", "0", "0", "0" ], "duration": 138.0, "sum": 2 }, "geometry": { "type": "Point", "coordinates": [ -122.28276945404086, 47.668337200468216 ] } },
{ "type": "Feature", "properties": { "lat": 47.668350706073454, "lon": -122.28547991230172, "time_of_day": "Morning", "causation": [ "0", "0", "0", "0", "0", "0", "0", "0", "3", "0", "0", "0", "0", "0", "0", "0", "0", "0", "0", "0", "0", "0", "0", "0" ], "duration": 207.0, "sum": 3 }, "geometry": { "type": "Point", "coordinates": [ -122.285479912301724, 47.668350706073454 ] } },
{ "type": "Feature", "properties": { "lat": 47.668356951501522, "lon": -122.28937750089062, "time_of_day": "Morning", "causation": [ "0", "0", "0", "0", "0", "0", "0", "0", "1", "0", "0", "0", "0", "0", "0", "0", "0", "0", "0", "0", "0", "0", "0", "0" ], "duration": 86.0, "sum": 1 }, "geometry": { "type": "Point", "coordinates": [ -122.289377500890623, 47.668356951501522 ] } },
{ "type": "Feature", "properties": { "lat": 47.668365167683973, "lon": -122.2888315799172, "time_of_day": "Morning", "causation": [ "0", "0", "0", "0", "0", "0", "0", "0", "1", "0", "0", "0", "0", "0", "0", "0", "0", "0", "0", "0", "0", "0", "0", "0" ], "duration": 69.0, "sum": 1 }, "geometry": { "type": "Point", "coordinates": [ -122.288831579917201, 47.668365167683973 ] } },
{ "type": "Feature", "properties": { "lat": 47.668366499358143, "lon": -122.28227062819964, "time_of_day": "Morning", "causation": [ "0", "0", "0", "0", "0", "0", "0", "0", "1", "0", "0", "0", "0", "0", "0", "0", "0", "0", "0", "0", "0", "0", "0", "0" ], "duration": 69.0, "sum": 1 }, "geometry": { "type": "Point", "coordinates": [ -122.28227062819964, 47.668366499358143 ] } },
{ "type": "Feature", "properties": { "lat": 47.668369397841182, "lon": -122.28715311904897, "time_of_day": "Morning", "causation": [ "0", "0", "0", "0", "0", "0", "0", "0", "1", "0", "0", "0", "0", "0", "0", "0", "0", "0", "0", "0", "0", "0", "0", "0" ], "duration": 69.0, "sum": 1 }, "geometry": { "type": "Point", "coordinates": [ -122.287153119048966, 47.668369397841182 ] } },
{ "type": "Feature", "properties": { "lat": 47.668371445711919, "lon": -122.28601569455084, "time_of_day": "Morning", "causation": [ "0", "0", "0", "0", "0", "0", "0", "0", "2", "0", "0", "0", "0", "0", "0", "0", "0", "0", "0", "0", "0", "0", "0", "0" ], "duration": 138.0, "sum": 2 }, "geometry": { "type": "Point", "coordinates": [ -122.286015694550841, 47.668371445711919 ] } },
{ "type": "Feature", "properties": { "lat": 47.668374966685292, "lon": -122.28829074480896, "time_of_day": "Morning", "causation": [ "0", "0", "0", "0", "0", "0", "0", "0", "1", "0", "0", "0", "0", "0", "0", "0", "0", "0", "0", "0", "0", "0", "0", "0" ], "duration": 69.0, "sum": 1 }, "geometry": { "type": "Point", "coordinates": [ -122.288290744808961, 47.668374966685292 ] } },
{ "type": "Feature", "properties": { "lat": 47.668376154264003, "lon": -122.28659586815238, "time_of_day": "Morning", "causation": [ "0", "0", "0", "0", "0", "0", "0", "0", "1", "0", "0", "0", "0", "0", "0", "0", "0", "0", "0", "0", "0", "0", "0", "0" ], "duration": 69.0, "sum": 1 }, "geometry": { "type": "Point", "coordinates": [ -122.286595868152375, 47.668376154264003 ] } },
{ "type": "Feature", "properties": { "lat": 47.668384021403192, "lon": -122.28769868872064, "time_of_day": "Morning", "causation": [ "0", "0", "0", "0", "0", "0", "0", "0", "1", "0", "0", "0", "0", "0", "0", "0", "0", "0", "0", "0", "0", "0", "0", "0" ], "duration": 69.0, "sum": 1 }, "geometry": { "type": "Point", "coordinates": [ -122.287698688720639, 47.668384021403192 ] } },
{ "type": "Feature", "properties": { "lat": 47.668393365107761, "lon": -122.3863973954581, "time_of_day": "Morning", "causation": [ "0", "0", "0", "0", "0", "0", "0", "0", "0", "0", "0", "0", "0", "0", "2", "0", "0", "0", "0", "0", "0", "0", "0", "0" ], "duration": 304.0, "sum": 2 }, "geometry": { "type": "Point", "coordinates": [ -122.386397395458104, 47.668393365107761 ] } },
{ "type": "Feature", "properties": { "lat": 47.668403195702986, "lon": -122.28196959043233, "time_of_day": "Morning", "causation": [ "0", "0", "0", "0", "0", "0", "0", "0", "1", "0", "0", "0", "0", "0", "0", "0", "0", "0", "0", "0", "0", "0", "0", "0" ], "duration": 69.0, "sum": 1 }, "geometry": { "type": "Point", "coordinates": [ -122.281969590432325, 47.668403195702986 ] } },
{ "type": "Feature", "properties": { "lat": 47.668413527008667, "lon": -122.38502839801006, "time_of_day": "Morning", "causation": [ "0", "0", "0", "0", "0", "0", "0", "0", "0", "0", "0", "0", "0", "0", "3", "0", "0", "0", "0", "0", "0", "0", "0", "0" ], "duration": 456.0, "sum": 3 }, "geometry": { "type": "Point", "coordinates": [ -122.385028398010064, 47.668413527008667 ] } },
{ "type": "Feature", "properties": { "lat": 47.668414023333277, "lon": -122.38445178611748, "time_of_day": "Morning", "causation": [ "0", "0", "0", "0", "0", "0", "0", "0", "0", "0", "0", "0", "0", "0", "1", "0", "0", "0", "0", "0", "0", "0", "0", "0" ], "duration": 152.0, "sum": 1 }, "geometry": { "type": "Point", "coordinates": [ -122.384451786117481, 47.668414023333277 ] } },
{ "type": "Feature", "properties": { "lat": 47.668446004020588, "lon": -122.28175129288508, "time_of_day": "Morning", "causation": [ "0", "0", "0", "0", "0", "0", "0", "0", "1", "0", "0", "0", "0", "0", "0", "0", "0", "0", "0", "0", "0", "0", "0", "0" ], "duration": 69.0, "sum": 1 }, "geometry": { "type": "Point", "coordinates": [ -122.281751292885076, 47.668446004020588 ] } },
{ "type": "Feature", "properties": { "lat": 47.66845101179171, "lon": -122.3865637839934, "time_of_day": "Morning", "causation": [ "0", "0", "0", "0", "0", "0", "0", "0", "0", "0", "0", "0", "0", "0", "7", "0", "0", "0", "0", "0", "0", "0", "0", "0" ], "duration": 1064.0, "sum": 7 }, "geometry": { "type": "Point", "coordinates": [ -122.386563783993395, 47.66845101179171 ] } },
{ "type": "Feature", "properties": { "lat": 47.668455014323669, "lon": -122.2853839945324, "time_of_day": "Morning", "causation": [ "0", "0", "0", "0", "0", "0", "0", "0", "1", "0", "0", "0", "0", "0", "0", "0", "0", "0", "0", "0", "0", "0", "0", "0" ], "duration": 69.0, "sum": 1 }, "geometry": { "type": "Point", "coordinates": [ -122.285383994532395, 47.668455014323669 ] } },
{ "type": "Feature", "properties": { "lat": 47.668463841916655, "lon": -122.28151200677982, "time_of_day": "Morning", "causation": [ "0", "0", "0", "0", "0", "0", "0", "0", "1", "0", "0", "0", "0", "0", "0", "0", "0", "0", "0", "0", "0", "0", "0", "0" ], "duration": 69.0, "sum": 1 }, "geometry": { "type": "Point", "coordinates": [ -122.28151200677982, 47.668463841916655 ] } },
{ "type": "Feature", "properties": { "lat": 47.668472587000402, "lon": -122.38539416064764, "time_of_day": "Morning", "causation": [ "0", "0", "0", "0", "0", "0", "0", "0", "0", "0", "0", "0", "0", "0", "10", "0", "0", "0", "0", "0", "0", "0", "0", "0" ], "duration": 1520.0, "sum": 10 }, "geometry": { "type": "Point", "coordinates": [ -122.385394160647635, 47.668472587000402 ] } },
{ "type": "Feature", "properties": { "lat": 47.668497095791857, "lon": -122.38581046703464, "time_of_day": "Morning", "causation": [ "0", "0", "0", "0", "0", "0", "0", "0", "0", "0", "0", "0", "0", "0", "2", "0", "0", "0", "0", "0", "0", "0", "0", "0" ], "duration": 304.0, "sum": 2 }, "geometry": { "type": "Point", "coordinates": [ -122.385810467034645, 47.668497095791857 ] } },
{ "type": "Feature", "properties": { "lat": 47.66850037425926, "lon": -122.28136095484082, "time_of_day": "Morning", "causation": [ "0", "0", "0", "0", "0", "0", "0", "0", "1", "0", "0", "0", "0", "0", "0", "0", "0", "0", "0", "0", "0", "0", "0", "0" ], "duration": 69.0, "sum": 1 }, "geometry": { "type": "Point", "coordinates": [ -122.281360954840821, 47.66850037425926 ] } },
{ "type": "Feature", "properties": { "lat": 47.668556108127696, "lon": -122.28112964914402, "time_of_day": "Morning", "causation": [ "0", "0", "0", "0", "0", "0", "0", "0", "1", "0", "0", "0", "0", "0", "0", "0", "0", "0", "0", "0", "0", "0", "0", "0" ], "duration": 86.0, "sum": 1 }, "geometry": { "type": "Point", "coordinates": [ -122.28112964914402, 47.668556108127696 ] } },
{ "type": "Feature", "properties": { "lat": 47.668582289269104, "lon": -122.28094319125223, "time_of_day": "Morning", "causation": [ "0", "0", "0", "0", "0", "0", "0", "0", "1", "0", "0", "0", "0", "0", "0", "0", "0", "0", "0", "0", "0", "0", "0", "0" ], "duration": 86.0, "sum": 1 }, "geometry": { "type": "Point", "coordinates": [ -122.280943191252234, 47.668582289269104 ] } },
{ "type": "Feature", "properties": { "lat": 47.668625572561055, "lon": -122.28060491196619, "time_of_day": "Morning", "causation": [ "0", "0", "0", "0", "0", "0", "0", "0", "1", "0", "0", "0", "0", "0", "0", "0", "0", "0", "0", "0", "0", "0", "0", "0" ], "duration": 86.0, "sum": 1 }, "geometry": { "type": "Point", "coordinates": [ -122.280604911966194, 47.668625572561055 ] } },
{ "type": "Feature", "properties": { "lat": 47.668648097741873, "lon": -122.29099490474708, "time_of_day": "Morning", "causation": [ "0", "0", "0", "0", "0", "0", "0", "0", "4", "0", "0", "0", "0", "0", "0", "0", "0", "0", "0", "0", "0", "0", "0", "0" ], "duration": 344.0, "sum": 4 }, "geometry": { "type": "Point", "coordinates": [ -122.29099490474708, 47.668648097741873 ] } },
{ "type": "Feature", "properties": { "lat": 47.668654211563066, "lon": -122.28997503978944, "time_of_day": "Morning", "causation": [ "0", "0", "0", "0", "0", "0", "0", "0", "3", "0", "0", "0", "0", "0", "0", "0", "0", "0", "0", "0", "0", "0", "0", "0" ], "duration": 258.0, "sum": 3 }, "geometry": { "type": "Point", "coordinates": [ -122.289975039789439, 47.668654211563066 ] } },
{ "type": "Feature", "properties": { "lat": 47.668666853181712, "lon": -122.28774528407727, "time_of_day": "Morning", "causation": [ "0", "0", "0", "0", "0", "0", "0", "0", "1", "0", "0", "0", "0", "0", "0", "0", "0", "0", "0", "0", "0", "0", "0", "0" ], "duration": 86.0, "sum": 1 }, "geometry": { "type": "Point", "coordinates": [ -122.287745284077275, 47.668666853181712 ] } },
{ "type": "Feature", "properties": { "lat": 47.668680136864353, "lon": -122.286220826066, "time_of_day": "Morning", "causation": [ "0", "0", "0", "0", "0", "0", "0", "0", "1", "0", "0", "0", "0", "0", "0", "0", "0", "0", "0", "0", "0", "0", "0", "0" ], "duration": 69.0, "sum": 1 }, "geometry": { "type": "Point", "coordinates": [ -122.286220826066, 47.668680136864353 ] } },
{ "type": "Feature", "properties": { "lat": 47.668680543801557, "lon": -122.2905677946882, "time_of_day": "Morning", "causation": [ "0", "0", "0", "0", "0", "0", "0", "0", "4", "0", "0", "0", "0", "0", "0", "0", "0", "0", "0", "0", "0", "0", "0", "0" ], "duration": 344.0, "sum": 4 }, "geometry": { "type": "Point", "coordinates": [ -122.290567794688201, 47.668680543801557 ] } },
{ "type": "Feature", "properties": { "lat": 47.668681653035854, "lon": -122.28758086916672, "time_of_day": "Morning", "causation": [ "0", "0", "0", "0", "0", "0", "0", "0", "1", "0", "0", "0", "0", "0", "0", "0", "0", "0", "0", "0", "0", "0", "0", "0" ], "duration": 69.0, "sum": 1 }, "geometry": { "type": "Point", "coordinates": [ -122.287580869166717, 47.668681653035854 ] } },
{ "type": "Feature", "properties": { "lat": 47.668682797420544, "lon": -122.28640093161114, "time_of_day": "Morning", "causation": [ "0", "0", "0", "0", "0", "0", "0", "0", "1", "0", "0", "0", "0", "0", "0", "0", "0", "0", "0", "0", "0", "0", "0", "0" ], "duration": 69.0, "sum": 1 }, "geometry": { "type": "Point", "coordinates": [ -122.286400931611141, 47.668682797420544 ] } },
{ "type": "Feature", "properties": { "lat": 47.668683859392367, "lon": -122.28548483609612, "time_of_day": "Morning", "causation": [ "0", "0", "0", "0", "0", "0", "0", "0", "1", "0", "0", "0", "0", "0", "0", "0", "0", "0", "0", "0", "0", "0", "0", "0" ], "duration": 69.0, "sum": 1 }, "geometry": { "type": "Point", "coordinates": [ -122.285484836096117, 47.668683859392367 ] } },
{ "type": "Feature", "properties": { "lat": 47.668685896819518, "lon": -122.28035230358296, "time_of_day": "Morning", "causation": [ "0", "0", "0", "0", "0", "0", "0", "0", "1", "0", "0", "0", "0", "0", "0", "0", "0", "0", "0", "0", "0", "0", "0", "0" ], "duration": 86.0, "sum": 1 }, "geometry": { "type": "Point", "coordinates": [ -122.280352303582958, 47.668685896819518 ] } },
{ "type": "Feature", "properties": { "lat": 47.66869045666796, "lon": -122.28840121781964, "time_of_day": "Morning", "causation": [ "0", "0", "0", "0", "0", "0", "0", "0", "1", "0", "0", "0", "0", "0", "0", "0", "0", "0", "0", "0", "0", "0", "0", "0" ], "duration": 69.0, "sum": 1 }, "geometry": { "type": "Point", "coordinates": [ -122.28840121781964, 47.66869045666796 ] } },
{ "type": "Feature", "properties": { "lat": 47.668691410269069, "lon": -122.28713501376588, "time_of_day": "Morning", "causation": [ "0", "0", "0", "0", "0", "0", "0", "0", "1", "0", "0", "0", "0", "0", "0", "0", "0", "0", "0", "0", "0", "0", "0", "0" ], "duration": 69.0, "sum": 1 }, "geometry": { "type": "Point", "coordinates": [ -122.287135013765877, 47.668691410269069 ] } },
{ "type": "Feature", "properties": { "lat": 47.668691659598672, "lon": -122.28287316184981, "time_of_day": "Morning", "causation": [ "0", "0", "0", "0", "0", "0", "0", "0", "1", "0", "0", "0", "0", "0", "0", "0", "0", "0", "0", "0", "0", "0", "0", "0" ], "duration": 69.0, "sum": 1 }, "geometry": { "type": "Point", "coordinates": [ -122.282873161849807, 47.668691659598672 ] } },
{ "type": "Feature", "properties": { "lat": 47.66869202604439, "lon": -122.28738128613401, "time_of_day": "Morning", "causation": [ "0", "0", "0", "0", "0", "0", "0", "0", "1", "0", "0", "0", "0", "0", "0", "0", "0", "0", "0", "0", "0", "0", "0", "0" ], "duration": 69.0, "sum": 1 }, "geometry": { "type": "Point", "coordinates": [ -122.287381286134007, 47.66869202604439 ] } },
{ "type": "Feature", "properties": { "lat": 47.668695443755134, "lon": -122.28277214147948, "time_of_day": "Morning", "causation": [ "0", "0", "0", "0", "0", "0", "0", "0", "1", "0", "0", "0", "0", "0", "0", "0", "0", "0", "0", "0", "0", "0", "0", "0" ], "duration": 69.0, "sum": 1 }, "geometry": { "type": "Point", "coordinates": [ -122.282772141479484, 47.668695443755134 ] } },
{ "type": "Feature", "properties": { "lat": 47.668696813623029, "lon": -122.28294720560348, "time_of_day": "Morning", "causation": [ "0", "0", "0", "0", "0", "0", "0", "0", "1", "0", "0", "0", "0", "0", "0", "0", "0", "0", "0", "0", "0", "0", "0", "0" ], "duration": 69.0, "sum": 1 }, "geometry": { "type": "Point", "coordinates": [ -122.282947205603477, 47.668696813623029 ] } },
{ "type": "Feature", "properties": { "lat": 47.668698566601854, "lon": -122.27988281813684, "time_of_day": "Late Night", "causation": [ "0", "0", "0", "0", "0", "0", "0", "0", "1", "0", "0", "0", "0", "0", "0", "0", "0", "0", "0", "0", "0", "0", "0", "0" ], "duration": 165.0, "sum": 1 }, "geometry": { "type": "Point", "coordinates": [ -122.279882818136841, 47.668698566601854 ] } },
{ "type": "Feature", "properties": { "lat": 47.668704179288852, "lon": -122.28885674640711, "time_of_day": "Morning", "causation": [ "0", "0", "0", "0", "0", "0", "0", "0", "1", "0", "0", "0", "0", "0", "0", "0", "0", "0", "0", "0", "0", "0", "0", "0" ], "duration": 69.0, "sum": 1 }, "geometry": { "type": "Point", "coordinates": [ -122.288856746407106, 47.668704179288852 ] } },
{ "type": "Feature", "properties": { "lat": 47.668710431179456, "lon": -122.2894935263048, "time_of_day": "Morning", "causation": [ "0", "0", "0", "0", "0", "0", "0", "0", "1", "0", "0", "0", "0", "0", "0", "0", "0", "0", "0", "0", "0", "0", "0", "0" ], "duration": 86.0, "sum": 1 }, "geometry": { "type": "Point", "coordinates": [ -122.289493526304796, 47.668710431179456 ] } },
{ "type": "Feature", "properties": { "lat": 47.668711464314129, "lon": -122.28426565334772, "time_of_day": "Morning", "causation": [ "0", "0", "0", "0", "0", "0", "0", "0", "1", "0", "0", "0", "0", "0", "0", "0", "0", "0", "0", "0", "0", "0", "0", "0" ], "duration": 69.0, "sum": 1 }, "geometry": { "type": "Point", "coordinates": [ -122.284265653347717, 47.668711464314129 ] } },
{ "type": "Feature", "properties": { "lat": 47.668716399418877, "lon": -122.28603852849032, "time_of_day": "Morning", "causation": [ "0", "0", "0", "0", "0", "0", "0", "0", "1", "0", "0", "0", "0", "0", "0", "0", "0", "0", "0", "0", "0", "0", "0", "0" ], "duration": 69.0, "sum": 1 }, "geometry": { "type": "Point", "coordinates": [ -122.286038528490323, 47.668716399418877 ] } },
{ "type": "Feature", "properties": { "lat": 47.668718169378899, "lon": -122.28010858717452, "time_of_day": "Late Night", "causation": [ "0", "0", "0", "0", "0", "0", "0", "0", "3", "0", "0", "0", "0", "0", "0", "0", "0", "0", "0", "0", "0", "0", "0", "0" ], "duration": 495.0, "sum": 3 }, "geometry": { "type": "Point", "coordinates": [ -122.280108587174524, 47.668718169378899 ] } },
{ "type": "Feature", "properties": { "lat": 47.668731500866699, "lon": -122.28865408612054, "time_of_day": "Morning", "causation": [ "0", "0", "0", "0", "0", "0", "0", "0", "1", "0", "0", "0", "0", "0", "0", "0", "0", "0", "0", "0", "0", "0", "0", "0" ], "duration": 69.0, "sum": 1 }, "geometry": { "type": "Point", "coordinates": [ -122.288654086120545, 47.668731500866699 ] } },
{ "type": "Feature", "properties": { "lat": 47.668742545362981, "lon": -122.28823078759358, "time_of_day": "Morning", "causation": [ "0", "0", "0", "0", "0", "0", "0", "0", "1", "0", "0", "0", "0", "0", "0", "0", "0", "0", "0", "0", "0", "0", "0", "0" ], "duration": 69.0, "sum": 1 }, "geometry": { "type": "Point", "coordinates": [ -122.288230787593577, 47.668742545362981 ] } },
{ "type": "Feature", "properties": { "lat": 47.668750331074406, "lon": -122.28663357239571, "time_of_day": "Morning", "causation": [ "0", "0", "0", "0", "0", "0", "0", "0", "1", "0", "0", "0", "0", "0", "0", "0", "0", "0", "0", "0", "0", "0", "0", "0" ], "duration": 69.0, "sum": 1 }, "geometry": { "type": "Point", "coordinates": [ -122.286633572395715, 47.668750331074406 ] } },
{ "type": "Feature", "properties": { "lat": 47.66875526063707, "lon": -122.28441363699808, "time_of_day": "Morning", "causation": [ "0", "0", "0", "0", "0", "0", "0", "0", "1", "0", "0", "0", "0", "0", "0", "0", "0", "0", "0", "0", "0", "0", "0", "0" ], "duration": 86.0, "sum": 1 }, "geometry": { "type": "Point", "coordinates": [ -122.284413636998082, 47.66875526063707 ] } },
{ "type": "Feature", "properties": { "lat": 47.668786777582483, "lon": -122.27889550730841, "time_of_day": "Late Night", "causation": [ "0", "0", "0", "0", "0", "0", "0", "0", "4", "0", "0", "0", "0", "0", "0", "0", "0", "0", "0", "0", "0", "0", "0", "0" ], "duration": 660.0, "sum": 4 }, "geometry": { "type": "Point", "coordinates": [ -122.278895507308405, 47.668786777582483 ] } },
{ "type": "Feature", "properties": { "lat": 47.66878876131279, "lon": -122.28261002827068, "time_of_day": "Morning", "causation": [ "0", "0", "0", "0", "0", "0", "0", "0", "20", "0", "0", "0", "0", "0", "0", "0", "0", "0", "0", "0", "0", "0", "0", "0" ], "duration": 1380.0, "sum": 20 }, "geometry": { "type": "Point", "coordinates": [ -122.282610028270682, 47.66878876131279 ] } },
{ "type": "Feature", "properties": { "lat": 47.668800115601478, "lon": -122.28286669175412, "time_of_day": "Morning", "causation": [ "0", "0", "0", "0", "0", "0", "0", "0", "1", "0", "0", "0", "0", "0", "0", "0", "0", "0", "0", "0", "0", "0", "0", "0" ], "duration": 69.0, "sum": 1 }, "geometry": { "type": "Point", "coordinates": [ -122.282866691754123, 47.668800115601478 ] } },
{ "type": "Feature", "properties": { "lat": 47.668804403583117, "lon": -122.28183697883864, "time_of_day": "Morning", "causation": [ "0", "0", "0", "0", "0", "0", "0", "0", "9", "0", "0", "0", "0", "0", "0", "0", "0", "0", "0", "0", "0", "0", "0", "0" ], "duration": 621.0, "sum": 9 }, "geometry": { "type": "Point", "coordinates": [ -122.281836978838641, 47.668804403583117 ] } },
{ "type": "Feature", "properties": { "lat": 47.668806376981088, "lon": -122.28543719670536, "time_of_day": "Morning", "causation": [ "0", "0", "0", "0", "0", "0", "0", "0", "1", "0", "0", "0", "0", "0", "0", "0", "0", "0", "0", "0", "0", "0", "0", "0" ], "duration": 69.0, "sum": 1 }, "geometry": { "type": "Point", "coordinates": [ -122.285437196705359, 47.668806376981088 ] } },
{ "type": "Feature", "properties": { "lat": 47.668823550431895, "lon": -122.27845549997092, "time_of_day": "Late Night", "causation": [ "0", "0", "0", "0", "0", "0", "0", "0", "1", "0", "0", "0", "0", "0", "0", "0", "0", "0", "0", "0", "0", "0", "0", "0" ], "duration": 165.0, "sum": 1 }, "geometry": { "type": "Point", "coordinates": [ -122.278455499970917, 47.668823550431895 ] } },
{ "type": "Feature", "properties": { "lat": 47.668828233936139, "lon": -122.2797679471805, "time_of_day": "Late Night", "causation": [ "0", "0", "0", "0", "0", "0", "0", "0", "1", "0", "0", "0", "0", "0", "0", "0", "0", "0", "0", "0", "0", "0", "0", "0" ], "duration": 165.0, "sum": 1 }, "geometry": { "type": "Point", "coordinates": [ -122.279767947180503, 47.668828233936139 ] } },
{ "type": "Feature", "properties": { "lat": 47.668834094413803, "lon": -122.27837474451933, "time_of_day": "Late Night", "causation": [ "0", "0", "0", "0", "0", "0", "0", "0", "1", "0", "0", "0", "0", "0", "0", "0", "0", "0", "0", "0", "0", "0", "0", "0" ], "duration": 165.0, "sum": 1 }, "geometry": { "type": "Point", "coordinates": [ -122.278374744519326, 47.668834094413803 ] } },
{ "type": "Feature", "properties": { "lat": 47.668837173401108, "lon": -122.27867988078944, "time_of_day": "Late Night", "causation": [ "0", "0", "0", "0", "0", "0", "0", "0", "1", "0", "0", "0", "0", "0", "0", "0", "0", "0", "0", "0", "0", "0", "0", "0" ], "duration": 165.0, "sum": 1 }, "geometry": { "type": "Point", "coordinates": [ -122.27867988078944, 47.668837173401108 ] } },
{ "type": "Feature", "properties": { "lat": 47.668842786583582, "lon": -122.27855398243278, "time_of_day": "Late Night", "causation": [ "0", "0", "0", "0", "0", "0", "0", "0", "1", "0", "0", "0", "0", "0", "0", "0", "0", "0", "0", "0", "0", "0", "0", "0" ], "duration": 165.0, "sum": 1 }, "geometry": { "type": "Point", "coordinates": [ -122.278553982432783, 47.668842786583582 ] } },
{ "type": "Feature", "properties": { "lat": 47.668844684060872, "lon": -122.278290470865, "time_of_day": "Late Night", "causation": [ "0", "0", "0", "0", "0", "0", "0", "0", "1", "0", "0", "0", "0", "0", "0", "0", "0", "0", "0", "0", "0", "0", "0", "0" ], "duration": 165.0, "sum": 1 }, "geometry": { "type": "Point", "coordinates": [ -122.278290470865002, 47.668844684060872 ] } },
{ "type": "Feature", "properties": { "lat": 47.668846751781757, "lon": -122.2871398986581, "time_of_day": "Morning", "causation": [ "0", "0", "0", "0", "0", "0", "0", "0", "1", "0", "0", "0", "0", "0", "0", "0", "0", "0", "0", "0", "0", "0", "0", "0" ], "duration": 69.0, "sum": 1 }, "geometry": { "type": "Point", "coordinates": [ -122.287139898658097, 47.668846751781757 ] } },
{ "type": "Feature", "properties": { "lat": 47.668857377545706, "lon": -122.28940310508897, "time_of_day": "Morning", "causation": [ "0", "0", "0", "0", "0", "0", "0", "0", "1", "0", "0", "0", "0", "0", "0", "0", "0", "0", "0", "0", "0", "0", "0", "0" ], "duration": 69.0, "sum": 1 }, "geometry": { "type": "Point", "coordinates": [ -122.289403105088965, 47.668857377545706 ] } },
{ "type": "Feature", "properties": { "lat": 47.668863760529582, "lon": -122.27917104859534, "time_of_day": "Late Night", "causation": [ "0", "0", "0", "0", "0", "0", "0", "0", "8", "0", "0", "0", "0", "0", "0", "0", "0", "0", "0", "0", "0", "0", "0", "0" ], "duration": 1320.0, "sum": 8 }, "geometry": { "type": "Point", "coordinates": [ -122.279171048595344, 47.668863760529582 ] } },
{ "type": "Feature", "properties": { "lat": 47.668864529723699, "lon": -122.28294501887233, "time_of_day": "Morning", "causation": [ "0", "0", "0", "0", "0", "0", "0", "0", "1", "0", "0", "0", "0", "0", "0", "0", "0", "0", "0", "0", "0", "0", "0", "0" ], "duration": 69.0, "sum": 1 }, "geometry": { "type": "Point", "coordinates": [ -122.282945018872326, 47.668864529723699 ] } },
{ "type": "Feature", "properties": { "lat": 47.668864899952737, "lon": -122.28277419600548, "time_of_day": "Morning", "causation": [ "0", "0", "0", "0", "0", "0", "0", "0", "1", "0", "0", "0", "0", "0", "0", "0", "0", "0", "0", "0", "0", "0", "0", "0" ], "duration": 69.0, "sum": 1 }, "geometry": { "type": "Point", "coordinates": [ -122.282774196005477, 47.668864899952737 ] } },
{ "type": "Feature", "properties": { "lat": 47.668867373276939, "lon": -122.2782087580467, "time_of_day": "Late Night", "causation": [ "0", "0", "0", "0", "0", "0", "0", "0", "1", "0", "0", "0", "0", "0", "0", "0", "0", "0", "0", "0", "0", "0", "0", "0" ], "duration": 165.0, "sum": 1 }, "geometry": { "type": "Point", "coordinates": [ -122.278208758046702, 47.668867373276939 ] } },
{ "type": "Feature", "properties": { "lat": 47.668877841952131, "lon": -122.27811993854998, "time_of_day": "Late Night", "causation": [ "0", "0", "0", "0", "0", "0", "0", "0", "1", "0", "0", "0", "0", "0", "0", "0", "0", "0", "0", "0", "0", "0", "0", "0" ], "duration": 165.0, "sum": 1 }, "geometry": { "type": "Point", "coordinates": [ -122.278119938549978, 47.668877841952131 ] } },
{ "type": "Feature", "properties": { "lat": 47.668879037703093, "lon": -122.29114129903378, "time_of_day": "Morning", "causation": [ "0", "0", "0", "0", "0", "0", "0", "0", "1", "0", "0", "0", "0", "0", "0", "0", "0", "0", "0", "0", "0", "0", "0", "0" ], "duration": 86.0, "sum": 1 }, "geometry": { "type": "Point", "coordinates": [ -122.291141299033782, 47.668879037703093 ] } },
{ "type": "Feature", "properties": { "lat": 47.668881405163397, "lon": -122.29057051156845, "time_of_day": "Morning", "causation": [ "0", "0", "0", "0", "0", "0", "0", "0", "1", "0", "0", "0", "0", "0", "0", "0", "0", "0", "0", "0", "0", "0", "0", "0" ], "duration": 86.0, "sum": 1 }, "geometry": { "type": "Point", "coordinates": [ -122.290570511568447, 47.668881405163397 ] } },
{ "type": "Feature", "properties": { "lat": 47.668882127347217, "lon": -122.28151006244818, "time_of_day": "Morning", "causation": [ "0", "0", "0", "0", "0", "0", "0", "0", "1", "0", "0", "0", "0", "0", "0", "0", "0", "0", "0", "0", "0", "0", "0", "0" ], "duration": 69.0, "sum": 1 }, "geometry": { "type": "Point", "coordinates": [ -122.281510062448177, 47.668882127347217 ] } },
{ "type": "Feature", "properties": { "lat": 47.668888605786996, "lon": -122.28334769495515, "time_of_day": "Morning", "causation": [ "0", "0", "0", "0", "0", "0", "0", "0", "1", "0", "0", "0", "0", "0", "0", "0", "0", "0", "0", "0", "0", "0", "0", "0" ], "duration": 86.0, "sum": 1 }, "geometry": { "type": "Point", "coordinates": [ -122.283347694955154, 47.668888605786996 ] } },
{ "type": "Feature", "properties": { "lat": 47.66889226290737, "lon": -122.27804659346022, "time_of_day": "Late Night", "causation": [ "0", "0", "0", "0", "0", "0", "0", "0", "1", "0", "0", "0", "0", "0", "0", "0", "0", "0", "0", "0", "0", "0", "0", "0" ], "duration": 165.0, "sum": 1 }, "geometry": { "type": "Point", "coordinates": [ -122.278046593460218, 47.66889226290737 ] } },
{ "type": "Feature", "properties": { "lat": 47.668893649697765, "lon": -122.28772427039988, "time_of_day": "Morning", "causation": [ "0", "0", "0", "0", "0", "0", "0", "0", "1", "0", "0", "0", "0", "0", "0", "0", "0", "0", "0", "0", "0", "0", "0", "0" ], "duration": 86.0, "sum": 1 }, "geometry": { "type": "Point", "coordinates": [ -122.287724270399877, 47.668893649697765 ] } },
{ "type": "Feature", "properties": { "lat": 47.668904950288976, "lon": -122.28127846757056, "time_of_day": "Morning", "causation": [ "0", "0", "0", "0", "0", "0", "0", "0", "1", "0", "0", "0", "0", "0", "0", "0", "0", "0", "0", "0", "0", "0", "0", "0" ], "duration": 86.0, "sum": 1 }, "geometry": { "type": "Point", "coordinates": [ -122.281278467570559, 47.668904950288976 ] } },
{ "type": "Feature", "properties": { "lat": 47.668911737665887, "lon": -122.28831248880796, "time_of_day": "Morning", "causation": [ "0", "0", "0", "0", "0", "0", "0", "0", "1", "0", "0", "0", "0", "0", "0", "0", "0", "0", "0", "0", "0", "0", "0", "0" ], "duration": 86.0, "sum": 1 }, "geometry": { "type": "Point", "coordinates": [ -122.288312488807961, 47.668911737665887 ] } },
{ "type": "Feature", "properties": { "lat": 47.6689277920309, "lon": -122.28108937027166, "time_of_day": "Morning", "causation": [ "0", "0", "0", "0", "0", "0", "0", "0", "1", "0", "0", "0", "0", "0", "0", "0", "0", "0", "0", "0", "0", "0", "0", "0" ], "duration": 86.0, "sum": 1 }, "geometry": { "type": "Point", "coordinates": [ -122.281089370271658, 47.6689277920309 ] } },
{ "type": "Feature", "properties": { "lat": 47.668930329484908, "lon": -122.28602698760456, "time_of_day": "Morning", "causation": [ "0", "0", "0", "0", "0", "0", "0", "0", "1", "0", "0", "0", "0", "0", "0", "0", "0", "0", "0", "0", "0", "0", "0", "0" ], "duration": 69.0, "sum": 1 }, "geometry": { "type": "Point", "coordinates": [ -122.286026987604558, 47.668930329484908 ] } },
{ "type": "Feature", "properties": { "lat": 47.668930930092536, "lon": -122.28883823683726, "time_of_day": "Morning", "causation": [ "0", "0", "0", "0", "0", "0", "0", "0", "1", "0", "0", "0", "0", "0", "0", "0", "0", "0", "0", "0", "0", "0", "0", "0" ], "duration": 69.0, "sum": 1 }, "geometry": { "type": "Point", "coordinates": [ -122.288838236837265, 47.668930930092536 ] } },
{ "type": "Feature", "properties": { "lat": 47.668934327550666, "lon": -122.28659837533108, "time_of_day": "Morning", "causation": [ "0", "0", "0", "0", "0", "0", "0", "0", "2", "0", "0", "0", "0", "0", "0", "0", "0", "0", "0", "0", "0", "0", "0", "0" ], "duration": 138.0, "sum": 2 }, "geometry": { "type": "Point", "coordinates": [ -122.286598375331081, 47.668934327550666 ] } },
{ "type": "Feature", "properties": { "lat": 47.668945514359017, "lon": -122.27538761565144, "time_of_day": "Late Night", "causation": [ "0", "0", "0", "0", "0", "0", "0", "0", "1", "0", "0", "0", "0", "0", "0", "0", "0", "0", "0", "0", "0", "0", "0", "0" ], "duration": 228.0, "sum": 1 }, "geometry": { "type": "Point", "coordinates": [ -122.275387615651439, 47.668945514359017 ] } },
{ "type": "Feature", "properties": { "lat": 47.668964580084527, "lon": -122.27789130816043, "time_of_day": "Late Night", "causation": [ "0", "0", "0", "0", "0", "0", "0", "0", "9", "0", "0", "0", "0", "0", "0", "0", "0", "0", "0", "0", "0", "0", "0", "0" ], "duration": 1485.0, "sum": 9 }, "geometry": { "type": "Point", "coordinates": [ -122.277891308160434, 47.668964580084527 ] } },
{ "type": "Feature", "properties": { "lat": 47.668965098993191, "lon": -122.27514463929784, "time_of_day": "Late Night", "causation": [ "0", "0", "0", "0", "0", "0", "0", "0", "1", "0", "0", "0", "0", "0", "0", "0", "0", "0", "0", "0", "0", "0", "0", "0" ], "duration": 228.0, "sum": 1 }, "geometry": { "type": "Point", "coordinates": [ -122.275144639297835, 47.668965098993191 ] } },
{ "type": "Feature", "properties": { "lat": 47.668966013950858, "lon": -122.2759389149341, "time_of_day": "Late Night", "causation": [ "0", "0", "0", "0", "0", "0", "0", "0", "1", "0", "0", "0", "0", "0", "0", "0", "0", "0", "0", "0", "0", "0", "0", "0" ], "duration": 228.0, "sum": 1 }, "geometry": { "type": "Point", "coordinates": [ -122.275938914934102, 47.668966013950858 ] } },
{ "type": "Feature", "properties": { "lat": 47.668971828560615, "lon": -122.28084986961755, "time_of_day": "Morning", "causation": [ "0", "0", "0", "0", "0", "0", "0", "0", "1", "0", "0", "0", "0", "0", "0", "0", "0", "0", "0", "0", "0", "0", "0", "0" ], "duration": 86.0, "sum": 1 }, "geometry": { "type": "Point", "coordinates": [ -122.280849869617555, 47.668971828560615 ] } },
{ "type": "Feature", "properties": { "lat": 47.668979510663775, "lon": -122.27453272021954, "time_of_day": "Late Night", "causation": [ "0", "0", "0", "0", "0", "0", "0", "0", "1", "0", "0", "0", "0", "0", "0", "0", "0", "0", "0", "0", "0", "0", "0", "0" ], "duration": 228.0, "sum": 1 }, "geometry": { "type": "Point", "coordinates": [ -122.27453272021954, 47.668979510663775 ] } },
{ "type": "Feature", "properties": { "lat": 47.668987969684061, "lon": -122.28548690260676, "time_of_day": "Morning", "causation": [ "0", "0", "0", "0", "0", "0", "0", "0", "1", "0", "0", "0", "0", "0", "0", "0", "0", "0", "0", "0", "0", "0", "0", "0" ], "duration": 69.0, "sum": 1 }, "geometry": { "type": "Point", "coordinates": [ -122.285486902606763, 47.668987969684061 ] } },
{ "type": "Feature", "properties": { "lat": 47.66898988486804, "lon": -122.29056714733107, "time_of_day": "Morning", "causation": [ "0", "0", "0", "0", "0", "0", "0", "0", "1", "0", "0", "0", "0", "0", "0", "0", "0", "0", "0", "0", "0", "0", "0", "0" ], "duration": 86.0, "sum": 1 }, "geometry": { "type": "Point", "coordinates": [ -122.290567147331075, 47.66898988486804 ] } },
{ "type": "Feature", "properties": { "lat": 47.668991904798816, "lon": -122.29118145762372, "time_of_day": "Morning", "causation": [ "0", "0", "0", "0", "0", "0", "0", "0", "1", "0", "0", "0", "0", "0", "0", "0", "0", "0", "0", "0", "0", "0", "0", "0" ], "duration": 86.0, "sum": 1 }, "geometry": { "type": "Point", "coordinates": [ -122.291181457623722, 47.668991904798816 ] } },
{ "type": "Feature", "properties": { "lat": 47.668996432618847, "lon": -122.27485963347677, "time_of_day": "Late Night", "causation": [ "0", "0", "0", "0", "0", "0", "0", "0", "1", "0", "0", "0", "0", "0", "0", "0", "0", "0", "0", "0", "0", "0", "0", "0" ], "duration": 228.0, "sum": 1 }, "geometry": { "type": "Point", "coordinates": [ -122.274859633476765, 47.668996432618847 ] } },
{ "type": "Feature", "properties": { "lat": 47.669002903658829, "lon": -122.27867186891316, "time_of_day": "Late Night", "causation": [ "0", "0", "0", "0", "0", "0", "0", "0", "1", "0", "0", "0", "0", "0", "0", "0", "0", "0", "0", "0", "0", "0", "0", "0" ], "duration": 165.0, "sum": 1 }, "geometry": { "type": "Point", "coordinates": [ -122.278671868913165, 47.669002903658829 ] } },
{ "type": "Feature", "properties": { "lat": 47.669008380429446, "lon": -122.28717255898268, "time_of_day": "Morning", "causation": [ "0", "0", "0", "0", "0", "0", "0", "0", "1", "0", "0", "0", "0", "0", "0", "0", "0", "0", "0", "0", "0", "0", "0", "0" ], "duration": 69.0, "sum": 1 }, "geometry": { "type": "Point", "coordinates": [ -122.287172558982675, 47.669008380429446 ] } },
{ "type": "Feature", "properties": { "lat": 47.669013062066803, "lon": -122.27854196006329, "time_of_day": "Late Night", "causation": [ "0", "0", "0", "0", "0", "0", "0", "0", "1", "0", "0", "0", "0", "0", "0", "0", "0", "0", "0", "0", "0", "0", "0", "0" ], "duration": 165.0, "sum": 1 }, "geometry": { "type": "Point", "coordinates": [ -122.278541960063293, 47.669013062066803 ] } },
{ "type": "Feature", "properties": { "lat": 47.669017440118047, "lon": -122.28942820255442, "time_of_day": "Morning", "causation": [ "0", "0", "0", "0", "0", "0", "0", "0", "1", "0", "0", "0", "0", "0", "0", "0", "0", "0", "0", "0", "0", "0", "0", "0" ], "duration": 69.0, "sum": 1 }, "geometry": { "type": "Point", "coordinates": [ -122.289428202554419, 47.669017440118047 ] } },
{ "type": "Feature", "properties": { "lat": 47.669018922859301, "lon": -122.2805817378875, "time_of_day": "Morning", "causation": [ "0", "0", "0", "0", "0", "0", "0", "0", "1", "0", "0", "0", "0", "0", "0", "0", "0", "0", "0", "0", "0", "0", "0", "0" ], "duration": 86.0, "sum": 1 }, "geometry": { "type": "Point", "coordinates": [ -122.280581737887502, 47.669018922859301 ] } },
{ "type": "Feature", "properties": { "lat": 47.669028677062506, "lon": -122.27607138940751, "time_of_day": "Late Night", "causation": [ "0", "0", "0", "0", "0", "0", "0", "0", "1", "0", "0", "0", "0", "0", "0", "0", "0", "0", "0", "0", "0", "0", "0", "0" ], "duration": 165.0, "sum": 1 }, "geometry": { "type": "Point", "coordinates": [ -122.276071389407505, 47.669028677062506 ] } },
{ "type": "Feature", "properties": { "lat": 47.669033278394629, "lon": -122.27431484420228, "time_of_day": "Late Night", "causation": [ "0", "0", "0", "0", "0", "0", "0", "0", "1", "0", "0", "0", "0", "0", "0", "0", "0", "0", "0", "0", "0", "0", "0", "0" ], "duration": 228.0, "sum": 1 }, "geometry": { "type": "Point", "coordinates": [ -122.27431484420228, 47.669033278394629 ] } },
{ "type": "Feature", "properties": { "lat": 47.669049515277621, "lon": -122.27627470781157, "time_of_day": "Late Night", "causation": [ "0", "0", "0", "0", "0", "0", "0", "0", "1", "0", "0", "0", "0", "0", "0", "0", "0", "0", "0", "0", "0", "0", "0", "0" ], "duration": 165.0, "sum": 1 }, "geometry": { "type": "Point", "coordinates": [ -122.276274707811567, 47.669049515277621 ] } },
{ "type": "Feature", "properties": { "lat": 47.66905601525562, "lon": -122.28035196008224, "time_of_day": "Late Night", "causation": [ "0", "0", "0", "0", "0", "0", "0", "0", "1", "0", "0", "0", "0", "0", "0", "0", "0", "0", "0", "0", "0", "0", "0", "0" ], "duration": 165.0, "sum": 1 }, "geometry": { "type": "Point", "coordinates": [ -122.280351960082243, 47.66905601525562 ] } },
{ "type": "Feature", "properties": { "lat": 47.669056733767931, "lon": -122.28884322115228, "time_of_day": "Morning", "causation": [ "0", "0", "0", "0", "0", "0", "0", "0", "1", "0", "0", "0", "0", "0", "0", "0", "0", "0", "0", "0", "0", "0", "0", "0" ], "duration": 69.0, "sum": 1 }, "geometry": { "type": "Point", "coordinates": [ -122.288843221152277, 47.669056733767931 ] } },
{ "type": "Feature", "properties": { "lat": 47.669058855517981, "lon": -122.2877458166676, "time_of_day": "Morning", "causation": [ "0", "0", "0", "0", "0", "0", "0", "0", "1", "0", "0", "0", "0", "0", "0", "0", "0", "0", "0", "0", "0", "0", "0", "0" ], "duration": 86.0, "sum": 1 }, "geometry": { "type": "Point", "coordinates": [ -122.287745816667595, 47.669058855517981 ] } },
{ "type": "Feature", "properties": { "lat": 47.669059282388893, "lon": -122.27844795607508, "time_of_day": "Late Night", "causation": [ "0", "0", "0", "0", "0", "0", "0", "0", "1", "0", "0", "0", "0", "0", "0", "0", "0", "0", "0", "0", "0", "0", "0", "0" ], "duration": 165.0, "sum": 1 }, "geometry": { "type": "Point", "coordinates": [ -122.278447956075084, 47.669059282388893 ] } },
{ "type": "Feature", "properties": { "lat": 47.669059682099991, "lon": -122.28826085062552, "time_of_day": "Morning", "causation": [ "0", "0", "0", "0", "0", "0", "0", "0", "2", "0", "0", "0", "0", "0", "0", "0", "0", "0", "0", "0", "0", "0", "0", "0" ], "duration": 172.0, "sum": 2 }, "geometry": { "type": "Point", "coordinates": [ -122.28826085062552, 47.669059682099991 ] } },
{ "type": "Feature", "properties": { "lat": 47.669067928042992, "lon": -122.27393746977108, "time_of_day": "Late Night", "causation": [ "0", "0", "0", "0", "0", "0", "0", "0", "1", "0", "0", "0", "0", "0", "0", "0", "0", "0", "0", "0", "0", "0", "0", "0" ], "duration": 235.0, "sum": 1 }, "geometry": { "type": "Point", "coordinates": [ -122.273937469771084, 47.669067928042992 ] } },
{ "type": "Feature", "properties": { "lat": 47.669080627370342, "lon": -122.27413197623416, "time_of_day": "Late Night", "causation": [ "0", "0", "0", "0", "0", "0", "0", "0", "1", "0", "0", "0", "0", "0", "0", "0", "0", "0", "0", "0", "0", "0", "0", "0" ], "duration": 235.0, "sum": 1 }, "geometry": { "type": "Point", "coordinates": [ -122.274131976234159, 47.669080627370342 ] } },
{ "type": "Feature", "properties": { "lat": 47.669082351382336, "lon": -122.27831821924578, "time_of_day": "Late Night", "causation": [ "0", "0", "0", "0", "0", "0", "0", "0", "1", "0", "0", "0", "0", "0", "0", "0", "0", "0", "0", "0", "0", "0", "0", "0" ], "duration": 165.0, "sum": 1 }, "geometry": { "type": "Point", "coordinates": [ -122.278318219245776, 47.669082351382336 ] } },
{ "type": "Feature", "properties": { "lat": 47.669089040855397, "lon": -122.27707999069484, "time_of_day": "Late Night", "causation": [ "0", "0", "0", "0", "0", "0", "0", "0", "1", "0", "0", "0", "0", "0", "0", "0", "0", "0", "0", "0", "0", "0", "0", "0" ], "duration": 165.0, "sum": 1 }, "geometry": { "type": "Point", "coordinates": [ -122.277079990694844, 47.669089040855397 ] } },
{ "type": "Feature", "properties": { "lat": 47.669092397604935, "lon": -122.27822269784625, "time_of_day": "Late Night", "causation": [ "0", "0", "0", "0", "0", "0", "0", "0", "1", "0", "0", "0", "0", "0", "0", "0", "0", "0", "0", "0", "0", "0", "0", "0" ], "duration": 165.0, "sum": 1 }, "geometry": { "type": "Point", "coordinates": [ -122.278222697846246, 47.669092397604935 ] } },
{ "type": "Feature", "properties": { "lat": 47.669093504925748, "lon": -122.27725391578596, "time_of_day": "Late Night", "causation": [ "0", "0", "0", "0", "0", "0", "0", "0", "1", "0", "0", "0", "0", "0", "0", "0", "0", "0", "0", "0", "0", "0", "0", "0" ], "duration": 165.0, "sum": 1 }, "geometry": { "type": "Point", "coordinates": [ -122.277253915785963, 47.669093504925748 ] } },
{ "type": "Feature", "properties": { "lat": 47.669096915716302, "lon": -122.2866710577276, "time_of_day": "Morning", "causation": [ "0", "0", "0", "0", "0", "0", "0", "0", "1", "0", "0", "0", "0", "0", "0", "0", "0", "0", "0", "0", "0", "0", "0", "0" ], "duration": 69.0, "sum": 1 }, "geometry": { "type": "Point", "coordinates": [ -122.286671057727602, 47.669096915716302 ] } },
{ "type": "Feature", "properties": { "lat": 47.669100061576472, "lon": -122.29115297842394, "time_of_day": "Morning", "causation": [ "0", "0", "0", "0", "0", "0", "0", "0", "1", "0", "0", "0", "0", "0", "0", "0", "0", "0", "0", "0", "0", "0", "0", "0" ], "duration": 86.0, "sum": 1 }, "geometry": { "type": "Point", "coordinates": [ -122.291152978423938, 47.669100061576472 ] } },
{ "type": "Feature", "properties": { "lat": 47.669101062472407, "lon": -122.27650799270558, "time_of_day": "Late Night", "causation": [ "0", "0", "0", "0", "0", "0", "0", "0", "1", "0", "0", "0", "0", "0", "0", "0", "0", "0", "0", "0", "0", "0", "0", "0" ], "duration": 165.0, "sum": 1 }, "geometry": { "type": "Point", "coordinates": [ -122.276507992705575, 47.669101062472407 ] } },
{ "type": "Feature", "properties": { "lat": 47.669103232607085, "lon": -122.29055922287868, "time_of_day": "Morning", "causation": [ "0", "0", "0", "0", "0", "0", "0", "0", "1", "0", "0", "0", "0", "0", "0", "0", "0", "0", "0", "0", "0", "0", "0", "0" ], "duration": 86.0, "sum": 1 }, "geometry": { "type": "Point", "coordinates": [ -122.290559222878684, 47.669103232607085 ] } },
{ "type": "Feature", "properties": { "lat": 47.669109161901687, "lon": -122.27746327747042, "time_of_day": "Late Night", "causation": [ "0", "0", "0", "0", "0", "0", "0", "0", "1", "0", "0", "0", "0", "0", "0", "0", "0", "0", "0", "0", "0", "0", "0", "0" ], "duration": 165.0, "sum": 1 }, "geometry": { "type": "Point", "coordinates": [ -122.277463277470417, 47.669109161901687 ] } },
{ "type": "Feature", "properties": { "lat": 47.669110610014428, "lon": -122.27766458444836, "time_of_day": "Late Night", "causation": [ "0", "0", "0", "0", "0", "0", "0", "0", "1", "0", "0", "0", "0", "0", "0", "0", "0", "0", "0", "0", "0", "0", "0", "0" ], "duration": 165.0, "sum": 1 }, "geometry": { "type": "Point", "coordinates": [ -122.27766458444836, 47.669110610014428 ] } },
{ "type": "Feature", "properties": { "lat": 47.669117283691683, "lon": -122.27806053246536, "time_of_day": "Late Night", "causation": [ "0", "0", "0", "0", "0", "0", "0", "0", "1", "0", "0", "0", "0", "0", "0", "0", "0", "0", "0", "0", "0", "0", "0", "0" ], "duration": 165.0, "sum": 1 }, "geometry": { "type": "Point", "coordinates": [ -122.278060532465361, 47.669117283691683 ] } },
{ "type": "Feature", "properties": { "lat": 47.669129092954229, "lon": -122.27668784935246, "time_of_day": "Late Night", "causation": [ "0", "0", "0", "0", "0", "0", "0", "0", "1", "0", "0", "0", "0", "0", "0", "0", "0", "0", "0", "0", "0", "0", "0", "0" ], "duration": 165.0, "sum": 1 }, "geometry": { "type": "Point", "coordinates": [ -122.276687849352456, 47.669129092954229 ] } },
{ "type": "Feature", "properties": { "lat": 47.669133742499525, "lon": -122.2855089339803, "time_of_day": "Morning", "causation": [ "0", "0", "0", "0", "0", "0", "0", "0", "1", "0", "0", "0", "0", "0", "0", "0", "0", "0", "0", "0", "0", "0", "0", "0" ], "duration": 69.0, "sum": 1 }, "geometry": { "type": "Point", "coordinates": [ -122.285508933980296, 47.669133742499525 ] } },
{ "type": "Feature", "properties": { "lat": 47.669136026187687, "lon": -122.276864351784, "time_of_day": "Late Night", "causation": [ "0", "0", "0", "0", "0", "0", "0", "0", "1", "0", "0", "0", "0", "0", "0", "0", "0", "0", "0", "0", "0", "0", "0", "0" ], "duration": 165.0, "sum": 1 }, "geometry": { "type": "Point", "coordinates": [ -122.276864351783999, 47.669136026187687 ] } },
{ "type": "Feature", "properties": { "lat": 47.669136298690816, "lon": -122.27361267231947, "time_of_day": "Late Night", "causation": [ "0", "0", "0", "0", "0", "0", "0", "0", "1", "0", "0", "0", "0", "0", "0", "0", "0", "0", "0", "0", "0", "0", "0", "0" ], "duration": 235.0, "sum": 1 }, "geometry": { "type": "Point", "coordinates": [ -122.273612672319473, 47.669136298690816 ] } },
{ "type": "Feature", "properties": { "lat": 47.669142652292642, "lon": -122.27976539588384, "time_of_day": "Late Night", "causation": [ "0", "0", "0", "0", "0", "0", "0", "0", "1", "0", "0", "0", "0", "0", "0", "0", "0", "0", "0", "0", "0", "0", "0", "0" ], "duration": 165.0, "sum": 1 }, "geometry": { "type": "Point", "coordinates": [ -122.279765395883842, 47.669142652292642 ] } },
{ "type": "Feature", "properties": { "lat": 47.669146990260018, "lon": -122.28716929162768, "time_of_day": "Morning", "causation": [ "0", "0", "0", "0", "0", "0", "0", "0", "1", "0", "0", "0", "0", "0", "0", "0", "0", "0", "0", "0", "0", "0", "0", "0" ], "duration": 69.0, "sum": 1 }, "geometry": { "type": "Point", "coordinates": [ -122.287169291627677, 47.669146990260018 ] } },
{ "type": "Feature", "properties": { "lat": 47.66914979478527, "lon": -122.28827691920522, "time_of_day": "Morning", "causation": [ "0", "0", "0", "0", "0", "0", "0", "0", "1", "0", "0", "0", "0", "0", "0", "0", "0", "0", "0", "0", "0", "0", "0", "0" ], "duration": 86.0, "sum": 1 }, "geometry": { "type": "Point", "coordinates": [ -122.288276919205217, 47.66914979478527 ] } },
{ "type": "Feature", "properties": { "lat": 47.669160221300068, "lon": -122.28602233495434, "time_of_day": "Morning", "causation": [ "0", "0", "0", "0", "0", "0", "0", "0", "1", "0", "0", "0", "0", "0", "0", "0", "0", "0", "0", "0", "0", "0", "0", "0" ], "duration": 69.0, "sum": 1 }, "geometry": { "type": "Point", "coordinates": [ -122.286022334954339, 47.669160221300068 ] } },
{ "type": "Feature", "properties": { "lat": 47.669166163742659, "lon": -122.28774506857116, "time_of_day": "Morning", "causation": [ "0", "0", "0", "0", "0", "0", "0", "0", "1", "0", "0", "0", "0", "0", "0", "0", "0", "0", "0", "0", "0", "0", "0", "0" ], "duration": 86.0, "sum": 1 }, "geometry": { "type": "Point", "coordinates": [ -122.287745068571155, 47.669166163742659 ] } },
{ "type": "Feature", "properties": { "lat": 47.669174206349517, "lon": -122.28940191769912, "time_of_day": "Morning", "causation": [ "0", "0", "0", "0", "0", "0", "0", "0", "1", "0", "0", "0", "0", "0", "0", "0", "0", "0", "0", "0", "0", "0", "0", "0" ], "duration": 69.0, "sum": 1 }, "geometry": { "type": "Point", "coordinates": [ -122.289401917699124, 47.669174206349517 ] } },
{ "type": "Feature", "properties": { "lat": 47.669175112376806, "lon": -122.28883791003088, "time_of_day": "Morning", "causation": [ "0", "0", "0", "0", "0", "0", "0", "0", "1", "0", "0", "0", "0", "0", "0", "0", "0", "0", "0", "0", "0", "0", "0", "0" ], "duration": 69.0, "sum": 1 }, "geometry": { "type": "Point", "coordinates": [ -122.288837910030878, 47.669175112376806 ] } },
{ "type": "Feature", "properties": { "lat": 47.669209972616748, "lon": -122.29055407241664, "time_of_day": "Morning", "causation": [ "0", "0", "0", "0", "0", "0", "0", "0", "1", "0", "0", "0", "0", "0", "0", "0", "0", "0", "0", "0", "0", "0", "0", "0" ], "duration": 69.0, "sum": 1 }, "geometry": { "type": "Point", "coordinates": [ -122.29055407241664, 47.669209972616748 ] } },
{ "type": "Feature", "properties": { "lat": 47.669217934303241, "lon": -122.2911743771667, "time_of_day": "Morning", "causation": [ "0", "0", "0", "0", "0", "0", "0", "0", "1", "0", "0", "0", "0", "0", "0", "0", "0", "0", "0", "0", "0", "0", "0", "0" ], "duration": 69.0, "sum": 1 }, "geometry": { "type": "Point", "coordinates": [ -122.291174377166698, 47.669217934303241 ] } },
{ "type": "Feature", "properties": { "lat": 47.669261789687752, "lon": -122.28661759047084, "time_of_day": "Morning", "causation": [ "0", "0", "0", "0", "0", "0", "0", "0", "2", "0", "0", "0", "0", "0", "0", "0", "0", "0", "0", "0", "0", "0", "0", "0" ], "duration": 138.0, "sum": 2 }, "geometry": { "type": "Point", "coordinates": [ -122.28661759047084, 47.669261789687752 ] } },
{ "type": "Feature", "properties": { "lat": 47.669264613361001, "lon": -122.28715895034672, "time_of_day": "Morning", "causation": [ "0", "0", "0", "0", "0", "0", "0", "0", "1", "0", "0", "0", "0", "0", "0", "0", "0", "0", "0", "0", "0", "0", "0", "0" ], "duration": 69.0, "sum": 1 }, "geometry": { "type": "Point", "coordinates": [ -122.287158950346722, 47.669264613361001 ] } },
{ "type": "Feature", "properties": { "lat": 47.669270075865732, "lon": -122.27345547442988, "time_of_day": "Late Night", "causation": [ "0", "0", "0", "0", "0", "0", "0", "0", "1", "0", "0", "0", "0", "0", "0", "0", "0", "0", "0", "0", "0", "0", "0", "0" ], "duration": 235.0, "sum": 1 }, "geometry": { "type": "Point", "coordinates": [ -122.27345547442988, 47.669270075865732 ] } },
{ "type": "Feature", "properties": { "lat": 47.669272018137413, "lon": -122.28885175455304, "time_of_day": "Morning", "causation": [ "0", "0", "0", "0", "0", "0", "0", "0", "1", "0", "0", "0", "0", "0", "0", "0", "0", "0", "0", "0", "0", "0", "0", "0" ], "duration": 69.0, "sum": 1 }, "geometry": { "type": "Point", "coordinates": [ -122.288851754553036, 47.669272018137413 ] } },
{ "type": "Feature", "properties": { "lat": 47.66928767258856, "lon": -122.28550004175609, "time_of_day": "Morning", "causation": [ "0", "0", "0", "0", "0", "0", "0", "0", "1", "0", "0", "0", "0", "0", "0", "0", "0", "0", "0", "0", "0", "0", "0", "0" ], "duration": 69.0, "sum": 1 }, "geometry": { "type": "Point", "coordinates": [ -122.285500041756094, 47.66928767258856 ] } },
{ "type": "Feature", "properties": { "lat": 47.66929081624555, "lon": -122.28604250666704, "time_of_day": "Morning", "causation": [ "0", "0", "0", "0", "0", "0", "0", "0", "1", "0", "0", "0", "0", "0", "0", "0", "0", "0", "0", "0", "0", "0", "0", "0" ], "duration": 69.0, "sum": 1 }, "geometry": { "type": "Point", "coordinates": [ -122.286042506667044, 47.66929081624555 ] } },
{ "type": "Feature", "properties": { "lat": 47.669313996833012, "lon": -122.28826092652054, "time_of_day": "Morning", "causation": [ "0", "0", "0", "0", "0", "0", "0", "0", "1", "0", "0", "0", "0", "0", "0", "0", "0", "0", "0", "0", "0", "0", "0", "0" ], "duration": 86.0, "sum": 1 }, "geometry": { "type": "Point", "coordinates": [ -122.288260926520536, 47.669313996833012 ] } },
{ "type": "Feature", "properties": { "lat": 47.66931819597189, "lon": -122.29115606434422, "time_of_day": "Morning", "causation": [ "0", "0", "0", "0", "0", "0", "0", "0", "1", "0", "0", "0", "0", "0", "0", "0", "0", "0", "0", "0", "0", "0", "0", "0" ], "duration": 69.0, "sum": 1 }, "geometry": { "type": "Point", "coordinates": [ -122.291156064344221, 47.66931819597189 ] } },
{ "type": "Feature", "properties": { "lat": 47.669329077405251, "lon": -122.29050593469486, "time_of_day": "Morning", "causation": [ "0", "0", "0", "0", "0", "0", "0", "0", "1", "0", "0", "0", "0", "0", "0", "0", "0", "0", "0", "0", "0", "0", "0", "0" ], "duration": 69.0, "sum": 1 }, "geometry": { "type": "Point", "coordinates": [ -122.290505934694863, 47.669329077405251 ] } },
{ "type": "Feature", "properties": { "lat": 47.669350284211824, "lon": -122.2894763998416, "time_of_day": "Morning", "causation": [ "0", "0", "0", "0", "0", "0", "0", "0", "1", "0", "0", "0", "0", "0", "0", "0", "0", "0", "0", "0", "0", "0", "0", "0" ], "duration": 69.0, "sum": 1 }, "geometry": { "type": "Point", "coordinates": [ -122.289476399841604, 47.669350284211824 ] } },
{ "type": "Feature", "properties": { "lat": 47.669366221637361, "lon": -122.27322930776948, "time_of_day": "Late Night", "causation": [ "0", "0", "0", "0", "0", "0", "0", "0", "1", "0", "0", "0", "0", "0", "0", "0", "0", "0", "0", "0", "0", "0", "0", "0" ], "duration": 235.0, "sum": 1 }, "geometry": { "type": "Point", "coordinates": [ -122.273229307769483, 47.669366221637361 ] } },
{ "type": "Feature", "properties": { "lat": 47.669367993971299, "lon": -122.28663180047069, "time_of_day": "Morning", "causation": [ "0", "0", "0", "0", "0", "0", "0", "0", "1", "0", "0", "0", "0", "0", "0", "0", "0", "0", "0", "0", "0", "0", "0", "0" ], "duration": 69.0, "sum": 1 }, "geometry": { "type": "Point", "coordinates": [ -122.286631800470687, 47.669367993971299 ] } },
{ "type": "Feature", "properties": { "lat": 47.66936943546952, "lon": -122.2871555984416, "time_of_day": "Morning", "causation": [ "0", "0", "0", "0", "0", "0", "0", "0", "1", "0", "0", "0", "0", "0", "0", "0", "0", "0", "0", "0", "0", "0", "0", "0" ], "duration": 69.0, "sum": 1 }, "geometry": { "type": "Point", "coordinates": [ -122.287155598441601, 47.66936943546952 ] } },
{ "type": "Feature", "properties": { "lat": 47.669375451050257, "lon": -122.28775962424341, "time_of_day": "Morning", "causation": [ "0", "0", "0", "0", "0", "0", "0", "0", "2", "0", "0", "0", "0", "0", "0", "0", "0", "0", "0", "0", "0", "0", "0", "0" ], "duration": 172.0, "sum": 2 }, "geometry": { "type": "Point", "coordinates": [ -122.287759624243407, 47.669375451050257 ] } },
{ "type": "Feature", "properties": { "lat": 47.669381279278163, "lon": -122.274973999644, "time_of_day": "Late Night", "causation": [ "0", "0", "0", "0", "0", "0", "0", "0", "1", "0", "0", "0", "0", "0", "0", "0", "0", "0", "0", "0", "0", "0", "0", "0" ], "duration": 228.0, "sum": 1 }, "geometry": { "type": "Point", "coordinates": [ -122.274973999644004, 47.669381279278163 ] } },
{ "type": "Feature", "properties": { "lat": 47.669381902964872, "lon": -122.28880236015746, "time_of_day": "Morning", "causation": [ "0", "0", "0", "0", "0", "0", "0", "0", "1", "0", "0", "0", "0", "0", "0", "0", "0", "0", "0", "0", "0", "0", "0", "0" ], "duration": 69.0, "sum": 1 }, "geometry": { "type": "Point", "coordinates": [ -122.288802360157462, 47.669381902964872 ] } },
{ "type": "Feature", "properties": { "lat": 47.66938421015157, "lon": -122.27528036049284, "time_of_day": "Late Night", "causation": [ "0", "0", "0", "0", "0", "0", "0", "0", "1", "0", "0", "0", "0", "0", "0", "0", "0", "0", "0", "0", "0", "0", "0", "0" ], "duration": 228.0, "sum": 1 }, "geometry": { "type": "Point", "coordinates": [ -122.275280360492843, 47.66938421015157 ] } },
{ "type": "Feature", "properties": { "lat": 47.669389717356843, "lon": -122.27469308569179, "time_of_day": "Late Night", "causation": [ "0", "0", "0", "0", "0", "0", "0", "0", "1", "0", "0", "0", "0", "0", "0", "0", "0", "0", "0", "0", "0", "0", "0", "0" ], "duration": 228.0, "sum": 1 }, "geometry": { "type": "Point", "coordinates": [ -122.274693085691794, 47.669389717356843 ] } },
{ "type": "Feature", "properties": { "lat": 47.669397207806369, "lon": -122.27549712622954, "time_of_day": "Late Night", "causation": [ "0", "0", "0", "0", "0", "0", "0", "0", "1", "0", "0", "0", "0", "0", "0", "0", "0", "0", "0", "0", "0", "0", "0", "0" ], "duration": 228.0, "sum": 1 }, "geometry": { "type": "Point", "coordinates": [ -122.275497126229538, 47.669397207806369 ] } },
{ "type": "Feature", "properties": { "lat": 47.669408929952077, "lon": -122.28605218928575, "time_of_day": "Morning", "causation": [ "0", "0", "0", "0", "0", "0", "0", "0", "1", "0", "0", "0", "0", "0", "0", "0", "0", "0", "0", "0", "0", "0", "0", "0" ], "duration": 69.0, "sum": 1 }, "geometry": { "type": "Point", "coordinates": [ -122.286052189285755, 47.669408929952077 ] } },
{ "type": "Feature", "properties": { "lat": 47.669413389451023, "lon": -122.27450402330088, "time_of_day": "Late Night", "causation": [ "0", "0", "0", "0", "0", "0", "0", "0", "1", "0", "0", "0", "0", "0", "0", "0", "0", "0", "0", "0", "0", "0", "0", "0" ], "duration": 235.0, "sum": 1 }, "geometry": { "type": "Point", "coordinates": [ -122.274504023300878, 47.669413389451023 ] } },
{ "type": "Feature", "properties": { "lat": 47.669420634314086, "lon": -122.2905970896208, "time_of_day": "Morning", "causation": [ "0", "0", "0", "0", "0", "0", "0", "0", "1", "0", "0", "0", "0", "0", "0", "0", "0", "0", "0", "0", "0", "0", "0", "0" ], "duration": 69.0, "sum": 1 }, "geometry": { "type": "Point", "coordinates": [ -122.290597089620803, 47.669420634314086 ] } },
{ "type": "Feature", "properties": { "lat": 47.669426078583008, "lon": -122.27823282239676, "time_of_day": "Late Night", "causation": [ "0", "0", "0", "0", "0", "0", "0", "0", "1", "0", "0", "0", "0", "0", "0", "0", "0", "0", "0", "0", "0", "0", "0", "0" ], "duration": 165.0, "sum": 1 }, "geometry": { "type": "Point", "coordinates": [ -122.27823282239676, 47.669426078583008 ] } },
{ "type": "Feature", "properties": { "lat": 47.669435425859497, "lon": -122.28550590326356, "time_of_day": "Morning", "causation": [ "0", "0", "0", "0", "0", "0", "0", "0", "1", "0", "0", "0", "0", "0", "0", "0", "0", "0", "0", "0", "0", "0", "0", "0" ], "duration": 69.0, "sum": 1 }, "geometry": { "type": "Point", "coordinates": [ -122.285505903263555, 47.669435425859497 ] } },
{ "type": "Feature", "properties": { "lat": 47.669439497196542, "lon": -122.28828491515992, "time_of_day": "Morning", "causation": [ "0", "0", "0", "0", "0", "0", "0", "0", "1", "0", "0", "0", "0", "0", "0", "0", "0", "0", "0", "0", "0", "0", "0", "0" ], "duration": 86.0, "sum": 1 }, "geometry": { "type": "Point", "coordinates": [ -122.28828491515992, 47.669439497196542 ] } },
{ "type": "Feature", "properties": { "lat": 47.669450307353131, "lon": -122.2756917203742, "time_of_day": "Late Night", "causation": [ "0", "0", "0", "0", "0", "0", "0", "0", "1", "0", "0", "0", "0", "0", "0", "0", "0", "0", "0", "0", "0", "0", "0", "0" ], "duration": 228.0, "sum": 1 }, "geometry": { "type": "Point", "coordinates": [ -122.275691720374198, 47.669450307353131 ] } },
{ "type": "Feature", "properties": { "lat": 47.669453667156013, "lon": -122.276323460865, "time_of_day": "Late Night", "causation": [ "0", "0", "0", "0", "0", "0", "0", "0", "1", "0", "0", "0", "0", "0", "0", "0", "0", "0", "0", "0", "0", "0", "0", "0" ], "duration": 165.0, "sum": 1 }, "geometry": { "type": "Point", "coordinates": [ -122.276323460865001, 47.669453667156013 ] } },
{ "type": "Feature", "properties": { "lat": 47.669461773950403, "lon": -122.28882427265586, "time_of_day": "Morning", "causation": [ "0", "0", "0", "0", "0", "0", "0", "0", "1", "0", "0", "0", "0", "0", "0", "0", "0", "0", "0", "0", "0", "0", "0", "0" ], "duration": 69.0, "sum": 1 }, "geometry": { "type": "Point", "coordinates": [ -122.288824272655859, 47.669461773950403 ] } },
{ "type": "Feature", "properties": { "lat": 47.669480924824313, "lon": -122.28717275432426, "time_of_day": "Morning", "causation": [ "0", "0", "0", "0", "0", "0", "0", "0", "1", "0", "0", "0", "0", "0", "0", "0", "0", "0", "0", "0", "0", "0", "0", "0" ], "duration": 69.0, "sum": 1 }, "geometry": { "type": "Point", "coordinates": [ -122.28717275432426, 47.669480924824313 ] } },
{ "type": "Feature", "properties": { "lat": 47.669492704754255, "lon": -122.2731493347342, "time_of_day": "Late Night", "causation": [ "0", "0", "0", "0", "0", "0", "0", "0", "1", "0", "0", "0", "0", "0", "0", "0", "0", "0", "0", "0", "0", "0", "0", "0" ], "duration": 235.0, "sum": 1 }, "geometry": { "type": "Point", "coordinates": [ -122.2731493347342, 47.669492704754255 ] } },
{ "type": "Feature", "properties": { "lat": 47.669498131272611, "lon": -122.28770323393552, "time_of_day": "Morning", "causation": [ "0", "0", "0", "0", "0", "0", "0", "0", "1", "0", "0", "0", "0", "0", "0", "0", "0", "0", "0", "0", "0", "0", "0", "0" ], "duration": 86.0, "sum": 1 }, "geometry": { "type": "Point", "coordinates": [ -122.287703233935517, 47.669498131272611 ] } },
{ "type": "Feature", "properties": { "lat": 47.669510960751751, "lon": -122.27670697444132, "time_of_day": "Late Night", "causation": [ "0", "0", "0", "0", "0", "0", "0", "0", "1", "0", "0", "0", "0", "0", "0", "0", "0", "0", "0", "0", "0", "0", "0", "0" ], "duration": 165.0, "sum": 1 }, "geometry": { "type": "Point", "coordinates": [ -122.276706974441325, 47.669510960751751 ] } },
{ "type": "Feature", "properties": { "lat": 47.669518167860687, "lon": -122.27649475924559, "time_of_day": "Late Night", "causation": [ "0", "0", "0", "0", "0", "0", "0", "0", "1", "0", "0", "0", "0", "0", "0", "0", "0", "0", "0", "0", "0", "0", "0", "0" ], "duration": 165.0, "sum": 1 }, "geometry": { "type": "Point", "coordinates": [ -122.276494759245594, 47.669518167860687 ] } },
{ "type": "Feature", "properties": { "lat": 47.669537793269797, "lon": -122.289573837964, "time_of_day": "Morning", "causation": [ "0", "0", "0", "0", "0", "0", "0", "0", "1", "0", "0", "0", "0", "0", "0", "0", "0", "0", "0", "0", "0", "0", "0", "0" ], "duration": 69.0, "sum": 1 }, "geometry": { "type": "Point", "coordinates": [ -122.289573837963999, 47.669537793269797 ] } },
{ "type": "Feature", "properties": { "lat": 47.669538736806651, "lon": -122.27732056680556, "time_of_day": "Late Night", "causation": [ "0", "0", "0", "0", "0", "0", "0", "0", "1", "0", "0", "0", "0", "0", "0", "0", "0", "0", "0", "0", "0", "0", "0", "0" ], "duration": 165.0, "sum": 1 }, "geometry": { "type": "Point", "coordinates": [ -122.277320566805557, 47.669538736806651 ] } },
{ "type": "Feature", "properties": { "lat": 47.669540328054573, "lon": -122.2905119141232, "time_of_day": "Morning", "causation": [ "0", "0", "0", "0", "0", "0", "0", "0", "1", "0", "0", "0", "0", "0", "0", "0", "0", "0", "0", "0", "0", "0", "0", "0" ], "duration": 69.0, "sum": 1 }, "geometry": { "type": "Point", "coordinates": [ -122.290511914123201, 47.669540328054573 ] } },
{ "type": "Feature", "properties": { "lat": 47.669541647508353, "lon": -122.29115714388696, "time_of_day": "Morning", "causation": [ "0", "0", "0", "0", "0", "0", "0", "0", "1", "0", "0", "0", "0", "0", "0", "0", "0", "0", "0", "0", "0", "0", "0", "0" ], "duration": 69.0, "sum": 1 }, "geometry": { "type": "Point", "coordinates": [ -122.291157143886963, 47.669541647508353 ] } },
{ "type": "Feature", "properties": { "lat": 47.669557594423175, "lon": -122.28605432696396, "time_of_day": "Morning", "causation": [ "0", "0", "0", "0", "0", "0", "0", "0", "1", "0", "0", "0", "0", "0", "0", "0", "0", "0", "0", "0", "0", "0", "0", "0" ], "duration": 69.0, "sum": 1 }, "geometry": { "type": "Point", "coordinates": [ -122.286054326963963, 47.669557594423175 ] } },
{ "type": "Feature", "properties": { "lat": 47.669567049562829, "lon": -122.28879719336946, "time_of_day": "Morning", "causation": [ "0", "0", "0", "0", "0", "0", "0", "0", "1", "0", "0", "0", "0", "0", "0", "0", "0", "0", "0", "0", "0", "0", "0", "0" ], "duration": 69.0, "sum": 1 }, "geometry": { "type": "Point", "coordinates": [ -122.288797193369462, 47.669567049562829 ] } },
{ "type": "Feature", "properties": { "lat": 47.669577983478327, "lon": -122.286652618761, "time_of_day": "Morning", "causation": [ "0", "0", "0", "0", "0", "0", "0", "0", "1", "0", "0", "0", "0", "0", "0", "0", "0", "0", "0", "0", "0", "0", "0", "0" ], "duration": 69.0, "sum": 1 }, "geometry": { "type": "Point", "coordinates": [ -122.286652618760996, 47.669577983478327 ] } },
{ "type": "Feature", "properties": { "lat": 47.669585991938924, "lon": -122.27401227322753, "time_of_day": "Late Night", "causation": [ "0", "0", "0", "0", "0", "0", "0", "0", "1", "0", "0", "0", "0", "0", "0", "0", "0", "0", "0", "0", "0", "0", "0", "0" ], "duration": 235.0, "sum": 1 }, "geometry": { "type": "Point", "coordinates": [ -122.274012273227527, 47.669585991938924 ] } },
{ "type": "Feature", "properties": { "lat": 47.669588070093248, "lon": -122.28717321424108, "time_of_day": "Morning", "causation": [ "0", "0", "0", "0", "0", "0", "0", "0", "1", "0", "0", "0", "0", "0", "0", "0", "0", "0", "0", "0", "0", "0", "0", "0" ], "duration": 69.0, "sum": 1 }, "geometry": { "type": "Point", "coordinates": [ -122.287173214241079, 47.669588070093248 ] } },
{ "type": "Feature", "properties": { "lat": 47.669589104427082, "lon": -122.28821862789172, "time_of_day": "Morning", "causation": [ "0", "0", "0", "0", "0", "0", "0", "0", "1", "0", "0", "0", "0", "0", "0", "0", "0", "0", "0", "0", "0", "0", "0", "0" ], "duration": 86.0, "sum": 1 }, "geometry": { "type": "Point", "coordinates": [ -122.288218627891723, 47.669589104427082 ] } },
{ "type": "Feature", "properties": { "lat": 47.669605145572589, "lon": -122.28547838513757, "time_of_day": "Morning", "causation": [ "0", "0", "0", "0", "0", "0", "0", "0", "1", "0", "0", "0", "0", "0", "0", "0", "0", "0", "0", "0", "0", "0", "0", "0" ], "duration": 69.0, "sum": 1 }, "geometry": { "type": "Point", "coordinates": [ -122.285478385137566, 47.669605145572589 ] } },
{ "type": "Feature", "properties": { "lat": 47.669627376722843, "lon": -122.27298964661568, "time_of_day": "Late Night", "causation": [ "0", "0", "0", "0", "0", "0", "0", "0", "1", "0", "0", "0", "0", "0", "0", "0", "0", "0", "0", "0", "0", "0", "0", "0" ], "duration": 235.0, "sum": 1 }, "geometry": { "type": "Point", "coordinates": [ -122.272989646615684, 47.669627376722843 ] } },
{ "type": "Feature", "properties": { "lat": 47.669628873389065, "lon": -122.2737889695028, "time_of_day": "Late Night", "causation": [ "0", "0", "0", "0", "0", "0", "0", "0", "1", "0", "0", "0", "0", "0", "0", "0", "0", "0", "0", "0", "0", "0", "0", "0" ], "duration": 235.0, "sum": 1 }, "geometry": { "type": "Point", "coordinates": [ -122.273788969502803, 47.669628873389065 ] } },
{ "type": "Feature", "properties": { "lat": 47.669631564860659, "lon": -122.29055236253564, "time_of_day": "Morning", "causation": [ "0", "0", "0", "0", "0", "0", "0", "0", "1", "0", "0", "0", "0", "0", "0", "0", "0", "0", "0", "0", "0", "0", "0", "0" ], "duration": 69.0, "sum": 1 }, "geometry": { "type": "Point", "coordinates": [ -122.290552362535635, 47.669631564860659 ] } },
{ "type": "Feature", "properties": { "lat": 47.669651813493566, "lon": -122.291155070307, "time_of_day": "Morning", "causation": [ "0", "0", "0", "0", "0", "0", "0", "0", "1", "0", "0", "0", "0", "0", "0", "0", "0", "0", "0", "0", "0", "0", "0", "0" ], "duration": 69.0, "sum": 1 }, "geometry": { "type": "Point", "coordinates": [ -122.291155070306999, 47.669651813493566 ] } },
{ "type": "Feature", "properties": { "lat": 47.669674646941992, "lon": -122.2888277048518, "time_of_day": "Morning", "causation": [ "0", "0", "0", "0", "0", "0", "0", "0", "1", "0", "0", "0", "0", "0", "0", "0", "0", "0", "0", "0", "0", "0", "0", "0" ], "duration": 69.0, "sum": 1 }, "geometry": { "type": "Point", "coordinates": [ -122.288827704851798, 47.669674646941992 ] } },
{ "type": "Feature", "properties": { "lat": 47.669679262171904, "lon": -122.28716912791975, "time_of_day": "Morning", "causation": [ "0", "0", "0", "0", "0", "0", "0", "0", "1", "0", "0", "0", "0", "0", "0", "0", "0", "0", "0", "0", "0", "0", "0", "0" ], "duration": 69.0, "sum": 1 }, "geometry": { "type": "Point", "coordinates": [ -122.287169127919753, 47.669679262171904 ] } },
{ "type": "Feature", "properties": { "lat": 47.6696993170425, "lon": -122.28549012552099, "time_of_day": "Morning", "causation": [ "0", "0", "0", "0", "0", "0", "0", "0", "1", "0", "0", "0", "0", "0", "0", "0", "0", "0", "0", "0", "0", "0", "0", "0" ], "duration": 69.0, "sum": 1 }, "geometry": { "type": "Point", "coordinates": [ -122.285490125520994, 47.6696993170425 ] } },
{ "type": "Feature", "properties": { "lat": 47.669702707942477, "lon": -122.286065072832, "time_of_day": "Morning", "causation": [ "0", "0", "0", "0", "0", "0", "0", "0", "1", "0", "0", "0", "0", "0", "0", "0", "0", "0", "0", "0", "0", "0", "0", "0" ], "duration": 69.0, "sum": 1 }, "geometry": { "type": "Point", "coordinates": [ -122.286065072832002, 47.669702707942477 ] } },
{ "type": "Feature", "properties": { "lat": 47.669719393937747, "lon": -122.28663572373074, "time_of_day": "Morning", "causation": [ "0", "0", "0", "0", "0", "0", "0", "0", "2", "0", "0", "0", "0", "0", "0", "0", "0", "0", "0", "0", "0", "0", "0", "0" ], "duration": 138.0, "sum": 2 }, "geometry": { "type": "Point", "coordinates": [ -122.28663572373074, 47.669719393937747 ] } },
{ "type": "Feature", "properties": { "lat": 47.669740960052138, "lon": -122.28773035425527, "time_of_day": "Morning", "causation": [ "0", "0", "0", "0", "0", "0", "0", "0", "1", "0", "0", "0", "0", "0", "0", "0", "0", "0", "0", "0", "0", "0", "0", "0" ], "duration": 86.0, "sum": 1 }, "geometry": { "type": "Point", "coordinates": [ -122.287730354255274, 47.669740960052138 ] } },
{ "type": "Feature", "properties": { "lat": 47.669750009379129, "lon": -122.28830320791498, "time_of_day": "Morning", "causation": [ "0", "0", "0", "0", "0", "0", "0", "0", "1", "0", "0", "0", "0", "0", "0", "0", "0", "0", "0", "0", "0", "0", "0", "0" ], "duration": 86.0, "sum": 1 }, "geometry": { "type": "Point", "coordinates": [ -122.288303207914979, 47.669750009379129 ] } },
{ "type": "Feature", "properties": { "lat": 47.669762601261127, "lon": -122.29051917283154, "time_of_day": "Morning", "causation": [ "0", "0", "0", "0", "0", "0", "0", "0", "1", "0", "0", "0", "0", "0", "0", "0", "0", "0", "0", "0", "0", "0", "0", "0" ], "duration": 69.0, "sum": 1 }, "geometry": { "type": "Point", "coordinates": [ -122.290519172831537, 47.669762601261127 ] } },
{ "type": "Feature", "properties": { "lat": 47.669765414820148, "lon": -122.29114878197356, "time_of_day": "Morning", "causation": [ "0", "0", "0", "0", "0", "0", "0", "0", "1", "0", "0", "0", "0", "0", "0", "0", "0", "0", "0", "0", "0", "0", "0", "0" ], "duration": 69.0, "sum": 1 }, "geometry": { "type": "Point", "coordinates": [ -122.291148781973561, 47.669765414820148 ] } },
{ "type": "Feature", "properties": { "lat": 47.669784965251239, "lon": -122.28716457470756, "time_of_day": "Morning", "causation": [ "0", "0", "0", "0", "0", "0", "0", "0", "1", "0", "0", "0", "0", "0", "0", "0", "0", "0", "0", "0", "0", "0", "0", "0" ], "duration": 69.0, "sum": 1 }, "geometry": { "type": "Point", "coordinates": [ -122.28716457470756, 47.669784965251239 ] } },
{ "type": "Feature", "properties": { "lat": 47.669793736030968, "lon": -122.28882992344909, "time_of_day": "Morning", "causation": [ "0", "0", "0", "0", "0", "0", "0", "0", "1", "0", "0", "0", "0", "0", "0", "0", "0", "0", "0", "0", "0", "0", "0", "0" ], "duration": 69.0, "sum": 1 }, "geometry": { "type": "Point", "coordinates": [ -122.288829923449086, 47.669793736030968 ] } },
{ "type": "Feature", "properties": { "lat": 47.669802920808671, "lon": -122.27360083346946, "time_of_day": "Late Night", "causation": [ "0", "0", "0", "0", "0", "0", "0", "0", "1", "0", "0", "0", "0", "0", "0", "0", "0", "0", "0", "0", "0", "0", "0", "0" ], "duration": 235.0, "sum": 1 }, "geometry": { "type": "Point", "coordinates": [ -122.273600833469459, 47.669802920808671 ] } },
{ "type": "Feature", "properties": { "lat": 47.66981709300353, "lon": -122.28940616253544, "time_of_day": "Morning", "causation": [ "0", "0", "0", "0", "0", "0", "0", "0", "1", "0", "0", "0", "0", "0", "0", "0", "0", "0", "0", "0", "0", "0", "0", "0" ], "duration": 69.0, "sum": 1 }, "geometry": { "type": "Point", "coordinates": [ -122.289406162535442, 47.66981709300353 ] } },
{ "type": "Feature", "properties": { "lat": 47.669817467214976, "lon": -122.2854973154973, "time_of_day": "Morning", "causation": [ "0", "0", "0", "0", "0", "0", "0", "0", "1", "0", "0", "0", "0", "0", "0", "0", "0", "0", "0", "0", "0", "0", "0", "0" ], "duration": 69.0, "sum": 1 }, "geometry": { "type": "Point", "coordinates": [ -122.285497315497295, 47.669817467214976 ] } },
{ "type": "Feature", "properties": { "lat": 47.669832841699723, "lon": -122.2726976860415, "time_of_day": "Late Night", "causation": [ "0", "0", "0", "0", "0", "0", "0", "0", "1", "0", "0", "0", "0", "0", "0", "0", "0", "0", "0", "0", "0", "0", "0", "0" ], "duration": 235.0, "sum": 1 }, "geometry": { "type": "Point", "coordinates": [ -122.272697686041496, 47.669832841699723 ] } },
{ "type": "Feature", "properties": { "lat": 47.669839848851446, "lon": -122.2860492462396, "time_of_day": "Morning", "causation": [ "0", "0", "0", "0", "0", "0", "0", "0", "1", "0", "0", "0", "0", "0", "0", "0", "0", "0", "0", "0", "0", "0", "0", "0" ], "duration": 69.0, "sum": 1 }, "geometry": { "type": "Point", "coordinates": [ -122.2860492462396, 47.669839848851446 ] } },
{ "type": "Feature", "properties": { "lat": 47.669852896795646, "lon": -122.29065442316436, "time_of_day": "Morning", "causation": [ "0", "0", "0", "0", "0", "0", "0", "0", "1", "0", "0", "0", "0", "0", "0", "0", "0", "0", "0", "0", "0", "0", "0", "0" ], "duration": 69.0, "sum": 1 }, "geometry": { "type": "Point", "coordinates": [ -122.290654423164355, 47.669852896795646 ] } },
{ "type": "Feature", "properties": { "lat": 47.66985648978369, "lon": -122.2866699053653, "time_of_day": "Morning", "causation": [ "0", "0", "0", "0", "0", "0", "0", "0", "1", "0", "0", "0", "0", "0", "0", "0", "0", "0", "0", "0", "0", "0", "0", "0" ], "duration": 69.0, "sum": 1 }, "geometry": { "type": "Point", "coordinates": [ -122.286669905365301, 47.66985648978369 ] } },
{ "type": "Feature", "properties": { "lat": 47.669865207122513, "lon": -122.28772777841864, "time_of_day": "Morning", "causation": [ "0", "0", "0", "0", "0", "0", "0", "0", "1", "0", "0", "0", "0", "0", "0", "0", "0", "0", "0", "0", "0", "0", "0", "0" ], "duration": 86.0, "sum": 1 }, "geometry": { "type": "Point", "coordinates": [ -122.287727778418642, 47.669865207122513 ] } },
{ "type": "Feature", "properties": { "lat": 47.669871802153281, "lon": -122.29118252829488, "time_of_day": "Morning", "causation": [ "0", "0", "0", "0", "0", "0", "0", "0", "1", "0", "0", "0", "0", "0", "0", "0", "0", "0", "0", "0", "0", "0", "0", "0" ], "duration": 69.0, "sum": 1 }, "geometry": { "type": "Point", "coordinates": [ -122.291182528294883, 47.669871802153281 ] } },
{ "type": "Feature", "properties": { "lat": 47.669883229606931, "lon": -122.28883347288171, "time_of_day": "Morning", "causation": [ "0", "0", "0", "0", "0", "0", "0", "0", "1", "0", "0", "0", "0", "0", "0", "0", "0", "0", "0", "0", "0", "0", "0", "0" ], "duration": 69.0, "sum": 1 }, "geometry": { "type": "Point", "coordinates": [ -122.288833472881706, 47.669883229606931 ] } },
{ "type": "Feature", "properties": { "lat": 47.669885803269644, "lon": -122.28714856772363, "time_of_day": "Morning", "causation": [ "0", "0", "0", "0", "0", "0", "0", "0", "1", "0", "0", "0", "0", "0", "0", "0", "0", "0", "0", "0", "0", "0", "0", "0" ], "duration": 69.0, "sum": 1 }, "geometry": { "type": "Point", "coordinates": [ -122.287148567723634, 47.669885803269644 ] } },
{ "type": "Feature", "properties": { "lat": 47.669929740766591, "lon": -122.28943688186958, "time_of_day": "Morning", "causation": [ "0", "0", "0", "0", "0", "0", "0", "0", "1", "0", "0", "0", "0", "0", "0", "0", "0", "0", "0", "0", "0", "0", "0", "0" ], "duration": 69.0, "sum": 1 }, "geometry": { "type": "Point", "coordinates": [ -122.289436881869577, 47.669929740766591 ] } },
{ "type": "Feature", "properties": { "lat": 47.669929830094553, "lon": -122.27266883035088, "time_of_day": "Late Night", "causation": [ "0", "0", "0", "0", "0", "0", "0", "0", "1", "0", "0", "0", "0", "0", "0", "0", "0", "0", "0", "0", "0", "0", "0", "0" ], "duration": 235.0, "sum": 1 }, "geometry": { "type": "Point", "coordinates": [ -122.272668830350881, 47.669929830094553 ] } },
{ "type": "Feature", "properties": { "lat": 47.669932067813086, "lon": -122.2855143640995, "time_of_day": "Morning", "causation": [ "0", "0", "0", "0", "0", "0", "0", "0", "1", "0", "0", "0", "0", "0", "0", "0", "0", "0", "0", "0", "0", "0", "0", "0" ], "duration": 69.0, "sum": 1 }, "geometry": { "type": "Point", "coordinates": [ -122.285514364099498, 47.669932067813086 ] } },
{ "type": "Feature", "properties": { "lat": 47.669959106724505, "lon": -122.27341948794236, "time_of_day": "Late Night", "causation": [ "0", "0", "0", "0", "0", "0", "0", "0", "1", "0", "0", "0", "0", "0", "0", "0", "0", "0", "0", "0", "0", "0", "0", "0" ], "duration": 235.0, "sum": 1 }, "geometry": { "type": "Point", "coordinates": [ -122.273419487942363, 47.669959106724505 ] } },
{ "type": "Feature", "properties": { "lat": 47.669967550614416, "lon": -122.28772184141724, "time_of_day": "Morning", "causation": [ "0", "0", "0", "0", "0", "0", "0", "0", "1", "0", "0", "0", "0", "0", "0", "0", "0", "0", "0", "0", "0", "0", "0", "0" ], "duration": 86.0, "sum": 1 }, "geometry": { "type": "Point", "coordinates": [ -122.287721841417238, 47.669967550614416 ] } },
{ "type": "Feature", "properties": { "lat": 47.669968640840843, "lon": -122.28826687470416, "time_of_day": "Morning", "causation": [ "0", "0", "0", "0", "0", "0", "0", "0", "1", "0", "0", "0", "0", "0", "0", "0", "0", "0", "0", "0", "0", "0", "0", "0" ], "duration": 86.0, "sum": 1 }, "geometry": { "type": "Point", "coordinates": [ -122.288266874704163, 47.669968640840843 ] } },
{ "type": "Feature", "properties": { "lat": 47.669975281261131, "lon": -122.28659460403053, "time_of_day": "Morning", "causation": [ "0", "0", "0", "0", "0", "0", "0", "0", "1", "0", "0", "0", "0", "0", "0", "0", "0", "0", "0", "0", "0", "0", "0", "0" ], "duration": 69.0, "sum": 1 }, "geometry": { "type": "Point", "coordinates": [ -122.286594604030526, 47.669975281261131 ] } },
{ "type": "Feature", "properties": { "lat": 47.669981826688698, "lon": -122.29116410344815, "time_of_day": "Morning", "causation": [ "0", "0", "0", "0", "0", "0", "0", "0", "1", "0", "0", "0", "0", "0", "0", "0", "0", "0", "0", "0", "0", "0", "0", "0" ], "duration": 69.0, "sum": 1 }, "geometry": { "type": "Point", "coordinates": [ -122.291164103448153, 47.669981826688698 ] } },
{ "type": "Feature", "properties": { "lat": 47.669987591385642, "lon": -122.28605508877412, "time_of_day": "Morning", "causation": [ "0", "0", "0", "0", "0", "0", "0", "0", "1", "0", "0", "0", "0", "0", "0", "0", "0", "0", "0", "0", "0", "0", "0", "0" ], "duration": 69.0, "sum": 1 }, "geometry": { "type": "Point", "coordinates": [ -122.28605508877412, 47.669987591385642 ] } },
{ "type": "Feature", "properties": { "lat": 47.669998771122131, "lon": -122.28716305747744, "time_of_day": "Morning", "causation": [ "0", "0", "0", "0", "0", "0", "0", "0", "1", "0", "0", "0", "0", "0", "0", "0", "0", "0", "0", "0", "0", "0", "0", "0" ], "duration": 69.0, "sum": 1 }, "geometry": { "type": "Point", "coordinates": [ -122.287163057477443, 47.669998771122131 ] } },
{ "type": "Feature", "properties": { "lat": 47.670004197356384, "lon": -122.28882576602427, "time_of_day": "Morning", "causation": [ "0", "0", "0", "0", "0", "0", "0", "0", "1", "0", "0", "0", "0", "0", "0", "0", "0", "0", "0", "0", "0", "0", "0", "0" ], "duration": 69.0, "sum": 1 }, "geometry": { "type": "Point", "coordinates": [ -122.288825766024274, 47.670004197356384 ] } },
{ "type": "Feature", "properties": { "lat": 47.670007233652456, "lon": -122.2905591198946, "time_of_day": "Morning", "causation": [ "0", "0", "0", "0", "0", "0", "0", "0", "1", "0", "0", "0", "0", "0", "0", "0", "0", "0", "0", "0", "0", "0", "0", "0" ], "duration": 69.0, "sum": 1 }, "geometry": { "type": "Point", "coordinates": [ -122.290559119894596, 47.670007233652456 ] } },
{ "type": "Feature", "properties": { "lat": 47.670028290789865, "lon": -122.27254038906374, "time_of_day": "Late Night", "causation": [ "0", "0", "0", "0", "0", "0", "0", "0", "1", "0", "0", "0", "0", "0", "0", "0", "0", "0", "0", "0", "0", "0", "0", "0" ], "duration": 235.0, "sum": 1 }, "geometry": { "type": "Point", "coordinates": [ -122.272540389063735, 47.670028290789865 ] } },
{ "type": "Feature", "properties": { "lat": 47.670057203822481, "lon": -122.28550932748082, "time_of_day": "Morning", "causation": [ "0", "0", "0", "0", "0", "0", "0", "0", "1", "0", "0", "0", "0", "0", "0", "0", "0", "0", "0", "0", "0", "0", "0", "0" ], "duration": 69.0, "sum": 1 }, "geometry": { "type": "Point", "coordinates": [ -122.285509327480824, 47.670057203822481 ] } },
{ "type": "Feature", "properties": { "lat": 47.670069552346334, "lon": -122.2733388103194, "time_of_day": "Late Night", "causation": [ "0", "0", "0", "0", "0", "0", "0", "0", "1", "0", "0", "0", "0", "0", "0", "0", "0", "0", "0", "0", "0", "0", "0", "0" ], "duration": 235.0, "sum": 1 }, "geometry": { "type": "Point", "coordinates": [ -122.273338810319402, 47.670069552346334 ] } },
{ "type": "Feature", "properties": { "lat": 47.670087691652917, "lon": -122.28775909958752, "time_of_day": "Morning", "causation": [ "0", "0", "0", "0", "0", "0", "0", "0", "2", "0", "0", "0", "0", "0", "0", "0", "0", "0", "0", "0", "0", "0", "0", "0" ], "duration": 172.0, "sum": 2 }, "geometry": { "type": "Point", "coordinates": [ -122.287759099587518, 47.670087691652917 ] } },
{ "type": "Feature", "properties": { "lat": 47.670108801060543, "lon": -122.28729241627084, "time_of_day": "Morning", "causation": [ "0", "0", "0", "0", "0", "0", "0", "0", "1", "0", "0", "0", "0", "0", "0", "0", "0", "0", "0", "0", "0", "0", "0", "0" ], "duration": 69.0, "sum": 1 }, "geometry": { "type": "Point", "coordinates": [ -122.287292416270844, 47.670108801060543 ] } },
{ "type": "Feature", "properties": { "lat": 47.670131874689091, "lon": -122.29122119046124, "time_of_day": "Morning", "causation": [ "0", "0", "0", "0", "0", "0", "0", "0", "1", "0", "0", "0", "0", "0", "0", "0", "0", "0", "0", "0", "0", "0", "0", "0" ], "duration": 69.0, "sum": 1 }, "geometry": { "type": "Point", "coordinates": [ -122.291221190461243, 47.670131874689091 ] } },
{ "type": "Feature", "properties": { "lat": 47.670136336251993, "lon": -122.28829102187044, "time_of_day": "Morning", "causation": [ "0", "0", "0", "0", "0", "0", "0", "0", "1", "0", "0", "0", "0", "0", "0", "0", "0", "0", "0", "0", "0", "0", "0", "0" ], "duration": 86.0, "sum": 1 }, "geometry": { "type": "Point", "coordinates": [ -122.288291021870435, 47.670136336251993 ] } },
{ "type": "Feature", "properties": { "lat": 47.670138665422172, "lon": -122.2884886195816, "time_of_day": "Morning", "causation": [ "0", "0", "0", "0", "0", "0", "0", "0", "1", "0", "0", "0", "0", "0", "0", "0", "0", "0", "0", "0", "0", "0", "0", "0" ], "duration": 86.0, "sum": 1 }, "geometry": { "type": "Point", "coordinates": [ -122.288488619581599, 47.670138665422172 ] } },
{ "type": "Feature", "properties": { "lat": 47.670140990988912, "lon": -122.29097033289368, "time_of_day": "Morning", "causation": [ "0", "0", "0", "0", "0", "0", "0", "0", "1", "0", "0", "0", "0", "0", "0", "0", "0", "0", "0", "0", "0", "0", "0", "0" ], "duration": 69.0, "sum": 1 }, "geometry": { "type": "Point", "coordinates": [ -122.290970332893679, 47.670140990988912 ] } },
{ "type": "Feature", "properties": { "lat": 47.670150931376121, "lon": -122.2864128094396, "time_of_day": "Morning", "causation": [ "0", "0", "0", "0", "0", "0", "0", "0", "1", "0", "0", "0", "0", "0", "0", "0", "0", "0", "0", "0", "0", "0", "0", "0" ], "duration": 69.0, "sum": 1 }, "geometry": { "type": "Point", "coordinates": [ -122.286412809439597, 47.670150931376121 ] } },
{ "type": "Feature", "properties": { "lat": 47.670151197331599, "lon": -122.28621156596979, "time_of_day": "Morning", "causation": [ "0", "0", "0", "0", "0", "0", "0", "0", "1", "0", "0", "0", "0", "0", "0", "0", "0", "0", "0", "0", "0", "0", "0", "0" ], "duration": 69.0, "sum": 1 }, "geometry": { "type": "Point", "coordinates": [ -122.286211565969793, 47.670151197331599 ] } },
{ "type": "Feature", "properties": { "lat": 47.670153371116022, "lon": -122.28604414227016, "time_of_day": "Morning", "causation": [ "0", "0", "0", "0", "0", "0", "0", "0", "1", "0", "0", "0", "0", "0", "0", "0", "0", "0", "0", "0", "0", "0", "0", "0" ], "duration": 69.0, "sum": 1 }, "geometry": { "type": "Point", "coordinates": [ -122.286044142270157, 47.670153371116022 ] } },
{ "type": "Feature", "properties": { "lat": 47.670159384052319, "lon": -122.28664564372151, "time_of_day": "Morning", "causation": [ "0", "0", "0", "0", "0", "0", "0", "0", "1", "0", "0", "0", "0", "0", "0", "0", "0", "0", "0", "0", "0", "0", "0", "0" ], "duration": 69.0, "sum": 1 }, "geometry": { "type": "Point", "coordinates": [ -122.286645643721513, 47.670159384052319 ] } },
{ "type": "Feature", "properties": { "lat": 47.67016358526179, "lon": -122.28551354197327, "time_of_day": "Morning", "causation": [ "0", "0", "0", "0", "0", "0", "0", "0", "1", "0", "0", "0", "0", "0", "0", "0", "0", "0", "0", "0", "0", "0", "0", "0" ], "duration": 69.0, "sum": 1 }, "geometry": { "type": "Point", "coordinates": [ -122.285513541973273, 47.67016358526179 ] } },
{ "type": "Feature", "properties": { "lat": 47.670169799858392, "lon": -122.2907207419026, "time_of_day": "Morning", "causation": [ "0", "0", "0", "0", "0", "0", "0", "0", "1", "0", "0", "0", "0", "0", "0", "0", "0", "0", "0", "0", "0", "0", "0", "0" ], "duration": 69.0, "sum": 1 }, "geometry": { "type": "Point", "coordinates": [ -122.290720741902604, 47.670169799858392 ] } },
{ "type": "Feature", "properties": { "lat": 47.670170824293137, "lon": -122.28866309373667, "time_of_day": "Morning", "causation": [ "0", "0", "0", "0", "0", "0", "0", "0", "1", "0", "0", "0", "0", "0", "0", "0", "0", "0", "0", "0", "0", "0", "0", "0" ], "duration": 86.0, "sum": 1 }, "geometry": { "type": "Point", "coordinates": [ -122.288663093736673, 47.670170824293137 ] } },
{ "type": "Feature", "properties": { "lat": 47.670188956829136, "lon": -122.2877656111863, "time_of_day": "Morning", "causation": [ "0", "0", "0", "0", "0", "0", "0", "0", "1", "0", "0", "0", "0", "0", "0", "0", "0", "0", "0", "0", "0", "0", "0", "0" ], "duration": 86.0, "sum": 1 }, "geometry": { "type": "Point", "coordinates": [ -122.287765611186302, 47.670188956829136 ] } },
{ "type": "Feature", "properties": { "lat": 47.670211135352318, "lon": -122.27242757024104, "time_of_day": "Late Night", "causation": [ "0", "0", "0", "0", "0", "0", "0", "0", "1", "0", "0", "0", "0", "0", "0", "0", "0", "0", "0", "0", "0", "0", "0", "0" ], "duration": 235.0, "sum": 1 }, "geometry": { "type": "Point", "coordinates": [ -122.272427570241035, 47.670211135352318 ] } },
{ "type": "Feature", "properties": { "lat": 47.670235827104179, "lon": -122.2731603324914, "time_of_day": "Late Night", "causation": [ "0", "0", "0", "0", "0", "0", "0", "0", "1", "0", "0", "0", "0", "0", "0", "0", "0", "0", "0", "0", "0", "0", "0", "0" ], "duration": 235.0, "sum": 1 }, "geometry": { "type": "Point", "coordinates": [ -122.2731603324914, 47.670235827104179 ] } },
{ "type": "Feature", "properties": { "lat": 47.670330677107899, "lon": -122.27235719316128, "time_of_day": "Late Night", "causation": [ "0", "0", "0", "0", "0", "0", "0", "0", "1", "0", "0", "0", "0", "0", "0", "0", "0", "0", "0", "0", "0", "0", "0", "0" ], "duration": 235.0, "sum": 1 }, "geometry": { "type": "Point", "coordinates": [ -122.272357193161284, 47.670330677107899 ] } },
{ "type": "Feature", "properties": { "lat": 47.670366251138269, "lon": -122.27300286269352, "time_of_day": "Late Night", "causation": [ "0", "0", "0", "0", "0", "0", "0", "0", "1", "0", "0", "0", "0", "0", "0", "0", "0", "0", "0", "0", "0", "0", "0", "0" ], "duration": 235.0, "sum": 1 }, "geometry": { "type": "Point", "coordinates": [ -122.273002862693517, 47.670366251138269 ] } },
{ "type": "Feature", "properties": { "lat": 47.670463339532006, "lon": -122.3139206752367, "time_of_day": "Afternoon", "causation": [ "0", "0", "0", "0", "0", "0", "0", "0", "0", "0", "0", "0", "0", "0", "0", "0", "0", "0", "1", "0", "0", "0", "0", "0" ], "duration": 22.0, "sum": 1 }, "geometry": { "type": "Point", "coordinates": [ -122.313920675236702, 47.670463339532006 ] } },
{ "type": "Feature", "properties": { "lat": 47.670470649290557, "lon": -122.28643916716101, "time_of_day": "Morning", "causation": [ "0", "0", "0", "0", "0", "0", "0", "0", "1", "0", "0", "0", "0", "0", "0", "0", "0", "0", "0", "0", "0", "0", "0", "0" ], "duration": 69.0, "sum": 1 }, "geometry": { "type": "Point", "coordinates": [ -122.286439167161006, 47.670470649290557 ] } },
{ "type": "Feature", "properties": { "lat": 47.670478074598677, "lon": -122.28623701841131, "time_of_day": "Morning", "causation": [ "0", "0", "0", "0", "0", "0", "0", "0", "1", "0", "0", "0", "0", "0", "0", "0", "0", "0", "0", "0", "0", "0", "0", "0" ], "duration": 69.0, "sum": 1 }, "geometry": { "type": "Point", "coordinates": [ -122.286237018411313, 47.670478074598677 ] } },
{ "type": "Feature", "properties": { "lat": 47.670481515858754, "lon": -122.27219066940788, "time_of_day": "Late Night", "causation": [ "0", "0", "0", "0", "0", "0", "0", "0", "1", "0", "0", "0", "0", "0", "0", "0", "0", "0", "0", "0", "0", "0", "0", "0" ], "duration": 235.0, "sum": 1 }, "geometry": { "type": "Point", "coordinates": [ -122.272190669407877, 47.670481515858754 ] } },
{ "type": "Feature", "properties": { "lat": 47.670487602808549, "lon": -122.28831248146577, "time_of_day": "Morning", "causation": [ "0", "0", "0", "0", "0", "0", "0", "0", "1", "0", "0", "0", "0", "0", "0", "0", "0", "0", "0", "0", "0", "0", "0", "0" ], "duration": 86.0, "sum": 1 }, "geometry": { "type": "Point", "coordinates": [ -122.288312481465766, 47.670487602808549 ] } },
{ "type": "Feature", "properties": { "lat": 47.670502713804332, "lon": -122.2886443319408, "time_of_day": "Morning", "causation": [ "0", "0", "0", "0", "0", "0", "0", "0", "1", "0", "0", "0", "0", "0", "0", "0", "0", "0", "0", "0", "0", "0", "0", "0" ], "duration": 86.0, "sum": 1 }, "geometry": { "type": "Point", "coordinates": [ -122.288644331940802, 47.670502713804332 ] } },
{ "type": "Feature", "properties": { "lat": 47.670515701292693, "lon": -122.2866572105948, "time_of_day": "Morning", "causation": [ "0", "0", "0", "0", "0", "0", "0", "0", "1", "0", "0", "0", "0", "0", "0", "0", "0", "0", "0", "0", "0", "0", "0", "0" ], "duration": 69.0, "sum": 1 }, "geometry": { "type": "Point", "coordinates": [ -122.286657210594797, 47.670515701292693 ] } },
{ "type": "Feature", "properties": { "lat": 47.670520237693808, "lon": -122.2855564617379, "time_of_day": "Morning", "causation": [ "0", "0", "0", "0", "0", "0", "0", "0", "2", "0", "0", "0", "0", "0", "0", "0", "0", "0", "0", "0", "0", "0", "0", "0" ], "duration": 138.0, "sum": 2 }, "geometry": { "type": "Point", "coordinates": [ -122.285556461737897, 47.670520237693808 ] } },
{ "type": "Feature", "properties": { "lat": 47.670520493579325, "lon": -122.27292895404396, "time_of_day": "Late Night", "causation": [ "0", "0", "0", "0", "0", "0", "0", "0", "1", "0", "0", "0", "0", "0", "0", "0", "0", "0", "0", "0", "0", "0", "0", "0" ], "duration": 235.0, "sum": 1 }, "geometry": { "type": "Point", "coordinates": [ -122.272928954043962, 47.670520493579325 ] } },
{ "type": "Feature", "properties": { "lat": 47.670557101344052, "lon": -122.28722266766908, "time_of_day": "Morning", "causation": [ "0", "0", "0", "0", "0", "0", "0", "0", "1", "0", "0", "0", "0", "0", "0", "0", "0", "0", "0", "0", "0", "0", "0", "0" ], "duration": 69.0, "sum": 1 }, "geometry": { "type": "Point", "coordinates": [ -122.287222667669084, 47.670557101344052 ] } },
{ "type": "Feature", "properties": { "lat": 47.670562130599002, "lon": -122.2873666152642, "time_of_day": "Morning", "causation": [ "0", "0", "0", "0", "0", "0", "0", "0", "1", "0", "0", "0", "0", "0", "0", "0", "0", "0", "0", "0", "0", "0", "0", "0" ], "duration": 69.0, "sum": 1 }, "geometry": { "type": "Point", "coordinates": [ -122.287366615264204, 47.670562130599002 ] } },
{ "type": "Feature", "properties": { "lat": 47.670563072353573, "lon": -122.28773292403228, "time_of_day": "Morning", "causation": [ "0", "0", "0", "0", "0", "0", "0", "0", "1", "0", "0", "0", "0", "0", "0", "0", "0", "0", "0", "0", "0", "0", "0", "0" ], "duration": 86.0, "sum": 1 }, "geometry": { "type": "Point", "coordinates": [ -122.287732924032284, 47.670563072353573 ] } },
{ "type": "Feature", "properties": { "lat": 47.670570316818008, "lon": -122.28606685820635, "time_of_day": "Morning", "causation": [ "0", "0", "0", "0", "0", "0", "0", "0", "1", "0", "0", "0", "0", "0", "0", "0", "0", "0", "0", "0", "0", "0", "0", "0" ], "duration": 69.0, "sum": 1 }, "geometry": { "type": "Point", "coordinates": [ -122.286066858206354, 47.670570316818008 ] } },
{ "type": "Feature", "properties": { "lat": 47.67061568048927, "lon": -122.27210595224632, "time_of_day": "Late Night", "causation": [ "0", "0", "0", "0", "0", "0", "0", "0", "1", "0", "0", "0", "0", "0", "0", "0", "0", "0", "0", "0", "0", "0", "0", "0" ], "duration": 235.0, "sum": 1 }, "geometry": { "type": "Point", "coordinates": [ -122.272105952246321, 47.67061568048927 ] } },
{ "type": "Feature", "properties": { "lat": 47.670648425481694, "lon": -122.27281396513141, "time_of_day": "Late Night", "causation": [ "0", "0", "0", "0", "0", "0", "0", "0", "1", "0", "0", "0", "0", "0", "0", "0", "0", "0", "0", "0", "0", "0", "0", "0" ], "duration": 235.0, "sum": 1 }, "geometry": { "type": "Point", "coordinates": [ -122.272813965131405, 47.670648425481694 ] } },
{ "type": "Feature", "properties": { "lat": 47.670676276843217, "lon": -122.28604731006844, "time_of_day": "Morning", "causation": [ "0", "0", "0", "0", "0", "0", "0", "0", "1", "0", "0", "0", "0", "0", "0", "0", "0", "0", "0", "0", "0", "0", "0", "0" ], "duration": 69.0, "sum": 1 }, "geometry": { "type": "Point", "coordinates": [ -122.28604731006844, 47.670676276843217 ] } },
{ "type": "Feature", "properties": { "lat": 47.670698652207491, "lon": -122.28550229205916, "time_of_day": "Morning", "causation": [ "0", "0", "0", "0", "0", "0", "0", "0", "1", "0", "0", "0", "0", "0", "0", "0", "0", "0", "0", "0", "0", "0", "0", "0" ], "duration": 69.0, "sum": 1 }, "geometry": { "type": "Point", "coordinates": [ -122.285502292059164, 47.670698652207491 ] } },
{ "type": "Feature", "properties": { "lat": 47.670703248846792, "lon": -122.28665838321696, "time_of_day": "Morning", "causation": [ "0", "0", "0", "0", "0", "0", "0", "0", "1", "0", "0", "0", "0", "0", "0", "0", "0", "0", "0", "0", "0", "0", "0", "0" ], "duration": 69.0, "sum": 1 }, "geometry": { "type": "Point", "coordinates": [ -122.28665838321696, 47.670703248846792 ] } },
{ "type": "Feature", "properties": { "lat": 47.670718994652646, "lon": -122.28831914585469, "time_of_day": "Morning", "causation": [ "0", "0", "0", "0", "0", "0", "0", "0", "1", "0", "0", "0", "0", "0", "0", "0", "0", "0", "0", "0", "0", "0", "0", "0" ], "duration": 86.0, "sum": 1 }, "geometry": { "type": "Point", "coordinates": [ -122.288319145854686, 47.670718994652646 ] } },
{ "type": "Feature", "properties": { "lat": 47.67075542352444, "lon": -122.28723552654586, "time_of_day": "Morning", "causation": [ "0", "0", "0", "0", "0", "0", "0", "0", "1", "0", "0", "0", "0", "0", "0", "0", "0", "0", "0", "0", "0", "0", "0", "0" ], "duration": 69.0, "sum": 1 }, "geometry": { "type": "Point", "coordinates": [ -122.287235526545857, 47.67075542352444 ] } },
{ "type": "Feature", "properties": { "lat": 47.670762805652728, "lon": -122.27205302998756, "time_of_day": "Late Night", "causation": [ "0", "0", "0", "0", "0", "0", "0", "0", "1", "0", "0", "0", "0", "0", "0", "0", "0", "0", "0", "0", "0", "0", "0", "0" ], "duration": 235.0, "sum": 1 }, "geometry": { "type": "Point", "coordinates": [ -122.272053029987561, 47.670762805652728 ] } },
{ "type": "Feature", "properties": { "lat": 47.670789162617311, "lon": -122.27269328165944, "time_of_day": "Late Night", "causation": [ "0", "0", "0", "0", "0", "0", "0", "0", "1", "0", "0", "0", "0", "0", "0", "0", "0", "0", "0", "0", "0", "0", "0", "0" ], "duration": 235.0, "sum": 1 }, "geometry": { "type": "Point", "coordinates": [ -122.272693281659443, 47.670789162617311 ] } },
{ "type": "Feature", "properties": { "lat": 47.670790699043728, "lon": -122.28775944507778, "time_of_day": "Morning", "causation": [ "0", "0", "0", "0", "0", "0", "0", "0", "1", "0", "0", "0", "0", "0", "0", "0", "0", "0", "0", "0", "0", "0", "0", "0" ], "duration": 86.0, "sum": 1 }, "geometry": { "type": "Point", "coordinates": [ -122.287759445077782, 47.670790699043728 ] } },
{ "type": "Feature", "properties": { "lat": 47.670817679531893, "lon": -122.28603041281995, "time_of_day": "Morning", "causation": [ "0", "0", "0", "0", "0", "0", "0", "0", "1", "0", "0", "0", "0", "0", "0", "0", "0", "0", "0", "0", "0", "0", "0", "0" ], "duration": 69.0, "sum": 1 }, "geometry": { "type": "Point", "coordinates": [ -122.286030412819954, 47.670817679531893 ] } },
{ "type": "Feature", "properties": { "lat": 47.670852805452718, "lon": -122.28731689532673, "time_of_day": "Morning", "causation": [ "0", "0", "0", "0", "0", "0", "0", "0", "1", "0", "0", "0", "0", "0", "0", "0", "0", "0", "0", "0", "0", "0", "0", "0" ], "duration": 69.0, "sum": 1 }, "geometry": { "type": "Point", "coordinates": [ -122.287316895326725, 47.670852805452718 ] } },
{ "type": "Feature", "properties": { "lat": 47.670863458213617, "lon": -122.28775357730601, "time_of_day": "Morning", "causation": [ "0", "0", "0", "0", "0", "0", "0", "0", "1", "0", "0", "0", "0", "0", "0", "0", "0", "0", "0", "0", "0", "0", "0", "0" ], "duration": 86.0, "sum": 1 }, "geometry": { "type": "Point", "coordinates": [ -122.287753577306006, 47.670863458213617 ] } },
{ "type": "Feature", "properties": { "lat": 47.670881853777189, "lon": -122.28664046565132, "time_of_day": "Morning", "causation": [ "0", "0", "0", "0", "0", "0", "0", "0", "1", "0", "0", "0", "0", "0", "0", "0", "0", "0", "0", "0", "0", "0", "0", "0" ], "duration": 69.0, "sum": 1 }, "geometry": { "type": "Point", "coordinates": [ -122.286640465651317, 47.670881853777189 ] } },
{ "type": "Feature", "properties": { "lat": 47.670920241086186, "lon": -122.27199049173184, "time_of_day": "Late Night", "causation": [ "0", "0", "0", "0", "0", "0", "0", "0", "1", "0", "0", "0", "0", "0", "0", "0", "0", "0", "0", "0", "0", "0", "0", "0" ], "duration": 235.0, "sum": 1 }, "geometry": { "type": "Point", "coordinates": [ -122.271990491731842, 47.670920241086186 ] } },
{ "type": "Feature", "properties": { "lat": 47.670927047098687, "lon": -122.28830738847198, "time_of_day": "Morning", "causation": [ "0", "0", "0", "0", "0", "0", "0", "0", "1", "0", "0", "0", "0", "0", "0", "0", "0", "0", "0", "0", "0", "0", "0", "0" ], "duration": 86.0, "sum": 1 }, "geometry": { "type": "Point", "coordinates": [ -122.288307388471978, 47.670927047098687 ] } },
{ "type": "Feature", "properties": { "lat": 47.670928187780312, "lon": -122.28603979786854, "time_of_day": "Morning", "causation": [ "0", "0", "0", "0", "0", "0", "0", "0", "1", "0", "0", "0", "0", "0", "0", "0", "0", "0", "0", "0", "0", "0", "0", "0" ], "duration": 69.0, "sum": 1 }, "geometry": { "type": "Point", "coordinates": [ -122.28603979786854, 47.670928187780312 ] } },
{ "type": "Feature", "properties": { "lat": 47.670934746211913, "lon": -122.27258525932859, "time_of_day": "Late Night", "causation": [ "0", "0", "0", "0", "0", "0", "0", "0", "1", "0", "0", "0", "0", "0", "0", "0", "0", "0", "0", "0", "0", "0", "0", "0" ], "duration": 235.0, "sum": 1 }, "geometry": { "type": "Point", "coordinates": [ -122.272585259328594, 47.670934746211913 ] } },
{ "type": "Feature", "properties": { "lat": 47.67094433732921, "lon": -122.2855120388319, "time_of_day": "Morning", "causation": [ "0", "0", "0", "0", "0", "0", "0", "0", "1", "0", "0", "0", "0", "0", "0", "0", "0", "0", "0", "0", "0", "0", "0", "0" ], "duration": 69.0, "sum": 1 }, "geometry": { "type": "Point", "coordinates": [ -122.285512038831897, 47.67094433732921 ] } },
{ "type": "Feature", "properties": { "lat": 47.67097728903412, "lon": -122.2872543214809, "time_of_day": "Morning", "causation": [ "0", "0", "0", "0", "0", "0", "0", "0", "1", "0", "0", "0", "0", "0", "0", "0", "0", "0", "0", "0", "0", "0", "0", "0" ], "duration": 69.0, "sum": 1 }, "geometry": { "type": "Point", "coordinates": [ -122.287254321480901, 47.67097728903412 ] } },
{ "type": "Feature", "properties": { "lat": 47.67098234263085, "lon": -122.28776703666335, "time_of_day": "Morning", "causation": [ "0", "0", "0", "0", "0", "0", "0", "0", "1", "0", "0", "0", "0", "0", "0", "0", "0", "0", "0", "0", "0", "0", "0", "0" ], "duration": 86.0, "sum": 1 }, "geometry": { "type": "Point", "coordinates": [ -122.287767036663354, 47.67098234263085 ] } },
{ "type": "Feature", "properties": { "lat": 47.670993439383203, "lon": -122.28659114511042, "time_of_day": "Morning", "causation": [ "0", "0", "0", "0", "0", "0", "0", "0", "1", "0", "0", "0", "0", "0", "0", "0", "0", "0", "0", "0", "0", "0", "0", "0" ], "duration": 69.0, "sum": 1 }, "geometry": { "type": "Point", "coordinates": [ -122.286591145110421, 47.670993439383203 ] } },
{ "type": "Feature", "properties": { "lat": 47.671041834873051, "lon": -122.27180539938176, "time_of_day": "Late Night", "causation": [ "0", "0", "0", "0", "0", "0", "0", "0", "1", "0", "0", "0", "0", "0", "0", "0", "0", "0", "0", "0", "0", "0", "0", "0" ], "duration": 235.0, "sum": 1 }, "geometry": { "type": "Point", "coordinates": [ -122.271805399381762, 47.671041834873051 ] } },
{ "type": "Feature", "properties": { "lat": 47.671061200526559, "lon": -122.28718737698399, "time_of_day": "Morning", "causation": [ "0", "0", "0", "0", "0", "0", "0", "0", "1", "0", "0", "0", "0", "0", "0", "0", "0", "0", "0", "0", "0", "0", "0", "0" ], "duration": 69.0, "sum": 1 }, "geometry": { "type": "Point", "coordinates": [ -122.287187376983994, 47.671061200526559 ] } },
{ "type": "Feature", "properties": { "lat": 47.671070370237089, "lon": -122.28832431809566, "time_of_day": "Morning", "causation": [ "0", "0", "0", "0", "0", "0", "0", "0", "1", "0", "0", "0", "0", "0", "0", "0", "0", "0", "0", "0", "0", "0", "0", "0" ], "duration": 86.0, "sum": 1 }, "geometry": { "type": "Point", "coordinates": [ -122.288324318095661, 47.671070370237089 ] } },
{ "type": "Feature", "properties": { "lat": 47.671073161481736, "lon": -122.28548964925081, "time_of_day": "Morning", "causation": [ "0", "0", "0", "0", "0", "0", "0", "0", "1", "0", "0", "0", "0", "0", "0", "0", "0", "0", "0", "0", "0", "0", "0", "0" ], "duration": 69.0, "sum": 1 }, "geometry": { "type": "Point", "coordinates": [ -122.285489649250806, 47.671073161481736 ] } },
{ "type": "Feature", "properties": { "lat": 47.67107414115938, "lon": -122.27249201211454, "time_of_day": "Late Night", "causation": [ "0", "0", "0", "0", "0", "0", "0", "0", "1", "0", "0", "0", "0", "0", "0", "0", "0", "0", "0", "0", "0", "0", "0", "0" ], "duration": 235.0, "sum": 1 }, "geometry": { "type": "Point", "coordinates": [ -122.27249201211454, 47.67107414115938 ] } },
{ "type": "Feature", "properties": { "lat": 47.671087093514565, "lon": -122.286036108196, "time_of_day": "Morning", "causation": [ "0", "0", "0", "0", "0", "0", "0", "0", "1", "0", "0", "0", "0", "0", "0", "0", "0", "0", "0", "0", "0", "0", "0", "0" ], "duration": 69.0, "sum": 1 }, "geometry": { "type": "Point", "coordinates": [ -122.286036108196001, 47.671087093514565 ] } },
{ "type": "Feature", "properties": { "lat": 47.671111687229043, "lon": -122.28776341406312, "time_of_day": "Morning", "causation": [ "0", "0", "0", "0", "0", "0", "0", "0", "1", "0", "0", "0", "0", "0", "0", "0", "0", "0", "0", "0", "0", "0", "0", "0" ], "duration": 86.0, "sum": 1 }, "geometry": { "type": "Point", "coordinates": [ -122.287763414063122, 47.671111687229043 ] } },
{ "type": "Feature", "properties": { "lat": 47.671146594815646, "lon": -122.28662596326213, "time_of_day": "Morning", "causation": [ "0", "0", "0", "0", "0", "0", "0", "0", "1", "0", "0", "0", "0", "0", "0", "0", "0", "0", "0", "0", "0", "0", "0", "0" ], "duration": 69.0, "sum": 1 }, "geometry": { "type": "Point", "coordinates": [ -122.286625963262125, 47.671146594815646 ] } },
{ "type": "Feature", "properties": { "lat": 47.671157528973993, "lon": -122.28719271431694, "time_of_day": "Morning", "causation": [ "0", "0", "0", "0", "0", "0", "0", "0", "1", "0", "0", "0", "0", "0", "0", "0", "0", "0", "0", "0", "0", "0", "0", "0" ], "duration": 69.0, "sum": 1 }, "geometry": { "type": "Point", "coordinates": [ -122.287192714316944, 47.671157528973993 ] } },
{ "type": "Feature", "properties": { "lat": 47.671182438921491, "lon": -122.28829500765256, "time_of_day": "Morning", "causation": [ "0", "0", "0", "0", "0", "0", "0", "0", "1", "0", "0", "0", "0", "0", "0", "0", "0", "0", "0", "0", "0", "0", "0", "0" ], "duration": 86.0, "sum": 1 }, "geometry": { "type": "Point", "coordinates": [ -122.288295007652565, 47.671182438921491 ] } },
{ "type": "Feature", "properties": { "lat": 47.671201117939383, "lon": -122.27173415481607, "time_of_day": "Late Night", "causation": [ "0", "0", "0", "0", "0", "0", "0", "0", "2", "0", "0", "0", "0", "0", "0", "0", "0", "0", "0", "0", "0", "0", "0", "0" ], "duration": 470.0, "sum": 2 }, "geometry": { "type": "Point", "coordinates": [ -122.271734154816073, 47.671201117939383 ] } },
{ "type": "Feature", "properties": { "lat": 47.671207039724237, "lon": -122.28603836877087, "time_of_day": "Morning", "causation": [ "0", "0", "0", "0", "0", "0", "0", "0", "1", "0", "0", "0", "0", "0", "0", "0", "0", "0", "0", "0", "0", "0", "0", "0" ], "duration": 69.0, "sum": 1 }, "geometry": { "type": "Point", "coordinates": [ -122.286038368770875, 47.671207039724237 ] } },
{ "type": "Feature", "properties": { "lat": 47.671245089030982, "lon": -122.27238240947339, "time_of_day": "Late Night", "causation": [ "0", "0", "0", "0", "0", "0", "0", "0", "1", "0", "0", "0", "0", "0", "0", "0", "0", "0", "0", "0", "0", "0", "0", "0" ], "duration": 235.0, "sum": 1 }, "geometry": { "type": "Point", "coordinates": [ -122.272382409473394, 47.671245089030982 ] } },
{ "type": "Feature", "properties": { "lat": 47.671272991535723, "lon": -122.28776856941376, "time_of_day": "Morning", "causation": [ "0", "0", "0", "0", "0", "0", "0", "0", "1", "0", "0", "0", "0", "0", "0", "0", "0", "0", "0", "0", "0", "0", "0", "0" ], "duration": 86.0, "sum": 1 }, "geometry": { "type": "Point", "coordinates": [ -122.287768569413757, 47.671272991535723 ] } },
{ "type": "Feature", "properties": { "lat": 47.671291338224421, "lon": -122.28834682338174, "time_of_day": "Morning", "causation": [ "0", "0", "0", "0", "0", "0", "0", "0", "1", "0", "0", "0", "0", "0", "0", "0", "0", "0", "0", "0", "0", "0", "0", "0" ], "duration": 86.0, "sum": 1 }, "geometry": { "type": "Point", "coordinates": [ -122.288346823381744, 47.671291338224421 ] } },
{ "type": "Feature", "properties": { "lat": 47.671325160003342, "lon": -122.28661053687516, "time_of_day": "Morning", "causation": [ "0", "0", "0", "0", "0", "0", "0", "0", "1", "0", "0", "0", "0", "0", "0", "0", "0", "0", "0", "0", "0", "0", "0", "0" ], "duration": 69.0, "sum": 1 }, "geometry": { "type": "Point", "coordinates": [ -122.286610536875159, 47.671325160003342 ] } },
{ "type": "Feature", "properties": { "lat": 47.671344428200925, "lon": -122.28718386399348, "time_of_day": "Morning", "causation": [ "0", "0", "0", "0", "0", "0", "0", "0", "1", "0", "0", "0", "0", "0", "0", "0", "0", "0", "0", "0", "0", "0", "0", "0" ], "duration": 69.0, "sum": 1 }, "geometry": { "type": "Point", "coordinates": [ -122.287183863993477, 47.671344428200925 ] } },
{ "type": "Feature", "properties": { "lat": 47.671352654829093, "lon": -122.28602289623549, "time_of_day": "Morning", "causation": [ "0", "0", "0", "0", "0", "0", "0", "0", "1", "0", "0", "0", "0", "0", "0", "0", "0", "0", "0", "0", "0", "0", "0", "0" ], "duration": 69.0, "sum": 1 }, "geometry": { "type": "Point", "coordinates": [ -122.286022896235494, 47.671352654829093 ] } },
{ "type": "Feature", "properties": { "lat": 47.671364894852843, "lon": -122.27164802612434, "time_of_day": "Late Night", "causation": [ "0", "0", "0", "0", "0", "0", "0", "0", "1", "0", "0", "0", "0", "0", "0", "0", "0", "0", "0", "0", "0", "0", "0", "0" ], "duration": 235.0, "sum": 1 }, "geometry": { "type": "Point", "coordinates": [ -122.271648026124339, 47.671364894852843 ] } },
{ "type": "Feature", "properties": { "lat": 47.671372133109116, "lon": -122.2722723213096, "time_of_day": "Late Night", "causation": [ "0", "0", "0", "0", "0", "0", "0", "0", "1", "0", "0", "0", "0", "0", "0", "0", "0", "0", "0", "0", "0", "0", "0", "0" ], "duration": 235.0, "sum": 1 }, "geometry": { "type": "Point", "coordinates": [ -122.2722723213096, 47.671372133109116 ] } },
{ "type": "Feature", "properties": { "lat": 47.671383547777282, "lon": -122.28777545485087, "time_of_day": "Morning", "causation": [ "0", "0", "0", "0", "0", "0", "0", "0", "1", "0", "0", "0", "0", "0", "0", "0", "0", "0", "0", "0", "0", "0", "0", "0" ], "duration": 86.0, "sum": 1 }, "geometry": { "type": "Point", "coordinates": [ -122.287775454850873, 47.671383547777282 ] } },
{ "type": "Feature", "properties": { "lat": 47.671398320184423, "lon": -122.28454723535432, "time_of_day": "Morning", "causation": [ "0", "0", "0", "0", "0", "0", "0", "0", "1", "0", "0", "0", "0", "0", "0", "0", "0", "0", "0", "0", "0", "0", "0", "0" ], "duration": 86.0, "sum": 1 }, "geometry": { "type": "Point", "coordinates": [ -122.284547235354324, 47.671398320184423 ] } },
{ "type": "Feature", "properties": { "lat": 47.671408651149967, "lon": -122.28516294991908, "time_of_day": "Morning", "causation": [ "0", "0", "0", "0", "0", "0", "0", "0", "1", "0", "0", "0", "0", "0", "0", "0", "0", "0", "0", "0", "0", "0", "0", "0" ], "duration": 86.0, "sum": 1 }, "geometry": { "type": "Point", "coordinates": [ -122.285162949919084, 47.671408651149967 ] } },
{ "type": "Feature", "properties": { "lat": 47.671462491262467, "lon": -122.28836860813502, "time_of_day": "Morning", "causation": [ "0", "0", "0", "0", "0", "0", "0", "0", "2", "0", "0", "0", "0", "0", "0", "0", "0", "0", "0", "0", "0", "0", "0", "0" ], "duration": 172.0, "sum": 2 }, "geometry": { "type": "Point", "coordinates": [ -122.288368608135016, 47.671462491262467 ] } },
{ "type": "Feature", "properties": { "lat": 47.671470328580291, "lon": -122.28718384993816, "time_of_day": "Morning", "causation": [ "0", "0", "0", "0", "0", "0", "0", "0", "1", "0", "0", "0", "0", "0", "0", "0", "0", "0", "0", "0", "0", "0", "0", "0" ], "duration": 69.0, "sum": 1 }, "geometry": { "type": "Point", "coordinates": [ -122.28718384993816, 47.671470328580291 ] } },
{ "type": "Feature", "properties": { "lat": 47.671472485460576, "lon": -122.28607765565778, "time_of_day": "Morning", "causation": [ "0", "0", "0", "0", "0", "0", "0", "0", "1", "0", "0", "0", "0", "0", "0", "0", "0", "0", "0", "0", "0", "0", "0", "0" ], "duration": 69.0, "sum": 1 }, "geometry": { "type": "Point", "coordinates": [ -122.286077655657778, 47.671472485460576 ] } },
{ "type": "Feature", "properties": { "lat": 47.671491117159697, "lon": -122.28776097251991, "time_of_day": "Morning", "causation": [ "0", "0", "0", "0", "0", "0", "0", "0", "1", "0", "0", "0", "0", "0", "0", "0", "0", "0", "0", "0", "0", "0", "0", "0" ], "duration": 86.0, "sum": 1 }, "geometry": { "type": "Point", "coordinates": [ -122.287760972519905, 47.671491117159697 ] } },
{ "type": "Feature", "properties": { "lat": 47.671502052233457, "lon": -122.28664003933569, "time_of_day": "Morning", "causation": [ "0", "0", "0", "0", "0", "0", "0", "0", "1", "0", "0", "0", "0", "0", "0", "0", "0", "0", "0", "0", "0", "0", "0", "0" ], "duration": 69.0, "sum": 1 }, "geometry": { "type": "Point", "coordinates": [ -122.286640039335694, 47.671502052233457 ] } },
{ "type": "Feature", "properties": { "lat": 47.671516632295656, "lon": -122.28459318037916, "time_of_day": "Morning", "causation": [ "0", "0", "0", "0", "0", "0", "0", "0", "1", "0", "0", "0", "0", "0", "0", "0", "0", "0", "0", "0", "0", "0", "0", "0" ], "duration": 86.0, "sum": 1 }, "geometry": { "type": "Point", "coordinates": [ -122.284593180379161, 47.671516632295656 ] } },
{ "type": "Feature", "properties": { "lat": 47.671528204589229, "lon": -122.27154192728928, "time_of_day": "Late Night", "causation": [ "0", "0", "0", "0", "0", "0", "0", "0", "1", "0", "0", "0", "0", "0", "0", "0", "0", "0", "0", "0", "0", "0", "0", "0" ], "duration": 235.0, "sum": 1 }, "geometry": { "type": "Point", "coordinates": [ -122.271541927289277, 47.671528204589229 ] } },
{ "type": "Feature", "properties": { "lat": 47.671532284975129, "lon": -122.28514785138334, "time_of_day": "Morning", "causation": [ "0", "0", "0", "0", "0", "0", "0", "0", "1", "0", "0", "0", "0", "0", "0", "0", "0", "0", "0", "0", "0", "0", "0", "0" ], "duration": 86.0, "sum": 1 }, "geometry": { "type": "Point", "coordinates": [ -122.285147851383343, 47.671532284975129 ] } },
{ "type": "Feature", "properties": { "lat": 47.671551148917551, "lon": -122.28245072276054, "time_of_day": "Morning", "causation": [ "0", "0", "0", "0", "0", "0", "0", "0", "1", "0", "0", "0", "0", "0", "0", "0", "0", "0", "0", "0", "0", "0", "0", "0" ], "duration": 69.0, "sum": 1 }, "geometry": { "type": "Point", "coordinates": [ -122.282450722760544, 47.671551148917551 ] } },
{ "type": "Feature", "properties": { "lat": 47.671563821766242, "lon": -122.28837262223792, "time_of_day": "Morning", "causation": [ "0", "0", "0", "0", "0", "0", "0", "0", "1", "0", "0", "0", "0", "0", "0", "0", "0", "0", "0", "0", "0", "0", "0", "0" ], "duration": 86.0, "sum": 1 }, "geometry": { "type": "Point", "coordinates": [ -122.288372622237915, 47.671563821766242 ] } },
{ "type": "Feature", "properties": { "lat": 47.671575811971493, "lon": -122.28183284877088, "time_of_day": "Morning", "causation": [ "0", "0", "0", "0", "0", "0", "0", "0", "1", "0", "0", "0", "0", "0", "0", "0", "0", "0", "0", "0", "0", "0", "0", "0" ], "duration": 69.0, "sum": 1 }, "geometry": { "type": "Point", "coordinates": [ -122.281832848770875, 47.671575811971493 ] } },
{ "type": "Feature", "properties": { "lat": 47.671586456111655, "lon": -122.28608341915456, "time_of_day": "Morning", "causation": [ "0", "0", "0", "0", "0", "0", "0", "0", "1", "0", "0", "0", "0", "0", "0", "0", "0", "0", "0", "0", "0", "0", "0", "0" ], "duration": 69.0, "sum": 1 }, "geometry": { "type": "Point", "coordinates": [ -122.286083419154565, 47.671586456111655 ] } },
{ "type": "Feature", "properties": { "lat": 47.671606955278058, "lon": -122.28775681763942, "time_of_day": "Morning", "causation": [ "0", "0", "0", "0", "0", "0", "0", "0", "1", "0", "0", "0", "0", "0", "0", "0", "0", "0", "0", "0", "0", "0", "0", "0" ], "duration": 86.0, "sum": 1 }, "geometry": { "type": "Point", "coordinates": [ -122.287756817639419, 47.671606955278058 ] } },
{ "type": "Feature", "properties": { "lat": 47.671627215014539, "lon": -122.28459881354507, "time_of_day": "Morning", "causation": [ "0", "0", "0", "0", "0", "0", "0", "0", "1", "0", "0", "0", "0", "0", "0", "0", "0", "0", "0", "0", "0", "0", "0", "0" ], "duration": 86.0, "sum": 1 }, "geometry": { "type": "Point", "coordinates": [ -122.284598813545074, 47.671627215014539 ] } },
{ "type": "Feature", "properties": { "lat": 47.671650443214979, "lon": -122.28665716714758, "time_of_day": "Morning", "causation": [ "0", "0", "0", "0", "0", "0", "0", "0", "1", "0", "0", "0", "0", "0", "0", "0", "0", "0", "0", "0", "0", "0", "0", "0" ], "duration": 69.0, "sum": 1 }, "geometry": { "type": "Point", "coordinates": [ -122.286657167147581, 47.671650443214979 ] } },
{ "type": "Feature", "properties": { "lat": 47.671677586891832, "lon": -122.27206178991652, "time_of_day": "Late Night", "causation": [ "0", "0", "0", "0", "0", "0", "0", "0", "1", "0", "0", "0", "0", "0", "0", "0", "0", "0", "0", "0", "0", "0", "0", "0" ], "duration": 235.0, "sum": 1 }, "geometry": { "type": "Point", "coordinates": [ -122.272061789916521, 47.671677586891832 ] } },
{ "type": "Feature", "properties": { "lat": 47.671680228919953, "lon": -122.28189948581172, "time_of_day": "Morning", "causation": [ "0", "0", "0", "0", "0", "0", "0", "0", "1", "0", "0", "0", "0", "0", "0", "0", "0", "0", "0", "0", "0", "0", "0", "0" ], "duration": 69.0, "sum": 1 }, "geometry": { "type": "Point", "coordinates": [ -122.281899485811721, 47.671680228919953 ] } },
{ "type": "Feature", "properties": { "lat": 47.671680929201401, "lon": -122.28604591485606, "time_of_day": "Morning", "causation": [ "0", "0", "0", "0", "0", "0", "0", "0", "1", "0", "0", "0", "0", "0", "0", "0", "0", "0", "0", "0", "0", "0", "0", "0" ], "duration": 69.0, "sum": 1 }, "geometry": { "type": "Point", "coordinates": [ -122.286045914856061, 47.671680929201401 ] } },
{ "type": "Feature", "properties": { "lat": 47.67168337665548, "lon": -122.27141799230554, "time_of_day": "Late Night", "causation": [ "0", "0", "0", "0", "0", "0", "0", "0", "1", "0", "0", "0", "0", "0", "0", "0", "0", "0", "0", "0", "0", "0", "0", "0" ], "duration": 235.0, "sum": 1 }, "geometry": { "type": "Point", "coordinates": [ -122.271417992305544, 47.67168337665548 ] } },
{ "type": "Feature", "properties": { "lat": 47.671683886810683, "lon": -122.2877548662826, "time_of_day": "Morning", "causation": [ "0", "0", "0", "0", "0", "0", "0", "0", "1", "0", "0", "0", "0", "0", "0", "0", "0", "0", "0", "0", "0", "0", "0", "0" ], "duration": 86.0, "sum": 1 }, "geometry": { "type": "Point", "coordinates": [ -122.287754866282597, 47.671683886810683 ] } },
{ "type": "Feature", "properties": { "lat": 47.671702881954133, "lon": -122.28247048525864, "time_of_day": "Morning", "causation": [ "0", "0", "0", "0", "0", "0", "0", "0", "1", "0", "0", "0", "0", "0", "0", "0", "0", "0", "0", "0", "0", "0", "0", "0" ], "duration": 69.0, "sum": 1 }, "geometry": { "type": "Point", "coordinates": [ -122.282470485258642, 47.671702881954133 ] } },
{ "type": "Feature", "properties": { "lat": 47.671719008619426, "lon": -122.28547780804188, "time_of_day": "Morning", "causation": [ "0", "0", "0", "0", "0", "0", "0", "0", "1", "0", "0", "0", "0", "0", "0", "0", "0", "0", "0", "0", "0", "0", "0", "0" ], "duration": 69.0, "sum": 1 }, "geometry": { "type": "Point", "coordinates": [ -122.285477808041875, 47.671719008619426 ] } },
{ "type": "Feature", "properties": { "lat": 47.671723992727287, "lon": -122.2871738995988, "time_of_day": "Morning", "causation": [ "0", "0", "0", "0", "0", "0", "0", "0", "1", "0", "0", "0", "0", "0", "0", "0", "0", "0", "0", "0", "0", "0", "0", "0" ], "duration": 69.0, "sum": 1 }, "geometry": { "type": "Point", "coordinates": [ -122.287173899598798, 47.671723992727287 ] } },
{ "type": "Feature", "properties": { "lat": 47.671733246682862, "lon": -122.28834808785574, "time_of_day": "Morning", "causation": [ "0", "0", "0", "0", "0", "0", "0", "0", "1", "0", "0", "0", "0", "0", "0", "0", "0", "0", "0", "0", "0", "0", "0", "0" ], "duration": 86.0, "sum": 1 }, "geometry": { "type": "Point", "coordinates": [ -122.288348087855738, 47.671733246682862 ] } },
{ "type": "Feature", "properties": { "lat": 47.671739455247049, "lon": -122.28513855718222, "time_of_day": "Morning", "causation": [ "0", "0", "0", "0", "0", "0", "0", "0", "1", "0", "0", "0", "0", "0", "0", "0", "0", "0", "0", "0", "0", "0", "0", "0" ], "duration": 86.0, "sum": 1 }, "geometry": { "type": "Point", "coordinates": [ -122.285138557182222, 47.671739455247049 ] } },
{ "type": "Feature", "properties": { "lat": 47.671744723319762, "lon": -122.28459597295046, "time_of_day": "Morning", "causation": [ "0", "0", "0", "0", "0", "0", "0", "0", "1", "0", "0", "0", "0", "0", "0", "0", "0", "0", "0", "0", "0", "0", "0", "0" ], "duration": 86.0, "sum": 1 }, "geometry": { "type": "Point", "coordinates": [ -122.284595972950456, 47.671744723319762 ] } },
{ "type": "Feature", "properties": { "lat": 47.67178654440503, "lon": -122.28604635405988, "time_of_day": "Morning", "causation": [ "0", "0", "0", "0", "0", "0", "0", "0", "1", "0", "0", "0", "0", "0", "0", "0", "0", "0", "0", "0", "0", "0", "0", "0" ], "duration": 69.0, "sum": 1 }, "geometry": { "type": "Point", "coordinates": [ -122.286046354059877, 47.67178654440503 ] } },
{ "type": "Feature", "properties": { "lat": 47.671802645226002, "lon": -122.28665069778862, "time_of_day": "Morning", "causation": [ "0", "0", "0", "0", "0", "0", "0", "0", "1", "0", "0", "0", "0", "0", "0", "0", "0", "0", "0", "0", "0", "0", "0", "0" ], "duration": 69.0, "sum": 1 }, "geometry": { "type": "Point", "coordinates": [ -122.286650697788616, 47.671802645226002 ] } },
{ "type": "Feature", "properties": { "lat": 47.671811698525403, "lon": -122.27128305927052, "time_of_day": "Late Night", "causation": [ "0", "0", "0", "0", "0", "0", "0", "0", "1", "0", "0", "0", "0", "0", "0", "0", "0", "0", "0", "0", "0", "0", "0", "0" ], "duration": 235.0, "sum": 1 }, "geometry": { "type": "Point", "coordinates": [ -122.271283059270516, 47.671811698525403 ] } },
{ "type": "Feature", "properties": { "lat": 47.671820346120455, "lon": -122.27196983879128, "time_of_day": "Late Night", "causation": [ "0", "0", "0", "0", "0", "0", "0", "0", "1", "0", "0", "0", "0", "0", "0", "0", "0", "0", "0", "0", "0", "0", "0", "0" ], "duration": 235.0, "sum": 1 }, "geometry": { "type": "Point", "coordinates": [ -122.271969838791279, 47.671820346120455 ] } },
{ "type": "Feature", "properties": { "lat": 47.671830989869406, "lon": -122.28775070130663, "time_of_day": "Morning", "causation": [ "0", "0", "0", "0", "0", "0", "0", "0", "1", "0", "0", "0", "0", "0", "0", "0", "0", "0", "0", "0", "0", "0", "0", "0" ], "duration": 86.0, "sum": 1 }, "geometry": { "type": "Point", "coordinates": [ -122.287750701306635, 47.671830989869406 ] } },
{ "type": "Feature", "properties": { "lat": 47.671847571688588, "lon": -122.28184861092311, "time_of_day": "Morning", "causation": [ "0", "0", "0", "0", "0", "0", "0", "0", "1", "0", "0", "0", "0", "0", "0", "0", "0", "0", "0", "0", "0", "0", "0", "0" ], "duration": 69.0, "sum": 1 }, "geometry": { "type": "Point", "coordinates": [ -122.281848610923106, 47.671847571688588 ] } },
{ "type": "Feature", "properties": { "lat": 47.671855426762086, "lon": -122.28719536526566, "time_of_day": "Morning", "causation": [ "0", "0", "0", "0", "0", "0", "0", "0", "1", "0", "0", "0", "0", "0", "0", "0", "0", "0", "0", "0", "0", "0", "0", "0" ], "duration": 69.0, "sum": 1 }, "geometry": { "type": "Point", "coordinates": [ -122.28719536526566, 47.671855426762086 ] } },
{ "type": "Feature", "properties": { "lat": 47.671868115041761, "lon": -122.28459462004896, "time_of_day": "Morning", "causation": [ "0", "0", "0", "0", "0", "0", "0", "0", "1", "0", "0", "0", "0", "0", "0", "0", "0", "0", "0", "0", "0", "0", "0", "0" ], "duration": 86.0, "sum": 1 }, "geometry": { "type": "Point", "coordinates": [ -122.284594620048964, 47.671868115041761 ] } },
{ "type": "Feature", "properties": { "lat": 47.671889261107779, "lon": -122.28512449809836, "time_of_day": "Morning", "causation": [ "0", "0", "0", "0", "0", "0", "0", "0", "1", "0", "0", "0", "0", "0", "0", "0", "0", "0", "0", "0", "0", "0", "0", "0" ], "duration": 86.0, "sum": 1 }, "geometry": { "type": "Point", "coordinates": [ -122.285124498098355, 47.671889261107779 ] } },
{ "type": "Feature", "properties": { "lat": 47.671891553451282, "lon": -122.28612677436402, "time_of_day": "Morning", "causation": [ "0", "0", "0", "0", "0", "0", "0", "0", "1", "0", "0", "0", "0", "0", "0", "0", "0", "0", "0", "0", "0", "0", "0", "0" ], "duration": 69.0, "sum": 1 }, "geometry": { "type": "Point", "coordinates": [ -122.286126774364021, 47.671891553451282 ] } },
{ "type": "Feature", "properties": { "lat": 47.671925004518855, "lon": -122.28294305093397, "time_of_day": "Morning", "causation": [ "0", "0", "0", "0", "0", "0", "0", "0", "1", "0", "0", "0", "0", "0", "0", "0", "0", "0", "0", "0", "0", "0", "0", "0" ], "duration": 69.0, "sum": 1 }, "geometry": { "type": "Point", "coordinates": [ -122.282943050933966, 47.671925004518855 ] } },
{ "type": "Feature", "properties": { "lat": 47.671933566877392, "lon": -122.27122532643446, "time_of_day": "Late Night", "causation": [ "0", "0", "0", "0", "0", "0", "0", "0", "1", "0", "0", "0", "0", "0", "0", "0", "0", "0", "0", "0", "0", "0", "0", "0" ], "duration": 235.0, "sum": 1 }, "geometry": { "type": "Point", "coordinates": [ -122.271225326434461, 47.671933566877392 ] } },
{ "type": "Feature", "properties": { "lat": 47.671933646572867, "lon": -122.28552131157706, "time_of_day": "Morning", "causation": [ "0", "0", "0", "0", "0", "0", "0", "0", "1", "0", "0", "0", "0", "0", "0", "0", "0", "0", "0", "0", "0", "0", "0", "0" ], "duration": 69.0, "sum": 1 }, "geometry": { "type": "Point", "coordinates": [ -122.285521311577057, 47.671933646572867 ] } },
{ "type": "Feature", "properties": { "lat": 47.671942295863332, "lon": -122.28390252760734, "time_of_day": "Morning", "causation": [ "0", "0", "0", "0", "0", "0", "0", "0", "1", "0", "0", "0", "0", "0", "0", "0", "0", "0", "0", "0", "0", "0", "0", "0" ], "duration": 69.0, "sum": 1 }, "geometry": { "type": "Point", "coordinates": [ -122.283902527607339, 47.671942295863332 ] } },
{ "type": "Feature", "properties": { "lat": 47.671955706703841, "lon": -122.28664301425199, "time_of_day": "Morning", "causation": [ "0", "0", "0", "0", "0", "0", "0", "0", "1", "0", "0", "0", "0", "0", "0", "0", "0", "0", "0", "0", "0", "0", "0", "0" ], "duration": 69.0, "sum": 1 }, "geometry": { "type": "Point", "coordinates": [ -122.286643014251993, 47.671955706703841 ] } },
{ "type": "Feature", "properties": { "lat": 47.671956273322721, "lon": -122.28647177251131, "time_of_day": "Morning", "causation": [ "0", "0", "0", "0", "0", "0", "0", "0", "1", "0", "0", "0", "0", "0", "0", "0", "0", "0", "0", "0", "0", "0", "0", "0" ], "duration": 69.0, "sum": 1 }, "geometry": { "type": "Point", "coordinates": [ -122.286471772511305, 47.671956273322721 ] } },
{ "type": "Feature", "properties": { "lat": 47.671957234573497, "lon": -122.28321683891036, "time_of_day": "Morning", "causation": [ "0", "0", "0", "0", "0", "0", "0", "0", "1", "0", "0", "0", "0", "0", "0", "0", "0", "0", "0", "0", "0", "0", "0", "0" ], "duration": 69.0, "sum": 1 }, "geometry": { "type": "Point", "coordinates": [ -122.283216838910363, 47.671957234573497 ] } },
{ "type": "Feature", "properties": { "lat": 47.67196133567942, "lon": -122.28270948143472, "time_of_day": "Morning", "causation": [ "0", "0", "0", "0", "0", "0", "0", "0", "1", "0", "0", "0", "0", "0", "0", "0", "0", "0", "0", "0", "0", "0", "0", "0" ], "duration": 69.0, "sum": 1 }, "geometry": { "type": "Point", "coordinates": [ -122.282709481434722, 47.67196133567942 ] } },
{ "type": "Feature", "properties": { "lat": 47.671964254338988, "lon": -122.2836696374163, "time_of_day": "Morning", "causation": [ "0", "0", "0", "0", "0", "0", "0", "0", "1", "0", "0", "0", "0", "0", "0", "0", "0", "0", "0", "0", "0", "0", "0", "0" ], "duration": 69.0, "sum": 1 }, "geometry": { "type": "Point", "coordinates": [ -122.283669637416295, 47.671964254338988 ] } },
{ "type": "Feature", "properties": { "lat": 47.671967436705437, "lon": -122.28147957859038, "time_of_day": "Morning", "causation": [ "0", "0", "0", "0", "0", "0", "0", "0", "1", "0", "0", "0", "0", "0", "0", "0", "0", "0", "0", "0", "0", "0", "0", "0" ], "duration": 69.0, "sum": 1 }, "geometry": { "type": "Point", "coordinates": [ -122.281479578590378, 47.671967436705437 ] } },
{ "type": "Feature", "properties": { "lat": 47.671969514480864, "lon": -122.28412611367234, "time_of_day": "Morning", "causation": [ "0", "0", "0", "0", "0", "0", "0", "0", "1", "0", "0", "0", "0", "0", "0", "0", "0", "0", "0", "0", "0", "0", "0", "0" ], "duration": 69.0, "sum": 1 }, "geometry": { "type": "Point", "coordinates": [ -122.284126113672343, 47.671969514480864 ] } },
{ "type": "Feature", "properties": { "lat": 47.67197022376574, "lon": -122.28832623200908, "time_of_day": "Morning", "causation": [ "0", "0", "0", "0", "0", "0", "0", "0", "1", "0", "0", "0", "0", "0", "0", "0", "0", "0", "0", "0", "0", "0", "0", "0" ], "duration": 86.0, "sum": 1 }, "geometry": { "type": "Point", "coordinates": [ -122.288326232009084, 47.67197022376574 ] } },
{ "type": "Feature", "properties": { "lat": 47.671971350215188, "lon": -122.28098221055204, "time_of_day": "Morning", "causation": [ "0", "0", "0", "0", "0", "0", "0", "0", "1", "0", "0", "0", "0", "0", "0", "0", "0", "0", "0", "0", "0", "0", "0", "0" ], "duration": 69.0, "sum": 1 }, "geometry": { "type": "Point", "coordinates": [ -122.28098221055204, 47.671971350215188 ] } },
{ "type": "Feature", "properties": { "lat": 47.671974132819791, "lon": -122.28120232943805, "time_of_day": "Morning", "causation": [ "0", "0", "0", "0", "0", "0", "0", "0", "1", "0", "0", "0", "0", "0", "0", "0", "0", "0", "0", "0", "0", "0", "0", "0" ], "duration": 69.0, "sum": 1 }, "geometry": { "type": "Point", "coordinates": [ -122.281202329438045, 47.671974132819791 ] } },
{ "type": "Feature", "properties": { "lat": 47.671975348957979, "lon": -122.2834300663248, "time_of_day": "Morning", "causation": [ "0", "0", "0", "0", "0", "0", "0", "0", "1", "0", "0", "0", "0", "0", "0", "0", "0", "0", "0", "0", "0", "0", "0", "0" ], "duration": 69.0, "sum": 1 }, "geometry": { "type": "Point", "coordinates": [ -122.283430066324797, 47.671975348957979 ] } },
{ "type": "Feature", "properties": { "lat": 47.671976025927172, "lon": -122.28450537520872, "time_of_day": "Morning", "causation": [ "0", "0", "0", "0", "0", "0", "0", "0", "1", "0", "0", "0", "0", "0", "0", "0", "0", "0", "0", "0", "0", "0", "0", "0" ], "duration": 86.0, "sum": 1 }, "geometry": { "type": "Point", "coordinates": [ -122.284505375208724, 47.671976025927172 ] } },
{ "type": "Feature", "properties": { "lat": 47.67197691623111, "lon": -122.28245508791024, "time_of_day": "Morning", "causation": [ "0", "0", "0", "0", "0", "0", "0", "0", "1", "0", "0", "0", "0", "0", "0", "0", "0", "0", "0", "0", "0", "0", "0", "0" ], "duration": 69.0, "sum": 1 }, "geometry": { "type": "Point", "coordinates": [ -122.282455087910236, 47.67197691623111 ] } },
{ "type": "Feature", "properties": { "lat": 47.671976922820953, "lon": -122.27190842004238, "time_of_day": "Late Night", "causation": [ "0", "0", "0", "0", "0", "0", "0", "0", "1", "0", "0", "0", "0", "0", "0", "0", "0", "0", "0", "0", "0", "0", "0", "0" ], "duration": 235.0, "sum": 1 }, "geometry": { "type": "Point", "coordinates": [ -122.271908420042379, 47.671976922820953 ] } },
{ "type": "Feature", "properties": { "lat": 47.671991298257652, "lon": -122.28188929092572, "time_of_day": "Morning", "causation": [ "0", "0", "0", "0", "0", "0", "0", "0", "1", "0", "0", "0", "0", "0", "0", "0", "0", "0", "0", "0", "0", "0", "0", "0" ], "duration": 69.0, "sum": 1 }, "geometry": { "type": "Point", "coordinates": [ -122.281889290925719, 47.671991298257652 ] } },
{ "type": "Feature", "properties": { "lat": 47.671998894897833, "lon": -122.28720481029808, "time_of_day": "Morning", "causation": [ "0", "0", "0", "0", "0", "0", "0", "0", "1", "0", "0", "0", "0", "0", "0", "0", "0", "0", "0", "0", "0", "0", "0", "0" ], "duration": 86.0, "sum": 1 }, "geometry": { "type": "Point", "coordinates": [ -122.287204810298078, 47.671998894897833 ] } },
{ "type": "Feature", "properties": { "lat": 47.672005143876788, "lon": -122.28774509706632, "time_of_day": "Morning", "causation": [ "0", "0", "0", "0", "0", "0", "0", "0", "1", "0", "0", "0", "0", "0", "0", "0", "0", "0", "0", "0", "0", "0", "0", "0" ], "duration": 86.0, "sum": 1 }, "geometry": { "type": "Point", "coordinates": [ -122.28774509706632, 47.672005143876788 ] } },
{ "type": "Feature", "properties": { "lat": 47.672011808623282, "lon": -122.28512185221533, "time_of_day": "Morning", "causation": [ "0", "0", "0", "0", "0", "0", "0", "0", "1", "0", "0", "0", "0", "0", "0", "0", "0", "0", "0", "0", "0", "0", "0", "0" ], "duration": 86.0, "sum": 1 }, "geometry": { "type": "Point", "coordinates": [ -122.285121852215326, 47.672011808623282 ] } },
{ "type": "Feature", "properties": { "lat": 47.672038595742677, "lon": -122.27105452704498, "time_of_day": "Late Night", "causation": [ "0", "0", "0", "0", "0", "0", "0", "0", "1", "0", "0", "0", "0", "0", "0", "0", "0", "0", "0", "0", "0", "0", "0", "0" ], "duration": 235.0, "sum": 1 }, "geometry": { "type": "Point", "coordinates": [ -122.271054527044981, 47.672038595742677 ] } },
{ "type": "Feature", "properties": { "lat": 47.672279535745126, "lon": -122.2860727430641, "time_of_day": "Morning", "causation": [ "0", "0", "0", "0", "0", "0", "0", "0", "1", "0", "0", "0", "0", "0", "0", "0", "0", "0", "0", "0", "0", "0", "0", "0" ], "duration": 69.0, "sum": 1 }, "geometry": { "type": "Point", "coordinates": [ -122.286072743064096, 47.672279535745126 ] } },
{ "type": "Feature", "properties": { "lat": 47.672304122652832, "lon": -122.28545807466963, "time_of_day": "Morning", "causation": [ "0", "0", "0", "0", "0", "0", "0", "0", "1", "0", "0", "0", "0", "0", "0", "0", "0", "0", "0", "0", "0", "0", "0", "0" ], "duration": 86.0, "sum": 1 }, "geometry": { "type": "Point", "coordinates": [ -122.285458074669634, 47.672304122652832 ] } },
{ "type": "Feature", "properties": { "lat": 47.672305243205017, "lon": -122.27197895787756, "time_of_day": "Late Night", "causation": [ "0", "0", "0", "0", "0", "0", "0", "0", "2", "0", "0", "0", "0", "0", "0", "0", "0", "0", "0", "0", "0", "0", "0", "0" ], "duration": 470.0, "sum": 2 }, "geometry": { "type": "Point", "coordinates": [ -122.271978957877565, 47.672305243205017 ] } },
{ "type": "Feature", "properties": { "lat": 47.672309617081019, "lon": -122.2851545287804, "time_of_day": "Morning", "causation": [ "0", "0", "0", "0", "0", "0", "0", "0", "1", "0", "0", "0", "0", "0", "0", "0", "0", "0", "0", "0", "0", "0", "0", "0" ], "duration": 86.0, "sum": 1 }, "geometry": { "type": "Point", "coordinates": [ -122.285154528780396, 47.672309617081019 ] } },
{ "type": "Feature", "properties": { "lat": 47.672320444079567, "lon": -122.27098310485783, "time_of_day": "Late Night", "causation": [ "0", "0", "0", "0", "0", "0", "0", "0", "1", "0", "0", "0", "0", "0", "0", "0", "0", "0", "0", "0", "0", "0", "0", "0" ], "duration": 235.0, "sum": 1 }, "geometry": { "type": "Point", "coordinates": [ -122.270983104857834, 47.672320444079567 ] } },
{ "type": "Feature", "properties": { "lat": 47.672324212041993, "lon": -122.28060862561084, "time_of_day": "Morning", "causation": [ "0", "0", "0", "0", "0", "0", "0", "0", "1", "0", "0", "0", "0", "0", "0", "0", "0", "0", "0", "0", "0", "0", "0", "0" ], "duration": 69.0, "sum": 1 }, "geometry": { "type": "Point", "coordinates": [ -122.280608625610839, 47.672324212041993 ] } },
{ "type": "Feature", "properties": { "lat": 47.672325109987938, "lon": -122.27142829972075, "time_of_day": "Late Night", "causation": [ "0", "0", "0", "0", "0", "0", "0", "0", "1", "0", "0", "0", "0", "0", "0", "0", "0", "0", "0", "0", "0", "0", "0", "0" ], "duration": 235.0, "sum": 1 }, "geometry": { "type": "Point", "coordinates": [ -122.271428299720753, 47.672325109987938 ] } },
{ "type": "Feature", "properties": { "lat": 47.672325834826012, "lon": -122.28776156540732, "time_of_day": "Morning", "causation": [ "0", "0", "0", "0", "0", "0", "0", "0", "1", "0", "0", "0", "0", "0", "0", "0", "0", "0", "0", "0", "0", "0", "0", "0" ], "duration": 86.0, "sum": 1 }, "geometry": { "type": "Point", "coordinates": [ -122.287761565407322, 47.672325834826012 ] } },
{ "type": "Feature", "properties": { "lat": 47.672329117398718, "lon": -122.27253100555912, "time_of_day": "Late Night", "causation": [ "0", "0", "0", "0", "0", "0", "0", "0", "2", "0", "0", "0", "0", "0", "0", "0", "0", "0", "0", "0", "0", "0", "0", "0" ], "duration": 470.0, "sum": 2 }, "geometry": { "type": "Point", "coordinates": [ -122.272531005559117, 47.672329117398718 ] } },
{ "type": "Feature", "properties": { "lat": 47.672340531430763, "lon": -122.28307189851419, "time_of_day": "Morning", "causation": [ "0", "0", "0", "0", "0", "0", "0", "0", "1", "0", "0", "0", "0", "0", "0", "0", "0", "0", "0", "0", "0", "0", "0", "0" ], "duration": 69.0, "sum": 1 }, "geometry": { "type": "Point", "coordinates": [ -122.283071898514194, 47.672340531430763 ] } },
{ "type": "Feature", "properties": { "lat": 47.672342975558713, "lon": -122.2817219273291, "time_of_day": "Morning", "causation": [ "0", "0", "0", "0", "0", "0", "0", "0", "1", "0", "0", "0", "0", "0", "0", "0", "0", "0", "0", "0", "0", "0", "0", "0" ], "duration": 69.0, "sum": 1 }, "geometry": { "type": "Point", "coordinates": [ -122.281721927329102, 47.672342975558713 ] } },
{ "type": "Feature", "properties": { "lat": 47.672343769439891, "lon": -122.28728475405153, "time_of_day": "Morning", "causation": [ "0", "0", "0", "0", "0", "0", "0", "0", "1", "0", "0", "0", "0", "0", "0", "0", "0", "0", "0", "0", "0", "0", "0", "0" ], "duration": 69.0, "sum": 1 }, "geometry": { "type": "Point", "coordinates": [ -122.287284754051527, 47.672343769439891 ] } },
{ "type": "Feature", "properties": { "lat": 47.672346424157737, "lon": -122.28400717801078, "time_of_day": "Morning", "causation": [ "0", "0", "0", "0", "0", "0", "0", "0", "1", "0", "0", "0", "0", "0", "0", "0", "0", "0", "0", "0", "0", "0", "0", "0" ], "duration": 69.0, "sum": 1 }, "geometry": { "type": "Point", "coordinates": [ -122.284007178010782, 47.672346424157737 ] } },
{ "type": "Feature", "properties": { "lat": 47.6723518436416, "lon": -122.28132475495788, "time_of_day": "Morning", "causation": [ "0", "0", "0", "0", "0", "0", "0", "0", "1", "0", "0", "0", "0", "0", "0", "0", "0", "0", "0", "0", "0", "0", "0", "0" ], "duration": 69.0, "sum": 1 }, "geometry": { "type": "Point", "coordinates": [ -122.281324754957879, 47.6723518436416 ] } },
{ "type": "Feature", "properties": { "lat": 47.672352209705267, "lon": -122.28265984090363, "time_of_day": "Morning", "causation": [ "0", "0", "0", "0", "0", "0", "0", "0", "1", "0", "0", "0", "0", "0", "0", "0", "0", "0", "0", "0", "0", "0", "0", "0" ], "duration": 69.0, "sum": 1 }, "geometry": { "type": "Point", "coordinates": [ -122.282659840903634, 47.672352209705267 ] } },
{ "type": "Feature", "properties": { "lat": 47.672352867923962, "lon": -122.28664257860746, "time_of_day": "Morning", "causation": [ "0", "0", "0", "0", "0", "0", "0", "0", "1", "0", "0", "0", "0", "0", "0", "0", "0", "0", "0", "0", "0", "0", "0", "0" ], "duration": 69.0, "sum": 1 }, "geometry": { "type": "Point", "coordinates": [ -122.286642578607456, 47.672352867923962 ] } },
{ "type": "Feature", "properties": { "lat": 47.672354096995029, "lon": -122.28152735570841, "time_of_day": "Morning", "causation": [ "0", "0", "0", "0", "0", "0", "0", "0", "2", "0", "0", "0", "0", "0", "0", "0", "0", "0", "0", "0", "0", "0", "0", "0" ], "duration": 138.0, "sum": 2 }, "geometry": { "type": "Point", "coordinates": [ -122.281527355708405, 47.672354096995029 ] } },
{ "type": "Feature", "properties": { "lat": 47.672354736373549, "lon": -122.284622538715, "time_of_day": "Morning", "causation": [ "0", "0", "0", "0", "0", "0", "0", "0", "1", "0", "0", "0", "0", "0", "0", "0", "0", "0", "0", "0", "0", "0", "0", "0" ], "duration": 86.0, "sum": 1 }, "geometry": { "type": "Point", "coordinates": [ -122.284622538714999, 47.672354736373549 ] } },
{ "type": "Feature", "properties": { "lat": 47.672357105091272, "lon": -122.28439762112598, "time_of_day": "Morning", "causation": [ "0", "0", "0", "0", "0", "0", "0", "0", "2", "0", "0", "0", "0", "0", "0", "0", "0", "0", "0", "0", "0", "0", "0", "0" ], "duration": 138.0, "sum": 2 }, "geometry": { "type": "Point", "coordinates": [ -122.284397621125976, 47.672357105091272 ] } },
{ "type": "Feature", "properties": { "lat": 47.672357244807685, "lon": -122.28247502950887, "time_of_day": "Morning", "causation": [ "0", "0", "0", "0", "0", "0", "0", "0", "1", "0", "0", "0", "0", "0", "0", "0", "0", "0", "0", "0", "0", "0", "0", "0" ], "duration": 69.0, "sum": 1 }, "geometry": { "type": "Point", "coordinates": [ -122.282475029508873, 47.672357244807685 ] } },
{ "type": "Feature", "properties": { "lat": 47.672358719994591, "lon": -122.28113127068676, "time_of_day": "Morning", "causation": [ "0", "0", "0", "0", "0", "0", "0", "0", "1", "0", "0", "0", "0", "0", "0", "0", "0", "0", "0", "0", "0", "0", "0", "0" ], "duration": 69.0, "sum": 1 }, "geometry": { "type": "Point", "coordinates": [ -122.281131270686757, 47.672358719994591 ] } },
{ "type": "Feature", "properties": { "lat": 47.672359315467226, "lon": -122.28282762792207, "time_of_day": "Morning", "causation": [ "0", "0", "0", "0", "0", "0", "0", "0", "1", "0", "0", "0", "0", "0", "0", "0", "0", "0", "0", "0", "0", "0", "0", "0" ], "duration": 69.0, "sum": 1 }, "geometry": { "type": "Point", "coordinates": [ -122.282827627922074, 47.672359315467226 ] } },
{ "type": "Feature", "properties": { "lat": 47.672360642962808, "lon": -122.2819601342301, "time_of_day": "Morning", "causation": [ "0", "0", "0", "0", "0", "0", "0", "0", "1", "0", "0", "0", "0", "0", "0", "0", "0", "0", "0", "0", "0", "0", "0", "0" ], "duration": 69.0, "sum": 1 }, "geometry": { "type": "Point", "coordinates": [ -122.281960134230104, 47.672360642962808 ] } },
{ "type": "Feature", "properties": { "lat": 47.672360993480531, "lon": -122.28418276101556, "time_of_day": "Morning", "causation": [ "0", "0", "0", "0", "0", "0", "0", "0", "1", "0", "0", "0", "0", "0", "0", "0", "0", "0", "0", "0", "0", "0", "0", "0" ], "duration": 69.0, "sum": 1 }, "geometry": { "type": "Point", "coordinates": [ -122.284182761015558, 47.672360993480531 ] } },
{ "type": "Feature", "properties": { "lat": 47.672361258484933, "lon": -122.28328022730798, "time_of_day": "Morning", "causation": [ "0", "0", "0", "0", "0", "0", "0", "0", "1", "0", "0", "0", "0", "0", "0", "0", "0", "0", "0", "0", "0", "0", "0", "0" ], "duration": 69.0, "sum": 1 }, "geometry": { "type": "Point", "coordinates": [ -122.283280227307984, 47.672361258484933 ] } },
{ "type": "Feature", "properties": { "lat": 47.672393260352166, "lon": -122.28608790995456, "time_of_day": "Morning", "causation": [ "0", "0", "0", "0", "0", "0", "0", "0", "1", "0", "0", "0", "0", "0", "0", "0", "0", "0", "0", "0", "0", "0", "0", "0" ], "duration": 69.0, "sum": 1 }, "geometry": { "type": "Point", "coordinates": [ -122.28608790995456, 47.672393260352166 ] } },
{ "type": "Feature", "properties": { "lat": 47.672399901791941, "lon": -122.28380678602316, "time_of_day": "Morning", "causation": [ "0", "0", "0", "0", "0", "0", "0", "0", "1", "0", "0", "0", "0", "0", "0", "0", "0", "0", "0", "0", "0", "0", "0", "0" ], "duration": 69.0, "sum": 1 }, "geometry": { "type": "Point", "coordinates": [ -122.283806786023163, 47.672399901791941 ] } },
{ "type": "Feature", "properties": { "lat": 47.672406671253171, "lon": -122.27197421868939, "time_of_day": "Late Night", "causation": [ "0", "0", "0", "0", "0", "0", "0", "0", "1", "0", "0", "0", "0", "0", "0", "0", "0", "0", "0", "0", "0", "0", "0", "0" ], "duration": 235.0, "sum": 1 }, "geometry": { "type": "Point", "coordinates": [ -122.271974218689394, 47.672406671253171 ] } },
{ "type": "Feature", "properties": { "lat": 47.672444896779638, "lon": -122.28776502721966, "time_of_day": "Morning", "causation": [ "0", "0", "0", "0", "0", "0", "0", "0", "2", "0", "0", "0", "0", "0", "0", "0", "0", "0", "0", "0", "0", "0", "0", "0" ], "duration": 138.0, "sum": 2 }, "geometry": { "type": "Point", "coordinates": [ -122.287765027219663, 47.672444896779638 ] } },
{ "type": "Feature", "properties": { "lat": 47.672445283096657, "lon": -122.28522115739788, "time_of_day": "Morning", "causation": [ "0", "0", "0", "0", "0", "0", "0", "0", "1", "0", "0", "0", "0", "0", "0", "0", "0", "0", "0", "0", "0", "0", "0", "0" ], "duration": 86.0, "sum": 1 }, "geometry": { "type": "Point", "coordinates": [ -122.285221157397885, 47.672445283096657 ] } },
{ "type": "Feature", "properties": { "lat": 47.672499178799917, "lon": -122.27251675643316, "time_of_day": "Late Night", "causation": [ "0", "0", "0", "0", "0", "0", "0", "0", "1", "0", "0", "0", "0", "0", "0", "0", "0", "0", "0", "0", "0", "0", "0", "0" ], "duration": 235.0, "sum": 1 }, "geometry": { "type": "Point", "coordinates": [ -122.272516756433163, 47.672499178799917 ] } },
{ "type": "Feature", "properties": { "lat": 47.672509546476213, "lon": -122.27194203596753, "time_of_day": "Late Night", "causation": [ "0", "0", "0", "0", "0", "0", "0", "0", "1", "0", "0", "0", "0", "0", "0", "0", "0", "0", "0", "0", "0", "0", "0", "0" ], "duration": 235.0, "sum": 1 }, "geometry": { "type": "Point", "coordinates": [ -122.271942035967527, 47.672509546476213 ] } },
{ "type": "Feature", "properties": { "lat": 47.672510110407593, "lon": -122.27143045928474, "time_of_day": "Late Night", "causation": [ "0", "0", "0", "0", "0", "0", "0", "0", "1", "0", "0", "0", "0", "0", "0", "0", "0", "0", "0", "0", "0", "0", "0", "0" ], "duration": 235.0, "sum": 1 }, "geometry": { "type": "Point", "coordinates": [ -122.271430459284744, 47.672510110407593 ] } },
{ "type": "Feature", "properties": { "lat": 47.672513434442578, "lon": -122.28724647657933, "time_of_day": "Morning", "causation": [ "0", "0", "0", "0", "0", "0", "0", "0", "1", "0", "0", "0", "0", "0", "0", "0", "0", "0", "0", "0", "0", "0", "0", "0" ], "duration": 69.0, "sum": 1 }, "geometry": { "type": "Point", "coordinates": [ -122.287246476579327, 47.672513434442578 ] } },
{ "type": "Feature", "properties": { "lat": 47.672533284448001, "lon": -122.28666472683504, "time_of_day": "Morning", "causation": [ "0", "0", "0", "0", "0", "0", "0", "0", "1", "0", "0", "0", "0", "0", "0", "0", "0", "0", "0", "0", "0", "0", "0", "0" ], "duration": 69.0, "sum": 1 }, "geometry": { "type": "Point", "coordinates": [ -122.286664726835042, 47.672533284448001 ] } },
{ "type": "Feature", "properties": { "lat": 47.672548497680097, "lon": -122.28831457609397, "time_of_day": "Morning", "causation": [ "0", "0", "0", "0", "0", "0", "0", "0", "1", "0", "0", "0", "0", "0", "0", "0", "0", "0", "0", "0", "0", "0", "0", "0" ], "duration": 69.0, "sum": 1 }, "geometry": { "type": "Point", "coordinates": [ -122.288314576093967, 47.672548497680097 ] } },
{ "type": "Feature", "properties": { "lat": 47.672564126714519, "lon": -122.28051811910144, "time_of_day": "Morning", "causation": [ "0", "0", "0", "0", "0", "0", "0", "0", "2", "0", "0", "0", "0", "0", "0", "0", "0", "0", "0", "0", "0", "0", "0", "0" ], "duration": 138.0, "sum": 2 }, "geometry": { "type": "Point", "coordinates": [ -122.280518119101444, 47.672564126714519 ] } },
{ "type": "Feature", "properties": { "lat": 47.672568763429723, "lon": -122.2832534500385, "time_of_day": "Morning", "causation": [ "0", "0", "0", "0", "0", "0", "0", "0", "1", "0", "0", "0", "0", "0", "0", "0", "0", "0", "0", "0", "0", "0", "0", "0" ], "duration": 69.0, "sum": 1 }, "geometry": { "type": "Point", "coordinates": [ -122.283253450038501, 47.672568763429723 ] } },
{ "type": "Feature", "properties": { "lat": 47.672578533783891, "lon": -122.2860789897079, "time_of_day": "Morning", "causation": [ "0", "0", "0", "0", "0", "0", "0", "0", "1", "0", "0", "0", "0", "0", "0", "0", "0", "0", "0", "0", "0", "0", "0", "0" ], "duration": 69.0, "sum": 1 }, "geometry": { "type": "Point", "coordinates": [ -122.286078989707903, 47.672578533783891 ] } },
{ "type": "Feature", "properties": { "lat": 47.672581358143198, "lon": -122.28115383303542, "time_of_day": "Morning", "causation": [ "0", "0", "0", "0", "0", "0", "0", "0", "1", "0", "0", "0", "0", "0", "0", "0", "0", "0", "0", "0", "0", "0", "0", "0" ], "duration": 69.0, "sum": 1 }, "geometry": { "type": "Point", "coordinates": [ -122.281153833035418, 47.672581358143198 ] } },
{ "type": "Feature", "properties": { "lat": 47.672583410923203, "lon": -122.28519913596286, "time_of_day": "Morning", "causation": [ "0", "0", "0", "0", "0", "0", "0", "0", "1", "0", "0", "0", "0", "0", "0", "0", "0", "0", "0", "0", "0", "0", "0", "0" ], "duration": 86.0, "sum": 1 }, "geometry": { "type": "Point", "coordinates": [ -122.285199135962856, 47.672583410923203 ] } },
{ "type": "Feature", "properties": { "lat": 47.672584058464125, "lon": -122.28558418165989, "time_of_day": "Morning", "causation": [ "0", "0", "0", "0", "0", "0", "0", "0", "1", "0", "0", "0", "0", "0", "0", "0", "0", "0", "0", "0", "0", "0", "0", "0" ], "duration": 69.0, "sum": 1 }, "geometry": { "type": "Point", "coordinates": [ -122.285584181659885, 47.672584058464125 ] } },
{ "type": "Feature", "properties": { "lat": 47.672585057372324, "lon": -122.28249280945172, "time_of_day": "Morning", "causation": [ "0", "0", "0", "0", "0", "0", "0", "0", "1", "0", "0", "0", "0", "0", "0", "0", "0", "0", "0", "0", "0", "0", "0", "0" ], "duration": 69.0, "sum": 1 }, "geometry": { "type": "Point", "coordinates": [ -122.282492809451725, 47.672585057372324 ] } },
{ "type": "Feature", "properties": { "lat": 47.672586924242296, "lon": -122.28383795065132, "time_of_day": "Morning", "causation": [ "0", "0", "0", "0", "0", "0", "0", "0", "1", "0", "0", "0", "0", "0", "0", "0", "0", "0", "0", "0", "0", "0", "0", "0" ], "duration": 69.0, "sum": 1 }, "geometry": { "type": "Point", "coordinates": [ -122.283837950651318, 47.672586924242296 ] } },
{ "type": "Feature", "properties": { "lat": 47.672594110070776, "lon": -122.28885476554584, "time_of_day": "Morning", "causation": [ "0", "0", "0", "0", "0", "0", "0", "0", "1", "0", "0", "0", "0", "0", "0", "0", "0", "0", "0", "0", "0", "0", "0", "0" ], "duration": 86.0, "sum": 1 }, "geometry": { "type": "Point", "coordinates": [ -122.288854765545835, 47.672594110070776 ] } },
{ "type": "Feature", "properties": { "lat": 47.672596259602528, "lon": -122.28191946780524, "time_of_day": "Morning", "causation": [ "0", "0", "0", "0", "0", "0", "0", "0", "1", "0", "0", "0", "0", "0", "0", "0", "0", "0", "0", "0", "0", "0", "0", "0" ], "duration": 69.0, "sum": 1 }, "geometry": { "type": "Point", "coordinates": [ -122.281919467805238, 47.672596259602528 ] } },
{ "type": "Feature", "properties": { "lat": 47.672671916071131, "lon": -122.2719334502945, "time_of_day": "Late Night", "causation": [ "0", "0", "0", "0", "0", "0", "0", "0", "1", "0", "0", "0", "0", "0", "0", "0", "0", "0", "0", "0", "0", "0", "0", "0" ], "duration": 235.0, "sum": 1 }, "geometry": { "type": "Point", "coordinates": [ -122.271933450294497, 47.672671916071131 ] } },
{ "type": "Feature", "properties": { "lat": 47.672674971057667, "lon": -122.27142567173776, "time_of_day": "Late Night", "causation": [ "0", "0", "0", "0", "0", "0", "0", "0", "1", "0", "0", "0", "0", "0", "0", "0", "0", "0", "0", "0", "0", "0", "0", "0" ], "duration": 235.0, "sum": 1 }, "geometry": { "type": "Point", "coordinates": [ -122.271425671737759, 47.672674971057667 ] } },
{ "type": "Feature", "properties": { "lat": 47.672675326965042, "lon": -122.28715014779564, "time_of_day": "Morning", "causation": [ "0", "0", "0", "0", "0", "0", "0", "0", "1", "0", "0", "0", "0", "0", "0", "0", "0", "0", "0", "0", "0", "0", "0", "0" ], "duration": 69.0, "sum": 1 }, "geometry": { "type": "Point", "coordinates": [ -122.287150147795643, 47.672675326965042 ] } },
{ "type": "Feature", "properties": { "lat": 47.672688022220747, "lon": -122.28834605117048, "time_of_day": "Morning", "causation": [ "0", "0", "0", "0", "0", "0", "0", "0", "1", "0", "0", "0", "0", "0", "0", "0", "0", "0", "0", "0", "0", "0", "0", "0" ], "duration": 86.0, "sum": 1 }, "geometry": { "type": "Point", "coordinates": [ -122.288346051170478, 47.672688022220747 ] } },
{ "type": "Feature", "properties": { "lat": 47.672692082820127, "lon": -122.27250184473009, "time_of_day": "Late Night", "causation": [ "0", "0", "0", "0", "0", "0", "0", "0", "1", "0", "0", "0", "0", "0", "0", "0", "0", "0", "0", "0", "0", "0", "0", "0" ], "duration": 235.0, "sum": 1 }, "geometry": { "type": "Point", "coordinates": [ -122.272501844730087, 47.672692082820127 ] } },
{ "type": "Feature", "properties": { "lat": 47.672696813326219, "lon": -122.28773960804132, "time_of_day": "Morning", "causation": [ "0", "0", "0", "0", "0", "0", "0", "0", "1", "0", "0", "0", "0", "0", "0", "0", "0", "0", "0", "0", "0", "0", "0", "0" ], "duration": 69.0, "sum": 1 }, "geometry": { "type": "Point", "coordinates": [ -122.287739608041321, 47.672696813326219 ] } },
{ "type": "Feature", "properties": { "lat": 47.672711149852077, "lon": -122.28458416943302, "time_of_day": "Morning", "causation": [ "0", "0", "0", "0", "0", "0", "0", "0", "1", "0", "0", "0", "0", "0", "0", "0", "0", "0", "0", "0", "0", "0", "0", "0" ], "duration": 69.0, "sum": 1 }, "geometry": { "type": "Point", "coordinates": [ -122.284584169433018, 47.672711149852077 ] } },
{ "type": "Feature", "properties": { "lat": 47.672713162588352, "lon": -122.28558211788004, "time_of_day": "Morning", "causation": [ "0", "0", "0", "0", "0", "0", "0", "0", "1", "0", "0", "0", "0", "0", "0", "0", "0", "0", "0", "0", "0", "0", "0", "0" ], "duration": 69.0, "sum": 1 }, "geometry": { "type": "Point", "coordinates": [ -122.28558211788004, 47.672713162588352 ] } },
{ "type": "Feature", "properties": { "lat": 47.672716331344262, "lon": -122.28191422429128, "time_of_day": "Morning", "causation": [ "0", "0", "0", "0", "0", "0", "0", "0", "1", "0", "0", "0", "0", "0", "0", "0", "0", "0", "0", "0", "0", "0", "0", "0" ], "duration": 69.0, "sum": 1 }, "geometry": { "type": "Point", "coordinates": [ -122.281914224291285, 47.672716331344262 ] } },
{ "type": "Feature", "properties": { "lat": 47.672717151255512, "lon": -122.28051292523224, "time_of_day": "Morning", "causation": [ "0", "0", "0", "0", "0", "0", "0", "0", "1", "0", "0", "0", "0", "0", "0", "0", "0", "0", "0", "0", "0", "0", "0", "0" ], "duration": 69.0, "sum": 1 }, "geometry": { "type": "Point", "coordinates": [ -122.280512925232244, 47.672717151255512 ] } },
{ "type": "Feature", "properties": { "lat": 47.672718621531502, "lon": -122.28384442331767, "time_of_day": "Morning", "causation": [ "0", "0", "0", "0", "0", "0", "0", "0", "1", "0", "0", "0", "0", "0", "0", "0", "0", "0", "0", "0", "0", "0", "0", "0" ], "duration": 69.0, "sum": 1 }, "geometry": { "type": "Point", "coordinates": [ -122.283844423317674, 47.672718621531502 ] } },
{ "type": "Feature", "properties": { "lat": 47.672719982741341, "lon": -122.282554405244, "time_of_day": "Morning", "causation": [ "0", "0", "0", "0", "0", "0", "0", "0", "1", "0", "0", "0", "0", "0", "0", "0", "0", "0", "0", "0", "0", "0", "0", "0" ], "duration": 69.0, "sum": 1 }, "geometry": { "type": "Point", "coordinates": [ -122.282554405243999, 47.672719982741341 ] } },
{ "type": "Feature", "properties": { "lat": 47.672720217361842, "lon": -122.28888558215988, "time_of_day": "Morning", "causation": [ "0", "0", "0", "0", "0", "0", "0", "0", "1", "0", "0", "0", "0", "0", "0", "0", "0", "0", "0", "0", "0", "0", "0", "0" ], "duration": 86.0, "sum": 1 }, "geometry": { "type": "Point", "coordinates": [ -122.288885582159878, 47.672720217361842 ] } },
{ "type": "Feature", "properties": { "lat": 47.672721705083219, "lon": -122.28610978127082, "time_of_day": "Morning", "causation": [ "0", "0", "0", "0", "0", "0", "0", "0", "1", "0", "0", "0", "0", "0", "0", "0", "0", "0", "0", "0", "0", "0", "0", "0" ], "duration": 69.0, "sum": 1 }, "geometry": { "type": "Point", "coordinates": [ -122.286109781270824, 47.672721705083219 ] } },
{ "type": "Feature", "properties": { "lat": 47.672723026809443, "lon": -122.28116944292526, "time_of_day": "Morning", "causation": [ "0", "0", "0", "0", "0", "0", "0", "0", "1", "0", "0", "0", "0", "0", "0", "0", "0", "0", "0", "0", "0", "0", "0", "0" ], "duration": 69.0, "sum": 1 }, "geometry": { "type": "Point", "coordinates": [ -122.281169442925261, 47.672723026809443 ] } },
{ "type": "Feature", "properties": { "lat": 47.672728198660742, "lon": -122.28317476465038, "time_of_day": "Morning", "causation": [ "0", "0", "0", "0", "0", "0", "0", "0", "1", "0", "0", "0", "0", "0", "0", "0", "0", "0", "0", "0", "0", "0", "0", "0" ], "duration": 69.0, "sum": 1 }, "geometry": { "type": "Point", "coordinates": [ -122.283174764650383, 47.672728198660742 ] } },
{ "type": "Feature", "properties": { "lat": 47.672741728493293, "lon": -122.28668112295284, "time_of_day": "Morning", "causation": [ "0", "0", "0", "0", "0", "0", "0", "0", "1", "0", "0", "0", "0", "0", "0", "0", "0", "0", "0", "0", "0", "0", "0", "0" ], "duration": 69.0, "sum": 1 }, "geometry": { "type": "Point", "coordinates": [ -122.286681122952842, 47.672741728493293 ] } },
{ "type": "Feature", "properties": { "lat": 47.672749839252248, "lon": -122.28513143018276, "time_of_day": "Morning", "causation": [ "0", "0", "0", "0", "0", "0", "0", "0", "1", "0", "0", "0", "0", "0", "0", "0", "0", "0", "0", "0", "0", "0", "0", "0" ], "duration": 86.0, "sum": 1 }, "geometry": { "type": "Point", "coordinates": [ -122.285131430182759, 47.672749839252248 ] } },
{ "type": "Feature", "properties": { "lat": 47.672792181421002, "lon": -122.28715233670424, "time_of_day": "Morning", "causation": [ "0", "0", "0", "0", "0", "0", "0", "0", "1", "0", "0", "0", "0", "0", "0", "0", "0", "0", "0", "0", "0", "0", "0", "0" ], "duration": 69.0, "sum": 1 }, "geometry": { "type": "Point", "coordinates": [ -122.287152336704239, 47.672792181421002 ] } },
{ "type": "Feature", "properties": { "lat": 47.672824395716468, "lon": -122.28833048425103, "time_of_day": "Morning", "causation": [ "0", "0", "0", "0", "0", "0", "0", "0", "1", "0", "0", "0", "0", "0", "0", "0", "0", "0", "0", "0", "0", "0", "0", "0" ], "duration": 69.0, "sum": 1 }, "geometry": { "type": "Point", "coordinates": [ -122.288330484251034, 47.672824395716468 ] } },
{ "type": "Feature", "properties": { "lat": 47.672826049509723, "lon": -122.27143532859418, "time_of_day": "Late Night", "causation": [ "0", "0", "0", "0", "0", "0", "0", "0", "1", "0", "0", "0", "0", "0", "0", "0", "0", "0", "0", "0", "0", "0", "0", "0" ], "duration": 235.0, "sum": 1 }, "geometry": { "type": "Point", "coordinates": [ -122.27143532859418, 47.672826049509723 ] } },
{ "type": "Feature", "properties": { "lat": 47.672833949561998, "lon": -122.2851305238988, "time_of_day": "Morning", "causation": [ "0", "0", "0", "0", "0", "0", "0", "0", "1", "0", "0", "0", "0", "0", "0", "0", "0", "0", "0", "0", "0", "0", "0", "0" ], "duration": 86.0, "sum": 1 }, "geometry": { "type": "Point", "coordinates": [ -122.2851305238988, 47.672833949561998 ] } },
{ "type": "Feature", "properties": { "lat": 47.67284508604984, "lon": -122.28777698563572, "time_of_day": "Morning", "causation": [ "0", "0", "0", "0", "0", "0", "0", "0", "1", "0", "0", "0", "0", "0", "0", "0", "0", "0", "0", "0", "0", "0", "0", "0" ], "duration": 69.0, "sum": 1 }, "geometry": { "type": "Point", "coordinates": [ -122.287776985635716, 47.67284508604984 ] } },
{ "type": "Feature", "properties": { "lat": 47.672847638988799, "lon": -122.28457820101448, "time_of_day": "Morning", "causation": [ "0", "0", "0", "0", "0", "0", "0", "0", "1", "0", "0", "0", "0", "0", "0", "0", "0", "0", "0", "0", "0", "0", "0", "0" ], "duration": 69.0, "sum": 1 }, "geometry": { "type": "Point", "coordinates": [ -122.284578201014483, 47.672847638988799 ] } },
{ "type": "Feature", "properties": { "lat": 47.672848179653521, "lon": -122.28250379989127, "time_of_day": "Morning", "causation": [ "0", "0", "0", "0", "0", "0", "0", "0", "1", "0", "0", "0", "0", "0", "0", "0", "0", "0", "0", "0", "0", "0", "0", "0" ], "duration": 69.0, "sum": 1 }, "geometry": { "type": "Point", "coordinates": [ -122.282503799891273, 47.672848179653521 ] } },
{ "type": "Feature", "properties": { "lat": 47.672848212210262, "lon": -122.272465462133, "time_of_day": "Late Night", "causation": [ "0", "0", "0", "0", "0", "0", "0", "0", "1", "0", "0", "0", "0", "0", "0", "0", "0", "0", "0", "0", "0", "0", "0", "0" ], "duration": 235.0, "sum": 1 }, "geometry": { "type": "Point", "coordinates": [ -122.272465462132999, 47.672848212210262 ] } },
{ "type": "Feature", "properties": { "lat": 47.672848234976961, "lon": -122.28609161932482, "time_of_day": "Morning", "causation": [ "0", "0", "0", "0", "0", "0", "0", "0", "1", "0", "0", "0", "0", "0", "0", "0", "0", "0", "0", "0", "0", "0", "0", "0" ], "duration": 69.0, "sum": 1 }, "geometry": { "type": "Point", "coordinates": [ -122.286091619324822, 47.672848234976961 ] } },
{ "type": "Feature", "properties": { "lat": 47.672850692839688, "lon": -122.28190259942689, "time_of_day": "Morning", "causation": [ "0", "0", "0", "0", "0", "0", "0", "0", "1", "0", "0", "0", "0", "0", "0", "0", "0", "0", "0", "0", "0", "0", "0", "0" ], "duration": 69.0, "sum": 1 }, "geometry": { "type": "Point", "coordinates": [ -122.281902599426886, 47.672850692839688 ] } },
{ "type": "Feature", "properties": { "lat": 47.672850996884577, "lon": -122.281145308935, "time_of_day": "Morning", "causation": [ "0", "0", "0", "0", "0", "0", "0", "0", "1", "0", "0", "0", "0", "0", "0", "0", "0", "0", "0", "0", "0", "0", "0", "0" ], "duration": 69.0, "sum": 1 }, "geometry": { "type": "Point", "coordinates": [ -122.281145308934995, 47.672850996884577 ] } },
{ "type": "Feature", "properties": { "lat": 47.672854807926257, "lon": -122.28668149613024, "time_of_day": "Morning", "causation": [ "0", "0", "0", "0", "0", "0", "0", "0", "1", "0", "0", "0", "0", "0", "0", "0", "0", "0", "0", "0", "0", "0", "0", "0" ], "duration": 69.0, "sum": 1 }, "geometry": { "type": "Point", "coordinates": [ -122.286681496130242, 47.672854807926257 ] } },
{ "type": "Feature", "properties": { "lat": 47.672857194471803, "lon": -122.28324219713484, "time_of_day": "Morning", "causation": [ "0", "0", "0", "0", "0", "0", "0", "0", "1", "0", "0", "0", "0", "0", "0", "0", "0", "0", "0", "0", "0", "0", "0", "0" ], "duration": 69.0, "sum": 1 }, "geometry": { "type": "Point", "coordinates": [ -122.28324219713484, 47.672857194471803 ] } },
{ "type": "Feature", "properties": { "lat": 47.672859418299602, "lon": -122.28559771380584, "time_of_day": "Morning", "causation": [ "0", "0", "0", "0", "0", "0", "0", "0", "1", "0", "0", "0", "0", "0", "0", "0", "0", "0", "0", "0", "0", "0", "0", "0" ], "duration": 69.0, "sum": 1 }, "geometry": { "type": "Point", "coordinates": [ -122.285597713805842, 47.672859418299602 ] } },
{ "type": "Feature", "properties": { "lat": 47.672864484076825, "lon": -122.28051107226192, "time_of_day": "Morning", "causation": [ "0", "0", "0", "0", "0", "0", "0", "0", "1", "0", "0", "0", "0", "0", "0", "0", "0", "0", "0", "0", "0", "0", "0", "0" ], "duration": 69.0, "sum": 1 }, "geometry": { "type": "Point", "coordinates": [ -122.280511072261916, 47.672864484076825 ] } },
{ "type": "Feature", "properties": { "lat": 47.672869699493759, "lon": -122.27197626149736, "time_of_day": "Late Night", "causation": [ "0", "0", "0", "0", "0", "0", "0", "0", "1", "0", "0", "0", "0", "0", "0", "0", "0", "0", "0", "0", "0", "0", "0", "0" ], "duration": 235.0, "sum": 1 }, "geometry": { "type": "Point", "coordinates": [ -122.271976261497358, 47.672869699493759 ] } },
{ "type": "Feature", "properties": { "lat": 47.672872582860869, "lon": -122.28382808508442, "time_of_day": "Morning", "causation": [ "0", "0", "0", "0", "0", "0", "0", "0", "1", "0", "0", "0", "0", "0", "0", "0", "0", "0", "0", "0", "0", "0", "0", "0" ], "duration": 69.0, "sum": 1 }, "geometry": { "type": "Point", "coordinates": [ -122.283828085084423, 47.672872582860869 ] } },
{ "type": "Feature", "properties": { "lat": 47.672944150800397, "lon": -122.28715357144161, "time_of_day": "Morning", "causation": [ "0", "0", "0", "0", "0", "0", "0", "0", "1", "0", "0", "0", "0", "0", "0", "0", "0", "0", "0", "0", "0", "0", "0", "0" ], "duration": 69.0, "sum": 1 }, "geometry": { "type": "Point", "coordinates": [ -122.287153571441607, 47.672944150800397 ] } },
{ "type": "Feature", "properties": { "lat": 47.672967805341038, "lon": -122.28776602845296, "time_of_day": "Morning", "causation": [ "0", "0", "0", "0", "0", "0", "0", "0", "1", "0", "0", "0", "0", "0", "0", "0", "0", "0", "0", "0", "0", "0", "0", "0" ], "duration": 69.0, "sum": 1 }, "geometry": { "type": "Point", "coordinates": [ -122.287766028452964, 47.672967805341038 ] } },
{ "type": "Feature", "properties": { "lat": 47.67297225342115, "lon": -122.28833829765124, "time_of_day": "Morning", "causation": [ "0", "0", "0", "0", "0", "0", "0", "0", "2", "0", "0", "0", "0", "0", "0", "0", "0", "0", "0", "0", "0", "0", "0", "0" ], "duration": 138.0, "sum": 2 }, "geometry": { "type": "Point", "coordinates": [ -122.288338297651237, 47.67297225342115 ] } },
{ "type": "Feature", "properties": { "lat": 47.672980999569432, "lon": -122.2855775367244, "time_of_day": "Morning", "causation": [ "0", "0", "0", "0", "0", "0", "0", "0", "1", "0", "0", "0", "0", "0", "0", "0", "0", "0", "0", "0", "0", "0", "0", "0" ], "duration": 69.0, "sum": 1 }, "geometry": { "type": "Point", "coordinates": [ -122.285577536724404, 47.672980999569432 ] } },
{ "type": "Feature", "properties": { "lat": 47.672987333427713, "lon": -122.28605757401814, "time_of_day": "Morning", "causation": [ "0", "0", "0", "0", "0", "0", "0", "0", "1", "0", "0", "0", "0", "0", "0", "0", "0", "0", "0", "0", "0", "0", "0", "0" ], "duration": 69.0, "sum": 1 }, "geometry": { "type": "Point", "coordinates": [ -122.286057574018145, 47.672987333427713 ] } },
{ "type": "Feature", "properties": { "lat": 47.672990339493744, "lon": -122.28460168023211, "time_of_day": "Morning", "causation": [ "0", "0", "0", "0", "0", "0", "0", "0", "1", "0", "0", "0", "0", "0", "0", "0", "0", "0", "0", "0", "0", "0", "0", "0" ], "duration": 86.0, "sum": 1 }, "geometry": { "type": "Point", "coordinates": [ -122.284601680232115, 47.672990339493744 ] } },
{ "type": "Feature", "properties": { "lat": 47.672991201385983, "lon": -122.27198601063532, "time_of_day": "Late Night", "causation": [ "0", "0", "0", "0", "0", "0", "0", "0", "1", "0", "0", "0", "0", "0", "0", "0", "0", "0", "0", "0", "0", "0", "0", "0" ], "duration": 235.0, "sum": 1 }, "geometry": { "type": "Point", "coordinates": [ -122.271986010635317, 47.672991201385983 ] } },
{ "type": "Feature", "properties": { "lat": 47.672991408690763, "lon": -122.28511535483244, "time_of_day": "Morning", "causation": [ "0", "0", "0", "0", "0", "0", "0", "0", "1", "0", "0", "0", "0", "0", "0", "0", "0", "0", "0", "0", "0", "0", "0", "0" ], "duration": 86.0, "sum": 1 }, "geometry": { "type": "Point", "coordinates": [ -122.285115354832442, 47.672991408690763 ] } },
{ "type": "Feature", "properties": { "lat": 47.672994704582976, "lon": -122.28050509314984, "time_of_day": "Morning", "causation": [ "0", "0", "0", "0", "0", "0", "0", "0", "1", "0", "0", "0", "0", "0", "0", "0", "0", "0", "0", "0", "0", "0", "0", "0" ], "duration": 69.0, "sum": 1 }, "geometry": { "type": "Point", "coordinates": [ -122.280505093149841, 47.672994704582976 ] } },
{ "type": "Feature", "properties": { "lat": 47.672995644733405, "lon": -122.28191207949423, "time_of_day": "Morning", "causation": [ "0", "0", "0", "0", "0", "0", "0", "0", "1", "0", "0", "0", "0", "0", "0", "0", "0", "0", "0", "0", "0", "0", "0", "0" ], "duration": 69.0, "sum": 1 }, "geometry": { "type": "Point", "coordinates": [ -122.281912079494234, 47.672995644733405 ] } },
{ "type": "Feature", "properties": { "lat": 47.672996113116461, "lon": -122.28384731262361, "time_of_day": "Morning", "causation": [ "0", "0", "0", "0", "0", "0", "0", "0", "1", "0", "0", "0", "0", "0", "0", "0", "0", "0", "0", "0", "0", "0", "0", "0" ], "duration": 69.0, "sum": 1 }, "geometry": { "type": "Point", "coordinates": [ -122.283847312623607, 47.672996113116461 ] } },
{ "type": "Feature", "properties": { "lat": 47.672997500205128, "lon": -122.28325519689903, "time_of_day": "Morning", "causation": [ "0", "0", "0", "0", "0", "0", "0", "0", "1", "0", "0", "0", "0", "0", "0", "0", "0", "0", "0", "0", "0", "0", "0", "0" ], "duration": 69.0, "sum": 1 }, "geometry": { "type": "Point", "coordinates": [ -122.283255196899034, 47.672997500205128 ] } },
{ "type": "Feature", "properties": { "lat": 47.673000439089201, "lon": -122.28248868899024, "time_of_day": "Morning", "causation": [ "0", "0", "0", "0", "0", "0", "0", "0", "1", "0", "0", "0", "0", "0", "0", "0", "0", "0", "0", "0", "0", "0", "0", "0" ], "duration": 69.0, "sum": 1 }, "geometry": { "type": "Point", "coordinates": [ -122.282488688990242, 47.673000439089201 ] } },
{ "type": "Feature", "properties": { "lat": 47.673000570221205, "lon": -122.2714096778556, "time_of_day": "Late Night", "causation": [ "0", "0", "0", "0", "0", "0", "0", "0", "1", "0", "0", "0", "0", "0", "0", "0", "0", "0", "0", "0", "0", "0", "0", "0" ], "duration": 235.0, "sum": 1 }, "geometry": { "type": "Point", "coordinates": [ -122.271409677855601, 47.673000570221205 ] } },
{ "type": "Feature", "properties": { "lat": 47.673029514693631, "lon": -122.28117877678068, "time_of_day": "Morning", "causation": [ "0", "0", "0", "0", "0", "0", "0", "0", "1", "0", "0", "0", "0", "0", "0", "0", "0", "0", "0", "0", "0", "0", "0", "0" ], "duration": 69.0, "sum": 1 }, "geometry": { "type": "Point", "coordinates": [ -122.281178776780678, 47.673029514693631 ] } },
{ "type": "Feature", "properties": { "lat": 47.673044695197227, "lon": -122.28668232429509, "time_of_day": "Morning", "causation": [ "0", "0", "0", "0", "0", "0", "0", "0", "1", "0", "0", "0", "0", "0", "0", "0", "0", "0", "0", "0", "0", "0", "0", "0" ], "duration": 69.0, "sum": 1 }, "geometry": { "type": "Point", "coordinates": [ -122.286682324295086, 47.673044695197227 ] } },
{ "type": "Feature", "properties": { "lat": 47.673064129921343, "lon": -122.28716184796946, "time_of_day": "Morning", "causation": [ "0", "0", "0", "0", "0", "0", "0", "0", "1", "0", "0", "0", "0", "0", "0", "0", "0", "0", "0", "0", "0", "0", "0", "0" ], "duration": 69.0, "sum": 1 }, "geometry": { "type": "Point", "coordinates": [ -122.287161847969458, 47.673064129921343 ] } },
{ "type": "Feature", "properties": { "lat": 47.673079520655229, "lon": -122.27247701484438, "time_of_day": "Late Night", "causation": [ "0", "0", "0", "0", "0", "0", "0", "0", "1", "0", "0", "0", "0", "0", "0", "0", "0", "0", "0", "0", "0", "0", "0", "0" ], "duration": 235.0, "sum": 1 }, "geometry": { "type": "Point", "coordinates": [ -122.272477014844384, 47.673079520655229 ] } },
{ "type": "Feature", "properties": { "lat": 47.673109477533593, "lon": -122.28830658069404, "time_of_day": "Morning", "causation": [ "0", "0", "0", "0", "0", "0", "0", "0", "1", "0", "0", "0", "0", "0", "0", "0", "0", "0", "0", "0", "0", "0", "0", "0" ], "duration": 69.0, "sum": 1 }, "geometry": { "type": "Point", "coordinates": [ -122.288306580694041, 47.673109477533593 ] } },
{ "type": "Feature", "properties": { "lat": 47.67311156770581, "lon": -122.28615638806316, "time_of_day": "Morning", "causation": [ "0", "0", "0", "0", "0", "0", "0", "0", "1", "0", "0", "0", "0", "0", "0", "0", "0", "0", "0", "0", "0", "0", "0", "0" ], "duration": 69.0, "sum": 1 }, "geometry": { "type": "Point", "coordinates": [ -122.286156388063162, 47.67311156770581 ] } },
{ "type": "Feature", "properties": { "lat": 47.673128527160273, "lon": -122.2825675877303, "time_of_day": "Morning", "causation": [ "0", "0", "0", "0", "0", "0", "0", "0", "1", "0", "0", "0", "0", "0", "0", "0", "0", "0", "0", "0", "0", "0", "0", "0" ], "duration": 69.0, "sum": 1 }, "geometry": { "type": "Point", "coordinates": [ -122.282567587730298, 47.673128527160273 ] } },
{ "type": "Feature", "properties": { "lat": 47.673136746879948, "lon": -122.28558031361268, "time_of_day": "Morning", "causation": [ "0", "0", "0", "0", "0", "0", "0", "0", "1", "0", "0", "0", "0", "0", "0", "0", "0", "0", "0", "0", "0", "0", "0", "0" ], "duration": 69.0, "sum": 1 }, "geometry": { "type": "Point", "coordinates": [ -122.285580313612684, 47.673136746879948 ] } },
{ "type": "Feature", "properties": { "lat": 47.673138123724129, "lon": -122.2838655052465, "time_of_day": "Morning", "causation": [ "0", "0", "0", "0", "0", "0", "0", "0", "1", "0", "0", "0", "0", "0", "0", "0", "0", "0", "0", "0", "0", "0", "0", "0" ], "duration": 69.0, "sum": 1 }, "geometry": { "type": "Point", "coordinates": [ -122.283865505246496, 47.673138123724129 ] } },
{ "type": "Feature", "properties": { "lat": 47.673145962365936, "lon": -122.2818031667598, "time_of_day": "Morning", "causation": [ "0", "0", "0", "0", "0", "0", "0", "0", "1", "0", "0", "0", "0", "0", "0", "0", "0", "0", "0", "0", "0", "0", "0", "0" ], "duration": 69.0, "sum": 1 }, "geometry": { "type": "Point", "coordinates": [ -122.281803166759801, 47.673145962365936 ] } },
{ "type": "Feature", "properties": { "lat": 47.67314820073917, "lon": -122.28322618493848, "time_of_day": "Morning", "causation": [ "0", "0", "0", "0", "0", "0", "0", "0", "2", "0", "0", "0", "0", "0", "0", "0", "0", "0", "0", "0", "0", "0", "0", "0" ], "duration": 138.0, "sum": 2 }, "geometry": { "type": "Point", "coordinates": [ -122.283226184938485, 47.67314820073917 ] } },
{ "type": "Feature", "properties": { "lat": 47.673154412128802, "lon": -122.28774851646418, "time_of_day": "Morning", "causation": [ "0", "0", "0", "0", "0", "0", "0", "0", "1", "0", "0", "0", "0", "0", "0", "0", "0", "0", "0", "0", "0", "0", "0", "0" ], "duration": 69.0, "sum": 1 }, "geometry": { "type": "Point", "coordinates": [ -122.287748516464177, 47.673154412128802 ] } },
{ "type": "Feature", "properties": { "lat": 47.673158026746094, "lon": -122.27140560686722, "time_of_day": "Late Night", "causation": [ "0", "0", "0", "0", "0", "0", "0", "0", "1", "0", "0", "0", "0", "0", "0", "0", "0", "0", "0", "0", "0", "0", "0", "0" ], "duration": 235.0, "sum": 1 }, "geometry": { "type": "Point", "coordinates": [ -122.271405606867219, 47.673158026746094 ] } },
{ "type": "Feature", "properties": { "lat": 47.673164806807087, "lon": -122.2846047780142, "time_of_day": "Morning", "causation": [ "0", "0", "0", "0", "0", "0", "0", "0", "1", "0", "0", "0", "0", "0", "0", "0", "0", "0", "0", "0", "0", "0", "0", "0" ], "duration": 69.0, "sum": 1 }, "geometry": { "type": "Point", "coordinates": [ -122.284604778014199, 47.673164806807087 ] } },
{ "type": "Feature", "properties": { "lat": 47.673195525287937, "lon": -122.28667057542457, "time_of_day": "Morning", "causation": [ "0", "0", "0", "0", "0", "0", "0", "0", "1", "0", "0", "0", "0", "0", "0", "0", "0", "0", "0", "0", "0", "0", "0", "0" ], "duration": 69.0, "sum": 1 }, "geometry": { "type": "Point", "coordinates": [ -122.286670575424566, 47.673195525287937 ] } },
{ "type": "Feature", "properties": { "lat": 47.673209649590561, "lon": -122.2883555274214, "time_of_day": "Morning", "causation": [ "0", "0", "0", "0", "0", "0", "0", "0", "1", "0", "0", "0", "0", "0", "0", "0", "0", "0", "0", "0", "0", "0", "0", "0" ], "duration": 69.0, "sum": 1 }, "geometry": { "type": "Point", "coordinates": [ -122.288355527421402, 47.673209649590561 ] } },
{ "type": "Feature", "properties": { "lat": 47.673212312886157, "lon": -122.28611451128, "time_of_day": "Morning", "causation": [ "0", "0", "0", "0", "0", "0", "0", "0", "1", "0", "0", "0", "0", "0", "0", "0", "0", "0", "0", "0", "0", "0", "0", "0" ], "duration": 69.0, "sum": 1 }, "geometry": { "type": "Point", "coordinates": [ -122.286114511280005, 47.673212312886157 ] } },
{ "type": "Feature", "properties": { "lat": 47.673223817342851, "lon": -122.28181138146714, "time_of_day": "Morning", "causation": [ "0", "0", "0", "0", "0", "0", "0", "0", "1", "0", "0", "0", "0", "0", "0", "0", "0", "0", "0", "0", "0", "0", "0", "0" ], "duration": 69.0, "sum": 1 }, "geometry": { "type": "Point", "coordinates": [ -122.281811381467136, 47.673223817342851 ] } },
{ "type": "Feature", "properties": { "lat": 47.673224888457902, "lon": -122.28717176056664, "time_of_day": "Morning", "causation": [ "0", "0", "0", "0", "0", "0", "0", "0", "1", "0", "0", "0", "0", "0", "0", "0", "0", "0", "0", "0", "0", "0", "0", "0" ], "duration": 69.0, "sum": 1 }, "geometry": { "type": "Point", "coordinates": [ -122.287171760566636, 47.673224888457902 ] } },
{ "type": "Feature", "properties": { "lat": 47.67322814993981, "lon": -122.27249563571765, "time_of_day": "Late Night", "causation": [ "0", "0", "0", "0", "0", "0", "0", "0", "1", "0", "0", "0", "0", "0", "0", "0", "0", "0", "0", "0", "0", "0", "0", "0" ], "duration": 235.0, "sum": 1 }, "geometry": { "type": "Point", "coordinates": [ -122.272495635717647, 47.67322814993981 ] } },
{ "type": "Feature", "properties": { "lat": 47.673232310651592, "lon": -122.28256850061892, "time_of_day": "Morning", "causation": [ "0", "0", "0", "0", "0", "0", "0", "0", "1", "0", "0", "0", "0", "0", "0", "0", "0", "0", "0", "0", "0", "0", "0", "0" ], "duration": 69.0, "sum": 1 }, "geometry": { "type": "Point", "coordinates": [ -122.282568500618922, 47.673232310651592 ] } },
{ "type": "Feature", "properties": { "lat": 47.673244475474263, "lon": -122.27199630184118, "time_of_day": "Late Night", "causation": [ "0", "0", "0", "0", "0", "0", "0", "0", "1", "0", "0", "0", "0", "0", "0", "0", "0", "0", "0", "0", "0", "0", "0", "0" ], "duration": 235.0, "sum": 1 }, "geometry": { "type": "Point", "coordinates": [ -122.271996301841185, 47.673244475474263 ] } },
{ "type": "Feature", "properties": { "lat": 47.67325000543827, "lon": -122.28557719401589, "time_of_day": "Morning", "causation": [ "0", "0", "0", "0", "0", "0", "0", "0", "1", "0", "0", "0", "0", "0", "0", "0", "0", "0", "0", "0", "0", "0", "0", "0" ], "duration": 69.0, "sum": 1 }, "geometry": { "type": "Point", "coordinates": [ -122.285577194015886, 47.67325000543827 ] } },
{ "type": "Feature", "properties": { "lat": 47.673279222477234, "lon": -122.2876889501284, "time_of_day": "Morning", "causation": [ "0", "0", "0", "0", "0", "0", "0", "0", "1", "0", "0", "0", "0", "0", "0", "0", "0", "0", "0", "0", "0", "0", "0", "0" ], "duration": 69.0, "sum": 1 }, "geometry": { "type": "Point", "coordinates": [ -122.287688950128398, 47.673279222477234 ] } },
{ "type": "Feature", "properties": { "lat": 47.673297239941171, "lon": -122.28460940578915, "time_of_day": "Morning", "causation": [ "0", "0", "0", "0", "0", "0", "0", "0", "1", "0", "0", "0", "0", "0", "0", "0", "0", "0", "0", "0", "0", "0", "0", "0" ], "duration": 86.0, "sum": 1 }, "geometry": { "type": "Point", "coordinates": [ -122.284609405789155, 47.673297239941171 ] } },
{ "type": "Feature", "properties": { "lat": 47.673306469642156, "lon": -122.28832179014393, "time_of_day": "Morning", "causation": [ "0", "0", "0", "0", "0", "0", "0", "0", "1", "0", "0", "0", "0", "0", "0", "0", "0", "0", "0", "0", "0", "0", "0", "0" ], "duration": 69.0, "sum": 1 }, "geometry": { "type": "Point", "coordinates": [ -122.288321790143925, 47.673306469642156 ] } },
{ "type": "Feature", "properties": { "lat": 47.673312852870708, "lon": -122.2861072171484, "time_of_day": "Morning", "causation": [ "0", "0", "0", "0", "0", "0", "0", "0", "1", "0", "0", "0", "0", "0", "0", "0", "0", "0", "0", "0", "0", "0", "0", "0" ], "duration": 69.0, "sum": 1 }, "geometry": { "type": "Point", "coordinates": [ -122.286107217148398, 47.673312852870708 ] } },
{ "type": "Feature", "properties": { "lat": 47.673325118417239, "lon": -122.2714117324268, "time_of_day": "Late Night", "causation": [ "0", "0", "0", "0", "0", "0", "0", "0", "1", "0", "0", "0", "0", "0", "0", "0", "0", "0", "0", "0", "0", "0", "0", "0" ], "duration": 235.0, "sum": 1 }, "geometry": { "type": "Point", "coordinates": [ -122.271411732426799, 47.673325118417239 ] } },
{ "type": "Feature", "properties": { "lat": 47.673342702385568, "lon": -122.28665943883983, "time_of_day": "Morning", "causation": [ "0", "0", "0", "0", "0", "0", "0", "0", "1", "0", "0", "0", "0", "0", "0", "0", "0", "0", "0", "0", "0", "0", "0", "0" ], "duration": 69.0, "sum": 1 }, "geometry": { "type": "Point", "coordinates": [ -122.286659438839834, 47.673342702385568 ] } },
{ "type": "Feature", "properties": { "lat": 47.673351177379757, "lon": -122.28188680377802, "time_of_day": "Morning", "causation": [ "0", "0", "0", "0", "0", "0", "0", "0", "1", "0", "0", "0", "0", "0", "0", "0", "0", "0", "0", "0", "0", "0", "0", "0" ], "duration": 69.0, "sum": 1 }, "geometry": { "type": "Point", "coordinates": [ -122.281886803778022, 47.673351177379757 ] } },
{ "type": "Feature", "properties": { "lat": 47.673364625761849, "lon": -122.28321917082472, "time_of_day": "Morning", "causation": [ "0", "0", "0", "0", "0", "0", "0", "0", "1", "0", "0", "0", "0", "0", "0", "0", "0", "0", "0", "0", "0", "0", "0", "0" ], "duration": 69.0, "sum": 1 }, "geometry": { "type": "Point", "coordinates": [ -122.283219170824722, 47.673364625761849 ] } },
{ "type": "Feature", "properties": { "lat": 47.673376400832119, "lon": -122.2825305495217, "time_of_day": "Morning", "causation": [ "0", "0", "0", "0", "0", "0", "0", "0", "1", "0", "0", "0", "0", "0", "0", "0", "0", "0", "0", "0", "0", "0", "0", "0" ], "duration": 69.0, "sum": 1 }, "geometry": { "type": "Point", "coordinates": [ -122.282530549521695, 47.673376400832119 ] } },
{ "type": "Feature", "properties": { "lat": 47.673377879927777, "lon": -122.28386803569352, "time_of_day": "Morning", "causation": [ "0", "0", "0", "0", "0", "0", "0", "0", "1", "0", "0", "0", "0", "0", "0", "0", "0", "0", "0", "0", "0", "0", "0", "0" ], "duration": 69.0, "sum": 1 }, "geometry": { "type": "Point", "coordinates": [ -122.283868035693516, 47.673377879927777 ] } },
{ "type": "Feature", "properties": { "lat": 47.673392451489967, "lon": -122.28513590306214, "time_of_day": "Morning", "causation": [ "0", "0", "0", "0", "0", "0", "0", "0", "1", "0", "0", "0", "0", "0", "0", "0", "0", "0", "0", "0", "0", "0", "0", "0" ], "duration": 86.0, "sum": 1 }, "geometry": { "type": "Point", "coordinates": [ -122.285135903062141, 47.673392451489967 ] } },
{ "type": "Feature", "properties": { "lat": 47.673397725228213, "lon": -122.27252631344898, "time_of_day": "Late Night", "causation": [ "0", "0", "0", "0", "0", "0", "0", "0", "1", "0", "0", "0", "0", "0", "0", "0", "0", "0", "0", "0", "0", "0", "0", "0" ], "duration": 235.0, "sum": 1 }, "geometry": { "type": "Point", "coordinates": [ -122.272526313448978, 47.673397725228213 ] } },
{ "type": "Feature", "properties": { "lat": 47.673398362355719, "lon": -122.2720173687775, "time_of_day": "Late Night", "causation": [ "0", "0", "0", "0", "0", "0", "0", "0", "1", "0", "0", "0", "0", "0", "0", "0", "0", "0", "0", "0", "0", "0", "0", "0" ], "duration": 235.0, "sum": 1 }, "geometry": { "type": "Point", "coordinates": [ -122.272017368777497, 47.673398362355719 ] } },
{ "type": "Feature", "properties": { "lat": 47.673409635595206, "lon": -122.28557735130089, "time_of_day": "Morning", "causation": [ "0", "0", "0", "0", "0", "0", "0", "0", "1", "0", "0", "0", "0", "0", "0", "0", "0", "0", "0", "0", "0", "0", "0", "0" ], "duration": 69.0, "sum": 1 }, "geometry": { "type": "Point", "coordinates": [ -122.285577351300887, 47.673409635595206 ] } },
{ "type": "Feature", "properties": { "lat": 47.673410596382212, "lon": -122.284231572907, "time_of_day": "Morning", "causation": [ "0", "0", "0", "0", "0", "0", "0", "0", "1", "0", "0", "0", "0", "0", "0", "0", "0", "0", "0", "0", "0", "0", "0", "0" ], "duration": 69.0, "sum": 1 }, "geometry": { "type": "Point", "coordinates": [ -122.284231572907004, 47.673410596382212 ] } },
{ "type": "Feature", "properties": { "lat": 47.673413430766686, "lon": -122.28831215083716, "time_of_day": "Morning", "causation": [ "0", "0", "0", "0", "0", "0", "0", "0", "1", "0", "0", "0", "0", "0", "0", "0", "0", "0", "0", "0", "0", "0", "0", "0" ], "duration": 69.0, "sum": 1 }, "geometry": { "type": "Point", "coordinates": [ -122.288312150837157, 47.673413430766686 ] } },
{ "type": "Feature", "properties": { "lat": 47.673413548744861, "lon": -122.287783865549, "time_of_day": "Morning", "causation": [ "0", "0", "0", "0", "0", "0", "0", "0", "1", "0", "0", "0", "0", "0", "0", "0", "0", "0", "0", "0", "0", "0", "0", "0" ], "duration": 69.0, "sum": 1 }, "geometry": { "type": "Point", "coordinates": [ -122.287783865549002, 47.673413548744861 ] } },
{ "type": "Feature", "properties": { "lat": 47.673415103236685, "lon": -122.28613796550243, "time_of_day": "Morning", "causation": [ "0", "0", "0", "0", "0", "0", "0", "0", "1", "0", "0", "0", "0", "0", "0", "0", "0", "0", "0", "0", "0", "0", "0", "0" ], "duration": 69.0, "sum": 1 }, "geometry": { "type": "Point", "coordinates": [ -122.286137965502434, 47.673415103236685 ] } },
{ "type": "Feature", "properties": { "lat": 47.673420226764591, "lon": -122.28460612945608, "time_of_day": "Morning", "causation": [ "0", "0", "0", "0", "0", "0", "0", "0", "1", "0", "0", "0", "0", "0", "0", "0", "0", "0", "0", "0", "0", "0", "0", "0" ], "duration": 86.0, "sum": 1 }, "geometry": { "type": "Point", "coordinates": [ -122.28460612945608, 47.673420226764591 ] } },
{ "type": "Feature", "properties": { "lat": 47.673430744647028, "lon": -122.3856073311419, "time_of_day": "Late Night", "causation": [ "0", "0", "0", "0", "0", "0", "0", "0", "2", "0", "0", "0", "0", "0", "0", "0", "0", "0", "0", "0", "0", "0", "0", "0" ], "duration": 124.0, "sum": 2 }, "geometry": { "type": "Point", "coordinates": [ -122.385607331141898, 47.673430744647028 ] } },
{ "type": "Feature", "properties": { "lat": 47.67347597193892, "lon": -122.27142070111218, "time_of_day": "Late Night", "causation": [ "0", "0", "0", "0", "0", "0", "0", "0", "1", "0", "0", "0", "0", "0", "0", "0", "0", "0", "0", "0", "0", "0", "0", "0" ], "duration": 235.0, "sum": 1 }, "geometry": { "type": "Point", "coordinates": [ -122.271420701112177, 47.67347597193892 ] } },
{ "type": "Feature", "properties": { "lat": 47.673484339491694, "lon": -122.28667062178798, "time_of_day": "Morning", "causation": [ "0", "0", "0", "0", "0", "0", "0", "0", "1", "0", "0", "0", "0", "0", "0", "0", "0", "0", "0", "0", "0", "0", "0", "0" ], "duration": 69.0, "sum": 1 }, "geometry": { "type": "Point", "coordinates": [ -122.286670621787977, 47.673484339491694 ] } },
{ "type": "Feature", "properties": { "lat": 47.673493966970248, "lon": -122.28187115904365, "time_of_day": "Morning", "causation": [ "0", "0", "0", "0", "0", "0", "0", "0", "1", "0", "0", "0", "0", "0", "0", "0", "0", "0", "0", "0", "0", "0", "0", "0" ], "duration": 69.0, "sum": 1 }, "geometry": { "type": "Point", "coordinates": [ -122.281871159043646, 47.673493966970248 ] } },
{ "type": "Feature", "properties": { "lat": 47.673519519884628, "lon": -122.28252996910555, "time_of_day": "Morning", "causation": [ "0", "0", "0", "0", "0", "0", "0", "0", "1", "0", "0", "0", "0", "0", "0", "0", "0", "0", "0", "0", "0", "0", "0", "0" ], "duration": 69.0, "sum": 1 }, "geometry": { "type": "Point", "coordinates": [ -122.282529969105553, 47.673519519884628 ] } },
{ "type": "Feature", "properties": { "lat": 47.673523109221073, "lon": -122.28834033878437, "time_of_day": "Morning", "causation": [ "0", "0", "0", "0", "0", "0", "0", "0", "1", "0", "0", "0", "0", "0", "0", "0", "0", "0", "0", "0", "0", "0", "0", "0" ], "duration": 69.0, "sum": 1 }, "geometry": { "type": "Point", "coordinates": [ -122.288340338784366, 47.673523109221073 ] } },
{ "type": "Feature", "properties": { "lat": 47.673524320241455, "lon": -122.28776338678144, "time_of_day": "Morning", "causation": [ "0", "0", "0", "0", "0", "0", "0", "0", "1", "0", "0", "0", "0", "0", "0", "0", "0", "0", "0", "0", "0", "0", "0", "0" ], "duration": 69.0, "sum": 1 }, "geometry": { "type": "Point", "coordinates": [ -122.287763386781435, 47.673524320241455 ] } },
{ "type": "Feature", "properties": { "lat": 47.673525325012911, "lon": -122.28324263308816, "time_of_day": "Morning", "causation": [ "0", "0", "0", "0", "0", "0", "0", "0", "1", "0", "0", "0", "0", "0", "0", "0", "0", "0", "0", "0", "0", "0", "0", "0" ], "duration": 69.0, "sum": 1 }, "geometry": { "type": "Point", "coordinates": [ -122.283242633088165, 47.673525325012911 ] } },
{ "type": "Feature", "properties": { "lat": 47.673525463478363, "lon": -122.28556561976728, "time_of_day": "Morning", "causation": [ "0", "0", "0", "0", "0", "0", "0", "0", "1", "0", "0", "0", "0", "0", "0", "0", "0", "0", "0", "0", "0", "0", "0", "0" ], "duration": 69.0, "sum": 1 }, "geometry": { "type": "Point", "coordinates": [ -122.285565619767283, 47.673525463478363 ] } },
{ "type": "Feature", "properties": { "lat": 47.673527304682608, "lon": -122.2871544980142, "time_of_day": "Morning", "causation": [ "0", "0", "0", "0", "0", "0", "0", "0", "1", "0", "0", "0", "0", "0", "0", "0", "0", "0", "0", "0", "0", "0", "0", "0" ], "duration": 69.0, "sum": 1 }, "geometry": { "type": "Point", "coordinates": [ -122.287154498014203, 47.673527304682608 ] } },
{ "type": "Feature", "properties": { "lat": 47.673527575856639, "lon": -122.28388044682696, "time_of_day": "Morning", "causation": [ "0", "0", "0", "0", "0", "0", "0", "0", "1", "0", "0", "0", "0", "0", "0", "0", "0", "0", "0", "0", "0", "0", "0", "0" ], "duration": 69.0, "sum": 1 }, "geometry": { "type": "Point", "coordinates": [ -122.283880446826956, 47.673527575856639 ] } },
{ "type": "Feature", "properties": { "lat": 47.673530846292806, "lon": -122.28612953744469, "time_of_day": "Morning", "causation": [ "0", "0", "0", "0", "0", "0", "0", "0", "1", "0", "0", "0", "0", "0", "0", "0", "0", "0", "0", "0", "0", "0", "0", "0" ], "duration": 69.0, "sum": 1 }, "geometry": { "type": "Point", "coordinates": [ -122.286129537444694, 47.673530846292806 ] } },
{ "type": "Feature", "properties": { "lat": 47.673543871761154, "lon": -122.28513346690283, "time_of_day": "Morning", "causation": [ "0", "0", "0", "0", "0", "0", "0", "0", "1", "0", "0", "0", "0", "0", "0", "0", "0", "0", "0", "0", "0", "0", "0", "0" ], "duration": 86.0, "sum": 1 }, "geometry": { "type": "Point", "coordinates": [ -122.285133466902835, 47.673543871761154 ] } },
{ "type": "Feature", "properties": { "lat": 47.67355669920164, "lon": -122.28460168699716, "time_of_day": "Morning", "causation": [ "0", "0", "0", "0", "0", "0", "0", "0", "1", "0", "0", "0", "0", "0", "0", "0", "0", "0", "0", "0", "0", "0", "0", "0" ], "duration": 86.0, "sum": 1 }, "geometry": { "type": "Point", "coordinates": [ -122.284601686997163, 47.67355669920164 ] } },
{ "type": "Feature", "properties": { "lat": 47.673583627446639, "lon": -122.27251877490608, "time_of_day": "Late Night", "causation": [ "0", "0", "0", "0", "0", "0", "0", "0", "1", "0", "0", "0", "0", "0", "0", "0", "0", "0", "0", "0", "0", "0", "0", "0" ], "duration": 235.0, "sum": 1 }, "geometry": { "type": "Point", "coordinates": [ -122.272518774906075, 47.673583627446639 ] } },
{ "type": "Feature", "properties": { "lat": 47.673589226576382, "lon": -122.27200360422933, "time_of_day": "Late Night", "causation": [ "0", "0", "0", "0", "0", "0", "0", "0", "1", "0", "0", "0", "0", "0", "0", "0", "0", "0", "0", "0", "0", "0", "0", "0" ], "duration": 235.0, "sum": 1 }, "geometry": { "type": "Point", "coordinates": [ -122.272003604229326, 47.673589226576382 ] } },
{ "type": "Feature", "properties": { "lat": 47.67361925872742, "lon": -122.28667013606588, "time_of_day": "Morning", "causation": [ "0", "0", "0", "0", "0", "0", "0", "0", "1", "0", "0", "0", "0", "0", "0", "0", "0", "0", "0", "0", "0", "0", "0", "0" ], "duration": 69.0, "sum": 1 }, "geometry": { "type": "Point", "coordinates": [ -122.286670136065879, 47.67361925872742 ] } },
{ "type": "Feature", "properties": { "lat": 47.673625488288607, "lon": -122.28835454787531, "time_of_day": "Morning", "causation": [ "0", "0", "0", "0", "0", "0", "0", "0", "1", "0", "0", "0", "0", "0", "0", "0", "0", "0", "0", "0", "0", "0", "0", "0" ], "duration": 69.0, "sum": 1 }, "geometry": { "type": "Point", "coordinates": [ -122.288354547875315, 47.673625488288607 ] } },
{ "type": "Feature", "properties": { "lat": 47.673663720548113, "lon": -122.28253403068018, "time_of_day": "Morning", "causation": [ "0", "0", "0", "0", "0", "0", "0", "0", "1", "0", "0", "0", "0", "0", "0", "0", "0", "0", "0", "0", "0", "0", "0", "0" ], "duration": 69.0, "sum": 1 }, "geometry": { "type": "Point", "coordinates": [ -122.282534030680182, 47.673663720548113 ] } },
{ "type": "Feature", "properties": { "lat": 47.673686805875619, "lon": -122.28715249676614, "time_of_day": "Morning", "causation": [ "0", "0", "0", "0", "0", "0", "0", "0", "1", "0", "0", "0", "0", "0", "0", "0", "0", "0", "0", "0", "0", "0", "0", "0" ], "duration": 69.0, "sum": 1 }, "geometry": { "type": "Point", "coordinates": [ -122.28715249676614, 47.673686805875619 ] } },
{ "type": "Feature", "properties": { "lat": 47.673687464800082, "lon": -122.28559551169164, "time_of_day": "Morning", "causation": [ "0", "0", "0", "0", "0", "0", "0", "0", "1", "0", "0", "0", "0", "0", "0", "0", "0", "0", "0", "0", "0", "0", "0", "0" ], "duration": 69.0, "sum": 1 }, "geometry": { "type": "Point", "coordinates": [ -122.285595511691639, 47.673687464800082 ] } },
{ "type": "Feature", "properties": { "lat": 47.673688699007911, "lon": -122.28775519073901, "time_of_day": "Morning", "causation": [ "0", "0", "0", "0", "0", "0", "0", "0", "1", "0", "0", "0", "0", "0", "0", "0", "0", "0", "0", "0", "0", "0", "0", "0" ], "duration": 69.0, "sum": 1 }, "geometry": { "type": "Point", "coordinates": [ -122.287755190739006, 47.673688699007911 ] } },
{ "type": "Feature", "properties": { "lat": 47.673704907928609, "lon": -122.28460042216594, "time_of_day": "Morning", "causation": [ "0", "0", "0", "0", "0", "0", "0", "0", "1", "0", "0", "0", "0", "0", "0", "0", "0", "0", "0", "0", "0", "0", "0", "0" ], "duration": 86.0, "sum": 1 }, "geometry": { "type": "Point", "coordinates": [ -122.284600422165937, 47.673704907928609 ] } },
{ "type": "Feature", "properties": { "lat": 47.673712877110923, "lon": -122.28514435067558, "time_of_day": "Morning", "causation": [ "0", "0", "0", "0", "0", "0", "0", "0", "1", "0", "0", "0", "0", "0", "0", "0", "0", "0", "0", "0", "0", "0", "0", "0" ], "duration": 86.0, "sum": 1 }, "geometry": { "type": "Point", "coordinates": [ -122.28514435067558, 47.673712877110923 ] } },
{ "type": "Feature", "properties": { "lat": 47.673717063487331, "lon": -122.27141861146714, "time_of_day": "Late Night", "causation": [ "0", "0", "0", "0", "0", "0", "0", "0", "1", "0", "0", "0", "0", "0", "0", "0", "0", "0", "0", "0", "0", "0", "0", "0" ], "duration": 235.0, "sum": 1 }, "geometry": { "type": "Point", "coordinates": [ -122.271418611467141, 47.673717063487331 ] } },
{ "type": "Feature", "properties": { "lat": 47.673727426330309, "lon": -122.27200539596734, "time_of_day": "Late Night", "causation": [ "0", "0", "0", "0", "0", "0", "0", "0", "1", "0", "0", "0", "0", "0", "0", "0", "0", "0", "0", "0", "0", "0", "0", "0" ], "duration": 235.0, "sum": 1 }, "geometry": { "type": "Point", "coordinates": [ -122.272005395967341, 47.673727426330309 ] } },
{ "type": "Feature", "properties": { "lat": 47.673728865665133, "lon": -122.28832775334534, "time_of_day": "Morning", "causation": [ "0", "0", "0", "0", "0", "0", "0", "0", "1", "0", "0", "0", "0", "0", "0", "0", "0", "0", "0", "0", "0", "0", "0", "0" ], "duration": 69.0, "sum": 1 }, "geometry": { "type": "Point", "coordinates": [ -122.288327753345342, 47.673728865665133 ] } },
{ "type": "Feature", "properties": { "lat": 47.673740554185727, "lon": -122.2861454798922, "time_of_day": "Morning", "causation": [ "0", "0", "0", "0", "0", "0", "0", "0", "1", "0", "0", "0", "0", "0", "0", "0", "0", "0", "0", "0", "0", "0", "0", "0" ], "duration": 69.0, "sum": 1 }, "geometry": { "type": "Point", "coordinates": [ -122.286145479892198, 47.673740554185727 ] } },
{ "type": "Feature", "properties": { "lat": 47.673746260042897, "lon": -122.27250693413302, "time_of_day": "Late Night", "causation": [ "0", "0", "0", "0", "0", "0", "0", "0", "1", "0", "0", "0", "0", "0", "0", "0", "0", "0", "0", "0", "0", "0", "0", "0" ], "duration": 235.0, "sum": 1 }, "geometry": { "type": "Point", "coordinates": [ -122.27250693413302, 47.673746260042897 ] } },
{ "type": "Feature", "properties": { "lat": 47.673779736115215, "lon": -122.2828860323998, "time_of_day": "Morning", "causation": [ "0", "0", "0", "0", "0", "0", "0", "0", "1", "0", "0", "0", "0", "0", "0", "0", "0", "0", "0", "0", "0", "0", "0", "0" ], "duration": 69.0, "sum": 1 }, "geometry": { "type": "Point", "coordinates": [ -122.282886032399801, 47.673779736115215 ] } },
{ "type": "Feature", "properties": { "lat": 47.673795570812644, "lon": -122.28425489336654, "time_of_day": "Morning", "causation": [ "0", "0", "0", "0", "0", "0", "0", "0", "2", "0", "0", "0", "0", "0", "0", "0", "0", "0", "0", "0", "0", "0", "0", "0" ], "duration": 172.0, "sum": 2 }, "geometry": { "type": "Point", "coordinates": [ -122.284254893366537, 47.673795570812644 ] } },
{ "type": "Feature", "properties": { "lat": 47.673801488099159, "lon": -122.28666813558864, "time_of_day": "Morning", "causation": [ "0", "0", "0", "0", "0", "0", "0", "0", "2", "0", "0", "0", "0", "0", "0", "0", "0", "0", "0", "0", "0", "0", "0", "0" ], "duration": 138.0, "sum": 2 }, "geometry": { "type": "Point", "coordinates": [ -122.286668135588641, 47.673801488099159 ] } },
{ "type": "Feature", "properties": { "lat": 47.673810156994342, "lon": -122.28191754463252, "time_of_day": "Morning", "causation": [ "0", "0", "0", "0", "0", "0", "0", "0", "1", "0", "0", "0", "0", "0", "0", "0", "0", "0", "0", "0", "0", "0", "0", "0" ], "duration": 69.0, "sum": 1 }, "geometry": { "type": "Point", "coordinates": [ -122.28191754463252, 47.673810156994342 ] } },
{ "type": "Feature", "properties": { "lat": 47.673810322613413, "lon": -122.2825454870423, "time_of_day": "Morning", "causation": [ "0", "0", "0", "0", "0", "0", "0", "0", "1", "0", "0", "0", "0", "0", "0", "0", "0", "0", "0", "0", "0", "0", "0", "0" ], "duration": 69.0, "sum": 1 }, "geometry": { "type": "Point", "coordinates": [ -122.282545487042299, 47.673810322613413 ] } },
{ "type": "Feature", "properties": { "lat": 47.673814945983708, "lon": -122.28459134010517, "time_of_day": "Morning", "causation": [ "0", "0", "0", "0", "0", "0", "0", "0", "1", "0", "0", "0", "0", "0", "0", "0", "0", "0", "0", "0", "0", "0", "0", "0" ], "duration": 86.0, "sum": 1 }, "geometry": { "type": "Point", "coordinates": [ -122.284591340105166, 47.673814945983708 ] } },
{ "type": "Feature", "properties": { "lat": 47.673816845608442, "lon": -122.28519807470194, "time_of_day": "Morning", "causation": [ "0", "0", "0", "0", "0", "0", "0", "0", "1", "0", "0", "0", "0", "0", "0", "0", "0", "0", "0", "0", "0", "0", "0", "0" ], "duration": 86.0, "sum": 1 }, "geometry": { "type": "Point", "coordinates": [ -122.285198074701938, 47.673816845608442 ] } },
{ "type": "Feature", "properties": { "lat": 47.673816895439238, "lon": -122.28325233448945, "time_of_day": "Morning", "causation": [ "0", "0", "0", "0", "0", "0", "0", "0", "1", "0", "0", "0", "0", "0", "0", "0", "0", "0", "0", "0", "0", "0", "0", "0" ], "duration": 69.0, "sum": 1 }, "geometry": { "type": "Point", "coordinates": [ -122.283252334489447, 47.673816895439238 ] } },
{ "type": "Feature", "properties": { "lat": 47.673826283561631, "lon": -122.28717769581009, "time_of_day": "Morning", "causation": [ "0", "0", "0", "0", "0", "0", "0", "0", "1", "0", "0", "0", "0", "0", "0", "0", "0", "0", "0", "0", "0", "0", "0", "0" ], "duration": 69.0, "sum": 1 }, "geometry": { "type": "Point", "coordinates": [ -122.287177695810087, 47.673826283561631 ] } },
{ "type": "Feature", "properties": { "lat": 47.673829580582293, "lon": -122.28830956793696, "time_of_day": "Morning", "causation": [ "0", "0", "0", "0", "0", "0", "0", "0", "1", "0", "0", "0", "0", "0", "0", "0", "0", "0", "0", "0", "0", "0", "0", "0" ], "duration": 69.0, "sum": 1 }, "geometry": { "type": "Point", "coordinates": [ -122.288309567936963, 47.673829580582293 ] } },
{ "type": "Feature", "properties": { "lat": 47.673829996025987, "lon": -122.28777281814548, "time_of_day": "Morning", "causation": [ "0", "0", "0", "0", "0", "0", "0", "0", "1", "0", "0", "0", "0", "0", "0", "0", "0", "0", "0", "0", "0", "0", "0", "0" ], "duration": 69.0, "sum": 1 }, "geometry": { "type": "Point", "coordinates": [ -122.287772818145484, 47.673829996025987 ] } },
{ "type": "Feature", "properties": { "lat": 47.673834782736712, "lon": -122.28559353464486, "time_of_day": "Morning", "causation": [ "0", "0", "0", "0", "0", "0", "0", "0", "1", "0", "0", "0", "0", "0", "0", "0", "0", "0", "0", "0", "0", "0", "0", "0" ], "duration": 69.0, "sum": 1 }, "geometry": { "type": "Point", "coordinates": [ -122.28559353464486, 47.673834782736712 ] } },
{ "type": "Feature", "properties": { "lat": 47.673840525924277, "lon": -122.28890615164762, "time_of_day": "Morning", "causation": [ "0", "0", "0", "0", "0", "0", "0", "0", "1", "0", "0", "0", "0", "0", "0", "0", "0", "0", "0", "0", "0", "0", "0", "0" ], "duration": 69.0, "sum": 1 }, "geometry": { "type": "Point", "coordinates": [ -122.288906151647623, 47.673840525924277 ] } },
{ "type": "Feature", "properties": { "lat": 47.673841984028243, "lon": -122.28609031392438, "time_of_day": "Morning", "causation": [ "0", "0", "0", "0", "0", "0", "0", "0", "1", "0", "0", "0", "0", "0", "0", "0", "0", "0", "0", "0", "0", "0", "0", "0" ], "duration": 69.0, "sum": 1 }, "geometry": { "type": "Point", "coordinates": [ -122.286090313924376, 47.673841984028243 ] } },
{ "type": "Feature", "properties": { "lat": 47.673907851871363, "lon": -122.27201221741296, "time_of_day": "Late Night", "causation": [ "0", "0", "0", "0", "0", "0", "0", "0", "1", "0", "0", "0", "0", "0", "0", "0", "0", "0", "0", "0", "0", "0", "0", "0" ], "duration": 235.0, "sum": 1 }, "geometry": { "type": "Point", "coordinates": [ -122.272012217412964, 47.673907851871363 ] } },
{ "type": "Feature", "properties": { "lat": 47.673928502191004, "lon": -122.27249434531392, "time_of_day": "Late Night", "causation": [ "0", "0", "0", "0", "0", "0", "0", "0", "1", "0", "0", "0", "0", "0", "0", "0", "0", "0", "0", "0", "0", "0", "0", "0" ], "duration": 235.0, "sum": 1 }, "geometry": { "type": "Point", "coordinates": [ -122.272494345313916, 47.673928502191004 ] } },
{ "type": "Feature", "properties": { "lat": 47.673937474092433, "lon": -122.27136579572428, "time_of_day": "Late Night", "causation": [ "0", "0", "0", "0", "0", "0", "0", "0", "1", "0", "0", "0", "0", "0", "0", "0", "0", "0", "0", "0", "0", "0", "0", "0" ], "duration": 235.0, "sum": 1 }, "geometry": { "type": "Point", "coordinates": [ -122.271365795724279, 47.673937474092433 ] } },
{ "type": "Feature", "properties": { "lat": 47.674076705949972, "lon": -122.27198971177516, "time_of_day": "Late Night", "causation": [ "0", "0", "0", "0", "0", "0", "0", "0", "1", "0", "0", "0", "0", "0", "0", "0", "0", "0", "0", "0", "0", "0", "0", "0" ], "duration": 235.0, "sum": 1 }, "geometry": { "type": "Point", "coordinates": [ -122.271989711775163, 47.674076705949972 ] } },
{ "type": "Feature", "properties": { "lat": 47.674086398796852, "lon": -122.27247671396786, "time_of_day": "Late Night", "causation": [ "0", "0", "0", "0", "0", "0", "0", "0", "1", "0", "0", "0", "0", "0", "0", "0", "0", "0", "0", "0", "0", "0", "0", "0" ], "duration": 235.0, "sum": 1 }, "geometry": { "type": "Point", "coordinates": [ -122.272476713967862, 47.674086398796852 ] } },
{ "type": "Feature", "properties": { "lat": 47.674115515511872, "lon": -122.2855969096002, "time_of_day": "Morning", "causation": [ "0", "0", "0", "0", "0", "0", "0", "0", "1", "0", "0", "0", "0", "0", "0", "0", "0", "0", "0", "0", "0", "0", "0", "0" ], "duration": 69.0, "sum": 1 }, "geometry": { "type": "Point", "coordinates": [ -122.285596909600201, 47.674115515511872 ] } },
{ "type": "Feature", "properties": { "lat": 47.674116760275773, "lon": -122.28885896793911, "time_of_day": "Morning", "causation": [ "0", "0", "0", "0", "0", "0", "0", "0", "1", "0", "0", "0", "0", "0", "0", "0", "0", "0", "0", "0", "0", "0", "0", "0" ], "duration": 69.0, "sum": 1 }, "geometry": { "type": "Point", "coordinates": [ -122.288858967939106, 47.674116760275773 ] } },
{ "type": "Feature", "properties": { "lat": 47.674117600573965, "lon": -122.28832734635807, "time_of_day": "Morning", "causation": [ "0", "0", "0", "0", "0", "0", "0", "0", "1", "0", "0", "0", "0", "0", "0", "0", "0", "0", "0", "0", "0", "0", "0", "0" ], "duration": 69.0, "sum": 1 }, "geometry": { "type": "Point", "coordinates": [ -122.288327346358074, 47.674117600573965 ] } },
{ "type": "Feature", "properties": { "lat": 47.674123993086567, "lon": -122.28722694227852, "time_of_day": "Morning", "causation": [ "0", "0", "0", "0", "0", "0", "0", "0", "1", "0", "0", "0", "0", "0", "0", "0", "0", "0", "0", "0", "0", "0", "0", "0" ], "duration": 69.0, "sum": 1 }, "geometry": { "type": "Point", "coordinates": [ -122.287226942278522, 47.674123993086567 ] } },
{ "type": "Feature", "properties": { "lat": 47.674132474170882, "lon": -122.27135385629056, "time_of_day": "Late Night", "causation": [ "0", "0", "0", "0", "0", "0", "0", "0", "1", "0", "0", "0", "0", "0", "0", "0", "0", "0", "0", "0", "0", "0", "0", "0" ], "duration": 235.0, "sum": 1 }, "geometry": { "type": "Point", "coordinates": [ -122.27135385629056, 47.674132474170882 ] } },
{ "type": "Feature", "properties": { "lat": 47.67413337851508, "lon": -122.28513484465074, "time_of_day": "Morning", "causation": [ "0", "0", "0", "0", "0", "0", "0", "0", "1", "0", "0", "0", "0", "0", "0", "0", "0", "0", "0", "0", "0", "0", "0", "0" ], "duration": 86.0, "sum": 1 }, "geometry": { "type": "Point", "coordinates": [ -122.285134844650742, 47.67413337851508 ] } },
{ "type": "Feature", "properties": { "lat": 47.674134923115432, "lon": -122.28668751594034, "time_of_day": "Morning", "causation": [ "0", "0", "0", "0", "0", "0", "0", "0", "1", "0", "0", "0", "0", "0", "0", "0", "0", "0", "0", "0", "0", "0", "0", "0" ], "duration": 69.0, "sum": 1 }, "geometry": { "type": "Point", "coordinates": [ -122.286687515940343, 47.674134923115432 ] } },
{ "type": "Feature", "properties": { "lat": 47.674138460165459, "lon": -122.284240464918, "time_of_day": "Morning", "causation": [ "0", "0", "0", "0", "0", "0", "0", "0", "1", "0", "0", "0", "0", "0", "0", "0", "0", "0", "0", "0", "0", "0", "0", "0" ], "duration": 86.0, "sum": 1 }, "geometry": { "type": "Point", "coordinates": [ -122.284240464918, 47.674138460165459 ] } },
{ "type": "Feature", "properties": { "lat": 47.674139118999442, "lon": -122.28401817132109, "time_of_day": "Morning", "causation": [ "0", "0", "0", "0", "0", "0", "0", "0", "1", "0", "0", "0", "0", "0", "0", "0", "0", "0", "0", "0", "0", "0", "0", "0" ], "duration": 86.0, "sum": 1 }, "geometry": { "type": "Point", "coordinates": [ -122.284018171321094, 47.674139118999442 ] } },
{ "type": "Feature", "properties": { "lat": 47.674139984736712, "lon": -122.28460083887296, "time_of_day": "Morning", "causation": [ "0", "0", "0", "0", "0", "0", "0", "0", "1", "0", "0", "0", "0", "0", "0", "0", "0", "0", "0", "0", "0", "0", "0", "0" ], "duration": 86.0, "sum": 1 }, "geometry": { "type": "Point", "coordinates": [ -122.284600838872962, 47.674139984736712 ] } },
{ "type": "Feature", "properties": { "lat": 47.674147771162033, "lon": -122.28308602593049, "time_of_day": "Morning", "causation": [ "0", "0", "0", "0", "0", "0", "0", "0", "1", "0", "0", "0", "0", "0", "0", "0", "0", "0", "0", "0", "0", "0", "0", "0" ], "duration": 69.0, "sum": 1 }, "geometry": { "type": "Point", "coordinates": [ -122.283086025930487, 47.674147771162033 ] } },
{ "type": "Feature", "properties": { "lat": 47.674154688183563, "lon": -122.2826753233222, "time_of_day": "Morning", "causation": [ "0", "0", "0", "0", "0", "0", "0", "0", "1", "0", "0", "0", "0", "0", "0", "0", "0", "0", "0", "0", "0", "0", "0", "0" ], "duration": 69.0, "sum": 1 }, "geometry": { "type": "Point", "coordinates": [ -122.282675323322195, 47.674154688183563 ] } },
{ "type": "Feature", "properties": { "lat": 47.674157967694903, "lon": -122.28765798736232, "time_of_day": "Morning", "causation": [ "0", "0", "0", "0", "0", "0", "0", "0", "1", "0", "0", "0", "0", "0", "0", "0", "0", "0", "0", "0", "0", "0", "0", "0" ], "duration": 69.0, "sum": 1 }, "geometry": { "type": "Point", "coordinates": [ -122.287657987362323, 47.674157967694903 ] } },
{ "type": "Feature", "properties": { "lat": 47.674161312835999, "lon": -122.28380582836684, "time_of_day": "Morning", "causation": [ "0", "0", "0", "0", "0", "0", "0", "0", "1", "0", "0", "0", "0", "0", "0", "0", "0", "0", "0", "0", "0", "0", "0", "0" ], "duration": 69.0, "sum": 1 }, "geometry": { "type": "Point", "coordinates": [ -122.283805828366837, 47.674161312835999 ] } },
{ "type": "Feature", "properties": { "lat": 47.674162121048241, "lon": -122.28288317879849, "time_of_day": "Morning", "causation": [ "0", "0", "0", "0", "0", "0", "0", "0", "1", "0", "0", "0", "0", "0", "0", "0", "0", "0", "0", "0", "0", "0", "0", "0" ], "duration": 69.0, "sum": 1 }, "geometry": { "type": "Point", "coordinates": [ -122.282883178798485, 47.674162121048241 ] } },
{ "type": "Feature", "properties": { "lat": 47.674164931454619, "lon": -122.28328438508488, "time_of_day": "Morning", "causation": [ "0", "0", "0", "0", "0", "0", "0", "0", "1", "0", "0", "0", "0", "0", "0", "0", "0", "0", "0", "0", "0", "0", "0", "0" ], "duration": 69.0, "sum": 1 }, "geometry": { "type": "Point", "coordinates": [ -122.283284385084883, 47.674164931454619 ] } },
{ "type": "Feature", "properties": { "lat": 47.674165566328398, "lon": -122.28248368161429, "time_of_day": "Morning", "causation": [ "0", "0", "0", "0", "0", "0", "0", "0", "1", "0", "0", "0", "0", "0", "0", "0", "0", "0", "0", "0", "0", "0", "0", "0" ], "duration": 69.0, "sum": 1 }, "geometry": { "type": "Point", "coordinates": [ -122.282483681614295, 47.674165566328398 ] } },
{ "type": "Feature", "properties": { "lat": 47.674180886813289, "lon": -122.28610163459842, "time_of_day": "Morning", "causation": [ "0", "0", "0", "0", "0", "0", "0", "0", "1", "0", "0", "0", "0", "0", "0", "0", "0", "0", "0", "0", "0", "0", "0", "0" ], "duration": 69.0, "sum": 1 }, "geometry": { "type": "Point", "coordinates": [ -122.286101634598424, 47.674180886813289 ] } },
{ "type": "Feature", "properties": { "lat": 47.674220021059242, "lon": -122.28832500103624, "time_of_day": "Morning", "causation": [ "0", "0", "0", "0", "0", "0", "0", "0", "1", "0", "0", "0", "0", "0", "0", "0", "0", "0", "0", "0", "0", "0", "0", "0" ], "duration": 69.0, "sum": 1 }, "geometry": { "type": "Point", "coordinates": [ -122.288325001036242, 47.674220021059242 ] } },
{ "type": "Feature", "properties": { "lat": 47.674221898213688, "lon": -122.28721964141457, "time_of_day": "Morning", "causation": [ "0", "0", "0", "0", "0", "0", "0", "0", "1", "0", "0", "0", "0", "0", "0", "0", "0", "0", "0", "0", "0", "0", "0", "0" ], "duration": 69.0, "sum": 1 }, "geometry": { "type": "Point", "coordinates": [ -122.287219641414566, 47.674221898213688 ] } },
{ "type": "Feature", "properties": { "lat": 47.674225112281754, "lon": -122.28886689859632, "time_of_day": "Morning", "causation": [ "0", "0", "0", "0", "0", "0", "0", "0", "1", "0", "0", "0", "0", "0", "0", "0", "0", "0", "0", "0", "0", "0", "0", "0" ], "duration": 69.0, "sum": 1 }, "geometry": { "type": "Point", "coordinates": [ -122.288866898596325, 47.674225112281754 ] } },
{ "type": "Feature", "properties": { "lat": 47.67425490971106, "lon": -122.28513539373792, "time_of_day": "Morning", "causation": [ "0", "0", "0", "0", "0", "0", "0", "0", "1", "0", "0", "0", "0", "0", "0", "0", "0", "0", "0", "0", "0", "0", "0", "0" ], "duration": 86.0, "sum": 1 }, "geometry": { "type": "Point", "coordinates": [ -122.285135393737917, 47.67425490971106 ] } },
{ "type": "Feature", "properties": { "lat": 47.674267143099286, "lon": -122.28668217642952, "time_of_day": "Morning", "causation": [ "0", "0", "0", "0", "0", "0", "0", "0", "1", "0", "0", "0", "0", "0", "0", "0", "0", "0", "0", "0", "0", "0", "0", "0" ], "duration": 69.0, "sum": 1 }, "geometry": { "type": "Point", "coordinates": [ -122.286682176429522, 47.674267143099286 ] } },
{ "type": "Feature", "properties": { "lat": 47.674275606249815, "lon": -122.27251093189447, "time_of_day": "Late Night", "causation": [ "0", "0", "0", "0", "0", "0", "0", "0", "1", "0", "0", "0", "0", "0", "0", "0", "0", "0", "0", "0", "0", "0", "0", "0" ], "duration": 235.0, "sum": 1 }, "geometry": { "type": "Point", "coordinates": [ -122.272510931894473, 47.674275606249815 ] } },
{ "type": "Feature", "properties": { "lat": 47.674277851663277, "lon": -122.27197360489784, "time_of_day": "Late Night", "causation": [ "0", "0", "0", "0", "0", "0", "0", "0", "1", "0", "0", "0", "0", "0", "0", "0", "0", "0", "0", "0", "0", "0", "0", "0" ], "duration": 235.0, "sum": 1 }, "geometry": { "type": "Point", "coordinates": [ -122.271973604897838, 47.674277851663277 ] } },
{ "type": "Feature", "properties": { "lat": 47.67428302917466, "lon": -122.28554580131612, "time_of_day": "Morning", "causation": [ "0", "0", "0", "0", "0", "0", "0", "0", "1", "0", "0", "0", "0", "0", "0", "0", "0", "0", "0", "0", "0", "0", "0", "0" ], "duration": 69.0, "sum": 1 }, "geometry": { "type": "Point", "coordinates": [ -122.285545801316118, 47.67428302917466 ] } },
{ "type": "Feature", "properties": { "lat": 47.674288099540881, "lon": -122.27136949318256, "time_of_day": "Late Night", "causation": [ "0", "0", "0", "0", "0", "0", "0", "0", "1", "0", "0", "0", "0", "0", "0", "0", "0", "0", "0", "0", "0", "0", "0", "0" ], "duration": 235.0, "sum": 1 }, "geometry": { "type": "Point", "coordinates": [ -122.271369493182561, 47.674288099540881 ] } },
{ "type": "Feature", "properties": { "lat": 47.674326796481935, "lon": -122.28458978807087, "time_of_day": "Morning", "causation": [ "0", "0", "0", "0", "0", "0", "0", "0", "1", "0", "0", "0", "0", "0", "0", "0", "0", "0", "0", "0", "0", "0", "0", "0" ], "duration": 86.0, "sum": 1 }, "geometry": { "type": "Point", "coordinates": [ -122.284589788070875, 47.674326796481935 ] } },
{ "type": "Feature", "properties": { "lat": 47.674332434719346, "lon": -122.2871899997747, "time_of_day": "Morning", "causation": [ "0", "0", "0", "0", "0", "0", "0", "0", "1", "0", "0", "0", "0", "0", "0", "0", "0", "0", "0", "0", "0", "0", "0", "0" ], "duration": 69.0, "sum": 1 }, "geometry": { "type": "Point", "coordinates": [ -122.287189999774697, 47.674332434719346 ] } },
{ "type": "Feature", "properties": { "lat": 47.674339831193777, "lon": -122.28835144321955, "time_of_day": "Morning", "causation": [ "0", "0", "0", "0", "0", "0", "0", "0", "2", "0", "0", "0", "0", "0", "0", "0", "0", "0", "0", "0", "0", "0", "0", "0" ], "duration": 138.0, "sum": 2 }, "geometry": { "type": "Point", "coordinates": [ -122.288351443219554, 47.674339831193777 ] } },
{ "type": "Feature", "properties": { "lat": 47.674355058217259, "lon": -122.28777011634732, "time_of_day": "Morning", "causation": [ "0", "0", "0", "0", "0", "0", "0", "0", "1", "0", "0", "0", "0", "0", "0", "0", "0", "0", "0", "0", "0", "0", "0", "0" ], "duration": 69.0, "sum": 1 }, "geometry": { "type": "Point", "coordinates": [ -122.287770116347318, 47.674355058217259 ] } },
{ "type": "Feature", "properties": { "lat": 47.67436355836719, "lon": -122.28329591889302, "time_of_day": "Morning", "causation": [ "0", "0", "0", "0", "0", "0", "0", "0", "1", "0", "0", "0", "0", "0", "0", "0", "0", "0", "0", "0", "0", "0", "0", "0" ], "duration": 69.0, "sum": 1 }, "geometry": { "type": "Point", "coordinates": [ -122.283295918893018, 47.67436355836719 ] } },
{ "type": "Feature", "properties": { "lat": 47.674369005313352, "lon": -122.28247948908876, "time_of_day": "Morning", "causation": [ "0", "0", "0", "0", "0", "0", "0", "0", "1", "0", "0", "0", "0", "0", "0", "0", "0", "0", "0", "0", "0", "0", "0", "0" ], "duration": 69.0, "sum": 1 }, "geometry": { "type": "Point", "coordinates": [ -122.282479489088757, 47.674369005313352 ] } },
{ "type": "Feature", "properties": { "lat": 47.674369976771168, "lon": -122.28381705563264, "time_of_day": "Morning", "causation": [ "0", "0", "0", "0", "0", "0", "0", "0", "1", "0", "0", "0", "0", "0", "0", "0", "0", "0", "0", "0", "0", "0", "0", "0" ], "duration": 69.0, "sum": 1 }, "geometry": { "type": "Point", "coordinates": [ -122.283817055632639, 47.674369976771168 ] } },
{ "type": "Feature", "properties": { "lat": 47.67439568124238, "lon": -122.34951463536277, "time_of_day": "Late Night", "causation": [ "0", "0", "0", "0", "0", "0", "0", "0", "0", "0", "0", "0", "0", "0", "1", "0", "0", "0", "0", "0", "0", "0", "0", "0" ], "duration": 8.0, "sum": 1 }, "geometry": { "type": "Point", "coordinates": [ -122.349514635362766, 47.67439568124238 ] } },
{ "type": "Feature", "properties": { "lat": 47.674406553759383, "lon": -122.28554658975705, "time_of_day": "Morning", "causation": [ "0", "0", "0", "0", "0", "0", "0", "0", "1", "0", "0", "0", "0", "0", "0", "0", "0", "0", "0", "0", "0", "0", "0", "0" ], "duration": 69.0, "sum": 1 }, "geometry": { "type": "Point", "coordinates": [ -122.285546589757047, 47.674406553759383 ] } },
{ "type": "Feature", "properties": { "lat": 47.674411171412203, "lon": -122.28617218387676, "time_of_day": "Morning", "causation": [ "0", "0", "0", "0", "0", "0", "0", "0", "1", "0", "0", "0", "0", "0", "0", "0", "0", "0", "0", "0", "0", "0", "0", "0" ], "duration": 69.0, "sum": 1 }, "geometry": { "type": "Point", "coordinates": [ -122.286172183876758, 47.674411171412203 ] } },
{ "type": "Feature", "properties": { "lat": 47.674415172234077, "lon": -122.28668467996232, "time_of_day": "Morning", "causation": [ "0", "0", "0", "0", "0", "0", "0", "0", "1", "0", "0", "0", "0", "0", "0", "0", "0", "0", "0", "0", "0", "0", "0", "0" ], "duration": 69.0, "sum": 1 }, "geometry": { "type": "Point", "coordinates": [ -122.28668467996232, 47.674415172234077 ] } },
{ "type": "Feature", "properties": { "lat": 47.674421466590772, "lon": -122.28514601033812, "time_of_day": "Morning", "causation": [ "0", "0", "0", "0", "0", "0", "0", "0", "1", "0", "0", "0", "0", "0", "0", "0", "0", "0", "0", "0", "0", "0", "0", "0" ], "duration": 86.0, "sum": 1 }, "geometry": { "type": "Point", "coordinates": [ -122.285146010338124, 47.674421466590772 ] } },
{ "type": "Feature", "properties": { "lat": 47.674433377631786, "lon": -122.28735312799976, "time_of_day": "Morning", "causation": [ "0", "0", "0", "0", "0", "0", "0", "0", "1", "0", "0", "0", "0", "0", "0", "0", "0", "0", "0", "0", "0", "0", "0", "0" ], "duration": 69.0, "sum": 1 }, "geometry": { "type": "Point", "coordinates": [ -122.287353127999765, 47.674433377631786 ] } },
{ "type": "Feature", "properties": { "lat": 47.674456702997112, "lon": -122.28459361053643, "time_of_day": "Morning", "causation": [ "0", "0", "0", "0", "0", "0", "0", "0", "1", "0", "0", "0", "0", "0", "0", "0", "0", "0", "0", "0", "0", "0", "0", "0" ], "duration": 86.0, "sum": 1 }, "geometry": { "type": "Point", "coordinates": [ -122.284593610536433, 47.674456702997112 ] } },
{ "type": "Feature", "properties": { "lat": 47.674459096282021, "lon": -122.27128614000669, "time_of_day": "Late Night", "causation": [ "0", "0", "0", "0", "0", "0", "0", "0", "1", "0", "0", "0", "0", "0", "0", "0", "0", "0", "0", "0", "0", "0", "0", "0" ], "duration": 235.0, "sum": 1 }, "geometry": { "type": "Point", "coordinates": [ -122.271286140006694, 47.674459096282021 ] } },
{ "type": "Feature", "properties": { "lat": 47.674461475525483, "lon": -122.28777538424548, "time_of_day": "Morning", "causation": [ "0", "0", "0", "0", "0", "0", "0", "0", "1", "0", "0", "0", "0", "0", "0", "0", "0", "0", "0", "0", "0", "0", "0", "0" ], "duration": 69.0, "sum": 1 }, "geometry": { "type": "Point", "coordinates": [ -122.287775384245478, 47.674461475525483 ] } },
{ "type": "Feature", "properties": { "lat": 47.674462859909561, "lon": -122.27192235643705, "time_of_day": "Late Night", "causation": [ "0", "0", "0", "0", "0", "0", "0", "0", "1", "0", "0", "0", "0", "0", "0", "0", "0", "0", "0", "0", "0", "0", "0", "0" ], "duration": 235.0, "sum": 1 }, "geometry": { "type": "Point", "coordinates": [ -122.271922356437045, 47.674462859909561 ] } },
{ "type": "Feature", "properties": { "lat": 47.674487329349439, "lon": -122.28382896200988, "time_of_day": "Morning", "causation": [ "0", "0", "0", "0", "0", "0", "0", "0", "1", "0", "0", "0", "0", "0", "0", "0", "0", "0", "0", "0", "0", "0", "0", "0" ], "duration": 69.0, "sum": 1 }, "geometry": { "type": "Point", "coordinates": [ -122.283828962009878, 47.674487329349439 ] } },
{ "type": "Feature", "properties": { "lat": 47.674493853249828, "lon": -122.2832604137695, "time_of_day": "Morning", "causation": [ "0", "0", "0", "0", "0", "0", "0", "0", "1", "0", "0", "0", "0", "0", "0", "0", "0", "0", "0", "0", "0", "0", "0", "0" ], "duration": 69.0, "sum": 1 }, "geometry": { "type": "Point", "coordinates": [ -122.283260413769497, 47.674493853249828 ] } },
{ "type": "Feature", "properties": { "lat": 47.674494246989532, "lon": -122.28249548545168, "time_of_day": "Morning", "causation": [ "0", "0", "0", "0", "0", "0", "0", "0", "1", "0", "0", "0", "0", "0", "0", "0", "0", "0", "0", "0", "0", "0", "0", "0" ], "duration": 69.0, "sum": 1 }, "geometry": { "type": "Point", "coordinates": [ -122.282495485451676, 47.674494246989532 ] } },
{ "type": "Feature", "properties": { "lat": 47.67449879702167, "lon": -122.28834524904694, "time_of_day": "Morning", "causation": [ "0", "0", "0", "0", "0", "0", "0", "0", "1", "0", "0", "0", "0", "0", "0", "0", "0", "0", "0", "0", "0", "0", "0", "0" ], "duration": 69.0, "sum": 1 }, "geometry": { "type": "Point", "coordinates": [ -122.288345249046941, 47.67449879702167 ] } },
{ "type": "Feature", "properties": { "lat": 47.674529915901893, "lon": -122.2866801630021, "time_of_day": "Morning", "causation": [ "0", "0", "0", "0", "0", "0", "0", "0", "1", "0", "0", "0", "0", "0", "0", "0", "0", "0", "0", "0", "0", "0", "0", "0" ], "duration": 69.0, "sum": 1 }, "geometry": { "type": "Point", "coordinates": [ -122.286680163002103, 47.674529915901893 ] } },
{ "type": "Feature", "properties": { "lat": 47.674534741497347, "lon": -122.28615992287354, "time_of_day": "Morning", "causation": [ "0", "0", "0", "0", "0", "0", "0", "0", "1", "0", "0", "0", "0", "0", "0", "0", "0", "0", "0", "0", "0", "0", "0", "0" ], "duration": 69.0, "sum": 1 }, "geometry": { "type": "Point", "coordinates": [ -122.286159922873537, 47.674534741497347 ] } },
{ "type": "Feature", "properties": { "lat": 47.67455360895633, "lon": -122.28514012475888, "time_of_day": "Morning", "causation": [ "0", "0", "0", "0", "0", "0", "0", "0", "1", "0", "0", "0", "0", "0", "0", "0", "0", "0", "0", "0", "0", "0", "0", "0" ], "duration": 86.0, "sum": 1 }, "geometry": { "type": "Point", "coordinates": [ -122.285140124758883, 47.67455360895633 ] } },
{ "type": "Feature", "properties": { "lat": 47.67458571152725, "lon": -122.28718223036886, "time_of_day": "Morning", "causation": [ "0", "0", "0", "0", "0", "0", "0", "0", "1", "0", "0", "0", "0", "0", "0", "0", "0", "0", "0", "0", "0", "0", "0", "0" ], "duration": 69.0, "sum": 1 }, "geometry": { "type": "Point", "coordinates": [ -122.287182230368856, 47.67458571152725 ] } },
{ "type": "Feature", "properties": { "lat": 47.674591364818859, "lon": -122.28774623246666, "time_of_day": "Morning", "causation": [ "0", "0", "0", "0", "0", "0", "0", "0", "1", "0", "0", "0", "0", "0", "0", "0", "0", "0", "0", "0", "0", "0", "0", "0" ], "duration": 69.0, "sum": 1 }, "geometry": { "type": "Point", "coordinates": [ -122.28774623246666, 47.674591364818859 ] } },
{ "type": "Feature", "properties": { "lat": 47.674614217464345, "lon": -122.27124268092582, "time_of_day": "Late Night", "causation": [ "0", "0", "0", "0", "0", "0", "0", "0", "1", "0", "0", "0", "0", "0", "0", "0", "0", "0", "0", "0", "0", "0", "0", "0" ], "duration": 235.0, "sum": 1 }, "geometry": { "type": "Point", "coordinates": [ -122.271242680925823, 47.674614217464345 ] } },
{ "type": "Feature", "properties": { "lat": 47.674616824969057, "lon": -122.28329470708611, "time_of_day": "Morning", "causation": [ "0", "0", "0", "0", "0", "0", "0", "0", "1", "0", "0", "0", "0", "0", "0", "0", "0", "0", "0", "0", "0", "0", "0", "0" ], "duration": 69.0, "sum": 1 }, "geometry": { "type": "Point", "coordinates": [ -122.283294707086114, 47.674616824969057 ] } },
{ "type": "Feature", "properties": { "lat": 47.67462378815965, "lon": -122.28248685737611, "time_of_day": "Morning", "causation": [ "0", "0", "0", "0", "0", "0", "0", "0", "1", "0", "0", "0", "0", "0", "0", "0", "0", "0", "0", "0", "0", "0", "0", "0" ], "duration": 69.0, "sum": 1 }, "geometry": { "type": "Point", "coordinates": [ -122.282486857376114, 47.67462378815965 ] } },
{ "type": "Feature", "properties": { "lat": 47.67462733536702, "lon": -122.28459367418012, "time_of_day": "Morning", "causation": [ "0", "0", "0", "0", "0", "0", "0", "0", "1", "0", "0", "0", "0", "0", "0", "0", "0", "0", "0", "0", "0", "0", "0", "0" ], "duration": 86.0, "sum": 1 }, "geometry": { "type": "Point", "coordinates": [ -122.284593674180115, 47.67462733536702 ] } },
{ "type": "Feature", "properties": { "lat": 47.674628913970167, "lon": -122.28841140870344, "time_of_day": "Morning", "causation": [ "0", "0", "0", "0", "0", "0", "0", "0", "1", "0", "0", "0", "0", "0", "0", "0", "0", "0", "0", "0", "0", "0", "0", "0" ], "duration": 69.0, "sum": 1 }, "geometry": { "type": "Point", "coordinates": [ -122.288411408703439, 47.674628913970167 ] } },
{ "type": "Feature", "properties": { "lat": 47.674633520547303, "lon": -122.27177051515233, "time_of_day": "Late Night", "causation": [ "0", "0", "0", "0", "0", "0", "0", "0", "2", "0", "0", "0", "0", "0", "0", "0", "0", "0", "0", "0", "0", "0", "0", "0" ], "duration": 470.0, "sum": 2 }, "geometry": { "type": "Point", "coordinates": [ -122.271770515152326, 47.674633520547303 ] } },
{ "type": "Feature", "properties": { "lat": 47.674642463196079, "lon": -122.28382605726829, "time_of_day": "Morning", "causation": [ "0", "0", "0", "0", "0", "0", "0", "0", "1", "0", "0", "0", "0", "0", "0", "0", "0", "0", "0", "0", "0", "0", "0", "0" ], "duration": 69.0, "sum": 1 }, "geometry": { "type": "Point", "coordinates": [ -122.283826057268286, 47.674642463196079 ] } },
{ "type": "Feature", "properties": { "lat": 47.674660843834339, "lon": -122.28557951572124, "time_of_day": "Morning", "causation": [ "0", "0", "0", "0", "0", "0", "0", "0", "1", "0", "0", "0", "0", "0", "0", "0", "0", "0", "0", "0", "0", "0", "0", "0" ], "duration": 69.0, "sum": 1 }, "geometry": { "type": "Point", "coordinates": [ -122.285579515721238, 47.674660843834339 ] } },
{ "type": "Feature", "properties": { "lat": 47.674672382807493, "lon": -122.28613347238586, "time_of_day": "Morning", "causation": [ "0", "0", "0", "0", "0", "0", "0", "0", "1", "0", "0", "0", "0", "0", "0", "0", "0", "0", "0", "0", "0", "0", "0", "0" ], "duration": 69.0, "sum": 1 }, "geometry": { "type": "Point", "coordinates": [ -122.286133472385856, 47.674672382807493 ] } },
{ "type": "Feature", "properties": { "lat": 47.674682694793525, "lon": -122.28667053472412, "time_of_day": "Morning", "causation": [ "0", "0", "0", "0", "0", "0", "0", "0", "1", "0", "0", "0", "0", "0", "0", "0", "0", "0", "0", "0", "0", "0", "0", "0" ], "duration": 69.0, "sum": 1 }, "geometry": { "type": "Point", "coordinates": [ -122.286670534724124, 47.674682694793525 ] } },
{ "type": "Feature", "properties": { "lat": 47.674691192343708, "lon": -122.28515350872364, "time_of_day": "Morning", "causation": [ "0", "0", "0", "0", "0", "0", "0", "0", "1", "0", "0", "0", "0", "0", "0", "0", "0", "0", "0", "0", "0", "0", "0", "0" ], "duration": 86.0, "sum": 1 }, "geometry": { "type": "Point", "coordinates": [ -122.285153508723639, 47.674691192343708 ] } },
{ "type": "Feature", "properties": { "lat": 47.674697844499349, "lon": -122.28776375455789, "time_of_day": "Morning", "causation": [ "0", "0", "0", "0", "0", "0", "0", "0", "1", "0", "0", "0", "0", "0", "0", "0", "0", "0", "0", "0", "0", "0", "0", "0" ], "duration": 69.0, "sum": 1 }, "geometry": { "type": "Point", "coordinates": [ -122.287763754557886, 47.674697844499349 ] } },
{ "type": "Feature", "properties": { "lat": 47.674701551299165, "lon": -122.28721492072911, "time_of_day": "Morning", "causation": [ "0", "0", "0", "0", "0", "0", "0", "0", "1", "0", "0", "0", "0", "0", "0", "0", "0", "0", "0", "0", "0", "0", "0", "0" ], "duration": 69.0, "sum": 1 }, "geometry": { "type": "Point", "coordinates": [ -122.287214920729113, 47.674701551299165 ] } },
{ "type": "Feature", "properties": { "lat": 47.674765275739297, "lon": -122.28330998893898, "time_of_day": "Morning", "causation": [ "0", "0", "0", "0", "0", "0", "0", "0", "1", "0", "0", "0", "0", "0", "0", "0", "0", "0", "0", "0", "0", "0", "0", "0" ], "duration": 69.0, "sum": 1 }, "geometry": { "type": "Point", "coordinates": [ -122.283309988938981, 47.674765275739297 ] } },
{ "type": "Feature", "properties": { "lat": 47.674767792202388, "lon": -122.27124349544388, "time_of_day": "Late Night", "causation": [ "0", "0", "0", "0", "0", "0", "0", "0", "1", "0", "0", "0", "0", "0", "0", "0", "0", "0", "0", "0", "0", "0", "0", "0" ], "duration": 235.0, "sum": 1 }, "geometry": { "type": "Point", "coordinates": [ -122.271243495443883, 47.674767792202388 ] } },
{ "type": "Feature", "properties": { "lat": 47.674772253750632, "lon": -122.28381428497676, "time_of_day": "Morning", "causation": [ "0", "0", "0", "0", "0", "0", "0", "0", "1", "0", "0", "0", "0", "0", "0", "0", "0", "0", "0", "0", "0", "0", "0", "0" ], "duration": 69.0, "sum": 1 }, "geometry": { "type": "Point", "coordinates": [ -122.283814284976756, 47.674772253750632 ] } },
{ "type": "Feature", "properties": { "lat": 47.674774749628021, "lon": -122.28247548939032, "time_of_day": "Morning", "causation": [ "0", "0", "0", "0", "0", "0", "0", "0", "1", "0", "0", "0", "0", "0", "0", "0", "0", "0", "0", "0", "0", "0", "0", "0" ], "duration": 69.0, "sum": 1 }, "geometry": { "type": "Point", "coordinates": [ -122.282475489390322, 47.674774749628021 ] } },
{ "type": "Feature", "properties": { "lat": 47.67478408558862, "lon": -122.28460013815577, "time_of_day": "Morning", "causation": [ "0", "0", "0", "0", "0", "0", "0", "0", "1", "0", "0", "0", "0", "0", "0", "0", "0", "0", "0", "0", "0", "0", "0", "0" ], "duration": 86.0, "sum": 1 }, "geometry": { "type": "Point", "coordinates": [ -122.284600138155767, 47.67478408558862 ] } },
{ "type": "Feature", "properties": { "lat": 47.674784547949123, "lon": -122.27190080861418, "time_of_day": "Late Night", "causation": [ "0", "0", "0", "0", "0", "0", "0", "0", "1", "0", "0", "0", "0", "0", "0", "0", "0", "0", "0", "0", "0", "0", "0", "0" ], "duration": 235.0, "sum": 1 }, "geometry": { "type": "Point", "coordinates": [ -122.271900808614177, 47.674784547949123 ] } },
{ "type": "Feature", "properties": { "lat": 47.6748067796645, "lon": -122.28667445538406, "time_of_day": "Morning", "causation": [ "0", "0", "0", "0", "0", "0", "0", "0", "1", "0", "0", "0", "0", "0", "0", "0", "0", "0", "0", "0", "0", "0", "0", "0" ], "duration": 69.0, "sum": 1 }, "geometry": { "type": "Point", "coordinates": [ -122.286674455384059, 47.6748067796645 ] } },
{ "type": "Feature", "properties": { "lat": 47.674815265201723, "lon": -122.2855470936762, "time_of_day": "Morning", "causation": [ "0", "0", "0", "0", "0", "0", "0", "0", "1", "0", "0", "0", "0", "0", "0", "0", "0", "0", "0", "0", "0", "0", "0", "0" ], "duration": 69.0, "sum": 1 }, "geometry": { "type": "Point", "coordinates": [ -122.2855470936762, 47.674815265201723 ] } },
{ "type": "Feature", "properties": { "lat": 47.674817161910362, "lon": -122.28777684542791, "time_of_day": "Morning", "causation": [ "0", "0", "0", "0", "0", "0", "0", "0", "1", "0", "0", "0", "0", "0", "0", "0", "0", "0", "0", "0", "0", "0", "0", "0" ], "duration": 69.0, "sum": 1 }, "geometry": { "type": "Point", "coordinates": [ -122.287776845427913, 47.674817161910362 ] } },
{ "type": "Feature", "properties": { "lat": 47.674818025083731, "lon": -122.2860807957788, "time_of_day": "Morning", "causation": [ "0", "0", "0", "0", "0", "0", "0", "0", "1", "0", "0", "0", "0", "0", "0", "0", "0", "0", "0", "0", "0", "0", "0", "0" ], "duration": 69.0, "sum": 1 }, "geometry": { "type": "Point", "coordinates": [ -122.286080795778801, 47.674818025083731 ] } },
{ "type": "Feature", "properties": { "lat": 47.67482492960891, "lon": -122.28516426417455, "time_of_day": "Morning", "causation": [ "0", "0", "0", "0", "0", "0", "0", "0", "2", "0", "0", "0", "0", "0", "0", "0", "0", "0", "0", "0", "0", "0", "0", "0" ], "duration": 172.0, "sum": 2 }, "geometry": { "type": "Point", "coordinates": [ -122.285164264174554, 47.67482492960891 ] } },
{ "type": "Feature", "properties": { "lat": 47.67484636208674, "lon": -122.28719652518096, "time_of_day": "Morning", "causation": [ "0", "0", "0", "0", "0", "0", "0", "0", "1", "0", "0", "0", "0", "0", "0", "0", "0", "0", "0", "0", "0", "0", "0", "0" ], "duration": 69.0, "sum": 1 }, "geometry": { "type": "Point", "coordinates": [ -122.28719652518096, 47.67484636208674 ] } },
{ "type": "Feature", "properties": { "lat": 47.674904561658387, "lon": -122.28463293203832, "time_of_day": "Morning", "causation": [ "0", "0", "0", "0", "0", "0", "0", "0", "1", "0", "0", "0", "0", "0", "0", "0", "0", "0", "0", "0", "0", "0", "0", "0" ], "duration": 86.0, "sum": 1 }, "geometry": { "type": "Point", "coordinates": [ -122.284632932038321, 47.674904561658387 ] } },
{ "type": "Feature", "properties": { "lat": 47.674919728862783, "lon": -122.282534509982, "time_of_day": "Morning", "causation": [ "0", "0", "0", "0", "0", "0", "0", "0", "1", "0", "0", "0", "0", "0", "0", "0", "0", "0", "0", "0", "0", "0", "0", "0" ], "duration": 69.0, "sum": 1 }, "geometry": { "type": "Point", "coordinates": [ -122.282534509982, 47.674919728862783 ] } },
{ "type": "Feature", "properties": { "lat": 47.674946810380327, "lon": -122.28558074717128, "time_of_day": "Morning", "causation": [ "0", "0", "0", "0", "0", "0", "0", "0", "1", "0", "0", "0", "0", "0", "0", "0", "0", "0", "0", "0", "0", "0", "0", "0" ], "duration": 69.0, "sum": 1 }, "geometry": { "type": "Point", "coordinates": [ -122.285580747171281, 47.674946810380327 ] } },
{ "type": "Feature", "properties": { "lat": 47.674948156177926, "lon": -122.28778826978191, "time_of_day": "Morning", "causation": [ "0", "0", "0", "0", "0", "0", "0", "0", "1", "0", "0", "0", "0", "0", "0", "0", "0", "0", "0", "0", "0", "0", "0", "0" ], "duration": 69.0, "sum": 1 }, "geometry": { "type": "Point", "coordinates": [ -122.287788269781913, 47.674948156177926 ] } },
{ "type": "Feature", "properties": { "lat": 47.67495412082495, "lon": -122.27125321401461, "time_of_day": "Late Night", "causation": [ "0", "0", "0", "0", "0", "0", "0", "0", "1", "0", "0", "0", "0", "0", "0", "0", "0", "0", "0", "0", "0", "0", "0", "0" ], "duration": 235.0, "sum": 1 }, "geometry": { "type": "Point", "coordinates": [ -122.271253214014607, 47.67495412082495 ] } },
{ "type": "Feature", "properties": { "lat": 47.674957791881603, "lon": -122.2883266441435, "time_of_day": "Morning", "causation": [ "0", "0", "0", "0", "0", "0", "0", "0", "1", "0", "0", "0", "0", "0", "0", "0", "0", "0", "0", "0", "0", "0", "0", "0" ], "duration": 69.0, "sum": 1 }, "geometry": { "type": "Point", "coordinates": [ -122.288326644143496, 47.674957791881603 ] } },
{ "type": "Feature", "properties": { "lat": 47.674959876782893, "lon": -122.28186507822063, "time_of_day": "Morning", "causation": [ "0", "0", "0", "0", "0", "0", "0", "0", "1", "0", "0", "0", "0", "0", "0", "0", "0", "0", "0", "0", "0", "0", "0", "0" ], "duration": 69.0, "sum": 1 }, "geometry": { "type": "Point", "coordinates": [ -122.281865078220633, 47.674959876782893 ] } },
{ "type": "Feature", "properties": { "lat": 47.674964698531319, "lon": -122.28515501901175, "time_of_day": "Morning", "causation": [ "0", "0", "0", "0", "0", "0", "0", "0", "1", "0", "0", "0", "0", "0", "0", "0", "0", "0", "0", "0", "0", "0", "0", "0" ], "duration": 86.0, "sum": 1 }, "geometry": { "type": "Point", "coordinates": [ -122.285155019011754, 47.674964698531319 ] } },
{ "type": "Feature", "properties": { "lat": 47.675023059148224, "lon": -122.27185899350953, "time_of_day": "Late Night", "causation": [ "0", "0", "0", "0", "0", "0", "0", "0", "1", "0", "0", "0", "0", "0", "0", "0", "0", "0", "0", "0", "0", "0", "0", "0" ], "duration": 235.0, "sum": 1 }, "geometry": { "type": "Point", "coordinates": [ -122.271858993509525, 47.675023059148224 ] } },
{ "type": "Feature", "properties": { "lat": 47.675036440772367, "lon": -122.28457790172337, "time_of_day": "Morning", "causation": [ "0", "0", "0", "0", "0", "0", "0", "0", "1", "0", "0", "0", "0", "0", "0", "0", "0", "0", "0", "0", "0", "0", "0", "0" ], "duration": 86.0, "sum": 1 }, "geometry": { "type": "Point", "coordinates": [ -122.284577901723367, 47.675036440772367 ] } },
{ "type": "Feature", "properties": { "lat": 47.675050640721558, "lon": -122.28253138061442, "time_of_day": "Morning", "causation": [ "0", "0", "0", "0", "0", "0", "0", "0", "1", "0", "0", "0", "0", "0", "0", "0", "0", "0", "0", "0", "0", "0", "0", "0" ], "duration": 69.0, "sum": 1 }, "geometry": { "type": "Point", "coordinates": [ -122.282531380614415, 47.675050640721558 ] } },
{ "type": "Feature", "properties": { "lat": 47.675069847259643, "lon": -122.28777846887662, "time_of_day": "Morning", "causation": [ "0", "0", "0", "0", "0", "0", "0", "0", "1", "0", "0", "0", "0", "0", "0", "0", "0", "0", "0", "0", "0", "0", "0", "0" ], "duration": 69.0, "sum": 1 }, "geometry": { "type": "Point", "coordinates": [ -122.287778468876624, 47.675069847259643 ] } },
{ "type": "Feature", "properties": { "lat": 47.675095469744612, "lon": -122.28833990938824, "time_of_day": "Morning", "causation": [ "0", "0", "0", "0", "0", "0", "0", "0", "1", "0", "0", "0", "0", "0", "0", "0", "0", "0", "0", "0", "0", "0", "0", "0" ], "duration": 69.0, "sum": 1 }, "geometry": { "type": "Point", "coordinates": [ -122.288339909388242, 47.675095469744612 ] } },
{ "type": "Feature", "properties": { "lat": 47.675099526228209, "lon": -122.28515075926489, "time_of_day": "Morning", "causation": [ "0", "0", "0", "0", "0", "0", "0", "0", "1", "0", "0", "0", "0", "0", "0", "0", "0", "0", "0", "0", "0", "0", "0", "0" ], "duration": 86.0, "sum": 1 }, "geometry": { "type": "Point", "coordinates": [ -122.285150759264894, 47.675099526228209 ] } },
{ "type": "Feature", "properties": { "lat": 47.675109860942207, "lon": -122.28560101094862, "time_of_day": "Morning", "causation": [ "0", "0", "0", "0", "0", "0", "0", "0", "1", "0", "0", "0", "0", "0", "0", "0", "0", "0", "0", "0", "0", "0", "0", "0" ], "duration": 69.0, "sum": 1 }, "geometry": { "type": "Point", "coordinates": [ -122.285601010948625, 47.675109860942207 ] } },
{ "type": "Feature", "properties": { "lat": 47.675113754316399, "lon": -122.28614796657776, "time_of_day": "Morning", "causation": [ "0", "0", "0", "0", "0", "0", "0", "0", "1", "0", "0", "0", "0", "0", "0", "0", "0", "0", "0", "0", "0", "0", "0", "0" ], "duration": 69.0, "sum": 1 }, "geometry": { "type": "Point", "coordinates": [ -122.286147966577758, 47.675113754316399 ] } },
{ "type": "Feature", "properties": { "lat": 47.675124619566816, "lon": -122.27125028679976, "time_of_day": "Late Night", "causation": [ "0", "0", "0", "0", "0", "0", "0", "0", "1", "0", "0", "0", "0", "0", "0", "0", "0", "0", "0", "0", "0", "0", "0", "0" ], "duration": 235.0, "sum": 1 }, "geometry": { "type": "Point", "coordinates": [ -122.271250286799756, 47.675124619566816 ] } },
{ "type": "Feature", "properties": { "lat": 47.675182850309483, "lon": -122.27186831267851, "time_of_day": "Late Night", "causation": [ "0", "0", "0", "0", "0", "0", "0", "0", "1", "0", "0", "0", "0", "0", "0", "0", "0", "0", "0", "0", "0", "0", "0", "0" ], "duration": 235.0, "sum": 1 }, "geometry": { "type": "Point", "coordinates": [ -122.271868312678507, 47.675182850309483 ] } },
{ "type": "Feature", "properties": { "lat": 47.675189741094051, "lon": -122.28252291354136, "time_of_day": "Morning", "causation": [ "0", "0", "0", "0", "0", "0", "0", "0", "1", "0", "0", "0", "0", "0", "0", "0", "0", "0", "0", "0", "0", "0", "0", "0" ], "duration": 69.0, "sum": 1 }, "geometry": { "type": "Point", "coordinates": [ -122.282522913541357, 47.675189741094051 ] } },
{ "type": "Feature", "properties": { "lat": 47.67519985448908, "lon": -122.28454861412304, "time_of_day": "Morning", "causation": [ "0", "0", "0", "0", "0", "0", "0", "0", "1", "0", "0", "0", "0", "0", "0", "0", "0", "0", "0", "0", "0", "0", "0", "0" ], "duration": 86.0, "sum": 1 }, "geometry": { "type": "Point", "coordinates": [ -122.28454861412304, 47.67519985448908 ] } },
{ "type": "Feature", "properties": { "lat": 47.675204453342907, "lon": -122.28780960339211, "time_of_day": "Morning", "causation": [ "0", "0", "0", "0", "0", "0", "0", "0", "1", "0", "0", "0", "0", "0", "0", "0", "0", "0", "0", "0", "0", "0", "0", "0" ], "duration": 69.0, "sum": 1 }, "geometry": { "type": "Point", "coordinates": [ -122.287809603392105, 47.675204453342907 ] } },
{ "type": "Feature", "properties": { "lat": 47.675213742357883, "lon": -122.28515684059568, "time_of_day": "Morning", "causation": [ "0", "0", "0", "0", "0", "0", "0", "0", "1", "0", "0", "0", "0", "0", "0", "0", "0", "0", "0", "0", "0", "0", "0", "0" ], "duration": 86.0, "sum": 1 }, "geometry": { "type": "Point", "coordinates": [ -122.285156840595675, 47.675213742357883 ] } },
{ "type": "Feature", "properties": { "lat": 47.675242851485933, "lon": -122.28831667234031, "time_of_day": "Morning", "causation": [ "0", "0", "0", "0", "0", "0", "0", "0", "1", "0", "0", "0", "0", "0", "0", "0", "0", "0", "0", "0", "0", "0", "0", "0" ], "duration": 69.0, "sum": 1 }, "geometry": { "type": "Point", "coordinates": [ -122.288316672340315, 47.675242851485933 ] } },
{ "type": "Feature", "properties": { "lat": 47.675246326809201, "lon": -122.27125032924199, "time_of_day": "Late Night", "causation": [ "0", "0", "0", "0", "0", "0", "0", "0", "2", "0", "0", "0", "0", "0", "0", "0", "0", "0", "0", "0", "0", "0", "0", "0" ], "duration": 470.0, "sum": 2 }, "geometry": { "type": "Point", "coordinates": [ -122.271250329241994, 47.675246326809201 ] } },
{ "type": "Feature", "properties": { "lat": 47.67525193966172, "lon": -122.28611777156004, "time_of_day": "Morning", "causation": [ "0", "0", "0", "0", "0", "0", "0", "0", "1", "0", "0", "0", "0", "0", "0", "0", "0", "0", "0", "0", "0", "0", "0", "0" ], "duration": 69.0, "sum": 1 }, "geometry": { "type": "Point", "coordinates": [ -122.286117771560043, 47.67525193966172 ] } },
{ "type": "Feature", "properties": { "lat": 47.675277418828472, "lon": -122.2856041464824, "time_of_day": "Morning", "causation": [ "0", "0", "0", "0", "0", "0", "0", "0", "1", "0", "0", "0", "0", "0", "0", "0", "0", "0", "0", "0", "0", "0", "0", "0" ], "duration": 69.0, "sum": 1 }, "geometry": { "type": "Point", "coordinates": [ -122.285604146482399, 47.675277418828472 ] } },
{ "type": "Feature", "properties": { "lat": 47.675311387675968, "lon": -122.28458598963221, "time_of_day": "Morning", "causation": [ "0", "0", "0", "0", "0", "0", "0", "0", "1", "0", "0", "0", "0", "0", "0", "0", "0", "0", "0", "0", "0", "0", "0", "0" ], "duration": 86.0, "sum": 1 }, "geometry": { "type": "Point", "coordinates": [ -122.284585989632205, 47.675311387675968 ] } },
{ "type": "Feature", "properties": { "lat": 47.675323032399575, "lon": -122.28252067056806, "time_of_day": "Morning", "causation": [ "0", "0", "0", "0", "0", "0", "0", "0", "1", "0", "0", "0", "0", "0", "0", "0", "0", "0", "0", "0", "0", "0", "0", "0" ], "duration": 69.0, "sum": 1 }, "geometry": { "type": "Point", "coordinates": [ -122.282520670568061, 47.675323032399575 ] } },
{ "type": "Feature", "properties": { "lat": 47.675346744334959, "lon": -122.271866008495, "time_of_day": "Late Night", "causation": [ "0", "0", "0", "0", "0", "0", "0", "0", "1", "0", "0", "0", "0", "0", "0", "0", "0", "0", "0", "0", "0", "0", "0", "0" ], "duration": 235.0, "sum": 1 }, "geometry": { "type": "Point", "coordinates": [ -122.271866008494996, 47.675346744334959 ] } },
{ "type": "Feature", "properties": { "lat": 47.675364151053529, "lon": -122.28778836589696, "time_of_day": "Morning", "causation": [ "0", "0", "0", "0", "0", "0", "0", "0", "1", "0", "0", "0", "0", "0", "0", "0", "0", "0", "0", "0", "0", "0", "0", "0" ], "duration": 69.0, "sum": 1 }, "geometry": { "type": "Point", "coordinates": [ -122.287788365896958, 47.675364151053529 ] } },
{ "type": "Feature", "properties": { "lat": 47.675367532939823, "lon": -122.2851616646808, "time_of_day": "Morning", "causation": [ "0", "0", "0", "0", "0", "0", "0", "0", "1", "0", "0", "0", "0", "0", "0", "0", "0", "0", "0", "0", "0", "0", "0", "0" ], "duration": 86.0, "sum": 1 }, "geometry": { "type": "Point", "coordinates": [ -122.2851616646808, 47.675367532939823 ] } },
{ "type": "Feature", "properties": { "lat": 47.675381399429376, "lon": -122.28833886524814, "time_of_day": "Morning", "causation": [ "0", "0", "0", "0", "0", "0", "0", "0", "1", "0", "0", "0", "0", "0", "0", "0", "0", "0", "0", "0", "0", "0", "0", "0" ], "duration": 69.0, "sum": 1 }, "geometry": { "type": "Point", "coordinates": [ -122.288338865248136, 47.675381399429376 ] } },
{ "type": "Feature", "properties": { "lat": 47.675436669736818, "lon": -122.28612505486042, "time_of_day": "Morning", "causation": [ "0", "0", "0", "0", "0", "0", "0", "0", "1", "0", "0", "0", "0", "0", "0", "0", "0", "0", "0", "0", "0", "0", "0", "0" ], "duration": 69.0, "sum": 1 }, "geometry": { "type": "Point", "coordinates": [ -122.28612505486042, 47.675436669736818 ] } },
{ "type": "Feature", "properties": { "lat": 47.675475791884828, "lon": -122.28253626137966, "time_of_day": "Morning", "causation": [ "0", "0", "0", "0", "0", "0", "0", "0", "1", "0", "0", "0", "0", "0", "0", "0", "0", "0", "0", "0", "0", "0", "0", "0" ], "duration": 69.0, "sum": 1 }, "geometry": { "type": "Point", "coordinates": [ -122.282536261379661, 47.675475791884828 ] } },
{ "type": "Feature", "properties": { "lat": 47.675489534701299, "lon": -122.28557317801372, "time_of_day": "Morning", "causation": [ "0", "0", "0", "0", "0", "0", "0", "0", "1", "0", "0", "0", "0", "0", "0", "0", "0", "0", "0", "0", "0", "0", "0", "0" ], "duration": 69.0, "sum": 1 }, "geometry": { "type": "Point", "coordinates": [ -122.285573178013721, 47.675489534701299 ] } },
{ "type": "Feature", "properties": { "lat": 47.675497933119317, "lon": -122.28833929004342, "time_of_day": "Morning", "causation": [ "0", "0", "0", "0", "0", "0", "0", "0", "1", "0", "0", "0", "0", "0", "0", "0", "0", "0", "0", "0", "0", "0", "0", "0" ], "duration": 69.0, "sum": 1 }, "geometry": { "type": "Point", "coordinates": [ -122.288339290043425, 47.675497933119317 ] } },
{ "type": "Feature", "properties": { "lat": 47.675509133650799, "lon": -122.28520043376784, "time_of_day": "Morning", "causation": [ "0", "0", "0", "0", "0", "0", "0", "0", "1", "0", "0", "0", "0", "0", "0", "0", "0", "0", "0", "0", "0", "0", "0", "0" ], "duration": 86.0, "sum": 1 }, "geometry": { "type": "Point", "coordinates": [ -122.285200433767841, 47.675509133650799 ] } },
{ "type": "Feature", "properties": { "lat": 47.675517980294494, "lon": -122.28778781954938, "time_of_day": "Morning", "causation": [ "0", "0", "0", "0", "0", "0", "0", "0", "1", "0", "0", "0", "0", "0", "0", "0", "0", "0", "0", "0", "0", "0", "0", "0" ], "duration": 69.0, "sum": 1 }, "geometry": { "type": "Point", "coordinates": [ -122.287787819549379, 47.675517980294494 ] } },
{ "type": "Feature", "properties": { "lat": 47.67559540627181, "lon": -122.28612839614914, "time_of_day": "Morning", "causation": [ "0", "0", "0", "0", "0", "0", "0", "0", "1", "0", "0", "0", "0", "0", "0", "0", "0", "0", "0", "0", "0", "0", "0", "0" ], "duration": 69.0, "sum": 1 }, "geometry": { "type": "Point", "coordinates": [ -122.286128396149138, 47.67559540627181 ] } },
{ "type": "Feature", "properties": { "lat": 47.6756296293917, "lon": -122.28558036916608, "time_of_day": "Morning", "causation": [ "0", "0", "0", "0", "0", "0", "0", "0", "1", "0", "0", "0", "0", "0", "0", "0", "0", "0", "0", "0", "0", "0", "0", "0" ], "duration": 69.0, "sum": 1 }, "geometry": { "type": "Point", "coordinates": [ -122.285580369166084, 47.6756296293917 ] } },
{ "type": "Feature", "properties": { "lat": 47.675641474419422, "lon": -122.28519765548728, "time_of_day": "Morning", "causation": [ "0", "0", "0", "0", "0", "0", "0", "0", "1", "0", "0", "0", "0", "0", "0", "0", "0", "0", "0", "0", "0", "0", "0", "0" ], "duration": 86.0, "sum": 1 }, "geometry": { "type": "Point", "coordinates": [ -122.285197655487281, 47.675641474419422 ] } },
{ "type": "Feature", "properties": { "lat": 47.676023176698749, "lon": -122.31678417823238, "time_of_day": "Morning", "causation": [ "0", "0", "0", "0", "0", "0", "0", "0", "0", "0", "0", "0", "0", "0", "0", "0", "0", "0", "2", "0", "0", "0", "0", "0" ], "duration": 336.0, "sum": 2 }, "geometry": { "type": "Point", "coordinates": [ -122.316784178232382, 47.676023176698749 ] } },
{ "type": "Feature", "properties": { "lat": 47.679739314945166, "lon": -122.32255619761725, "time_of_day": "Morning", "causation": [ "0", "0", "0", "0", "0", "0", "0", "0", "20", "0", "0", "0", "0", "0", "0", "0", "0", "0", "0", "0", "0", "0", "0", "0" ], "duration": 3420.0, "sum": 20 }, "geometry": { "type": "Point", "coordinates": [ -122.322556197617246, 47.679739314945166 ] } },
{ "type": "Feature", "properties": { "lat": 47.685785651192425, "lon": -122.27609746005308, "time_of_day": "Late Night", "causation": [ "0", "0", "0", "0", "0", "0", "0", "0", "1", "0", "0", "0", "0", "0", "0", "0", "0", "0", "0", "0", "0", "0", "0", "0" ], "duration": 1444.0, "sum": 1 }, "geometry": { "type": "Point", "coordinates": [ -122.27609746005308, 47.685785651192425 ] } },
{ "type": "Feature", "properties": { "lat": 47.687341862884274, "lon": -122.32460428200102, "time_of_day": "Late Night", "causation": [ "0", "0", "0", "0", "0", "0", "0", "0", "1", "0", "0", "0", "0", "0", "0", "0", "0", "0", "0", "0", "0", "0", "0", "0" ], "duration": 265.0, "sum": 1 }, "geometry": { "type": "Point", "coordinates": [ -122.324604282001019, 47.687341862884274 ] } },
{ "type": "Feature", "properties": { "lat": 47.687362487531452, "lon": -122.32507006997042, "time_of_day": "Late Night", "causation": [ "0", "0", "0", "0", "0", "0", "0", "0", "1", "0", "0", "0", "0", "0", "0", "0", "0", "0", "0", "0", "0", "0", "0", "0" ], "duration": 265.0, "sum": 1 }, "geometry": { "type": "Point", "coordinates": [ -122.325070069970423, 47.687362487531452 ] } },
{ "type": "Feature", "properties": { "lat": 47.687721032116642, "lon": -122.32504150993547, "time_of_day": "Late Night", "causation": [ "0", "0", "0", "0", "0", "0", "0", "0", "1", "0", "0", "0", "0", "0", "0", "0", "0", "0", "0", "0", "0", "0", "0", "0" ], "duration": 265.0, "sum": 1 }, "geometry": { "type": "Point", "coordinates": [ -122.325041509935474, 47.687721032116642 ] } },
{ "type": "Feature", "properties": { "lat": 47.687721402206002, "lon": -122.32520906327424, "time_of_day": "Late Night", "causation": [ "0", "0", "0", "0", "0", "0", "0", "0", "1", "0", "0", "0", "0", "0", "0", "0", "0", "0", "0", "0", "0", "0", "0", "0" ], "duration": 265.0, "sum": 1 }, "geometry": { "type": "Point", "coordinates": [ -122.325209063274244, 47.687721402206002 ] } },
{ "type": "Feature", "properties": { "lat": 47.687724053319833, "lon": -122.32541792010367, "time_of_day": "Late Night", "causation": [ "0", "0", "0", "0", "0", "0", "0", "0", "1", "0", "0", "0", "0", "0", "0", "0", "0", "0", "0", "0", "0", "0", "0", "0" ], "duration": 265.0, "sum": 1 }, "geometry": { "type": "Point", "coordinates": [ -122.325417920103675, 47.687724053319833 ] } },
{ "type": "Feature", "properties": { "lat": 47.687745906713879, "lon": -122.32481174211344, "time_of_day": "Late Night", "causation": [ "0", "0", "0", "0", "0", "0", "0", "0", "1", "0", "0", "0", "0", "0", "0", "0", "0", "0", "0", "0", "0", "0", "0", "0" ], "duration": 265.0, "sum": 1 }, "geometry": { "type": "Point", "coordinates": [ -122.32481174211344, 47.687745906713879 ] } },
{ "type": "Feature", "properties": { "lat": 47.687856192775229, "lon": -122.32544450850391, "time_of_day": "Late Night", "causation": [ "0", "0", "0", "0", "0", "0", "0", "0", "1", "0", "0", "0", "0", "0", "0", "0", "0", "0", "0", "0", "0", "0", "0", "0" ], "duration": 265.0, "sum": 1 }, "geometry": { "type": "Point", "coordinates": [ -122.325444508503907, 47.687856192775229 ] } },
{ "type": "Feature", "properties": { "lat": 47.693226503805157, "lon": -122.34202912286771, "time_of_day": "Morning", "causation": [ "0", "0", "0", "0", "0", "0", "0", "0", "1", "0", "0", "0", "0", "0", "0", "0", "0", "0", "0", "0", "0", "0", "0", "0" ], "duration": 900.0, "sum": 1 }, "geometry": { "type": "Point", "coordinates": [ -122.342029122867714, 47.693226503805157 ] } },
{ "type": "Feature", "properties": { "lat": 47.699829102852412, "lon": -122.34425437195968, "time_of_day": "Late Night", "causation": [ "0", "0", "0", "0", "0", "0", "0", "0", "0", "0", "0", "0", "0", "0", "0", "0", "0", "0", "1", "0", "0", "0", "0", "0" ], "duration": 165.0, "sum": 1 }, "geometry": { "type": "Point", "coordinates": [ -122.344254371959678, 47.699829102852412 ] } },
{ "type": "Feature", "properties": { "lat": 47.699830794659441, "lon": -122.34349315489663, "time_of_day": "Late Night", "causation": [ "0", "0", "0", "0", "0", "0", "0", "0", "0", "0", "0", "0", "0", "0", "0", "0", "0", "0", "3", "0", "0", "0", "0", "0" ], "duration": 495.0, "sum": 3 }, "geometry": { "type": "Point", "coordinates": [ -122.343493154896635, 47.699830794659441 ] } },
{ "type": "Feature", "properties": { "lat": 47.699897230607803, "lon": -122.34268814405571, "time_of_day": "Late Night", "causation": [ "0", "0", "0", "0", "0", "0", "0", "0", "0", "0", "0", "0", "0", "0", "0", "0", "0", "0", "1", "0", "0", "0", "0", "0" ], "duration": 165.0, "sum": 1 }, "geometry": { "type": "Point", "coordinates": [ -122.342688144055714, 47.699897230607803 ] } },
{ "type": "Feature", "properties": { "lat": 47.69996567706972, "lon": -122.34428176505359, "time_of_day": "Late Night", "causation": [ "0", "0", "0", "0", "0", "0", "0", "0", "0", "0", "0", "0", "0", "0", "0", "0", "0", "0", "1", "0", "0", "0", "0", "0" ], "duration": 165.0, "sum": 1 }, "geometry": { "type": "Point", "coordinates": [ -122.344281765053594, 47.69996567706972 ] } },
{ "type": "Feature", "properties": { "lat": 47.700329745669976, "lon": -122.34419741320126, "time_of_day": "Late Night", "causation": [ "0", "0", "0", "0", "0", "0", "0", "0", "0", "0", "0", "0", "0", "0", "0", "0", "0", "0", "1", "0", "0", "0", "0", "0" ], "duration": 165.0, "sum": 1 }, "geometry": { "type": "Point", "coordinates": [ -122.344197413201258, 47.700329745669976 ] } },
{ "type": "Feature", "properties": { "lat": 47.700347283490999, "lon": -122.34356924077387, "time_of_day": "Late Night", "causation": [ "0", "0", "0", "0", "0", "0", "0", "0", "0", "0", "0", "0", "0", "0", "0", "0", "0", "0", "1", "0", "0", "0", "0", "0" ], "duration": 165.0, "sum": 1 }, "geometry": { "type": "Point", "coordinates": [ -122.343569240773874, 47.700347283490999 ] } },
{ "type": "Feature", "properties": { "lat": 47.700798413781733, "lon": -122.32715664383063, "time_of_day": "Late Night", "causation": [ "0", "0", "0", "0", "0", "0", "0", "0", "2", "0", "0", "0", "0", "0", "0", "0", "0", "0", "0", "0", "0", "0", "0", "0" ], "duration": 1699.0, "sum": 2 }, "geometry": { "type": "Point", "coordinates": [ -122.327156643830634, 47.700798413781733 ] } },
{ "type": "Feature", "properties": { "lat": 47.701053670340521, "lon": -122.32660845513882, "time_of_day": "Late Night", "causation": [ "0", "0", "0", "0", "0", "0", "0", "0", "2", "0", "0", "0", "0", "0", "0", "0", "0", "0", "0", "0", "0", "0", "0", "0" ], "duration": 1699.0, "sum": 2 }, "geometry": { "type": "Point", "coordinates": [ -122.326608455138825, 47.701053670340521 ] } },
{ "type": "Feature", "properties": { "lat": 47.701473214413546, "lon": -122.32752070522878, "time_of_day": "Late Night", "causation": [ "0", "0", "0", "0", "0", "0", "0", "0", "2", "0", "0", "0", "0", "0", "0", "0", "0", "0", "0", "0", "0", "0", "0", "0" ], "duration": 1699.0, "sum": 2 }, "geometry": { "type": "Point", "coordinates": [ -122.327520705228778, 47.701473214413546 ] } },
{ "type": "Feature", "properties": { "lat": 47.707716880752272, "lon": -122.30110207187576, "time_of_day": "Morning", "causation": [ "0", "0", "0", "0", "0", "0", "0", "0", "0", "0", "0", "0", "0", "0", "0", "0", "0", "0", "1", "0", "0", "0", "0", "0" ], "duration": 52.0, "sum": 1 }, "geometry": { "type": "Point", "coordinates": [ -122.301102071875761, 47.707716880752272 ] } },
{ "type": "Feature", "properties": { "lat": 47.707737461899299, "lon": -122.30123345855152, "time_of_day": "Morning", "causation": [ "0", "0", "0", "0", "0", "0", "0", "0", "0", "0", "0", "0", "0", "0", "0", "0", "0", "0", "1", "0", "0", "0", "0", "0" ], "duration": 52.0, "sum": 1 }, "geometry": { "type": "Point", "coordinates": [ -122.301233458551522, 47.707737461899299 ] } },
{ "type": "Feature", "properties": { "lat": 47.707838085556048, "lon": -122.3012203494432, "time_of_day": "Morning", "causation": [ "0", "0", "0", "0", "0", "0", "0", "0", "0", "0", "0", "0", "0", "0", "0", "0", "0", "0", "3", "0", "0", "0", "0", "0" ], "duration": 156.0, "sum": 3 }, "geometry": { "type": "Point", "coordinates": [ -122.301220349443199, 47.707838085556048 ] } },
{ "type": "Feature", "properties": { "lat": 47.707887687839552, "lon": -122.30228520820918, "time_of_day": "Morning", "causation": [ "0", "0", "0", "0", "0", "0", "0", "0", "0", "0", "0", "0", "0", "0", "0", "0", "0", "0", "1", "0", "0", "0", "0", "0" ], "duration": 52.0, "sum": 1 }, "geometry": { "type": "Point", "coordinates": [ -122.302285208209184, 47.707887687839552 ] } },
{ "type": "Feature", "properties": { "lat": 47.708011277182464, "lon": -122.30103506642824, "time_of_day": "Morning", "causation": [ "0", "0", "0", "0", "0", "0", "0", "0", "0", "0", "0", "0", "0", "0", "0", "0", "0", "0", "1", "0", "0", "0", "0", "0" ], "duration": 52.0, "sum": 1 }, "geometry": { "type": "Point", "coordinates": [ -122.301035066428241, 47.708011277182464 ] } },
{ "type": "Feature", "properties": { "lat": 47.708235498526335, "lon": -122.30111570879984, "time_of_day": "Morning", "causation": [ "0", "0", "0", "0", "0", "0", "0", "0", "0", "0", "0", "0", "0", "0", "0", "0", "0", "0", "1", "0", "0", "0", "0", "0" ], "duration": 52.0, "sum": 1 }, "geometry": { "type": "Point", "coordinates": [ -122.301115708799841, 47.708235498526335 ] } },
{ "type": "Feature", "properties": { "lat": 47.708551001909797, "lon": -122.30189277935972, "time_of_day": "Morning", "causation": [ "0", "0", "0", "0", "0", "0", "0", "0", "0", "0", "0", "0", "0", "0", "0", "0", "0", "0", "4", "0", "0", "0", "0", "0" ], "duration": 176.0, "sum": 4 }, "geometry": { "type": "Point", "coordinates": [ -122.301892779359719, 47.708551001909797 ] } },
{ "type": "Feature", "properties": { "lat": 47.709186461291601, "lon": -122.27734609253019, "time_of_day": "Afternoon", "causation": [ "0", "0", "0", "0", "0", "0", "0", "0", "0", "0", "0", "0", "0", "0", "0", "0", "0", "0", "0", "0", "1", "0", "0", "0" ], "duration": 601.0, "sum": 1 }, "geometry": { "type": "Point", "coordinates": [ -122.277346092530195, 47.709186461291601 ] } },
{ "type": "Feature", "properties": { "lat": 47.715274411933777, "lon": -122.30959727657084, "time_of_day": "Late Night", "causation": [ "0", "0", "0", "0", "0", "0", "0", "0", "0", "0", "0", "0", "0", "0", "0", "0", "0", "1", "0", "0", "0", "0", "0", "0" ], "duration": 124.0, "sum": 1 }, "geometry": { "type": "Point", "coordinates": [ -122.309597276570841, 47.715274411933777 ] } },
{ "type": "Feature", "properties": { "lat": 47.715274411933777, "lon": -122.30959727657084, "time_of_day": "Morning", "causation": [ "0", "0", "0", "0", "0", "0", "0", "0", "1", "0", "0", "0", "0", "0", "0", "0", "0", "0", "0", "0", "0", "0", "0", "0" ], "duration": 118.0, "sum": 1 }, "geometry": { "type": "Point", "coordinates": [ -122.309597276570841, 47.715274411933777 ] } },
{ "type": "Feature", "properties": { "lat": 47.715275815833976, "lon": -122.31019010715244, "time_of_day": "Late Night", "causation": [ "0", "0", "0", "0", "0", "0", "0", "0", "0", "0", "0", "0", "0", "0", "0", "0", "0", "1", "0", "0", "0", "0", "0", "0" ], "duration": 124.0, "sum": 1 }, "geometry": { "type": "Point", "coordinates": [ -122.310190107152437, 47.715275815833976 ] } },
{ "type": "Feature", "properties": { "lat": 47.715275815833976, "lon": -122.31019010715244, "time_of_day": "Morning", "causation": [ "0", "0", "0", "0", "0", "0", "0", "0", "1", "0", "0", "0", "0", "0", "0", "0", "0", "0", "0", "0", "0", "0", "0", "0" ], "duration": 118.0, "sum": 1 }, "geometry": { "type": "Point", "coordinates": [ -122.310190107152437, 47.715275815833976 ] } },
{ "type": "Feature", "properties": { "lat": 47.715470037616328, "lon": -122.31024464286772, "time_of_day": "Late Night", "causation": [ "0", "0", "0", "0", "0", "0", "0", "0", "0", "0", "0", "0", "0", "0", "0", "0", "0", "1", "0", "0", "0", "0", "0", "0" ], "duration": 124.0, "sum": 1 }, "geometry": { "type": "Point", "coordinates": [ -122.310244642867715, 47.715470037616328 ] } },
{ "type": "Feature", "properties": { "lat": 47.715470037616328, "lon": -122.31024464286772, "time_of_day": "Morning", "causation": [ "0", "0", "0", "0", "0", "0", "0", "0", "1", "0", "0", "0", "0", "0", "0", "0", "0", "0", "0", "0", "0", "0", "0", "0" ], "duration": 118.0, "sum": 1 }, "geometry": { "type": "Point", "coordinates": [ -122.310244642867715, 47.715470037616328 ] } },
{ "type": "Feature", "properties": { "lat": 47.715544331395911, "lon": -122.30965668026684, "time_of_day": "Late Night", "causation": [ "0", "0", "0", "0", "0", "0", "0", "0", "0", "0", "0", "0", "0", "0", "0", "0", "0", "1", "0", "0", "0", "0", "0", "0" ], "duration": 124.0, "sum": 1 }, "geometry": { "type": "Point", "coordinates": [ -122.309656680266841, 47.715544331395911 ] } },
{ "type": "Feature", "properties": { "lat": 47.715544331395911, "lon": -122.30965668026684, "time_of_day": "Morning", "causation": [ "0", "0", "0", "0", "0", "0", "0", "0", "1", "0", "0", "0", "0", "0", "0", "0", "0", "0", "0", "0", "0", "0", "0", "0" ], "duration": 118.0, "sum": 1 }, "geometry": { "type": "Point", "coordinates": [ -122.309656680266841, 47.715544331395911 ] } },
{ "type": "Feature", "properties": { "lat": 47.738564703170482, "lon": -122.28997652529512, "time_of_day": "Morning", "causation": [ "0", "0", "0", "0", "0", "0", "0", "0", "0", "0", "0", "0", "0", "0", "0", "0", "0", "1", "0", "0", "0", "0", "0", "0" ], "duration": 47.0, "sum": 1 }, "geometry": { "type": "Point", "coordinates": [ -122.289976525295117, 47.738564703170482 ] } },
{ "type": "Feature", "properties": { "lat": 47.749991240804938, "lon": -122.30865657875968, "time_of_day": "Morning", "causation": [ "0", "0", "0", "0", "0", "0", "0", "0", "0", "0", "0", "0", "0", "0", "0", "0", "0", "0", "1", "0", "0", "0", "0", "0" ], "duration": 344.0, "sum": 1 }, "geometry": { "type": "Point", "coordinates": [ -122.308656578759681, 47.749991240804938 ] } },
{ "type": "Feature", "properties": { "lat": 47.750452309414463, "lon": -122.30948338478665, "time_of_day": "Morning", "causation": [ "0", "0", "0", "0", "0", "0", "0", "0", "0", "0", "0", "0", "0", "0", "0", "0", "0", "0", "1", "0", "0", "0", "0", "0" ], "duration": 344.0, "sum": 1 }, "geometry": { "type": "Point", "coordinates": [ -122.309483384786645, 47.750452309414463 ] } },
{ "type": "Feature", "properties": { "lat": 47.750468541279147, "lon": -122.30828254431866, "time_of_day": "Morning", "causation": [ "0", "0", "0", "0", "0", "0", "0", "0", "0", "0", "0", "0", "0", "0", "0", "0", "0", "0", "1", "0", "0", "0", "0", "0" ], "duration": 344.0, "sum": 1 }, "geometry": { "type": "Point", "coordinates": [ -122.308282544318658, 47.750468541279147 ] } },
{ "type": "Feature", "properties": { "lat": 47.750479075129945, "lon": -122.30974542741473, "time_of_day": "Morning", "causation": [ "0", "0", "0", "0", "0", "0", "0", "0", "0", "0", "0", "0", "0", "0", "0", "0", "0", "0", "1", "0", "0", "0", "0", "0" ], "duration": 344.0, "sum": 1 }, "geometry": { "type": "Point", "coordinates": [ -122.309745427414725, 47.750479075129945 ] } },
{ "type": "Feature", "properties": { "lat": 47.75048085040109, "lon": -122.30798583035548, "time_of_day": "Morning", "causation": [ "0", "0", "0", "0", "0", "0", "0", "0", "0", "0", "0", "0", "0", "0", "0", "0", "0", "0", "1", "0", "0", "0", "0", "0" ], "duration": 344.0, "sum": 1 }, "geometry": { "type": "Point", "coordinates": [ -122.307985830355477, 47.75048085040109 ] } },
{ "type": "Feature", "properties": { "lat": 47.750483592092792, "lon": -122.30884050809722, "time_of_day": "Morning", "causation": [ "0", "0", "0", "0", "0", "0", "0", "0", "0", "0", "0", "0", "0", "0", "0", "0", "0", "0", "1", "0", "0", "0", "0", "0" ], "duration": 344.0, "sum": 1 }, "geometry": { "type": "Point", "coordinates": [ -122.308840508097219, 47.750483592092792 ] } },
{ "type": "Feature", "properties": { "lat": 47.750513167507229, "lon": -122.30925978387684, "time_of_day": "Morning", "causation": [ "0", "0", "0", "0", "0", "0", "0", "0", "0", "0", "0", "0", "0", "0", "0", "0", "0", "0", "1", "0", "0", "0", "0", "0" ], "duration": 344.0, "sum": 1 }, "geometry": { "type": "Point", "coordinates": [ -122.30925978387684, 47.750513167507229 ] } },
{ "type": "Feature", "properties": { "lat": 47.755554628320326, "lon": -122.3726747501708, "time_of_day": "Morning", "causation": [ "0", "0", "0", "0", "0", "0", "0", "0", "1", "0", "0", "0", "0", "0", "0", "0", "0", "0", "0", "0", "0", "0", "0", "0" ], "duration": 80.0, "sum": 1 }, "geometry": { "type": "Point", "coordinates": [ -122.372674750170802, 47.755554628320326 ] } },
{ "type": "Feature", "properties": { "lat": 47.755643477273033, "lon": -122.37304651733416, "time_of_day": "Morning", "causation": [ "0", "0", "0", "0", "0", "0", "0", "0", "1", "0", "0", "0", "0", "0", "0", "0", "0", "0", "0", "0", "0", "0", "0", "0" ], "duration": 80.0, "sum": 1 }, "geometry": { "type": "Point", "coordinates": [ -122.37304651733416, 47.755643477273033 ] } },
{ "type": "Feature", "properties": { "lat": 47.755821959748481, "lon": -122.37011786507028, "time_of_day": "Late Night", "causation": [ "0", "0", "0", "0", "0", "0", "0", "0", "1", "0", "0", "0", "0", "0", "0", "0", "0", "0", "0", "0", "0", "0", "0", "0" ], "duration": 1769.0, "sum": 1 }, "geometry": { "type": "Point", "coordinates": [ -122.370117865070284, 47.755821959748481 ] } },
{ "type": "Feature", "properties": { "lat": 47.755821959748481, "lon": -122.37011786507028, "time_of_day": "Morning", "causation": [ "0", "0", "0", "0", "0", "0", "0", "0", "2", "0", "0", "0", "0", "0", "0", "0", "0", "0", "0", "0", "0", "0", "0", "0" ], "duration": 306.0, "sum": 2 }, "geometry": { "type": "Point", "coordinates": [ -122.370117865070284, 47.755821959748481 ] } },
{ "type": "Feature", "properties": { "lat": 47.755953558088393, "lon": -122.37229493680276, "time_of_day": "Morning", "causation": [ "0", "0", "0", "0", "0", "0", "0", "0", "1", "0", "0", "0", "0", "0", "0", "0", "0", "0", "0", "0", "0", "0", "0", "0" ], "duration": 80.0, "sum": 1 }, "geometry": { "type": "Point", "coordinates": [ -122.37229493680276, 47.755953558088393 ] } },
{ "type": "Feature", "properties": { "lat": 47.756234050536278, "lon": -122.37284089350771, "time_of_day": "Morning", "causation": [ "0", "0", "0", "0", "0", "0", "0", "0", "1", "0", "0", "0", "0", "0", "0", "0", "0", "0", "0", "0", "0", "0", "0", "0" ], "duration": 80.0, "sum": 1 }, "geometry": { "type": "Point", "coordinates": [ -122.372840893507714, 47.756234050536278 ] } },
{ "type": "Feature", "properties": { "lat": 47.75637567431793, "lon": -122.37314037220874, "time_of_day": "Morning", "causation": [ "0", "0", "0", "0", "0", "0", "0", "0", "1", "0", "0", "0", "0", "0", "0", "0", "0", "0", "0", "0", "0", "0", "0", "0" ], "duration": 80.0, "sum": 1 }, "geometry": { "type": "Point", "coordinates": [ -122.373140372208738, 47.75637567431793 ] } },
{ "type": "Feature", "properties": { "lat": 47.766533288437394, "lon": -122.2884998035146, "time_of_day": "Late Night", "causation": [ "0", "0", "0", "0", "0", "0", "0", "0", "0", "0", "0", "0", "0", "0", "0", "0", "0", "0", "0", "0", "2", "0", "0", "0" ], "duration": 296.0, "sum": 2 }, "geometry": { "type": "Point", "coordinates": [ -122.288499803514597, 47.766533288437394 ] } },
{ "type": "Feature", "properties": { "lat": 47.766544365983968, "lon": -122.37250879493394, "time_of_day": "Morning", "causation": [ "0", "0", "0", "0", "0", "0", "0", "0", "1", "0", "0", "0", "0", "0", "0", "0", "0", "0", "0", "0", "0", "0", "0", "0" ], "duration": 233.0, "sum": 1 }, "geometry": { "type": "Point", "coordinates": [ -122.372508794933935, 47.766544365983968 ] } },
{ "type": "Feature", "properties": { "lat": 47.768427422828132, "lon": -122.35032722399539, "time_of_day": "Morning", "causation": [ "0", "0", "0", "0", "0", "0", "0", "0", "0", "0", "0", "0", "0", "0", "0", "0", "0", "0", "1", "0", "0", "0", "0", "0" ], "duration": 309.0, "sum": 1 }, "geometry": { "type": "Point", "coordinates": [ -122.350327223995393, 47.768427422828132 ] } },
{ "type": "Feature", "properties": { "lat": 47.768436745668332, "lon": -122.35069358916614, "time_of_day": "Morning", "causation": [ "0", "0", "0", "0", "0", "0", "0", "0", "0", "0", "0", "0", "0", "0", "0", "0", "0", "0", "1", "0", "0", "0", "0", "0" ], "duration": 309.0, "sum": 1 }, "geometry": { "type": "Point", "coordinates": [ -122.350693589166141, 47.768436745668332 ] } },
{ "type": "Feature", "properties": { "lat": 47.768497718817997, "lon": -122.3499193870195, "time_of_day": "Morning", "causation": [ "0", "0", "0", "0", "0", "0", "0", "0", "0", "0", "0", "0", "0", "0", "0", "0", "0", "0", "1", "0", "0", "0", "0", "0" ], "duration": 309.0, "sum": 1 }, "geometry": { "type": "Point", "coordinates": [ -122.349919387019497, 47.768497718817997 ] } },
{ "type": "Feature", "properties": { "lat": 47.768891112134654, "lon": -122.34945493637019, "time_of_day": "Morning", "causation": [ "0", "0", "0", "0", "0", "0", "0", "0", "0", "0", "0", "0", "0", "0", "0", "0", "0", "0", "1", "0", "0", "0", "0", "0" ], "duration": 309.0, "sum": 1 }, "geometry": { "type": "Point", "coordinates": [ -122.349454936370194, 47.768891112134654 ] } },
{ "type": "Feature", "properties": { "lat": 47.768897468404248, "lon": -122.3501297622458, "time_of_day": "Morning", "causation": [ "0", "0", "0", "0", "0", "0", "0", "0", "0", "0", "0", "0", "0", "0", "0", "0", "0", "0", "2", "0", "0", "0", "0", "0" ], "duration": 618.0, "sum": 2 }, "geometry": { "type": "Point", "coordinates": [ -122.3501297622458, 47.768897468404248 ] } },
{ "type": "Feature", "properties": { "lat": 47.768898024834371, "lon": -122.35046030226736, "time_of_day": "Morning", "causation": [ "0", "0", "0", "0", "0", "0", "0", "0", "0", "0", "0", "0", "0", "0", "0", "0", "0", "0", "1", "0", "0", "0", "0", "0" ], "duration": 309.0, "sum": 1 }, "geometry": { "type": "Point", "coordinates": [ -122.350460302267365, 47.768898024834371 ] } },
{ "type": "Feature", "properties": { "lat": 47.768994277846552, "lon": -122.34972672292602, "time_of_day": "Morning", "causation": [ "0", "0", "0", "0", "0", "0", "0", "0", "0", "0", "0", "0", "0", "0", "0", "0", "0", "0", "1", "0", "0", "0", "0", "0" ], "duration": 309.0, "sum": 1 }, "geometry": { "type": "Point", "coordinates": [ -122.349726722926022, 47.768994277846552 ] } },
{ "type": "Feature", "properties": { "lat": 47.77660526608669, "lon": -122.28335544165276, "time_of_day": "Late Night", "causation": [ "0", "0", "0", "0", "0", "0", "1", "0", "0", "0", "0", "0", "0", "0", "0", "0", "0", "0", "0", "0", "0", "0", "0", "0" ], "duration": 1793.0, "sum": 1 }, "geometry": { "type": "Point", "coordinates": [ -122.283355441652759, 47.77660526608669 ] } }
]
}
