{
"type": "FeatureCollection",
"crs": { "type": "name", "properties": { "name": "urn:ogc:def:crs:OGC::CRS84" } },
"features": [
{ "type": "Feature", "properties": { "lat": 47.445233388374596, "lon": -122.36015585249496, "time_of_day": "Late Night", "causation": [ "0", "0", "0", "0", "0", "0", "0", "0", "0", "0", "0", "0", "0", "0", "0", "0", "0", "0", "0", "0", "1", "0", "0", "0" ], "duration": 1243.0, "sum": 1 }, "geometry": { "type": "Point", "coordinates": [ -122.360155852494955, 47.445233388374596 ] } },
{ "type": "Feature", "properties": { "lat": 47.445369597475363, "lon": -122.35900823979698, "time_of_day": "Late Night", "causation": [ "0", "0", "0", "0", "0", "0", "0", "0", "0", "0", "0", "0", "0", "0", "0", "0", "0", "0", "0", "0", "1", "0", "0", "0" ], "duration": 1243.0, "sum": 1 }, "geometry": { "type": "Point", "coordinates": [ -122.359008239796978, 47.445369597475363 ] } },
{ "type": "Feature", "properties": { "lat": 47.445425432772211, "lon": -122.3595302361571, "time_of_day": "Late Night", "causation": [ "0", "0", "0", "0", "0", "0", "0", "0", "0", "0", "0", "0", "0", "0", "0", "0", "0", "0", "0", "0", "2", "0", "0", "0" ], "duration": 2486.0, "sum": 2 }, "geometry": { "type": "Point", "coordinates": [ -122.359530236157099, 47.445425432772211 ] } },
{ "type": "Feature", "properties": { "lat": 47.445444573506038, "lon": -122.36142482518871, "time_of_day": "Late Night", "causation": [ "0", "0", "0", "0", "0", "0", "0", "0", "0", "0", "0", "0", "0", "0", "0", "0", "0", "0", "0", "0", "1", "0", "0", "0" ], "duration": 1243.0, "sum": 1 }, "geometry": { "type": "Point", "coordinates": [ -122.361424825188706, 47.445444573506038 ] } },
{ "type": "Feature", "properties": { "lat": 47.445585798296477, "lon": -122.36158934424718, "time_of_day": "Late Night", "causation": [ "0", "0", "0", "0", "0", "0", "0", "0", "0", "0", "0", "0", "0", "0", "0", "0", "0", "0", "0", "0", "1", "0", "0", "0" ], "duration": 1243.0, "sum": 1 }, "geometry": { "type": "Point", "coordinates": [ -122.361589344247179, 47.445585798296477 ] } },
{ "type": "Feature", "properties": { "lat": 47.445719000163962, "lon": -122.36040954917809, "time_of_day": "Late Night", "causation": [ "0", "0", "0", "0", "0", "0", "0", "0", "0", "0", "0", "0", "0", "0", "0", "0", "0", "0", "0", "0", "1", "0", "0", "0" ], "duration": 1243.0, "sum": 1 }, "geometry": { "type": "Point", "coordinates": [ -122.360409549178087, 47.445719000163962 ] } },
{ "type": "Feature", "properties": { "lat": 47.445727731340689, "lon": -122.36181989999552, "time_of_day": "Late Night", "causation": [ "0", "0", "0", "0", "0", "0", "0", "0", "0", "0", "0", "0", "0", "0", "0", "0", "0", "0", "0", "0", "1", "0", "0", "0" ], "duration": 1243.0, "sum": 1 }, "geometry": { "type": "Point", "coordinates": [ -122.361819899995524, 47.445727731340689 ] } },
{ "type": "Feature", "properties": { "lat": 47.445773720108143, "lon": -122.36113447045145, "time_of_day": "Late Night", "causation": [ "0", "0", "0", "0", "0", "0", "0", "0", "0", "0", "0", "0", "0", "0", "0", "0", "0", "0", "0", "0", "1", "0", "0", "0" ], "duration": 1243.0, "sum": 1 }, "geometry": { "type": "Point", "coordinates": [ -122.361134470451447, 47.445773720108143 ] } },
{ "type": "Feature", "properties": { "lat": 47.445815438041443, "lon": -122.36200441820399, "time_of_day": "Late Night", "causation": [ "0", "0", "0", "0", "0", "0", "0", "0", "0", "0", "0", "0", "0", "0", "0", "0", "0", "0", "0", "0", "1", "0", "0", "0" ], "duration": 1243.0, "sum": 1 }, "geometry": { "type": "Point", "coordinates": [ -122.362004418203995, 47.445815438041443 ] } },
{ "type": "Feature", "properties": { "lat": 47.445930295506777, "lon": -122.36011805558728, "time_of_day": "Late Night", "causation": [ "0", "0", "0", "0", "0", "0", "0", "0", "0", "0", "0", "0", "0", "0", "0", "0", "0", "0", "0", "0", "1", "0", "0", "0" ], "duration": 1243.0, "sum": 1 }, "geometry": { "type": "Point", "coordinates": [ -122.360118055587279, 47.445930295506777 ] } },
{ "type": "Feature", "properties": { "lat": 47.445952810495179, "lon": -122.360875683313, "time_of_day": "Late Night", "causation": [ "0", "0", "0", "0", "0", "0", "0", "0", "0", "0", "0", "0", "0", "0", "0", "0", "0", "0", "0", "0", "1", "0", "0", "0" ], "duration": 1243.0, "sum": 1 }, "geometry": { "type": "Point", "coordinates": [ -122.360875683312997, 47.445952810495179 ] } },
{ "type": "Feature", "properties": { "lat": 47.445983670452335, "lon": -122.35898324104586, "time_of_day": "Late Night", "causation": [ "0", "0", "0", "0", "0", "0", "0", "0", "0", "0", "0", "0", "0", "0", "0", "0", "0", "0", "0", "0", "1", "0", "0", "0" ], "duration": 1243.0, "sum": 1 }, "geometry": { "type": "Point", "coordinates": [ -122.358983241045863, 47.445983670452335 ] } },
{ "type": "Feature", "properties": { "lat": 47.446080031775402, "lon": -122.36206718807892, "time_of_day": "Late Night", "causation": [ "0", "0", "0", "0", "0", "0", "0", "0", "0", "0", "0", "0", "0", "0", "0", "0", "0", "0", "0", "0", "1", "0", "0", "0" ], "duration": 1243.0, "sum": 1 }, "geometry": { "type": "Point", "coordinates": [ -122.362067188078925, 47.446080031775402 ] } },
{ "type": "Feature", "properties": { "lat": 47.446200258158228, "lon": -122.36237582342818, "time_of_day": "Late Night", "causation": [ "0", "0", "0", "0", "0", "0", "0", "0", "0", "0", "0", "0", "0", "0", "0", "0", "0", "0", "0", "0", "1", "0", "0", "0" ], "duration": 1243.0, "sum": 1 }, "geometry": { "type": "Point", "coordinates": [ -122.362375823428181, 47.446200258158228 ] } },
{ "type": "Feature", "properties": { "lat": 47.446222231476199, "lon": -122.36039930334788, "time_of_day": "Late Night", "causation": [ "0", "0", "0", "0", "0", "0", "0", "0", "0", "0", "0", "0", "0", "0", "0", "0", "0", "0", "0", "0", "1", "0", "0", "0" ], "duration": 1243.0, "sum": 1 }, "geometry": { "type": "Point", "coordinates": [ -122.360399303347876, 47.446222231476199 ] } },
{ "type": "Feature", "properties": { "lat": 47.446230542570326, "lon": -122.36181714547824, "time_of_day": "Late Night", "causation": [ "0", "0", "0", "0", "0", "0", "0", "0", "0", "0", "0", "0", "0", "0", "0", "0", "0", "0", "0", "0", "1", "0", "0", "0" ], "duration": 1243.0, "sum": 1 }, "geometry": { "type": "Point", "coordinates": [ -122.361817145478241, 47.446230542570326 ] } },
{ "type": "Feature", "properties": { "lat": 47.446263477200432, "lon": -122.35878369542232, "time_of_day": "Late Night", "causation": [ "0", "0", "0", "0", "0", "0", "0", "0", "0", "0", "0", "0", "0", "0", "0", "0", "0", "0", "0", "0", "1", "0", "0", "0" ], "duration": 1243.0, "sum": 1 }, "geometry": { "type": "Point", "coordinates": [ -122.358783695422318, 47.446263477200432 ] } },
{ "type": "Feature", "properties": { "lat": 47.446306226048094, "lon": -122.35982395702852, "time_of_day": "Late Night", "causation": [ "0", "0", "0", "0", "0", "0", "0", "0", "0", "0", "0", "0", "0", "0", "0", "0", "0", "0", "0", "0", "1", "0", "0", "0" ], "duration": 1243.0, "sum": 1 }, "geometry": { "type": "Point", "coordinates": [ -122.359823957028524, 47.446306226048094 ] } },
{ "type": "Feature", "properties": { "lat": 47.446350016723578, "lon": -122.36115429713568, "time_of_day": "Late Night", "causation": [ "0", "0", "0", "0", "0", "0", "0", "0", "0", "0", "0", "0", "0", "0", "0", "0", "0", "0", "0", "0", "1", "0", "0", "0" ], "duration": 1243.0, "sum": 1 }, "geometry": { "type": "Point", "coordinates": [ -122.361154297135684, 47.446350016723578 ] } },
{ "type": "Feature", "properties": { "lat": 47.446363435506463, "lon": -122.36073631064907, "time_of_day": "Late Night", "causation": [ "0", "0", "0", "0", "0", "0", "0", "0", "0", "0", "0", "0", "0", "0", "0", "0", "0", "0", "0", "0", "1", "0", "0", "0" ], "duration": 1243.0, "sum": 1 }, "geometry": { "type": "Point", "coordinates": [ -122.360736310649074, 47.446363435506463 ] } },
{ "type": "Feature", "properties": { "lat": 47.446379985550834, "lon": -122.3626725371449, "time_of_day": "Late Night", "causation": [ "0", "0", "0", "0", "0", "0", "0", "0", "0", "0", "0", "0", "0", "0", "0", "0", "0", "0", "0", "0", "1", "0", "0", "0" ], "duration": 1243.0, "sum": 1 }, "geometry": { "type": "Point", "coordinates": [ -122.362672537144903, 47.446379985550834 ] } },
{ "type": "Feature", "properties": { "lat": 47.446397557476885, "lon": -122.36159133210748, "time_of_day": "Late Night", "causation": [ "0", "0", "0", "0", "0", "0", "0", "0", "0", "0", "0", "0", "0", "0", "0", "0", "0", "0", "0", "0", "1", "0", "0", "0" ], "duration": 1243.0, "sum": 1 }, "geometry": { "type": "Point", "coordinates": [ -122.36159133210748, 47.446397557476885 ] } },
{ "type": "Feature", "properties": { "lat": 47.446503408996321, "lon": -122.36309820011748, "time_of_day": "Late Night", "causation": [ "0", "0", "0", "0", "0", "0", "0", "0", "0", "0", "0", "0", "0", "0", "0", "0", "0", "0", "0", "0", "1", "0", "0", "0" ], "duration": 1243.0, "sum": 1 }, "geometry": { "type": "Point", "coordinates": [ -122.363098200117477, 47.446503408996321 ] } },
{ "type": "Feature", "properties": { "lat": 47.446544239148018, "lon": -122.3588018401316, "time_of_day": "Late Night", "causation": [ "0", "0", "0", "0", "0", "0", "0", "0", "0", "0", "0", "0", "0", "0", "0", "0", "0", "0", "0", "0", "1", "0", "0", "0" ], "duration": 1243.0, "sum": 1 }, "geometry": { "type": "Point", "coordinates": [ -122.358801840131605, 47.446544239148018 ] } },
{ "type": "Feature", "properties": { "lat": 47.446554345579386, "lon": -122.36017082886708, "time_of_day": "Late Night", "causation": [ "0", "0", "0", "0", "0", "0", "0", "0", "0", "0", "0", "0", "0", "0", "0", "0", "0", "0", "0", "0", "1", "0", "0", "0" ], "duration": 1243.0, "sum": 1 }, "geometry": { "type": "Point", "coordinates": [ -122.360170828867084, 47.446554345579386 ] } },
{ "type": "Feature", "properties": { "lat": 47.446588258374753, "lon": -122.35831090817877, "time_of_day": "Late Night", "causation": [ "0", "0", "0", "0", "0", "0", "0", "0", "0", "0", "0", "0", "0", "0", "0", "0", "0", "0", "0", "0", "1", "0", "0", "0" ], "duration": 1243.0, "sum": 1 }, "geometry": { "type": "Point", "coordinates": [ -122.358310908178765, 47.446588258374753 ] } },
{ "type": "Feature", "properties": { "lat": 47.446638106908566, "lon": -122.36320243322604, "time_of_day": "Late Night", "causation": [ "0", "0", "0", "0", "0", "0", "0", "0", "0", "0", "0", "0", "0", "0", "0", "0", "0", "0", "0", "0", "1", "0", "0", "0" ], "duration": 1243.0, "sum": 1 }, "geometry": { "type": "Point", "coordinates": [ -122.363202433226036, 47.446638106908566 ] } },
{ "type": "Feature", "properties": { "lat": 47.446688003954719, "lon": -122.35899364541282, "time_of_day": "Late Night", "causation": [ "0", "0", "0", "0", "0", "0", "0", "0", "0", "0", "0", "0", "0", "0", "0", "0", "0", "0", "0", "0", "1", "0", "0", "0" ], "duration": 1243.0, "sum": 1 }, "geometry": { "type": "Point", "coordinates": [ -122.358993645412824, 47.446688003954719 ] } },
{ "type": "Feature", "properties": { "lat": 47.446788876109103, "lon": -122.35964619517875, "time_of_day": "Late Night", "causation": [ "0", "0", "0", "0", "0", "0", "0", "0", "0", "0", "0", "0", "0", "0", "0", "0", "0", "0", "0", "0", "1", "0", "0", "0" ], "duration": 1243.0, "sum": 1 }, "geometry": { "type": "Point", "coordinates": [ -122.359646195178755, 47.446788876109103 ] } },
{ "type": "Feature", "properties": { "lat": 47.446837935750246, "lon": -122.36358207224326, "time_of_day": "Late Night", "causation": [ "0", "0", "0", "0", "0", "0", "0", "0", "0", "0", "0", "0", "0", "0", "0", "0", "0", "0", "0", "0", "1", "0", "0", "0" ], "duration": 1243.0, "sum": 1 }, "geometry": { "type": "Point", "coordinates": [ -122.363582072243261, 47.446837935750246 ] } },
{ "type": "Feature", "properties": { "lat": 47.446848442236117, "lon": -122.35819354245552, "time_of_day": "Late Night", "causation": [ "0", "0", "0", "0", "0", "0", "0", "0", "0", "0", "0", "0", "0", "0", "0", "0", "0", "0", "0", "0", "1", "0", "0", "0" ], "duration": 1243.0, "sum": 1 }, "geometry": { "type": "Point", "coordinates": [ -122.358193542455524, 47.446848442236117 ] } },
{ "type": "Feature", "properties": { "lat": 47.446908190020331, "lon": -122.36286478890776, "time_of_day": "Late Night", "causation": [ "0", "0", "0", "0", "0", "0", "0", "0", "0", "0", "0", "0", "0", "0", "0", "0", "0", "0", "0", "0", "1", "0", "0", "0" ], "duration": 1243.0, "sum": 1 }, "geometry": { "type": "Point", "coordinates": [ -122.362864788907757, 47.446908190020331 ] } },
{ "type": "Feature", "properties": { "lat": 47.446954143175333, "lon": -122.35995537016623, "time_of_day": "Late Night", "causation": [ "0", "0", "0", "0", "0", "0", "0", "0", "0", "0", "0", "0", "0", "0", "0", "0", "0", "0", "0", "0", "1", "0", "0", "0" ], "duration": 1243.0, "sum": 1 }, "geometry": { "type": "Point", "coordinates": [ -122.359955370166233, 47.446954143175333 ] } },
{ "type": "Feature", "properties": { "lat": 47.447032995926847, "lon": -122.36328481793456, "time_of_day": "Late Night", "causation": [ "0", "0", "0", "0", "0", "0", "0", "0", "0", "0", "0", "0", "0", "0", "0", "0", "0", "0", "0", "0", "3", "0", "0", "0" ], "duration": 3729.0, "sum": 3 }, "geometry": { "type": "Point", "coordinates": [ -122.363284817934556, 47.447032995926847 ] } },
{ "type": "Feature", "properties": { "lat": 47.447057929093923, "lon": -122.36426951472956, "time_of_day": "Late Night", "causation": [ "0", "0", "0", "0", "0", "0", "0", "0", "0", "0", "0", "0", "0", "0", "0", "0", "0", "0", "0", "0", "1", "0", "0", "0" ], "duration": 1243.0, "sum": 1 }, "geometry": { "type": "Point", "coordinates": [ -122.364269514729557, 47.447057929093923 ] } },
{ "type": "Feature", "properties": { "lat": 47.447085996358105, "lon": -122.36022427976738, "time_of_day": "Late Night", "causation": [ "0", "0", "0", "0", "0", "0", "0", "0", "0", "0", "0", "0", "0", "0", "0", "0", "0", "0", "0", "0", "1", "0", "0", "0" ], "duration": 1243.0, "sum": 1 }, "geometry": { "type": "Point", "coordinates": [ -122.36022427976738, 47.447085996358105 ] } },
{ "type": "Feature", "properties": { "lat": 47.447088816427168, "lon": -122.35884060181016, "time_of_day": "Late Night", "causation": [ "0", "0", "0", "0", "0", "0", "0", "0", "0", "0", "0", "0", "0", "0", "0", "0", "0", "0", "0", "0", "1", "0", "0", "0" ], "duration": 1243.0, "sum": 1 }, "geometry": { "type": "Point", "coordinates": [ -122.358840601810158, 47.447088816427168 ] } },
{ "type": "Feature", "properties": { "lat": 47.447123379957091, "lon": -122.3635975871063, "time_of_day": "Late Night", "causation": [ "0", "0", "0", "0", "0", "0", "0", "0", "0", "0", "0", "0", "0", "0", "0", "0", "0", "0", "0", "0", "2", "0", "0", "0" ], "duration": 2486.0, "sum": 2 }, "geometry": { "type": "Point", "coordinates": [ -122.363597587106298, 47.447123379957091 ] } },
{ "type": "Feature", "properties": { "lat": 47.447132300278312, "lon": -122.35777710363062, "time_of_day": "Late Night", "causation": [ "0", "0", "0", "0", "0", "0", "0", "0", "0", "0", "0", "0", "0", "0", "0", "0", "0", "0", "0", "0", "1", "0", "0", "0" ], "duration": 1243.0, "sum": 1 }, "geometry": { "type": "Point", "coordinates": [ -122.357777103630625, 47.447132300278312 ] } },
{ "type": "Feature", "properties": { "lat": 47.447161231904985, "lon": -122.36447838865428, "time_of_day": "Late Night", "causation": [ "0", "0", "0", "0", "0", "0", "0", "0", "0", "0", "0", "0", "0", "0", "0", "0", "0", "0", "0", "0", "1", "0", "0", "0" ], "duration": 1243.0, "sum": 1 }, "geometry": { "type": "Point", "coordinates": [ -122.364478388654277, 47.447161231904985 ] } },
{ "type": "Feature", "properties": { "lat": 47.447219902479013, "lon": -122.35749807177068, "time_of_day": "Late Night", "causation": [ "0", "0", "0", "0", "0", "0", "0", "0", "0", "0", "0", "0", "0", "0", "0", "0", "0", "0", "0", "0", "1", "0", "0", "0" ], "duration": 1243.0, "sum": 1 }, "geometry": { "type": "Point", "coordinates": [ -122.357498071770678, 47.447219902479013 ] } },
{ "type": "Feature", "properties": { "lat": 47.447319021538384, "lon": -122.36387684180656, "time_of_day": "Late Night", "causation": [ "0", "0", "0", "0", "0", "0", "0", "0", "0", "0", "0", "0", "0", "0", "0", "0", "0", "0", "0", "0", "1", "0", "0", "0" ], "duration": 1243.0, "sum": 1 }, "geometry": { "type": "Point", "coordinates": [ -122.363876841806558, 47.447319021538384 ] } },
{ "type": "Feature", "properties": { "lat": 47.447348195848612, "lon": -122.35888608201049, "time_of_day": "Late Night", "causation": [ "0", "0", "0", "0", "0", "0", "0", "0", "0", "0", "0", "0", "0", "0", "0", "0", "0", "0", "0", "0", "1", "0", "0", "0" ], "duration": 1243.0, "sum": 1 }, "geometry": { "type": "Point", "coordinates": [ -122.358886082010486, 47.447348195848612 ] } },
{ "type": "Feature", "properties": { "lat": 47.447353421648813, "lon": -122.36505125573206, "time_of_day": "Late Night", "causation": [ "0", "0", "0", "0", "0", "0", "0", "0", "0", "0", "0", "0", "0", "0", "0", "0", "0", "0", "0", "0", "1", "0", "0", "0" ], "duration": 1243.0, "sum": 1 }, "geometry": { "type": "Point", "coordinates": [ -122.365051255732055, 47.447353421648813 ] } },
{ "type": "Feature", "properties": { "lat": 47.447392117627402, "lon": -122.35956155923516, "time_of_day": "Late Night", "causation": [ "0", "0", "0", "0", "0", "0", "0", "0", "0", "0", "0", "0", "0", "0", "0", "0", "0", "0", "0", "0", "1", "0", "0", "0" ], "duration": 1243.0, "sum": 1 }, "geometry": { "type": "Point", "coordinates": [ -122.359561559235161, 47.447392117627402 ] } },
{ "type": "Feature", "properties": { "lat": 47.447433909830423, "lon": -122.35818526919104, "time_of_day": "Late Night", "causation": [ "0", "0", "0", "0", "0", "0", "0", "0", "0", "0", "0", "0", "0", "0", "0", "0", "0", "0", "0", "0", "1", "0", "0", "0" ], "duration": 1243.0, "sum": 1 }, "geometry": { "type": "Point", "coordinates": [ -122.35818526919104, 47.447433909830423 ] } },
{ "type": "Feature", "properties": { "lat": 47.447443779914387, "lon": -122.35724657546589, "time_of_day": "Late Night", "causation": [ "0", "0", "0", "0", "0", "0", "0", "0", "0", "0", "0", "0", "0", "0", "0", "0", "0", "0", "0", "0", "1", "0", "0", "0" ], "duration": 1243.0, "sum": 1 }, "geometry": { "type": "Point", "coordinates": [ -122.357246575465894, 47.447443779914387 ] } },
{ "type": "Feature", "properties": { "lat": 47.447503569461013, "lon": -122.36444583403612, "time_of_day": "Late Night", "causation": [ "0", "0", "0", "0", "0", "0", "0", "0", "0", "0", "0", "0", "0", "0", "0", "0", "0", "0", "0", "0", "1", "0", "0", "0" ], "duration": 1243.0, "sum": 1 }, "geometry": { "type": "Point", "coordinates": [ -122.364445834036118, 47.447503569461013 ] } },
{ "type": "Feature", "properties": { "lat": 47.447504213850713, "lon": -122.3618959155873, "time_of_day": "Late Night", "causation": [ "0", "0", "0", "0", "0", "0", "0", "0", "0", "0", "0", "0", "0", "0", "0", "0", "0", "0", "0", "0", "2", "0", "0", "0" ], "duration": 2486.0, "sum": 2 }, "geometry": { "type": "Point", "coordinates": [ -122.361895915587297, 47.447504213850713 ] } },
{ "type": "Feature", "properties": { "lat": 47.447528439810412, "lon": -122.36294998404097, "time_of_day": "Late Night", "causation": [ "0", "0", "0", "0", "0", "0", "0", "0", "0", "0", "0", "0", "0", "0", "0", "0", "0", "0", "0", "0", "1", "0", "0", "0" ], "duration": 1243.0, "sum": 1 }, "geometry": { "type": "Point", "coordinates": [ -122.362949984040966, 47.447528439810412 ] } },
{ "type": "Feature", "properties": { "lat": 47.447591083500647, "lon": -122.36603895245013, "time_of_day": "Late Night", "causation": [ "0", "0", "0", "0", "0", "0", "0", "0", "0", "0", "0", "0", "0", "0", "0", "0", "0", "0", "0", "0", "1", "0", "0", "0" ], "duration": 1243.0, "sum": 1 }, "geometry": { "type": "Point", "coordinates": [ -122.366038952450126, 47.447591083500647 ] } },
{ "type": "Feature", "properties": { "lat": 47.447592131490673, "lon": -122.36470953877026, "time_of_day": "Late Night", "causation": [ "0", "0", "0", "0", "0", "0", "0", "0", "0", "0", "0", "0", "0", "0", "0", "0", "0", "0", "0", "0", "1", "0", "0", "0" ], "duration": 1243.0, "sum": 1 }, "geometry": { "type": "Point", "coordinates": [ -122.364709538770256, 47.447592131490673 ] } },
{ "type": "Feature", "properties": { "lat": 47.447600896470661, "lon": -122.36552406405852, "time_of_day": "Late Night", "causation": [ "0", "0", "0", "0", "0", "0", "0", "0", "0", "0", "0", "0", "0", "0", "0", "0", "0", "0", "0", "0", "1", "0", "0", "0" ], "duration": 1243.0, "sum": 1 }, "geometry": { "type": "Point", "coordinates": [ -122.365524064058519, 47.447600896470661 ] } },
{ "type": "Feature", "properties": { "lat": 47.447607947582746, "lon": -122.36211095942762, "time_of_day": "Late Night", "causation": [ "0", "0", "0", "0", "0", "0", "0", "0", "0", "0", "0", "0", "0", "0", "0", "0", "0", "0", "0", "0", "2", "0", "0", "0" ], "duration": 2486.0, "sum": 2 }, "geometry": { "type": "Point", "coordinates": [ -122.362110959427625, 47.447607947582746 ] } },
{ "type": "Feature", "properties": { "lat": 47.447637963505521, "lon": -122.35684253031408, "time_of_day": "Late Night", "causation": [ "0", "0", "0", "0", "0", "0", "0", "0", "0", "0", "0", "0", "0", "0", "0", "0", "0", "0", "0", "0", "1", "0", "0", "0" ], "duration": 1243.0, "sum": 1 }, "geometry": { "type": "Point", "coordinates": [ -122.356842530314083, 47.447637963505521 ] } },
{ "type": "Feature", "properties": { "lat": 47.447646796498304, "lon": -122.3649253155383, "time_of_day": "Late Night", "causation": [ "0", "0", "0", "0", "0", "0", "0", "0", "0", "0", "0", "0", "0", "0", "0", "0", "0", "0", "0", "0", "1", "0", "0", "0" ], "duration": 1243.0, "sum": 1 }, "geometry": { "type": "Point", "coordinates": [ -122.364925315538301, 47.447646796498304 ] } },
{ "type": "Feature", "properties": { "lat": 47.447663697228101, "lon": -122.36337580992796, "time_of_day": "Late Night", "causation": [ "0", "0", "0", "0", "0", "0", "0", "0", "0", "0", "0", "0", "0", "0", "0", "0", "0", "0", "0", "0", "1", "0", "0", "0" ], "duration": 1243.0, "sum": 1 }, "geometry": { "type": "Point", "coordinates": [ -122.363375809927959, 47.447663697228101 ] } },
{ "type": "Feature", "properties": { "lat": 47.44766925449894, "lon": -122.36577824065751, "time_of_day": "Late Night", "causation": [ "0", "0", "0", "0", "0", "0", "0", "0", "0", "0", "0", "0", "0", "0", "0", "0", "0", "0", "0", "0", "1", "0", "0", "0" ], "duration": 1243.0, "sum": 1 }, "geometry": { "type": "Point", "coordinates": [ -122.365778240657505, 47.44766925449894 ] } },
{ "type": "Feature", "properties": { "lat": 47.44769662589681, "lon": -122.36516796908496, "time_of_day": "Late Night", "causation": [ "0", "0", "0", "0", "0", "0", "0", "0", "0", "0", "0", "0", "0", "0", "0", "0", "0", "0", "0", "0", "1", "0", "0", "0" ], "duration": 1243.0, "sum": 1 }, "geometry": { "type": "Point", "coordinates": [ -122.365167969084965, 47.44769662589681 ] } },
{ "type": "Feature", "properties": { "lat": 47.447747989543366, "lon": -122.35658632829129, "time_of_day": "Late Night", "causation": [ "0", "0", "0", "0", "0", "0", "0", "0", "0", "0", "0", "0", "0", "0", "0", "0", "0", "0", "0", "0", "1", "0", "0", "0" ], "duration": 1243.0, "sum": 1 }, "geometry": { "type": "Point", "coordinates": [ -122.356586328291286, 47.447747989543366 ] } },
{ "type": "Feature", "properties": { "lat": 47.447767614273111, "lon": -122.36157208180222, "time_of_day": "Late Night", "causation": [ "0", "0", "0", "0", "0", "0", "0", "0", "0", "0", "0", "0", "0", "0", "0", "0", "0", "0", "0", "0", "2", "0", "0", "0" ], "duration": 2486.0, "sum": 2 }, "geometry": { "type": "Point", "coordinates": [ -122.361572081802223, 47.447767614273111 ] } },
{ "type": "Feature", "properties": { "lat": 47.447768088320522, "lon": -122.36360641504416, "time_of_day": "Late Night", "causation": [ "0", "0", "0", "0", "0", "0", "0", "0", "0", "0", "0", "0", "0", "0", "0", "0", "0", "0", "0", "0", "1", "0", "0", "0" ], "duration": 1243.0, "sum": 1 }, "geometry": { "type": "Point", "coordinates": [ -122.36360641504416, 47.447768088320522 ] } },
{ "type": "Feature", "properties": { "lat": 47.447772591778893, "lon": -122.36541419962174, "time_of_day": "Late Night", "causation": [ "0", "0", "0", "0", "0", "0", "0", "0", "0", "0", "0", "0", "0", "0", "0", "0", "0", "0", "0", "0", "1", "0", "0", "0" ], "duration": 1243.0, "sum": 1 }, "geometry": { "type": "Point", "coordinates": [ -122.365414199621739, 47.447772591778893 ] } },
{ "type": "Feature", "properties": { "lat": 47.447801809105087, "lon": -122.35782227683912, "time_of_day": "Late Night", "causation": [ "0", "0", "0", "0", "0", "0", "0", "0", "0", "0", "0", "0", "0", "0", "0", "0", "0", "0", "0", "0", "1", "0", "0", "0" ], "duration": 1243.0, "sum": 1 }, "geometry": { "type": "Point", "coordinates": [ -122.357822276839116, 47.447801809105087 ] } },
{ "type": "Feature", "properties": { "lat": 47.447887141661269, "lon": -122.36181345481116, "time_of_day": "Late Night", "causation": [ "0", "0", "0", "0", "0", "0", "0", "0", "0", "0", "0", "0", "0", "0", "0", "0", "0", "0", "0", "0", "2", "0", "0", "0" ], "duration": 2486.0, "sum": 2 }, "geometry": { "type": "Point", "coordinates": [ -122.361813454811156, 47.447887141661269 ] } },
{ "type": "Feature", "properties": { "lat": 47.44790526910112, "lon": -122.36564249494393, "time_of_day": "Late Night", "causation": [ "0", "0", "0", "0", "0", "0", "0", "0", "0", "0", "0", "0", "0", "0", "0", "0", "0", "0", "0", "0", "1", "0", "0", "0" ], "duration": 1243.0, "sum": 1 }, "geometry": { "type": "Point", "coordinates": [ -122.365642494943927, 47.44790526910112 ] } },
{ "type": "Feature", "properties": { "lat": 47.447906330116538, "lon": -122.35961784587624, "time_of_day": "Late Night", "causation": [ "0", "0", "0", "0", "0", "0", "0", "0", "0", "0", "0", "0", "0", "0", "0", "0", "0", "0", "0", "0", "1", "0", "0", "0" ], "duration": 1243.0, "sum": 1 }, "geometry": { "type": "Point", "coordinates": [ -122.359617845876244, 47.447906330116538 ] } },
{ "type": "Feature", "properties": { "lat": 47.447908191300918, "lon": -122.36583456696404, "time_of_day": "Late Night", "causation": [ "0", "0", "0", "0", "0", "0", "0", "0", "0", "0", "0", "0", "0", "0", "0", "0", "0", "0", "0", "0", "1", "0", "0", "0" ], "duration": 1243.0, "sum": 1 }, "geometry": { "type": "Point", "coordinates": [ -122.36583456696404, 47.447908191300918 ] } },
{ "type": "Feature", "properties": { "lat": 47.447924056358588, "lon": -122.36424215114384, "time_of_day": "Late Night", "causation": [ "0", "0", "0", "0", "0", "0", "0", "0", "0", "0", "0", "0", "0", "0", "0", "0", "0", "0", "0", "0", "1", "0", "0", "0" ], "duration": 1243.0, "sum": 1 }, "geometry": { "type": "Point", "coordinates": [ -122.364242151143841, 47.447924056358588 ] } },
{ "type": "Feature", "properties": { "lat": 47.447958467088533, "lon": -122.36611297729119, "time_of_day": "Late Night", "causation": [ "0", "0", "0", "0", "0", "0", "0", "0", "0", "0", "0", "0", "0", "0", "0", "0", "0", "0", "0", "0", "1", "0", "0", "0" ], "duration": 1243.0, "sum": 1 }, "geometry": { "type": "Point", "coordinates": [ -122.366112977291195, 47.447958467088533 ] } },
{ "type": "Feature", "properties": { "lat": 47.4479808750621, "lon": -122.36005342659691, "time_of_day": "Late Night", "causation": [ "0", "0", "0", "0", "0", "0", "0", "0", "0", "0", "0", "0", "0", "0", "0", "0", "0", "0", "0", "0", "1", "0", "0", "0" ], "duration": 1243.0, "sum": 1 }, "geometry": { "type": "Point", "coordinates": [ -122.360053426596906, 47.4479808750621 ] } },
{ "type": "Feature", "properties": { "lat": 47.448007711621166, "lon": -122.36635380134712, "time_of_day": "Late Night", "causation": [ "0", "0", "0", "0", "0", "0", "0", "0", "0", "0", "0", "0", "0", "0", "0", "0", "0", "0", "0", "0", "1", "0", "0", "0" ], "duration": 1243.0, "sum": 1 }, "geometry": { "type": "Point", "coordinates": [ -122.366353801347117, 47.448007711621166 ] } },
{ "type": "Feature", "properties": { "lat": 47.448025992027723, "lon": -122.36653397183314, "time_of_day": "Late Night", "causation": [ "0", "0", "0", "0", "0", "0", "0", "0", "0", "0", "0", "0", "0", "0", "0", "0", "0", "0", "0", "0", "1", "0", "0", "0" ], "duration": 1243.0, "sum": 1 }, "geometry": { "type": "Point", "coordinates": [ -122.366533971833135, 47.448025992027723 ] } },
{ "type": "Feature", "properties": { "lat": 47.448039295237777, "lon": -122.35832740336082, "time_of_day": "Late Night", "causation": [ "0", "0", "0", "0", "0", "0", "0", "0", "0", "0", "0", "0", "0", "0", "0", "0", "0", "0", "0", "0", "1", "0", "0", "0" ], "duration": 1243.0, "sum": 1 }, "geometry": { "type": "Point", "coordinates": [ -122.358327403360818, 47.448039295237777 ] } },
{ "type": "Feature", "properties": { "lat": 47.448048388063256, "lon": -122.35885715856736, "time_of_day": "Late Night", "causation": [ "0", "0", "0", "0", "0", "0", "0", "0", "0", "0", "0", "0", "0", "0", "0", "0", "0", "0", "0", "0", "1", "0", "0", "0" ], "duration": 1243.0, "sum": 1 }, "geometry": { "type": "Point", "coordinates": [ -122.358857158567361, 47.448048388063256 ] } },
{ "type": "Feature", "properties": { "lat": 47.448057286621179, "lon": -122.36169016456196, "time_of_day": "Late Night", "causation": [ "0", "0", "0", "0", "0", "0", "0", "0", "0", "0", "0", "0", "0", "0", "0", "0", "0", "0", "0", "0", "2", "0", "0", "0" ], "duration": 2486.0, "sum": 2 }, "geometry": { "type": "Point", "coordinates": [ -122.361690164561963, 47.448057286621179 ] } },
{ "type": "Feature", "properties": { "lat": 47.448074485654018, "lon": -122.3643649567514, "time_of_day": "Late Night", "causation": [ "0", "0", "0", "0", "0", "0", "0", "0", "0", "0", "0", "0", "0", "0", "0", "0", "0", "0", "0", "0", "2", "0", "0", "0" ], "duration": 2486.0, "sum": 2 }, "geometry": { "type": "Point", "coordinates": [ -122.364364956751402, 47.448074485654018 ] } },
{ "type": "Feature", "properties": { "lat": 47.448074553235344, "lon": -122.36471096342792, "time_of_day": "Late Night", "causation": [ "0", "0", "0", "0", "0", "0", "0", "0", "0", "0", "0", "0", "0", "0", "0", "0", "0", "0", "0", "0", "1", "0", "0", "0" ], "duration": 1243.0, "sum": 1 }, "geometry": { "type": "Point", "coordinates": [ -122.364710963427925, 47.448074553235344 ] } },
{ "type": "Feature", "properties": { "lat": 47.448079071691055, "lon": -122.3562432802474, "time_of_day": "Late Night", "causation": [ "0", "0", "0", "0", "0", "0", "0", "0", "0", "0", "0", "0", "0", "0", "0", "0", "0", "0", "0", "0", "1", "0", "0", "0" ], "duration": 1243.0, "sum": 1 }, "geometry": { "type": "Point", "coordinates": [ -122.356243280247398, 47.448079071691055 ] } },
{ "type": "Feature", "properties": { "lat": 47.448098828020342, "lon": -122.35721006268123, "time_of_day": "Late Night", "causation": [ "0", "0", "0", "0", "0", "0", "0", "0", "0", "0", "0", "0", "0", "0", "0", "0", "0", "0", "0", "0", "1", "0", "0", "0" ], "duration": 1243.0, "sum": 1 }, "geometry": { "type": "Point", "coordinates": [ -122.357210062681233, 47.448098828020342 ] } },
{ "type": "Feature", "properties": { "lat": 47.448127614820848, "lon": -122.36673639789878, "time_of_day": "Late Night", "causation": [ "0", "0", "0", "0", "0", "0", "0", "0", "0", "0", "0", "0", "0", "0", "0", "0", "0", "0", "0", "0", "1", "0", "0", "0" ], "duration": 1243.0, "sum": 1 }, "geometry": { "type": "Point", "coordinates": [ -122.366736397898777, 47.448127614820848 ] } },
{ "type": "Feature", "properties": { "lat": 47.448153205978095, "lon": -122.36368867171588, "time_of_day": "Late Night", "causation": [ "0", "0", "0", "0", "0", "0", "0", "0", "0", "0", "0", "0", "0", "0", "0", "0", "0", "0", "0", "0", "1", "0", "0", "0" ], "duration": 1243.0, "sum": 1 }, "geometry": { "type": "Point", "coordinates": [ -122.363688671715877, 47.448153205978095 ] } },
{ "type": "Feature", "properties": { "lat": 47.448181678587353, "lon": -122.36695513251379, "time_of_day": "Late Night", "causation": [ "0", "0", "0", "0", "0", "0", "0", "0", "0", "0", "0", "0", "0", "0", "0", "0", "0", "0", "0", "0", "1", "0", "0", "0" ], "duration": 1243.0, "sum": 1 }, "geometry": { "type": "Point", "coordinates": [ -122.366955132513795, 47.448181678587353 ] } },
{ "type": "Feature", "properties": { "lat": 47.448208697324354, "lon": -122.36484795017236, "time_of_day": "Late Night", "causation": [ "0", "0", "0", "0", "0", "0", "0", "0", "0", "0", "0", "0", "0", "0", "0", "0", "0", "0", "0", "0", "1", "0", "0", "0" ], "duration": 1243.0, "sum": 1 }, "geometry": { "type": "Point", "coordinates": [ -122.364847950172361, 47.448208697324354 ] } },
{ "type": "Feature", "properties": { "lat": 47.448220371806052, "lon": -122.36503815383216, "time_of_day": "Late Night", "causation": [ "0", "0", "0", "0", "0", "0", "0", "0", "0", "0", "0", "0", "0", "0", "0", "0", "0", "0", "0", "0", "1", "0", "0", "0" ], "duration": 1243.0, "sum": 1 }, "geometry": { "type": "Point", "coordinates": [ -122.36503815383216, 47.448220371806052 ] } },
{ "type": "Feature", "properties": { "lat": 47.448229451481176, "lon": -122.35960452030352, "time_of_day": "Late Night", "causation": [ "0", "0", "0", "0", "0", "0", "0", "0", "0", "0", "0", "0", "0", "0", "0", "0", "0", "0", "0", "0", "1", "0", "0", "0" ], "duration": 1243.0, "sum": 1 }, "geometry": { "type": "Point", "coordinates": [ -122.35960452030352, 47.448229451481176 ] } },
{ "type": "Feature", "properties": { "lat": 47.44823115565822, "lon": -122.36850614524046, "time_of_day": "Late Night", "causation": [ "0", "0", "0", "0", "0", "0", "0", "0", "0", "0", "0", "0", "0", "0", "0", "0", "0", "0", "0", "0", "1", "0", "0", "0" ], "duration": 1243.0, "sum": 1 }, "geometry": { "type": "Point", "coordinates": [ -122.36850614524046, 47.44823115565822 ] } },
{ "type": "Feature", "properties": { "lat": 47.448232895170307, "lon": -122.36029154650502, "time_of_day": "Late Night", "causation": [ "0", "0", "0", "0", "0", "0", "0", "0", "0", "0", "0", "0", "0", "0", "0", "0", "0", "0", "0", "0", "1", "0", "0", "0" ], "duration": 1243.0, "sum": 1 }, "geometry": { "type": "Point", "coordinates": [ -122.360291546505024, 47.448232895170307 ] } },
{ "type": "Feature", "properties": { "lat": 47.448262402213082, "lon": -122.36713071155305, "time_of_day": "Late Night", "causation": [ "0", "0", "0", "0", "0", "0", "0", "0", "0", "0", "0", "0", "0", "0", "0", "0", "0", "0", "0", "0", "1", "0", "0", "0" ], "duration": 1243.0, "sum": 1 }, "geometry": { "type": "Point", "coordinates": [ -122.367130711553045, 47.448262402213082 ] } },
{ "type": "Feature", "properties": { "lat": 47.448273678297127, "lon": -122.35575226160503, "time_of_day": "Late Night", "causation": [ "0", "0", "0", "0", "0", "0", "0", "0", "0", "0", "0", "0", "0", "0", "0", "0", "0", "0", "0", "0", "1", "0", "0", "0" ], "duration": 1243.0, "sum": 1 }, "geometry": { "type": "Point", "coordinates": [ -122.355752261605033, 47.448273678297127 ] } },
{ "type": "Feature", "properties": { "lat": 47.448291683122562, "lon": -122.36738646150258, "time_of_day": "Late Night", "causation": [ "0", "0", "0", "0", "0", "0", "0", "0", "0", "0", "0", "0", "0", "0", "0", "0", "0", "0", "0", "0", "1", "0", "0", "0" ], "duration": 1243.0, "sum": 1 }, "geometry": { "type": "Point", "coordinates": [ -122.367386461502576, 47.448291683122562 ] } },
{ "type": "Feature", "properties": { "lat": 47.448301027739518, "lon": -122.36141283916636, "time_of_day": "Late Night", "causation": [ "0", "0", "0", "0", "0", "0", "0", "0", "0", "0", "0", "0", "0", "0", "0", "0", "0", "0", "0", "0", "2", "0", "0", "0" ], "duration": 2486.0, "sum": 2 }, "geometry": { "type": "Point", "coordinates": [ -122.361412839166363, 47.448301027739518 ] } },
{ "type": "Feature", "properties": { "lat": 47.448355038064939, "lon": -122.3676693022295, "time_of_day": "Late Night", "causation": [ "0", "0", "0", "0", "0", "0", "0", "0", "0", "0", "0", "0", "0", "0", "0", "0", "0", "0", "0", "0", "1", "0", "0", "0" ], "duration": 1243.0, "sum": 1 }, "geometry": { "type": "Point", "coordinates": [ -122.367669302229501, 47.448355038064939 ] } },
{ "type": "Feature", "properties": { "lat": 47.448367405910574, "lon": -122.36550365186942, "time_of_day": "Late Night", "causation": [ "0", "0", "0", "0", "0", "0", "0", "0", "0", "0", "0", "0", "0", "0", "0", "0", "0", "0", "0", "0", "1", "0", "0", "0" ], "duration": 1243.0, "sum": 1 }, "geometry": { "type": "Point", "coordinates": [ -122.365503651869417, 47.448367405910574 ] } },
{ "type": "Feature", "properties": { "lat": 47.448373762856157, "lon": -122.36523027336057, "time_of_day": "Late Night", "causation": [ "0", "0", "0", "0", "0", "0", "0", "0", "0", "0", "0", "0", "0", "0", "0", "0", "0", "0", "0", "0", "1", "0", "0", "0" ], "duration": 1243.0, "sum": 1 }, "geometry": { "type": "Point", "coordinates": [ -122.365230273360567, 47.448373762856157 ] } },
{ "type": "Feature", "properties": { "lat": 47.448394413273967, "lon": -122.35529673105448, "time_of_day": "Late Night", "causation": [ "0", "0", "0", "0", "0", "0", "0", "0", "0", "0", "0", "0", "0", "0", "0", "0", "0", "0", "0", "0", "1", "0", "0", "0" ], "duration": 1243.0, "sum": 1 }, "geometry": { "type": "Point", "coordinates": [ -122.35529673105448, 47.448394413273967 ] } },
{ "type": "Feature", "properties": { "lat": 47.448411465384687, "lon": -122.36792879387519, "time_of_day": "Late Night", "causation": [ "0", "0", "0", "0", "0", "0", "0", "0", "0", "0", "0", "0", "0", "0", "0", "0", "0", "0", "0", "0", "2", "0", "0", "0" ], "duration": 2486.0, "sum": 2 }, "geometry": { "type": "Point", "coordinates": [ -122.367928793875194, 47.448411465384687 ] } },
{ "type": "Feature", "properties": { "lat": 47.448449290917807, "lon": -122.36579148921705, "time_of_day": "Late Night", "causation": [ "0", "0", "0", "0", "0", "0", "0", "0", "0", "0", "0", "0", "0", "0", "0", "0", "0", "0", "0", "0", "1", "0", "0", "0" ], "duration": 1243.0, "sum": 1 }, "geometry": { "type": "Point", "coordinates": [ -122.365791489217045, 47.448449290917807 ] } },
{ "type": "Feature", "properties": { "lat": 47.448513132632591, "lon": -122.3680838175508, "time_of_day": "Late Night", "causation": [ "0", "0", "0", "0", "0", "0", "0", "0", "0", "0", "0", "0", "0", "0", "0", "0", "0", "0", "0", "0", "3", "0", "0", "0" ], "duration": 3729.0, "sum": 3 }, "geometry": { "type": "Point", "coordinates": [ -122.368083817550797, 47.448513132632591 ] } },
{ "type": "Feature", "properties": { "lat": 47.448549094128239, "lon": -122.35440721045724, "time_of_day": "Late Night", "causation": [ "0", "0", "0", "0", "0", "0", "0", "0", "0", "0", "0", "0", "0", "0", "0", "0", "0", "0", "0", "0", "1", "0", "0", "0" ], "duration": 1243.0, "sum": 1 }, "geometry": { "type": "Point", "coordinates": [ -122.354407210457239, 47.448549094128239 ] } },
{ "type": "Feature", "properties": { "lat": 47.448573367450493, "lon": -122.35773480515364, "time_of_day": "Late Night", "causation": [ "0", "0", "0", "0", "0", "0", "0", "0", "0", "0", "0", "0", "0", "0", "0", "0", "0", "0", "0", "0", "1", "0", "0", "0" ], "duration": 1243.0, "sum": 1 }, "geometry": { "type": "Point", "coordinates": [ -122.35773480515364, 47.448573367450493 ] } },
{ "type": "Feature", "properties": { "lat": 47.448595882443009, "lon": -122.36034635985796, "time_of_day": "Late Night", "causation": [ "0", "0", "0", "0", "0", "0", "0", "0", "0", "0", "0", "0", "0", "0", "0", "0", "0", "0", "0", "0", "1", "0", "0", "0" ], "duration": 1243.0, "sum": 1 }, "geometry": { "type": "Point", "coordinates": [ -122.360346359857957, 47.448595882443009 ] } },
{ "type": "Feature", "properties": { "lat": 47.44859600242642, "lon": -122.35740854232178, "time_of_day": "Late Night", "causation": [ "0", "0", "0", "0", "0", "0", "0", "0", "0", "0", "0", "0", "0", "0", "0", "0", "0", "0", "0", "0", "1", "0", "0", "0" ], "duration": 1243.0, "sum": 1 }, "geometry": { "type": "Point", "coordinates": [ -122.357408542321778, 47.44859600242642 ] } },
{ "type": "Feature", "properties": { "lat": 47.448618921801497, "lon": -122.36645154390727, "time_of_day": "Late Night", "causation": [ "0", "0", "0", "0", "0", "0", "0", "0", "0", "0", "0", "0", "0", "0", "0", "0", "0", "0", "0", "0", "1", "0", "0", "0" ], "duration": 1243.0, "sum": 1 }, "geometry": { "type": "Point", "coordinates": [ -122.366451543907274, 47.448618921801497 ] } },
{ "type": "Feature", "properties": { "lat": 47.448641858838563, "lon": -122.359766277836, "time_of_day": "Late Night", "causation": [ "0", "0", "0", "0", "0", "0", "0", "0", "0", "0", "0", "0", "0", "0", "0", "0", "0", "0", "0", "0", "1", "0", "0", "0" ], "duration": 1243.0, "sum": 1 }, "geometry": { "type": "Point", "coordinates": [ -122.359766277836002, 47.448641858838563 ] } },
{ "type": "Feature", "properties": { "lat": 47.448655353733443, "lon": -122.3666920879251, "time_of_day": "Late Night", "causation": [ "0", "0", "0", "0", "0", "0", "0", "0", "0", "0", "0", "0", "0", "0", "0", "0", "0", "0", "0", "0", "1", "0", "0", "0" ], "duration": 1243.0, "sum": 1 }, "geometry": { "type": "Point", "coordinates": [ -122.366692087925102, 47.448655353733443 ] } },
{ "type": "Feature", "properties": { "lat": 47.448659548235753, "lon": -122.35828162064506, "time_of_day": "Late Night", "causation": [ "0", "0", "0", "0", "0", "0", "0", "0", "0", "0", "0", "0", "0", "0", "0", "0", "0", "0", "0", "0", "1", "0", "0", "0" ], "duration": 1243.0, "sum": 1 }, "geometry": { "type": "Point", "coordinates": [ -122.358281620645059, 47.448659548235753 ] } },
{ "type": "Feature", "properties": { "lat": 47.448685163356139, "lon": -122.35405472670236, "time_of_day": "Late Night", "causation": [ "0", "0", "0", "0", "0", "0", "0", "0", "0", "0", "0", "0", "0", "0", "0", "0", "0", "0", "0", "0", "1", "0", "0", "0" ], "duration": 1243.0, "sum": 1 }, "geometry": { "type": "Point", "coordinates": [ -122.354054726702358, 47.448685163356139 ] } },
{ "type": "Feature", "properties": { "lat": 47.448717955358731, "lon": -122.36694147773258, "time_of_day": "Late Night", "causation": [ "0", "0", "0", "0", "0", "0", "0", "0", "0", "0", "0", "0", "0", "0", "0", "0", "0", "0", "0", "0", "1", "0", "0", "0" ], "duration": 1243.0, "sum": 1 }, "geometry": { "type": "Point", "coordinates": [ -122.366941477732581, 47.448717955358731 ] } },
{ "type": "Feature", "properties": { "lat": 47.448934966385607, "lon": -122.36749663557346, "time_of_day": "Late Night", "causation": [ "0", "0", "0", "0", "0", "0", "0", "0", "0", "0", "0", "0", "0", "0", "0", "0", "0", "0", "0", "0", "1", "0", "0", "0" ], "duration": 1243.0, "sum": 1 }, "geometry": { "type": "Point", "coordinates": [ -122.36749663557346, 47.448934966385607 ] } },
{ "type": "Feature", "properties": { "lat": 47.448961321162962, "lon": -122.36722460992274, "time_of_day": "Late Night", "causation": [ "0", "0", "0", "0", "0", "0", "0", "0", "0", "0", "0", "0", "0", "0", "0", "0", "0", "0", "0", "0", "1", "0", "0", "0" ], "duration": 1243.0, "sum": 1 }, "geometry": { "type": "Point", "coordinates": [ -122.367224609922744, 47.448961321162962 ] } },
{ "type": "Feature", "properties": { "lat": 47.448973238151488, "lon": -122.36779597091864, "time_of_day": "Late Night", "causation": [ "0", "0", "0", "0", "0", "0", "0", "0", "0", "0", "0", "0", "0", "0", "0", "0", "0", "0", "0", "0", "2", "0", "0", "0" ], "duration": 2486.0, "sum": 2 }, "geometry": { "type": "Point", "coordinates": [ -122.367795970918635, 47.448973238151488 ] } },
{ "type": "Feature", "properties": { "lat": 47.451317035591622, "lon": -122.34947660380649, "time_of_day": "Late Night", "causation": [ "0", "0", "0", "0", "0", "0", "0", "0", "0", "0", "0", "0", "0", "0", "0", "0", "0", "0", "0", "0", "1", "0", "0", "0" ], "duration": 1243.0, "sum": 1 }, "geometry": { "type": "Point", "coordinates": [ -122.349476603806494, 47.451317035591622 ] } },
{ "type": "Feature", "properties": { "lat": 47.451537565737482, "lon": -122.34914501612484, "time_of_day": "Late Night", "causation": [ "0", "0", "0", "0", "0", "0", "0", "0", "0", "0", "0", "0", "0", "0", "0", "0", "0", "0", "0", "0", "1", "0", "0", "0" ], "duration": 1243.0, "sum": 1 }, "geometry": { "type": "Point", "coordinates": [ -122.349145016124837, 47.451537565737482 ] } },
{ "type": "Feature", "properties": { "lat": 47.452985961774047, "lon": -122.34616394990114, "time_of_day": "Late Night", "causation": [ "0", "0", "0", "0", "0", "0", "0", "0", "0", "0", "0", "0", "0", "0", "0", "0", "0", "0", "0", "0", "1", "0", "0", "0" ], "duration": 117.0, "sum": 1 }, "geometry": { "type": "Point", "coordinates": [ -122.34616394990114, 47.452985961774047 ] } },
{ "type": "Feature", "properties": { "lat": 47.453172031214351, "lon": -122.3467559449398, "time_of_day": "Late Night", "causation": [ "0", "0", "0", "0", "0", "0", "0", "0", "0", "0", "0", "0", "0", "0", "0", "0", "0", "0", "0", "0", "1", "0", "0", "0" ], "duration": 117.0, "sum": 1 }, "geometry": { "type": "Point", "coordinates": [ -122.346755944939801, 47.453172031214351 ] } },
{ "type": "Feature", "properties": { "lat": 47.453447869649125, "lon": -122.34659791200704, "time_of_day": "Late Night", "causation": [ "0", "0", "0", "0", "0", "0", "0", "0", "0", "0", "0", "0", "0", "0", "0", "0", "0", "0", "0", "0", "1", "0", "0", "0" ], "duration": 117.0, "sum": 1 }, "geometry": { "type": "Point", "coordinates": [ -122.346597912007041, 47.453447869649125 ] } },
{ "type": "Feature", "properties": { "lat": 47.453666129258501, "lon": -122.34644306737822, "time_of_day": "Late Night", "causation": [ "0", "0", "0", "0", "0", "0", "0", "0", "0", "0", "0", "0", "0", "0", "0", "0", "0", "0", "0", "0", "1", "0", "0", "0" ], "duration": 117.0, "sum": 1 }, "geometry": { "type": "Point", "coordinates": [ -122.346443067378218, 47.453666129258501 ] } },
{ "type": "Feature", "properties": { "lat": 47.453881901670897, "lon": -122.34623048452416, "time_of_day": "Late Night", "causation": [ "0", "0", "0", "0", "0", "0", "0", "0", "0", "0", "0", "0", "0", "0", "0", "0", "0", "0", "0", "0", "1", "0", "0", "0" ], "duration": 117.0, "sum": 1 }, "geometry": { "type": "Point", "coordinates": [ -122.346230484524156, 47.453881901670897 ] } },
{ "type": "Feature", "properties": { "lat": 47.45409469382269, "lon": -122.34501827642106, "time_of_day": "Late Night", "causation": [ "0", "0", "0", "0", "0", "0", "0", "0", "0", "0", "0", "0", "0", "0", "0", "0", "0", "0", "0", "0", "1", "0", "0", "0" ], "duration": 117.0, "sum": 1 }, "geometry": { "type": "Point", "coordinates": [ -122.345018276421058, 47.45409469382269 ] } },
{ "type": "Feature", "properties": { "lat": 47.454340301966987, "lon": -122.34502296078628, "time_of_day": "Late Night", "causation": [ "0", "0", "0", "0", "0", "0", "0", "0", "0", "0", "0", "0", "0", "0", "0", "0", "0", "0", "0", "0", "1", "0", "0", "0" ], "duration": 117.0, "sum": 1 }, "geometry": { "type": "Point", "coordinates": [ -122.345022960786281, 47.454340301966987 ] } },
{ "type": "Feature", "properties": { "lat": 47.454529600605902, "lon": -122.34488916769206, "time_of_day": "Late Night", "causation": [ "0", "0", "0", "0", "0", "0", "0", "0", "0", "0", "0", "0", "0", "0", "0", "0", "0", "0", "0", "0", "1", "0", "0", "0" ], "duration": 117.0, "sum": 1 }, "geometry": { "type": "Point", "coordinates": [ -122.34488916769206, 47.454529600605902 ] } },
{ "type": "Feature", "properties": { "lat": 47.454905823400907, "lon": -122.34534028854974, "time_of_day": "Late Night", "causation": [ "0", "0", "0", "0", "0", "0", "0", "0", "0", "0", "0", "0", "0", "0", "0", "0", "0", "0", "0", "0", "1", "0", "0", "0" ], "duration": 117.0, "sum": 1 }, "geometry": { "type": "Point", "coordinates": [ -122.345340288549735, 47.454905823400907 ] } },
{ "type": "Feature", "properties": { "lat": 47.45513330474148, "lon": -122.34528511346768, "time_of_day": "Late Night", "causation": [ "0", "0", "0", "0", "0", "0", "0", "0", "0", "0", "0", "0", "0", "0", "0", "0", "0", "0", "0", "0", "1", "0", "0", "0" ], "duration": 117.0, "sum": 1 }, "geometry": { "type": "Point", "coordinates": [ -122.345285113467682, 47.45513330474148 ] } },
{ "type": "Feature", "properties": { "lat": 47.45515326400858, "lon": -122.34448947823256, "time_of_day": "Late Night", "causation": [ "0", "0", "0", "0", "0", "0", "0", "0", "0", "0", "0", "0", "0", "0", "0", "0", "0", "0", "0", "0", "1", "0", "0", "0" ], "duration": 117.0, "sum": 1 }, "geometry": { "type": "Point", "coordinates": [ -122.34448947823256, 47.45515326400858 ] } },
{ "type": "Feature", "properties": { "lat": 47.455344071080567, "lon": -122.34439964573204, "time_of_day": "Late Night", "causation": [ "0", "0", "0", "0", "0", "0", "0", "0", "0", "0", "0", "0", "0", "0", "0", "0", "0", "0", "0", "0", "1", "0", "0", "0" ], "duration": 117.0, "sum": 1 }, "geometry": { "type": "Point", "coordinates": [ -122.34439964573204, 47.455344071080567 ] } },
{ "type": "Feature", "properties": { "lat": 47.455345588721642, "lon": -122.34516641790422, "time_of_day": "Late Night", "causation": [ "0", "0", "0", "0", "0", "0", "0", "0", "0", "0", "0", "0", "0", "0", "0", "0", "0", "0", "0", "0", "1", "0", "0", "0" ], "duration": 117.0, "sum": 1 }, "geometry": { "type": "Point", "coordinates": [ -122.345166417904224, 47.455345588721642 ] } },
{ "type": "Feature", "properties": { "lat": 47.455559913210379, "lon": -122.3450699027522, "time_of_day": "Late Night", "causation": [ "0", "0", "0", "0", "0", "0", "0", "0", "0", "0", "0", "0", "0", "0", "0", "0", "0", "0", "0", "0", "1", "0", "0", "0" ], "duration": 117.0, "sum": 1 }, "geometry": { "type": "Point", "coordinates": [ -122.345069902752201, 47.455559913210379 ] } },
{ "type": "Feature", "properties": { "lat": 47.455771832148969, "lon": -122.3450641716165, "time_of_day": "Late Night", "causation": [ "0", "0", "0", "0", "0", "0", "0", "0", "0", "0", "0", "0", "0", "0", "0", "0", "0", "0", "0", "0", "1", "0", "0", "0" ], "duration": 117.0, "sum": 1 }, "geometry": { "type": "Point", "coordinates": [ -122.345064171616499, 47.455771832148969 ] } },
{ "type": "Feature", "properties": { "lat": 47.455867754594948, "lon": -122.34430312513456, "time_of_day": "Late Night", "causation": [ "0", "0", "0", "0", "0", "0", "0", "0", "0", "0", "0", "0", "0", "0", "0", "0", "0", "0", "0", "0", "1", "0", "0", "0" ], "duration": 117.0, "sum": 1 }, "geometry": { "type": "Point", "coordinates": [ -122.344303125134559, 47.455867754594948 ] } },
{ "type": "Feature", "properties": { "lat": 47.455913574485862, "lon": -122.34502389918232, "time_of_day": "Late Night", "causation": [ "0", "0", "0", "0", "0", "0", "0", "0", "0", "0", "0", "0", "0", "0", "0", "0", "0", "0", "0", "0", "1", "0", "0", "0" ], "duration": 117.0, "sum": 1 }, "geometry": { "type": "Point", "coordinates": [ -122.345023899182323, 47.455913574485862 ] } },
{ "type": "Feature", "properties": { "lat": 47.456245984767712, "lon": -122.34493680228331, "time_of_day": "Late Night", "causation": [ "0", "0", "0", "0", "0", "0", "0", "0", "0", "0", "0", "0", "0", "0", "0", "0", "0", "0", "0", "0", "1", "0", "0", "0" ], "duration": 117.0, "sum": 1 }, "geometry": { "type": "Point", "coordinates": [ -122.344936802283314, 47.456245984767712 ] } },
{ "type": "Feature", "properties": { "lat": 47.456256967843252, "lon": -122.34438566140224, "time_of_day": "Late Night", "causation": [ "0", "0", "0", "0", "0", "0", "0", "0", "0", "0", "0", "0", "0", "0", "0", "0", "0", "0", "0", "0", "1", "0", "0", "0" ], "duration": 117.0, "sum": 1 }, "geometry": { "type": "Point", "coordinates": [ -122.344385661402242, 47.456256967843252 ] } },
{ "type": "Feature", "properties": { "lat": 47.456442230606498, "lon": -122.34437057257826, "time_of_day": "Late Night", "causation": [ "0", "0", "0", "0", "0", "0", "0", "0", "0", "0", "0", "0", "0", "0", "0", "0", "0", "0", "0", "0", "1", "0", "0", "0" ], "duration": 117.0, "sum": 1 }, "geometry": { "type": "Point", "coordinates": [ -122.344370572578256, 47.456442230606498 ] } },
{ "type": "Feature", "properties": { "lat": 47.456516406084525, "lon": -122.34509314631676, "time_of_day": "Late Night", "causation": [ "0", "0", "0", "0", "0", "0", "0", "0", "0", "0", "0", "0", "0", "0", "0", "0", "0", "0", "0", "0", "1", "0", "0", "0" ], "duration": 117.0, "sum": 1 }, "geometry": { "type": "Point", "coordinates": [ -122.345093146316756, 47.456516406084525 ] } },
{ "type": "Feature", "properties": { "lat": 47.456658903990082, "lon": -122.34432266725494, "time_of_day": "Late Night", "causation": [ "0", "0", "0", "0", "0", "0", "0", "0", "0", "0", "0", "0", "0", "0", "0", "0", "0", "0", "0", "0", "1", "0", "0", "0" ], "duration": 117.0, "sum": 1 }, "geometry": { "type": "Point", "coordinates": [ -122.344322667254943, 47.456658903990082 ] } },
{ "type": "Feature", "properties": { "lat": 47.456755732107851, "lon": -122.34494619802123, "time_of_day": "Late Night", "causation": [ "0", "0", "0", "0", "0", "0", "0", "0", "0", "0", "0", "0", "0", "0", "0", "0", "0", "0", "0", "0", "1", "0", "0", "0" ], "duration": 117.0, "sum": 1 }, "geometry": { "type": "Point", "coordinates": [ -122.344946198021233, 47.456755732107851 ] } },
{ "type": "Feature", "properties": { "lat": 47.456929647673192, "lon": -122.34493613115217, "time_of_day": "Late Night", "causation": [ "0", "0", "0", "0", "0", "0", "0", "0", "0", "0", "0", "0", "0", "0", "0", "0", "0", "0", "0", "0", "1", "0", "0", "0" ], "duration": 117.0, "sum": 1 }, "geometry": { "type": "Point", "coordinates": [ -122.344936131152167, 47.456929647673192 ] } },
{ "type": "Feature", "properties": { "lat": 47.457092518087819, "lon": -122.3449375294387, "time_of_day": "Late Night", "causation": [ "0", "0", "0", "0", "0", "0", "0", "0", "0", "0", "0", "0", "0", "0", "0", "0", "0", "0", "0", "0", "1", "0", "0", "0" ], "duration": 117.0, "sum": 1 }, "geometry": { "type": "Point", "coordinates": [ -122.344937529438695, 47.457092518087819 ] } },
{ "type": "Feature", "properties": { "lat": 47.457268162115049, "lon": -122.34493006363827, "time_of_day": "Late Night", "causation": [ "0", "0", "0", "0", "0", "0", "0", "0", "0", "0", "0", "0", "0", "0", "0", "0", "0", "0", "0", "0", "1", "0", "0", "0" ], "duration": 117.0, "sum": 1 }, "geometry": { "type": "Point", "coordinates": [ -122.344930063638273, 47.457268162115049 ] } },
{ "type": "Feature", "properties": { "lat": 47.459902649964597, "lon": -122.33522601955138, "time_of_day": "Morning", "causation": [ "0", "0", "0", "0", "0", "0", "0", "0", "1", "0", "0", "0", "0", "0", "0", "0", "0", "0", "0", "0", "0", "0", "0", "0" ], "duration": 287.0, "sum": 1 }, "geometry": { "type": "Point", "coordinates": [ -122.335226019551385, 47.459902649964597 ] } },
{ "type": "Feature", "properties": { "lat": 47.459912251252732, "lon": -122.3346427456181, "time_of_day": "Morning", "causation": [ "0", "0", "0", "0", "0", "0", "0", "0", "1", "0", "0", "0", "0", "0", "0", "0", "0", "0", "0", "0", "0", "0", "0", "0" ], "duration": 287.0, "sum": 1 }, "geometry": { "type": "Point", "coordinates": [ -122.334642745618098, 47.459912251252732 ] } },
{ "type": "Feature", "properties": { "lat": 47.460098408921922, "lon": -122.33537756695938, "time_of_day": "Morning", "causation": [ "0", "0", "0", "0", "0", "0", "0", "0", "5", "0", "0", "0", "0", "0", "0", "0", "0", "0", "0", "0", "0", "0", "0", "0" ], "duration": 1435.0, "sum": 5 }, "geometry": { "type": "Point", "coordinates": [ -122.33537756695938, 47.460098408921922 ] } },
{ "type": "Feature", "properties": { "lat": 47.460393002102244, "lon": -122.33501174531122, "time_of_day": "Morning", "causation": [ "0", "0", "0", "0", "0", "0", "0", "0", "1", "0", "0", "0", "0", "0", "0", "0", "0", "0", "0", "0", "0", "0", "0", "0" ], "duration": 287.0, "sum": 1 }, "geometry": { "type": "Point", "coordinates": [ -122.33501174531122, 47.460393002102244 ] } },
{ "type": "Feature", "properties": { "lat": 47.460397621154449, "lon": -122.3353938209568, "time_of_day": "Morning", "causation": [ "0", "0", "0", "0", "0", "0", "0", "0", "2", "0", "0", "0", "0", "0", "0", "0", "0", "0", "0", "0", "0", "0", "0", "0" ], "duration": 574.0, "sum": 2 }, "geometry": { "type": "Point", "coordinates": [ -122.335393820956796, 47.460397621154449 ] } },
{ "type": "Feature", "properties": { "lat": 47.460459227861691, "lon": -122.33578866833174, "time_of_day": "Morning", "causation": [ "0", "0", "0", "0", "0", "0", "0", "0", "1", "0", "0", "0", "0", "0", "0", "0", "0", "0", "0", "0", "0", "0", "0", "0" ], "duration": 287.0, "sum": 1 }, "geometry": { "type": "Point", "coordinates": [ -122.335788668331745, 47.460459227861691 ] } },
{ "type": "Feature", "properties": { "lat": 47.460738319755613, "lon": -122.33488455720352, "time_of_day": "Morning", "causation": [ "0", "0", "0", "0", "0", "0", "0", "0", "2", "0", "0", "0", "0", "0", "0", "0", "0", "0", "0", "0", "0", "0", "0", "0" ], "duration": 574.0, "sum": 2 }, "geometry": { "type": "Point", "coordinates": [ -122.334884557203523, 47.460738319755613 ] } },
{ "type": "Feature", "properties": { "lat": 47.460759025243846, "lon": -122.33529261096923, "time_of_day": "Morning", "causation": [ "0", "0", "0", "0", "0", "0", "0", "0", "1", "0", "0", "0", "0", "0", "0", "0", "0", "0", "0", "0", "0", "0", "0", "0" ], "duration": 287.0, "sum": 1 }, "geometry": { "type": "Point", "coordinates": [ -122.335292610969233, 47.460759025243846 ] } },
{ "type": "Feature", "properties": { "lat": 47.460827080672615, "lon": -122.337546957786, "time_of_day": "Morning", "causation": [ "0", "0", "0", "0", "0", "0", "0", "0", "1", "0", "0", "0", "0", "0", "0", "0", "0", "0", "0", "0", "0", "0", "0", "0" ], "duration": 287.0, "sum": 1 }, "geometry": { "type": "Point", "coordinates": [ -122.337546957786003, 47.460827080672615 ] } },
{ "type": "Feature", "properties": { "lat": 47.460856420798969, "lon": -122.33611314186602, "time_of_day": "Morning", "causation": [ "0", "0", "0", "0", "0", "0", "0", "0", "6", "0", "0", "0", "0", "0", "0", "0", "0", "0", "0", "0", "0", "0", "0", "0" ], "duration": 1722.0, "sum": 6 }, "geometry": { "type": "Point", "coordinates": [ -122.336113141866022, 47.460856420798969 ] } },
{ "type": "Feature", "properties": { "lat": 47.460993258627639, "lon": -122.33349028988889, "time_of_day": "Morning", "causation": [ "0", "0", "0", "0", "0", "0", "0", "0", "1", "0", "0", "0", "0", "0", "0", "0", "0", "0", "0", "0", "0", "0", "0", "0" ], "duration": 393.0, "sum": 1 }, "geometry": { "type": "Point", "coordinates": [ -122.333490289888886, 47.460993258627639 ] } },
{ "type": "Feature", "properties": { "lat": 47.461263100115758, "lon": -122.33525160572094, "time_of_day": "Morning", "causation": [ "0", "0", "0", "0", "0", "0", "0", "0", "1", "0", "0", "0", "0", "0", "0", "0", "0", "0", "0", "0", "0", "0", "0", "0" ], "duration": 287.0, "sum": 1 }, "geometry": { "type": "Point", "coordinates": [ -122.335251605720941, 47.461263100115758 ] } },
{ "type": "Feature", "properties": { "lat": 47.46128412206815, "lon": -122.33697540997711, "time_of_day": "Morning", "causation": [ "0", "0", "0", "0", "0", "0", "0", "0", "1", "0", "0", "0", "0", "0", "0", "0", "0", "0", "0", "0", "0", "0", "0", "0" ], "duration": 287.0, "sum": 1 }, "geometry": { "type": "Point", "coordinates": [ -122.336975409977114, 47.46128412206815 ] } },
{ "type": "Feature", "properties": { "lat": 47.461365472444761, "lon": -122.33500674936718, "time_of_day": "Morning", "causation": [ "0", "0", "0", "0", "0", "0", "0", "0", "1", "0", "0", "0", "0", "0", "0", "0", "0", "0", "0", "0", "0", "0", "0", "0" ], "duration": 287.0, "sum": 1 }, "geometry": { "type": "Point", "coordinates": [ -122.335006749367182, 47.461365472444761 ] } },
{ "type": "Feature", "properties": { "lat": 47.461419639971169, "lon": -122.3362716154828, "time_of_day": "Morning", "causation": [ "0", "0", "0", "0", "0", "0", "0", "0", "2", "0", "0", "0", "0", "0", "0", "0", "0", "0", "0", "0", "0", "0", "0", "0" ], "duration": 574.0, "sum": 2 }, "geometry": { "type": "Point", "coordinates": [ -122.336271615482801, 47.461419639971169 ] } },
{ "type": "Feature", "properties": { "lat": 47.461529448828713, "lon": -122.33756840089372, "time_of_day": "Morning", "causation": [ "0", "0", "0", "0", "0", "0", "0", "0", "1", "0", "0", "0", "0", "0", "0", "0", "0", "0", "0", "0", "0", "0", "0", "0" ], "duration": 287.0, "sum": 1 }, "geometry": { "type": "Point", "coordinates": [ -122.337568400893716, 47.461529448828713 ] } },
{ "type": "Feature", "properties": { "lat": 47.461846954415371, "lon": -122.33537295346432, "time_of_day": "Morning", "causation": [ "0", "0", "0", "0", "0", "0", "0", "0", "1", "0", "0", "0", "0", "0", "0", "0", "0", "0", "0", "0", "0", "0", "0", "0" ], "duration": 287.0, "sum": 1 }, "geometry": { "type": "Point", "coordinates": [ -122.335372953464315, 47.461846954415371 ] } },
{ "type": "Feature", "properties": { "lat": 47.462071513881007, "lon": -122.33601004375228, "time_of_day": "Morning", "causation": [ "0", "0", "0", "0", "0", "0", "0", "0", "1", "0", "0", "0", "0", "0", "0", "0", "0", "0", "0", "0", "0", "0", "0", "0" ], "duration": 287.0, "sum": 1 }, "geometry": { "type": "Point", "coordinates": [ -122.336010043752282, 47.462071513881007 ] } },
{ "type": "Feature", "properties": { "lat": 47.462260864758598, "lon": -122.33802124738919, "time_of_day": "Morning", "causation": [ "0", "0", "0", "0", "0", "0", "0", "0", "1", "0", "0", "0", "0", "0", "0", "0", "0", "0", "0", "0", "0", "0", "0", "0" ], "duration": 287.0, "sum": 1 }, "geometry": { "type": "Point", "coordinates": [ -122.338021247389193, 47.462260864758598 ] } },
{ "type": "Feature", "properties": { "lat": 47.462369547775012, "lon": -122.33704740316324, "time_of_day": "Morning", "causation": [ "0", "0", "0", "0", "0", "0", "0", "0", "1", "0", "0", "0", "0", "0", "0", "0", "0", "0", "0", "0", "0", "0", "0", "0" ], "duration": 287.0, "sum": 1 }, "geometry": { "type": "Point", "coordinates": [ -122.33704740316324, 47.462369547775012 ] } },
{ "type": "Feature", "properties": { "lat": 47.462781443046879, "lon": -122.33567328889497, "time_of_day": "Morning", "causation": [ "0", "0", "0", "0", "0", "0", "0", "0", "22", "0", "0", "0", "0", "0", "0", "0", "0", "0", "0", "0", "0", "0", "0", "0" ], "duration": 6314.0, "sum": 22 }, "geometry": { "type": "Point", "coordinates": [ -122.335673288894967, 47.462781443046879 ] } },
{ "type": "Feature", "properties": { "lat": 47.463034982726391, "lon": -122.33709621701333, "time_of_day": "Morning", "causation": [ "0", "0", "0", "0", "0", "0", "0", "0", "7", "0", "0", "0", "0", "0", "0", "0", "0", "0", "0", "0", "0", "0", "0", "0" ], "duration": 2009.0, "sum": 7 }, "geometry": { "type": "Point", "coordinates": [ -122.337096217013325, 47.463034982726391 ] } },
{ "type": "Feature", "properties": { "lat": 47.463880759121103, "lon": -122.34129753205129, "time_of_day": "Morning", "causation": [ "0", "0", "0", "0", "0", "0", "0", "0", "1", "0", "0", "0", "0", "0", "0", "0", "0", "0", "0", "0", "0", "0", "0", "0" ], "duration": 44.0, "sum": 1 }, "geometry": { "type": "Point", "coordinates": [ -122.341297532051286, 47.463880759121103 ] } },
{ "type": "Feature", "properties": { "lat": 47.469199727455397, "lon": -122.34846344999475, "time_of_day": "Morning", "causation": [ "0", "0", "0", "0", "0", "0", "0", "0", "1", "0", "0", "0", "0", "0", "0", "0", "0", "0", "0", "0", "0", "0", "0", "0" ], "duration": 80.0, "sum": 1 }, "geometry": { "type": "Point", "coordinates": [ -122.348463449994753, 47.469199727455397 ] } },
{ "type": "Feature", "properties": { "lat": 47.479887162253618, "lon": -122.3558469249803, "time_of_day": "Morning", "causation": [ "0", "0", "0", "0", "0", "0", "0", "0", "1", "0", "0", "0", "0", "0", "0", "0", "0", "0", "0", "0", "0", "0", "0", "0" ], "duration": 2328.0, "sum": 1 }, "geometry": { "type": "Point", "coordinates": [ -122.355846924980298, 47.479887162253618 ] } },
{ "type": "Feature", "properties": { "lat": 47.480121959475774, "lon": -122.27341401957877, "time_of_day": "Late Night", "causation": [ "0", "0", "0", "0", "0", "0", "0", "0", "0", "0", "0", "0", "0", "0", "0", "0", "0", "1", "0", "0", "0", "0", "0", "0" ], "duration": 238.0, "sum": 1 }, "geometry": { "type": "Point", "coordinates": [ -122.273414019578766, 47.480121959475774 ] } },
{ "type": "Feature", "properties": { "lat": 47.484813294373566, "lon": -122.29106464842506, "time_of_day": "Late Night", "causation": [ "0", "0", "0", "0", "1", "0", "0", "0", "0", "0", "0", "0", "0", "0", "0", "0", "0", "0", "0", "0", "0", "0", "0", "0" ], "duration": 42.0, "sum": 1 }, "geometry": { "type": "Point", "coordinates": [ -122.291064648425063, 47.484813294373566 ] } },
{ "type": "Feature", "properties": { "lat": 47.484996145938211, "lon": -122.2908199775172, "time_of_day": "Late Night", "causation": [ "0", "0", "0", "0", "1", "0", "0", "0", "0", "0", "0", "0", "0", "0", "0", "0", "0", "0", "0", "0", "0", "0", "0", "0" ], "duration": 42.0, "sum": 1 }, "geometry": { "type": "Point", "coordinates": [ -122.290819977517202, 47.484996145938211 ] } },
{ "type": "Feature", "properties": { "lat": 47.485108441936632, "lon": -122.29087242449576, "time_of_day": "Late Night", "causation": [ "0", "0", "0", "0", "1", "0", "0", "0", "0", "0", "0", "0", "0", "0", "0", "0", "0", "0", "0", "0", "0", "0", "0", "0" ], "duration": 42.0, "sum": 1 }, "geometry": { "type": "Point", "coordinates": [ -122.29087242449576, 47.485108441936632 ] } },
{ "type": "Feature", "properties": { "lat": 47.485250849001822, "lon": -122.29081997532931, "time_of_day": "Late Night", "causation": [ "0", "0", "0", "0", "1", "0", "0", "0", "0", "0", "0", "0", "0", "0", "0", "0", "0", "0", "0", "0", "0", "0", "0", "0" ], "duration": 42.0, "sum": 1 }, "geometry": { "type": "Point", "coordinates": [ -122.290819975329313, 47.485250849001822 ] } },
{ "type": "Feature", "properties": { "lat": 47.48526278009151, "lon": -122.29020452943342, "time_of_day": "Late Night", "causation": [ "0", "0", "0", "0", "1", "0", "0", "0", "0", "0", "0", "0", "0", "0", "0", "0", "0", "0", "0", "0", "0", "0", "0", "0" ], "duration": 42.0, "sum": 1 }, "geometry": { "type": "Point", "coordinates": [ -122.290204529433424, 47.48526278009151 ] } },
{ "type": "Feature", "properties": { "lat": 47.485376858823386, "lon": -122.28948126221395, "time_of_day": "Late Night", "causation": [ "0", "0", "0", "0", "1", "0", "0", "0", "0", "0", "0", "0", "0", "0", "0", "0", "0", "0", "0", "0", "0", "0", "0", "0" ], "duration": 42.0, "sum": 1 }, "geometry": { "type": "Point", "coordinates": [ -122.289481262213954, 47.485376858823386 ] } },
{ "type": "Feature", "properties": { "lat": 47.485376858823386, "lon": -122.28948126221395, "time_of_day": "Morning", "causation": [ "0", "0", "0", "0", "0", "0", "0", "0", "0", "0", "0", "0", "0", "0", "0", "0", "0", "1", "0", "0", "0", "0", "0", "0" ], "duration": 17.0, "sum": 1 }, "geometry": { "type": "Point", "coordinates": [ -122.289481262213954, 47.485376858823386 ] } },
{ "type": "Feature", "properties": { "lat": 47.485376952720351, "lon": -122.29087119037786, "time_of_day": "Late Night", "causation": [ "0", "0", "0", "0", "1", "0", "0", "0", "0", "0", "0", "0", "0", "0", "0", "0", "0", "0", "0", "0", "0", "0", "0", "0" ], "duration": 42.0, "sum": 1 }, "geometry": { "type": "Point", "coordinates": [ -122.290871190377857, 47.485376952720351 ] } },
{ "type": "Feature", "properties": { "lat": 47.485387229419331, "lon": -122.28891851885182, "time_of_day": "Late Night", "causation": [ "0", "0", "0", "0", "1", "0", "0", "0", "0", "0", "0", "0", "0", "0", "0", "0", "0", "0", "0", "0", "0", "0", "0", "0" ], "duration": 42.0, "sum": 1 }, "geometry": { "type": "Point", "coordinates": [ -122.288918518851816, 47.485387229419331 ] } },
{ "type": "Feature", "properties": { "lat": 47.485387229419331, "lon": -122.28891851885182, "time_of_day": "Morning", "causation": [ "0", "0", "0", "0", "0", "0", "0", "0", "0", "0", "0", "0", "0", "0", "0", "0", "0", "1", "0", "0", "0", "0", "0", "0" ], "duration": 17.0, "sum": 1 }, "geometry": { "type": "Point", "coordinates": [ -122.288918518851816, 47.485387229419331 ] } },
{ "type": "Feature", "properties": { "lat": 47.4854023176254, "lon": -122.36128933410806, "time_of_day": "Late Night", "causation": [ "0", "0", "0", "0", "0", "0", "0", "0", "1", "0", "0", "0", "0", "0", "0", "0", "0", "0", "0", "0", "0", "0", "0", "0" ], "duration": 397.0, "sum": 1 }, "geometry": { "type": "Point", "coordinates": [ -122.361289334108065, 47.4854023176254 ] } },
{ "type": "Feature", "properties": { "lat": 47.485477826754241, "lon": -122.29015807130216, "time_of_day": "Late Night", "causation": [ "0", "0", "0", "0", "2", "0", "0", "0", "0", "0", "0", "0", "0", "0", "0", "0", "0", "0", "0", "0", "0", "0", "0", "0" ], "duration": 84.0, "sum": 2 }, "geometry": { "type": "Point", "coordinates": [ -122.290158071302159, 47.485477826754241 ] } },
{ "type": "Feature", "properties": { "lat": 47.485522370789688, "lon": -122.28948374692958, "time_of_day": "Late Night", "causation": [ "0", "0", "0", "0", "1", "0", "0", "0", "0", "0", "0", "0", "0", "0", "0", "0", "0", "0", "0", "0", "0", "0", "0", "0" ], "duration": 42.0, "sum": 1 }, "geometry": { "type": "Point", "coordinates": [ -122.289483746929577, 47.485522370789688 ] } },
{ "type": "Feature", "properties": { "lat": 47.485522370789688, "lon": -122.28948374692958, "time_of_day": "Morning", "causation": [ "0", "0", "0", "0", "0", "0", "0", "0", "0", "0", "0", "0", "0", "0", "0", "0", "0", "1", "0", "0", "0", "0", "0", "0" ], "duration": 17.0, "sum": 1 }, "geometry": { "type": "Point", "coordinates": [ -122.289483746929577, 47.485522370789688 ] } },
{ "type": "Feature", "properties": { "lat": 47.485576237201791, "lon": -122.3613914965141, "time_of_day": "Late Night", "causation": [ "0", "0", "0", "0", "0", "0", "0", "0", "1", "0", "0", "0", "0", "0", "0", "0", "0", "0", "0", "0", "0", "0", "0", "0" ], "duration": 397.0, "sum": 1 }, "geometry": { "type": "Point", "coordinates": [ -122.361391496514102, 47.485576237201791 ] } },
{ "type": "Feature", "properties": { "lat": 47.485662033428973, "lon": -122.29004691993735, "time_of_day": "Late Night", "causation": [ "0", "0", "0", "0", "1", "0", "0", "0", "0", "0", "0", "0", "0", "0", "0", "0", "0", "0", "0", "0", "0", "0", "0", "0" ], "duration": 42.0, "sum": 1 }, "geometry": { "type": "Point", "coordinates": [ -122.290046919937353, 47.485662033428973 ] } },
{ "type": "Feature", "properties": { "lat": 47.485688965444169, "lon": -122.36140878722028, "time_of_day": "Late Night", "causation": [ "0", "0", "0", "0", "0", "0", "0", "0", "1", "0", "0", "0", "0", "0", "0", "0", "0", "0", "0", "0", "0", "0", "0", "0" ], "duration": 397.0, "sum": 1 }, "geometry": { "type": "Point", "coordinates": [ -122.361408787220284, 47.485688965444169 ] } },
{ "type": "Feature", "properties": { "lat": 47.485697602705521, "lon": -122.28889647806513, "time_of_day": "Late Night", "causation": [ "0", "0", "0", "0", "1", "0", "0", "0", "0", "0", "0", "0", "0", "0", "0", "0", "0", "0", "0", "0", "0", "0", "0", "0" ], "duration": 42.0, "sum": 1 }, "geometry": { "type": "Point", "coordinates": [ -122.288896478065126, 47.485697602705521 ] } },
{ "type": "Feature", "properties": { "lat": 47.485697602705521, "lon": -122.28889647806513, "time_of_day": "Morning", "causation": [ "0", "0", "0", "0", "0", "0", "0", "0", "0", "0", "0", "0", "0", "0", "0", "0", "0", "1", "0", "0", "0", "0", "0", "0" ], "duration": 17.0, "sum": 1 }, "geometry": { "type": "Point", "coordinates": [ -122.288896478065126, 47.485697602705521 ] } },
{ "type": "Feature", "properties": { "lat": 47.485699025077643, "lon": -122.29083282233444, "time_of_day": "Late Night", "causation": [ "0", "0", "0", "0", "1", "0", "0", "0", "0", "0", "0", "0", "0", "0", "0", "0", "0", "0", "0", "0", "0", "0", "0", "0" ], "duration": 42.0, "sum": 1 }, "geometry": { "type": "Point", "coordinates": [ -122.290832822334437, 47.485699025077643 ] } },
{ "type": "Feature", "properties": { "lat": 47.485735017426911, "lon": -122.2896414958676, "time_of_day": "Late Night", "causation": [ "0", "0", "0", "0", "1", "0", "0", "0", "0", "0", "0", "0", "0", "0", "0", "0", "0", "0", "0", "0", "0", "0", "0", "0" ], "duration": 42.0, "sum": 1 }, "geometry": { "type": "Point", "coordinates": [ -122.289641495867599, 47.485735017426911 ] } },
{ "type": "Feature", "properties": { "lat": 47.485735017426911, "lon": -122.2896414958676, "time_of_day": "Morning", "causation": [ "0", "0", "0", "0", "0", "0", "0", "0", "0", "0", "0", "0", "0", "0", "0", "0", "0", "1", "0", "0", "0", "0", "0", "0" ], "duration": 17.0, "sum": 1 }, "geometry": { "type": "Point", "coordinates": [ -122.289641495867599, 47.485735017426911 ] } },
{ "type": "Feature", "properties": { "lat": 47.485799621076197, "lon": -122.29081112001188, "time_of_day": "Late Night", "causation": [ "0", "0", "0", "0", "1", "0", "0", "0", "0", "0", "0", "0", "0", "0", "0", "0", "0", "0", "0", "0", "0", "0", "0", "0" ], "duration": 42.0, "sum": 1 }, "geometry": { "type": "Point", "coordinates": [ -122.290811120011881, 47.485799621076197 ] } },
{ "type": "Feature", "properties": { "lat": 47.485845834044341, "lon": -122.2889756108391, "time_of_day": "Late Night", "causation": [ "0", "0", "0", "0", "1", "0", "0", "0", "0", "0", "0", "0", "0", "0", "0", "0", "0", "0", "0", "0", "0", "0", "0", "0" ], "duration": 42.0, "sum": 1 }, "geometry": { "type": "Point", "coordinates": [ -122.288975610839103, 47.485845834044341 ] } },
{ "type": "Feature", "properties": { "lat": 47.485845834044341, "lon": -122.2889756108391, "time_of_day": "Morning", "causation": [ "0", "0", "0", "0", "0", "0", "0", "0", "0", "0", "0", "0", "0", "0", "0", "0", "0", "1", "0", "0", "0", "0", "0", "0" ], "duration": 17.0, "sum": 1 }, "geometry": { "type": "Point", "coordinates": [ -122.288975610839103, 47.485845834044341 ] } },
{ "type": "Feature", "properties": { "lat": 47.485869030855163, "lon": -122.3614968592662, "time_of_day": "Late Night", "causation": [ "0", "0", "0", "0", "0", "0", "0", "0", "1", "0", "0", "0", "0", "0", "0", "0", "0", "0", "0", "0", "0", "0", "0", "0" ], "duration": 397.0, "sum": 1 }, "geometry": { "type": "Point", "coordinates": [ -122.361496859266197, 47.485869030855163 ] } },
{ "type": "Feature", "properties": { "lat": 47.485919424735073, "lon": -122.29093116910541, "time_of_day": "Late Night", "causation": [ "0", "0", "0", "0", "1", "0", "0", "0", "0", "0", "0", "0", "0", "0", "0", "0", "0", "0", "0", "0", "0", "0", "0", "0" ], "duration": 42.0, "sum": 1 }, "geometry": { "type": "Point", "coordinates": [ -122.290931169105406, 47.485919424735073 ] } },
{ "type": "Feature", "properties": { "lat": 47.485934370453087, "lon": -122.29020047343862, "time_of_day": "Late Night", "causation": [ "0", "0", "0", "0", "2", "0", "0", "0", "0", "0", "0", "0", "0", "0", "0", "0", "0", "0", "0", "0", "0", "0", "0", "0" ], "duration": 84.0, "sum": 2 }, "geometry": { "type": "Point", "coordinates": [ -122.290200473438617, 47.485934370453087 ] } },
{ "type": "Feature", "properties": { "lat": 47.485939151665882, "lon": -122.28969755703298, "time_of_day": "Late Night", "causation": [ "0", "0", "0", "0", "1", "0", "0", "0", "0", "0", "0", "0", "0", "0", "0", "0", "0", "0", "0", "0", "0", "0", "0", "0" ], "duration": 42.0, "sum": 1 }, "geometry": { "type": "Point", "coordinates": [ -122.28969755703298, 47.485939151665882 ] } },
{ "type": "Feature", "properties": { "lat": 47.485939151665882, "lon": -122.28969755703298, "time_of_day": "Morning", "causation": [ "0", "0", "0", "0", "0", "0", "0", "0", "0", "0", "0", "0", "0", "0", "0", "0", "0", "1", "0", "0", "0", "0", "0", "0" ], "duration": 17.0, "sum": 1 }, "geometry": { "type": "Point", "coordinates": [ -122.28969755703298, 47.485939151665882 ] } },
{ "type": "Feature", "properties": { "lat": 47.486043334706878, "lon": -122.28766884623872, "time_of_day": "Late Night", "causation": [ "0", "0", "0", "0", "1", "0", "0", "0", "0", "0", "0", "0", "0", "0", "0", "0", "0", "0", "0", "0", "0", "0", "0", "0" ], "duration": 1332.0, "sum": 1 }, "geometry": { "type": "Point", "coordinates": [ -122.287668846238716, 47.486043334706878 ] } },
{ "type": "Feature", "properties": { "lat": 47.486051026148125, "lon": -122.29070370858967, "time_of_day": "Late Night", "causation": [ "0", "0", "0", "0", "1", "0", "0", "0", "0", "0", "0", "0", "0", "0", "0", "0", "0", "0", "0", "0", "0", "0", "0", "0" ], "duration": 42.0, "sum": 1 }, "geometry": { "type": "Point", "coordinates": [ -122.290703708589675, 47.486051026148125 ] } },
{ "type": "Feature", "properties": { "lat": 47.486075246034467, "lon": -122.36164141662302, "time_of_day": "Late Night", "causation": [ "0", "0", "0", "0", "0", "0", "0", "0", "2", "0", "0", "0", "0", "0", "0", "0", "0", "0", "0", "0", "0", "0", "0", "0" ], "duration": 794.0, "sum": 2 }, "geometry": { "type": "Point", "coordinates": [ -122.361641416623016, 47.486075246034467 ] } },
{ "type": "Feature", "properties": { "lat": 47.486108432093253, "lon": -122.2891232647043, "time_of_day": "Late Night", "causation": [ "0", "0", "0", "0", "1", "0", "0", "0", "0", "0", "0", "0", "0", "0", "0", "0", "0", "0", "0", "0", "0", "0", "0", "0" ], "duration": 42.0, "sum": 1 }, "geometry": { "type": "Point", "coordinates": [ -122.289123264704301, 47.486108432093253 ] } },
{ "type": "Feature", "properties": { "lat": 47.486108432093253, "lon": -122.2891232647043, "time_of_day": "Morning", "causation": [ "0", "0", "0", "0", "0", "0", "0", "0", "0", "0", "0", "0", "0", "0", "0", "0", "0", "1", "0", "0", "0", "0", "0", "0" ], "duration": 17.0, "sum": 1 }, "geometry": { "type": "Point", "coordinates": [ -122.289123264704301, 47.486108432093253 ] } },
{ "type": "Feature", "properties": { "lat": 47.48612875180072, "lon": -122.28995457913641, "time_of_day": "Late Night", "causation": [ "0", "0", "0", "0", "1", "0", "0", "0", "0", "0", "0", "0", "0", "0", "0", "0", "0", "0", "0", "0", "0", "0", "0", "0" ], "duration": 42.0, "sum": 1 }, "geometry": { "type": "Point", "coordinates": [ -122.289954579136406, 47.48612875180072 ] } },
{ "type": "Feature", "properties": { "lat": 47.48612875180072, "lon": -122.28995457913641, "time_of_day": "Morning", "causation": [ "0", "0", "0", "0", "0", "0", "0", "0", "0", "0", "0", "0", "0", "0", "0", "0", "0", "1", "0", "0", "0", "0", "0", "0" ], "duration": 17.0, "sum": 1 }, "geometry": { "type": "Point", "coordinates": [ -122.289954579136406, 47.48612875180072 ] } },
{ "type": "Feature", "properties": { "lat": 47.486195405190493, "lon": -122.29084357820204, "time_of_day": "Late Night", "causation": [ "0", "0", "0", "0", "1", "0", "0", "0", "0", "0", "0", "0", "0", "0", "0", "0", "0", "0", "0", "0", "0", "0", "0", "0" ], "duration": 42.0, "sum": 1 }, "geometry": { "type": "Point", "coordinates": [ -122.290843578202043, 47.486195405190493 ] } },
{ "type": "Feature", "properties": { "lat": 47.486215067126061, "lon": -122.28880679697554, "time_of_day": "Late Night", "causation": [ "0", "0", "0", "0", "1", "0", "0", "0", "0", "0", "0", "0", "0", "0", "0", "0", "0", "0", "0", "0", "0", "0", "0", "0" ], "duration": 1332.0, "sum": 1 }, "geometry": { "type": "Point", "coordinates": [ -122.288806796975535, 47.486215067126061 ] } },
{ "type": "Feature", "properties": { "lat": 47.486253226479782, "lon": -122.29000247088916, "time_of_day": "Late Night", "causation": [ "0", "0", "0", "0", "1", "0", "0", "0", "0", "0", "0", "0", "0", "0", "0", "0", "0", "0", "0", "0", "0", "0", "0", "0" ], "duration": 42.0, "sum": 1 }, "geometry": { "type": "Point", "coordinates": [ -122.290002470889164, 47.486253226479782 ] } },
{ "type": "Feature", "properties": { "lat": 47.486253226479782, "lon": -122.29000247088916, "time_of_day": "Morning", "causation": [ "0", "0", "0", "0", "0", "0", "0", "0", "0", "0", "0", "0", "0", "0", "0", "0", "0", "1", "0", "0", "0", "0", "0", "0" ], "duration": 17.0, "sum": 1 }, "geometry": { "type": "Point", "coordinates": [ -122.290002470889164, 47.486253226479782 ] } },
{ "type": "Feature", "properties": { "lat": 47.48631068787757, "lon": -122.28760166804888, "time_of_day": "Late Night", "causation": [ "0", "0", "0", "0", "1", "0", "0", "0", "0", "0", "0", "0", "0", "0", "0", "0", "0", "0", "0", "0", "0", "0", "0", "0" ], "duration": 1332.0, "sum": 1 }, "geometry": { "type": "Point", "coordinates": [ -122.287601668048879, 47.48631068787757 ] } },
{ "type": "Feature", "properties": { "lat": 47.48633914640493, "lon": -122.29127439788761, "time_of_day": "Late Night", "causation": [ "0", "0", "0", "0", "1", "0", "0", "0", "0", "0", "0", "0", "0", "0", "0", "0", "0", "0", "0", "0", "0", "0", "0", "0" ], "duration": 42.0, "sum": 1 }, "geometry": { "type": "Point", "coordinates": [ -122.291274397887605, 47.48633914640493 ] } },
{ "type": "Feature", "properties": { "lat": 47.486352711952257, "lon": -122.2907112481066, "time_of_day": "Late Night", "causation": [ "0", "0", "0", "0", "1", "0", "0", "0", "0", "0", "0", "0", "0", "0", "0", "0", "0", "0", "0", "0", "0", "0", "0", "0" ], "duration": 42.0, "sum": 1 }, "geometry": { "type": "Point", "coordinates": [ -122.290711248106604, 47.486352711952257 ] } },
{ "type": "Feature", "properties": { "lat": 47.486382785719954, "lon": -122.36182865628244, "time_of_day": "Late Night", "causation": [ "0", "0", "0", "0", "0", "0", "0", "0", "1", "0", "0", "0", "0", "0", "0", "0", "0", "0", "0", "0", "0", "0", "0", "0" ], "duration": 397.0, "sum": 1 }, "geometry": { "type": "Point", "coordinates": [ -122.361828656282441, 47.486382785719954 ] } },
{ "type": "Feature", "properties": { "lat": 47.486426142812057, "lon": -122.29017290843061, "time_of_day": "Late Night", "causation": [ "0", "0", "0", "0", "4", "0", "0", "0", "0", "0", "0", "0", "0", "0", "0", "0", "0", "0", "0", "0", "0", "0", "0", "0" ], "duration": 168.0, "sum": 4 }, "geometry": { "type": "Point", "coordinates": [ -122.290172908430606, 47.486426142812057 ] } },
{ "type": "Feature", "properties": { "lat": 47.486449748550477, "lon": -122.28920277223637, "time_of_day": "Late Night", "causation": [ "0", "0", "0", "0", "1", "0", "0", "0", "0", "0", "0", "0", "0", "0", "0", "0", "0", "0", "0", "0", "0", "0", "0", "0" ], "duration": 42.0, "sum": 1 }, "geometry": { "type": "Point", "coordinates": [ -122.289202772236365, 47.486449748550477 ] } },
{ "type": "Feature", "properties": { "lat": 47.486449748550477, "lon": -122.28920277223637, "time_of_day": "Morning", "causation": [ "0", "0", "0", "0", "0", "0", "0", "0", "0", "0", "0", "0", "0", "0", "0", "0", "0", "1", "0", "0", "0", "0", "0", "0" ], "duration": 17.0, "sum": 1 }, "geometry": { "type": "Point", "coordinates": [ -122.289202772236365, 47.486449748550477 ] } },
{ "type": "Feature", "properties": { "lat": 47.486462553992482, "lon": -122.28771823612225, "time_of_day": "Late Night", "causation": [ "0", "0", "0", "0", "1", "0", "0", "0", "0", "0", "0", "0", "0", "0", "0", "0", "0", "0", "0", "0", "0", "0", "0", "0" ], "duration": 1332.0, "sum": 1 }, "geometry": { "type": "Point", "coordinates": [ -122.287718236122245, 47.486462553992482 ] } },
{ "type": "Feature", "properties": { "lat": 47.486507365663137, "lon": -122.36194482109622, "time_of_day": "Late Night", "causation": [ "0", "0", "0", "0", "0", "0", "0", "0", "1", "0", "0", "0", "0", "0", "0", "0", "0", "0", "0", "0", "0", "0", "0", "0" ], "duration": 397.0, "sum": 1 }, "geometry": { "type": "Point", "coordinates": [ -122.361944821096216, 47.486507365663137 ] } },
{ "type": "Feature", "properties": { "lat": 47.4865622482166, "lon": -122.28743389078618, "time_of_day": "Late Night", "causation": [ "0", "0", "0", "0", "1", "0", "0", "0", "0", "0", "0", "0", "0", "0", "0", "0", "0", "0", "0", "0", "0", "0", "0", "0" ], "duration": 1332.0, "sum": 1 }, "geometry": { "type": "Point", "coordinates": [ -122.287433890786176, 47.4865622482166 ] } },
{ "type": "Feature", "properties": { "lat": 47.486597070435337, "lon": -122.28778921753204, "time_of_day": "Late Night", "causation": [ "0", "0", "0", "0", "1", "0", "0", "0", "0", "0", "0", "0", "0", "0", "0", "0", "0", "0", "0", "0", "0", "0", "0", "0" ], "duration": 1332.0, "sum": 1 }, "geometry": { "type": "Point", "coordinates": [ -122.287789217532037, 47.486597070435337 ] } },
{ "type": "Feature", "properties": { "lat": 47.486638570405603, "lon": -122.29145590057588, "time_of_day": "Late Night", "causation": [ "0", "0", "0", "0", "1", "0", "0", "0", "0", "0", "0", "0", "0", "0", "0", "0", "0", "0", "0", "0", "0", "0", "0", "0" ], "duration": 42.0, "sum": 1 }, "geometry": { "type": "Point", "coordinates": [ -122.291455900575883, 47.486638570405603 ] } },
{ "type": "Feature", "properties": { "lat": 47.486704519459053, "lon": -122.3621344635971, "time_of_day": "Late Night", "causation": [ "0", "0", "0", "0", "0", "0", "0", "0", "1", "0", "0", "0", "0", "0", "0", "0", "0", "0", "0", "0", "0", "0", "0", "0" ], "duration": 397.0, "sum": 1 }, "geometry": { "type": "Point", "coordinates": [ -122.362134463597101, 47.486704519459053 ] } },
{ "type": "Feature", "properties": { "lat": 47.486735748999017, "lon": -122.28788422233386, "time_of_day": "Late Night", "causation": [ "0", "0", "0", "0", "1", "0", "0", "0", "0", "0", "0", "0", "0", "0", "0", "0", "0", "0", "0", "0", "0", "0", "0", "0" ], "duration": 1332.0, "sum": 1 }, "geometry": { "type": "Point", "coordinates": [ -122.287884222333858, 47.486735748999017 ] } },
{ "type": "Feature", "properties": { "lat": 47.48675018030314, "lon": -122.28949832488402, "time_of_day": "Late Night", "causation": [ "0", "0", "0", "0", "3", "0", "0", "0", "0", "0", "0", "0", "0", "0", "0", "0", "0", "0", "0", "0", "0", "0", "0", "0" ], "duration": 126.0, "sum": 3 }, "geometry": { "type": "Point", "coordinates": [ -122.289498324884022, 47.48675018030314 ] } },
{ "type": "Feature", "properties": { "lat": 47.486775562015744, "lon": -122.29124865295904, "time_of_day": "Late Night", "causation": [ "0", "0", "0", "0", "1", "0", "0", "0", "0", "0", "0", "0", "0", "0", "0", "0", "0", "0", "0", "0", "0", "0", "0", "0" ], "duration": 42.0, "sum": 1 }, "geometry": { "type": "Point", "coordinates": [ -122.291248652959041, 47.486775562015744 ] } },
{ "type": "Feature", "properties": { "lat": 47.486822034732207, "lon": -122.36224361057104, "time_of_day": "Late Night", "causation": [ "0", "0", "0", "0", "0", "0", "0", "0", "1", "0", "0", "0", "0", "0", "0", "0", "0", "0", "0", "0", "0", "0", "0", "0" ], "duration": 397.0, "sum": 1 }, "geometry": { "type": "Point", "coordinates": [ -122.362243610571042, 47.486822034732207 ] } },
{ "type": "Feature", "properties": { "lat": 47.48682833532105, "lon": -122.28801556232079, "time_of_day": "Late Night", "causation": [ "0", "0", "0", "0", "1", "0", "0", "0", "0", "0", "0", "0", "0", "0", "0", "0", "0", "0", "0", "0", "0", "0", "0", "0" ], "duration": 42.0, "sum": 1 }, "geometry": { "type": "Point", "coordinates": [ -122.288015562320794, 47.48682833532105 ] } },
{ "type": "Feature", "properties": { "lat": 47.486839334954929, "lon": -122.29098434348948, "time_of_day": "Late Night", "causation": [ "0", "0", "0", "0", "1", "0", "0", "0", "0", "0", "0", "0", "0", "0", "0", "0", "0", "0", "0", "0", "0", "0", "0", "0" ], "duration": 42.0, "sum": 1 }, "geometry": { "type": "Point", "coordinates": [ -122.290984343489484, 47.486839334954929 ] } },
{ "type": "Feature", "properties": { "lat": 47.486848216556105, "lon": -122.28827646454393, "time_of_day": "Late Night", "causation": [ "0", "0", "0", "0", "1", "0", "0", "0", "0", "0", "0", "0", "0", "0", "0", "0", "0", "0", "0", "0", "0", "0", "0", "0" ], "duration": 42.0, "sum": 1 }, "geometry": { "type": "Point", "coordinates": [ -122.288276464543927, 47.486848216556105 ] } },
{ "type": "Feature", "properties": { "lat": 47.48688550479185, "lon": -122.28765612428978, "time_of_day": "Late Night", "causation": [ "0", "0", "0", "0", "1", "0", "0", "0", "0", "0", "0", "0", "0", "0", "0", "0", "0", "0", "0", "0", "0", "0", "0", "0" ], "duration": 42.0, "sum": 1 }, "geometry": { "type": "Point", "coordinates": [ -122.287656124289782, 47.48688550479185 ] } },
{ "type": "Feature", "properties": { "lat": 47.486887146897097, "lon": -122.28744234177184, "time_of_day": "Late Night", "causation": [ "0", "0", "0", "0", "1", "0", "0", "0", "0", "0", "0", "0", "0", "0", "0", "0", "0", "0", "0", "0", "0", "0", "0", "0" ], "duration": 42.0, "sum": 1 }, "geometry": { "type": "Point", "coordinates": [ -122.287442341771836, 47.486887146897097 ] } },
{ "type": "Feature", "properties": { "lat": 47.486923576416451, "lon": -122.29062283313256, "time_of_day": "Late Night", "causation": [ "0", "0", "0", "0", "1", "0", "0", "0", "0", "0", "0", "0", "0", "0", "0", "0", "0", "0", "0", "0", "0", "0", "0", "0" ], "duration": 42.0, "sum": 1 }, "geometry": { "type": "Point", "coordinates": [ -122.290622833132559, 47.486923576416451 ] } },
{ "type": "Feature", "properties": { "lat": 47.486926810652477, "lon": -122.2870515500821, "time_of_day": "Late Night", "causation": [ "0", "0", "0", "0", "1", "0", "0", "0", "0", "0", "0", "0", "0", "0", "0", "0", "0", "0", "0", "0", "0", "0", "0", "0" ], "duration": 42.0, "sum": 1 }, "geometry": { "type": "Point", "coordinates": [ -122.287051550082097, 47.486926810652477 ] } },
{ "type": "Feature", "properties": { "lat": 47.486937232832176, "lon": -122.36242604688904, "time_of_day": "Late Night", "causation": [ "0", "0", "0", "0", "0", "0", "0", "0", "1", "0", "0", "0", "0", "0", "0", "0", "0", "0", "0", "0", "0", "0", "0", "0" ], "duration": 397.0, "sum": 1 }, "geometry": { "type": "Point", "coordinates": [ -122.362426046889041, 47.486937232832176 ] } },
{ "type": "Feature", "properties": { "lat": 47.486941258138899, "lon": -122.28892456254739, "time_of_day": "Late Night", "causation": [ "0", "0", "0", "0", "1", "0", "0", "0", "0", "0", "0", "0", "0", "0", "0", "0", "0", "0", "0", "0", "0", "0", "0", "0" ], "duration": 42.0, "sum": 1 }, "geometry": { "type": "Point", "coordinates": [ -122.288924562547393, 47.486941258138899 ] } },
{ "type": "Feature", "properties": { "lat": 47.487049106623367, "lon": -122.29017186254944, "time_of_day": "Late Night", "causation": [ "0", "0", "0", "0", "1", "0", "0", "0", "0", "0", "0", "0", "0", "0", "0", "0", "0", "0", "0", "0", "0", "0", "0", "0" ], "duration": 42.0, "sum": 1 }, "geometry": { "type": "Point", "coordinates": [ -122.290171862549442, 47.487049106623367 ] } },
{ "type": "Feature", "properties": { "lat": 47.487075560797678, "lon": -122.30821532104991, "time_of_day": "Morning", "causation": [ "0", "0", "0", "0", "0", "0", "0", "0", "1", "0", "0", "0", "0", "0", "0", "0", "0", "0", "0", "0", "0", "0", "0", "0" ], "duration": 396.0, "sum": 1 }, "geometry": { "type": "Point", "coordinates": [ -122.308215321049914, 47.487075560797678 ] } },
{ "type": "Feature", "properties": { "lat": 47.487100265005289, "lon": -122.36251970523242, "time_of_day": "Late Night", "causation": [ "0", "0", "0", "0", "0", "0", "0", "0", "1", "0", "0", "0", "0", "0", "0", "0", "0", "0", "0", "0", "0", "0", "0", "0" ], "duration": 397.0, "sum": 1 }, "geometry": { "type": "Point", "coordinates": [ -122.362519705232415, 47.487100265005289 ] } },
{ "type": "Feature", "properties": { "lat": 47.48710654309037, "lon": -122.29035626947972, "time_of_day": "Late Night", "causation": [ "0", "0", "0", "0", "1", "0", "0", "0", "0", "0", "0", "0", "0", "0", "0", "0", "0", "0", "0", "0", "0", "0", "0", "0" ], "duration": 42.0, "sum": 1 }, "geometry": { "type": "Point", "coordinates": [ -122.290356269479716, 47.48710654309037 ] } },
{ "type": "Feature", "properties": { "lat": 47.487207232126977, "lon": -122.291129128341, "time_of_day": "Late Night", "causation": [ "0", "0", "0", "0", "1", "0", "0", "0", "0", "0", "0", "0", "0", "0", "0", "0", "0", "0", "0", "0", "0", "0", "0", "0" ], "duration": 42.0, "sum": 1 }, "geometry": { "type": "Point", "coordinates": [ -122.291129128340998, 47.487207232126977 ] } },
{ "type": "Feature", "properties": { "lat": 47.487223844252298, "lon": -122.36267167305697, "time_of_day": "Late Night", "causation": [ "0", "0", "0", "0", "0", "0", "0", "0", "1", "0", "0", "0", "0", "0", "0", "0", "0", "0", "0", "0", "0", "0", "0", "0" ], "duration": 397.0, "sum": 1 }, "geometry": { "type": "Point", "coordinates": [ -122.362671673056965, 47.487223844252298 ] } },
{ "type": "Feature", "properties": { "lat": 47.487251702106512, "lon": -122.28766423152892, "time_of_day": "Late Night", "causation": [ "0", "0", "0", "0", "1", "0", "0", "0", "0", "0", "0", "0", "0", "0", "0", "0", "0", "0", "0", "0", "0", "0", "0", "0" ], "duration": 42.0, "sum": 1 }, "geometry": { "type": "Point", "coordinates": [ -122.287664231528922, 47.487251702106512 ] } },
{ "type": "Feature", "properties": { "lat": 47.487323145512804, "lon": -122.28792414656924, "time_of_day": "Late Night", "causation": [ "0", "0", "0", "0", "1", "0", "0", "0", "0", "0", "0", "0", "0", "0", "0", "0", "0", "0", "0", "0", "0", "0", "0", "0" ], "duration": 42.0, "sum": 1 }, "geometry": { "type": "Point", "coordinates": [ -122.287924146569239, 47.487323145512804 ] } },
{ "type": "Feature", "properties": { "lat": 47.487323844968721, "lon": -122.28739444508319, "time_of_day": "Late Night", "causation": [ "0", "0", "0", "0", "1", "0", "0", "0", "0", "0", "0", "0", "0", "0", "0", "0", "0", "0", "0", "0", "0", "0", "0", "0" ], "duration": 42.0, "sum": 1 }, "geometry": { "type": "Point", "coordinates": [ -122.287394445083194, 47.487323844968721 ] } },
{ "type": "Feature", "properties": { "lat": 47.487328732671166, "lon": -122.36283124072284, "time_of_day": "Late Night", "causation": [ "0", "0", "0", "0", "0", "0", "0", "0", "1", "0", "0", "0", "0", "0", "0", "0", "0", "0", "0", "0", "0", "0", "0", "0" ], "duration": 397.0, "sum": 1 }, "geometry": { "type": "Point", "coordinates": [ -122.362831240722841, 47.487328732671166 ] } },
{ "type": "Feature", "properties": { "lat": 47.48741364599195, "lon": -122.29044801824996, "time_of_day": "Late Night", "causation": [ "0", "0", "0", "0", "1", "0", "0", "0", "0", "0", "0", "0", "0", "0", "0", "0", "0", "0", "0", "0", "0", "0", "0", "0" ], "duration": 42.0, "sum": 1 }, "geometry": { "type": "Point", "coordinates": [ -122.290448018249961, 47.48741364599195 ] } },
{ "type": "Feature", "properties": { "lat": 47.487491851264416, "lon": -122.36297873850459, "time_of_day": "Late Night", "causation": [ "0", "0", "0", "0", "0", "0", "0", "0", "1", "0", "0", "0", "0", "0", "0", "0", "0", "0", "0", "0", "0", "0", "0", "0" ], "duration": 397.0, "sum": 1 }, "geometry": { "type": "Point", "coordinates": [ -122.362978738504594, 47.487491851264416 ] } },
{ "type": "Feature", "properties": { "lat": 47.487516537634363, "lon": -122.29061156939402, "time_of_day": "Late Night", "causation": [ "0", "0", "0", "0", "1", "0", "0", "0", "0", "0", "0", "0", "0", "0", "0", "0", "0", "0", "0", "0", "0", "0", "0", "0" ], "duration": 42.0, "sum": 1 }, "geometry": { "type": "Point", "coordinates": [ -122.290611569394017, 47.487516537634363 ] } },
{ "type": "Feature", "properties": { "lat": 47.48755851426364, "lon": -122.3631013126174, "time_of_day": "Late Night", "causation": [ "0", "0", "0", "0", "0", "0", "0", "0", "1", "0", "0", "0", "0", "0", "0", "0", "0", "0", "0", "0", "0", "0", "0", "0" ], "duration": 397.0, "sum": 1 }, "geometry": { "type": "Point", "coordinates": [ -122.363101312617403, 47.48755851426364 ] } },
{ "type": "Feature", "properties": { "lat": 47.48758466217825, "lon": -122.29137280465024, "time_of_day": "Late Night", "causation": [ "0", "0", "0", "0", "1", "0", "0", "0", "0", "0", "0", "0", "0", "0", "0", "0", "0", "0", "0", "0", "0", "0", "0", "0" ], "duration": 42.0, "sum": 1 }, "geometry": { "type": "Point", "coordinates": [ -122.291372804650237, 47.48758466217825 ] } },
{ "type": "Feature", "properties": { "lat": 47.487730743445766, "lon": -122.36321629988338, "time_of_day": "Late Night", "causation": [ "0", "0", "0", "0", "0", "0", "0", "0", "1", "0", "0", "0", "0", "0", "0", "0", "0", "0", "0", "0", "0", "0", "0", "0" ], "duration": 397.0, "sum": 1 }, "geometry": { "type": "Point", "coordinates": [ -122.363216299883376, 47.487730743445766 ] } },
{ "type": "Feature", "properties": { "lat": 47.487796403619171, "lon": -122.29119094305008, "time_of_day": "Late Night", "causation": [ "0", "0", "0", "0", "1", "0", "0", "0", "0", "0", "0", "0", "0", "0", "0", "0", "0", "0", "0", "0", "0", "0", "0", "0" ], "duration": 42.0, "sum": 1 }, "geometry": { "type": "Point", "coordinates": [ -122.291190943050083, 47.487796403619171 ] } },
{ "type": "Feature", "properties": { "lat": 47.487892687921367, "lon": -122.36345233823108, "time_of_day": "Late Night", "causation": [ "0", "0", "0", "0", "0", "0", "0", "0", "1", "0", "0", "0", "0", "0", "0", "0", "0", "0", "0", "0", "0", "0", "0", "0" ], "duration": 397.0, "sum": 1 }, "geometry": { "type": "Point", "coordinates": [ -122.363452338231085, 47.487892687921367 ] } },
{ "type": "Feature", "properties": { "lat": 47.488012396340046, "lon": -122.36368264439974, "time_of_day": "Late Night", "causation": [ "0", "0", "0", "0", "0", "0", "0", "0", "1", "0", "0", "0", "0", "0", "0", "0", "0", "0", "0", "0", "0", "0", "0", "0" ], "duration": 397.0, "sum": 1 }, "geometry": { "type": "Point", "coordinates": [ -122.363682644399745, 47.488012396340046 ] } },
{ "type": "Feature", "properties": { "lat": 47.488098944584813, "lon": -122.36376959016702, "time_of_day": "Late Night", "causation": [ "0", "0", "0", "0", "0", "0", "0", "0", "1", "0", "0", "0", "0", "0", "0", "0", "0", "0", "0", "0", "0", "0", "0", "0" ], "duration": 397.0, "sum": 1 }, "geometry": { "type": "Point", "coordinates": [ -122.363769590167024, 47.488098944584813 ] } },
{ "type": "Feature", "properties": { "lat": 47.488234688634606, "lon": -122.30791525101704, "time_of_day": "Morning", "causation": [ "0", "0", "0", "0", "0", "0", "0", "0", "1", "0", "0", "0", "0", "0", "0", "0", "0", "0", "0", "0", "0", "0", "0", "0" ], "duration": 396.0, "sum": 1 }, "geometry": { "type": "Point", "coordinates": [ -122.307915251017036, 47.488234688634606 ] } },
{ "type": "Feature", "properties": { "lat": 47.488266342991388, "lon": -122.36402602287252, "time_of_day": "Late Night", "causation": [ "0", "0", "0", "0", "0", "0", "0", "0", "1", "0", "0", "0", "0", "0", "0", "0", "0", "0", "0", "0", "0", "0", "0", "0" ], "duration": 397.0, "sum": 1 }, "geometry": { "type": "Point", "coordinates": [ -122.364026022872523, 47.488266342991388 ] } },
{ "type": "Feature", "properties": { "lat": 47.48838481157015, "lon": -122.36419529946906, "time_of_day": "Late Night", "causation": [ "0", "0", "0", "0", "0", "0", "0", "0", "1", "0", "0", "0", "0", "0", "0", "0", "0", "0", "0", "0", "0", "0", "0", "0" ], "duration": 397.0, "sum": 1 }, "geometry": { "type": "Point", "coordinates": [ -122.36419529946906, 47.48838481157015 ] } },
{ "type": "Feature", "properties": { "lat": 47.488627854333117, "lon": -122.36439391389034, "time_of_day": "Late Night", "causation": [ "0", "0", "0", "0", "0", "0", "0", "0", "1", "0", "0", "0", "0", "0", "0", "0", "0", "0", "0", "0", "0", "0", "0", "0" ], "duration": 397.0, "sum": 1 }, "geometry": { "type": "Point", "coordinates": [ -122.364393913890339, 47.488627854333117 ] } },
{ "type": "Feature", "properties": { "lat": 47.489398293906632, "lon": -122.3525368040488, "time_of_day": "Morning", "causation": [ "0", "0", "0", "0", "0", "0", "0", "0", "0", "0", "0", "0", "0", "0", "0", "0", "0", "0", "1", "0", "0", "0", "0", "0" ], "duration": 965.0, "sum": 1 }, "geometry": { "type": "Point", "coordinates": [ -122.352536804048796, 47.489398293906632 ] } },
{ "type": "Feature", "properties": { "lat": 47.489398986227066, "lon": -122.351749298003, "time_of_day": "Morning", "causation": [ "0", "0", "0", "0", "0", "0", "0", "0", "0", "0", "0", "0", "0", "0", "0", "0", "0", "0", "1", "0", "0", "0", "0", "0" ], "duration": 965.0, "sum": 1 }, "geometry": { "type": "Point", "coordinates": [ -122.351749298003, 47.489398986227066 ] } },
{ "type": "Feature", "properties": { "lat": 47.48940397625816, "lon": -122.35083885483088, "time_of_day": "Morning", "causation": [ "0", "0", "0", "0", "0", "0", "0", "0", "0", "0", "0", "0", "0", "0", "0", "0", "0", "0", "4", "0", "0", "0", "0", "0" ], "duration": 3860.0, "sum": 4 }, "geometry": { "type": "Point", "coordinates": [ -122.350838854830883, 47.48940397625816 ] } },
{ "type": "Feature", "properties": { "lat": 47.489466531869788, "lon": -122.35051392429769, "time_of_day": "Morning", "causation": [ "0", "0", "0", "0", "0", "0", "0", "0", "0", "0", "0", "0", "0", "0", "0", "0", "0", "0", "1", "0", "0", "0", "0", "0" ], "duration": 965.0, "sum": 1 }, "geometry": { "type": "Point", "coordinates": [ -122.350513924297687, 47.489466531869788 ] } },
{ "type": "Feature", "properties": { "lat": 47.489484699747301, "lon": -122.35282331147808, "time_of_day": "Morning", "causation": [ "0", "0", "0", "0", "0", "0", "0", "0", "0", "0", "0", "0", "0", "0", "0", "0", "0", "0", "1", "0", "0", "0", "0", "0" ], "duration": 965.0, "sum": 1 }, "geometry": { "type": "Point", "coordinates": [ -122.352823311478076, 47.489484699747301 ] } },
{ "type": "Feature", "properties": { "lat": 47.489495489154976, "lon": -122.3512891868282, "time_of_day": "Morning", "causation": [ "0", "0", "0", "0", "0", "0", "0", "0", "0", "0", "0", "0", "0", "0", "0", "0", "0", "0", "4", "0", "0", "0", "0", "0" ], "duration": 3860.0, "sum": 4 }, "geometry": { "type": "Point", "coordinates": [ -122.351289186828197, 47.489495489154976 ] } },
{ "type": "Feature", "properties": { "lat": 47.489570502289091, "lon": -122.35176549736838, "time_of_day": "Morning", "causation": [ "0", "0", "0", "0", "0", "0", "0", "0", "0", "0", "0", "0", "0", "0", "0", "0", "0", "0", "1", "0", "0", "0", "0", "0" ], "duration": 965.0, "sum": 1 }, "geometry": { "type": "Point", "coordinates": [ -122.351765497368376, 47.489570502289091 ] } },
{ "type": "Feature", "properties": { "lat": 47.489583648429651, "lon": -122.3524512208695, "time_of_day": "Morning", "causation": [ "0", "0", "0", "0", "0", "0", "0", "0", "0", "0", "0", "0", "0", "0", "0", "0", "0", "0", "1", "0", "0", "0", "0", "0" ], "duration": 965.0, "sum": 1 }, "geometry": { "type": "Point", "coordinates": [ -122.352451220869497, 47.489583648429651 ] } },
{ "type": "Feature", "properties": { "lat": 47.489660128357443, "lon": -122.35084764289036, "time_of_day": "Morning", "causation": [ "0", "0", "0", "0", "0", "0", "0", "0", "0", "0", "0", "0", "0", "0", "0", "0", "0", "0", "4", "0", "0", "0", "0", "0" ], "duration": 3860.0, "sum": 4 }, "geometry": { "type": "Point", "coordinates": [ -122.350847642890358, 47.489660128357443 ] } },
{ "type": "Feature", "properties": { "lat": 47.489677632850793, "lon": -122.35248082024916, "time_of_day": "Morning", "causation": [ "0", "0", "0", "0", "0", "0", "0", "0", "0", "0", "0", "0", "0", "0", "0", "0", "0", "0", "1", "0", "0", "0", "0", "0" ], "duration": 965.0, "sum": 1 }, "geometry": { "type": "Point", "coordinates": [ -122.352480820249156, 47.489677632850793 ] } },
{ "type": "Feature", "properties": { "lat": 47.489683133565968, "lon": -122.35129068364, "time_of_day": "Morning", "causation": [ "0", "0", "0", "0", "0", "0", "0", "0", "0", "0", "0", "0", "0", "0", "0", "0", "0", "0", "5", "0", "0", "0", "0", "0" ], "duration": 4825.0, "sum": 5 }, "geometry": { "type": "Point", "coordinates": [ -122.351290683640002, 47.489683133565968 ] } },
{ "type": "Feature", "properties": { "lat": 47.489738491837826, "lon": -122.35175428725898, "time_of_day": "Morning", "causation": [ "0", "0", "0", "0", "0", "0", "0", "0", "0", "0", "0", "0", "0", "0", "0", "0", "0", "0", "1", "0", "0", "0", "0", "0" ], "duration": 965.0, "sum": 1 }, "geometry": { "type": "Point", "coordinates": [ -122.351754287258984, 47.489738491837826 ] } },
{ "type": "Feature", "properties": { "lat": 47.489831765174998, "lon": -122.36410466244136, "time_of_day": "Late Night", "causation": [ "0", "0", "0", "0", "0", "0", "0", "0", "1", "0", "0", "0", "0", "0", "0", "0", "0", "0", "0", "0", "0", "0", "0", "0" ], "duration": 397.0, "sum": 1 }, "geometry": { "type": "Point", "coordinates": [ -122.364104662441363, 47.489831765174998 ] } },
{ "type": "Feature", "properties": { "lat": 47.489885455291272, "lon": -122.35252352571744, "time_of_day": "Morning", "causation": [ "0", "0", "0", "0", "0", "0", "0", "0", "0", "0", "0", "0", "0", "0", "0", "0", "0", "0", "1", "0", "0", "0", "0", "0" ], "duration": 965.0, "sum": 1 }, "geometry": { "type": "Point", "coordinates": [ -122.352523525717444, 47.489885455291272 ] } },
{ "type": "Feature", "properties": { "lat": 47.489918735243727, "lon": -122.35181710206032, "time_of_day": "Morning", "causation": [ "0", "0", "0", "0", "0", "0", "0", "0", "0", "0", "0", "0", "0", "0", "0", "0", "0", "0", "1", "0", "0", "0", "0", "0" ], "duration": 965.0, "sum": 1 }, "geometry": { "type": "Point", "coordinates": [ -122.351817102060323, 47.489918735243727 ] } },
{ "type": "Feature", "properties": { "lat": 47.489921827671566, "lon": -122.35048651182932, "time_of_day": "Morning", "causation": [ "0", "0", "0", "0", "0", "0", "0", "0", "0", "0", "0", "0", "0", "0", "0", "0", "0", "0", "2", "0", "0", "0", "0", "0" ], "duration": 1930.0, "sum": 2 }, "geometry": { "type": "Point", "coordinates": [ -122.350486511829317, 47.489921827671566 ] } },
{ "type": "Feature", "properties": { "lat": 47.489940485437984, "lon": -122.35077076426568, "time_of_day": "Morning", "causation": [ "0", "0", "0", "0", "0", "0", "0", "0", "0", "0", "0", "0", "0", "0", "0", "0", "0", "0", "19", "0", "0", "0", "0", "0" ], "duration": 18335.0, "sum": 19 }, "geometry": { "type": "Point", "coordinates": [ -122.350770764265675, 47.489940485437984 ] } },
{ "type": "Feature", "properties": { "lat": 47.489945072544231, "lon": -122.35128293454756, "time_of_day": "Morning", "causation": [ "0", "0", "0", "0", "0", "0", "0", "0", "0", "0", "0", "0", "0", "0", "0", "0", "0", "0", "15", "0", "0", "0", "0", "0" ], "duration": 14475.0, "sum": 15 }, "geometry": { "type": "Point", "coordinates": [ -122.351282934547555, 47.489945072544231 ] } },
{ "type": "Feature", "properties": { "lat": 47.489988628349067, "lon": -122.35291984149136, "time_of_day": "Morning", "causation": [ "0", "0", "0", "0", "0", "0", "0", "0", "0", "0", "0", "0", "0", "0", "0", "0", "0", "0", "1", "0", "0", "0", "0", "0" ], "duration": 965.0, "sum": 1 }, "geometry": { "type": "Point", "coordinates": [ -122.352919841491357, 47.489988628349067 ] } },
{ "type": "Feature", "properties": { "lat": 47.490060476703093, "lon": -122.35249913222296, "time_of_day": "Morning", "causation": [ "0", "0", "0", "0", "0", "0", "0", "0", "0", "0", "0", "0", "0", "0", "0", "0", "0", "0", "1", "0", "0", "0", "0", "0" ], "duration": 965.0, "sum": 1 }, "geometry": { "type": "Point", "coordinates": [ -122.35249913222296, 47.490060476703093 ] } },
{ "type": "Feature", "properties": { "lat": 47.490080622459217, "lon": -122.35180490527378, "time_of_day": "Morning", "causation": [ "0", "0", "0", "0", "0", "0", "0", "0", "0", "0", "0", "0", "0", "0", "0", "0", "0", "0", "1", "0", "0", "0", "0", "0" ], "duration": 965.0, "sum": 1 }, "geometry": { "type": "Point", "coordinates": [ -122.351804905273781, 47.490080622459217 ] } },
{ "type": "Feature", "properties": { "lat": 47.490394314901287, "lon": -122.35036064561204, "time_of_day": "Morning", "causation": [ "0", "0", "0", "0", "0", "0", "0", "0", "0", "0", "0", "0", "0", "0", "0", "0", "0", "0", "4", "0", "0", "0", "0", "0" ], "duration": 3860.0, "sum": 4 }, "geometry": { "type": "Point", "coordinates": [ -122.350360645612042, 47.490394314901287 ] } },
{ "type": "Feature", "properties": { "lat": 47.490394644477725, "lon": -122.35251776616234, "time_of_day": "Morning", "causation": [ "0", "0", "0", "0", "0", "0", "0", "0", "0", "0", "0", "0", "0", "0", "0", "0", "0", "0", "1", "0", "0", "0", "0", "0" ], "duration": 965.0, "sum": 1 }, "geometry": { "type": "Point", "coordinates": [ -122.352517766162336, 47.490394644477725 ] } },
{ "type": "Feature", "properties": { "lat": 47.490399860762992, "lon": -122.35292704157651, "time_of_day": "Morning", "causation": [ "0", "0", "0", "0", "0", "0", "0", "0", "0", "0", "0", "0", "0", "0", "0", "0", "0", "0", "1", "0", "0", "0", "0", "0" ], "duration": 965.0, "sum": 1 }, "geometry": { "type": "Point", "coordinates": [ -122.352927041576507, 47.490399860762992 ] } },
{ "type": "Feature", "properties": { "lat": 47.490438571491673, "lon": -122.35089404032146, "time_of_day": "Morning", "causation": [ "0", "0", "0", "0", "0", "0", "0", "0", "0", "0", "0", "0", "0", "0", "0", "0", "0", "0", "1", "0", "0", "0", "0", "0" ], "duration": 965.0, "sum": 1 }, "geometry": { "type": "Point", "coordinates": [ -122.350894040321464, 47.490438571491673 ] } },
{ "type": "Feature", "properties": { "lat": 47.490510635356031, "lon": -122.35147622537978, "time_of_day": "Morning", "causation": [ "0", "0", "0", "0", "0", "0", "0", "0", "0", "0", "0", "0", "0", "0", "0", "0", "0", "0", "1", "0", "0", "0", "0", "0" ], "duration": 965.0, "sum": 1 }, "geometry": { "type": "Point", "coordinates": [ -122.351476225379784, 47.490510635356031 ] } },
{ "type": "Feature", "properties": { "lat": 47.490511838325673, "lon": -122.35175944734696, "time_of_day": "Morning", "causation": [ "0", "0", "0", "0", "0", "0", "0", "0", "0", "0", "0", "0", "0", "0", "0", "0", "0", "0", "1", "0", "0", "0", "0", "0" ], "duration": 965.0, "sum": 1 }, "geometry": { "type": "Point", "coordinates": [ -122.351759447346964, 47.490511838325673 ] } },
{ "type": "Feature", "properties": { "lat": 47.490544815165009, "lon": -122.35246526030056, "time_of_day": "Morning", "causation": [ "0", "0", "0", "0", "0", "0", "0", "0", "0", "0", "0", "0", "0", "0", "0", "0", "0", "0", "1", "0", "0", "0", "0", "0" ], "duration": 965.0, "sum": 1 }, "geometry": { "type": "Point", "coordinates": [ -122.352465260300562, 47.490544815165009 ] } },
{ "type": "Feature", "properties": { "lat": 47.490557791277112, "lon": -122.35033627292202, "time_of_day": "Morning", "causation": [ "0", "0", "0", "0", "0", "0", "0", "0", "0", "0", "0", "0", "0", "0", "0", "0", "0", "0", "2", "0", "0", "0", "0", "0" ], "duration": 1930.0, "sum": 2 }, "geometry": { "type": "Point", "coordinates": [ -122.350336272922021, 47.490557791277112 ] } },
{ "type": "Feature", "properties": { "lat": 47.490565342740332, "lon": -122.35084837360245, "time_of_day": "Morning", "causation": [ "0", "0", "0", "0", "0", "0", "0", "0", "0", "0", "0", "0", "0", "0", "0", "0", "0", "0", "2", "0", "0", "0", "0", "0" ], "duration": 1930.0, "sum": 2 }, "geometry": { "type": "Point", "coordinates": [ -122.350848373602446, 47.490565342740332 ] } },
{ "type": "Feature", "properties": { "lat": 47.490596202187483, "lon": -122.3530449045883, "time_of_day": "Morning", "causation": [ "0", "0", "0", "0", "0", "0", "0", "0", "0", "0", "0", "0", "0", "0", "0", "0", "0", "0", "1", "0", "0", "0", "0", "0" ], "duration": 965.0, "sum": 1 }, "geometry": { "type": "Point", "coordinates": [ -122.353044904588302, 47.490596202187483 ] } },
{ "type": "Feature", "properties": { "lat": 47.490695599439753, "lon": -122.35093991147087, "time_of_day": "Morning", "causation": [ "0", "0", "0", "0", "0", "0", "0", "0", "0", "0", "0", "0", "0", "0", "0", "0", "0", "0", "1", "0", "0", "0", "0", "0" ], "duration": 965.0, "sum": 1 }, "geometry": { "type": "Point", "coordinates": [ -122.350939911470874, 47.490695599439753 ] } },
{ "type": "Feature", "properties": { "lat": 47.490697461570967, "lon": -122.34914010463515, "time_of_day": "Morning", "causation": [ "0", "0", "0", "0", "0", "0", "0", "0", "0", "0", "0", "0", "0", "0", "0", "0", "0", "0", "18", "0", "0", "0", "0", "0" ], "duration": 17370.0, "sum": 18 }, "geometry": { "type": "Point", "coordinates": [ -122.349140104635154, 47.490697461570967 ] } },
{ "type": "Feature", "properties": { "lat": 47.490711924206749, "lon": -122.35241531072792, "time_of_day": "Morning", "causation": [ "0", "0", "0", "0", "0", "0", "0", "0", "0", "0", "0", "0", "0", "0", "0", "0", "0", "0", "1", "0", "0", "0", "0", "0" ], "duration": 965.0, "sum": 1 }, "geometry": { "type": "Point", "coordinates": [ -122.35241531072792, 47.490711924206749 ] } },
{ "type": "Feature", "properties": { "lat": 47.490754363058791, "lon": -122.35043503818665, "time_of_day": "Morning", "causation": [ "0", "0", "0", "0", "0", "0", "0", "0", "0", "0", "0", "0", "0", "0", "0", "0", "0", "0", "10", "0", "0", "0", "0", "0" ], "duration": 9650.0, "sum": 10 }, "geometry": { "type": "Point", "coordinates": [ -122.350435038186646, 47.490754363058791 ] } },
{ "type": "Feature", "properties": { "lat": 47.49084547801489, "lon": -122.35103630909281, "time_of_day": "Morning", "causation": [ "0", "0", "0", "0", "0", "0", "0", "0", "0", "0", "0", "0", "0", "0", "0", "0", "0", "0", "1", "0", "0", "0", "0", "0" ], "duration": 965.0, "sum": 1 }, "geometry": { "type": "Point", "coordinates": [ -122.351036309092805, 47.49084547801489 ] } },
{ "type": "Feature", "properties": { "lat": 47.490918001174201, "lon": -122.3523917401187, "time_of_day": "Morning", "causation": [ "0", "0", "0", "0", "0", "0", "0", "0", "0", "0", "0", "0", "0", "0", "0", "0", "0", "0", "1", "0", "0", "0", "0", "0" ], "duration": 965.0, "sum": 1 }, "geometry": { "type": "Point", "coordinates": [ -122.352391740118705, 47.490918001174201 ] } },
{ "type": "Feature", "properties": { "lat": 47.490919153920672, "lon": -122.35128057981829, "time_of_day": "Morning", "causation": [ "0", "0", "0", "0", "0", "0", "0", "0", "0", "0", "0", "0", "0", "0", "0", "0", "0", "0", "1", "0", "0", "0", "0", "0" ], "duration": 965.0, "sum": 1 }, "geometry": { "type": "Point", "coordinates": [ -122.351280579818294, 47.490919153920672 ] } },
{ "type": "Feature", "properties": { "lat": 47.490982603771322, "lon": -122.3517563239517, "time_of_day": "Morning", "causation": [ "0", "0", "0", "0", "0", "0", "0", "0", "0", "0", "0", "0", "0", "0", "0", "0", "0", "0", "1", "0", "0", "0", "0", "0" ], "duration": 965.0, "sum": 1 }, "geometry": { "type": "Point", "coordinates": [ -122.351756323951705, 47.490982603771322 ] } },
{ "type": "Feature", "properties": { "lat": 47.490986868059508, "lon": -122.35152354494338, "time_of_day": "Morning", "causation": [ "0", "0", "0", "0", "0", "0", "0", "0", "0", "0", "0", "0", "0", "0", "0", "0", "0", "0", "1", "0", "0", "0", "0", "0" ], "duration": 965.0, "sum": 1 }, "geometry": { "type": "Point", "coordinates": [ -122.351523544943376, 47.490986868059508 ] } },
{ "type": "Feature", "properties": { "lat": 47.491008687614539, "lon": -122.35204480407428, "time_of_day": "Morning", "causation": [ "0", "0", "0", "0", "0", "0", "0", "0", "0", "0", "0", "0", "0", "0", "0", "0", "0", "0", "1", "0", "0", "0", "0", "0" ], "duration": 965.0, "sum": 1 }, "geometry": { "type": "Point", "coordinates": [ -122.352044804074282, 47.491008687614539 ] } },
{ "type": "Feature", "properties": { "lat": 47.491068027088801, "lon": -122.35043271347811, "time_of_day": "Morning", "causation": [ "0", "0", "0", "0", "0", "0", "0", "0", "0", "0", "0", "0", "0", "0", "0", "0", "0", "0", "10", "0", "0", "0", "0", "0" ], "duration": 9650.0, "sum": 10 }, "geometry": { "type": "Point", "coordinates": [ -122.350432713478114, 47.491068027088801 ] } },
{ "type": "Feature", "properties": { "lat": 47.491325007617007, "lon": -122.35066265586067, "time_of_day": "Morning", "causation": [ "0", "0", "0", "0", "0", "0", "0", "0", "0", "0", "0", "0", "0", "0", "0", "0", "0", "0", "38", "0", "0", "0", "0", "0" ], "duration": 36670.0, "sum": 38 }, "geometry": { "type": "Point", "coordinates": [ -122.350662655860674, 47.491325007617007 ] } },
{ "type": "Feature", "properties": { "lat": 47.491658171553858, "lon": -122.35039121908544, "time_of_day": "Morning", "causation": [ "0", "0", "0", "0", "0", "0", "0", "0", "0", "0", "0", "0", "0", "0", "0", "0", "0", "0", "20", "0", "0", "0", "0", "0" ], "duration": 19300.0, "sum": 20 }, "geometry": { "type": "Point", "coordinates": [ -122.350391219085438, 47.491658171553858 ] } },
{ "type": "Feature", "properties": { "lat": 47.493801031927326, "lon": -122.34981142452099, "time_of_day": "Morning", "causation": [ "0", "0", "0", "0", "0", "0", "0", "0", "0", "0", "0", "0", "0", "0", "0", "0", "0", "0", "1", "0", "0", "0", "0", "0" ], "duration": 965.0, "sum": 1 }, "geometry": { "type": "Point", "coordinates": [ -122.349811424520993, 47.493801031927326 ] } },
{ "type": "Feature", "properties": { "lat": 47.49896823439839, "lon": -122.37080794878059, "time_of_day": "Morning", "causation": [ "0", "0", "0", "0", "0", "0", "0", "0", "0", "0", "0", "0", "0", "0", "0", "0", "0", "1", "0", "0", "0", "0", "0", "0" ], "duration": 642.0, "sum": 1 }, "geometry": { "type": "Point", "coordinates": [ -122.370807948780595, 47.49896823439839 ] } },
{ "type": "Feature", "properties": { "lat": 47.499939402318297, "lon": -122.22260719380668, "time_of_day": "Late Night", "causation": [ "0", "0", "0", "0", "0", "0", "0", "0", "1", "0", "0", "0", "0", "0", "0", "0", "0", "0", "0", "0", "0", "0", "0", "0" ], "duration": 86.0, "sum": 1 }, "geometry": { "type": "Point", "coordinates": [ -122.222607193806681, 47.499939402318297 ] } },
{ "type": "Feature", "properties": { "lat": 47.500597142727109, "lon": -122.37176749469739, "time_of_day": "Morning", "causation": [ "0", "0", "0", "0", "0", "0", "0", "0", "0", "0", "0", "0", "1", "0", "0", "0", "0", "0", "0", "0", "0", "0", "0", "0" ], "duration": 462.0, "sum": 1 }, "geometry": { "type": "Point", "coordinates": [ -122.371767494697394, 47.500597142727109 ] } },
{ "type": "Feature", "properties": { "lat": 47.500856361440881, "lon": -122.37136977920916, "time_of_day": "Morning", "causation": [ "0", "0", "0", "0", "0", "0", "0", "0", "0", "0", "0", "0", "1", "0", "0", "0", "0", "0", "0", "0", "0", "0", "0", "0" ], "duration": 462.0, "sum": 1 }, "geometry": { "type": "Point", "coordinates": [ -122.371369779209161, 47.500856361440881 ] } },
{ "type": "Feature", "properties": { "lat": 47.501773106034712, "lon": -122.37046270382994, "time_of_day": "Morning", "causation": [ "0", "0", "0", "0", "0", "0", "0", "0", "0", "0", "0", "0", "1", "0", "0", "0", "0", "0", "0", "0", "0", "0", "0", "0" ], "duration": 261.0, "sum": 1 }, "geometry": { "type": "Point", "coordinates": [ -122.370462703829944, 47.501773106034712 ] } },
{ "type": "Feature", "properties": { "lat": 47.501861044303681, "lon": -122.36979399386369, "time_of_day": "Morning", "causation": [ "0", "0", "0", "0", "0", "0", "0", "0", "0", "0", "0", "0", "1", "0", "0", "0", "0", "0", "0", "0", "0", "0", "0", "0" ], "duration": 261.0, "sum": 1 }, "geometry": { "type": "Point", "coordinates": [ -122.369793993863695, 47.501861044303681 ] } },
{ "type": "Feature", "properties": { "lat": 47.50194318445962, "lon": -122.37042090041491, "time_of_day": "Morning", "causation": [ "0", "0", "0", "0", "0", "0", "0", "0", "0", "0", "0", "0", "1", "0", "0", "0", "0", "0", "0", "0", "0", "0", "0", "0" ], "duration": 261.0, "sum": 1 }, "geometry": { "type": "Point", "coordinates": [ -122.370420900414913, 47.50194318445962 ] } },
{ "type": "Feature", "properties": { "lat": 47.502036183225997, "lon": -122.36978349491108, "time_of_day": "Morning", "causation": [ "0", "0", "0", "0", "0", "0", "0", "0", "0", "0", "0", "0", "1", "0", "0", "0", "0", "0", "0", "0", "0", "0", "0", "0" ], "duration": 261.0, "sum": 1 }, "geometry": { "type": "Point", "coordinates": [ -122.369783494911076, 47.502036183225997 ] } },
{ "type": "Feature", "properties": { "lat": 47.502099608510768, "lon": -122.37045194704351, "time_of_day": "Morning", "causation": [ "0", "0", "0", "0", "0", "0", "0", "0", "0", "0", "0", "0", "1", "0", "0", "0", "0", "0", "0", "0", "0", "0", "0", "0" ], "duration": 261.0, "sum": 1 }, "geometry": { "type": "Point", "coordinates": [ -122.370451947043506, 47.502099608510768 ] } },
{ "type": "Feature", "properties": { "lat": 47.504989620711889, "lon": -122.30774406945652, "time_of_day": "Late Night", "causation": [ "0", "0", "0", "0", "0", "0", "0", "0", "0", "0", "0", "0", "0", "0", "0", "0", "0", "0", "0", "0", "1", "0", "0", "0" ], "duration": 338.0, "sum": 1 }, "geometry": { "type": "Point", "coordinates": [ -122.307744069456518, 47.504989620711889 ] } },
{ "type": "Feature", "properties": { "lat": 47.507605059687627, "lon": -122.39088597235374, "time_of_day": "Morning", "causation": [ "0", "0", "0", "0", "0", "0", "0", "0", "1", "0", "0", "0", "0", "0", "0", "0", "0", "0", "0", "0", "0", "0", "0", "0" ], "duration": 1249.0, "sum": 1 }, "geometry": { "type": "Point", "coordinates": [ -122.390885972353743, 47.507605059687627 ] } },
{ "type": "Feature", "properties": { "lat": 47.50817192605551, "lon": -122.39058230889655, "time_of_day": "Morning", "causation": [ "0", "0", "0", "0", "0", "0", "0", "0", "1", "0", "0", "0", "0", "0", "0", "0", "0", "0", "0", "0", "0", "0", "0", "0" ], "duration": 1249.0, "sum": 1 }, "geometry": { "type": "Point", "coordinates": [ -122.390582308896555, 47.50817192605551 ] } },
{ "type": "Feature", "properties": { "lat": 47.508221814408579, "lon": -122.39112256450782, "time_of_day": "Morning", "causation": [ "0", "0", "0", "0", "0", "0", "0", "0", "1", "0", "0", "0", "0", "0", "0", "0", "0", "0", "0", "0", "0", "0", "0", "0" ], "duration": 1249.0, "sum": 1 }, "geometry": { "type": "Point", "coordinates": [ -122.391122564507825, 47.508221814408579 ] } },
{ "type": "Feature", "properties": { "lat": 47.508449951308521, "lon": -122.3913721583471, "time_of_day": "Morning", "causation": [ "0", "0", "0", "0", "0", "0", "0", "0", "1", "0", "0", "0", "0", "0", "0", "0", "0", "0", "0", "0", "0", "0", "0", "0" ], "duration": 1249.0, "sum": 1 }, "geometry": { "type": "Point", "coordinates": [ -122.391372158347096, 47.508449951308521 ] } },
{ "type": "Feature", "properties": { "lat": 47.508618566786559, "lon": -122.38996678246691, "time_of_day": "Morning", "causation": [ "0", "0", "0", "0", "0", "0", "0", "0", "2", "0", "0", "0", "0", "0", "0", "0", "0", "0", "0", "0", "0", "0", "0", "0" ], "duration": 2498.0, "sum": 2 }, "geometry": { "type": "Point", "coordinates": [ -122.389966782466914, 47.508618566786559 ] } },
{ "type": "Feature", "properties": { "lat": 47.508624080002889, "lon": -122.39136855587194, "time_of_day": "Morning", "causation": [ "0", "0", "0", "0", "0", "0", "0", "0", "1", "0", "0", "0", "0", "0", "0", "0", "0", "0", "0", "0", "0", "0", "0", "0" ], "duration": 1249.0, "sum": 1 }, "geometry": { "type": "Point", "coordinates": [ -122.391368555871935, 47.508624080002889 ] } },
{ "type": "Feature", "properties": { "lat": 47.508755134404858, "lon": -122.39084536473412, "time_of_day": "Morning", "causation": [ "0", "0", "0", "0", "0", "0", "0", "0", "1", "0", "0", "0", "0", "0", "0", "0", "0", "0", "0", "0", "0", "0", "0", "0" ], "duration": 1249.0, "sum": 1 }, "geometry": { "type": "Point", "coordinates": [ -122.390845364734119, 47.508755134404858 ] } },
{ "type": "Feature", "properties": { "lat": 47.508783100788982, "lon": -122.39010979844696, "time_of_day": "Morning", "causation": [ "0", "0", "0", "0", "0", "0", "0", "0", "1", "0", "0", "0", "0", "0", "0", "0", "0", "0", "0", "0", "0", "0", "0", "0" ], "duration": 1249.0, "sum": 1 }, "geometry": { "type": "Point", "coordinates": [ -122.390109798446957, 47.508783100788982 ] } },
{ "type": "Feature", "properties": { "lat": 47.508941379282462, "lon": -122.39023274562288, "time_of_day": "Morning", "causation": [ "0", "0", "0", "0", "0", "0", "0", "0", "1", "0", "0", "0", "0", "0", "0", "0", "0", "0", "0", "0", "0", "0", "0", "0" ], "duration": 1249.0, "sum": 1 }, "geometry": { "type": "Point", "coordinates": [ -122.390232745622882, 47.508941379282462 ] } },
{ "type": "Feature", "properties": { "lat": 47.509061086995011, "lon": -122.39144665110231, "time_of_day": "Morning", "causation": [ "0", "0", "0", "0", "0", "0", "0", "0", "4", "0", "0", "0", "0", "0", "0", "0", "0", "0", "0", "0", "0", "0", "0", "0" ], "duration": 4996.0, "sum": 4 }, "geometry": { "type": "Point", "coordinates": [ -122.391446651102314, 47.509061086995011 ] } },
{ "type": "Feature", "properties": { "lat": 47.509125261804719, "lon": -122.39014196250449, "time_of_day": "Morning", "causation": [ "0", "0", "0", "0", "0", "0", "0", "0", "1", "0", "0", "0", "0", "0", "0", "0", "0", "0", "0", "0", "0", "0", "0", "0" ], "duration": 1249.0, "sum": 1 }, "geometry": { "type": "Point", "coordinates": [ -122.390141962504487, 47.509125261804719 ] } },
{ "type": "Feature", "properties": { "lat": 47.509189576366992, "lon": -122.32772471630244, "time_of_day": "Late Night", "causation": [ "0", "0", "0", "0", "0", "0", "0", "0", "1", "0", "0", "0", "0", "0", "0", "0", "0", "0", "0", "0", "0", "0", "0", "0" ], "duration": 220.0, "sum": 1 }, "geometry": { "type": "Point", "coordinates": [ -122.327724716302441, 47.509189576366992 ] } },
{ "type": "Feature", "properties": { "lat": 47.509287278578057, "lon": -122.39003203499064, "time_of_day": "Morning", "causation": [ "0", "0", "0", "0", "0", "0", "0", "0", "1", "0", "0", "0", "0", "0", "0", "0", "0", "0", "0", "0", "0", "0", "0", "0" ], "duration": 1249.0, "sum": 1 }, "geometry": { "type": "Point", "coordinates": [ -122.390032034990639, 47.509287278578057 ] } },
{ "type": "Feature", "properties": { "lat": 47.50933511929744, "lon": -122.39224193170664, "time_of_day": "Morning", "causation": [ "0", "0", "0", "0", "0", "0", "0", "0", "1", "0", "0", "0", "0", "0", "0", "0", "0", "0", "0", "0", "0", "0", "0", "0" ], "duration": 1249.0, "sum": 1 }, "geometry": { "type": "Point", "coordinates": [ -122.392241931706636, 47.50933511929744 ] } },
{ "type": "Feature", "properties": { "lat": 47.50947241926194, "lon": -122.39022110043491, "time_of_day": "Morning", "causation": [ "0", "0", "0", "0", "0", "0", "0", "0", "1", "0", "0", "0", "0", "0", "0", "0", "0", "0", "0", "0", "0", "0", "0", "0" ], "duration": 1249.0, "sum": 1 }, "geometry": { "type": "Point", "coordinates": [ -122.390221100434914, 47.50947241926194 ] } },
{ "type": "Feature", "properties": { "lat": 47.50964024331202, "lon": -122.39023552155484, "time_of_day": "Morning", "causation": [ "0", "0", "0", "0", "0", "0", "0", "0", "1", "0", "0", "0", "0", "0", "0", "0", "0", "0", "0", "0", "0", "0", "0", "0" ], "duration": 1249.0, "sum": 1 }, "geometry": { "type": "Point", "coordinates": [ -122.390235521554843, 47.50964024331202 ] } },
{ "type": "Feature", "properties": { "lat": 47.50964600943071, "lon": -122.39077888114994, "time_of_day": "Morning", "causation": [ "0", "0", "0", "0", "0", "0", "0", "0", "1", "0", "0", "0", "0", "0", "0", "0", "0", "0", "0", "0", "0", "0", "0", "0" ], "duration": 1249.0, "sum": 1 }, "geometry": { "type": "Point", "coordinates": [ -122.390778881149942, 47.50964600943071 ] } },
{ "type": "Feature", "properties": { "lat": 47.509706028120085, "lon": -122.37760262940074, "time_of_day": "Late Night", "causation": [ "0", "0", "2", "0", "0", "0", "0", "0", "0", "0", "0", "0", "0", "0", "0", "0", "0", "0", "0", "0", "0", "0", "0", "0" ], "duration": 580.0, "sum": 2 }, "geometry": { "type": "Point", "coordinates": [ -122.377602629400741, 47.509706028120085 ] } },
{ "type": "Feature", "properties": { "lat": 47.509777485696624, "lon": -122.39251047648423, "time_of_day": "Morning", "causation": [ "0", "0", "0", "0", "0", "0", "0", "0", "1", "0", "0", "0", "0", "0", "0", "0", "0", "0", "0", "0", "0", "0", "0", "0" ], "duration": 1249.0, "sum": 1 }, "geometry": { "type": "Point", "coordinates": [ -122.392510476484233, 47.509777485696624 ] } },
{ "type": "Feature", "properties": { "lat": 47.509778111231377, "lon": -122.39195391847694, "time_of_day": "Morning", "causation": [ "0", "0", "0", "0", "0", "0", "0", "0", "1", "0", "0", "0", "0", "0", "0", "0", "0", "0", "0", "0", "0", "0", "0", "0" ], "duration": 1249.0, "sum": 1 }, "geometry": { "type": "Point", "coordinates": [ -122.391953918476943, 47.509778111231377 ] } },
{ "type": "Feature", "properties": { "lat": 47.509821868560927, "lon": -122.39029695284738, "time_of_day": "Morning", "causation": [ "0", "0", "0", "0", "0", "0", "0", "0", "1", "0", "0", "0", "0", "0", "0", "0", "0", "0", "0", "0", "0", "0", "0", "0" ], "duration": 1249.0, "sum": 1 }, "geometry": { "type": "Point", "coordinates": [ -122.390296952847379, 47.509821868560927 ] } },
{ "type": "Feature", "properties": { "lat": 47.509901175428055, "lon": -122.39271248236936, "time_of_day": "Morning", "causation": [ "0", "0", "0", "0", "0", "0", "0", "0", "1", "0", "0", "0", "0", "0", "0", "0", "0", "0", "0", "0", "0", "0", "0", "0" ], "duration": 1249.0, "sum": 1 }, "geometry": { "type": "Point", "coordinates": [ -122.392712482369362, 47.509901175428055 ] } },
{ "type": "Feature", "properties": { "lat": 47.509908062875525, "lon": -122.39136355131944, "time_of_day": "Morning", "causation": [ "0", "0", "0", "0", "0", "0", "0", "0", "1", "0", "0", "0", "0", "0", "0", "0", "0", "0", "0", "0", "0", "0", "0", "0" ], "duration": 1249.0, "sum": 1 }, "geometry": { "type": "Point", "coordinates": [ -122.391363551319444, 47.509908062875525 ] } },
{ "type": "Feature", "properties": { "lat": 47.509981927126063, "lon": -122.39288596383116, "time_of_day": "Morning", "causation": [ "0", "0", "0", "0", "0", "0", "0", "0", "1", "0", "0", "0", "0", "0", "0", "0", "0", "0", "0", "0", "0", "0", "0", "0" ], "duration": 1249.0, "sum": 1 }, "geometry": { "type": "Point", "coordinates": [ -122.392885963831162, 47.509981927126063 ] } },
{ "type": "Feature", "properties": { "lat": 47.509993667503643, "lon": -122.3920433765787, "time_of_day": "Morning", "causation": [ "0", "0", "0", "0", "0", "0", "0", "0", "1", "0", "0", "0", "0", "0", "0", "0", "0", "0", "0", "0", "0", "0", "0", "0" ], "duration": 1249.0, "sum": 1 }, "geometry": { "type": "Point", "coordinates": [ -122.392043376578698, 47.509993667503643 ] } },
{ "type": "Feature", "properties": { "lat": 47.510009287299589, "lon": -122.39029329436292, "time_of_day": "Morning", "causation": [ "0", "0", "0", "0", "0", "0", "0", "0", "1", "0", "0", "0", "0", "0", "0", "0", "0", "0", "0", "0", "0", "0", "0", "0" ], "duration": 1249.0, "sum": 1 }, "geometry": { "type": "Point", "coordinates": [ -122.39029329436292, 47.510009287299589 ] } },
{ "type": "Feature", "properties": { "lat": 47.510122843692841, "lon": -122.39312135325852, "time_of_day": "Morning", "causation": [ "0", "0", "0", "0", "0", "0", "0", "0", "2", "0", "0", "0", "0", "0", "0", "0", "0", "0", "0", "0", "0", "0", "0", "0" ], "duration": 2498.0, "sum": 2 }, "geometry": { "type": "Point", "coordinates": [ -122.393121353258522, 47.510122843692841 ] } },
{ "type": "Feature", "properties": { "lat": 47.510146971174542, "lon": -122.39068733143078, "time_of_day": "Morning", "causation": [ "0", "0", "0", "0", "0", "0", "0", "0", "1", "0", "0", "0", "0", "0", "0", "0", "0", "0", "0", "0", "0", "0", "0", "0" ], "duration": 1249.0, "sum": 1 }, "geometry": { "type": "Point", "coordinates": [ -122.390687331430783, 47.510146971174542 ] } },
{ "type": "Feature", "properties": { "lat": 47.510225890601163, "lon": -122.39273335281251, "time_of_day": "Morning", "causation": [ "0", "0", "0", "0", "0", "0", "0", "0", "1", "0", "0", "0", "0", "0", "0", "0", "0", "0", "0", "0", "0", "0", "0", "0" ], "duration": 1249.0, "sum": 1 }, "geometry": { "type": "Point", "coordinates": [ -122.392733352812513, 47.510225890601163 ] } },
{ "type": "Feature", "properties": { "lat": 47.51027783675697, "lon": -122.39324965788497, "time_of_day": "Morning", "causation": [ "0", "0", "0", "0", "0", "0", "0", "0", "1", "0", "0", "0", "0", "0", "0", "0", "0", "0", "0", "0", "0", "0", "0", "0" ], "duration": 1249.0, "sum": 1 }, "geometry": { "type": "Point", "coordinates": [ -122.393249657884965, 47.51027783675697 ] } },
{ "type": "Feature", "properties": { "lat": 47.510411116297099, "lon": -122.39296103936221, "time_of_day": "Morning", "causation": [ "0", "0", "0", "0", "0", "0", "0", "0", "1", "0", "0", "0", "0", "0", "0", "0", "0", "0", "0", "0", "0", "0", "0", "0" ], "duration": 1249.0, "sum": 1 }, "geometry": { "type": "Point", "coordinates": [ -122.392961039362206, 47.510411116297099 ] } },
{ "type": "Feature", "properties": { "lat": 47.510485220608317, "lon": -122.3915136991958, "time_of_day": "Morning", "causation": [ "0", "0", "0", "0", "0", "0", "0", "0", "1", "0", "0", "0", "0", "0", "0", "0", "0", "0", "0", "0", "0", "0", "0", "0" ], "duration": 1249.0, "sum": 1 }, "geometry": { "type": "Point", "coordinates": [ -122.391513699195798, 47.510485220608317 ] } },
{ "type": "Feature", "properties": { "lat": 47.510699855454043, "lon": -122.39174651108527, "time_of_day": "Morning", "causation": [ "0", "0", "0", "0", "0", "0", "0", "0", "1", "0", "0", "0", "0", "0", "0", "0", "0", "0", "0", "0", "0", "0", "0", "0" ], "duration": 1249.0, "sum": 1 }, "geometry": { "type": "Point", "coordinates": [ -122.391746511085273, 47.510699855454043 ] } },
{ "type": "Feature", "properties": { "lat": 47.511026317655762, "lon": -122.3917549749348, "time_of_day": "Morning", "causation": [ "0", "0", "0", "0", "0", "0", "0", "0", "1", "0", "0", "0", "0", "0", "0", "0", "0", "0", "0", "0", "0", "0", "0", "0" ], "duration": 1249.0, "sum": 1 }, "geometry": { "type": "Point", "coordinates": [ -122.391754974934798, 47.511026317655762 ] } },
{ "type": "Feature", "properties": { "lat": 47.511260953406001, "lon": -122.3918330169852, "time_of_day": "Morning", "causation": [ "0", "0", "0", "0", "0", "0", "0", "0", "1", "0", "0", "0", "0", "0", "0", "0", "0", "0", "0", "0", "0", "0", "0", "0" ], "duration": 1249.0, "sum": 1 }, "geometry": { "type": "Point", "coordinates": [ -122.391833016985203, 47.511260953406001 ] } },
{ "type": "Feature", "properties": { "lat": 47.511406204309601, "lon": -122.3920744841944, "time_of_day": "Morning", "causation": [ "0", "0", "0", "0", "0", "0", "0", "0", "1", "0", "0", "0", "0", "0", "0", "0", "0", "0", "0", "0", "0", "0", "0", "0" ], "duration": 1249.0, "sum": 1 }, "geometry": { "type": "Point", "coordinates": [ -122.392074484194396, 47.511406204309601 ] } },
{ "type": "Feature", "properties": { "lat": 47.511693205777, "lon": -122.3943610809405, "time_of_day": "Late Night", "causation": [ "0", "0", "0", "0", "0", "0", "0", "0", "86", "0", "0", "0", "0", "0", "0", "0", "0", "0", "0", "0", "0", "0", "0", "0" ], "duration": 151704.0, "sum": 86 }, "geometry": { "type": "Point", "coordinates": [ -122.394361080940499, 47.511693205777 ] } },
{ "type": "Feature", "properties": { "lat": 47.511706031884096, "lon": -122.39231737797699, "time_of_day": "Late Night", "causation": [ "0", "0", "0", "0", "0", "0", "0", "0", "1", "0", "0", "0", "0", "0", "0", "0", "0", "0", "0", "0", "0", "0", "0", "0" ], "duration": 1764.0, "sum": 1 }, "geometry": { "type": "Point", "coordinates": [ -122.392317377976994, 47.511706031884096 ] } },
{ "type": "Feature", "properties": { "lat": 47.511957496674505, "lon": -122.39269153691288, "time_of_day": "Late Night", "causation": [ "0", "0", "0", "0", "0", "0", "0", "0", "1", "0", "0", "0", "0", "0", "0", "0", "0", "0", "0", "0", "0", "0", "0", "0" ], "duration": 1764.0, "sum": 1 }, "geometry": { "type": "Point", "coordinates": [ -122.392691536912878, 47.511957496674505 ] } },
{ "type": "Feature", "properties": { "lat": 47.512007073020641, "lon": -122.39229404303698, "time_of_day": "Late Night", "causation": [ "0", "0", "0", "0", "0", "0", "0", "0", "1", "0", "0", "0", "0", "0", "0", "0", "0", "0", "0", "0", "0", "0", "0", "0" ], "duration": 1764.0, "sum": 1 }, "geometry": { "type": "Point", "coordinates": [ -122.392294043036983, 47.512007073020641 ] } },
{ "type": "Feature", "properties": { "lat": 47.512201155108038, "lon": -122.3943562569886, "time_of_day": "Morning", "causation": [ "0", "0", "0", "0", "0", "0", "0", "0", "1", "0", "0", "0", "0", "0", "0", "0", "0", "0", "0", "0", "0", "0", "0", "0" ], "duration": 1249.0, "sum": 1 }, "geometry": { "type": "Point", "coordinates": [ -122.394356256988601, 47.512201155108038 ] } },
{ "type": "Feature", "properties": { "lat": 47.51223825544799, "lon": -122.39264441870478, "time_of_day": "Late Night", "causation": [ "0", "0", "0", "0", "0", "0", "0", "0", "1", "0", "0", "0", "0", "0", "0", "0", "0", "0", "0", "0", "0", "0", "0", "0" ], "duration": 1764.0, "sum": 1 }, "geometry": { "type": "Point", "coordinates": [ -122.392644418704776, 47.51223825544799 ] } },
{ "type": "Feature", "properties": { "lat": 47.512299706340869, "lon": -122.39406088421676, "time_of_day": "Morning", "causation": [ "0", "0", "0", "0", "0", "0", "0", "0", "1", "0", "0", "0", "0", "0", "0", "0", "0", "0", "0", "0", "0", "0", "0", "0" ], "duration": 1249.0, "sum": 1 }, "geometry": { "type": "Point", "coordinates": [ -122.394060884216756, 47.512299706340869 ] } },
{ "type": "Feature", "properties": { "lat": 47.51241662097452, "lon": -122.39264998449865, "time_of_day": "Late Night", "causation": [ "0", "0", "0", "0", "0", "0", "0", "0", "1", "0", "0", "0", "0", "0", "0", "0", "0", "0", "0", "0", "0", "0", "0", "0" ], "duration": 1764.0, "sum": 1 }, "geometry": { "type": "Point", "coordinates": [ -122.392649984498647, 47.51241662097452 ] } },
{ "type": "Feature", "properties": { "lat": 47.512422057880229, "lon": -122.39458348852963, "time_of_day": "Morning", "causation": [ "0", "0", "0", "0", "0", "0", "0", "0", "2", "0", "0", "0", "0", "0", "0", "0", "0", "0", "0", "0", "0", "0", "0", "0" ], "duration": 2498.0, "sum": 2 }, "geometry": { "type": "Point", "coordinates": [ -122.394583488529634, 47.512422057880229 ] } },
{ "type": "Feature", "properties": { "lat": 47.51249526156429, "lon": -122.39490926081, "time_of_day": "Morning", "causation": [ "0", "0", "0", "0", "0", "0", "0", "0", "1", "0", "0", "0", "0", "0", "0", "0", "0", "0", "0", "0", "0", "0", "0", "0" ], "duration": 1249.0, "sum": 1 }, "geometry": { "type": "Point", "coordinates": [ -122.394909260809996, 47.51249526156429 ] } },
{ "type": "Feature", "properties": { "lat": 47.512520509293758, "lon": -122.39348517204525, "time_of_day": "Late Night", "causation": [ "0", "0", "0", "0", "0", "0", "0", "0", "1", "0", "0", "0", "0", "0", "0", "0", "0", "0", "0", "0", "0", "0", "0", "0" ], "duration": 1764.0, "sum": 1 }, "geometry": { "type": "Point", "coordinates": [ -122.393485172045246, 47.512520509293758 ] } },
{ "type": "Feature", "properties": { "lat": 47.51253026046529, "lon": -122.39387914285136, "time_of_day": "Late Night", "causation": [ "0", "0", "0", "0", "0", "0", "0", "0", "1", "0", "0", "0", "0", "0", "0", "0", "0", "0", "0", "0", "0", "0", "0", "0" ], "duration": 1764.0, "sum": 1 }, "geometry": { "type": "Point", "coordinates": [ -122.393879142851361, 47.51253026046529 ] } },
{ "type": "Feature", "properties": { "lat": 47.512594727819867, "lon": -122.39265122414056, "time_of_day": "Late Night", "causation": [ "0", "0", "0", "0", "0", "0", "0", "0", "1", "0", "0", "0", "0", "0", "0", "0", "0", "0", "0", "0", "0", "0", "0", "0" ], "duration": 1764.0, "sum": 1 }, "geometry": { "type": "Point", "coordinates": [ -122.392651224140565, 47.512594727819867 ] } },
{ "type": "Feature", "properties": { "lat": 47.512702176962762, "lon": -122.3946399999888, "time_of_day": "Morning", "causation": [ "0", "0", "0", "0", "0", "0", "0", "0", "2", "0", "0", "0", "0", "0", "0", "0", "0", "0", "0", "0", "0", "0", "0", "0" ], "duration": 2498.0, "sum": 2 }, "geometry": { "type": "Point", "coordinates": [ -122.394639999988797, 47.512702176962762 ] } },
{ "type": "Feature", "properties": { "lat": 47.512740280261212, "lon": -122.39433565113195, "time_of_day": "Morning", "causation": [ "0", "0", "0", "0", "0", "0", "0", "0", "1", "0", "0", "0", "0", "0", "0", "0", "0", "0", "0", "0", "0", "0", "0", "0" ], "duration": 1249.0, "sum": 1 }, "geometry": { "type": "Point", "coordinates": [ -122.394335651131954, 47.512740280261212 ] } },
{ "type": "Feature", "properties": { "lat": 47.512842944559686, "lon": -122.39485811604018, "time_of_day": "Morning", "causation": [ "0", "0", "0", "0", "0", "0", "0", "0", "1", "0", "0", "0", "0", "0", "0", "0", "0", "0", "0", "0", "0", "0", "0", "0" ], "duration": 1249.0, "sum": 1 }, "geometry": { "type": "Point", "coordinates": [ -122.394858116040183, 47.512842944559686 ] } },
{ "type": "Feature", "properties": { "lat": 47.51288043174695, "lon": -122.39333745104406, "time_of_day": "Morning", "causation": [ "0", "0", "0", "0", "0", "0", "0", "0", "4", "0", "0", "0", "0", "0", "0", "0", "0", "0", "0", "0", "0", "0", "0", "0" ], "duration": 4996.0, "sum": 4 }, "geometry": { "type": "Point", "coordinates": [ -122.393337451044061, 47.51288043174695 ] } },
{ "type": "Feature", "properties": { "lat": 47.512950847532345, "lon": -122.3927144912672, "time_of_day": "Morning", "causation": [ "0", "0", "0", "0", "0", "0", "0", "0", "1", "0", "0", "0", "0", "0", "0", "0", "0", "0", "0", "0", "0", "0", "0", "0" ], "duration": 1249.0, "sum": 1 }, "geometry": { "type": "Point", "coordinates": [ -122.392714491267199, 47.512950847532345 ] } },
{ "type": "Feature", "properties": { "lat": 47.512986782662558, "lon": -122.39469931766284, "time_of_day": "Morning", "causation": [ "0", "0", "0", "0", "0", "0", "0", "0", "1", "0", "0", "0", "0", "0", "0", "0", "0", "0", "0", "0", "0", "0", "0", "0" ], "duration": 1249.0, "sum": 1 }, "geometry": { "type": "Point", "coordinates": [ -122.394699317662841, 47.512986782662558 ] } },
{ "type": "Feature", "properties": { "lat": 47.51308356291937, "lon": -122.39472427423362, "time_of_day": "Morning", "causation": [ "0", "0", "0", "0", "0", "0", "0", "0", "1", "0", "0", "0", "0", "0", "0", "0", "0", "0", "0", "0", "0", "0", "0", "0" ], "duration": 1249.0, "sum": 1 }, "geometry": { "type": "Point", "coordinates": [ -122.394724274233624, 47.51308356291937 ] } },
{ "type": "Feature", "properties": { "lat": 47.513115978671891, "lon": -122.39512281409546, "time_of_day": "Morning", "causation": [ "0", "0", "0", "0", "0", "0", "0", "0", "3", "0", "0", "0", "0", "0", "0", "0", "0", "0", "0", "0", "0", "0", "0", "0" ], "duration": 3747.0, "sum": 3 }, "geometry": { "type": "Point", "coordinates": [ -122.395122814095458, 47.513115978671891 ] } },
{ "type": "Feature", "properties": { "lat": 47.513145047721608, "lon": -122.39426091577496, "time_of_day": "Morning", "causation": [ "0", "0", "0", "0", "0", "0", "0", "0", "1", "0", "0", "0", "0", "0", "0", "0", "0", "0", "0", "0", "0", "0", "0", "0" ], "duration": 1249.0, "sum": 1 }, "geometry": { "type": "Point", "coordinates": [ -122.394260915774964, 47.513145047721608 ] } },
{ "type": "Feature", "properties": { "lat": 47.513172719582563, "lon": -122.39333057499836, "time_of_day": "Morning", "causation": [ "0", "0", "0", "0", "0", "0", "0", "0", "1", "0", "0", "0", "0", "0", "0", "0", "0", "0", "0", "0", "0", "0", "0", "0" ], "duration": 1249.0, "sum": 1 }, "geometry": { "type": "Point", "coordinates": [ -122.393330574998359, 47.513172719582563 ] } },
{ "type": "Feature", "properties": { "lat": 47.513283889687173, "lon": -122.39442162416124, "time_of_day": "Morning", "causation": [ "0", "0", "0", "0", "0", "0", "0", "0", "1", "0", "0", "0", "0", "0", "0", "0", "0", "0", "0", "0", "0", "0", "0", "0" ], "duration": 1249.0, "sum": 1 }, "geometry": { "type": "Point", "coordinates": [ -122.394421624161239, 47.513283889687173 ] } },
{ "type": "Feature", "properties": { "lat": 47.513304719685017, "lon": -122.39236818221484, "time_of_day": "Morning", "causation": [ "0", "0", "0", "0", "0", "0", "0", "0", "1", "0", "0", "0", "0", "0", "0", "0", "0", "0", "0", "0", "0", "0", "0", "0" ], "duration": 1249.0, "sum": 1 }, "geometry": { "type": "Point", "coordinates": [ -122.392368182214838, 47.513304719685017 ] } },
{ "type": "Feature", "properties": { "lat": 47.513354023350864, "lon": -122.39505450317928, "time_of_day": "Morning", "causation": [ "0", "0", "0", "0", "0", "0", "0", "0", "1", "0", "0", "0", "0", "0", "0", "0", "0", "0", "0", "0", "0", "0", "0", "0" ], "duration": 1249.0, "sum": 1 }, "geometry": { "type": "Point", "coordinates": [ -122.395054503179281, 47.513354023350864 ] } },
{ "type": "Feature", "properties": { "lat": 47.513409418551483, "lon": -122.39329207692531, "time_of_day": "Morning", "causation": [ "0", "0", "0", "0", "0", "0", "0", "0", "1", "0", "0", "0", "0", "0", "0", "0", "0", "0", "0", "0", "0", "0", "0", "0" ], "duration": 1249.0, "sum": 1 }, "geometry": { "type": "Point", "coordinates": [ -122.393292076925306, 47.513409418551483 ] } },
{ "type": "Feature", "properties": { "lat": 47.513451212724405, "lon": -122.39267089351399, "time_of_day": "Morning", "causation": [ "0", "0", "0", "0", "0", "0", "0", "0", "1", "0", "0", "0", "0", "0", "0", "0", "0", "0", "0", "0", "0", "0", "0", "0" ], "duration": 1249.0, "sum": 1 }, "geometry": { "type": "Point", "coordinates": [ -122.392670893513994, 47.513451212724405 ] } },
{ "type": "Feature", "properties": { "lat": 47.513481116723163, "lon": -122.39515030702938, "time_of_day": "Morning", "causation": [ "0", "0", "0", "0", "0", "0", "0", "0", "1", "0", "0", "0", "0", "0", "0", "0", "0", "0", "0", "0", "0", "0", "0", "0" ], "duration": 1249.0, "sum": 1 }, "geometry": { "type": "Point", "coordinates": [ -122.395150307029382, 47.513481116723163 ] } },
{ "type": "Feature", "properties": { "lat": 47.513491649487392, "lon": -122.3923299397638, "time_of_day": "Morning", "causation": [ "0", "0", "0", "0", "0", "0", "0", "0", "1", "0", "0", "0", "0", "0", "0", "0", "0", "0", "0", "0", "0", "0", "0", "0" ], "duration": 1249.0, "sum": 1 }, "geometry": { "type": "Point", "coordinates": [ -122.392329939763798, 47.513491649487392 ] } },
{ "type": "Feature", "properties": { "lat": 47.513497752728753, "lon": -122.39449272544758, "time_of_day": "Morning", "causation": [ "0", "0", "0", "0", "0", "0", "0", "0", "1", "0", "0", "0", "0", "0", "0", "0", "0", "0", "0", "0", "0", "0", "0", "0" ], "duration": 1249.0, "sum": 1 }, "geometry": { "type": "Point", "coordinates": [ -122.394492725447577, 47.513497752728753 ] } },
{ "type": "Feature", "properties": { "lat": 47.513644366339037, "lon": -122.39528677791672, "time_of_day": "Morning", "causation": [ "0", "0", "0", "0", "0", "0", "0", "0", "1", "0", "0", "0", "0", "0", "0", "0", "0", "0", "0", "0", "0", "0", "0", "0" ], "duration": 1249.0, "sum": 1 }, "geometry": { "type": "Point", "coordinates": [ -122.395286777916724, 47.513644366339037 ] } },
{ "type": "Feature", "properties": { "lat": 47.513650147886032, "lon": -122.39455117996884, "time_of_day": "Morning", "causation": [ "0", "0", "0", "0", "0", "0", "0", "0", "1", "0", "0", "0", "0", "0", "0", "0", "0", "0", "0", "0", "0", "0", "0", "0" ], "duration": 1249.0, "sum": 1 }, "geometry": { "type": "Point", "coordinates": [ -122.394551179968843, 47.513650147886032 ] } },
{ "type": "Feature", "properties": { "lat": 47.513665215475349, "lon": -122.39364825843236, "time_of_day": "Morning", "causation": [ "0", "0", "0", "0", "0", "0", "0", "0", "1", "0", "0", "0", "0", "0", "0", "0", "0", "0", "0", "0", "0", "0", "0", "0" ], "duration": 1249.0, "sum": 1 }, "geometry": { "type": "Point", "coordinates": [ -122.393648258432364, 47.513665215475349 ] } },
{ "type": "Feature", "properties": { "lat": 47.51374649056396, "lon": -122.39520030984345, "time_of_day": "Morning", "causation": [ "0", "0", "0", "0", "0", "0", "0", "0", "1", "0", "0", "0", "0", "0", "0", "0", "0", "0", "0", "0", "0", "0", "0", "0" ], "duration": 1249.0, "sum": 1 }, "geometry": { "type": "Point", "coordinates": [ -122.395200309843446, 47.51374649056396 ] } },
{ "type": "Feature", "properties": { "lat": 47.51376475082845, "lon": -122.39225056235432, "time_of_day": "Morning", "causation": [ "0", "0", "0", "0", "0", "0", "0", "0", "1", "0", "0", "0", "0", "0", "0", "0", "0", "0", "0", "0", "0", "0", "0", "0" ], "duration": 1249.0, "sum": 1 }, "geometry": { "type": "Point", "coordinates": [ -122.39225056235432, 47.51376475082845 ] } },
{ "type": "Feature", "properties": { "lat": 47.513764819848944, "lon": -122.39258637107902, "time_of_day": "Morning", "causation": [ "0", "0", "0", "0", "0", "0", "0", "0", "1", "0", "0", "0", "0", "0", "0", "0", "0", "0", "0", "0", "0", "0", "0", "0" ], "duration": 1249.0, "sum": 1 }, "geometry": { "type": "Point", "coordinates": [ -122.39258637107902, 47.513764819848944 ] } },
{ "type": "Feature", "properties": { "lat": 47.51378454934639, "lon": -122.39313526341948, "time_of_day": "Morning", "causation": [ "0", "0", "0", "0", "0", "0", "0", "0", "1", "0", "0", "0", "0", "0", "0", "0", "0", "0", "0", "0", "0", "0", "0", "0" ], "duration": 1249.0, "sum": 1 }, "geometry": { "type": "Point", "coordinates": [ -122.393135263419481, 47.51378454934639 ] } },
{ "type": "Feature", "properties": { "lat": 47.513801718117726, "lon": -122.39442430082624, "time_of_day": "Morning", "causation": [ "0", "0", "0", "0", "0", "0", "0", "0", "1", "0", "0", "0", "0", "0", "0", "0", "0", "0", "0", "0", "0", "0", "0", "0" ], "duration": 1249.0, "sum": 1 }, "geometry": { "type": "Point", "coordinates": [ -122.394424300826245, 47.513801718117726 ] } },
{ "type": "Feature", "properties": { "lat": 47.513954480257489, "lon": -122.39381156728828, "time_of_day": "Late Night", "causation": [ "0", "0", "0", "0", "0", "0", "0", "0", "1", "0", "0", "0", "0", "0", "0", "0", "0", "0", "0", "0", "0", "0", "0", "0" ], "duration": 1587.0, "sum": 1 }, "geometry": { "type": "Point", "coordinates": [ -122.393811567288282, 47.513954480257489 ] } },
{ "type": "Feature", "properties": { "lat": 47.513954480257489, "lon": -122.39381156728828, "time_of_day": "Morning", "causation": [ "0", "0", "0", "0", "0", "0", "0", "0", "1", "0", "0", "0", "0", "0", "0", "0", "0", "0", "0", "0", "0", "0", "0", "0" ], "duration": 24.0, "sum": 1 }, "geometry": { "type": "Point", "coordinates": [ -122.393811567288282, 47.513954480257489 ] } },
{ "type": "Feature", "properties": { "lat": 47.513982843114213, "lon": -122.39543052408932, "time_of_day": "Morning", "causation": [ "0", "0", "0", "0", "0", "0", "0", "0", "1", "0", "0", "0", "0", "0", "0", "0", "0", "0", "0", "0", "0", "0", "0", "0" ], "duration": 1249.0, "sum": 1 }, "geometry": { "type": "Point", "coordinates": [ -122.395430524089321, 47.513982843114213 ] } },
{ "type": "Feature", "properties": { "lat": 47.513989212125971, "lon": -122.39449205519064, "time_of_day": "Morning", "causation": [ "0", "0", "0", "0", "0", "0", "0", "0", "1", "0", "0", "0", "0", "0", "0", "0", "0", "0", "0", "0", "0", "0", "0", "0" ], "duration": 1249.0, "sum": 1 }, "geometry": { "type": "Point", "coordinates": [ -122.394492055190639, 47.513989212125971 ] } },
{ "type": "Feature", "properties": { "lat": 47.514001846016569, "lon": -122.39311213830864, "time_of_day": "Morning", "causation": [ "0", "0", "0", "0", "0", "0", "0", "0", "1", "0", "0", "0", "0", "0", "0", "0", "0", "0", "0", "0", "0", "0", "0", "0" ], "duration": 1249.0, "sum": 1 }, "geometry": { "type": "Point", "coordinates": [ -122.393112138308638, 47.514001846016569 ] } },
{ "type": "Feature", "properties": { "lat": 47.514007608823981, "lon": -122.39243680063208, "time_of_day": "Morning", "causation": [ "0", "0", "0", "0", "0", "0", "0", "0", "1", "0", "0", "0", "0", "0", "0", "0", "0", "0", "0", "0", "0", "0", "0", "0" ], "duration": 1249.0, "sum": 1 }, "geometry": { "type": "Point", "coordinates": [ -122.392436800632083, 47.514007608823981 ] } },
{ "type": "Feature", "properties": { "lat": 47.514122538294977, "lon": -122.39565270341861, "time_of_day": "Morning", "causation": [ "0", "0", "0", "0", "0", "0", "0", "0", "1", "0", "0", "0", "0", "0", "0", "0", "0", "0", "0", "0", "0", "0", "0", "0" ], "duration": 1249.0, "sum": 1 }, "geometry": { "type": "Point", "coordinates": [ -122.395652703418605, 47.514122538294977 ] } },
{ "type": "Feature", "properties": { "lat": 47.514164088261403, "lon": -122.3931104764376, "time_of_day": "Morning", "causation": [ "0", "0", "0", "0", "0", "0", "0", "0", "1", "0", "0", "0", "0", "0", "0", "0", "0", "0", "0", "0", "0", "0", "0", "0" ], "duration": 1249.0, "sum": 1 }, "geometry": { "type": "Point", "coordinates": [ -122.393110476437599, 47.514164088261403 ] } },
{ "type": "Feature", "properties": { "lat": 47.514177447295339, "lon": -122.39522710439712, "time_of_day": "Morning", "causation": [ "0", "0", "0", "0", "0", "0", "0", "0", "1", "0", "0", "0", "0", "0", "0", "0", "0", "0", "0", "0", "0", "0", "0", "0" ], "duration": 1249.0, "sum": 1 }, "geometry": { "type": "Point", "coordinates": [ -122.395227104397122, 47.514177447295339 ] } },
{ "type": "Feature", "properties": { "lat": 47.514223001744291, "lon": -122.39566510428924, "time_of_day": "Morning", "causation": [ "0", "0", "0", "0", "0", "0", "0", "0", "1", "0", "0", "0", "0", "0", "0", "0", "0", "0", "0", "0", "0", "0", "0", "0" ], "duration": 1249.0, "sum": 1 }, "geometry": { "type": "Point", "coordinates": [ -122.395665104289236, 47.514223001744291 ] } },
{ "type": "Feature", "properties": { "lat": 47.514355844303296, "lon": -122.39575549810858, "time_of_day": "Morning", "causation": [ "0", "0", "0", "0", "0", "0", "0", "0", "1", "0", "0", "0", "0", "0", "0", "0", "0", "0", "0", "0", "0", "0", "0", "0" ], "duration": 1249.0, "sum": 1 }, "geometry": { "type": "Point", "coordinates": [ -122.395755498108585, 47.514355844303296 ] } },
{ "type": "Feature", "properties": { "lat": 47.514389797741593, "lon": -122.39245867356514, "time_of_day": "Morning", "causation": [ "0", "0", "0", "0", "0", "0", "0", "0", "1", "0", "0", "0", "0", "0", "0", "0", "0", "0", "0", "0", "0", "0", "0", "0" ], "duration": 1249.0, "sum": 1 }, "geometry": { "type": "Point", "coordinates": [ -122.392458673565145, 47.514389797741593 ] } },
{ "type": "Feature", "properties": { "lat": 47.514431181842028, "lon": -122.39341668265504, "time_of_day": "Late Night", "causation": [ "0", "0", "0", "0", "0", "0", "0", "0", "1", "0", "0", "0", "0", "0", "0", "0", "0", "0", "0", "0", "0", "0", "0", "0" ], "duration": 1587.0, "sum": 1 }, "geometry": { "type": "Point", "coordinates": [ -122.393416682655044, 47.514431181842028 ] } },
{ "type": "Feature", "properties": { "lat": 47.514431181842028, "lon": -122.39341668265504, "time_of_day": "Morning", "causation": [ "0", "0", "0", "0", "0", "0", "0", "0", "1", "0", "0", "0", "0", "0", "0", "0", "0", "0", "0", "0", "0", "0", "0", "0" ], "duration": 24.0, "sum": 1 }, "geometry": { "type": "Point", "coordinates": [ -122.393416682655044, 47.514431181842028 ] } },
{ "type": "Feature", "properties": { "lat": 47.514431892930233, "lon": -122.39309137169508, "time_of_day": "Morning", "causation": [ "0", "0", "0", "0", "0", "0", "0", "0", "1", "0", "0", "0", "0", "0", "0", "0", "0", "0", "0", "0", "0", "0", "0", "0" ], "duration": 1249.0, "sum": 1 }, "geometry": { "type": "Point", "coordinates": [ -122.393091371695078, 47.514431892930233 ] } },
{ "type": "Feature", "properties": { "lat": 47.514439439331483, "lon": -122.39384154552346, "time_of_day": "Late Night", "causation": [ "0", "0", "0", "0", "0", "0", "0", "0", "1", "0", "0", "0", "0", "0", "0", "0", "0", "0", "0", "0", "0", "0", "0", "0" ], "duration": 1587.0, "sum": 1 }, "geometry": { "type": "Point", "coordinates": [ -122.393841545523458, 47.514439439331483 ] } },
{ "type": "Feature", "properties": { "lat": 47.514439439331483, "lon": -122.39384154552346, "time_of_day": "Morning", "causation": [ "0", "0", "0", "0", "0", "0", "0", "0", "1", "0", "0", "0", "0", "0", "0", "0", "0", "0", "0", "0", "0", "0", "0", "0" ], "duration": 24.0, "sum": 1 }, "geometry": { "type": "Point", "coordinates": [ -122.393841545523458, 47.514439439331483 ] } },
{ "type": "Feature", "properties": { "lat": 47.514468034462503, "lon": -122.39490603015544, "time_of_day": "Morning", "causation": [ "0", "0", "0", "0", "0", "0", "0", "0", "1", "0", "0", "0", "0", "0", "0", "0", "0", "0", "0", "0", "0", "0", "0", "0" ], "duration": 1249.0, "sum": 1 }, "geometry": { "type": "Point", "coordinates": [ -122.39490603015544, 47.514468034462503 ] } },
{ "type": "Feature", "properties": { "lat": 47.514488108036282, "lon": -122.39536775159164, "time_of_day": "Morning", "causation": [ "0", "0", "0", "0", "0", "0", "0", "0", "1", "0", "0", "0", "0", "0", "0", "0", "0", "0", "0", "0", "0", "0", "0", "0" ], "duration": 1249.0, "sum": 1 }, "geometry": { "type": "Point", "coordinates": [ -122.395367751591635, 47.514488108036282 ] } },
{ "type": "Feature", "properties": { "lat": 47.514534016769446, "lon": -122.39578386821016, "time_of_day": "Morning", "causation": [ "0", "0", "0", "0", "0", "0", "0", "0", "1", "0", "0", "0", "0", "0", "0", "0", "0", "0", "0", "0", "0", "0", "0", "0" ], "duration": 1249.0, "sum": 1 }, "geometry": { "type": "Point", "coordinates": [ -122.39578386821016, 47.514534016769446 ] } },
{ "type": "Feature", "properties": { "lat": 47.514631898405909, "lon": -122.39584039015794, "time_of_day": "Morning", "causation": [ "0", "0", "0", "0", "0", "0", "0", "0", "2", "0", "0", "0", "0", "0", "0", "0", "0", "0", "0", "0", "0", "0", "0", "0" ], "duration": 2498.0, "sum": 2 }, "geometry": { "type": "Point", "coordinates": [ -122.395840390157943, 47.514631898405909 ] } },
{ "type": "Feature", "properties": { "lat": 47.514639388009975, "lon": -122.39542348482549, "time_of_day": "Morning", "causation": [ "0", "0", "0", "0", "0", "0", "0", "0", "1", "0", "0", "0", "0", "0", "0", "0", "0", "0", "0", "0", "0", "0", "0", "0" ], "duration": 1249.0, "sum": 1 }, "geometry": { "type": "Point", "coordinates": [ -122.395423484825486, 47.514639388009975 ] } },
{ "type": "Feature", "properties": { "lat": 47.514700747795338, "lon": -122.39393201679196, "time_of_day": "Late Night", "causation": [ "0", "0", "0", "0", "0", "0", "0", "0", "1", "0", "0", "0", "0", "0", "0", "0", "0", "0", "0", "0", "0", "0", "0", "0" ], "duration": 1587.0, "sum": 1 }, "geometry": { "type": "Point", "coordinates": [ -122.393932016791965, 47.514700747795338 ] } },
{ "type": "Feature", "properties": { "lat": 47.514700747795338, "lon": -122.39393201679196, "time_of_day": "Morning", "causation": [ "0", "0", "0", "0", "0", "0", "0", "0", "1", "0", "0", "0", "0", "0", "0", "0", "0", "0", "0", "0", "0", "0", "0", "0" ], "duration": 24.0, "sum": 1 }, "geometry": { "type": "Point", "coordinates": [ -122.393932016791965, 47.514700747795338 ] } },
{ "type": "Feature", "properties": { "lat": 47.514771698687291, "lon": -122.39595325471126, "time_of_day": "Morning", "causation": [ "0", "0", "0", "0", "0", "0", "0", "0", "1", "0", "0", "0", "0", "0", "0", "0", "0", "0", "0", "0", "0", "0", "0", "0" ], "duration": 1249.0, "sum": 1 }, "geometry": { "type": "Point", "coordinates": [ -122.395953254711259, 47.514771698687291 ] } },
{ "type": "Feature", "properties": { "lat": 47.514773771188693, "lon": -122.39548968064834, "time_of_day": "Morning", "causation": [ "0", "0", "0", "0", "0", "0", "0", "0", "1", "0", "0", "0", "0", "0", "0", "0", "0", "0", "0", "0", "0", "0", "0", "0" ], "duration": 1249.0, "sum": 1 }, "geometry": { "type": "Point", "coordinates": [ -122.395489680648339, 47.514773771188693 ] } },
{ "type": "Feature", "properties": { "lat": 47.514791602570732, "lon": -122.39243385924438, "time_of_day": "Morning", "causation": [ "0", "0", "0", "0", "0", "0", "0", "0", "1", "0", "0", "0", "0", "0", "0", "0", "0", "0", "0", "0", "0", "0", "0", "0" ], "duration": 1249.0, "sum": 1 }, "geometry": { "type": "Point", "coordinates": [ -122.392433859244377, 47.514791602570732 ] } },
{ "type": "Feature", "properties": { "lat": 47.514846110213306, "lon": -122.39300537175224, "time_of_day": "Morning", "causation": [ "0", "0", "0", "0", "0", "0", "0", "0", "1", "0", "0", "0", "0", "0", "0", "0", "0", "0", "0", "0", "0", "0", "0", "0" ], "duration": 1249.0, "sum": 1 }, "geometry": { "type": "Point", "coordinates": [ -122.393005371752238, 47.514846110213306 ] } },
{ "type": "Feature", "properties": { "lat": 47.514847083958365, "lon": -122.3950816268534, "time_of_day": "Morning", "causation": [ "0", "0", "0", "0", "0", "0", "0", "0", "1", "0", "0", "0", "0", "0", "0", "0", "0", "0", "0", "0", "0", "0", "0", "0" ], "duration": 1249.0, "sum": 1 }, "geometry": { "type": "Point", "coordinates": [ -122.395081626853397, 47.514847083958365 ] } },
{ "type": "Feature", "properties": { "lat": 47.514869648448922, "lon": -122.39604272564186, "time_of_day": "Morning", "causation": [ "0", "0", "0", "0", "0", "0", "0", "0", "1", "0", "0", "0", "0", "0", "0", "0", "0", "0", "0", "0", "0", "0", "0", "0" ], "duration": 1249.0, "sum": 1 }, "geometry": { "type": "Point", "coordinates": [ -122.396042725641863, 47.514869648448922 ] } },
{ "type": "Feature", "properties": { "lat": 47.514923538948963, "lon": -122.39570123723388, "time_of_day": "Morning", "causation": [ "0", "0", "0", "0", "0", "0", "0", "0", "1", "0", "0", "0", "0", "0", "0", "0", "0", "0", "0", "0", "0", "0", "0", "0" ], "duration": 1249.0, "sum": 1 }, "geometry": { "type": "Point", "coordinates": [ -122.39570123723388, 47.514923538948963 ] } },
{ "type": "Feature", "properties": { "lat": 47.514925049205736, "lon": -122.39389400723896, "time_of_day": "Late Night", "causation": [ "0", "0", "0", "0", "0", "0", "0", "0", "1", "0", "0", "0", "0", "0", "0", "0", "0", "0", "0", "0", "0", "0", "0", "0" ], "duration": 1587.0, "sum": 1 }, "geometry": { "type": "Point", "coordinates": [ -122.393894007238956, 47.514925049205736 ] } },
{ "type": "Feature", "properties": { "lat": 47.514925049205736, "lon": -122.39389400723896, "time_of_day": "Morning", "causation": [ "0", "0", "0", "0", "0", "0", "0", "0", "1", "0", "0", "0", "0", "0", "0", "0", "0", "0", "0", "0", "0", "0", "0", "0" ], "duration": 24.0, "sum": 1 }, "geometry": { "type": "Point", "coordinates": [ -122.393894007238956, 47.514925049205736 ] } },
{ "type": "Feature", "properties": { "lat": 47.514965917888077, "lon": -122.39348623794298, "time_of_day": "Morning", "causation": [ "0", "0", "0", "0", "0", "0", "0", "0", "1", "0", "0", "0", "0", "0", "0", "0", "0", "0", "0", "0", "0", "0", "0", "0" ], "duration": 1249.0, "sum": 1 }, "geometry": { "type": "Point", "coordinates": [ -122.39348623794298, 47.514965917888077 ] } },
{ "type": "Feature", "properties": { "lat": 47.515005820136544, "lon": -122.39446942602991, "time_of_day": "Morning", "causation": [ "0", "0", "0", "0", "0", "0", "0", "0", "1", "0", "0", "0", "0", "0", "0", "0", "0", "0", "0", "0", "0", "0", "0", "0" ], "duration": 1249.0, "sum": 1 }, "geometry": { "type": "Point", "coordinates": [ -122.394469426029914, 47.515005820136544 ] } },
{ "type": "Feature", "properties": { "lat": 47.515047708201394, "lon": -122.39613504378924, "time_of_day": "Morning", "causation": [ "0", "0", "0", "0", "0", "0", "0", "0", "1", "0", "0", "0", "0", "0", "0", "0", "0", "0", "0", "0", "0", "0", "0", "0" ], "duration": 1249.0, "sum": 1 }, "geometry": { "type": "Point", "coordinates": [ -122.396135043789243, 47.515047708201394 ] } },
{ "type": "Feature", "properties": { "lat": 47.515086752461663, "lon": -122.39301738814798, "time_of_day": "Morning", "causation": [ "0", "0", "0", "0", "0", "0", "0", "0", "1", "0", "0", "0", "0", "0", "0", "0", "0", "0", "0", "0", "0", "0", "0", "0" ], "duration": 1249.0, "sum": 1 }, "geometry": { "type": "Point", "coordinates": [ -122.393017388147982, 47.515086752461663 ] } },
{ "type": "Feature", "properties": { "lat": 47.515096867160622, "lon": -122.39520458483914, "time_of_day": "Morning", "causation": [ "0", "0", "0", "0", "0", "0", "0", "0", "1", "0", "0", "0", "0", "0", "0", "0", "0", "0", "0", "0", "0", "0", "0", "0" ], "duration": 1249.0, "sum": 1 }, "geometry": { "type": "Point", "coordinates": [ -122.395204584839135, 47.515096867160622 ] } },
{ "type": "Feature", "properties": { "lat": 47.515201111864258, "lon": -122.39469663172656, "time_of_day": "Morning", "causation": [ "0", "0", "0", "0", "0", "0", "0", "0", "1", "0", "0", "0", "0", "0", "0", "0", "0", "0", "0", "0", "0", "0", "0", "0" ], "duration": 1249.0, "sum": 1 }, "geometry": { "type": "Point", "coordinates": [ -122.394696631726561, 47.515201111864258 ] } },
{ "type": "Feature", "properties": { "lat": 47.515370848575166, "lon": -122.3935869528182, "time_of_day": "Late Night", "causation": [ "0", "0", "0", "0", "0", "0", "0", "0", "1", "0", "0", "0", "0", "0", "0", "0", "0", "0", "0", "0", "0", "0", "0", "0" ], "duration": 1587.0, "sum": 1 }, "geometry": { "type": "Point", "coordinates": [ -122.393586952818197, 47.515370848575166 ] } },
{ "type": "Feature", "properties": { "lat": 47.515370848575166, "lon": -122.3935869528182, "time_of_day": "Morning", "causation": [ "0", "0", "0", "0", "0", "0", "0", "0", "1", "0", "0", "0", "0", "0", "0", "0", "0", "0", "0", "0", "0", "0", "0", "0" ], "duration": 24.0, "sum": 1 }, "geometry": { "type": "Point", "coordinates": [ -122.393586952818197, 47.515370848575166 ] } },
{ "type": "Feature", "properties": { "lat": 47.515384750866751, "lon": -122.39303994431184, "time_of_day": "Morning", "causation": [ "0", "0", "0", "0", "0", "0", "0", "0", "1", "0", "0", "0", "0", "0", "0", "0", "0", "0", "0", "0", "0", "0", "0", "0" ], "duration": 1249.0, "sum": 1 }, "geometry": { "type": "Point", "coordinates": [ -122.393039944311838, 47.515384750866751 ] } },
{ "type": "Feature", "properties": { "lat": 47.515412336532656, "lon": -122.39429537458744, "time_of_day": "Late Night", "causation": [ "0", "0", "0", "0", "0", "0", "0", "0", "1", "0", "0", "0", "0", "0", "0", "0", "0", "0", "0", "0", "0", "0", "0", "0" ], "duration": 1587.0, "sum": 1 }, "geometry": { "type": "Point", "coordinates": [ -122.394295374587443, 47.515412336532656 ] } },
{ "type": "Feature", "properties": { "lat": 47.515412336532656, "lon": -122.39429537458744, "time_of_day": "Morning", "causation": [ "0", "0", "0", "0", "0", "0", "0", "0", "1", "0", "0", "0", "0", "0", "0", "0", "0", "0", "0", "0", "0", "0", "0", "0" ], "duration": 24.0, "sum": 1 }, "geometry": { "type": "Point", "coordinates": [ -122.394295374587443, 47.515412336532656 ] } },
{ "type": "Feature", "properties": { "lat": 47.515452978192592, "lon": -122.39622320592954, "time_of_day": "Morning", "causation": [ "0", "0", "0", "0", "0", "0", "0", "0", "2", "0", "0", "0", "0", "0", "0", "0", "0", "0", "0", "0", "0", "0", "0", "0" ], "duration": 2498.0, "sum": 2 }, "geometry": { "type": "Point", "coordinates": [ -122.396223205929545, 47.515452978192592 ] } },
{ "type": "Feature", "properties": { "lat": 47.515473155150765, "lon": -122.3951012336516, "time_of_day": "Morning", "causation": [ "0", "0", "0", "0", "0", "0", "0", "0", "1", "0", "0", "0", "0", "0", "0", "0", "0", "0", "0", "0", "0", "0", "0", "0" ], "duration": 1249.0, "sum": 1 }, "geometry": { "type": "Point", "coordinates": [ -122.395101233651602, 47.515473155150765 ] } },
{ "type": "Feature", "properties": { "lat": 47.515474442972049, "lon": -122.39240882864114, "time_of_day": "Morning", "causation": [ "0", "0", "0", "0", "0", "0", "0", "0", "1", "0", "0", "0", "0", "0", "0", "0", "0", "0", "0", "0", "0", "0", "0", "0" ], "duration": 1249.0, "sum": 1 }, "geometry": { "type": "Point", "coordinates": [ -122.392408828641138, 47.515474442972049 ] } },
{ "type": "Feature", "properties": { "lat": 47.515542537441178, "lon": -122.39359431775758, "time_of_day": "Late Night", "causation": [ "0", "0", "0", "0", "0", "0", "0", "0", "1", "0", "0", "0", "0", "0", "0", "0", "0", "0", "0", "0", "0", "0", "0", "0" ], "duration": 1587.0, "sum": 1 }, "geometry": { "type": "Point", "coordinates": [ -122.393594317757575, 47.515542537441178 ] } },
{ "type": "Feature", "properties": { "lat": 47.515542537441178, "lon": -122.39359431775758, "time_of_day": "Morning", "causation": [ "0", "0", "0", "0", "0", "0", "0", "0", "1", "0", "0", "0", "0", "0", "0", "0", "0", "0", "0", "0", "0", "0", "0", "0" ], "duration": 24.0, "sum": 1 }, "geometry": { "type": "Point", "coordinates": [ -122.393594317757575, 47.515542537441178 ] } },
{ "type": "Feature", "properties": { "lat": 47.515613191618257, "lon": -122.39442309804932, "time_of_day": "Late Night", "causation": [ "0", "0", "0", "0", "0", "0", "0", "0", "1", "0", "0", "0", "0", "0", "0", "0", "0", "0", "0", "0", "0", "0", "0", "0" ], "duration": 1587.0, "sum": 1 }, "geometry": { "type": "Point", "coordinates": [ -122.394423098049316, 47.515613191618257 ] } },
{ "type": "Feature", "properties": { "lat": 47.515613191618257, "lon": -122.39442309804932, "time_of_day": "Morning", "causation": [ "0", "0", "0", "0", "0", "0", "0", "0", "1", "0", "0", "0", "0", "0", "0", "0", "0", "0", "0", "0", "0", "0", "0", "0" ], "duration": 24.0, "sum": 1 }, "geometry": { "type": "Point", "coordinates": [ -122.394423098049316, 47.515613191618257 ] } },
{ "type": "Feature", "properties": { "lat": 47.515619069261213, "lon": -122.3951504113094, "time_of_day": "Morning", "causation": [ "0", "0", "0", "0", "0", "0", "0", "0", "1", "0", "0", "0", "0", "0", "0", "0", "0", "0", "0", "0", "0", "0", "0", "0" ], "duration": 1249.0, "sum": 1 }, "geometry": { "type": "Point", "coordinates": [ -122.395150411309402, 47.515619069261213 ] } },
{ "type": "Feature", "properties": { "lat": 47.515628978113554, "lon": -122.39630583086311, "time_of_day": "Morning", "causation": [ "0", "0", "0", "0", "0", "0", "0", "0", "1", "0", "0", "0", "0", "0", "0", "0", "0", "0", "0", "0", "0", "0", "0", "0" ], "duration": 1249.0, "sum": 1 }, "geometry": { "type": "Point", "coordinates": [ -122.396305830863113, 47.515628978113554 ] } },
{ "type": "Feature", "properties": { "lat": 47.515710697824218, "lon": -122.39375469509709, "time_of_day": "Late Night", "causation": [ "0", "0", "0", "0", "0", "0", "0", "0", "1", "0", "0", "0", "0", "0", "0", "0", "0", "0", "0", "0", "0", "0", "0", "0" ], "duration": 1587.0, "sum": 1 }, "geometry": { "type": "Point", "coordinates": [ -122.393754695097087, 47.515710697824218 ] } },
{ "type": "Feature", "properties": { "lat": 47.515710697824218, "lon": -122.39375469509709, "time_of_day": "Morning", "causation": [ "0", "0", "0", "0", "0", "0", "0", "0", "1", "0", "0", "0", "0", "0", "0", "0", "0", "0", "0", "0", "0", "0", "0", "0" ], "duration": 24.0, "sum": 1 }, "geometry": { "type": "Point", "coordinates": [ -122.393754695097087, 47.515710697824218 ] } },
{ "type": "Feature", "properties": { "lat": 47.515732920492482, "lon": -122.39307505165816, "time_of_day": "Morning", "causation": [ "0", "0", "0", "0", "0", "0", "0", "0", "1", "0", "0", "0", "0", "0", "0", "0", "0", "0", "0", "0", "0", "0", "0", "0" ], "duration": 1249.0, "sum": 1 }, "geometry": { "type": "Point", "coordinates": [ -122.393075051658158, 47.515732920492482 ] } },
{ "type": "Feature", "properties": { "lat": 47.515768345062511, "lon": -122.39640229332709, "time_of_day": "Morning", "causation": [ "0", "0", "0", "0", "0", "0", "0", "0", "1", "0", "0", "0", "0", "0", "0", "0", "0", "0", "0", "0", "0", "0", "0", "0" ], "duration": 1249.0, "sum": 1 }, "geometry": { "type": "Point", "coordinates": [ -122.396402293327085, 47.515768345062511 ] } },
{ "type": "Feature", "properties": { "lat": 47.515847758544282, "lon": -122.39527787977627, "time_of_day": "Morning", "causation": [ "0", "0", "0", "0", "0", "0", "0", "0", "5", "0", "0", "0", "0", "0", "0", "0", "0", "0", "0", "0", "0", "0", "0", "0" ], "duration": 6245.0, "sum": 5 }, "geometry": { "type": "Point", "coordinates": [ -122.395277879776273, 47.515847758544282 ] } },
{ "type": "Feature", "properties": { "lat": 47.515853776646921, "lon": -122.39249088441696, "time_of_day": "Morning", "causation": [ "0", "0", "0", "0", "0", "0", "0", "0", "1", "0", "0", "0", "0", "0", "0", "0", "0", "0", "0", "0", "0", "0", "0", "0" ], "duration": 1249.0, "sum": 1 }, "geometry": { "type": "Point", "coordinates": [ -122.392490884416958, 47.515853776646921 ] } },
{ "type": "Feature", "properties": { "lat": 47.515873758433088, "lon": -122.39443385599009, "time_of_day": "Late Night", "causation": [ "0", "0", "0", "0", "0", "0", "0", "0", "1", "0", "0", "0", "0", "0", "0", "0", "0", "0", "0", "0", "0", "0", "0", "0" ], "duration": 1587.0, "sum": 1 }, "geometry": { "type": "Point", "coordinates": [ -122.394433855990087, 47.515873758433088 ] } },
{ "type": "Feature", "properties": { "lat": 47.515873758433088, "lon": -122.39443385599009, "time_of_day": "Morning", "causation": [ "0", "0", "0", "0", "0", "0", "0", "0", "1", "0", "0", "0", "0", "0", "0", "0", "0", "0", "0", "0", "0", "0", "0", "0" ], "duration": 24.0, "sum": 1 }, "geometry": { "type": "Point", "coordinates": [ -122.394433855990087, 47.515873758433088 ] } },
{ "type": "Feature", "properties": { "lat": 47.51587588826586, "lon": -122.39379197981071, "time_of_day": "Late Night", "causation": [ "0", "0", "0", "0", "0", "0", "0", "0", "1", "0", "0", "0", "0", "0", "0", "0", "0", "0", "0", "0", "0", "0", "0", "0" ], "duration": 1587.0, "sum": 1 }, "geometry": { "type": "Point", "coordinates": [ -122.393791979810715, 47.51587588826586 ] } },
{ "type": "Feature", "properties": { "lat": 47.51587588826586, "lon": -122.39379197981071, "time_of_day": "Morning", "causation": [ "0", "0", "0", "0", "0", "0", "0", "0", "1", "0", "0", "0", "0", "0", "0", "0", "0", "0", "0", "0", "0", "0", "0", "0" ], "duration": 24.0, "sum": 1 }, "geometry": { "type": "Point", "coordinates": [ -122.393791979810715, 47.51587588826586 ] } },
{ "type": "Feature", "properties": { "lat": 47.515904430804298, "lon": -122.3965997656038, "time_of_day": "Morning", "causation": [ "0", "0", "0", "0", "0", "0", "0", "0", "1", "0", "0", "0", "0", "0", "0", "0", "0", "0", "0", "0", "0", "0", "0", "0" ], "duration": 1249.0, "sum": 1 }, "geometry": { "type": "Point", "coordinates": [ -122.396599765603796, 47.515904430804298 ] } },
{ "type": "Feature", "properties": { "lat": 47.515911238497388, "lon": -122.39339637881456, "time_of_day": "Morning", "causation": [ "0", "0", "0", "0", "0", "0", "0", "0", "1", "0", "0", "0", "0", "0", "0", "0", "0", "0", "0", "0", "0", "0", "0", "0" ], "duration": 1249.0, "sum": 1 }, "geometry": { "type": "Point", "coordinates": [ -122.393396378814558, 47.515911238497388 ] } },
{ "type": "Feature", "properties": { "lat": 47.516059411409138, "lon": -122.39656790435252, "time_of_day": "Morning", "causation": [ "0", "0", "0", "0", "0", "0", "0", "0", "3", "0", "0", "0", "0", "0", "0", "0", "0", "0", "0", "0", "0", "0", "0", "0" ], "duration": 3747.0, "sum": 3 }, "geometry": { "type": "Point", "coordinates": [ -122.396567904352523, 47.516059411409138 ] } },
{ "type": "Feature", "properties": { "lat": 47.516101444301889, "lon": -122.39470020407856, "time_of_day": "Late Night", "causation": [ "0", "0", "0", "0", "0", "0", "0", "0", "1", "0", "0", "0", "0", "0", "0", "0", "0", "0", "0", "0", "0", "0", "0", "0" ], "duration": 1587.0, "sum": 1 }, "geometry": { "type": "Point", "coordinates": [ -122.394700204078561, 47.516101444301889 ] } },
{ "type": "Feature", "properties": { "lat": 47.516101444301889, "lon": -122.39470020407856, "time_of_day": "Morning", "causation": [ "0", "0", "0", "0", "0", "0", "0", "0", "1", "0", "0", "0", "0", "0", "0", "0", "0", "0", "0", "0", "0", "0", "0", "0" ], "duration": 24.0, "sum": 1 }, "geometry": { "type": "Point", "coordinates": [ -122.394700204078561, 47.516101444301889 ] } },
{ "type": "Feature", "properties": { "lat": 47.516111196873794, "lon": -122.39312826245244, "time_of_day": "Morning", "causation": [ "0", "0", "0", "0", "0", "0", "0", "0", "1", "0", "0", "0", "0", "0", "0", "0", "0", "0", "0", "0", "0", "0", "0", "0" ], "duration": 1249.0, "sum": 1 }, "geometry": { "type": "Point", "coordinates": [ -122.393128262452436, 47.516111196873794 ] } },
{ "type": "Feature", "properties": { "lat": 47.516116226261694, "lon": -122.39573491999282, "time_of_day": "Morning", "causation": [ "0", "0", "0", "0", "0", "0", "0", "0", "1", "0", "0", "0", "0", "0", "0", "0", "0", "0", "0", "0", "0", "0", "0", "0" ], "duration": 1249.0, "sum": 1 }, "geometry": { "type": "Point", "coordinates": [ -122.395734919992819, 47.516116226261694 ] } },
{ "type": "Feature", "properties": { "lat": 47.51613231784129, "lon": -122.39397612971467, "time_of_day": "Late Night", "causation": [ "0", "0", "0", "0", "0", "0", "0", "0", "1", "0", "0", "0", "0", "0", "0", "0", "0", "0", "0", "0", "0", "0", "0", "0" ], "duration": 1587.0, "sum": 1 }, "geometry": { "type": "Point", "coordinates": [ -122.393976129714673, 47.51613231784129 ] } },
{ "type": "Feature", "properties": { "lat": 47.51613231784129, "lon": -122.39397612971467, "time_of_day": "Morning", "causation": [ "0", "0", "0", "0", "0", "0", "0", "0", "1", "0", "0", "0", "0", "0", "0", "0", "0", "0", "0", "0", "0", "0", "0", "0" ], "duration": 24.0, "sum": 1 }, "geometry": { "type": "Point", "coordinates": [ -122.393976129714673, 47.51613231784129 ] } },
{ "type": "Feature", "properties": { "lat": 47.516265856425228, "lon": -122.39241072289232, "time_of_day": "Morning", "causation": [ "0", "0", "0", "0", "0", "0", "0", "0", "1", "0", "0", "0", "0", "0", "0", "0", "0", "0", "0", "0", "0", "0", "0", "0" ], "duration": 1249.0, "sum": 1 }, "geometry": { "type": "Point", "coordinates": [ -122.392410722892322, 47.516265856425228 ] } },
{ "type": "Feature", "properties": { "lat": 47.516308806582757, "lon": -122.39717903903568, "time_of_day": "Morning", "causation": [ "0", "0", "0", "0", "0", "0", "0", "0", "1", "0", "0", "0", "0", "0", "0", "0", "0", "0", "0", "0", "0", "0", "0", "0" ], "duration": 1249.0, "sum": 1 }, "geometry": { "type": "Point", "coordinates": [ -122.397179039035677, 47.516308806582757 ] } },
{ "type": "Feature", "properties": { "lat": 47.516316667736206, "lon": -122.39367261661071, "time_of_day": "Late Night", "causation": [ "0", "0", "0", "0", "0", "0", "0", "0", "1", "0", "0", "0", "0", "0", "0", "0", "0", "0", "0", "0", "0", "0", "0", "0" ], "duration": 1587.0, "sum": 1 }, "geometry": { "type": "Point", "coordinates": [ -122.393672616610715, 47.516316667736206 ] } },
{ "type": "Feature", "properties": { "lat": 47.516316667736206, "lon": -122.39367261661071, "time_of_day": "Morning", "causation": [ "0", "0", "0", "0", "0", "0", "0", "0", "1", "0", "0", "0", "0", "0", "0", "0", "0", "0", "0", "0", "0", "0", "0", "0" ], "duration": 24.0, "sum": 1 }, "geometry": { "type": "Point", "coordinates": [ -122.393672616610715, 47.516316667736206 ] } },
{ "type": "Feature", "properties": { "lat": 47.516331225561693, "lon": -122.39465855621206, "time_of_day": "Late Night", "causation": [ "0", "0", "0", "0", "0", "0", "0", "0", "1", "0", "0", "0", "0", "0", "0", "0", "0", "0", "0", "0", "0", "0", "0", "0" ], "duration": 1587.0, "sum": 1 }, "geometry": { "type": "Point", "coordinates": [ -122.394658556212065, 47.516331225561693 ] } },
{ "type": "Feature", "properties": { "lat": 47.516331225561693, "lon": -122.39465855621206, "time_of_day": "Morning", "causation": [ "0", "0", "0", "0", "0", "0", "0", "0", "1", "0", "0", "0", "0", "0", "0", "0", "0", "0", "0", "0", "0", "0", "0", "0" ], "duration": 24.0, "sum": 1 }, "geometry": { "type": "Point", "coordinates": [ -122.394658556212065, 47.516331225561693 ] } },
{ "type": "Feature", "properties": { "lat": 47.516348042947833, "lon": -122.39310122843072, "time_of_day": "Morning", "causation": [ "0", "0", "0", "0", "0", "0", "0", "0", "1", "0", "0", "0", "0", "0", "0", "0", "0", "0", "0", "0", "0", "0", "0", "0" ], "duration": 1249.0, "sum": 1 }, "geometry": { "type": "Point", "coordinates": [ -122.393101228430723, 47.516348042947833 ] } },
{ "type": "Feature", "properties": { "lat": 47.516354284811705, "lon": -122.39404413643152, "time_of_day": "Late Night", "causation": [ "0", "0", "0", "0", "0", "0", "0", "0", "1", "0", "0", "0", "0", "0", "0", "0", "0", "0", "0", "0", "0", "0", "0", "0" ], "duration": 1587.0, "sum": 1 }, "geometry": { "type": "Point", "coordinates": [ -122.394044136431518, 47.516354284811705 ] } },
{ "type": "Feature", "properties": { "lat": 47.516354284811705, "lon": -122.39404413643152, "time_of_day": "Morning", "causation": [ "0", "0", "0", "0", "0", "0", "0", "0", "1", "0", "0", "0", "0", "0", "0", "0", "0", "0", "0", "0", "0", "0", "0", "0" ], "duration": 24.0, "sum": 1 }, "geometry": { "type": "Point", "coordinates": [ -122.394044136431518, 47.516354284811705 ] } },
{ "type": "Feature", "properties": { "lat": 47.516495331975193, "lon": -122.39236330811208, "time_of_day": "Morning", "causation": [ "0", "0", "0", "0", "0", "0", "0", "0", "1", "0", "0", "0", "0", "0", "0", "0", "0", "0", "0", "0", "0", "0", "0", "0" ], "duration": 1249.0, "sum": 1 }, "geometry": { "type": "Point", "coordinates": [ -122.392363308112081, 47.516495331975193 ] } },
{ "type": "Feature", "properties": { "lat": 47.516577283317297, "lon": -122.39384750237366, "time_of_day": "Late Night", "causation": [ "0", "0", "0", "0", "0", "0", "0", "0", "1", "0", "0", "0", "0", "0", "0", "0", "0", "0", "0", "0", "0", "0", "0", "0" ], "duration": 1587.0, "sum": 1 }, "geometry": { "type": "Point", "coordinates": [ -122.39384750237366, 47.516577283317297 ] } },
{ "type": "Feature", "properties": { "lat": 47.516577283317297, "lon": -122.39384750237366, "time_of_day": "Morning", "causation": [ "0", "0", "0", "0", "0", "0", "0", "0", "1", "0", "0", "0", "0", "0", "0", "0", "0", "0", "0", "0", "0", "0", "0", "0" ], "duration": 24.0, "sum": 1 }, "geometry": { "type": "Point", "coordinates": [ -122.39384750237366, 47.516577283317297 ] } },
{ "type": "Feature", "properties": { "lat": 47.516593810387171, "lon": -122.39615747527964, "time_of_day": "Morning", "causation": [ "0", "0", "0", "0", "0", "0", "0", "0", "1", "0", "0", "0", "0", "0", "0", "0", "0", "0", "0", "0", "0", "0", "0", "0" ], "duration": 1249.0, "sum": 1 }, "geometry": { "type": "Point", "coordinates": [ -122.396157475279637, 47.516593810387171 ] } },
{ "type": "Feature", "properties": { "lat": 47.516611162867846, "lon": -122.39346116154456, "time_of_day": "Morning", "causation": [ "0", "0", "0", "0", "0", "0", "0", "0", "1", "0", "0", "0", "0", "0", "0", "0", "0", "0", "0", "0", "0", "0", "0", "0" ], "duration": 1249.0, "sum": 1 }, "geometry": { "type": "Point", "coordinates": [ -122.393461161544565, 47.516611162867846 ] } },
{ "type": "Feature", "properties": { "lat": 47.516617578927189, "lon": -122.39569744954288, "time_of_day": "Morning", "causation": [ "0", "0", "0", "0", "0", "0", "0", "0", "1", "0", "0", "0", "0", "0", "0", "0", "0", "0", "0", "0", "0", "0", "0", "0" ], "duration": 1249.0, "sum": 1 }, "geometry": { "type": "Point", "coordinates": [ -122.39569744954288, 47.516617578927189 ] } },
{ "type": "Feature", "properties": { "lat": 47.516628213814798, "lon": -122.39519990127818, "time_of_day": "Morning", "causation": [ "0", "0", "0", "0", "0", "0", "0", "0", "1", "0", "0", "0", "0", "0", "0", "0", "0", "0", "0", "0", "0", "0", "0", "0" ], "duration": 1249.0, "sum": 1 }, "geometry": { "type": "Point", "coordinates": [ -122.395199901278176, 47.516628213814798 ] } },
{ "type": "Feature", "properties": { "lat": 47.516660049605051, "lon": -122.39450714872331, "time_of_day": "Late Night", "causation": [ "0", "0", "0", "0", "0", "0", "0", "0", "1", "0", "0", "0", "0", "0", "0", "0", "0", "0", "0", "0", "0", "0", "0", "0" ], "duration": 1587.0, "sum": 1 }, "geometry": { "type": "Point", "coordinates": [ -122.394507148723306, 47.516660049605051 ] } },
{ "type": "Feature", "properties": { "lat": 47.516660049605051, "lon": -122.39450714872331, "time_of_day": "Morning", "causation": [ "0", "0", "0", "0", "0", "0", "0", "0", "1", "0", "0", "0", "0", "0", "0", "0", "0", "0", "0", "0", "0", "0", "0", "0" ], "duration": 24.0, "sum": 1 }, "geometry": { "type": "Point", "coordinates": [ -122.394507148723306, 47.516660049605051 ] } },
{ "type": "Feature", "properties": { "lat": 47.516698736166553, "lon": -122.39800070403145, "time_of_day": "Morning", "causation": [ "0", "0", "0", "0", "0", "0", "0", "0", "1", "0", "0", "0", "0", "0", "0", "0", "0", "0", "0", "0", "0", "0", "0", "0" ], "duration": 1249.0, "sum": 1 }, "geometry": { "type": "Point", "coordinates": [ -122.398000704031446, 47.516698736166553 ] } },
{ "type": "Feature", "properties": { "lat": 47.516703474096772, "lon": -122.39699161551567, "time_of_day": "Morning", "causation": [ "0", "0", "0", "0", "0", "0", "0", "0", "1", "0", "0", "0", "0", "0", "0", "0", "0", "0", "0", "0", "0", "0", "0", "0" ], "duration": 1249.0, "sum": 1 }, "geometry": { "type": "Point", "coordinates": [ -122.396991615515674, 47.516703474096772 ] } },
{ "type": "Feature", "properties": { "lat": 47.516845854459085, "lon": -122.39696083411869, "time_of_day": "Morning", "causation": [ "0", "0", "0", "0", "0", "0", "0", "0", "1", "0", "0", "0", "0", "0", "0", "0", "0", "0", "0", "0", "0", "0", "0", "0" ], "duration": 1249.0, "sum": 1 }, "geometry": { "type": "Point", "coordinates": [ -122.396960834118687, 47.516845854459085 ] } },
{ "type": "Feature", "properties": { "lat": 47.516863060426807, "lon": -122.39744291590722, "time_of_day": "Morning", "causation": [ "0", "0", "0", "0", "0", "0", "0", "0", "1", "0", "0", "0", "0", "0", "0", "0", "0", "0", "0", "0", "0", "0", "0", "0" ], "duration": 1249.0, "sum": 1 }, "geometry": { "type": "Point", "coordinates": [ -122.39744291590722, 47.516863060426807 ] } },
{ "type": "Feature", "properties": { "lat": 47.51688946442632, "lon": -122.39249281682255, "time_of_day": "Morning", "causation": [ "0", "0", "0", "0", "0", "0", "0", "0", "1", "0", "0", "0", "0", "0", "0", "0", "0", "0", "0", "0", "0", "0", "0", "0" ], "duration": 1249.0, "sum": 1 }, "geometry": { "type": "Point", "coordinates": [ -122.392492816822553, 47.51688946442632 ] } },
{ "type": "Feature", "properties": { "lat": 47.516892887835887, "lon": -122.39540589385064, "time_of_day": "Morning", "causation": [ "0", "0", "0", "0", "0", "0", "0", "0", "1", "0", "0", "0", "0", "0", "0", "0", "0", "0", "0", "0", "0", "0", "0", "0" ], "duration": 1249.0, "sum": 1 }, "geometry": { "type": "Point", "coordinates": [ -122.395405893850636, 47.516892887835887 ] } },
{ "type": "Feature", "properties": { "lat": 47.516904496981461, "lon": -122.39337012652116, "time_of_day": "Morning", "causation": [ "0", "0", "0", "0", "0", "0", "0", "0", "1", "0", "0", "0", "0", "0", "0", "0", "0", "0", "0", "0", "0", "0", "0", "0" ], "duration": 1249.0, "sum": 1 }, "geometry": { "type": "Point", "coordinates": [ -122.393370126521162, 47.516904496981461 ] } },
{ "type": "Feature", "properties": { "lat": 47.516918596141139, "lon": -122.39462498735318, "time_of_day": "Late Night", "causation": [ "0", "0", "0", "0", "0", "0", "0", "0", "1", "0", "0", "0", "0", "0", "0", "0", "0", "0", "0", "0", "0", "0", "0", "0" ], "duration": 1587.0, "sum": 1 }, "geometry": { "type": "Point", "coordinates": [ -122.394624987353183, 47.516918596141139 ] } },
{ "type": "Feature", "properties": { "lat": 47.516918596141139, "lon": -122.39462498735318, "time_of_day": "Morning", "causation": [ "0", "0", "0", "0", "0", "0", "0", "0", "1", "0", "0", "0", "0", "0", "0", "0", "0", "0", "0", "0", "0", "0", "0", "0" ], "duration": 24.0, "sum": 1 }, "geometry": { "type": "Point", "coordinates": [ -122.394624987353183, 47.516918596141139 ] } },
{ "type": "Feature", "properties": { "lat": 47.516929604767526, "lon": -122.3957646826771, "time_of_day": "Morning", "causation": [ "0", "0", "0", "0", "0", "0", "0", "0", "1", "0", "0", "0", "0", "0", "0", "0", "0", "0", "0", "0", "0", "0", "0", "0" ], "duration": 1249.0, "sum": 1 }, "geometry": { "type": "Point", "coordinates": [ -122.395764682677097, 47.516929604767526 ] } },
{ "type": "Feature", "properties": { "lat": 47.516939300722299, "lon": -122.39847312686732, "time_of_day": "Morning", "causation": [ "0", "0", "0", "0", "0", "0", "0", "0", "1", "0", "0", "0", "0", "0", "0", "0", "0", "0", "0", "0", "0", "0", "0", "0" ], "duration": 1249.0, "sum": 1 }, "geometry": { "type": "Point", "coordinates": [ -122.398473126867316, 47.516939300722299 ] } },
{ "type": "Feature", "properties": { "lat": 47.516956188351607, "lon": -122.3938389312418, "time_of_day": "Late Night", "causation": [ "0", "0", "0", "0", "0", "0", "0", "0", "1", "0", "0", "0", "0", "0", "0", "0", "0", "0", "0", "0", "0", "0", "0", "0" ], "duration": 1587.0, "sum": 1 }, "geometry": { "type": "Point", "coordinates": [ -122.393838931241802, 47.516956188351607 ] } },
{ "type": "Feature", "properties": { "lat": 47.516956188351607, "lon": -122.3938389312418, "time_of_day": "Morning", "causation": [ "0", "0", "0", "0", "0", "0", "0", "0", "1", "0", "0", "0", "0", "0", "0", "0", "0", "0", "0", "0", "0", "0", "0", "0" ], "duration": 24.0, "sum": 1 }, "geometry": { "type": "Point", "coordinates": [ -122.393838931241802, 47.516956188351607 ] } },
{ "type": "Feature", "properties": { "lat": 47.516962292869643, "lon": -122.39614116081675, "time_of_day": "Morning", "causation": [ "0", "0", "0", "0", "0", "0", "0", "0", "1", "0", "0", "0", "0", "0", "0", "0", "0", "0", "0", "0", "0", "0", "0", "0" ], "duration": 1249.0, "sum": 1 }, "geometry": { "type": "Point", "coordinates": [ -122.396141160816754, 47.516962292869643 ] } },
{ "type": "Feature", "properties": { "lat": 47.517089751227992, "lon": -122.39252935100517, "time_of_day": "Morning", "causation": [ "0", "0", "0", "0", "0", "0", "0", "0", "1", "0", "0", "0", "0", "0", "0", "0", "0", "0", "0", "0", "0", "0", "0", "0" ], "duration": 1249.0, "sum": 1 }, "geometry": { "type": "Point", "coordinates": [ -122.392529351005166, 47.517089751227992 ] } },
{ "type": "Feature", "properties": { "lat": 47.517131591322219, "lon": -122.39878882448956, "time_of_day": "Morning", "causation": [ "0", "0", "0", "0", "0", "0", "0", "0", "1", "0", "0", "0", "0", "0", "0", "0", "0", "0", "0", "0", "0", "0", "0", "0" ], "duration": 1249.0, "sum": 1 }, "geometry": { "type": "Point", "coordinates": [ -122.398788824489557, 47.517131591322219 ] } },
{ "type": "Feature", "properties": { "lat": 47.517142992991907, "lon": -122.39369411329614, "time_of_day": "Late Night", "causation": [ "0", "0", "0", "0", "0", "0", "0", "0", "1", "0", "0", "0", "0", "0", "0", "0", "0", "0", "0", "0", "0", "0", "0", "0" ], "duration": 1587.0, "sum": 1 }, "geometry": { "type": "Point", "coordinates": [ -122.393694113296135, 47.517142992991907 ] } },
{ "type": "Feature", "properties": { "lat": 47.517142992991907, "lon": -122.39369411329614, "time_of_day": "Morning", "causation": [ "0", "0", "0", "0", "0", "0", "0", "0", "1", "0", "0", "0", "0", "0", "0", "0", "0", "0", "0", "0", "0", "0", "0", "0" ], "duration": 24.0, "sum": 1 }, "geometry": { "type": "Point", "coordinates": [ -122.393694113296135, 47.517142992991907 ] } },
{ "type": "Feature", "properties": { "lat": 47.517151222474077, "lon": -122.39674957568739, "time_of_day": "Morning", "causation": [ "0", "0", "0", "0", "0", "0", "0", "0", "1", "0", "0", "0", "0", "0", "0", "0", "0", "0", "0", "0", "0", "0", "0", "0" ], "duration": 1249.0, "sum": 1 }, "geometry": { "type": "Point", "coordinates": [ -122.396749575687394, 47.517151222474077 ] } },
{ "type": "Feature", "properties": { "lat": 47.517187506344975, "lon": -122.397319127438, "time_of_day": "Morning", "causation": [ "0", "0", "0", "0", "0", "0", "0", "0", "1", "0", "0", "0", "0", "0", "0", "0", "0", "0", "0", "0", "0", "0", "0", "0" ], "duration": 1249.0, "sum": 1 }, "geometry": { "type": "Point", "coordinates": [ -122.397319127437996, 47.517187506344975 ] } },
{ "type": "Feature", "properties": { "lat": 47.517191289288313, "lon": -122.39599915395016, "time_of_day": "Morning", "causation": [ "0", "0", "0", "0", "0", "0", "0", "0", "1", "0", "0", "0", "0", "0", "0", "0", "0", "0", "0", "0", "0", "0", "0", "0" ], "duration": 1249.0, "sum": 1 }, "geometry": { "type": "Point", "coordinates": [ -122.395999153950157, 47.517191289288313 ] } },
{ "type": "Feature", "properties": { "lat": 47.517198237310787, "lon": -122.39465449180942, "time_of_day": "Late Night", "causation": [ "0", "0", "0", "0", "0", "0", "0", "0", "1", "0", "0", "0", "0", "0", "0", "0", "0", "0", "0", "0", "0", "0", "0", "0" ], "duration": 1587.0, "sum": 1 }, "geometry": { "type": "Point", "coordinates": [ -122.394654491809419, 47.517198237310787 ] } },
{ "type": "Feature", "properties": { "lat": 47.517198237310787, "lon": -122.39465449180942, "time_of_day": "Morning", "causation": [ "0", "0", "0", "0", "0", "0", "0", "0", "1", "0", "0", "0", "0", "0", "0", "0", "0", "0", "0", "0", "0", "0", "0", "0" ], "duration": 24.0, "sum": 1 }, "geometry": { "type": "Point", "coordinates": [ -122.394654491809419, 47.517198237310787 ] } },
{ "type": "Feature", "properties": { "lat": 47.517227144019337, "lon": -122.39796588845697, "time_of_day": "Morning", "causation": [ "0", "0", "0", "0", "0", "0", "0", "0", "1", "0", "0", "0", "0", "0", "0", "0", "0", "0", "0", "0", "0", "0", "0", "0" ], "duration": 1249.0, "sum": 1 }, "geometry": { "type": "Point", "coordinates": [ -122.397965888456966, 47.517227144019337 ] } },
{ "type": "Feature", "properties": { "lat": 47.517309343368112, "lon": -122.39329355863592, "time_of_day": "Morning", "causation": [ "0", "0", "0", "0", "0", "0", "0", "0", "1", "0", "0", "0", "0", "0", "0", "0", "0", "0", "0", "0", "0", "0", "0", "0" ], "duration": 1249.0, "sum": 1 }, "geometry": { "type": "Point", "coordinates": [ -122.393293558635918, 47.517309343368112 ] } },
{ "type": "Feature", "properties": { "lat": 47.517356997899022, "lon": -122.39257081889896, "time_of_day": "Morning", "causation": [ "0", "0", "0", "0", "0", "0", "0", "0", "1", "0", "0", "0", "0", "0", "0", "0", "0", "0", "0", "0", "0", "0", "0", "0" ], "duration": 1249.0, "sum": 1 }, "geometry": { "type": "Point", "coordinates": [ -122.39257081889896, 47.517356997899022 ] } },
{ "type": "Feature", "properties": { "lat": 47.517411715596943, "lon": -122.39378582237676, "time_of_day": "Late Night", "causation": [ "0", "0", "0", "0", "0", "0", "0", "0", "1", "0", "0", "0", "0", "0", "0", "0", "0", "0", "0", "0", "0", "0", "0", "0" ], "duration": 1587.0, "sum": 1 }, "geometry": { "type": "Point", "coordinates": [ -122.393785822376756, 47.517411715596943 ] } },
{ "type": "Feature", "properties": { "lat": 47.517411715596943, "lon": -122.39378582237676, "time_of_day": "Morning", "causation": [ "0", "0", "0", "0", "0", "0", "0", "0", "1", "0", "0", "0", "0", "0", "0", "0", "0", "0", "0", "0", "0", "0", "0", "0" ], "duration": 24.0, "sum": 1 }, "geometry": { "type": "Point", "coordinates": [ -122.393785822376756, 47.517411715596943 ] } },
{ "type": "Feature", "properties": { "lat": 47.517462009696743, "lon": -122.39457164381844, "time_of_day": "Late Night", "causation": [ "0", "0", "0", "0", "0", "0", "0", "0", "1", "0", "0", "0", "0", "0", "0", "0", "0", "0", "0", "0", "0", "0", "0", "0" ], "duration": 1587.0, "sum": 1 }, "geometry": { "type": "Point", "coordinates": [ -122.394571643818438, 47.517462009696743 ] } },
{ "type": "Feature", "properties": { "lat": 47.517462009696743, "lon": -122.39457164381844, "time_of_day": "Morning", "causation": [ "0", "0", "0", "0", "0", "0", "0", "0", "1", "0", "0", "0", "0", "0", "0", "0", "0", "0", "0", "0", "0", "0", "0", "0" ], "duration": 24.0, "sum": 1 }, "geometry": { "type": "Point", "coordinates": [ -122.394571643818438, 47.517462009696743 ] } },
{ "type": "Feature", "properties": { "lat": 47.517467553374829, "lon": -122.39614052315449, "time_of_day": "Morning", "causation": [ "0", "0", "0", "0", "0", "0", "0", "0", "1", "0", "0", "0", "0", "0", "0", "0", "0", "0", "0", "0", "0", "0", "0", "0" ], "duration": 1249.0, "sum": 1 }, "geometry": { "type": "Point", "coordinates": [ -122.396140523154486, 47.517467553374829 ] } },
{ "type": "Feature", "properties": { "lat": 47.517477715869461, "lon": -122.39844918080442, "time_of_day": "Morning", "causation": [ "0", "0", "0", "0", "0", "0", "0", "0", "1", "0", "0", "0", "0", "0", "0", "0", "0", "0", "0", "0", "0", "0", "0", "0" ], "duration": 1249.0, "sum": 1 }, "geometry": { "type": "Point", "coordinates": [ -122.39844918080442, 47.517477715869461 ] } },
{ "type": "Feature", "properties": { "lat": 47.517484072814902, "lon": -122.39323672077025, "time_of_day": "Late Night", "causation": [ "0", "0", "0", "0", "0", "0", "0", "0", "1", "0", "0", "0", "0", "0", "0", "0", "0", "0", "0", "0", "0", "0", "0", "0" ], "duration": 1587.0, "sum": 1 }, "geometry": { "type": "Point", "coordinates": [ -122.393236720770247, 47.517484072814902 ] } },
{ "type": "Feature", "properties": { "lat": 47.517484072814902, "lon": -122.39323672077025, "time_of_day": "Morning", "causation": [ "0", "0", "0", "0", "0", "0", "0", "0", "1", "0", "0", "0", "0", "0", "0", "0", "0", "0", "0", "0", "0", "0", "0", "0" ], "duration": 24.0, "sum": 1 }, "geometry": { "type": "Point", "coordinates": [ -122.393236720770247, 47.517484072814902 ] } },
{ "type": "Feature", "properties": { "lat": 47.517579991709539, "lon": -122.39554552639883, "time_of_day": "Late Night", "causation": [ "0", "0", "0", "0", "0", "0", "0", "0", "1", "0", "0", "0", "0", "0", "0", "0", "0", "0", "0", "0", "0", "0", "0", "0" ], "duration": 1587.0, "sum": 1 }, "geometry": { "type": "Point", "coordinates": [ -122.395545526398834, 47.517579991709539 ] } },
{ "type": "Feature", "properties": { "lat": 47.517579991709539, "lon": -122.39554552639883, "time_of_day": "Morning", "causation": [ "0", "0", "0", "0", "0", "0", "0", "0", "2", "0", "0", "0", "0", "0", "0", "0", "0", "0", "0", "0", "0", "0", "0", "0" ], "duration": 1273.0, "sum": 2 }, "geometry": { "type": "Point", "coordinates": [ -122.395545526398834, 47.517579991709539 ] } },
{ "type": "Feature", "properties": { "lat": 47.517646295131399, "lon": -122.39381199025384, "time_of_day": "Late Night", "causation": [ "0", "0", "0", "0", "0", "0", "0", "0", "1", "0", "0", "0", "0", "0", "0", "0", "0", "0", "0", "0", "0", "0", "0", "0" ], "duration": 1587.0, "sum": 1 }, "geometry": { "type": "Point", "coordinates": [ -122.393811990253838, 47.517646295131399 ] } },
{ "type": "Feature", "properties": { "lat": 47.517646295131399, "lon": -122.39381199025384, "time_of_day": "Morning", "causation": [ "0", "0", "0", "0", "0", "0", "0", "0", "1", "0", "0", "0", "0", "0", "0", "0", "0", "0", "0", "0", "0", "0", "0", "0" ], "duration": 24.0, "sum": 1 }, "geometry": { "type": "Point", "coordinates": [ -122.393811990253838, 47.517646295131399 ] } },
{ "type": "Feature", "properties": { "lat": 47.517725094586702, "lon": -122.3923069110589, "time_of_day": "Late Night", "causation": [ "0", "0", "0", "0", "0", "0", "0", "0", "1", "0", "0", "0", "0", "0", "0", "0", "0", "0", "0", "0", "0", "0", "0", "0" ], "duration": 1587.0, "sum": 1 }, "geometry": { "type": "Point", "coordinates": [ -122.392306911058895, 47.517725094586702 ] } },
{ "type": "Feature", "properties": { "lat": 47.517725094586702, "lon": -122.3923069110589, "time_of_day": "Morning", "causation": [ "0", "0", "0", "0", "0", "0", "0", "0", "1", "0", "0", "0", "0", "0", "0", "0", "0", "0", "0", "0", "0", "0", "0", "0" ], "duration": 24.0, "sum": 1 }, "geometry": { "type": "Point", "coordinates": [ -122.392306911058895, 47.517725094586702 ] } },
{ "type": "Feature", "properties": { "lat": 47.517725131105479, "lon": -122.39326690110526, "time_of_day": "Late Night", "causation": [ "0", "0", "0", "0", "0", "0", "0", "0", "1", "0", "0", "0", "0", "0", "0", "0", "0", "0", "0", "0", "0", "0", "0", "0" ], "duration": 1587.0, "sum": 1 }, "geometry": { "type": "Point", "coordinates": [ -122.393266901105264, 47.517725131105479 ] } },
{ "type": "Feature", "properties": { "lat": 47.517725131105479, "lon": -122.39326690110526, "time_of_day": "Morning", "causation": [ "0", "0", "0", "0", "0", "0", "0", "0", "1", "0", "0", "0", "0", "0", "0", "0", "0", "0", "0", "0", "0", "0", "0", "0" ], "duration": 24.0, "sum": 1 }, "geometry": { "type": "Point", "coordinates": [ -122.393266901105264, 47.517725131105479 ] } },
{ "type": "Feature", "properties": { "lat": 47.517736942494217, "lon": -122.39457461636113, "time_of_day": "Late Night", "causation": [ "0", "0", "0", "0", "0", "0", "0", "0", "1", "0", "0", "0", "0", "0", "0", "0", "0", "0", "0", "0", "0", "0", "0", "0" ], "duration": 1587.0, "sum": 1 }, "geometry": { "type": "Point", "coordinates": [ -122.394574616361126, 47.517736942494217 ] } },
{ "type": "Feature", "properties": { "lat": 47.517736942494217, "lon": -122.39457461636113, "time_of_day": "Morning", "causation": [ "0", "0", "0", "0", "0", "0", "0", "0", "1", "0", "0", "0", "0", "0", "0", "0", "0", "0", "0", "0", "0", "0", "0", "0" ], "duration": 24.0, "sum": 1 }, "geometry": { "type": "Point", "coordinates": [ -122.394574616361126, 47.517736942494217 ] } },
{ "type": "Feature", "properties": { "lat": 47.517834679860023, "lon": -122.39376169073424, "time_of_day": "Late Night", "causation": [ "0", "0", "0", "0", "0", "0", "0", "0", "1", "0", "0", "0", "0", "0", "0", "0", "0", "0", "0", "0", "0", "0", "0", "0" ], "duration": 1587.0, "sum": 1 }, "geometry": { "type": "Point", "coordinates": [ -122.393761690734237, 47.517834679860023 ] } },
{ "type": "Feature", "properties": { "lat": 47.517834679860023, "lon": -122.39376169073424, "time_of_day": "Morning", "causation": [ "0", "0", "0", "0", "0", "0", "0", "0", "1", "0", "0", "0", "0", "0", "0", "0", "0", "0", "0", "0", "0", "0", "0", "0" ], "duration": 24.0, "sum": 1 }, "geometry": { "type": "Point", "coordinates": [ -122.393761690734237, 47.517834679860023 ] } },
{ "type": "Feature", "properties": { "lat": 47.517890534309203, "lon": -122.39589741031077, "time_of_day": "Morning", "causation": [ "0", "0", "0", "0", "0", "0", "0", "0", "1", "0", "0", "0", "0", "0", "0", "0", "0", "0", "0", "0", "0", "0", "0", "0" ], "duration": 1249.0, "sum": 1 }, "geometry": { "type": "Point", "coordinates": [ -122.395897410310766, 47.517890534309203 ] } },
{ "type": "Feature", "properties": { "lat": 47.51797104858661, "lon": -122.3948746009566, "time_of_day": "Late Night", "causation": [ "0", "0", "0", "0", "0", "0", "0", "0", "1", "0", "0", "0", "0", "0", "0", "0", "0", "0", "0", "0", "0", "0", "0", "0" ], "duration": 1587.0, "sum": 1 }, "geometry": { "type": "Point", "coordinates": [ -122.394874600956598, 47.51797104858661 ] } },
{ "type": "Feature", "properties": { "lat": 47.51797104858661, "lon": -122.3948746009566, "time_of_day": "Morning", "causation": [ "0", "0", "0", "0", "0", "0", "0", "0", "1", "0", "0", "0", "0", "0", "0", "0", "0", "0", "0", "0", "0", "0", "0", "0" ], "duration": 24.0, "sum": 1 }, "geometry": { "type": "Point", "coordinates": [ -122.394874600956598, 47.51797104858661 ] } },
{ "type": "Feature", "properties": { "lat": 47.517976278434062, "lon": -122.39326470249836, "time_of_day": "Late Night", "causation": [ "0", "0", "0", "0", "0", "0", "0", "0", "1", "0", "0", "0", "0", "0", "0", "0", "0", "0", "0", "0", "0", "0", "0", "0" ], "duration": 1587.0, "sum": 1 }, "geometry": { "type": "Point", "coordinates": [ -122.393264702498357, 47.517976278434062 ] } },
{ "type": "Feature", "properties": { "lat": 47.517976278434062, "lon": -122.39326470249836, "time_of_day": "Morning", "causation": [ "0", "0", "0", "0", "0", "0", "0", "0", "1", "0", "0", "0", "0", "0", "0", "0", "0", "0", "0", "0", "0", "0", "0", "0" ], "duration": 24.0, "sum": 1 }, "geometry": { "type": "Point", "coordinates": [ -122.393264702498357, 47.517976278434062 ] } },
{ "type": "Feature", "properties": { "lat": 47.517976420006477, "lon": -122.39197603977414, "time_of_day": "Late Night", "causation": [ "0", "0", "0", "0", "0", "0", "0", "0", "1", "0", "0", "0", "0", "0", "0", "0", "0", "0", "0", "0", "0", "0", "0", "0" ], "duration": 1587.0, "sum": 1 }, "geometry": { "type": "Point", "coordinates": [ -122.391976039774136, 47.517976420006477 ] } },
{ "type": "Feature", "properties": { "lat": 47.517976420006477, "lon": -122.39197603977414, "time_of_day": "Morning", "causation": [ "0", "0", "0", "0", "0", "0", "0", "0", "1", "0", "0", "0", "0", "0", "0", "0", "0", "0", "0", "0", "0", "0", "0", "0" ], "duration": 24.0, "sum": 1 }, "geometry": { "type": "Point", "coordinates": [ -122.391976039774136, 47.517976420006477 ] } },
{ "type": "Feature", "properties": { "lat": 47.517988119160691, "lon": -122.39261803144328, "time_of_day": "Late Night", "causation": [ "0", "0", "0", "0", "0", "0", "0", "0", "1", "0", "0", "0", "0", "0", "0", "0", "0", "0", "0", "0", "0", "0", "0", "0" ], "duration": 1587.0, "sum": 1 }, "geometry": { "type": "Point", "coordinates": [ -122.392618031443277, 47.517988119160691 ] } },
{ "type": "Feature", "properties": { "lat": 47.517988119160691, "lon": -122.39261803144328, "time_of_day": "Morning", "causation": [ "0", "0", "0", "0", "0", "0", "0", "0", "1", "0", "0", "0", "0", "0", "0", "0", "0", "0", "0", "0", "0", "0", "0", "0" ], "duration": 24.0, "sum": 1 }, "geometry": { "type": "Point", "coordinates": [ -122.392618031443277, 47.517988119160691 ] } },
{ "type": "Feature", "properties": { "lat": 47.518043803215122, "lon": -122.39371075686768, "time_of_day": "Late Night", "causation": [ "0", "0", "0", "0", "0", "0", "0", "0", "1", "0", "0", "0", "0", "0", "0", "0", "0", "0", "0", "0", "0", "0", "0", "0" ], "duration": 1587.0, "sum": 1 }, "geometry": { "type": "Point", "coordinates": [ -122.393710756867677, 47.518043803215122 ] } },
{ "type": "Feature", "properties": { "lat": 47.518043803215122, "lon": -122.39371075686768, "time_of_day": "Morning", "causation": [ "0", "0", "0", "0", "0", "0", "0", "0", "1", "0", "0", "0", "0", "0", "0", "0", "0", "0", "0", "0", "0", "0", "0", "0" ], "duration": 24.0, "sum": 1 }, "geometry": { "type": "Point", "coordinates": [ -122.393710756867677, 47.518043803215122 ] } },
{ "type": "Feature", "properties": { "lat": 47.518130928225993, "lon": -122.39189460541212, "time_of_day": "Late Night", "causation": [ "0", "0", "0", "0", "0", "0", "0", "0", "1", "0", "0", "0", "0", "0", "0", "0", "0", "0", "0", "0", "0", "0", "0", "0" ], "duration": 1587.0, "sum": 1 }, "geometry": { "type": "Point", "coordinates": [ -122.391894605412119, 47.518130928225993 ] } },
{ "type": "Feature", "properties": { "lat": 47.518130928225993, "lon": -122.39189460541212, "time_of_day": "Morning", "causation": [ "0", "0", "0", "0", "0", "0", "0", "0", "1", "0", "0", "0", "0", "0", "0", "0", "0", "0", "0", "0", "0", "0", "0", "0" ], "duration": 24.0, "sum": 1 }, "geometry": { "type": "Point", "coordinates": [ -122.391894605412119, 47.518130928225993 ] } },
{ "type": "Feature", "properties": { "lat": 47.518131159126767, "lon": -122.39322408404028, "time_of_day": "Late Night", "causation": [ "0", "0", "0", "0", "0", "0", "0", "0", "1", "0", "0", "0", "0", "0", "0", "0", "0", "0", "0", "0", "0", "0", "0", "0" ], "duration": 1587.0, "sum": 1 }, "geometry": { "type": "Point", "coordinates": [ -122.393224084040284, 47.518131159126767 ] } },
{ "type": "Feature", "properties": { "lat": 47.518131159126767, "lon": -122.39322408404028, "time_of_day": "Morning", "causation": [ "0", "0", "0", "0", "0", "0", "0", "0", "1", "0", "0", "0", "0", "0", "0", "0", "0", "0", "0", "0", "0", "0", "0", "0" ], "duration": 24.0, "sum": 1 }, "geometry": { "type": "Point", "coordinates": [ -122.393224084040284, 47.518131159126767 ] } },
{ "type": "Feature", "properties": { "lat": 47.518140770253559, "lon": -122.39261199280772, "time_of_day": "Late Night", "causation": [ "0", "0", "0", "0", "0", "0", "0", "0", "1", "0", "0", "0", "0", "0", "0", "0", "0", "0", "0", "0", "0", "0", "0", "0" ], "duration": 1587.0, "sum": 1 }, "geometry": { "type": "Point", "coordinates": [ -122.392611992807716, 47.518140770253559 ] } },
{ "type": "Feature", "properties": { "lat": 47.518140770253559, "lon": -122.39261199280772, "time_of_day": "Morning", "causation": [ "0", "0", "0", "0", "0", "0", "0", "0", "1", "0", "0", "0", "0", "0", "0", "0", "0", "0", "0", "0", "0", "0", "0", "0" ], "duration": 24.0, "sum": 1 }, "geometry": { "type": "Point", "coordinates": [ -122.392611992807716, 47.518140770253559 ] } },
{ "type": "Feature", "properties": { "lat": 47.518149193720362, "lon": -122.39742481577944, "time_of_day": "Morning", "causation": [ "0", "0", "0", "0", "0", "0", "0", "0", "1", "0", "0", "0", "0", "0", "0", "0", "0", "0", "0", "0", "0", "0", "0", "0" ], "duration": 1249.0, "sum": 1 }, "geometry": { "type": "Point", "coordinates": [ -122.397424815779445, 47.518149193720362 ] } },
{ "type": "Feature", "properties": { "lat": 47.518240087269596, "lon": -122.39372019459816, "time_of_day": "Late Night", "causation": [ "0", "0", "0", "0", "0", "0", "0", "0", "1", "0", "0", "0", "0", "0", "0", "0", "0", "0", "0", "0", "0", "0", "0", "0" ], "duration": 1587.0, "sum": 1 }, "geometry": { "type": "Point", "coordinates": [ -122.39372019459816, 47.518240087269596 ] } },
{ "type": "Feature", "properties": { "lat": 47.518240087269596, "lon": -122.39372019459816, "time_of_day": "Morning", "causation": [ "0", "0", "0", "0", "0", "0", "0", "0", "1", "0", "0", "0", "0", "0", "0", "0", "0", "0", "0", "0", "0", "0", "0", "0" ], "duration": 24.0, "sum": 1 }, "geometry": { "type": "Point", "coordinates": [ -122.39372019459816, 47.518240087269596 ] } },
{ "type": "Feature", "properties": { "lat": 47.518255363956591, "lon": -122.39188249944384, "time_of_day": "Late Night", "causation": [ "0", "0", "0", "0", "0", "0", "0", "0", "1", "0", "0", "0", "0", "0", "0", "0", "0", "0", "0", "0", "0", "0", "0", "0" ], "duration": 1587.0, "sum": 1 }, "geometry": { "type": "Point", "coordinates": [ -122.391882499443838, 47.518255363956591 ] } },
{ "type": "Feature", "properties": { "lat": 47.518255363956591, "lon": -122.39188249944384, "time_of_day": "Morning", "causation": [ "0", "0", "0", "0", "0", "0", "0", "0", "1", "0", "0", "0", "0", "0", "0", "0", "0", "0", "0", "0", "0", "0", "0", "0" ], "duration": 24.0, "sum": 1 }, "geometry": { "type": "Point", "coordinates": [ -122.391882499443838, 47.518255363956591 ] } },
{ "type": "Feature", "properties": { "lat": 47.518274444486373, "lon": -122.39697179985431, "time_of_day": "Morning", "causation": [ "0", "0", "0", "0", "0", "0", "0", "0", "1", "0", "0", "0", "0", "0", "0", "0", "0", "0", "0", "0", "0", "0", "0", "0" ], "duration": 1249.0, "sum": 1 }, "geometry": { "type": "Point", "coordinates": [ -122.396971799854313, 47.518274444486373 ] } },
{ "type": "Feature", "properties": { "lat": 47.51830872001446, "lon": -122.39577818444558, "time_of_day": "Morning", "causation": [ "0", "0", "0", "0", "0", "0", "0", "0", "1", "0", "0", "0", "0", "0", "0", "0", "0", "0", "0", "0", "0", "0", "0", "0" ], "duration": 1249.0, "sum": 1 }, "geometry": { "type": "Point", "coordinates": [ -122.395778184445575, 47.51830872001446 ] } },
{ "type": "Feature", "properties": { "lat": 47.518331046197012, "lon": -122.39320675084601, "time_of_day": "Late Night", "causation": [ "0", "0", "0", "0", "0", "0", "0", "0", "1", "0", "0", "0", "0", "0", "0", "0", "0", "0", "0", "0", "0", "0", "0", "0" ], "duration": 1587.0, "sum": 1 }, "geometry": { "type": "Point", "coordinates": [ -122.393206750846005, 47.518331046197012 ] } },
{ "type": "Feature", "properties": { "lat": 47.518331046197012, "lon": -122.39320675084601, "time_of_day": "Morning", "causation": [ "0", "0", "0", "0", "0", "0", "0", "0", "1", "0", "0", "0", "0", "0", "0", "0", "0", "0", "0", "0", "0", "0", "0", "0" ], "duration": 24.0, "sum": 1 }, "geometry": { "type": "Point", "coordinates": [ -122.393206750846005, 47.518331046197012 ] } },
{ "type": "Feature", "properties": { "lat": 47.51842415047922, "lon": -122.39260083828232, "time_of_day": "Late Night", "causation": [ "0", "0", "0", "0", "0", "0", "0", "0", "1", "0", "0", "0", "0", "0", "0", "0", "0", "0", "0", "0", "0", "0", "0", "0" ], "duration": 1587.0, "sum": 1 }, "geometry": { "type": "Point", "coordinates": [ -122.39260083828232, 47.51842415047922 ] } },
{ "type": "Feature", "properties": { "lat": 47.51842415047922, "lon": -122.39260083828232, "time_of_day": "Morning", "causation": [ "0", "0", "0", "0", "0", "0", "0", "0", "1", "0", "0", "0", "0", "0", "0", "0", "0", "0", "0", "0", "0", "0", "0", "0" ], "duration": 24.0, "sum": 1 }, "geometry": { "type": "Point", "coordinates": [ -122.39260083828232, 47.51842415047922 ] } },
{ "type": "Feature", "properties": { "lat": 47.518439805602412, "lon": -122.39365327340948, "time_of_day": "Late Night", "causation": [ "0", "0", "0", "0", "0", "0", "0", "0", "1", "0", "0", "0", "0", "0", "0", "0", "0", "0", "0", "0", "0", "0", "0", "0" ], "duration": 1587.0, "sum": 1 }, "geometry": { "type": "Point", "coordinates": [ -122.393653273409484, 47.518439805602412 ] } },
{ "type": "Feature", "properties": { "lat": 47.518439805602412, "lon": -122.39365327340948, "time_of_day": "Morning", "causation": [ "0", "0", "0", "0", "0", "0", "0", "0", "1", "0", "0", "0", "0", "0", "0", "0", "0", "0", "0", "0", "0", "0", "0", "0" ], "duration": 24.0, "sum": 1 }, "geometry": { "type": "Point", "coordinates": [ -122.393653273409484, 47.518439805602412 ] } },
{ "type": "Feature", "properties": { "lat": 47.518487321019222, "lon": -122.39191400472708, "time_of_day": "Late Night", "causation": [ "0", "0", "0", "0", "0", "0", "0", "0", "1", "0", "0", "0", "0", "0", "0", "0", "0", "0", "0", "0", "0", "0", "0", "0" ], "duration": 1587.0, "sum": 1 }, "geometry": { "type": "Point", "coordinates": [ -122.391914004727084, 47.518487321019222 ] } },
{ "type": "Feature", "properties": { "lat": 47.518487321019222, "lon": -122.39191400472708, "time_of_day": "Morning", "causation": [ "0", "0", "0", "0", "0", "0", "0", "0", "1", "0", "0", "0", "0", "0", "0", "0", "0", "0", "0", "0", "0", "0", "0", "0" ], "duration": 24.0, "sum": 1 }, "geometry": { "type": "Point", "coordinates": [ -122.391914004727084, 47.518487321019222 ] } },
{ "type": "Feature", "properties": { "lat": 47.518512420191051, "lon": -122.39319253886696, "time_of_day": "Late Night", "causation": [ "0", "0", "0", "0", "0", "0", "0", "0", "1", "0", "0", "0", "0", "0", "0", "0", "0", "0", "0", "0", "0", "0", "0", "0" ], "duration": 1587.0, "sum": 1 }, "geometry": { "type": "Point", "coordinates": [ -122.393192538866955, 47.518512420191051 ] } },
{ "type": "Feature", "properties": { "lat": 47.518512420191051, "lon": -122.39319253886696, "time_of_day": "Morning", "causation": [ "0", "0", "0", "0", "0", "0", "0", "0", "1", "0", "0", "0", "0", "0", "0", "0", "0", "0", "0", "0", "0", "0", "0", "0" ], "duration": 24.0, "sum": 1 }, "geometry": { "type": "Point", "coordinates": [ -122.393192538866955, 47.518512420191051 ] } },
{ "type": "Feature", "properties": { "lat": 47.518557830836855, "lon": -122.39257245518196, "time_of_day": "Late Night", "causation": [ "0", "0", "0", "0", "0", "0", "0", "0", "1", "0", "0", "0", "0", "0", "0", "0", "0", "0", "0", "0", "0", "0", "0", "0" ], "duration": 1587.0, "sum": 1 }, "geometry": { "type": "Point", "coordinates": [ -122.392572455181963, 47.518557830836855 ] } },
{ "type": "Feature", "properties": { "lat": 47.518557830836855, "lon": -122.39257245518196, "time_of_day": "Morning", "causation": [ "0", "0", "0", "0", "0", "0", "0", "0", "1", "0", "0", "0", "0", "0", "0", "0", "0", "0", "0", "0", "0", "0", "0", "0" ], "duration": 24.0, "sum": 1 }, "geometry": { "type": "Point", "coordinates": [ -122.392572455181963, 47.518557830836855 ] } },
{ "type": "Feature", "properties": { "lat": 47.518615879581738, "lon": -122.39672203042224, "time_of_day": "Morning", "causation": [ "0", "0", "0", "0", "0", "0", "0", "0", "1", "0", "0", "0", "0", "0", "0", "0", "0", "0", "0", "0", "0", "0", "0", "0" ], "duration": 1249.0, "sum": 1 }, "geometry": { "type": "Point", "coordinates": [ -122.396722030422239, 47.518615879581738 ] } },
{ "type": "Feature", "properties": { "lat": 47.518646127201571, "lon": -122.39369652687492, "time_of_day": "Late Night", "causation": [ "0", "0", "0", "0", "0", "0", "0", "0", "1", "0", "0", "0", "0", "0", "0", "0", "0", "0", "0", "0", "0", "0", "0", "0" ], "duration": 1587.0, "sum": 1 }, "geometry": { "type": "Point", "coordinates": [ -122.393696526874919, 47.518646127201571 ] } },
{ "type": "Feature", "properties": { "lat": 47.518646127201571, "lon": -122.39369652687492, "time_of_day": "Morning", "causation": [ "0", "0", "0", "0", "0", "0", "0", "0", "1", "0", "0", "0", "0", "0", "0", "0", "0", "0", "0", "0", "0", "0", "0", "0" ], "duration": 24.0, "sum": 1 }, "geometry": { "type": "Point", "coordinates": [ -122.393696526874919, 47.518646127201571 ] } },
{ "type": "Feature", "properties": { "lat": 47.518671078073083, "lon": -122.39196106962474, "time_of_day": "Late Night", "causation": [ "0", "0", "0", "0", "0", "0", "0", "0", "1", "0", "0", "0", "0", "0", "0", "0", "0", "0", "0", "0", "0", "0", "0", "0" ], "duration": 1587.0, "sum": 1 }, "geometry": { "type": "Point", "coordinates": [ -122.391961069624742, 47.518671078073083 ] } },
{ "type": "Feature", "properties": { "lat": 47.518671078073083, "lon": -122.39196106962474, "time_of_day": "Morning", "causation": [ "0", "0", "0", "0", "0", "0", "0", "0", "1", "0", "0", "0", "0", "0", "0", "0", "0", "0", "0", "0", "0", "0", "0", "0" ], "duration": 24.0, "sum": 1 }, "geometry": { "type": "Point", "coordinates": [ -122.391961069624742, 47.518671078073083 ] } },
{ "type": "Feature", "properties": { "lat": 47.518676533767049, "lon": -122.39252455898765, "time_of_day": "Late Night", "causation": [ "0", "0", "0", "0", "0", "0", "0", "0", "1", "0", "0", "0", "0", "0", "0", "0", "0", "0", "0", "0", "0", "0", "0", "0" ], "duration": 1587.0, "sum": 1 }, "geometry": { "type": "Point", "coordinates": [ -122.392524558987645, 47.518676533767049 ] } },
{ "type": "Feature", "properties": { "lat": 47.518676533767049, "lon": -122.39252455898765, "time_of_day": "Morning", "causation": [ "0", "0", "0", "0", "0", "0", "0", "0", "1", "0", "0", "0", "0", "0", "0", "0", "0", "0", "0", "0", "0", "0", "0", "0" ], "duration": 24.0, "sum": 1 }, "geometry": { "type": "Point", "coordinates": [ -122.392524558987645, 47.518676533767049 ] } },
{ "type": "Feature", "properties": { "lat": 47.518752882542863, "lon": -122.39529203219034, "time_of_day": "Morning", "causation": [ "0", "0", "0", "0", "0", "0", "0", "0", "1", "0", "0", "0", "0", "0", "0", "0", "0", "0", "0", "0", "0", "0", "0", "0" ], "duration": 1249.0, "sum": 1 }, "geometry": { "type": "Point", "coordinates": [ -122.395292032190341, 47.518752882542863 ] } },
{ "type": "Feature", "properties": { "lat": 47.518799484780089, "lon": -122.39193536050227, "time_of_day": "Late Night", "causation": [ "0", "0", "0", "0", "0", "0", "0", "0", "2", "0", "0", "0", "0", "0", "0", "0", "0", "0", "0", "0", "0", "0", "0", "0" ], "duration": 3174.0, "sum": 2 }, "geometry": { "type": "Point", "coordinates": [ -122.391935360502274, 47.518799484780089 ] } },
{ "type": "Feature", "properties": { "lat": 47.518799484780089, "lon": -122.39193536050227, "time_of_day": "Morning", "causation": [ "0", "0", "0", "0", "0", "0", "0", "0", "2", "0", "0", "0", "0", "0", "0", "0", "0", "0", "0", "0", "0", "0", "0", "0" ], "duration": 48.0, "sum": 2 }, "geometry": { "type": "Point", "coordinates": [ -122.391935360502274, 47.518799484780089 ] } },
{ "type": "Feature", "properties": { "lat": 47.518810400326402, "lon": -122.39253860172136, "time_of_day": "Late Night", "causation": [ "0", "0", "0", "0", "0", "0", "0", "0", "1", "0", "0", "0", "0", "0", "0", "0", "0", "0", "0", "0", "0", "0", "0", "0" ], "duration": 1587.0, "sum": 1 }, "geometry": { "type": "Point", "coordinates": [ -122.392538601721355, 47.518810400326402 ] } },
{ "type": "Feature", "properties": { "lat": 47.518810400326402, "lon": -122.39253860172136, "time_of_day": "Morning", "causation": [ "0", "0", "0", "0", "0", "0", "0", "0", "1", "0", "0", "0", "0", "0", "0", "0", "0", "0", "0", "0", "0", "0", "0", "0" ], "duration": 24.0, "sum": 1 }, "geometry": { "type": "Point", "coordinates": [ -122.392538601721355, 47.518810400326402 ] } },
{ "type": "Feature", "properties": { "lat": 47.518811812705323, "lon": -122.39319466562564, "time_of_day": "Late Night", "causation": [ "0", "0", "0", "0", "0", "0", "0", "0", "1", "0", "0", "0", "0", "0", "0", "0", "0", "0", "0", "0", "0", "0", "0", "0" ], "duration": 1587.0, "sum": 1 }, "geometry": { "type": "Point", "coordinates": [ -122.393194665625643, 47.518811812705323 ] } },
{ "type": "Feature", "properties": { "lat": 47.518811812705323, "lon": -122.39319466562564, "time_of_day": "Morning", "causation": [ "0", "0", "0", "0", "0", "0", "0", "0", "1", "0", "0", "0", "0", "0", "0", "0", "0", "0", "0", "0", "0", "0", "0", "0" ], "duration": 24.0, "sum": 1 }, "geometry": { "type": "Point", "coordinates": [ -122.393194665625643, 47.518811812705323 ] } },
{ "type": "Feature", "properties": { "lat": 47.518898514449212, "lon": -122.3926096448325, "time_of_day": "Late Night", "causation": [ "0", "0", "0", "0", "0", "0", "0", "0", "1", "0", "0", "0", "0", "0", "0", "0", "0", "0", "0", "0", "0", "0", "0", "0" ], "duration": 1587.0, "sum": 1 }, "geometry": { "type": "Point", "coordinates": [ -122.392609644832504, 47.518898514449212 ] } },
{ "type": "Feature", "properties": { "lat": 47.518898514449212, "lon": -122.3926096448325, "time_of_day": "Morning", "causation": [ "0", "0", "0", "0", "0", "0", "0", "0", "1", "0", "0", "0", "0", "0", "0", "0", "0", "0", "0", "0", "0", "0", "0", "0" ], "duration": 24.0, "sum": 1 }, "geometry": { "type": "Point", "coordinates": [ -122.392609644832504, 47.518898514449212 ] } },
{ "type": "Feature", "properties": { "lat": 47.518910220797231, "lon": -122.39170466982956, "time_of_day": "Late Night", "causation": [ "0", "0", "0", "0", "0", "0", "0", "0", "1", "0", "0", "0", "0", "0", "0", "0", "0", "0", "0", "0", "0", "0", "0", "0" ], "duration": 1587.0, "sum": 1 }, "geometry": { "type": "Point", "coordinates": [ -122.391704669829565, 47.518910220797231 ] } },
{ "type": "Feature", "properties": { "lat": 47.518910220797231, "lon": -122.39170466982956, "time_of_day": "Morning", "causation": [ "0", "0", "0", "0", "0", "0", "0", "0", "1", "0", "0", "0", "0", "0", "0", "0", "0", "0", "0", "0", "0", "0", "0", "0" ], "duration": 24.0, "sum": 1 }, "geometry": { "type": "Point", "coordinates": [ -122.391704669829565, 47.518910220797231 ] } },
{ "type": "Feature", "properties": { "lat": 47.518914847292159, "lon": -122.3936826320536, "time_of_day": "Late Night", "causation": [ "0", "0", "0", "0", "0", "0", "0", "0", "1", "0", "0", "0", "0", "0", "0", "0", "0", "0", "0", "0", "0", "0", "0", "0" ], "duration": 1587.0, "sum": 1 }, "geometry": { "type": "Point", "coordinates": [ -122.393682632053597, 47.518914847292159 ] } },
{ "type": "Feature", "properties": { "lat": 47.518914847292159, "lon": -122.3936826320536, "time_of_day": "Morning", "causation": [ "0", "0", "0", "0", "0", "0", "0", "0", "1", "0", "0", "0", "0", "0", "0", "0", "0", "0", "0", "0", "0", "0", "0", "0" ], "duration": 24.0, "sum": 1 }, "geometry": { "type": "Point", "coordinates": [ -122.393682632053597, 47.518914847292159 ] } },
{ "type": "Feature", "properties": { "lat": 47.518967935111007, "lon": -122.39246243939724, "time_of_day": "Late Night", "causation": [ "0", "0", "0", "0", "0", "0", "0", "0", "1", "0", "0", "0", "0", "0", "0", "0", "0", "0", "0", "0", "0", "0", "0", "0" ], "duration": 1587.0, "sum": 1 }, "geometry": { "type": "Point", "coordinates": [ -122.392462439397235, 47.518967935111007 ] } },
{ "type": "Feature", "properties": { "lat": 47.518967935111007, "lon": -122.39246243939724, "time_of_day": "Morning", "causation": [ "0", "0", "0", "0", "0", "0", "0", "0", "1", "0", "0", "0", "0", "0", "0", "0", "0", "0", "0", "0", "0", "0", "0", "0" ], "duration": 24.0, "sum": 1 }, "geometry": { "type": "Point", "coordinates": [ -122.392462439397235, 47.518967935111007 ] } },
{ "type": "Feature", "properties": { "lat": 47.518989982706543, "lon": -122.39634674411212, "time_of_day": "Morning", "causation": [ "0", "0", "0", "0", "0", "0", "0", "0", "1", "0", "0", "0", "0", "0", "0", "0", "0", "0", "0", "0", "0", "0", "0", "0" ], "duration": 1249.0, "sum": 1 }, "geometry": { "type": "Point", "coordinates": [ -122.396346744112122, 47.518989982706543 ] } },
{ "type": "Feature", "properties": { "lat": 47.518997962503853, "lon": -122.3932631387645, "time_of_day": "Late Night", "causation": [ "0", "0", "0", "0", "0", "0", "0", "0", "1", "0", "0", "0", "0", "0", "0", "0", "0", "0", "0", "0", "0", "0", "0", "0" ], "duration": 1587.0, "sum": 1 }, "geometry": { "type": "Point", "coordinates": [ -122.393263138764496, 47.518997962503853 ] } },
{ "type": "Feature", "properties": { "lat": 47.518997962503853, "lon": -122.3932631387645, "time_of_day": "Morning", "causation": [ "0", "0", "0", "0", "0", "0", "0", "0", "1", "0", "0", "0", "0", "0", "0", "0", "0", "0", "0", "0", "0", "0", "0", "0" ], "duration": 24.0, "sum": 1 }, "geometry": { "type": "Point", "coordinates": [ -122.393263138764496, 47.518997962503853 ] } },
{ "type": "Feature", "properties": { "lat": 47.519077703699899, "lon": -122.39261395271062, "time_of_day": "Late Night", "causation": [ "0", "0", "0", "0", "0", "0", "0", "0", "1", "0", "0", "0", "0", "0", "0", "0", "0", "0", "0", "0", "0", "0", "0", "0" ], "duration": 1587.0, "sum": 1 }, "geometry": { "type": "Point", "coordinates": [ -122.392613952710619, 47.519077703699899 ] } },
{ "type": "Feature", "properties": { "lat": 47.519077703699899, "lon": -122.39261395271062, "time_of_day": "Morning", "causation": [ "0", "0", "0", "0", "0", "0", "0", "0", "1", "0", "0", "0", "0", "0", "0", "0", "0", "0", "0", "0", "0", "0", "0", "0" ], "duration": 24.0, "sum": 1 }, "geometry": { "type": "Point", "coordinates": [ -122.392613952710619, 47.519077703699899 ] } },
{ "type": "Feature", "properties": { "lat": 47.519080045981909, "lon": -122.39183790000207, "time_of_day": "Late Night", "causation": [ "0", "0", "0", "0", "0", "0", "0", "0", "1", "0", "0", "0", "0", "0", "0", "0", "0", "0", "0", "0", "0", "0", "0", "0" ], "duration": 1587.0, "sum": 1 }, "geometry": { "type": "Point", "coordinates": [ -122.391837900002074, 47.519080045981909 ] } },
{ "type": "Feature", "properties": { "lat": 47.519080045981909, "lon": -122.39183790000207, "time_of_day": "Morning", "causation": [ "0", "0", "0", "0", "0", "0", "0", "0", "1", "0", "0", "0", "0", "0", "0", "0", "0", "0", "0", "0", "0", "0", "0", "0" ], "duration": 24.0, "sum": 1 }, "geometry": { "type": "Point", "coordinates": [ -122.391837900002074, 47.519080045981909 ] } },
{ "type": "Feature", "properties": { "lat": 47.519168132065239, "lon": -122.39380630488152, "time_of_day": "Late Night", "causation": [ "0", "0", "0", "0", "0", "0", "0", "0", "1", "0", "0", "0", "0", "0", "0", "0", "0", "0", "0", "0", "0", "0", "0", "0" ], "duration": 1587.0, "sum": 1 }, "geometry": { "type": "Point", "coordinates": [ -122.393806304881522, 47.519168132065239 ] } },
{ "type": "Feature", "properties": { "lat": 47.519168132065239, "lon": -122.39380630488152, "time_of_day": "Morning", "causation": [ "0", "0", "0", "0", "0", "0", "0", "0", "1", "0", "0", "0", "0", "0", "0", "0", "0", "0", "0", "0", "0", "0", "0", "0" ], "duration": 24.0, "sum": 1 }, "geometry": { "type": "Point", "coordinates": [ -122.393806304881522, 47.519168132065239 ] } },
{ "type": "Feature", "properties": { "lat": 47.519226047511374, "lon": -122.39251217607072, "time_of_day": "Late Night", "causation": [ "0", "0", "0", "0", "0", "0", "0", "0", "1", "0", "0", "0", "0", "0", "0", "0", "0", "0", "0", "0", "0", "0", "0", "0" ], "duration": 1587.0, "sum": 1 }, "geometry": { "type": "Point", "coordinates": [ -122.392512176070724, 47.519226047511374 ] } },
{ "type": "Feature", "properties": { "lat": 47.519226047511374, "lon": -122.39251217607072, "time_of_day": "Morning", "causation": [ "0", "0", "0", "0", "0", "0", "0", "0", "1", "0", "0", "0", "0", "0", "0", "0", "0", "0", "0", "0", "0", "0", "0", "0" ], "duration": 24.0, "sum": 1 }, "geometry": { "type": "Point", "coordinates": [ -122.392512176070724, 47.519226047511374 ] } },
{ "type": "Feature", "properties": { "lat": 47.519272361703678, "lon": -122.39511079448243, "time_of_day": "Morning", "causation": [ "0", "0", "0", "0", "0", "0", "0", "0", "1", "0", "0", "0", "0", "0", "0", "0", "0", "0", "0", "0", "0", "0", "0", "0" ], "duration": 1249.0, "sum": 1 }, "geometry": { "type": "Point", "coordinates": [ -122.395110794482434, 47.519272361703678 ] } },
{ "type": "Feature", "properties": { "lat": 47.519300679196256, "lon": -122.39330753547124, "time_of_day": "Late Night", "causation": [ "0", "0", "0", "0", "0", "0", "0", "0", "1", "0", "0", "0", "0", "0", "0", "0", "0", "0", "0", "0", "0", "0", "0", "0" ], "duration": 1587.0, "sum": 1 }, "geometry": { "type": "Point", "coordinates": [ -122.393307535471237, 47.519300679196256 ] } },
{ "type": "Feature", "properties": { "lat": 47.519300679196256, "lon": -122.39330753547124, "time_of_day": "Morning", "causation": [ "0", "0", "0", "0", "0", "0", "0", "0", "1", "0", "0", "0", "0", "0", "0", "0", "0", "0", "0", "0", "0", "0", "0", "0" ], "duration": 24.0, "sum": 1 }, "geometry": { "type": "Point", "coordinates": [ -122.393307535471237, 47.519300679196256 ] } },
{ "type": "Feature", "properties": { "lat": 47.519301829234422, "lon": -122.38949947698347, "time_of_day": "Morning", "causation": [ "0", "0", "0", "0", "0", "0", "0", "0", "0", "0", "0", "0", "0", "0", "0", "0", "0", "0", "0", "0", "1", "0", "0", "0" ], "duration": 289.0, "sum": 1 }, "geometry": { "type": "Point", "coordinates": [ -122.389499476983474, 47.519301829234422 ] } },
{ "type": "Feature", "properties": { "lat": 47.519343722524859, "lon": -122.39376517369004, "time_of_day": "Late Night", "causation": [ "0", "0", "0", "0", "0", "0", "0", "0", "1", "0", "0", "0", "0", "0", "0", "0", "0", "0", "0", "0", "0", "0", "0", "0" ], "duration": 1587.0, "sum": 1 }, "geometry": { "type": "Point", "coordinates": [ -122.393765173690042, 47.519343722524859 ] } },
{ "type": "Feature", "properties": { "lat": 47.519343722524859, "lon": -122.39376517369004, "time_of_day": "Morning", "causation": [ "0", "0", "0", "0", "0", "0", "0", "0", "1", "0", "0", "0", "0", "0", "0", "0", "0", "0", "0", "0", "0", "0", "0", "0" ], "duration": 24.0, "sum": 1 }, "geometry": { "type": "Point", "coordinates": [ -122.393765173690042, 47.519343722524859 ] } },
{ "type": "Feature", "properties": { "lat": 47.519403827655907, "lon": -122.3916540145605, "time_of_day": "Late Night", "causation": [ "0", "0", "0", "0", "0", "0", "0", "0", "1", "0", "0", "0", "0", "0", "0", "0", "0", "0", "0", "0", "0", "0", "0", "0" ], "duration": 1587.0, "sum": 1 }, "geometry": { "type": "Point", "coordinates": [ -122.391654014560501, 47.519403827655907 ] } },
{ "type": "Feature", "properties": { "lat": 47.519403827655907, "lon": -122.3916540145605, "time_of_day": "Morning", "causation": [ "0", "0", "0", "0", "0", "0", "0", "0", "1", "0", "0", "0", "0", "0", "0", "0", "0", "0", "0", "0", "0", "0", "0", "0" ], "duration": 24.0, "sum": 1 }, "geometry": { "type": "Point", "coordinates": [ -122.391654014560501, 47.519403827655907 ] } },
{ "type": "Feature", "properties": { "lat": 47.519416270703438, "lon": -122.39220197474096, "time_of_day": "Late Night", "causation": [ "0", "0", "0", "0", "0", "0", "0", "0", "1", "0", "0", "0", "0", "0", "0", "0", "0", "0", "0", "0", "0", "0", "0", "0" ], "duration": 1587.0, "sum": 1 }, "geometry": { "type": "Point", "coordinates": [ -122.392201974740956, 47.519416270703438 ] } },
{ "type": "Feature", "properties": { "lat": 47.519416270703438, "lon": -122.39220197474096, "time_of_day": "Morning", "causation": [ "0", "0", "0", "0", "0", "0", "0", "0", "1", "0", "0", "0", "0", "0", "0", "0", "0", "0", "0", "0", "0", "0", "0", "0" ], "duration": 24.0, "sum": 1 }, "geometry": { "type": "Point", "coordinates": [ -122.392201974740956, 47.519416270703438 ] } },
{ "type": "Feature", "properties": { "lat": 47.519446005015197, "lon": -122.39493499903178, "time_of_day": "Late Night", "causation": [ "0", "0", "0", "0", "0", "0", "0", "0", "1", "0", "0", "0", "0", "0", "0", "0", "0", "0", "0", "0", "0", "0", "0", "0" ], "duration": 1587.0, "sum": 1 }, "geometry": { "type": "Point", "coordinates": [ -122.394934999031776, 47.519446005015197 ] } },
{ "type": "Feature", "properties": { "lat": 47.519446005015197, "lon": -122.39493499903178, "time_of_day": "Morning", "causation": [ "0", "0", "0", "0", "0", "0", "0", "0", "1", "0", "0", "0", "0", "0", "0", "0", "0", "0", "0", "0", "0", "0", "0", "0" ], "duration": 24.0, "sum": 1 }, "geometry": { "type": "Point", "coordinates": [ -122.394934999031776, 47.519446005015197 ] } },
{ "type": "Feature", "properties": { "lat": 47.519490825195433, "lon": -122.391594602864, "time_of_day": "Late Night", "causation": [ "0", "0", "0", "0", "0", "0", "0", "0", "1", "0", "0", "0", "0", "0", "0", "0", "0", "0", "0", "0", "0", "0", "0", "0" ], "duration": 1587.0, "sum": 1 }, "geometry": { "type": "Point", "coordinates": [ -122.391594602864004, 47.519490825195433 ] } },
{ "type": "Feature", "properties": { "lat": 47.519490825195433, "lon": -122.391594602864, "time_of_day": "Morning", "causation": [ "0", "0", "0", "0", "0", "0", "0", "0", "1", "0", "0", "0", "0", "0", "0", "0", "0", "0", "0", "0", "0", "0", "0", "0" ], "duration": 24.0, "sum": 1 }, "geometry": { "type": "Point", "coordinates": [ -122.391594602864004, 47.519490825195433 ] } },
{ "type": "Feature", "properties": { "lat": 47.519494856220057, "lon": -122.3960684849022, "time_of_day": "Morning", "causation": [ "0", "0", "0", "0", "0", "0", "0", "0", "1", "0", "0", "0", "0", "0", "0", "0", "0", "0", "0", "0", "0", "0", "0", "0" ], "duration": 1249.0, "sum": 1 }, "geometry": { "type": "Point", "coordinates": [ -122.396068484902202, 47.519494856220057 ] } },
{ "type": "Feature", "properties": { "lat": 47.519695577070941, "lon": -122.39527136287296, "time_of_day": "Morning", "causation": [ "0", "0", "0", "0", "0", "0", "0", "0", "1", "0", "0", "0", "0", "0", "0", "0", "0", "0", "0", "0", "0", "0", "0", "0" ], "duration": 1249.0, "sum": 1 }, "geometry": { "type": "Point", "coordinates": [ -122.395271362872961, 47.519695577070941 ] } },
{ "type": "Feature", "properties": { "lat": 47.523048946763559, "lon": -122.36074936984328, "time_of_day": "Afternoon", "causation": [ "0", "0", "0", "1", "0", "0", "0", "0", "0", "0", "0", "0", "0", "0", "0", "0", "0", "0", "0", "0", "0", "0", "0", "0" ], "duration": 47.0, "sum": 1 }, "geometry": { "type": "Point", "coordinates": [ -122.360749369843276, 47.523048946763559 ] } },
{ "type": "Feature", "properties": { "lat": 47.526637273538043, "lon": -122.32083714753726, "time_of_day": "Morning", "causation": [ "0", "0", "0", "0", "0", "0", "0", "0", "1", "0", "0", "0", "0", "0", "0", "0", "0", "0", "0", "0", "0", "0", "0", "0" ], "duration": 125.0, "sum": 1 }, "geometry": { "type": "Point", "coordinates": [ -122.320837147537262, 47.526637273538043 ] } },
{ "type": "Feature", "properties": { "lat": 47.528635583875428, "lon": -122.35481352245712, "time_of_day": "Late Night", "causation": [ "0", "0", "0", "0", "0", "0", "0", "0", "1", "0", "0", "0", "0", "0", "0", "0", "0", "0", "0", "0", "0", "0", "0", "0" ], "duration": 122.0, "sum": 1 }, "geometry": { "type": "Point", "coordinates": [ -122.354813522457121, 47.528635583875428 ] } },
{ "type": "Feature", "properties": { "lat": 47.528642628183697, "lon": -122.35424851836029, "time_of_day": "Late Night", "causation": [ "0", "0", "0", "0", "0", "0", "0", "0", "1", "0", "0", "0", "0", "0", "0", "0", "0", "0", "0", "0", "0", "0", "0", "0" ], "duration": 122.0, "sum": 1 }, "geometry": { "type": "Point", "coordinates": [ -122.354248518360293, 47.528642628183697 ] } },
{ "type": "Feature", "properties": { "lat": 47.528749134413196, "lon": -122.35420709309946, "time_of_day": "Late Night", "causation": [ "0", "0", "0", "0", "0", "0", "0", "0", "1", "0", "0", "0", "0", "0", "0", "0", "0", "0", "0", "0", "0", "0", "0", "0" ], "duration": 122.0, "sum": 1 }, "geometry": { "type": "Point", "coordinates": [ -122.354207093099461, 47.528749134413196 ] } },
{ "type": "Feature", "properties": { "lat": 47.528753102407535, "lon": -122.35477084092352, "time_of_day": "Late Night", "causation": [ "0", "0", "0", "0", "0", "0", "0", "0", "1", "0", "0", "0", "0", "0", "0", "0", "0", "0", "0", "0", "0", "0", "0", "0" ], "duration": 122.0, "sum": 1 }, "geometry": { "type": "Point", "coordinates": [ -122.354770840923521, 47.528753102407535 ] } },
{ "type": "Feature", "properties": { "lat": 47.528855434925561, "lon": -122.35421999262525, "time_of_day": "Late Night", "causation": [ "0", "0", "0", "0", "0", "0", "0", "0", "1", "0", "0", "0", "0", "0", "0", "0", "0", "0", "0", "0", "0", "0", "0", "0" ], "duration": 122.0, "sum": 1 }, "geometry": { "type": "Point", "coordinates": [ -122.354219992625247, 47.528855434925561 ] } },
{ "type": "Feature", "properties": { "lat": 47.528967147467021, "lon": -122.35426078247474, "time_of_day": "Late Night", "causation": [ "0", "0", "0", "0", "0", "0", "0", "0", "1", "0", "0", "0", "0", "0", "0", "0", "0", "0", "0", "0", "0", "0", "0", "0" ], "duration": 122.0, "sum": 1 }, "geometry": { "type": "Point", "coordinates": [ -122.354260782474739, 47.528967147467021 ] } },
{ "type": "Feature", "properties": { "lat": 47.528967483400898, "lon": -122.35474762628466, "time_of_day": "Late Night", "causation": [ "0", "0", "0", "0", "0", "0", "0", "0", "1", "0", "0", "0", "0", "0", "0", "0", "0", "0", "0", "0", "0", "0", "0", "0" ], "duration": 122.0, "sum": 1 }, "geometry": { "type": "Point", "coordinates": [ -122.354747626284663, 47.528967483400898 ] } },
{ "type": "Feature", "properties": { "lat": 47.529112694910765, "lon": -122.35424025313512, "time_of_day": "Late Night", "causation": [ "0", "0", "0", "0", "0", "0", "0", "0", "1", "0", "0", "0", "0", "0", "0", "0", "0", "0", "0", "0", "0", "0", "0", "0" ], "duration": 122.0, "sum": 1 }, "geometry": { "type": "Point", "coordinates": [ -122.354240253135117, 47.529112694910765 ] } },
{ "type": "Feature", "properties": { "lat": 47.529138229724282, "lon": -122.35475006440312, "time_of_day": "Late Night", "causation": [ "0", "0", "0", "0", "0", "0", "0", "0", "1", "0", "0", "0", "0", "0", "0", "0", "0", "0", "0", "0", "0", "0", "0", "0" ], "duration": 122.0, "sum": 1 }, "geometry": { "type": "Point", "coordinates": [ -122.35475006440312, 47.529138229724282 ] } },
{ "type": "Feature", "properties": { "lat": 47.529288166836011, "lon": -122.35475557111999, "time_of_day": "Late Night", "causation": [ "0", "0", "0", "0", "0", "0", "0", "0", "1", "0", "0", "0", "0", "0", "0", "0", "0", "0", "0", "0", "0", "0", "0", "0" ], "duration": 122.0, "sum": 1 }, "geometry": { "type": "Point", "coordinates": [ -122.354755571119995, 47.529288166836011 ] } },
{ "type": "Feature", "properties": { "lat": 47.529304037977852, "lon": -122.35422968353851, "time_of_day": "Late Night", "causation": [ "0", "0", "0", "0", "0", "0", "0", "0", "1", "0", "0", "0", "0", "0", "0", "0", "0", "0", "0", "0", "0", "0", "0", "0" ], "duration": 122.0, "sum": 1 }, "geometry": { "type": "Point", "coordinates": [ -122.354229683538506, 47.529304037977852 ] } },
{ "type": "Feature", "properties": { "lat": 47.529397993081922, "lon": -122.35475501218896, "time_of_day": "Late Night", "causation": [ "0", "0", "0", "0", "0", "0", "0", "0", "1", "0", "0", "0", "0", "0", "0", "0", "0", "0", "0", "0", "0", "0", "0", "0" ], "duration": 122.0, "sum": 1 }, "geometry": { "type": "Point", "coordinates": [ -122.35475501218896, 47.529397993081922 ] } },
{ "type": "Feature", "properties": { "lat": 47.529449522466685, "lon": -122.35426502217103, "time_of_day": "Late Night", "causation": [ "0", "0", "0", "0", "0", "0", "0", "0", "1", "0", "0", "0", "0", "0", "0", "0", "0", "0", "0", "0", "0", "0", "0", "0" ], "duration": 122.0, "sum": 1 }, "geometry": { "type": "Point", "coordinates": [ -122.354265022171035, 47.529449522466685 ] } },
{ "type": "Feature", "properties": { "lat": 47.529510522131332, "lon": -122.3547880137356, "time_of_day": "Late Night", "causation": [ "0", "0", "0", "0", "0", "0", "0", "0", "1", "0", "0", "0", "0", "0", "0", "0", "0", "0", "0", "0", "0", "0", "0", "0" ], "duration": 122.0, "sum": 1 }, "geometry": { "type": "Point", "coordinates": [ -122.3547880137356, 47.529510522131332 ] } },
{ "type": "Feature", "properties": { "lat": 47.529510522131332, "lon": -122.3547880137356, "time_of_day": "Morning", "causation": [ "0", "0", "0", "0", "0", "0", "0", "0", "1", "0", "0", "0", "0", "0", "0", "0", "0", "0", "0", "0", "0", "0", "0", "0" ], "duration": 292.0, "sum": 1 }, "geometry": { "type": "Point", "coordinates": [ -122.3547880137356, 47.529510522131332 ] } },
{ "type": "Feature", "properties": { "lat": 47.52956414673568, "lon": -122.35428699077779, "time_of_day": "Late Night", "causation": [ "0", "0", "0", "0", "0", "0", "0", "0", "1", "0", "0", "0", "0", "0", "0", "0", "0", "0", "0", "0", "0", "0", "0", "0" ], "duration": 122.0, "sum": 1 }, "geometry": { "type": "Point", "coordinates": [ -122.354286990777794, 47.52956414673568 ] } },
{ "type": "Feature", "properties": { "lat": 47.52956414673568, "lon": -122.35428699077779, "time_of_day": "Morning", "causation": [ "0", "0", "0", "0", "0", "0", "0", "0", "1", "0", "0", "0", "0", "0", "0", "0", "0", "0", "0", "0", "0", "0", "0", "0" ], "duration": 292.0, "sum": 1 }, "geometry": { "type": "Point", "coordinates": [ -122.354286990777794, 47.52956414673568 ] } },
{ "type": "Feature", "properties": { "lat": 47.529621542418894, "lon": -122.35477198371912, "time_of_day": "Late Night", "causation": [ "0", "0", "0", "0", "0", "0", "0", "0", "1", "0", "0", "0", "0", "0", "0", "0", "0", "0", "0", "0", "0", "0", "0", "0" ], "duration": 122.0, "sum": 1 }, "geometry": { "type": "Point", "coordinates": [ -122.354771983719118, 47.529621542418894 ] } },
{ "type": "Feature", "properties": { "lat": 47.529621542418894, "lon": -122.35477198371912, "time_of_day": "Morning", "causation": [ "0", "0", "0", "0", "0", "0", "0", "0", "1", "0", "0", "0", "0", "0", "0", "0", "0", "0", "0", "0", "0", "0", "0", "0" ], "duration": 292.0, "sum": 1 }, "geometry": { "type": "Point", "coordinates": [ -122.354771983719118, 47.529621542418894 ] } },
{ "type": "Feature", "properties": { "lat": 47.52972282299384, "lon": -122.35433036655976, "time_of_day": "Late Night", "causation": [ "0", "0", "0", "0", "0", "0", "0", "0", "1", "0", "0", "0", "0", "0", "0", "0", "0", "0", "0", "0", "0", "0", "0", "0" ], "duration": 122.0, "sum": 1 }, "geometry": { "type": "Point", "coordinates": [ -122.354330366559765, 47.52972282299384 ] } },
{ "type": "Feature", "properties": { "lat": 47.52972282299384, "lon": -122.35433036655976, "time_of_day": "Morning", "causation": [ "0", "0", "0", "0", "0", "0", "0", "0", "1", "0", "0", "0", "0", "0", "0", "0", "0", "0", "0", "0", "0", "0", "0", "0" ], "duration": 292.0, "sum": 1 }, "geometry": { "type": "Point", "coordinates": [ -122.354330366559765, 47.52972282299384 ] } },
{ "type": "Feature", "properties": { "lat": 47.52977176907627, "lon": -122.35477673382194, "time_of_day": "Late Night", "causation": [ "0", "0", "0", "0", "0", "0", "0", "0", "1", "0", "0", "0", "0", "0", "0", "0", "0", "0", "0", "0", "0", "0", "0", "0" ], "duration": 122.0, "sum": 1 }, "geometry": { "type": "Point", "coordinates": [ -122.354776733821936, 47.52977176907627 ] } },
{ "type": "Feature", "properties": { "lat": 47.52977176907627, "lon": -122.35477673382194, "time_of_day": "Morning", "causation": [ "0", "0", "0", "0", "0", "0", "0", "0", "1", "0", "0", "0", "0", "0", "0", "0", "0", "0", "0", "0", "0", "0", "0", "0" ], "duration": 292.0, "sum": 1 }, "geometry": { "type": "Point", "coordinates": [ -122.354776733821936, 47.52977176907627 ] } },
{ "type": "Feature", "properties": { "lat": 47.529847846005993, "lon": -122.35430474417744, "time_of_day": "Late Night", "causation": [ "0", "0", "0", "0", "0", "0", "0", "0", "1", "0", "0", "0", "0", "0", "0", "0", "0", "0", "0", "0", "0", "0", "0", "0" ], "duration": 122.0, "sum": 1 }, "geometry": { "type": "Point", "coordinates": [ -122.354304744177441, 47.529847846005993 ] } },
{ "type": "Feature", "properties": { "lat": 47.529847846005993, "lon": -122.35430474417744, "time_of_day": "Morning", "causation": [ "0", "0", "0", "0", "0", "0", "0", "0", "1", "0", "0", "0", "0", "0", "0", "0", "0", "0", "0", "0", "0", "0", "0", "0" ], "duration": 292.0, "sum": 1 }, "geometry": { "type": "Point", "coordinates": [ -122.354304744177441, 47.529847846005993 ] } },
{ "type": "Feature", "properties": { "lat": 47.529938087937751, "lon": -122.35423498910436, "time_of_day": "Late Night", "causation": [ "0", "0", "0", "0", "0", "0", "0", "0", "1", "0", "0", "0", "0", "0", "0", "0", "0", "0", "0", "0", "0", "0", "0", "0" ], "duration": 122.0, "sum": 1 }, "geometry": { "type": "Point", "coordinates": [ -122.354234989104356, 47.529938087937751 ] } },
{ "type": "Feature", "properties": { "lat": 47.529938087937751, "lon": -122.35423498910436, "time_of_day": "Morning", "causation": [ "0", "0", "0", "0", "0", "0", "0", "0", "1", "0", "0", "0", "0", "0", "0", "0", "0", "0", "0", "0", "0", "0", "0", "0" ], "duration": 292.0, "sum": 1 }, "geometry": { "type": "Point", "coordinates": [ -122.354234989104356, 47.529938087937751 ] } },
{ "type": "Feature", "properties": { "lat": 47.529947530107535, "lon": -122.35478514439836, "time_of_day": "Late Night", "causation": [ "0", "0", "0", "0", "0", "0", "0", "0", "1", "0", "0", "0", "0", "0", "0", "0", "0", "0", "0", "0", "0", "0", "0", "0" ], "duration": 122.0, "sum": 1 }, "geometry": { "type": "Point", "coordinates": [ -122.354785144398363, 47.529947530107535 ] } },
{ "type": "Feature", "properties": { "lat": 47.529947530107535, "lon": -122.35478514439836, "time_of_day": "Morning", "causation": [ "0", "0", "0", "0", "0", "0", "0", "0", "1", "0", "0", "0", "0", "0", "0", "0", "0", "0", "0", "0", "0", "0", "0", "0" ], "duration": 292.0, "sum": 1 }, "geometry": { "type": "Point", "coordinates": [ -122.354785144398363, 47.529947530107535 ] } },
{ "type": "Feature", "properties": { "lat": 47.530252641786532, "lon": -122.35424607190988, "time_of_day": "Late Night", "causation": [ "0", "0", "0", "0", "0", "0", "0", "0", "1", "0", "0", "0", "0", "0", "0", "0", "0", "0", "0", "0", "0", "0", "0", "0" ], "duration": 122.0, "sum": 1 }, "geometry": { "type": "Point", "coordinates": [ -122.354246071909884, 47.530252641786532 ] } },
{ "type": "Feature", "properties": { "lat": 47.530252641786532, "lon": -122.35424607190988, "time_of_day": "Morning", "causation": [ "0", "0", "0", "0", "0", "0", "0", "0", "1", "0", "0", "0", "0", "0", "0", "0", "0", "0", "0", "0", "0", "0", "0", "0" ], "duration": 292.0, "sum": 1 }, "geometry": { "type": "Point", "coordinates": [ -122.354246071909884, 47.530252641786532 ] } },
{ "type": "Feature", "properties": { "lat": 47.530290801383394, "lon": -122.35474856647636, "time_of_day": "Late Night", "causation": [ "0", "0", "0", "0", "0", "0", "0", "0", "1", "0", "0", "0", "0", "0", "0", "0", "0", "0", "0", "0", "0", "0", "0", "0" ], "duration": 122.0, "sum": 1 }, "geometry": { "type": "Point", "coordinates": [ -122.35474856647636, 47.530290801383394 ] } },
{ "type": "Feature", "properties": { "lat": 47.530402996160561, "lon": -122.354757428996, "time_of_day": "Late Night", "causation": [ "0", "0", "0", "0", "0", "0", "0", "0", "1", "0", "0", "0", "0", "0", "0", "0", "0", "0", "0", "0", "0", "0", "0", "0" ], "duration": 122.0, "sum": 1 }, "geometry": { "type": "Point", "coordinates": [ -122.354757428995995, 47.530402996160561 ] } },
{ "type": "Feature", "properties": { "lat": 47.530433400894282, "lon": -122.35422118496228, "time_of_day": "Late Night", "causation": [ "0", "0", "0", "0", "0", "0", "0", "0", "1", "0", "0", "0", "0", "0", "0", "0", "0", "0", "0", "0", "0", "0", "0", "0" ], "duration": 122.0, "sum": 1 }, "geometry": { "type": "Point", "coordinates": [ -122.354221184962284, 47.530433400894282 ] } },
{ "type": "Feature", "properties": { "lat": 47.530536860080296, "lon": -122.35422505452355, "time_of_day": "Late Night", "causation": [ "0", "0", "0", "0", "0", "0", "0", "0", "1", "0", "0", "0", "0", "0", "0", "0", "0", "0", "0", "0", "0", "0", "0", "0" ], "duration": 122.0, "sum": 1 }, "geometry": { "type": "Point", "coordinates": [ -122.354225054523553, 47.530536860080296 ] } },
{ "type": "Feature", "properties": { "lat": 47.530554903692781, "lon": -122.35478615565786, "time_of_day": "Late Night", "causation": [ "0", "0", "0", "0", "0", "0", "0", "0", "1", "0", "0", "0", "0", "0", "0", "0", "0", "0", "0", "0", "0", "0", "0", "0" ], "duration": 122.0, "sum": 1 }, "geometry": { "type": "Point", "coordinates": [ -122.354786155657862, 47.530554903692781 ] } },
{ "type": "Feature", "properties": { "lat": 47.530651886669602, "lon": -122.35421901861032, "time_of_day": "Late Night", "causation": [ "0", "0", "0", "0", "0", "0", "0", "0", "1", "0", "0", "0", "0", "0", "0", "0", "0", "0", "0", "0", "0", "0", "0", "0" ], "duration": 122.0, "sum": 1 }, "geometry": { "type": "Point", "coordinates": [ -122.354219018610323, 47.530651886669602 ] } },
{ "type": "Feature", "properties": { "lat": 47.530751144800426, "lon": -122.35478042720749, "time_of_day": "Late Night", "causation": [ "0", "0", "0", "0", "0", "0", "0", "0", "1", "0", "0", "0", "0", "0", "0", "0", "0", "0", "0", "0", "0", "0", "0", "0" ], "duration": 122.0, "sum": 1 }, "geometry": { "type": "Point", "coordinates": [ -122.354780427207487, 47.530751144800426 ] } },
{ "type": "Feature", "properties": { "lat": 47.530755342903539, "lon": -122.354212928408, "time_of_day": "Late Night", "causation": [ "0", "0", "0", "0", "0", "0", "0", "0", "1", "0", "0", "0", "0", "0", "0", "0", "0", "0", "0", "0", "0", "0", "0", "0" ], "duration": 122.0, "sum": 1 }, "geometry": { "type": "Point", "coordinates": [ -122.354212928408003, 47.530755342903539 ] } },
{ "type": "Feature", "properties": { "lat": 47.530866281369072, "lon": -122.35477642003671, "time_of_day": "Late Night", "causation": [ "0", "0", "0", "0", "0", "0", "0", "0", "1", "0", "0", "0", "0", "0", "0", "0", "0", "0", "0", "0", "0", "0", "0", "0" ], "duration": 122.0, "sum": 1 }, "geometry": { "type": "Point", "coordinates": [ -122.354776420036714, 47.530866281369072 ] } },
{ "type": "Feature", "properties": { "lat": 47.530970855256577, "lon": -122.35476056575941, "time_of_day": "Late Night", "causation": [ "0", "0", "0", "0", "0", "0", "0", "0", "1", "0", "0", "0", "0", "0", "0", "0", "0", "0", "0", "0", "0", "0", "0", "0" ], "duration": 122.0, "sum": 1 }, "geometry": { "type": "Point", "coordinates": [ -122.354760565759406, 47.530970855256577 ] } },
{ "type": "Feature", "properties": { "lat": 47.537200444509352, "lon": -122.26888830491498, "time_of_day": "Morning", "causation": [ "0", "0", "0", "0", "0", "0", "0", "0", "1", "0", "0", "0", "0", "0", "0", "0", "0", "0", "0", "0", "0", "0", "0", "0" ], "duration": 44.0, "sum": 1 }, "geometry": { "type": "Point", "coordinates": [ -122.268888304914981, 47.537200444509352 ] } },
{ "type": "Feature", "properties": { "lat": 47.537525242555581, "lon": -122.3709038042411, "time_of_day": "Morning", "causation": [ "0", "0", "0", "0", "0", "0", "0", "0", "1", "0", "0", "0", "0", "0", "0", "0", "0", "0", "0", "0", "0", "0", "0", "0" ], "duration": 277.0, "sum": 1 }, "geometry": { "type": "Point", "coordinates": [ -122.370903804241095, 47.537525242555581 ] } },
{ "type": "Feature", "properties": { "lat": 47.537567470007673, "lon": -122.37013153152458, "time_of_day": "Morning", "causation": [ "0", "0", "0", "0", "0", "0", "0", "0", "1", "0", "0", "0", "0", "0", "0", "0", "0", "0", "0", "0", "0", "0", "0", "0" ], "duration": 277.0, "sum": 1 }, "geometry": { "type": "Point", "coordinates": [ -122.370131531524578, 47.537567470007673 ] } },
{ "type": "Feature", "properties": { "lat": 47.537623733038345, "lon": -122.37091622614678, "time_of_day": "Morning", "causation": [ "0", "0", "0", "0", "0", "0", "0", "0", "1", "0", "0", "0", "0", "0", "0", "0", "0", "0", "0", "0", "0", "0", "0", "0" ], "duration": 277.0, "sum": 1 }, "geometry": { "type": "Point", "coordinates": [ -122.370916226146775, 47.537623733038345 ] } },
{ "type": "Feature", "properties": { "lat": 47.537686022678216, "lon": -122.37007372301451, "time_of_day": "Morning", "causation": [ "0", "0", "0", "0", "0", "0", "0", "0", "1", "0", "0", "0", "0", "0", "0", "0", "0", "0", "0", "0", "0", "0", "0", "0" ], "duration": 277.0, "sum": 1 }, "geometry": { "type": "Point", "coordinates": [ -122.370073723014514, 47.537686022678216 ] } },
{ "type": "Feature", "properties": { "lat": 47.537734129442349, "lon": -122.37088976254554, "time_of_day": "Morning", "causation": [ "0", "0", "0", "0", "0", "0", "0", "0", "1", "0", "0", "0", "0", "0", "0", "0", "0", "0", "0", "0", "0", "0", "0", "0" ], "duration": 277.0, "sum": 1 }, "geometry": { "type": "Point", "coordinates": [ -122.370889762545545, 47.537734129442349 ] } },
{ "type": "Feature", "properties": { "lat": 47.537987646313645, "lon": -122.37010416054788, "time_of_day": "Morning", "causation": [ "0", "0", "0", "0", "0", "0", "0", "0", "1", "0", "0", "0", "0", "0", "0", "0", "0", "0", "0", "0", "0", "0", "0", "0" ], "duration": 277.0, "sum": 1 }, "geometry": { "type": "Point", "coordinates": [ -122.370104160547882, 47.537987646313645 ] } },
{ "type": "Feature", "properties": { "lat": 47.538012220490607, "lon": -122.37092060371415, "time_of_day": "Morning", "causation": [ "0", "0", "0", "0", "0", "0", "0", "0", "1", "0", "0", "0", "0", "0", "0", "0", "0", "0", "0", "0", "0", "0", "0", "0" ], "duration": 277.0, "sum": 1 }, "geometry": { "type": "Point", "coordinates": [ -122.370920603714154, 47.538012220490607 ] } },
{ "type": "Feature", "properties": { "lat": 47.538091967909473, "lon": -122.37009905784645, "time_of_day": "Morning", "causation": [ "0", "0", "0", "0", "0", "0", "0", "0", "1", "0", "0", "0", "0", "0", "0", "0", "0", "0", "0", "0", "0", "0", "0", "0" ], "duration": 277.0, "sum": 1 }, "geometry": { "type": "Point", "coordinates": [ -122.370099057846446, 47.538091967909473 ] } },
{ "type": "Feature", "properties": { "lat": 47.538178037112523, "lon": -122.37093845435848, "time_of_day": "Morning", "causation": [ "0", "0", "0", "0", "0", "0", "0", "0", "2", "0", "0", "0", "0", "0", "0", "0", "0", "0", "0", "0", "0", "0", "0", "0" ], "duration": 554.0, "sum": 2 }, "geometry": { "type": "Point", "coordinates": [ -122.37093845435848, 47.538178037112523 ] } },
{ "type": "Feature", "properties": { "lat": 47.538228584717437, "lon": -122.34048880146412, "time_of_day": "Morning", "causation": [ "0", "0", "0", "0", "0", "0", "0", "0", "2", "0", "0", "0", "0", "0", "0", "0", "0", "0", "0", "0", "0", "0", "0", "0" ], "duration": 256.0, "sum": 2 }, "geometry": { "type": "Point", "coordinates": [ -122.340488801464119, 47.538228584717437 ] } },
{ "type": "Feature", "properties": { "lat": 47.538258601157402, "lon": -122.37011531028379, "time_of_day": "Morning", "causation": [ "0", "0", "0", "0", "0", "0", "0", "0", "1", "0", "0", "0", "0", "0", "0", "0", "0", "0", "0", "0", "0", "0", "0", "0" ], "duration": 277.0, "sum": 1 }, "geometry": { "type": "Point", "coordinates": [ -122.370115310283794, 47.538258601157402 ] } },
{ "type": "Feature", "properties": { "lat": 47.538331468319761, "lon": -122.37091714771454, "time_of_day": "Morning", "causation": [ "0", "0", "0", "0", "0", "0", "0", "0", "1", "0", "0", "0", "0", "0", "0", "0", "0", "0", "0", "0", "0", "0", "0", "0" ], "duration": 277.0, "sum": 1 }, "geometry": { "type": "Point", "coordinates": [ -122.370917147714536, 47.538331468319761 ] } },
{ "type": "Feature", "properties": { "lat": 47.538441846996619, "lon": -122.37089805290201, "time_of_day": "Morning", "causation": [ "0", "0", "0", "0", "0", "0", "0", "0", "1", "0", "0", "0", "0", "0", "0", "0", "0", "0", "0", "0", "0", "0", "0", "0" ], "duration": 277.0, "sum": 1 }, "geometry": { "type": "Point", "coordinates": [ -122.370898052902007, 47.538441846996619 ] } },
{ "type": "Feature", "properties": { "lat": 47.544563306844822, "lon": -122.26963565209196, "time_of_day": "Morning", "causation": [ "0", "0", "0", "0", "0", "0", "0", "0", "1", "0", "0", "0", "0", "0", "0", "0", "0", "0", "0", "0", "0", "0", "0", "0" ], "duration": 44.0, "sum": 1 }, "geometry": { "type": "Point", "coordinates": [ -122.269635652091964, 47.544563306844822 ] } },
{ "type": "Feature", "properties": { "lat": 47.545998072120121, "lon": -122.35943768601936, "time_of_day": "Morning", "causation": [ "0", "0", "0", "0", "0", "0", "0", "0", "1", "0", "0", "0", "0", "0", "0", "0", "0", "0", "0", "0", "0", "0", "0", "0" ], "duration": 44.0, "sum": 1 }, "geometry": { "type": "Point", "coordinates": [ -122.359437686019362, 47.545998072120121 ] } },
{ "type": "Feature", "properties": { "lat": 47.546359122075486, "lon": -122.3869275929237, "time_of_day": "Morning", "causation": [ "0", "0", "0", "0", "0", "0", "0", "0", "1", "0", "0", "0", "0", "0", "0", "0", "0", "0", "0", "0", "0", "0", "0", "0" ], "duration": 44.0, "sum": 1 }, "geometry": { "type": "Point", "coordinates": [ -122.386927592923698, 47.546359122075486 ] } },
{ "type": "Feature", "properties": { "lat": 47.551709014782851, "lon": -122.28962619457774, "time_of_day": "Morning", "causation": [ "0", "0", "0", "0", "0", "0", "0", "0", "0", "0", "0", "0", "0", "0", "0", "0", "0", "0", "0", "0", "1", "0", "0", "0" ], "duration": 92.0, "sum": 1 }, "geometry": { "type": "Point", "coordinates": [ -122.289626194577735, 47.551709014782851 ] } },
{ "type": "Feature", "properties": { "lat": 47.558522721432375, "lon": -122.31543888046281, "time_of_day": "Morning", "causation": [ "0", "0", "0", "0", "0", "0", "0", "0", "0", "0", "0", "0", "0", "0", "1", "0", "0", "0", "0", "0", "0", "0", "0", "0" ], "duration": 35.0, "sum": 1 }, "geometry": { "type": "Point", "coordinates": [ -122.315438880462807, 47.558522721432375 ] } },
{ "type": "Feature", "properties": { "lat": 47.559922161270208, "lon": -122.2911818812198, "time_of_day": "Morning", "causation": [ "0", "0", "0", "0", "0", "0", "0", "0", "1", "0", "0", "0", "0", "0", "0", "0", "0", "0", "0", "0", "0", "0", "0", "0" ], "duration": 44.0, "sum": 1 }, "geometry": { "type": "Point", "coordinates": [ -122.291181881219799, 47.559922161270208 ] } },
{ "type": "Feature", "properties": { "lat": 47.562459551499273, "lon": -122.30918396509698, "time_of_day": "Morning", "causation": [ "0", "0", "0", "0", "0", "0", "0", "0", "0", "0", "0", "0", "0", "0", "0", "0", "0", "1", "0", "0", "0", "0", "0", "0" ], "duration": 394.0, "sum": 1 }, "geometry": { "type": "Point", "coordinates": [ -122.309183965096977, 47.562459551499273 ] } },
{ "type": "Feature", "properties": { "lat": 47.566652291539917, "lon": -122.27294541318416, "time_of_day": "Morning", "causation": [ "0", "0", "0", "0", "0", "0", "0", "0", "1", "0", "0", "0", "0", "0", "0", "0", "0", "0", "0", "0", "0", "0", "0", "0" ], "duration": 21.0, "sum": 1 }, "geometry": { "type": "Point", "coordinates": [ -122.272945413184161, 47.566652291539917 ] } },
{ "type": "Feature", "properties": { "lat": 47.566655978384709, "lon": -122.27481635372844, "time_of_day": "Late Night", "causation": [ "0", "0", "0", "0", "0", "0", "0", "0", "1", "0", "0", "0", "0", "0", "0", "0", "0", "0", "0", "0", "0", "0", "0", "0" ], "duration": 277.0, "sum": 1 }, "geometry": { "type": "Point", "coordinates": [ -122.27481635372844, 47.566655978384709 ] } },
{ "type": "Feature", "properties": { "lat": 47.566658927781752, "lon": -122.27603435678149, "time_of_day": "Morning", "causation": [ "0", "0", "0", "0", "0", "0", "0", "0", "1", "0", "0", "0", "0", "0", "0", "0", "0", "0", "0", "0", "0", "0", "0", "0" ], "duration": 21.0, "sum": 1 }, "geometry": { "type": "Point", "coordinates": [ -122.276034356781494, 47.566658927781752 ] } },
{ "type": "Feature", "properties": { "lat": 47.566672454131343, "lon": -122.27419362873972, "time_of_day": "Late Night", "causation": [ "0", "0", "0", "0", "0", "0", "0", "0", "1", "0", "0", "0", "0", "0", "0", "0", "0", "0", "0", "0", "0", "0", "0", "0" ], "duration": 277.0, "sum": 1 }, "geometry": { "type": "Point", "coordinates": [ -122.274193628739724, 47.566672454131343 ] } },
{ "type": "Feature", "properties": { "lat": 47.56680445221356, "lon": -122.27604239904365, "time_of_day": "Morning", "causation": [ "0", "0", "0", "0", "0", "0", "0", "0", "1", "0", "0", "0", "0", "0", "0", "0", "0", "0", "0", "0", "0", "0", "0", "0" ], "duration": 21.0, "sum": 1 }, "geometry": { "type": "Point", "coordinates": [ -122.276042399043646, 47.56680445221356 ] } },
{ "type": "Feature", "properties": { "lat": 47.566805373787368, "lon": -122.27353446077689, "time_of_day": "Morning", "causation": [ "0", "0", "0", "0", "0", "0", "0", "0", "1", "0", "0", "0", "0", "0", "0", "0", "0", "0", "0", "0", "0", "0", "0", "0" ], "duration": 21.0, "sum": 1 }, "geometry": { "type": "Point", "coordinates": [ -122.273534460776887, 47.566805373787368 ] } },
{ "type": "Feature", "properties": { "lat": 47.566810298493778, "lon": -122.27412184383638, "time_of_day": "Late Night", "causation": [ "0", "0", "0", "0", "0", "0", "0", "0", "1", "0", "0", "0", "0", "0", "0", "0", "0", "0", "0", "0", "0", "0", "0", "0" ], "duration": 277.0, "sum": 1 }, "geometry": { "type": "Point", "coordinates": [ -122.274121843836383, 47.566810298493778 ] } },
{ "type": "Feature", "properties": { "lat": 47.566812704048438, "lon": -122.27550002664844, "time_of_day": "Morning", "causation": [ "0", "0", "0", "0", "0", "0", "0", "0", "1", "0", "0", "0", "0", "0", "0", "0", "0", "0", "0", "0", "0", "0", "0", "0" ], "duration": 21.0, "sum": 1 }, "geometry": { "type": "Point", "coordinates": [ -122.275500026648444, 47.566812704048438 ] } },
{ "type": "Feature", "properties": { "lat": 47.566831874856149, "lon": -122.27485104054092, "time_of_day": "Late Night", "causation": [ "0", "0", "0", "0", "0", "0", "0", "0", "1", "0", "0", "0", "0", "0", "0", "0", "0", "0", "0", "0", "0", "0", "0", "0" ], "duration": 277.0, "sum": 1 }, "geometry": { "type": "Point", "coordinates": [ -122.274851040540923, 47.566831874856149 ] } },
{ "type": "Feature", "properties": { "lat": 47.566838886292608, "lon": -122.27295381237046, "time_of_day": "Morning", "causation": [ "0", "0", "0", "0", "0", "0", "0", "0", "1", "0", "0", "0", "0", "0", "0", "0", "0", "0", "0", "0", "0", "0", "0", "0" ], "duration": 21.0, "sum": 1 }, "geometry": { "type": "Point", "coordinates": [ -122.27295381237046, 47.566838886292608 ] } },
{ "type": "Feature", "properties": { "lat": 47.566951862239897, "lon": -122.2735334881406, "time_of_day": "Morning", "causation": [ "0", "0", "0", "0", "0", "0", "0", "0", "2", "0", "0", "0", "0", "0", "0", "0", "0", "0", "0", "0", "0", "0", "0", "0" ], "duration": 42.0, "sum": 2 }, "geometry": { "type": "Point", "coordinates": [ -122.2735334881406, 47.566951862239897 ] } },
{ "type": "Feature", "properties": { "lat": 47.566972641242963, "lon": -122.27550453671832, "time_of_day": "Morning", "causation": [ "0", "0", "0", "0", "0", "0", "0", "0", "1", "0", "0", "0", "0", "0", "0", "0", "0", "0", "0", "0", "0", "0", "0", "0" ], "duration": 21.0, "sum": 1 }, "geometry": { "type": "Point", "coordinates": [ -122.275504536718316, 47.566972641242963 ] } },
{ "type": "Feature", "properties": { "lat": 47.566979803142232, "lon": -122.27603789804326, "time_of_day": "Morning", "causation": [ "0", "0", "0", "0", "0", "0", "0", "0", "1", "0", "0", "0", "0", "0", "0", "0", "0", "0", "0", "0", "0", "0", "0", "0" ], "duration": 21.0, "sum": 1 }, "geometry": { "type": "Point", "coordinates": [ -122.276037898043256, 47.566979803142232 ] } },
{ "type": "Feature", "properties": { "lat": 47.566989884762513, "lon": -122.27291714849861, "time_of_day": "Morning", "causation": [ "0", "0", "0", "0", "0", "0", "0", "0", "1", "0", "0", "0", "0", "0", "0", "0", "0", "0", "0", "0", "0", "0", "0", "0" ], "duration": 21.0, "sum": 1 }, "geometry": { "type": "Point", "coordinates": [ -122.272917148498607, 47.566989884762513 ] } },
{ "type": "Feature", "properties": { "lat": 47.566996814464133, "lon": -122.27481351210612, "time_of_day": "Late Night", "causation": [ "0", "0", "0", "0", "0", "0", "0", "0", "1", "0", "0", "0", "0", "0", "0", "0", "0", "0", "0", "0", "0", "0", "0", "0" ], "duration": 277.0, "sum": 1 }, "geometry": { "type": "Point", "coordinates": [ -122.274813512106121, 47.566996814464133 ] } },
{ "type": "Feature", "properties": { "lat": 47.567001872499297, "lon": -122.27423495141518, "time_of_day": "Late Night", "causation": [ "0", "0", "0", "0", "0", "0", "0", "0", "1", "0", "0", "0", "0", "0", "0", "0", "0", "0", "0", "0", "0", "0", "0", "0" ], "duration": 277.0, "sum": 1 }, "geometry": { "type": "Point", "coordinates": [ -122.274234951415181, 47.567001872499297 ] } },
{ "type": "Feature", "properties": { "lat": 47.567104451902402, "lon": -122.27301538150184, "time_of_day": "Morning", "causation": [ "0", "0", "0", "0", "0", "0", "0", "0", "1", "0", "0", "0", "0", "0", "0", "0", "0", "0", "0", "0", "0", "0", "0", "0" ], "duration": 21.0, "sum": 1 }, "geometry": { "type": "Point", "coordinates": [ -122.273015381501835, 47.567104451902402 ] } },
{ "type": "Feature", "properties": { "lat": 47.567125130425474, "lon": -122.27360468225984, "time_of_day": "Morning", "causation": [ "0", "0", "0", "0", "0", "0", "0", "0", "1", "0", "0", "0", "0", "0", "0", "0", "0", "0", "0", "0", "0", "0", "0", "0" ], "duration": 21.0, "sum": 1 }, "geometry": { "type": "Point", "coordinates": [ -122.273604682259844, 47.567125130425474 ] } },
{ "type": "Feature", "properties": { "lat": 47.567141694661203, "lon": -122.27605478018668, "time_of_day": "Morning", "causation": [ "0", "0", "0", "0", "0", "0", "0", "0", "1", "0", "0", "0", "0", "0", "0", "0", "0", "0", "0", "0", "0", "0", "0", "0" ], "duration": 21.0, "sum": 1 }, "geometry": { "type": "Point", "coordinates": [ -122.276054780186684, 47.567141694661203 ] } },
{ "type": "Feature", "properties": { "lat": 47.567146139712825, "lon": -122.27548831455285, "time_of_day": "Morning", "causation": [ "0", "0", "0", "0", "0", "0", "0", "0", "1", "0", "0", "0", "0", "0", "0", "0", "0", "0", "0", "0", "0", "0", "0", "0" ], "duration": 21.0, "sum": 1 }, "geometry": { "type": "Point", "coordinates": [ -122.275488314552845, 47.567146139712825 ] } },
{ "type": "Feature", "properties": { "lat": 47.567175809703073, "lon": -122.27423599613743, "time_of_day": "Late Night", "causation": [ "0", "0", "0", "0", "0", "0", "0", "0", "1", "0", "0", "0", "0", "0", "0", "0", "0", "0", "0", "0", "0", "0", "0", "0" ], "duration": 277.0, "sum": 1 }, "geometry": { "type": "Point", "coordinates": [ -122.274235996137435, 47.567175809703073 ] } },
{ "type": "Feature", "properties": { "lat": 47.567246855419413, "lon": -122.2730193182197, "time_of_day": "Morning", "causation": [ "0", "0", "0", "0", "0", "0", "0", "0", "1", "0", "0", "0", "0", "0", "0", "0", "0", "0", "0", "0", "0", "0", "0", "0" ], "duration": 21.0, "sum": 1 }, "geometry": { "type": "Point", "coordinates": [ -122.273019318219696, 47.567246855419413 ] } },
{ "type": "Feature", "properties": { "lat": 47.567284881930469, "lon": -122.27605250775444, "time_of_day": "Morning", "causation": [ "0", "0", "0", "0", "0", "0", "0", "0", "1", "0", "0", "0", "0", "0", "0", "0", "0", "0", "0", "0", "0", "0", "0", "0" ], "duration": 21.0, "sum": 1 }, "geometry": { "type": "Point", "coordinates": [ -122.276052507754443, 47.567284881930469 ] } },
{ "type": "Feature", "properties": { "lat": 47.567301262387531, "lon": -122.27423108077043, "time_of_day": "Late Night", "causation": [ "0", "0", "0", "0", "0", "0", "0", "0", "1", "0", "0", "0", "0", "0", "0", "0", "0", "0", "0", "0", "0", "0", "0", "0" ], "duration": 277.0, "sum": 1 }, "geometry": { "type": "Point", "coordinates": [ -122.274231080770434, 47.567301262387531 ] } },
{ "type": "Feature", "properties": { "lat": 47.567303305299127, "lon": -122.27363055570012, "time_of_day": "Morning", "causation": [ "0", "0", "0", "0", "0", "0", "0", "0", "1", "0", "0", "0", "0", "0", "0", "0", "0", "0", "0", "0", "0", "0", "0", "0" ], "duration": 21.0, "sum": 1 }, "geometry": { "type": "Point", "coordinates": [ -122.273630555700123, 47.567303305299127 ] } },
{ "type": "Feature", "properties": { "lat": 47.567303802211313, "lon": -122.27551216790388, "time_of_day": "Morning", "causation": [ "0", "0", "0", "0", "0", "0", "0", "0", "1", "0", "0", "0", "0", "0", "0", "0", "0", "0", "0", "0", "0", "0", "0", "0" ], "duration": 21.0, "sum": 1 }, "geometry": { "type": "Point", "coordinates": [ -122.275512167903884, 47.567303802211313 ] } },
{ "type": "Feature", "properties": { "lat": 47.567365847370517, "lon": -122.27480991137712, "time_of_day": "Late Night", "causation": [ "0", "0", "0", "0", "0", "0", "0", "0", "1", "0", "0", "0", "0", "0", "0", "0", "0", "0", "0", "0", "0", "0", "0", "0" ], "duration": 277.0, "sum": 1 }, "geometry": { "type": "Point", "coordinates": [ -122.274809911377119, 47.567365847370517 ] } },
{ "type": "Feature", "properties": { "lat": 47.567373749226078, "lon": -122.27296572144979, "time_of_day": "Morning", "causation": [ "0", "0", "0", "0", "0", "0", "0", "0", "1", "0", "0", "0", "0", "0", "0", "0", "0", "0", "0", "0", "0", "0", "0", "0" ], "duration": 21.0, "sum": 1 }, "geometry": { "type": "Point", "coordinates": [ -122.272965721449793, 47.567373749226078 ] } },
{ "type": "Feature", "properties": { "lat": 47.567445639005243, "lon": -122.27605290982017, "time_of_day": "Morning", "causation": [ "0", "0", "0", "0", "0", "0", "0", "0", "1", "0", "0", "0", "0", "0", "0", "0", "0", "0", "0", "0", "0", "0", "0", "0" ], "duration": 21.0, "sum": 1 }, "geometry": { "type": "Point", "coordinates": [ -122.276052909820166, 47.567445639005243 ] } },
{ "type": "Feature", "properties": { "lat": 47.567472704335167, "lon": -122.27549942414748, "time_of_day": "Morning", "causation": [ "0", "0", "0", "0", "0", "0", "0", "0", "1", "0", "0", "0", "0", "0", "0", "0", "0", "0", "0", "0", "0", "0", "0", "0" ], "duration": 21.0, "sum": 1 }, "geometry": { "type": "Point", "coordinates": [ -122.275499424147483, 47.567472704335167 ] } },
{ "type": "Feature", "properties": { "lat": 47.567480622068793, "lon": -122.2736808762064, "time_of_day": "Morning", "causation": [ "0", "0", "0", "0", "0", "0", "0", "0", "1", "0", "0", "0", "0", "0", "0", "0", "0", "0", "0", "0", "0", "0", "0", "0" ], "duration": 21.0, "sum": 1 }, "geometry": { "type": "Point", "coordinates": [ -122.273680876206399, 47.567480622068793 ] } },
{ "type": "Feature", "properties": { "lat": 47.567498319703162, "lon": -122.27482010093505, "time_of_day": "Late Night", "causation": [ "0", "0", "0", "0", "0", "0", "0", "0", "1", "0", "0", "0", "0", "0", "0", "0", "0", "0", "0", "0", "0", "0", "0", "0" ], "duration": 277.0, "sum": 1 }, "geometry": { "type": "Point", "coordinates": [ -122.274820100935045, 47.567498319703162 ] } },
{ "type": "Feature", "properties": { "lat": 47.567508534891161, "lon": -122.27297945449313, "time_of_day": "Morning", "causation": [ "0", "0", "0", "0", "0", "0", "0", "0", "1", "0", "0", "0", "0", "0", "0", "0", "0", "0", "0", "0", "0", "0", "0", "0" ], "duration": 21.0, "sum": 1 }, "geometry": { "type": "Point", "coordinates": [ -122.272979454493125, 47.567508534891161 ] } },
{ "type": "Feature", "properties": { "lat": 47.567515298589107, "lon": -122.27407113721971, "time_of_day": "Late Night", "causation": [ "0", "0", "0", "0", "0", "0", "0", "0", "1", "0", "0", "0", "0", "0", "0", "0", "0", "0", "0", "0", "0", "0", "0", "0" ], "duration": 277.0, "sum": 1 }, "geometry": { "type": "Point", "coordinates": [ -122.274071137219707, 47.567515298589107 ] } },
{ "type": "Feature", "properties": { "lat": 47.56778109234326, "lon": -122.27603343771172, "time_of_day": "Morning", "causation": [ "0", "0", "0", "0", "0", "0", "0", "0", "1", "0", "0", "0", "0", "0", "0", "0", "0", "0", "0", "0", "0", "0", "0", "0" ], "duration": 21.0, "sum": 1 }, "geometry": { "type": "Point", "coordinates": [ -122.276033437711718, 47.56778109234326 ] } },
{ "type": "Feature", "properties": { "lat": 47.56782089972878, "lon": -122.2749379329903, "time_of_day": "Late Night", "causation": [ "0", "0", "0", "0", "0", "0", "0", "0", "1", "0", "0", "0", "0", "0", "0", "0", "0", "0", "0", "0", "0", "0", "0", "0" ], "duration": 277.0, "sum": 1 }, "geometry": { "type": "Point", "coordinates": [ -122.274937932990298, 47.56782089972878 ] } },
{ "type": "Feature", "properties": { "lat": 47.567830613304722, "lon": -122.27541522032658, "time_of_day": "Morning", "causation": [ "0", "0", "0", "0", "0", "0", "0", "0", "1", "0", "0", "0", "0", "0", "0", "0", "0", "0", "0", "0", "0", "0", "0", "0" ], "duration": 21.0, "sum": 1 }, "geometry": { "type": "Point", "coordinates": [ -122.275415220326579, 47.567830613304722 ] } },
{ "type": "Feature", "properties": { "lat": 47.567845285104923, "lon": -122.27414982993302, "time_of_day": "Late Night", "causation": [ "0", "0", "0", "0", "0", "0", "0", "0", "1", "0", "0", "0", "0", "0", "0", "0", "0", "0", "0", "0", "0", "0", "0", "0" ], "duration": 277.0, "sum": 1 }, "geometry": { "type": "Point", "coordinates": [ -122.274149829933023, 47.567845285104923 ] } },
{ "type": "Feature", "properties": { "lat": 47.567908664373881, "lon": -122.27364458362194, "time_of_day": "Morning", "causation": [ "0", "0", "0", "0", "0", "0", "0", "0", "1", "0", "0", "0", "0", "0", "0", "0", "0", "0", "0", "0", "0", "0", "0", "0" ], "duration": 21.0, "sum": 1 }, "geometry": { "type": "Point", "coordinates": [ -122.273644583621945, 47.567908664373881 ] } },
{ "type": "Feature", "properties": { "lat": 47.567967533990497, "lon": -122.27551572035496, "time_of_day": "Morning", "causation": [ "0", "0", "0", "0", "0", "0", "0", "0", "1", "0", "0", "0", "0", "0", "0", "0", "0", "0", "0", "0", "0", "0", "0", "0" ], "duration": 21.0, "sum": 1 }, "geometry": { "type": "Point", "coordinates": [ -122.27551572035496, 47.567967533990497 ] } },
{ "type": "Feature", "properties": { "lat": 47.567967854274563, "lon": -122.27483532588968, "time_of_day": "Late Night", "causation": [ "0", "0", "0", "0", "0", "0", "0", "0", "1", "0", "0", "0", "0", "0", "0", "0", "0", "0", "0", "0", "0", "0", "0", "0" ], "duration": 277.0, "sum": 1 }, "geometry": { "type": "Point", "coordinates": [ -122.274835325889683, 47.567967854274563 ] } },
{ "type": "Feature", "properties": { "lat": 47.568034543663302, "lon": -122.27426818322382, "time_of_day": "Late Night", "causation": [ "0", "0", "0", "0", "0", "0", "0", "0", "1", "0", "0", "0", "0", "0", "0", "0", "0", "0", "0", "0", "0", "0", "0", "0" ], "duration": 277.0, "sum": 1 }, "geometry": { "type": "Point", "coordinates": [ -122.274268183223825, 47.568034543663302 ] } },
{ "type": "Feature", "properties": { "lat": 47.56805777843681, "lon": -122.27360734218588, "time_of_day": "Morning", "causation": [ "0", "0", "0", "0", "0", "0", "0", "0", "1", "0", "0", "0", "0", "0", "0", "0", "0", "0", "0", "0", "0", "0", "0", "0" ], "duration": 21.0, "sum": 1 }, "geometry": { "type": "Point", "coordinates": [ -122.273607342185883, 47.56805777843681 ] } },
{ "type": "Feature", "properties": { "lat": 47.568118769873671, "lon": -122.27551873364592, "time_of_day": "Morning", "causation": [ "0", "0", "0", "0", "0", "0", "0", "0", "2", "0", "0", "0", "0", "0", "0", "0", "0", "0", "0", "0", "0", "0", "0", "0" ], "duration": 42.0, "sum": 2 }, "geometry": { "type": "Point", "coordinates": [ -122.275518733645924, 47.568118769873671 ] } },
{ "type": "Feature", "properties": { "lat": 47.568119810939947, "lon": -122.27609589569532, "time_of_day": "Morning", "causation": [ "0", "0", "0", "0", "0", "0", "0", "0", "1", "0", "0", "0", "0", "0", "0", "0", "0", "0", "0", "0", "0", "0", "0", "0" ], "duration": 21.0, "sum": 1 }, "geometry": { "type": "Point", "coordinates": [ -122.27609589569532, 47.568119810939947 ] } },
{ "type": "Feature", "properties": { "lat": 47.568162163876003, "lon": -122.27485370968375, "time_of_day": "Late Night", "causation": [ "0", "0", "0", "0", "0", "0", "0", "0", "1", "0", "0", "0", "0", "0", "0", "0", "0", "0", "0", "0", "0", "0", "0", "0" ], "duration": 277.0, "sum": 1 }, "geometry": { "type": "Point", "coordinates": [ -122.274853709683754, 47.568162163876003 ] } },
{ "type": "Feature", "properties": { "lat": 47.568225448927727, "lon": -122.27361396462564, "time_of_day": "Morning", "causation": [ "0", "0", "0", "0", "0", "0", "0", "0", "1", "0", "0", "0", "0", "0", "0", "0", "0", "0", "0", "0", "0", "0", "0", "0" ], "duration": 21.0, "sum": 1 }, "geometry": { "type": "Point", "coordinates": [ -122.273613964625639, 47.568225448927727 ] } },
{ "type": "Feature", "properties": { "lat": 47.568243375787127, "lon": -122.27428093004148, "time_of_day": "Late Night", "causation": [ "0", "0", "0", "0", "0", "0", "0", "0", "2", "0", "0", "0", "0", "0", "0", "0", "0", "0", "0", "0", "0", "0", "0", "0" ], "duration": 554.0, "sum": 2 }, "geometry": { "type": "Point", "coordinates": [ -122.274280930041485, 47.568243375787127 ] } },
{ "type": "Feature", "properties": { "lat": 47.568250287163842, "lon": -122.27550698015112, "time_of_day": "Morning", "causation": [ "0", "0", "0", "0", "0", "0", "0", "0", "1", "0", "0", "0", "0", "0", "0", "0", "0", "0", "0", "0", "0", "0", "0", "0" ], "duration": 21.0, "sum": 1 }, "geometry": { "type": "Point", "coordinates": [ -122.275506980151121, 47.568250287163842 ] } },
{ "type": "Feature", "properties": { "lat": 47.568342088636669, "lon": -122.27614017838566, "time_of_day": "Morning", "causation": [ "0", "0", "0", "0", "0", "0", "0", "0", "1", "0", "0", "0", "0", "0", "0", "0", "0", "0", "0", "0", "0", "0", "0", "0" ], "duration": 21.0, "sum": 1 }, "geometry": { "type": "Point", "coordinates": [ -122.27614017838566, 47.568342088636669 ] } },
{ "type": "Feature", "properties": { "lat": 47.568404084617342, "lon": -122.27552209732966, "time_of_day": "Morning", "causation": [ "0", "0", "0", "0", "0", "0", "0", "0", "1", "0", "0", "0", "0", "0", "0", "0", "0", "0", "0", "0", "0", "0", "0", "0" ], "duration": 21.0, "sum": 1 }, "geometry": { "type": "Point", "coordinates": [ -122.275522097329656, 47.568404084617342 ] } },
{ "type": "Feature", "properties": { "lat": 47.568432930850129, "lon": -122.27423962322278, "time_of_day": "Late Night", "causation": [ "0", "0", "0", "0", "0", "0", "0", "0", "1", "0", "0", "0", "0", "0", "0", "0", "0", "0", "0", "0", "0", "0", "0", "0" ], "duration": 277.0, "sum": 1 }, "geometry": { "type": "Point", "coordinates": [ -122.274239623222783, 47.568432930850129 ] } },
{ "type": "Feature", "properties": { "lat": 47.568480002003596, "lon": -122.2751530007027, "time_of_day": "Late Night", "causation": [ "0", "0", "0", "0", "0", "0", "0", "0", "1", "0", "0", "0", "0", "0", "0", "0", "0", "0", "0", "0", "0", "0", "0", "0" ], "duration": 277.0, "sum": 1 }, "geometry": { "type": "Point", "coordinates": [ -122.275153000702701, 47.568480002003596 ] } },
{ "type": "Feature", "properties": { "lat": 47.568488086886326, "lon": -122.27483369838664, "time_of_day": "Late Night", "causation": [ "0", "0", "0", "0", "0", "0", "0", "0", "1", "0", "0", "0", "0", "0", "0", "0", "0", "0", "0", "0", "0", "0", "0", "0" ], "duration": 277.0, "sum": 1 }, "geometry": { "type": "Point", "coordinates": [ -122.274833698386644, 47.568488086886326 ] } },
{ "type": "Feature", "properties": { "lat": 47.568597900596387, "lon": -122.27358289956896, "time_of_day": "Morning", "causation": [ "0", "0", "0", "0", "0", "0", "0", "0", "1", "0", "0", "0", "0", "0", "0", "0", "0", "0", "0", "0", "0", "0", "0", "0" ], "duration": 21.0, "sum": 1 }, "geometry": { "type": "Point", "coordinates": [ -122.273582899568964, 47.568597900596387 ] } },
{ "type": "Feature", "properties": { "lat": 47.568611037298531, "lon": -122.27616055409808, "time_of_day": "Morning", "causation": [ "0", "0", "0", "0", "0", "0", "0", "0", "1", "0", "0", "0", "0", "0", "0", "0", "0", "0", "0", "0", "0", "0", "0", "0" ], "duration": 21.0, "sum": 1 }, "geometry": { "type": "Point", "coordinates": [ -122.276160554098084, 47.568611037298531 ] } },
{ "type": "Feature", "properties": { "lat": 47.568615940699473, "lon": -122.27551038081828, "time_of_day": "Late Night", "causation": [ "0", "0", "0", "0", "0", "0", "0", "0", "1", "0", "0", "0", "0", "0", "0", "0", "0", "0", "0", "0", "0", "0", "0", "0" ], "duration": 277.0, "sum": 1 }, "geometry": { "type": "Point", "coordinates": [ -122.275510380818275, 47.568615940699473 ] } },
{ "type": "Feature", "properties": { "lat": 47.568637812512343, "lon": -122.27483867747527, "time_of_day": "Late Night", "causation": [ "0", "0", "0", "0", "0", "0", "0", "0", "1", "0", "0", "0", "0", "0", "0", "0", "0", "0", "0", "0", "0", "0", "0", "0" ], "duration": 277.0, "sum": 1 }, "geometry": { "type": "Point", "coordinates": [ -122.274838677475273, 47.568637812512343 ] } },
{ "type": "Feature", "properties": { "lat": 47.568640954402518, "lon": -122.27520720958366, "time_of_day": "Late Night", "causation": [ "0", "0", "0", "0", "0", "0", "0", "0", "1", "0", "0", "0", "0", "0", "0", "0", "0", "0", "0", "0", "0", "0", "0", "0" ], "duration": 277.0, "sum": 1 }, "geometry": { "type": "Point", "coordinates": [ -122.275207209583655, 47.568640954402518 ] } },
{ "type": "Feature", "properties": { "lat": 47.568641116763523, "lon": -122.27424485683436, "time_of_day": "Late Night", "causation": [ "0", "0", "0", "0", "0", "0", "0", "0", "1", "0", "0", "0", "0", "0", "0", "0", "0", "0", "0", "0", "0", "0", "0", "0" ], "duration": 277.0, "sum": 1 }, "geometry": { "type": "Point", "coordinates": [ -122.274244856834358, 47.568641116763523 ] } },
{ "type": "Feature", "properties": { "lat": 47.568964258508181, "lon": -122.27669416481538, "time_of_day": "Late Night", "causation": [ "0", "0", "0", "0", "0", "0", "0", "0", "1", "0", "0", "0", "0", "0", "0", "0", "0", "0", "0", "0", "0", "0", "0", "0" ], "duration": 277.0, "sum": 1 }, "geometry": { "type": "Point", "coordinates": [ -122.276694164815382, 47.568964258508181 ] } },
{ "type": "Feature", "properties": { "lat": 47.568981944967504, "lon": -122.27619287093148, "time_of_day": "Morning", "causation": [ "0", "0", "0", "0", "0", "0", "0", "0", "1", "0", "0", "0", "0", "0", "0", "0", "0", "0", "0", "0", "0", "0", "0", "0" ], "duration": 21.0, "sum": 1 }, "geometry": { "type": "Point", "coordinates": [ -122.276192870931482, 47.568981944967504 ] } },
{ "type": "Feature", "properties": { "lat": 47.569004542477323, "lon": -122.27830652595328, "time_of_day": "Late Night", "causation": [ "0", "0", "0", "0", "0", "0", "0", "0", "1", "0", "0", "0", "0", "0", "0", "0", "0", "0", "0", "0", "0", "0", "0", "0" ], "duration": 277.0, "sum": 1 }, "geometry": { "type": "Point", "coordinates": [ -122.278306525953283, 47.569004542477323 ] } },
{ "type": "Feature", "properties": { "lat": 47.569069417847757, "lon": -122.27473556057431, "time_of_day": "Late Night", "causation": [ "0", "0", "0", "0", "0", "0", "0", "0", "1", "0", "0", "0", "0", "0", "0", "0", "0", "0", "0", "0", "0", "0", "0", "0" ], "duration": 277.0, "sum": 1 }, "geometry": { "type": "Point", "coordinates": [ -122.274735560574314, 47.569069417847757 ] } },
{ "type": "Feature", "properties": { "lat": 47.569157731917038, "lon": -122.27518140764082, "time_of_day": "Late Night", "causation": [ "0", "0", "0", "0", "0", "0", "0", "0", "2", "0", "0", "0", "0", "0", "0", "0", "0", "0", "0", "0", "0", "0", "0", "0" ], "duration": 554.0, "sum": 2 }, "geometry": { "type": "Point", "coordinates": [ -122.275181407640815, 47.569157731917038 ] } },
{ "type": "Feature", "properties": { "lat": 47.569158539525532, "lon": -122.27658732136544, "time_of_day": "Late Night", "causation": [ "0", "0", "0", "0", "0", "0", "0", "0", "1", "0", "0", "0", "0", "0", "0", "0", "0", "0", "0", "0", "0", "0", "0", "0" ], "duration": 277.0, "sum": 1 }, "geometry": { "type": "Point", "coordinates": [ -122.27658732136544, 47.569158539525532 ] } },
{ "type": "Feature", "properties": { "lat": 47.569328343359501, "lon": -122.27626380939782, "time_of_day": "Morning", "causation": [ "0", "0", "0", "0", "0", "0", "0", "0", "1", "0", "0", "0", "0", "0", "0", "0", "0", "0", "0", "0", "0", "0", "0", "0" ], "duration": 21.0, "sum": 1 }, "geometry": { "type": "Point", "coordinates": [ -122.276263809397818, 47.569328343359501 ] } },
{ "type": "Feature", "properties": { "lat": 47.569348962146947, "lon": -122.27670673172651, "time_of_day": "Late Night", "causation": [ "0", "0", "0", "0", "0", "0", "0", "0", "1", "0", "0", "0", "0", "0", "0", "0", "0", "0", "0", "0", "0", "0", "0", "0" ], "duration": 277.0, "sum": 1 }, "geometry": { "type": "Point", "coordinates": [ -122.276706731726506, 47.569348962146947 ] } },
{ "type": "Feature", "properties": { "lat": 47.569355077005888, "lon": -122.27542315948396, "time_of_day": "Late Night", "causation": [ "0", "0", "0", "0", "0", "0", "0", "0", "1", "0", "0", "0", "0", "0", "0", "0", "0", "0", "0", "0", "0", "0", "0", "0" ], "duration": 277.0, "sum": 1 }, "geometry": { "type": "Point", "coordinates": [ -122.275423159483964, 47.569355077005888 ] } },
{ "type": "Feature", "properties": { "lat": 47.569553501313699, "lon": -122.27662776317592, "time_of_day": "Morning", "causation": [ "0", "0", "0", "0", "0", "0", "0", "0", "1", "0", "0", "0", "0", "0", "0", "0", "0", "0", "0", "0", "0", "0", "0", "0" ], "duration": 21.0, "sum": 1 }, "geometry": { "type": "Point", "coordinates": [ -122.276627763175924, 47.569553501313699 ] } },
{ "type": "Feature", "properties": { "lat": 47.569556421196388, "lon": -122.27571271116096, "time_of_day": "Late Night", "causation": [ "0", "0", "0", "0", "0", "0", "0", "0", "1", "0", "0", "0", "0", "0", "0", "0", "0", "0", "0", "0", "0", "0", "0", "0" ], "duration": 277.0, "sum": 1 }, "geometry": { "type": "Point", "coordinates": [ -122.275712711160963, 47.569556421196388 ] } },
{ "type": "Feature", "properties": { "lat": 47.569695333839661, "lon": -122.27677106926689, "time_of_day": "Morning", "causation": [ "0", "0", "0", "0", "0", "0", "0", "0", "1", "0", "0", "0", "0", "0", "0", "0", "0", "0", "0", "0", "0", "0", "0", "0" ], "duration": 21.0, "sum": 1 }, "geometry": { "type": "Point", "coordinates": [ -122.276771069266886, 47.569695333839661 ] } },
{ "type": "Feature", "properties": { "lat": 47.569789847287723, "lon": -122.2760886023212, "time_of_day": "Morning", "causation": [ "0", "0", "0", "0", "0", "0", "0", "0", "1", "0", "0", "0", "0", "0", "0", "0", "0", "0", "0", "0", "0", "0", "0", "0" ], "duration": 21.0, "sum": 1 }, "geometry": { "type": "Point", "coordinates": [ -122.276088602321195, 47.569789847287723 ] } },
{ "type": "Feature", "properties": { "lat": 47.569840570822173, "lon": -122.27636106057211, "time_of_day": "Morning", "causation": [ "0", "0", "0", "0", "0", "0", "0", "0", "2", "0", "0", "0", "0", "0", "0", "0", "0", "0", "0", "0", "0", "0", "0", "0" ], "duration": 42.0, "sum": 2 }, "geometry": { "type": "Point", "coordinates": [ -122.276361060572114, 47.569840570822173 ] } },
{ "type": "Feature", "properties": { "lat": 47.570168082284809, "lon": -122.2766386787694, "time_of_day": "Late Night", "causation": [ "0", "0", "0", "0", "0", "0", "0", "0", "1", "0", "0", "0", "0", "0", "0", "0", "0", "0", "0", "0", "0", "0", "0", "0" ], "duration": 277.0, "sum": 1 }, "geometry": { "type": "Point", "coordinates": [ -122.276638678769402, 47.570168082284809 ] } },
{ "type": "Feature", "properties": { "lat": 47.570461505869091, "lon": -122.27764481689476, "time_of_day": "Morning", "causation": [ "0", "0", "0", "0", "0", "0", "0", "0", "3", "0", "0", "0", "0", "0", "0", "0", "0", "0", "0", "0", "0", "0", "0", "0" ], "duration": 63.0, "sum": 3 }, "geometry": { "type": "Point", "coordinates": [ -122.277644816894764, 47.570461505869091 ] } },
{ "type": "Feature", "properties": { "lat": 47.573083826713045, "lon": -122.41444104125756, "time_of_day": "Late Night", "causation": [ "0", "0", "0", "0", "0", "0", "0", "0", "1", "0", "0", "0", "0", "0", "0", "0", "0", "0", "0", "0", "0", "0", "0", "0" ], "duration": 449.0, "sum": 1 }, "geometry": { "type": "Point", "coordinates": [ -122.414441041257561, 47.573083826713045 ] } },
{ "type": "Feature", "properties": { "lat": 47.573903183694611, "lon": -122.31166452531096, "time_of_day": "Morning", "causation": [ "0", "0", "0", "0", "0", "0", "0", "0", "1", "0", "0", "0", "0", "0", "0", "0", "0", "0", "0", "0", "0", "0", "0", "0" ], "duration": 44.0, "sum": 1 }, "geometry": { "type": "Point", "coordinates": [ -122.31166452531096, 47.573903183694611 ] } },
{ "type": "Feature", "properties": { "lat": 47.577925071185483, "lon": -122.40352976551743, "time_of_day": "Morning", "causation": [ "0", "0", "0", "0", "0", "0", "0", "0", "1", "0", "0", "0", "0", "0", "0", "0", "0", "0", "0", "0", "0", "0", "0", "0" ], "duration": 104.0, "sum": 1 }, "geometry": { "type": "Point", "coordinates": [ -122.403529765517433, 47.577925071185483 ] } },
{ "type": "Feature", "properties": { "lat": 47.578021486631698, "lon": -122.40336875438112, "time_of_day": "Morning", "causation": [ "0", "0", "0", "0", "0", "0", "0", "0", "1", "0", "0", "0", "0", "0", "0", "0", "0", "0", "0", "0", "0", "0", "0", "0" ], "duration": 104.0, "sum": 1 }, "geometry": { "type": "Point", "coordinates": [ -122.40336875438112, 47.578021486631698 ] } },
{ "type": "Feature", "properties": { "lat": 47.578095966020797, "lon": -122.40441968928292, "time_of_day": "Morning", "causation": [ "0", "0", "0", "0", "0", "0", "0", "0", "1", "0", "0", "0", "0", "0", "0", "0", "0", "0", "0", "0", "0", "0", "0", "0" ], "duration": 104.0, "sum": 1 }, "geometry": { "type": "Point", "coordinates": [ -122.404419689282918, 47.578095966020797 ] } },
{ "type": "Feature", "properties": { "lat": 47.578129296173223, "lon": -122.40319201443118, "time_of_day": "Morning", "causation": [ "0", "0", "0", "0", "0", "0", "0", "0", "1", "0", "0", "0", "0", "0", "0", "0", "0", "0", "0", "0", "0", "0", "0", "0" ], "duration": 104.0, "sum": 1 }, "geometry": { "type": "Point", "coordinates": [ -122.403192014431184, 47.578129296173223 ] } },
{ "type": "Feature", "properties": { "lat": 47.578200415919341, "lon": -122.40302224000098, "time_of_day": "Morning", "causation": [ "0", "0", "0", "0", "0", "0", "0", "0", "1", "0", "0", "0", "0", "0", "0", "0", "0", "0", "0", "0", "0", "0", "0", "0" ], "duration": 104.0, "sum": 1 }, "geometry": { "type": "Point", "coordinates": [ -122.403022240000979, 47.578200415919341 ] } },
{ "type": "Feature", "properties": { "lat": 47.578225830148689, "lon": -122.40384695172928, "time_of_day": "Morning", "causation": [ "0", "0", "0", "0", "0", "0", "0", "0", "1", "0", "0", "0", "0", "0", "0", "0", "0", "0", "0", "0", "0", "0", "0", "0" ], "duration": 104.0, "sum": 1 }, "geometry": { "type": "Point", "coordinates": [ -122.403846951729278, 47.578225830148689 ] } },
{ "type": "Feature", "properties": { "lat": 47.578274059630203, "lon": -122.40435082327387, "time_of_day": "Morning", "causation": [ "0", "0", "0", "0", "0", "0", "0", "0", "1", "0", "0", "0", "0", "0", "0", "0", "0", "0", "0", "0", "0", "0", "0", "0" ], "duration": 104.0, "sum": 1 }, "geometry": { "type": "Point", "coordinates": [ -122.404350823273873, 47.578274059630203 ] } },
{ "type": "Feature", "properties": { "lat": 47.578315928524823, "lon": -122.4028853675091, "time_of_day": "Morning", "causation": [ "0", "0", "0", "0", "0", "0", "0", "0", "1", "0", "0", "0", "0", "0", "0", "0", "0", "0", "0", "0", "0", "0", "0", "0" ], "duration": 104.0, "sum": 1 }, "geometry": { "type": "Point", "coordinates": [ -122.4028853675091, 47.578315928524823 ] } },
{ "type": "Feature", "properties": { "lat": 47.578362050665618, "lon": -122.40359539023228, "time_of_day": "Morning", "causation": [ "0", "0", "0", "0", "0", "0", "0", "0", "1", "0", "0", "0", "0", "0", "0", "0", "0", "0", "0", "0", "0", "0", "0", "0" ], "duration": 104.0, "sum": 1 }, "geometry": { "type": "Point", "coordinates": [ -122.403595390232283, 47.578362050665618 ] } },
{ "type": "Feature", "properties": { "lat": 47.578373571004349, "lon": -122.40271037561983, "time_of_day": "Morning", "causation": [ "0", "0", "0", "0", "0", "0", "0", "0", "1", "0", "0", "0", "0", "0", "0", "0", "0", "0", "0", "0", "0", "0", "0", "0" ], "duration": 104.0, "sum": 1 }, "geometry": { "type": "Point", "coordinates": [ -122.402710375619833, 47.578373571004349 ] } },
{ "type": "Feature", "properties": { "lat": 47.578473010975223, "lon": -122.40340192301944, "time_of_day": "Morning", "causation": [ "0", "0", "0", "0", "0", "0", "0", "0", "1", "0", "0", "0", "0", "0", "0", "0", "0", "0", "0", "0", "0", "0", "0", "0" ], "duration": 104.0, "sum": 1 }, "geometry": { "type": "Point", "coordinates": [ -122.403401923019445, 47.578473010975223 ] } },
{ "type": "Feature", "properties": { "lat": 47.578582654453584, "lon": -122.40239974188356, "time_of_day": "Morning", "causation": [ "0", "0", "0", "0", "0", "0", "0", "0", "1", "0", "0", "0", "0", "0", "0", "0", "0", "0", "0", "0", "0", "0", "0", "0" ], "duration": 104.0, "sum": 1 }, "geometry": { "type": "Point", "coordinates": [ -122.402399741883556, 47.578582654453584 ] } },
{ "type": "Feature", "properties": { "lat": 47.578593127794896, "lon": -122.40320843525228, "time_of_day": "Morning", "causation": [ "0", "0", "0", "0", "0", "0", "0", "0", "1", "0", "0", "0", "0", "0", "0", "0", "0", "0", "0", "0", "0", "0", "0", "0" ], "duration": 104.0, "sum": 1 }, "geometry": { "type": "Point", "coordinates": [ -122.403208435252282, 47.578593127794896 ] } },
{ "type": "Feature", "properties": { "lat": 47.578667646007823, "lon": -122.40224522293104, "time_of_day": "Morning", "causation": [ "0", "0", "0", "0", "0", "0", "0", "0", "1", "0", "0", "0", "0", "0", "0", "0", "0", "0", "0", "0", "0", "0", "0", "0" ], "duration": 104.0, "sum": 1 }, "geometry": { "type": "Point", "coordinates": [ -122.402245222931043, 47.578667646007823 ] } },
{ "type": "Feature", "properties": { "lat": 47.578695150923622, "lon": -122.40306785675357, "time_of_day": "Morning", "causation": [ "0", "0", "0", "0", "0", "0", "0", "0", "1", "0", "0", "0", "0", "0", "0", "0", "0", "0", "0", "0", "0", "0", "0", "0" ], "duration": 104.0, "sum": 1 }, "geometry": { "type": "Point", "coordinates": [ -122.403067856753566, 47.578695150923622 ] } },
{ "type": "Feature", "properties": { "lat": 47.578742886974432, "lon": -122.40208785260199, "time_of_day": "Morning", "causation": [ "0", "0", "0", "0", "0", "0", "0", "0", "1", "0", "0", "0", "0", "0", "0", "0", "0", "0", "0", "0", "0", "0", "0", "0" ], "duration": 104.0, "sum": 1 }, "geometry": { "type": "Point", "coordinates": [ -122.402087852601994, 47.578742886974432 ] } },
{ "type": "Feature", "properties": { "lat": 47.578867528484373, "lon": -122.40276248650616, "time_of_day": "Morning", "causation": [ "0", "0", "0", "0", "0", "0", "0", "0", "1", "0", "0", "0", "0", "0", "0", "0", "0", "0", "0", "0", "0", "0", "0", "0" ], "duration": 104.0, "sum": 1 }, "geometry": { "type": "Point", "coordinates": [ -122.402762486506163, 47.578867528484373 ] } },
{ "type": "Feature", "properties": { "lat": 47.581818809717966, "lon": -122.39799605107967, "time_of_day": "Late Night", "causation": [ "0", "0", "0", "0", "0", "0", "0", "0", "1", "0", "0", "0", "0", "0", "0", "0", "0", "0", "0", "0", "0", "0", "0", "0" ], "duration": 312.0, "sum": 1 }, "geometry": { "type": "Point", "coordinates": [ -122.397996051079673, 47.581818809717966 ] } },
{ "type": "Feature", "properties": { "lat": 47.581845129570176, "lon": -122.39831655747184, "time_of_day": "Late Night", "causation": [ "0", "0", "0", "0", "0", "0", "0", "0", "1", "0", "0", "0", "0", "0", "0", "0", "0", "0", "0", "0", "0", "0", "0", "0" ], "duration": 312.0, "sum": 1 }, "geometry": { "type": "Point", "coordinates": [ -122.398316557471844, 47.581845129570176 ] } },
{ "type": "Feature", "properties": { "lat": 47.582329720467534, "lon": -122.39791458675327, "time_of_day": "Late Night", "causation": [ "0", "0", "0", "0", "0", "0", "0", "0", "1", "0", "0", "0", "0", "0", "0", "0", "0", "0", "0", "0", "0", "0", "0", "0" ], "duration": 312.0, "sum": 1 }, "geometry": { "type": "Point", "coordinates": [ -122.397914586753274, 47.582329720467534 ] } },
{ "type": "Feature", "properties": { "lat": 47.594765781031441, "lon": -122.29523496675502, "time_of_day": "Morning", "causation": [ "0", "0", "0", "0", "0", "0", "0", "0", "0", "0", "0", "0", "0", "0", "0", "0", "0", "0", "0", "0", "1", "0", "0", "0" ], "duration": 54.0, "sum": 1 }, "geometry": { "type": "Point", "coordinates": [ -122.295234966755018, 47.594765781031441 ] } },
{ "type": "Feature", "properties": { "lat": 47.59477553026268, "lon": -122.29500976057631, "time_of_day": "Morning", "causation": [ "0", "0", "0", "0", "0", "0", "0", "0", "0", "0", "0", "0", "0", "0", "0", "0", "0", "0", "0", "0", "1", "0", "0", "0" ], "duration": 54.0, "sum": 1 }, "geometry": { "type": "Point", "coordinates": [ -122.295009760576306, 47.59477553026268 ] } },
{ "type": "Feature", "properties": { "lat": 47.594776841594687, "lon": -122.2956830027035, "time_of_day": "Morning", "causation": [ "0", "0", "0", "0", "0", "0", "0", "0", "0", "0", "0", "0", "0", "0", "0", "0", "0", "0", "0", "0", "1", "0", "0", "0" ], "duration": 54.0, "sum": 1 }, "geometry": { "type": "Point", "coordinates": [ -122.295683002703498, 47.594776841594687 ] } },
{ "type": "Feature", "properties": { "lat": 47.594847114670962, "lon": -122.29523370424806, "time_of_day": "Morning", "causation": [ "0", "0", "0", "0", "0", "0", "0", "0", "0", "0", "0", "0", "0", "0", "0", "0", "0", "0", "0", "0", "2", "0", "0", "0" ], "duration": 108.0, "sum": 2 }, "geometry": { "type": "Point", "coordinates": [ -122.295233704248062, 47.594847114670962 ] } },
{ "type": "Feature", "properties": { "lat": 47.594849279779083, "lon": -122.2950118316204, "time_of_day": "Morning", "causation": [ "0", "0", "0", "0", "0", "0", "0", "0", "0", "0", "0", "0", "0", "0", "0", "0", "0", "0", "0", "0", "1", "0", "0", "0" ], "duration": 54.0, "sum": 1 }, "geometry": { "type": "Point", "coordinates": [ -122.2950118316204, 47.594849279779083 ] } },
{ "type": "Feature", "properties": { "lat": 47.594886898019546, "lon": -122.29561180474786, "time_of_day": "Morning", "causation": [ "0", "0", "0", "0", "0", "0", "0", "0", "0", "0", "0", "0", "0", "0", "0", "0", "0", "0", "0", "0", "1", "0", "0", "0" ], "duration": 54.0, "sum": 1 }, "geometry": { "type": "Point", "coordinates": [ -122.295611804747864, 47.594886898019546 ] } },
{ "type": "Feature", "properties": { "lat": 47.594887170042703, "lon": -122.29567058933252, "time_of_day": "Morning", "causation": [ "0", "0", "0", "0", "0", "0", "0", "0", "0", "0", "0", "0", "0", "0", "0", "0", "0", "0", "0", "0", "1", "0", "0", "0" ], "duration": 54.0, "sum": 1 }, "geometry": { "type": "Point", "coordinates": [ -122.295670589332516, 47.594887170042703 ] } },
{ "type": "Feature", "properties": { "lat": 47.594891945090438, "lon": -122.29576020227108, "time_of_day": "Morning", "causation": [ "0", "0", "0", "0", "0", "0", "0", "0", "0", "0", "0", "0", "0", "0", "0", "0", "0", "0", "0", "0", "1", "0", "0", "0" ], "duration": 54.0, "sum": 1 }, "geometry": { "type": "Point", "coordinates": [ -122.295760202271083, 47.594891945090438 ] } },
{ "type": "Feature", "properties": { "lat": 47.594893292569068, "lon": -122.29583087786575, "time_of_day": "Morning", "causation": [ "0", "0", "0", "0", "0", "0", "0", "0", "0", "0", "0", "0", "0", "0", "0", "0", "0", "0", "0", "0", "1", "0", "0", "0" ], "duration": 54.0, "sum": 1 }, "geometry": { "type": "Point", "coordinates": [ -122.295830877865754, 47.594893292569068 ] } },
{ "type": "Feature", "properties": { "lat": 47.594894466612843, "lon": -122.29590286195288, "time_of_day": "Morning", "causation": [ "0", "0", "0", "0", "0", "0", "0", "0", "0", "0", "0", "0", "0", "0", "0", "0", "0", "0", "0", "0", "1", "0", "0", "0" ], "duration": 54.0, "sum": 1 }, "geometry": { "type": "Point", "coordinates": [ -122.295902861952882, 47.594894466612843 ] } },
{ "type": "Feature", "properties": { "lat": 47.594967692692009, "lon": -122.2951389656572, "time_of_day": "Morning", "causation": [ "0", "0", "0", "0", "0", "0", "0", "0", "0", "0", "0", "0", "0", "0", "0", "0", "0", "0", "0", "0", "1", "0", "0", "0" ], "duration": 54.0, "sum": 1 }, "geometry": { "type": "Point", "coordinates": [ -122.295138965657202, 47.594967692692009 ] } },
{ "type": "Feature", "properties": { "lat": 47.595014709943918, "lon": -122.29570382053021, "time_of_day": "Morning", "causation": [ "0", "0", "0", "0", "0", "0", "0", "0", "0", "0", "0", "0", "0", "0", "0", "0", "0", "0", "0", "0", "1", "0", "0", "0" ], "duration": 54.0, "sum": 1 }, "geometry": { "type": "Point", "coordinates": [ -122.295703820530207, 47.595014709943918 ] } },
{ "type": "Feature", "properties": { "lat": 47.595098330935308, "lon": -122.29572655546116, "time_of_day": "Morning", "causation": [ "0", "0", "0", "0", "0", "0", "0", "0", "0", "0", "0", "0", "0", "0", "0", "0", "0", "0", "0", "0", "1", "0", "0", "0" ], "duration": 54.0, "sum": 1 }, "geometry": { "type": "Point", "coordinates": [ -122.295726555461158, 47.595098330935308 ] } },
{ "type": "Feature", "properties": { "lat": 47.595136734728833, "lon": -122.29507142934946, "time_of_day": "Morning", "causation": [ "0", "0", "0", "0", "0", "0", "0", "0", "0", "0", "0", "0", "0", "0", "0", "0", "0", "0", "0", "0", "4", "0", "0", "0" ], "duration": 216.0, "sum": 4 }, "geometry": { "type": "Point", "coordinates": [ -122.295071429349463, 47.595136734728833 ] } },
{ "type": "Feature", "properties": { "lat": 47.59519166019485, "lon": -122.29572608474778, "time_of_day": "Morning", "causation": [ "0", "0", "0", "0", "0", "0", "0", "0", "0", "0", "0", "0", "0", "0", "0", "0", "0", "0", "0", "0", "1", "0", "0", "0" ], "duration": 54.0, "sum": 1 }, "geometry": { "type": "Point", "coordinates": [ -122.295726084747784, 47.59519166019485 ] } },
{ "type": "Feature", "properties": { "lat": 47.595324933706351, "lon": -122.29509892846499, "time_of_day": "Morning", "causation": [ "0", "0", "0", "0", "0", "0", "0", "0", "0", "0", "0", "0", "0", "0", "0", "0", "0", "0", "0", "0", "7", "0", "0", "0" ], "duration": 378.0, "sum": 7 }, "geometry": { "type": "Point", "coordinates": [ -122.295098928464995, 47.595324933706351 ] } },
{ "type": "Feature", "properties": { "lat": 47.595548908430345, "lon": -122.3247221935525, "time_of_day": "Late Night", "causation": [ "0", "0", "0", "0", "0", "0", "0", "0", "14", "0", "0", "0", "0", "0", "0", "0", "0", "0", "0", "0", "0", "0", "0", "0" ], "duration": 5432.0, "sum": 14 }, "geometry": { "type": "Point", "coordinates": [ -122.324722193552503, 47.595548908430345 ] } },
{ "type": "Feature", "properties": { "lat": 47.604074953158822, "lon": -122.31918377866428, "time_of_day": "Morning", "causation": [ "0", "0", "0", "0", "0", "0", "0", "0", "0", "0", "0", "0", "0", "0", "0", "0", "0", "0", "0", "0", "1", "0", "0", "0" ], "duration": 120.0, "sum": 1 }, "geometry": { "type": "Point", "coordinates": [ -122.319183778664282, 47.604074953158822 ] } },
{ "type": "Feature", "properties": { "lat": 47.607060457099479, "lon": -122.30967124569784, "time_of_day": "Afternoon", "causation": [ "0", "0", "2", "0", "0", "0", "0", "0", "0", "0", "0", "0", "0", "0", "0", "0", "0", "0", "0", "0", "0", "0", "0", "0" ], "duration": 1198.0, "sum": 2 }, "geometry": { "type": "Point", "coordinates": [ -122.309671245697842, 47.607060457099479 ] } },
{ "type": "Feature", "properties": { "lat": 47.6077900943828, "lon": -122.32014791721734, "time_of_day": "Morning", "causation": [ "0", "0", "0", "0", "0", "0", "0", "0", "1", "0", "0", "0", "0", "0", "0", "0", "0", "0", "0", "0", "0", "0", "0", "0" ], "duration": 493.0, "sum": 1 }, "geometry": { "type": "Point", "coordinates": [ -122.320147917217341, 47.6077900943828 ] } },
{ "type": "Feature", "properties": { "lat": 47.611951477734792, "lon": -122.29726894064537, "time_of_day": "Morning", "causation": [ "0", "0", "0", "0", "0", "0", "0", "0", "1", "0", "0", "0", "0", "0", "0", "0", "0", "0", "0", "0", "0", "0", "0", "0" ], "duration": 44.0, "sum": 1 }, "geometry": { "type": "Point", "coordinates": [ -122.297268940645367, 47.611951477734792 ] } },
{ "type": "Feature", "properties": { "lat": 47.612512974054027, "lon": -122.2901005736436, "time_of_day": "Morning", "causation": [ "0", "0", "0", "0", "0", "0", "0", "0", "1", "0", "0", "0", "0", "0", "0", "0", "0", "0", "0", "0", "0", "0", "0", "0" ], "duration": 44.0, "sum": 1 }, "geometry": { "type": "Point", "coordinates": [ -122.290100573643599, 47.612512974054027 ] } },
{ "type": "Feature", "properties": { "lat": 47.613090028748886, "lon": -122.31374488779085, "time_of_day": "Late Night", "causation": [ "0", "0", "0", "0", "0", "0", "0", "0", "1", "0", "0", "0", "0", "0", "0", "0", "0", "0", "0", "0", "0", "0", "0", "0" ], "duration": 297.0, "sum": 1 }, "geometry": { "type": "Point", "coordinates": [ -122.313744887790847, 47.613090028748886 ] } },
{ "type": "Feature", "properties": { "lat": 47.61942637661037, "lon": -122.28652010789374, "time_of_day": "Afternoon", "causation": [ "0", "0", "0", "0", "0", "0", "0", "0", "1", "0", "0", "0", "0", "0", "0", "0", "0", "0", "0", "0", "0", "0", "0", "0" ], "duration": 261.0, "sum": 1 }, "geometry": { "type": "Point", "coordinates": [ -122.286520107893736, 47.61942637661037 ] } },
{ "type": "Feature", "properties": { "lat": 47.619558095504509, "lon": -122.28721568302264, "time_of_day": "Afternoon", "causation": [ "0", "0", "0", "0", "0", "0", "0", "0", "1", "0", "0", "0", "0", "0", "0", "0", "0", "0", "0", "0", "0", "0", "0", "0" ], "duration": 261.0, "sum": 1 }, "geometry": { "type": "Point", "coordinates": [ -122.287215683022637, 47.619558095504509 ] } },
{ "type": "Feature", "properties": { "lat": 47.619559729233771, "lon": -122.28665673537311, "time_of_day": "Afternoon", "causation": [ "0", "0", "0", "0", "0", "0", "0", "0", "1", "0", "0", "0", "0", "0", "0", "0", "0", "0", "0", "0", "0", "0", "0", "0" ], "duration": 261.0, "sum": 1 }, "geometry": { "type": "Point", "coordinates": [ -122.286656735373114, 47.619559729233771 ] } },
{ "type": "Feature", "properties": { "lat": 47.619670777282963, "lon": -122.28665281741768, "time_of_day": "Afternoon", "causation": [ "0", "0", "0", "0", "0", "0", "0", "0", "1", "0", "0", "0", "0", "0", "0", "0", "0", "0", "0", "0", "0", "0", "0", "0" ], "duration": 261.0, "sum": 1 }, "geometry": { "type": "Point", "coordinates": [ -122.286652817417675, 47.619670777282963 ] } },
{ "type": "Feature", "properties": { "lat": 47.61967177809457, "lon": -122.28722384823308, "time_of_day": "Afternoon", "causation": [ "0", "0", "0", "0", "0", "0", "0", "0", "1", "0", "0", "0", "0", "0", "0", "0", "0", "0", "0", "0", "0", "0", "0", "0" ], "duration": 261.0, "sum": 1 }, "geometry": { "type": "Point", "coordinates": [ -122.287223848233083, 47.61967177809457 ] } },
{ "type": "Feature", "properties": { "lat": 47.619782608062593, "lon": -122.28664295970722, "time_of_day": "Afternoon", "causation": [ "0", "0", "0", "0", "0", "0", "0", "0", "1", "0", "0", "0", "0", "0", "0", "0", "0", "0", "0", "0", "0", "0", "0", "0" ], "duration": 261.0, "sum": 1 }, "geometry": { "type": "Point", "coordinates": [ -122.286642959707223, 47.619782608062593 ] } },
{ "type": "Feature", "properties": { "lat": 47.619794713473823, "lon": -122.28725890867643, "time_of_day": "Afternoon", "causation": [ "0", "0", "0", "0", "0", "0", "0", "0", "1", "0", "0", "0", "0", "0", "0", "0", "0", "0", "0", "0", "0", "0", "0", "0" ], "duration": 261.0, "sum": 1 }, "geometry": { "type": "Point", "coordinates": [ -122.287258908676435, 47.619794713473823 ] } },
{ "type": "Feature", "properties": { "lat": 47.619877051245368, "lon": -122.28723478396756, "time_of_day": "Afternoon", "causation": [ "0", "0", "0", "0", "0", "0", "0", "0", "1", "0", "0", "0", "0", "0", "0", "0", "0", "0", "0", "0", "0", "0", "0", "0" ], "duration": 261.0, "sum": 1 }, "geometry": { "type": "Point", "coordinates": [ -122.287234783967563, 47.619877051245368 ] } },
{ "type": "Feature", "properties": { "lat": 47.61987756441934, "lon": -122.28672208318332, "time_of_day": "Afternoon", "causation": [ "0", "0", "0", "0", "0", "0", "0", "0", "1", "0", "0", "0", "0", "0", "0", "0", "0", "0", "0", "0", "0", "0", "0", "0" ], "duration": 261.0, "sum": 1 }, "geometry": { "type": "Point", "coordinates": [ -122.286722083183321, 47.61987756441934 ] } },
{ "type": "Feature", "properties": { "lat": 47.619993774337431, "lon": -122.28724269763192, "time_of_day": "Afternoon", "causation": [ "0", "0", "0", "0", "0", "0", "0", "0", "1", "0", "0", "0", "0", "0", "0", "0", "0", "0", "0", "0", "0", "0", "0", "0" ], "duration": 261.0, "sum": 1 }, "geometry": { "type": "Point", "coordinates": [ -122.287242697631925, 47.619993774337431 ] } },
{ "type": "Feature", "properties": { "lat": 47.620012889233863, "lon": -122.28672124847662, "time_of_day": "Afternoon", "causation": [ "0", "0", "0", "0", "0", "0", "0", "0", "1", "0", "0", "0", "0", "0", "0", "0", "0", "0", "0", "0", "0", "0", "0", "0" ], "duration": 261.0, "sum": 1 }, "geometry": { "type": "Point", "coordinates": [ -122.286721248476624, 47.620012889233863 ] } },
{ "type": "Feature", "properties": { "lat": 47.620297496609382, "lon": -122.28723594485346, "time_of_day": "Afternoon", "causation": [ "0", "0", "0", "0", "0", "0", "0", "0", "1", "0", "0", "0", "0", "0", "0", "0", "0", "0", "0", "0", "0", "0", "0", "0" ], "duration": 261.0, "sum": 1 }, "geometry": { "type": "Point", "coordinates": [ -122.287235944853464, 47.620297496609382 ] } },
{ "type": "Feature", "properties": { "lat": 47.620330397473744, "lon": -122.2866664260614, "time_of_day": "Afternoon", "causation": [ "0", "0", "0", "0", "0", "0", "0", "0", "1", "0", "0", "0", "0", "0", "0", "0", "0", "0", "0", "0", "0", "0", "0", "0" ], "duration": 261.0, "sum": 1 }, "geometry": { "type": "Point", "coordinates": [ -122.286666426061402, 47.620330397473744 ] } },
{ "type": "Feature", "properties": { "lat": 47.620333577875087, "lon": -122.28650559045865, "time_of_day": "Afternoon", "causation": [ "0", "0", "0", "0", "0", "0", "0", "0", "1", "0", "0", "0", "0", "0", "0", "0", "0", "0", "0", "0", "0", "0", "0", "0" ], "duration": 261.0, "sum": 1 }, "geometry": { "type": "Point", "coordinates": [ -122.286505590458646, 47.620333577875087 ] } },
{ "type": "Feature", "properties": { "lat": 47.620374221307749, "lon": -122.28715424845744, "time_of_day": "Afternoon", "causation": [ "0", "0", "0", "0", "0", "0", "0", "0", "1", "0", "0", "0", "0", "0", "0", "0", "0", "0", "0", "0", "0", "0", "0", "0" ], "duration": 261.0, "sum": 1 }, "geometry": { "type": "Point", "coordinates": [ -122.287154248457441, 47.620374221307749 ] } },
{ "type": "Feature", "properties": { "lat": 47.620487576516602, "lon": -122.31387662612408, "time_of_day": "Afternoon", "causation": [ "0", "0", "0", "0", "0", "0", "0", "0", "1", "0", "0", "0", "0", "0", "0", "0", "0", "0", "0", "0", "0", "0", "0", "0" ], "duration": 460.0, "sum": 1 }, "geometry": { "type": "Point", "coordinates": [ -122.313876626124085, 47.620487576516602 ] } },
{ "type": "Feature", "properties": { "lat": 47.620525939236451, "lon": -122.28725718053884, "time_of_day": "Afternoon", "causation": [ "0", "0", "0", "0", "0", "0", "0", "0", "1", "0", "0", "0", "0", "0", "0", "0", "0", "0", "0", "0", "0", "0", "0", "0" ], "duration": 261.0, "sum": 1 }, "geometry": { "type": "Point", "coordinates": [ -122.287257180538845, 47.620525939236451 ] } },
{ "type": "Feature", "properties": { "lat": 47.620728832597152, "lon": -122.28730844777976, "time_of_day": "Afternoon", "causation": [ "0", "0", "0", "0", "0", "0", "0", "0", "1", "0", "0", "0", "0", "0", "0", "0", "0", "0", "0", "0", "0", "0", "0", "0" ], "duration": 261.0, "sum": 1 }, "geometry": { "type": "Point", "coordinates": [ -122.287308447779765, 47.620728832597152 ] } },
{ "type": "Feature", "properties": { "lat": 47.620861633498237, "lon": -122.28727567110484, "time_of_day": "Afternoon", "causation": [ "0", "0", "0", "0", "0", "0", "0", "0", "1", "0", "0", "0", "0", "0", "0", "0", "0", "0", "0", "0", "0", "0", "0", "0" ], "duration": 261.0, "sum": 1 }, "geometry": { "type": "Point", "coordinates": [ -122.287275671104837, 47.620861633498237 ] } },
{ "type": "Feature", "properties": { "lat": 47.620947265285629, "lon": -122.28723342426755, "time_of_day": "Afternoon", "causation": [ "0", "0", "0", "0", "0", "0", "0", "0", "1", "0", "0", "0", "0", "0", "0", "0", "0", "0", "0", "0", "0", "0", "0", "0" ], "duration": 261.0, "sum": 1 }, "geometry": { "type": "Point", "coordinates": [ -122.287233424267555, 47.620947265285629 ] } },
{ "type": "Feature", "properties": { "lat": 47.621043330977777, "lon": -122.28652424782386, "time_of_day": "Afternoon", "causation": [ "0", "0", "0", "0", "0", "0", "0", "0", "1", "0", "0", "0", "0", "0", "0", "0", "0", "0", "0", "0", "0", "0", "0", "0" ], "duration": 261.0, "sum": 1 }, "geometry": { "type": "Point", "coordinates": [ -122.286524247823863, 47.621043330977777 ] } },
{ "type": "Feature", "properties": { "lat": 47.62105328622556, "lon": -122.28722317402671, "time_of_day": "Afternoon", "causation": [ "0", "0", "0", "0", "0", "0", "0", "0", "1", "0", "0", "0", "0", "0", "0", "0", "0", "0", "0", "0", "0", "0", "0", "0" ], "duration": 261.0, "sum": 1 }, "geometry": { "type": "Point", "coordinates": [ -122.287223174026707, 47.62105328622556 ] } },
{ "type": "Feature", "properties": { "lat": 47.62117081144757, "lon": -122.28719428927296, "time_of_day": "Afternoon", "causation": [ "0", "0", "0", "0", "0", "0", "0", "0", "1", "0", "0", "0", "0", "0", "0", "0", "0", "0", "0", "0", "0", "0", "0", "0" ], "duration": 261.0, "sum": 1 }, "geometry": { "type": "Point", "coordinates": [ -122.287194289272961, 47.62117081144757 ] } },
{ "type": "Feature", "properties": { "lat": 47.621208319563223, "lon": -122.28573455859026, "time_of_day": "Afternoon", "causation": [ "0", "0", "0", "0", "0", "0", "0", "0", "1", "0", "0", "0", "0", "0", "0", "0", "0", "0", "0", "0", "0", "0", "0", "0" ], "duration": 1450.0, "sum": 1 }, "geometry": { "type": "Point", "coordinates": [ -122.285734558590264, 47.621208319563223 ] } },
{ "type": "Feature", "properties": { "lat": 47.6212664077607, "lon": -122.32693768088927, "time_of_day": "Morning", "causation": [ "0", "0", "0", "0", "0", "0", "0", "0", "1", "0", "0", "0", "0", "0", "0", "0", "0", "0", "0", "0", "0", "0", "0", "0" ], "duration": 44.0, "sum": 1 }, "geometry": { "type": "Point", "coordinates": [ -122.326937680889273, 47.6212664077607 ] } },
{ "type": "Feature", "properties": { "lat": 47.621474614126271, "lon": -122.28619844361798, "time_of_day": "Afternoon", "causation": [ "0", "0", "0", "0", "0", "0", "0", "0", "1", "0", "0", "0", "0", "0", "0", "0", "0", "0", "0", "0", "0", "0", "0", "0" ], "duration": 1450.0, "sum": 1 }, "geometry": { "type": "Point", "coordinates": [ -122.286198443617977, 47.621474614126271 ] } },
{ "type": "Feature", "properties": { "lat": 47.621475832862892, "lon": -122.28753480050844, "time_of_day": "Afternoon", "causation": [ "0", "0", "0", "0", "0", "0", "0", "0", "1", "0", "0", "0", "0", "0", "0", "0", "0", "0", "0", "0", "0", "0", "0", "0" ], "duration": 261.0, "sum": 1 }, "geometry": { "type": "Point", "coordinates": [ -122.287534800508439, 47.621475832862892 ] } },
{ "type": "Feature", "properties": { "lat": 47.621497133489967, "lon": -122.32427071597792, "time_of_day": "Morning", "causation": [ "0", "0", "0", "0", "0", "0", "0", "0", "1", "0", "0", "0", "0", "0", "0", "0", "0", "0", "0", "0", "0", "0", "0", "0" ], "duration": 44.0, "sum": 1 }, "geometry": { "type": "Point", "coordinates": [ -122.324270715977917, 47.621497133489967 ] } },
{ "type": "Feature", "properties": { "lat": 47.621502062205842, "lon": -122.28687910283251, "time_of_day": "Afternoon", "causation": [ "0", "0", "0", "0", "0", "0", "0", "0", "1", "0", "0", "0", "0", "0", "0", "0", "0", "0", "0", "0", "0", "0", "0", "0" ], "duration": 261.0, "sum": 1 }, "geometry": { "type": "Point", "coordinates": [ -122.286879102832515, 47.621502062205842 ] } },
{ "type": "Feature", "properties": { "lat": 47.621562561643373, "lon": -122.28754450066572, "time_of_day": "Afternoon", "causation": [ "0", "0", "0", "0", "0", "0", "0", "0", "1", "0", "0", "0", "0", "0", "0", "0", "0", "0", "0", "0", "0", "0", "0", "0" ], "duration": 261.0, "sum": 1 }, "geometry": { "type": "Point", "coordinates": [ -122.287544500665717, 47.621562561643373 ] } },
{ "type": "Feature", "properties": { "lat": 47.621644298061398, "lon": -122.28629102390146, "time_of_day": "Afternoon", "causation": [ "0", "0", "0", "0", "0", "0", "0", "0", "1", "0", "0", "0", "0", "0", "0", "0", "0", "0", "0", "0", "0", "0", "0", "0" ], "duration": 1450.0, "sum": 1 }, "geometry": { "type": "Point", "coordinates": [ -122.286291023901455, 47.621644298061398 ] } },
{ "type": "Feature", "properties": { "lat": 47.621668652735501, "lon": -122.28691738289986, "time_of_day": "Afternoon", "causation": [ "0", "0", "0", "0", "0", "0", "0", "0", "1", "0", "0", "0", "0", "0", "0", "0", "0", "0", "0", "0", "0", "0", "0", "0" ], "duration": 261.0, "sum": 1 }, "geometry": { "type": "Point", "coordinates": [ -122.286917382899858, 47.621668652735501 ] } },
{ "type": "Feature", "properties": { "lat": 47.621745742881664, "lon": -122.28756245734129, "time_of_day": "Afternoon", "causation": [ "0", "0", "0", "0", "0", "0", "0", "0", "1", "0", "0", "0", "0", "0", "0", "0", "0", "0", "0", "0", "0", "0", "0", "0" ], "duration": 261.0, "sum": 1 }, "geometry": { "type": "Point", "coordinates": [ -122.287562457341295, 47.621745742881664 ] } },
{ "type": "Feature", "properties": { "lat": 47.621817756330188, "lon": -122.28689653363833, "time_of_day": "Afternoon", "causation": [ "0", "0", "0", "0", "0", "0", "0", "0", "1", "0", "0", "0", "0", "0", "0", "0", "0", "0", "0", "0", "0", "0", "0", "0" ], "duration": 261.0, "sum": 1 }, "geometry": { "type": "Point", "coordinates": [ -122.286896533638327, 47.621817756330188 ] } },
{ "type": "Feature", "properties": { "lat": 47.621856450297287, "lon": -122.28751183053052, "time_of_day": "Afternoon", "causation": [ "0", "0", "0", "0", "0", "0", "0", "0", "1", "0", "0", "0", "0", "0", "0", "0", "0", "0", "0", "0", "0", "0", "0", "0" ], "duration": 261.0, "sum": 1 }, "geometry": { "type": "Point", "coordinates": [ -122.287511830530519, 47.621856450297287 ] } },
{ "type": "Feature", "properties": { "lat": 47.621870561048105, "lon": -122.28631270206608, "time_of_day": "Afternoon", "causation": [ "0", "0", "0", "0", "0", "0", "0", "0", "2", "0", "0", "0", "0", "0", "0", "0", "0", "0", "0", "0", "0", "0", "0", "0" ], "duration": 2900.0, "sum": 2 }, "geometry": { "type": "Point", "coordinates": [ -122.286312702066084, 47.621870561048105 ] } },
{ "type": "Feature", "properties": { "lat": 47.622013478204849, "lon": -122.28690602145446, "time_of_day": "Afternoon", "causation": [ "0", "0", "0", "0", "0", "0", "0", "0", "1", "0", "0", "0", "0", "0", "0", "0", "0", "0", "0", "0", "0", "0", "0", "0" ], "duration": 261.0, "sum": 1 }, "geometry": { "type": "Point", "coordinates": [ -122.286906021454456, 47.622013478204849 ] } },
{ "type": "Feature", "properties": { "lat": 47.622033548464159, "lon": -122.28749107188308, "time_of_day": "Afternoon", "causation": [ "0", "0", "0", "0", "0", "0", "0", "0", "1", "0", "0", "0", "0", "0", "0", "0", "0", "0", "0", "0", "0", "0", "0", "0" ], "duration": 261.0, "sum": 1 }, "geometry": { "type": "Point", "coordinates": [ -122.287491071883082, 47.622033548464159 ] } },
{ "type": "Feature", "properties": { "lat": 47.622150185260757, "lon": -122.28627661301449, "time_of_day": "Afternoon", "causation": [ "0", "0", "0", "0", "0", "0", "0", "0", "1", "0", "0", "0", "0", "0", "0", "0", "0", "0", "0", "0", "0", "0", "0", "0" ], "duration": 1450.0, "sum": 1 }, "geometry": { "type": "Point", "coordinates": [ -122.286276613014493, 47.622150185260757 ] } },
{ "type": "Feature", "properties": { "lat": 47.622172569253422, "lon": -122.2869085036736, "time_of_day": "Afternoon", "causation": [ "0", "0", "0", "0", "0", "0", "0", "0", "1", "0", "0", "0", "0", "0", "0", "0", "0", "0", "0", "0", "0", "0", "0", "0" ], "duration": 261.0, "sum": 1 }, "geometry": { "type": "Point", "coordinates": [ -122.286908503673601, 47.622172569253422 ] } },
{ "type": "Feature", "properties": { "lat": 47.622183580282467, "lon": -122.2874844774604, "time_of_day": "Afternoon", "causation": [ "0", "0", "0", "0", "0", "0", "0", "0", "1", "0", "0", "0", "0", "0", "0", "0", "0", "0", "0", "0", "0", "0", "0", "0" ], "duration": 261.0, "sum": 1 }, "geometry": { "type": "Point", "coordinates": [ -122.287484477460396, 47.622183580282467 ] } },
{ "type": "Feature", "properties": { "lat": 47.622334519643331, "lon": -122.28694943689256, "time_of_day": "Afternoon", "causation": [ "0", "0", "0", "0", "0", "0", "0", "0", "1", "0", "0", "0", "0", "0", "0", "0", "0", "0", "0", "0", "0", "0", "0", "0" ], "duration": 1450.0, "sum": 1 }, "geometry": { "type": "Point", "coordinates": [ -122.286949436892556, 47.622334519643331 ] } },
{ "type": "Feature", "properties": { "lat": 47.622338664383442, "lon": -122.28677604527979, "time_of_day": "Afternoon", "causation": [ "0", "0", "0", "0", "0", "0", "0", "0", "1", "0", "0", "0", "0", "0", "0", "0", "0", "0", "0", "0", "0", "0", "0", "0" ], "duration": 1450.0, "sum": 1 }, "geometry": { "type": "Point", "coordinates": [ -122.286776045279794, 47.622338664383442 ] } },
{ "type": "Feature", "properties": { "lat": 47.62234317357855, "lon": -122.2866017918498, "time_of_day": "Afternoon", "causation": [ "0", "0", "0", "0", "0", "0", "0", "0", "1", "0", "0", "0", "0", "0", "0", "0", "0", "0", "0", "0", "0", "0", "0", "0" ], "duration": 1450.0, "sum": 1 }, "geometry": { "type": "Point", "coordinates": [ -122.286601791849804, 47.62234317357855 ] } },
{ "type": "Feature", "properties": { "lat": 47.62236192098819, "lon": -122.2864555271186, "time_of_day": "Afternoon", "causation": [ "0", "0", "0", "0", "0", "0", "0", "0", "1", "0", "0", "0", "0", "0", "0", "0", "0", "0", "0", "0", "0", "0", "0", "0" ], "duration": 1450.0, "sum": 1 }, "geometry": { "type": "Point", "coordinates": [ -122.286455527118605, 47.62236192098819 ] } },
{ "type": "Feature", "properties": { "lat": 47.622365395194841, "lon": -122.28755424015095, "time_of_day": "Afternoon", "causation": [ "0", "0", "0", "0", "0", "0", "0", "0", "1", "0", "0", "0", "0", "0", "0", "0", "0", "0", "0", "0", "0", "0", "0", "0" ], "duration": 261.0, "sum": 1 }, "geometry": { "type": "Point", "coordinates": [ -122.287554240150953, 47.622365395194841 ] } },
{ "type": "Feature", "properties": { "lat": 47.622444991385827, "lon": -122.34276602245323, "time_of_day": "Morning", "causation": [ "0", "0", "0", "0", "0", "0", "0", "0", "101", "0", "0", "0", "0", "0", "0", "0", "0", "0", "0", "0", "0", "0", "0", "0" ], "duration": 4444.0, "sum": 101 }, "geometry": { "type": "Point", "coordinates": [ -122.342766022453233, 47.622444991385827 ] } },
{ "type": "Feature", "properties": { "lat": 47.622737769936471, "lon": -122.28648832002632, "time_of_day": "Afternoon", "causation": [ "0", "0", "0", "0", "0", "0", "0", "0", "1", "0", "0", "0", "0", "0", "0", "0", "0", "0", "0", "0", "0", "0", "0", "0" ], "duration": 261.0, "sum": 1 }, "geometry": { "type": "Point", "coordinates": [ -122.286488320026322, 47.622737769936471 ] } },
{ "type": "Feature", "properties": { "lat": 47.622763589250823, "lon": -122.28681823796948, "time_of_day": "Afternoon", "causation": [ "0", "0", "0", "0", "0", "0", "0", "0", "1", "0", "0", "0", "0", "0", "0", "0", "0", "0", "0", "0", "0", "0", "0", "0" ], "duration": 261.0, "sum": 1 }, "geometry": { "type": "Point", "coordinates": [ -122.286818237969484, 47.622763589250823 ] } },
{ "type": "Feature", "properties": { "lat": 47.622767050964121, "lon": -122.32378984108016, "time_of_day": "Morning", "causation": [ "0", "0", "0", "0", "0", "0", "0", "0", "34", "0", "0", "0", "0", "0", "0", "0", "0", "0", "0", "0", "0", "0", "0", "0" ], "duration": 15028.0, "sum": 34 }, "geometry": { "type": "Point", "coordinates": [ -122.323789841080156, 47.622767050964121 ] } },
{ "type": "Feature", "properties": { "lat": 47.622872955057147, "lon": -122.34146347345212, "time_of_day": "Morning", "causation": [ "0", "0", "0", "0", "0", "0", "0", "0", "2", "0", "0", "0", "0", "0", "0", "0", "0", "0", "0", "0", "0", "0", "0", "0" ], "duration": 88.0, "sum": 2 }, "geometry": { "type": "Point", "coordinates": [ -122.341463473452123, 47.622872955057147 ] } },
{ "type": "Feature", "properties": { "lat": 47.622965738262046, "lon": -122.34342550033432, "time_of_day": "Morning", "causation": [ "0", "0", "0", "0", "0", "0", "0", "0", "296", "0", "0", "0", "0", "0", "0", "0", "0", "0", "0", "0", "0", "0", "0", "0" ], "duration": 13024.0, "sum": 296 }, "geometry": { "type": "Point", "coordinates": [ -122.34342550033432, 47.622965738262046 ] } },
{ "type": "Feature", "properties": { "lat": 47.623012337197842, "lon": -122.32338587403554, "time_of_day": "Morning", "causation": [ "0", "0", "0", "0", "0", "0", "0", "0", "2", "0", "0", "0", "0", "0", "0", "0", "0", "0", "0", "0", "0", "0", "0", "0" ], "duration": 884.0, "sum": 2 }, "geometry": { "type": "Point", "coordinates": [ -122.323385874035537, 47.623012337197842 ] } },
{ "type": "Feature", "properties": { "lat": 47.623076267320663, "lon": -122.28710133887807, "time_of_day": "Afternoon", "causation": [ "0", "0", "0", "0", "0", "0", "0", "0", "3", "0", "0", "0", "0", "0", "0", "0", "0", "0", "0", "0", "0", "0", "0", "0" ], "duration": 783.0, "sum": 3 }, "geometry": { "type": "Point", "coordinates": [ -122.287101338878074, 47.623076267320663 ] } },
{ "type": "Feature", "properties": { "lat": 47.623396346168661, "lon": -122.34276820470406, "time_of_day": "Morning", "causation": [ "0", "0", "0", "0", "0", "0", "0", "0", "1", "0", "0", "0", "0", "0", "0", "0", "0", "0", "0", "0", "0", "0", "0", "0" ], "duration": 44.0, "sum": 1 }, "geometry": { "type": "Point", "coordinates": [ -122.342768204704058, 47.623396346168661 ] } },
{ "type": "Feature", "properties": { "lat": 47.623398730953134, "lon": -122.3419290331219, "time_of_day": "Morning", "causation": [ "0", "0", "0", "0", "0", "0", "0", "0", "3", "0", "0", "0", "0", "0", "0", "0", "0", "0", "0", "0", "0", "0", "0", "0" ], "duration": 132.0, "sum": 3 }, "geometry": { "type": "Point", "coordinates": [ -122.3419290331219, 47.623398730953134 ] } },
{ "type": "Feature", "properties": { "lat": 47.623557557778227, "lon": -122.34279671872316, "time_of_day": "Morning", "causation": [ "0", "0", "0", "0", "0", "0", "0", "0", "2", "0", "0", "0", "0", "0", "0", "0", "0", "0", "0", "0", "0", "0", "0", "0" ], "duration": 88.0, "sum": 2 }, "geometry": { "type": "Point", "coordinates": [ -122.342796718723164, 47.623557557778227 ] } },
{ "type": "Feature", "properties": { "lat": 47.62372970060246, "lon": -122.34280009948075, "time_of_day": "Morning", "causation": [ "0", "0", "0", "0", "0", "0", "0", "0", "2", "0", "0", "0", "0", "0", "0", "0", "0", "0", "0", "0", "0", "0", "0", "0" ], "duration": 88.0, "sum": 2 }, "geometry": { "type": "Point", "coordinates": [ -122.342800099480755, 47.62372970060246 ] } },
{ "type": "Feature", "properties": { "lat": 47.623898154363253, "lon": -122.34286188349364, "time_of_day": "Morning", "causation": [ "0", "0", "0", "0", "0", "0", "0", "0", "2", "0", "0", "0", "0", "0", "0", "0", "0", "0", "0", "0", "0", "0", "0", "0" ], "duration": 88.0, "sum": 2 }, "geometry": { "type": "Point", "coordinates": [ -122.34286188349364, 47.623898154363253 ] } },
{ "type": "Feature", "properties": { "lat": 47.625913497282589, "lon": -122.34085364473351, "time_of_day": "Morning", "causation": [ "0", "0", "0", "0", "0", "0", "0", "0", "2", "0", "0", "0", "0", "0", "0", "0", "0", "0", "0", "0", "0", "0", "0", "0" ], "duration": 88.0, "sum": 2 }, "geometry": { "type": "Point", "coordinates": [ -122.340853644733514, 47.625913497282589 ] } },
{ "type": "Feature", "properties": { "lat": 47.627744007094158, "lon": -122.33950994328563, "time_of_day": "Morning", "causation": [ "0", "0", "0", "0", "0", "0", "0", "0", "1", "0", "0", "0", "0", "0", "0", "0", "0", "0", "0", "0", "0", "0", "0", "0" ], "duration": 44.0, "sum": 1 }, "geometry": { "type": "Point", "coordinates": [ -122.339509943285634, 47.627744007094158 ] } },
{ "type": "Feature", "properties": { "lat": 47.627820713480283, "lon": -122.3404637554715, "time_of_day": "Morning", "causation": [ "0", "0", "0", "0", "0", "0", "0", "0", "1", "0", "0", "0", "0", "0", "0", "0", "0", "0", "0", "0", "0", "0", "0", "0" ], "duration": 44.0, "sum": 1 }, "geometry": { "type": "Point", "coordinates": [ -122.340463755471504, 47.627820713480283 ] } },
{ "type": "Feature", "properties": { "lat": 47.627824513862663, "lon": -122.33926949502788, "time_of_day": "Morning", "causation": [ "0", "0", "0", "0", "0", "0", "0", "0", "1", "0", "0", "0", "0", "0", "0", "0", "0", "0", "0", "0", "0", "0", "0", "0" ], "duration": 44.0, "sum": 1 }, "geometry": { "type": "Point", "coordinates": [ -122.339269495027878, 47.627824513862663 ] } },
{ "type": "Feature", "properties": { "lat": 47.627963637792767, "lon": -122.35971684376166, "time_of_day": "Late Night", "causation": [ "0", "0", "0", "0", "0", "0", "0", "0", "0", "0", "0", "0", "0", "17", "0", "0", "0", "0", "0", "0", "0", "0", "0", "0" ], "duration": 7514.0, "sum": 17 }, "geometry": { "type": "Point", "coordinates": [ -122.35971684376166, 47.627963637792767 ] } },
{ "type": "Feature", "properties": { "lat": 47.628565392718784, "lon": -122.33980862359503, "time_of_day": "Morning", "causation": [ "0", "0", "0", "0", "0", "0", "0", "0", "2", "0", "0", "0", "0", "0", "0", "0", "0", "0", "0", "0", "0", "0", "0", "0" ], "duration": 88.0, "sum": 2 }, "geometry": { "type": "Point", "coordinates": [ -122.339808623595033, 47.628565392718784 ] } },
{ "type": "Feature", "properties": { "lat": 47.628962102715739, "lon": -122.35844163677376, "time_of_day": "Morning", "causation": [ "0", "0", "0", "0", "0", "0", "0", "0", "1", "0", "0", "0", "0", "0", "0", "0", "0", "0", "0", "0", "0", "0", "0", "0" ], "duration": 545.0, "sum": 1 }, "geometry": { "type": "Point", "coordinates": [ -122.358441636773762, 47.628962102715739 ] } },
{ "type": "Feature", "properties": { "lat": 47.629095079372291, "lon": -122.34029406039777, "time_of_day": "Morning", "causation": [ "0", "0", "0", "0", "0", "0", "0", "0", "1", "0", "0", "0", "0", "0", "0", "0", "0", "0", "0", "0", "0", "0", "0", "0" ], "duration": 44.0, "sum": 1 }, "geometry": { "type": "Point", "coordinates": [ -122.340294060397767, 47.629095079372291 ] } },
{ "type": "Feature", "properties": { "lat": 47.630358395330532, "lon": -122.340350306494, "time_of_day": "Morning", "causation": [ "0", "0", "0", "0", "0", "0", "0", "0", "3", "0", "0", "0", "0", "0", "0", "0", "0", "0", "0", "0", "0", "0", "0", "0" ], "duration": 132.0, "sum": 3 }, "geometry": { "type": "Point", "coordinates": [ -122.340350306494003, 47.630358395330532 ] } },
{ "type": "Feature", "properties": { "lat": 47.630715540798469, "lon": -122.34044779017688, "time_of_day": "Morning", "causation": [ "0", "0", "0", "0", "0", "0", "0", "0", "16", "0", "0", "0", "0", "0", "0", "0", "0", "0", "0", "0", "0", "0", "0", "0" ], "duration": 704.0, "sum": 16 }, "geometry": { "type": "Point", "coordinates": [ -122.340447790176881, 47.630715540798469 ] } },
{ "type": "Feature", "properties": { "lat": 47.630796754718233, "lon": -122.3414677547641, "time_of_day": "Morning", "causation": [ "0", "0", "0", "0", "0", "0", "0", "0", "1", "0", "0", "0", "0", "0", "0", "0", "0", "0", "0", "0", "0", "0", "0", "0" ], "duration": 44.0, "sum": 1 }, "geometry": { "type": "Point", "coordinates": [ -122.341467754764096, 47.630796754718233 ] } },
{ "type": "Feature", "properties": { "lat": 47.63105821194241, "lon": -122.34134501426288, "time_of_day": "Morning", "causation": [ "0", "0", "0", "0", "0", "0", "0", "0", "1", "0", "0", "0", "0", "0", "0", "0", "0", "0", "0", "0", "0", "0", "0", "0" ], "duration": 44.0, "sum": 1 }, "geometry": { "type": "Point", "coordinates": [ -122.341345014262885, 47.63105821194241 ] } },
{ "type": "Feature", "properties": { "lat": 47.63132666082636, "lon": -122.34137478749182, "time_of_day": "Morning", "causation": [ "0", "0", "0", "0", "0", "0", "0", "0", "1", "0", "0", "0", "0", "0", "0", "0", "0", "0", "0", "0", "0", "0", "0", "0" ], "duration": 44.0, "sum": 1 }, "geometry": { "type": "Point", "coordinates": [ -122.341374787491816, 47.63132666082636 ] } },
{ "type": "Feature", "properties": { "lat": 47.631579648375727, "lon": -122.33952563876456, "time_of_day": "Morning", "causation": [ "0", "0", "0", "0", "0", "0", "0", "0", "81", "0", "0", "0", "0", "0", "0", "0", "0", "0", "0", "0", "0", "0", "0", "0" ], "duration": 3564.0, "sum": 81 }, "geometry": { "type": "Point", "coordinates": [ -122.339525638764556, 47.631579648375727 ] } },
{ "type": "Feature", "properties": { "lat": 47.632814759959409, "lon": -122.34025936546637, "time_of_day": "Morning", "causation": [ "0", "0", "0", "0", "0", "0", "0", "0", "50", "0", "0", "0", "0", "0", "0", "0", "0", "0", "0", "0", "0", "0", "0", "0" ], "duration": 2200.0, "sum": 50 }, "geometry": { "type": "Point", "coordinates": [ -122.340259365466366, 47.632814759959409 ] } },
{ "type": "Feature", "properties": { "lat": 47.633266723638521, "lon": -122.34003934669052, "time_of_day": "Morning", "causation": [ "0", "0", "0", "0", "0", "0", "0", "0", "3", "0", "0", "0", "0", "0", "0", "0", "0", "0", "0", "0", "0", "0", "0", "0" ], "duration": 132.0, "sum": 3 }, "geometry": { "type": "Point", "coordinates": [ -122.340039346690517, 47.633266723638521 ] } },
{ "type": "Feature", "properties": { "lat": 47.634393375017282, "lon": -122.34079444002758, "time_of_day": "Morning", "causation": [ "0", "0", "0", "0", "0", "0", "0", "0", "9", "0", "0", "0", "0", "0", "0", "0", "0", "0", "0", "0", "0", "0", "0", "0" ], "duration": 396.0, "sum": 9 }, "geometry": { "type": "Point", "coordinates": [ -122.34079444002758, 47.634393375017282 ] } },
{ "type": "Feature", "properties": { "lat": 47.635330321927817, "lon": -122.4018251426956, "time_of_day": "Late Night", "causation": [ "0", "0", "0", "0", "0", "0", "0", "0", "1", "0", "0", "0", "0", "0", "0", "0", "0", "0", "0", "0", "0", "0", "0", "0" ], "duration": 21.0, "sum": 1 }, "geometry": { "type": "Point", "coordinates": [ -122.4018251426956, 47.635330321927817 ] } },
{ "type": "Feature", "properties": { "lat": 47.635346070068685, "lon": -122.40154804827868, "time_of_day": "Late Night", "causation": [ "0", "0", "0", "0", "0", "0", "0", "0", "2", "0", "0", "0", "0", "0", "0", "0", "0", "0", "0", "0", "0", "0", "0", "0" ], "duration": 42.0, "sum": 2 }, "geometry": { "type": "Point", "coordinates": [ -122.401548048278684, 47.635346070068685 ] } },
{ "type": "Feature", "properties": { "lat": 47.635383032883936, "lon": -122.40125898460543, "time_of_day": "Late Night", "causation": [ "0", "0", "0", "0", "0", "0", "0", "0", "1", "0", "0", "0", "0", "0", "0", "0", "0", "0", "0", "0", "0", "0", "0", "0" ], "duration": 21.0, "sum": 1 }, "geometry": { "type": "Point", "coordinates": [ -122.401258984605434, 47.635383032883936 ] } },
{ "type": "Feature", "properties": { "lat": 47.635444142865801, "lon": -122.40195344123696, "time_of_day": "Late Night", "causation": [ "0", "0", "0", "0", "0", "0", "0", "0", "1", "0", "0", "0", "0", "0", "0", "0", "0", "0", "0", "0", "0", "0", "0", "0" ], "duration": 21.0, "sum": 1 }, "geometry": { "type": "Point", "coordinates": [ -122.401953441236955, 47.635444142865801 ] } },
{ "type": "Feature", "properties": { "lat": 47.635496422672666, "lon": -122.40112499324322, "time_of_day": "Late Night", "causation": [ "0", "0", "0", "0", "0", "0", "0", "0", "2", "0", "0", "0", "0", "0", "0", "0", "0", "0", "0", "0", "0", "0", "0", "0" ], "duration": 42.0, "sum": 2 }, "geometry": { "type": "Point", "coordinates": [ -122.401124993243215, 47.635496422672666 ] } },
{ "type": "Feature", "properties": { "lat": 47.63551673146722, "lon": -122.40211295150976, "time_of_day": "Late Night", "causation": [ "0", "0", "0", "0", "0", "0", "0", "0", "1", "0", "0", "0", "0", "0", "0", "0", "0", "0", "0", "0", "0", "0", "0", "0" ], "duration": 21.0, "sum": 1 }, "geometry": { "type": "Point", "coordinates": [ -122.402112951509764, 47.63551673146722 ] } },
{ "type": "Feature", "properties": { "lat": 47.635606237170805, "lon": -122.40228567867948, "time_of_day": "Late Night", "causation": [ "0", "0", "0", "0", "0", "0", "0", "0", "1", "0", "0", "0", "0", "0", "0", "0", "0", "0", "0", "0", "0", "0", "0", "0" ], "duration": 21.0, "sum": 1 }, "geometry": { "type": "Point", "coordinates": [ -122.402285678679476, 47.635606237170805 ] } },
{ "type": "Feature", "properties": { "lat": 47.635621051325721, "lon": -122.40095158278218, "time_of_day": "Late Night", "causation": [ "0", "0", "0", "0", "0", "0", "0", "0", "1", "0", "0", "0", "0", "0", "0", "0", "0", "0", "0", "0", "0", "0", "0", "0" ], "duration": 21.0, "sum": 1 }, "geometry": { "type": "Point", "coordinates": [ -122.400951582782184, 47.635621051325721 ] } },
{ "type": "Feature", "properties": { "lat": 47.635671544415629, "lon": -122.40267066618355, "time_of_day": "Late Night", "causation": [ "0", "0", "0", "0", "0", "0", "0", "0", "1", "0", "0", "0", "0", "0", "0", "0", "0", "0", "0", "0", "0", "0", "0", "0" ], "duration": 21.0, "sum": 1 }, "geometry": { "type": "Point", "coordinates": [ -122.402670666183553, 47.635671544415629 ] } },
{ "type": "Feature", "properties": { "lat": 47.635675591221329, "lon": -122.40244847982711, "time_of_day": "Late Night", "causation": [ "0", "0", "0", "0", "0", "0", "0", "0", "1", "0", "0", "0", "0", "0", "0", "0", "0", "0", "0", "0", "0", "0", "0", "0" ], "duration": 21.0, "sum": 1 }, "geometry": { "type": "Point", "coordinates": [ -122.402448479827115, 47.635675591221329 ] } },
{ "type": "Feature", "properties": { "lat": 47.635720160040648, "lon": -122.40286011659764, "time_of_day": "Late Night", "causation": [ "0", "0", "0", "0", "0", "0", "0", "0", "1", "0", "0", "0", "0", "0", "0", "0", "0", "0", "0", "0", "0", "0", "0", "0" ], "duration": 21.0, "sum": 1 }, "geometry": { "type": "Point", "coordinates": [ -122.402860116597637, 47.635720160040648 ] } },
{ "type": "Feature", "properties": { "lat": 47.635756662253122, "lon": -122.4008645975175, "time_of_day": "Late Night", "causation": [ "0", "0", "0", "0", "0", "0", "0", "0", "1", "0", "0", "0", "0", "0", "0", "0", "0", "0", "0", "0", "0", "0", "0", "0" ], "duration": 21.0, "sum": 1 }, "geometry": { "type": "Point", "coordinates": [ -122.400864597517497, 47.635756662253122 ] } },
{ "type": "Feature", "properties": { "lat": 47.635846768009628, "lon": -122.40149621956026, "time_of_day": "Late Night", "causation": [ "0", "0", "0", "0", "0", "0", "0", "0", "1", "0", "0", "0", "0", "0", "0", "0", "0", "0", "0", "0", "0", "0", "0", "0" ], "duration": 21.0, "sum": 1 }, "geometry": { "type": "Point", "coordinates": [ -122.401496219560258, 47.635846768009628 ] } },
{ "type": "Feature", "properties": { "lat": 47.635887482493978, "lon": -122.40169661197127, "time_of_day": "Late Night", "causation": [ "0", "0", "0", "0", "0", "0", "0", "0", "1", "0", "0", "0", "0", "0", "0", "0", "0", "0", "0", "0", "0", "0", "0", "0" ], "duration": 21.0, "sum": 1 }, "geometry": { "type": "Point", "coordinates": [ -122.401696611971275, 47.635887482493978 ] } },
{ "type": "Feature", "properties": { "lat": 47.635987248640248, "lon": -122.40184178632906, "time_of_day": "Late Night", "causation": [ "0", "0", "0", "0", "0", "0", "0", "0", "1", "0", "0", "0", "0", "0", "0", "0", "0", "0", "0", "0", "0", "0", "0", "0" ], "duration": 21.0, "sum": 1 }, "geometry": { "type": "Point", "coordinates": [ -122.401841786329058, 47.635987248640248 ] } },
{ "type": "Feature", "properties": { "lat": 47.636009650131967, "lon": -122.4020275010802, "time_of_day": "Late Night", "causation": [ "0", "0", "0", "0", "0", "0", "0", "0", "1", "0", "0", "0", "0", "0", "0", "0", "0", "0", "0", "0", "0", "0", "0", "0" ], "duration": 21.0, "sum": 1 }, "geometry": { "type": "Point", "coordinates": [ -122.402027501080198, 47.636009650131967 ] } },
{ "type": "Feature", "properties": { "lat": 47.636054126607952, "lon": -122.4008231156311, "time_of_day": "Late Night", "causation": [ "0", "0", "0", "0", "0", "0", "0", "0", "3", "0", "0", "0", "0", "0", "0", "0", "0", "0", "0", "0", "0", "0", "0", "0" ], "duration": 63.0, "sum": 3 }, "geometry": { "type": "Point", "coordinates": [ -122.400823115631098, 47.636054126607952 ] } },
{ "type": "Feature", "properties": { "lat": 47.63613717608176, "lon": -122.40150180763996, "time_of_day": "Late Night", "causation": [ "0", "0", "0", "0", "0", "0", "0", "0", "1", "0", "0", "0", "0", "0", "0", "0", "0", "0", "0", "0", "0", "0", "0", "0" ], "duration": 21.0, "sum": 1 }, "geometry": { "type": "Point", "coordinates": [ -122.40150180763996, 47.63613717608176 ] } },
{ "type": "Feature", "properties": { "lat": 47.636144561589639, "lon": -122.40215252302978, "time_of_day": "Late Night", "causation": [ "0", "0", "0", "0", "0", "0", "0", "0", "1", "0", "0", "0", "0", "0", "0", "0", "0", "0", "0", "0", "0", "0", "0", "0" ], "duration": 21.0, "sum": 1 }, "geometry": { "type": "Point", "coordinates": [ -122.402152523029784, 47.636144561589639 ] } },
{ "type": "Feature", "properties": { "lat": 47.636168405102815, "lon": -122.40088777868372, "time_of_day": "Late Night", "causation": [ "0", "0", "0", "0", "0", "0", "0", "0", "1", "0", "0", "0", "0", "0", "0", "0", "0", "0", "0", "0", "0", "0", "0", "0" ], "duration": 21.0, "sum": 1 }, "geometry": { "type": "Point", "coordinates": [ -122.400887778683725, 47.636168405102815 ] } },
{ "type": "Feature", "properties": { "lat": 47.63626106376141, "lon": -122.40217237454372, "time_of_day": "Late Night", "causation": [ "0", "0", "0", "0", "0", "0", "0", "0", "1", "0", "0", "0", "0", "0", "0", "0", "0", "0", "0", "0", "0", "0", "0", "0" ], "duration": 21.0, "sum": 1 }, "geometry": { "type": "Point", "coordinates": [ -122.402172374543724, 47.63626106376141 ] } },
{ "type": "Feature", "properties": { "lat": 47.636272815846255, "lon": -122.40153737516268, "time_of_day": "Late Night", "causation": [ "0", "0", "0", "0", "0", "0", "0", "0", "1", "0", "0", "0", "0", "0", "0", "0", "0", "0", "0", "0", "0", "0", "0", "0" ], "duration": 21.0, "sum": 1 }, "geometry": { "type": "Point", "coordinates": [ -122.401537375162675, 47.636272815846255 ] } },
{ "type": "Feature", "properties": { "lat": 47.636291703907567, "lon": -122.4008599565349, "time_of_day": "Late Night", "causation": [ "0", "0", "0", "0", "0", "0", "0", "0", "1", "0", "0", "0", "0", "0", "0", "0", "0", "0", "0", "0", "0", "0", "0", "0" ], "duration": 21.0, "sum": 1 }, "geometry": { "type": "Point", "coordinates": [ -122.400859956534902, 47.636291703907567 ] } },
{ "type": "Feature", "properties": { "lat": 47.636407756245127, "lon": -122.40221156749526, "time_of_day": "Late Night", "causation": [ "0", "0", "0", "0", "0", "0", "0", "0", "1", "0", "0", "0", "0", "0", "0", "0", "0", "0", "0", "0", "0", "0", "0", "0" ], "duration": 21.0, "sum": 1 }, "geometry": { "type": "Point", "coordinates": [ -122.402211567495257, 47.636407756245127 ] } },
{ "type": "Feature", "properties": { "lat": 47.636415385255937, "lon": -122.40154221369149, "time_of_day": "Late Night", "causation": [ "0", "0", "0", "0", "0", "0", "0", "0", "1", "0", "0", "0", "0", "0", "0", "0", "0", "0", "0", "0", "0", "0", "0", "0" ], "duration": 21.0, "sum": 1 }, "geometry": { "type": "Point", "coordinates": [ -122.401542213691485, 47.636415385255937 ] } },
{ "type": "Feature", "properties": { "lat": 47.636491920079962, "lon": -122.40085083849269, "time_of_day": "Late Night", "causation": [ "0", "0", "0", "0", "0", "0", "0", "0", "1", "0", "0", "0", "0", "0", "0", "0", "0", "0", "0", "0", "0", "0", "0", "0" ], "duration": 21.0, "sum": 1 }, "geometry": { "type": "Point", "coordinates": [ -122.400850838492687, 47.636491920079962 ] } },
{ "type": "Feature", "properties": { "lat": 47.636534657093179, "lon": -122.401538390027, "time_of_day": "Late Night", "causation": [ "0", "0", "0", "0", "0", "0", "0", "0", "1", "0", "0", "0", "0", "0", "0", "0", "0", "0", "0", "0", "0", "0", "0", "0" ], "duration": 21.0, "sum": 1 }, "geometry": { "type": "Point", "coordinates": [ -122.401538390027, 47.636534657093179 ] } },
{ "type": "Feature", "properties": { "lat": 47.6365536266417, "lon": -122.40219851087888, "time_of_day": "Late Night", "causation": [ "0", "0", "0", "0", "0", "0", "0", "0", "1", "0", "0", "0", "0", "0", "0", "0", "0", "0", "0", "0", "0", "0", "0", "0" ], "duration": 21.0, "sum": 1 }, "geometry": { "type": "Point", "coordinates": [ -122.402198510878875, 47.6365536266417 ] } },
{ "type": "Feature", "properties": { "lat": 47.636622151310164, "lon": -122.40087631013677, "time_of_day": "Late Night", "causation": [ "0", "0", "0", "0", "0", "0", "0", "0", "1", "0", "0", "0", "0", "0", "0", "0", "0", "0", "0", "0", "0", "0", "0", "0" ], "duration": 21.0, "sum": 1 }, "geometry": { "type": "Point", "coordinates": [ -122.400876310136766, 47.636622151310164 ] } },
{ "type": "Feature", "properties": { "lat": 47.63667686183507, "lon": -122.40151298926054, "time_of_day": "Late Night", "causation": [ "0", "0", "0", "0", "0", "0", "0", "0", "1", "0", "0", "0", "0", "0", "0", "0", "0", "0", "0", "0", "0", "0", "0", "0" ], "duration": 21.0, "sum": 1 }, "geometry": { "type": "Point", "coordinates": [ -122.401512989260539, 47.63667686183507 ] } },
{ "type": "Feature", "properties": { "lat": 47.636691610312077, "lon": -122.40217960551504, "time_of_day": "Late Night", "causation": [ "0", "0", "0", "0", "0", "0", "0", "0", "1", "0", "0", "0", "0", "0", "0", "0", "0", "0", "0", "0", "0", "0", "0", "0" ], "duration": 21.0, "sum": 1 }, "geometry": { "type": "Point", "coordinates": [ -122.402179605515045, 47.636691610312077 ] } },
{ "type": "Feature", "properties": { "lat": 47.636779296322267, "lon": -122.40089304305324, "time_of_day": "Late Night", "causation": [ "0", "0", "0", "0", "0", "0", "0", "0", "1", "0", "0", "0", "0", "0", "0", "0", "0", "0", "0", "0", "0", "0", "0", "0" ], "duration": 21.0, "sum": 1 }, "geometry": { "type": "Point", "coordinates": [ -122.400893043053244, 47.636779296322267 ] } },
{ "type": "Feature", "properties": { "lat": 47.636794080422561, "lon": -122.40156165743282, "time_of_day": "Late Night", "causation": [ "0", "0", "0", "0", "0", "0", "0", "0", "1", "0", "0", "0", "0", "0", "0", "0", "0", "0", "0", "0", "0", "0", "0", "0" ], "duration": 21.0, "sum": 1 }, "geometry": { "type": "Point", "coordinates": [ -122.401561657432822, 47.636794080422561 ] } },
{ "type": "Feature", "properties": { "lat": 47.636823117856416, "lon": -122.40221115585275, "time_of_day": "Late Night", "causation": [ "0", "0", "0", "0", "0", "0", "0", "0", "1", "0", "0", "0", "0", "0", "0", "0", "0", "0", "0", "0", "0", "0", "0", "0" ], "duration": 21.0, "sum": 1 }, "geometry": { "type": "Point", "coordinates": [ -122.402211155852754, 47.636823117856416 ] } },
{ "type": "Feature", "properties": { "lat": 47.636915570691599, "lon": -122.4009527715602, "time_of_day": "Late Night", "causation": [ "0", "0", "0", "0", "0", "0", "0", "0", "1", "0", "0", "0", "0", "0", "0", "0", "0", "0", "0", "0", "0", "0", "0", "0" ], "duration": 21.0, "sum": 1 }, "geometry": { "type": "Point", "coordinates": [ -122.400952771560199, 47.636915570691599 ] } },
{ "type": "Feature", "properties": { "lat": 47.636917819024816, "lon": -122.40159629465096, "time_of_day": "Late Night", "causation": [ "0", "0", "0", "0", "0", "0", "0", "0", "1", "0", "0", "0", "0", "0", "0", "0", "0", "0", "0", "0", "0", "0", "0", "0" ], "duration": 21.0, "sum": 1 }, "geometry": { "type": "Point", "coordinates": [ -122.401596294650957, 47.636917819024816 ] } },
{ "type": "Feature", "properties": { "lat": 47.63698060298865, "lon": -122.40222580162092, "time_of_day": "Late Night", "causation": [ "0", "0", "0", "0", "0", "0", "0", "0", "1", "0", "0", "0", "0", "0", "0", "0", "0", "0", "0", "0", "0", "0", "0", "0" ], "duration": 21.0, "sum": 1 }, "geometry": { "type": "Point", "coordinates": [ -122.402225801620915, 47.63698060298865 ] } },
{ "type": "Feature", "properties": { "lat": 47.637038593052658, "lon": -122.40170253753816, "time_of_day": "Late Night", "causation": [ "0", "0", "0", "0", "0", "0", "0", "0", "1", "0", "0", "0", "0", "0", "0", "0", "0", "0", "0", "0", "0", "0", "0", "0" ], "duration": 21.0, "sum": 1 }, "geometry": { "type": "Point", "coordinates": [ -122.401702537538156, 47.637038593052658 ] } },
{ "type": "Feature", "properties": { "lat": 47.637059585940889, "lon": -122.40097250878124, "time_of_day": "Late Night", "causation": [ "0", "0", "0", "0", "0", "0", "0", "0", "1", "0", "0", "0", "0", "0", "0", "0", "0", "0", "0", "0", "0", "0", "0", "0" ], "duration": 21.0, "sum": 1 }, "geometry": { "type": "Point", "coordinates": [ -122.400972508781237, 47.637059585940889 ] } },
{ "type": "Feature", "properties": { "lat": 47.637114024575759, "lon": -122.4023282165323, "time_of_day": "Late Night", "causation": [ "0", "0", "0", "0", "0", "0", "0", "0", "1", "0", "0", "0", "0", "0", "0", "0", "0", "0", "0", "0", "0", "0", "0", "0" ], "duration": 21.0, "sum": 1 }, "geometry": { "type": "Point", "coordinates": [ -122.402328216532297, 47.637114024575759 ] } },
{ "type": "Feature", "properties": { "lat": 47.637180197466662, "lon": -122.40176036421406, "time_of_day": "Late Night", "causation": [ "0", "0", "0", "0", "0", "0", "0", "0", "1", "0", "0", "0", "0", "0", "0", "0", "0", "0", "0", "0", "0", "0", "0", "0" ], "duration": 21.0, "sum": 1 }, "geometry": { "type": "Point", "coordinates": [ -122.401760364214056, 47.637180197466662 ] } },
{ "type": "Feature", "properties": { "lat": 47.637195401342126, "lon": -122.401061442418, "time_of_day": "Late Night", "causation": [ "0", "0", "0", "0", "0", "0", "0", "0", "1", "0", "0", "0", "0", "0", "0", "0", "0", "0", "0", "0", "0", "0", "0", "0" ], "duration": 21.0, "sum": 1 }, "geometry": { "type": "Point", "coordinates": [ -122.401061442417998, 47.637195401342126 ] } },
{ "type": "Feature", "properties": { "lat": 47.637214381621789, "lon": -122.40247238290196, "time_of_day": "Late Night", "causation": [ "0", "0", "0", "0", "0", "0", "0", "0", "1", "0", "0", "0", "0", "0", "0", "0", "0", "0", "0", "0", "0", "0", "0", "0" ], "duration": 21.0, "sum": 1 }, "geometry": { "type": "Point", "coordinates": [ -122.402472382901962, 47.637214381621789 ] } },
{ "type": "Feature", "properties": { "lat": 47.637306340701819, "lon": -122.40184647685381, "time_of_day": "Late Night", "causation": [ "0", "0", "0", "0", "0", "0", "0", "0", "1", "0", "0", "0", "0", "0", "0", "0", "0", "0", "0", "0", "0", "0", "0", "0" ], "duration": 21.0, "sum": 1 }, "geometry": { "type": "Point", "coordinates": [ -122.401846476853805, 47.637306340701819 ] } },
{ "type": "Feature", "properties": { "lat": 47.637314156784733, "lon": -122.40116637826289, "time_of_day": "Late Night", "causation": [ "0", "0", "0", "0", "0", "0", "0", "0", "1", "0", "0", "0", "0", "0", "0", "0", "0", "0", "0", "0", "0", "0", "0", "0" ], "duration": 21.0, "sum": 1 }, "geometry": { "type": "Point", "coordinates": [ -122.401166378262886, 47.637314156784733 ] } },
{ "type": "Feature", "properties": { "lat": 47.637337400460567, "lon": -122.40259600335752, "time_of_day": "Late Night", "causation": [ "0", "0", "0", "0", "0", "0", "0", "0", "1", "0", "0", "0", "0", "0", "0", "0", "0", "0", "0", "0", "0", "0", "0", "0" ], "duration": 21.0, "sum": 1 }, "geometry": { "type": "Point", "coordinates": [ -122.402596003357516, 47.637337400460567 ] } },
{ "type": "Feature", "properties": { "lat": 47.637417826810406, "lon": -122.40190983834836, "time_of_day": "Late Night", "causation": [ "0", "0", "0", "0", "0", "0", "0", "0", "1", "0", "0", "0", "0", "0", "0", "0", "0", "0", "0", "0", "0", "0", "0", "0" ], "duration": 21.0, "sum": 1 }, "geometry": { "type": "Point", "coordinates": [ -122.401909838348359, 47.637417826810406 ] } },
{ "type": "Feature", "properties": { "lat": 47.637462733919925, "lon": -122.40272237593427, "time_of_day": "Late Night", "causation": [ "0", "0", "0", "0", "0", "0", "0", "0", "1", "0", "0", "0", "0", "0", "0", "0", "0", "0", "0", "0", "0", "0", "0", "0" ], "duration": 21.0, "sum": 1 }, "geometry": { "type": "Point", "coordinates": [ -122.402722375934275, 47.637462733919925 ] } },
{ "type": "Feature", "properties": { "lat": 47.637465536706607, "lon": -122.40114736255715, "time_of_day": "Late Night", "causation": [ "0", "0", "0", "0", "0", "0", "0", "0", "1", "0", "0", "0", "0", "0", "0", "0", "0", "0", "0", "0", "0", "0", "0", "0" ], "duration": 21.0, "sum": 1 }, "geometry": { "type": "Point", "coordinates": [ -122.401147362557154, 47.637465536706607 ] } },
{ "type": "Feature", "properties": { "lat": 47.637531205860014, "lon": -122.40199933976751, "time_of_day": "Late Night", "causation": [ "0", "0", "0", "0", "0", "0", "0", "0", "1", "0", "0", "0", "0", "0", "0", "0", "0", "0", "0", "0", "0", "0", "0", "0" ], "duration": 21.0, "sum": 1 }, "geometry": { "type": "Point", "coordinates": [ -122.401999339767514, 47.637531205860014 ] } },
{ "type": "Feature", "properties": { "lat": 47.637537816985208, "lon": -122.40286200420285, "time_of_day": "Late Night", "causation": [ "0", "0", "0", "0", "0", "0", "0", "0", "1", "0", "0", "0", "0", "0", "0", "0", "0", "0", "0", "0", "0", "0", "0", "0" ], "duration": 21.0, "sum": 1 }, "geometry": { "type": "Point", "coordinates": [ -122.402862004202845, 47.637537816985208 ] } },
{ "type": "Feature", "properties": { "lat": 47.637589826029163, "lon": -122.40121781903532, "time_of_day": "Late Night", "causation": [ "0", "0", "0", "0", "0", "0", "0", "0", "1", "0", "0", "0", "0", "0", "0", "0", "0", "0", "0", "0", "0", "0", "0", "0" ], "duration": 21.0, "sum": 1 }, "geometry": { "type": "Point", "coordinates": [ -122.401217819035324, 47.637589826029163 ] } },
{ "type": "Feature", "properties": { "lat": 47.637629780232437, "lon": -122.40304890768796, "time_of_day": "Late Night", "causation": [ "0", "0", "0", "0", "0", "0", "0", "0", "1", "0", "0", "0", "0", "0", "0", "0", "0", "0", "0", "0", "0", "0", "0", "0" ], "duration": 21.0, "sum": 1 }, "geometry": { "type": "Point", "coordinates": [ -122.40304890768796, 47.637629780232437 ] } },
{ "type": "Feature", "properties": { "lat": 47.637659948733386, "lon": -122.40214594111124, "time_of_day": "Late Night", "causation": [ "0", "0", "0", "0", "0", "0", "0", "0", "2", "0", "0", "0", "0", "0", "0", "0", "0", "0", "0", "0", "0", "0", "0", "0" ], "duration": 42.0, "sum": 2 }, "geometry": { "type": "Point", "coordinates": [ -122.402145941111243, 47.637659948733386 ] } },
{ "type": "Feature", "properties": { "lat": 47.637748434267017, "lon": -122.40341049799324, "time_of_day": "Late Night", "causation": [ "0", "0", "0", "0", "0", "0", "0", "0", "1", "0", "0", "0", "0", "0", "0", "0", "0", "0", "0", "0", "0", "0", "0", "0" ], "duration": 21.0, "sum": 1 }, "geometry": { "type": "Point", "coordinates": [ -122.403410497993235, 47.637748434267017 ] } },
{ "type": "Feature", "properties": { "lat": 47.637749123491922, "lon": -122.40230788593458, "time_of_day": "Late Night", "causation": [ "0", "0", "0", "0", "0", "0", "0", "0", "1", "0", "0", "0", "0", "0", "0", "0", "0", "0", "0", "0", "0", "0", "0", "0" ], "duration": 21.0, "sum": 1 }, "geometry": { "type": "Point", "coordinates": [ -122.402307885934576, 47.637749123491922 ] } },
{ "type": "Feature", "properties": { "lat": 47.637785442429411, "lon": -122.40147958153339, "time_of_day": "Late Night", "causation": [ "0", "0", "0", "0", "0", "0", "0", "0", "1", "0", "0", "0", "0", "0", "0", "0", "0", "0", "0", "0", "0", "0", "0", "0" ], "duration": 21.0, "sum": 1 }, "geometry": { "type": "Point", "coordinates": [ -122.401479581533394, 47.637785442429411 ] } },
{ "type": "Feature", "properties": { "lat": 47.637836757344701, "lon": -122.40324124736632, "time_of_day": "Late Night", "causation": [ "0", "0", "0", "0", "0", "0", "0", "0", "1", "0", "0", "0", "0", "0", "0", "0", "0", "0", "0", "0", "0", "0", "0", "0" ], "duration": 21.0, "sum": 1 }, "geometry": { "type": "Point", "coordinates": [ -122.403241247366324, 47.637836757344701 ] } },
{ "type": "Feature", "properties": { "lat": 47.637872252553592, "lon": -122.40242851649444, "time_of_day": "Late Night", "causation": [ "0", "0", "0", "0", "0", "0", "0", "0", "1", "0", "0", "0", "0", "0", "0", "0", "0", "0", "0", "0", "0", "0", "0", "0" ], "duration": 21.0, "sum": 1 }, "geometry": { "type": "Point", "coordinates": [ -122.402428516494439, 47.637872252553592 ] } },
{ "type": "Feature", "properties": { "lat": 47.637883657026613, "lon": -122.4016050210883, "time_of_day": "Late Night", "causation": [ "0", "0", "0", "0", "0", "0", "0", "0", "1", "0", "0", "0", "0", "0", "0", "0", "0", "0", "0", "0", "0", "0", "0", "0" ], "duration": 21.0, "sum": 1 }, "geometry": { "type": "Point", "coordinates": [ -122.401605021088301, 47.637883657026613 ] } },
{ "type": "Feature", "properties": { "lat": 47.63790543187099, "lon": -122.40312840054931, "time_of_day": "Late Night", "causation": [ "0", "0", "0", "0", "0", "0", "0", "0", "1", "0", "0", "0", "0", "0", "0", "0", "0", "0", "0", "0", "0", "0", "0", "0" ], "duration": 21.0, "sum": 1 }, "geometry": { "type": "Point", "coordinates": [ -122.403128400549306, 47.63790543187099 ] } },
{ "type": "Feature", "properties": { "lat": 47.637941287980723, "lon": -122.40258854435289, "time_of_day": "Late Night", "causation": [ "0", "0", "0", "0", "0", "0", "0", "0", "1", "0", "0", "0", "0", "0", "0", "0", "0", "0", "0", "0", "0", "0", "0", "0" ], "duration": 21.0, "sum": 1 }, "geometry": { "type": "Point", "coordinates": [ -122.402588544352895, 47.637941287980723 ] } },
{ "type": "Feature", "properties": { "lat": 47.637996941802143, "lon": -122.40171171358099, "time_of_day": "Late Night", "causation": [ "0", "0", "0", "0", "0", "0", "0", "0", "1", "0", "0", "0", "0", "0", "0", "0", "0", "0", "0", "0", "0", "0", "0", "0" ], "duration": 21.0, "sum": 1 }, "geometry": { "type": "Point", "coordinates": [ -122.401711713580994, 47.637996941802143 ] } },
{ "type": "Feature", "properties": { "lat": 47.638013330908237, "lon": -122.40297100216496, "time_of_day": "Late Night", "causation": [ "0", "0", "0", "0", "0", "0", "0", "0", "1", "0", "0", "0", "0", "0", "0", "0", "0", "0", "0", "0", "0", "0", "0", "0" ], "duration": 21.0, "sum": 1 }, "geometry": { "type": "Point", "coordinates": [ -122.402971002164961, 47.638013330908237 ] } },
{ "type": "Feature", "properties": { "lat": 47.638036426806408, "lon": -122.40126508258014, "time_of_day": "Late Night", "causation": [ "0", "0", "0", "0", "0", "0", "0", "0", "1", "0", "0", "0", "0", "0", "0", "0", "0", "0", "0", "0", "0", "0", "0", "0" ], "duration": 21.0, "sum": 1 }, "geometry": { "type": "Point", "coordinates": [ -122.401265082580139, 47.638036426806408 ] } },
{ "type": "Feature", "properties": { "lat": 47.638108378403437, "lon": -122.4028072270645, "time_of_day": "Late Night", "causation": [ "0", "0", "0", "0", "0", "0", "0", "0", "1", "0", "0", "0", "0", "0", "0", "0", "0", "0", "0", "0", "0", "0", "0", "0" ], "duration": 21.0, "sum": 1 }, "geometry": { "type": "Point", "coordinates": [ -122.4028072270645, 47.638108378403437 ] } },
{ "type": "Feature", "properties": { "lat": 47.63815185972306, "lon": -122.4012823446362, "time_of_day": "Late Night", "causation": [ "0", "0", "0", "0", "0", "0", "0", "0", "1", "0", "0", "0", "0", "0", "0", "0", "0", "0", "0", "0", "0", "0", "0", "0" ], "duration": 21.0, "sum": 1 }, "geometry": { "type": "Point", "coordinates": [ -122.401282344636201, 47.63815185972306 ] } },
{ "type": "Feature", "properties": { "lat": 47.638211639273841, "lon": -122.40208229816488, "time_of_day": "Late Night", "causation": [ "0", "0", "0", "0", "0", "0", "0", "0", "1", "0", "0", "0", "0", "0", "0", "0", "0", "0", "0", "0", "0", "0", "0", "0" ], "duration": 21.0, "sum": 1 }, "geometry": { "type": "Point", "coordinates": [ -122.402082298164885, 47.638211639273841 ] } },
{ "type": "Feature", "properties": { "lat": 47.63823567934422, "lon": -122.40273945343664, "time_of_day": "Late Night", "causation": [ "0", "0", "0", "0", "0", "0", "0", "0", "1", "0", "0", "0", "0", "0", "0", "0", "0", "0", "0", "0", "0", "0", "0", "0" ], "duration": 21.0, "sum": 1 }, "geometry": { "type": "Point", "coordinates": [ -122.402739453436638, 47.63823567934422 ] } },
{ "type": "Feature", "properties": { "lat": 47.638237813724736, "lon": -122.40136764760916, "time_of_day": "Late Night", "causation": [ "0", "0", "0", "0", "0", "0", "0", "0", "1", "0", "0", "0", "0", "0", "0", "0", "0", "0", "0", "0", "0", "0", "0", "0" ], "duration": 21.0, "sum": 1 }, "geometry": { "type": "Point", "coordinates": [ -122.401367647609163, 47.638237813724736 ] } },
{ "type": "Feature", "properties": { "lat": 47.638295535150448, "lon": -122.40193147953778, "time_of_day": "Late Night", "causation": [ "0", "0", "0", "0", "0", "0", "0", "0", "1", "0", "0", "0", "0", "0", "0", "0", "0", "0", "0", "0", "0", "0", "0", "0" ], "duration": 21.0, "sum": 1 }, "geometry": { "type": "Point", "coordinates": [ -122.40193147953778, 47.638295535150448 ] } },
{ "type": "Feature", "properties": { "lat": 47.638345439620402, "lon": -122.40259884893752, "time_of_day": "Late Night", "causation": [ "0", "0", "0", "0", "0", "0", "0", "0", "1", "0", "0", "0", "0", "0", "0", "0", "0", "0", "0", "0", "0", "0", "0", "0" ], "duration": 21.0, "sum": 1 }, "geometry": { "type": "Point", "coordinates": [ -122.402598848937515, 47.638345439620402 ] } },
{ "type": "Feature", "properties": { "lat": 47.638368865292037, "lon": -122.40179876092408, "time_of_day": "Late Night", "causation": [ "0", "0", "0", "0", "0", "0", "0", "0", "2", "0", "0", "0", "0", "0", "0", "0", "0", "0", "0", "0", "0", "0", "0", "0" ], "duration": 42.0, "sum": 2 }, "geometry": { "type": "Point", "coordinates": [ -122.401798760924081, 47.638368865292037 ] } },
{ "type": "Feature", "properties": { "lat": 47.63849713009224, "lon": -122.40167403173086, "time_of_day": "Late Night", "causation": [ "0", "0", "0", "0", "0", "0", "0", "0", "1", "0", "0", "0", "0", "0", "0", "0", "0", "0", "0", "0", "0", "0", "0", "0" ], "duration": 21.0, "sum": 1 }, "geometry": { "type": "Point", "coordinates": [ -122.401674031730863, 47.63849713009224 ] } },
{ "type": "Feature", "properties": { "lat": 47.638554481499575, "lon": -122.40219914288252, "time_of_day": "Late Night", "causation": [ "0", "0", "0", "0", "0", "0", "0", "0", "1", "0", "0", "0", "0", "0", "0", "0", "0", "0", "0", "0", "0", "0", "0", "0" ], "duration": 21.0, "sum": 1 }, "geometry": { "type": "Point", "coordinates": [ -122.402199142882523, 47.638554481499575 ] } },
{ "type": "Feature", "properties": { "lat": 47.638564428925783, "lon": -122.40149760584887, "time_of_day": "Late Night", "causation": [ "0", "0", "0", "0", "0", "0", "0", "0", "1", "0", "0", "0", "0", "0", "0", "0", "0", "0", "0", "0", "0", "0", "0", "0" ], "duration": 21.0, "sum": 1 }, "geometry": { "type": "Point", "coordinates": [ -122.401497605848874, 47.638564428925783 ] } },
{ "type": "Feature", "properties": { "lat": 47.638614601726999, "lon": -122.40131574189712, "time_of_day": "Late Night", "causation": [ "0", "0", "0", "0", "0", "0", "0", "0", "1", "0", "0", "0", "0", "0", "0", "0", "0", "0", "0", "0", "0", "0", "0", "0" ], "duration": 21.0, "sum": 1 }, "geometry": { "type": "Point", "coordinates": [ -122.401315741897122, 47.638614601726999 ] } },
{ "type": "Feature", "properties": { "lat": 47.638663284854346, "lon": -122.40207108050279, "time_of_day": "Late Night", "causation": [ "0", "0", "0", "0", "0", "0", "0", "0", "1", "0", "0", "0", "0", "0", "0", "0", "0", "0", "0", "0", "0", "0", "0", "0" ], "duration": 21.0, "sum": 1 }, "geometry": { "type": "Point", "coordinates": [ -122.402071080502793, 47.638663284854346 ] } },
{ "type": "Feature", "properties": { "lat": 47.638704503970793, "lon": -122.4011328966606, "time_of_day": "Late Night", "causation": [ "0", "0", "0", "0", "0", "0", "0", "0", "2", "0", "0", "0", "0", "0", "0", "0", "0", "0", "0", "0", "0", "0", "0", "0" ], "duration": 42.0, "sum": 2 }, "geometry": { "type": "Point", "coordinates": [ -122.401132896660599, 47.638704503970793 ] } },
{ "type": "Feature", "properties": { "lat": 47.63874494758813, "lon": -122.40193488804684, "time_of_day": "Late Night", "causation": [ "0", "0", "0", "0", "0", "0", "0", "0", "1", "0", "0", "0", "0", "0", "0", "0", "0", "0", "0", "0", "0", "0", "0", "0" ], "duration": 21.0, "sum": 1 }, "geometry": { "type": "Point", "coordinates": [ -122.401934888046839, 47.63874494758813 ] } },
{ "type": "Feature", "properties": { "lat": 47.638751070572816, "lon": -122.4007397140934, "time_of_day": "Late Night", "causation": [ "0", "0", "0", "0", "0", "0", "0", "0", "1", "0", "0", "0", "0", "0", "0", "0", "0", "0", "0", "0", "0", "0", "0", "0" ], "duration": 21.0, "sum": 1 }, "geometry": { "type": "Point", "coordinates": [ -122.400739714093405, 47.638751070572816 ] } },
{ "type": "Feature", "properties": { "lat": 47.638859616995802, "lon": -122.4018098902438, "time_of_day": "Late Night", "causation": [ "0", "0", "0", "0", "0", "0", "0", "0", "1", "0", "0", "0", "0", "0", "0", "0", "0", "0", "0", "0", "0", "0", "0", "0" ], "duration": 21.0, "sum": 1 }, "geometry": { "type": "Point", "coordinates": [ -122.401809890243797, 47.638859616995802 ] } },
{ "type": "Feature", "properties": { "lat": 47.638875728875263, "lon": -122.40073959262853, "time_of_day": "Late Night", "causation": [ "0", "0", "0", "0", "0", "0", "0", "0", "1", "0", "0", "0", "0", "0", "0", "0", "0", "0", "0", "0", "0", "0", "0", "0" ], "duration": 21.0, "sum": 1 }, "geometry": { "type": "Point", "coordinates": [ -122.400739592628526, 47.638875728875263 ] } },
{ "type": "Feature", "properties": { "lat": 47.639013417643042, "lon": -122.40079362898742, "time_of_day": "Late Night", "causation": [ "0", "0", "0", "0", "0", "0", "0", "0", "1", "0", "0", "0", "0", "0", "0", "0", "0", "0", "0", "0", "0", "0", "0", "0" ], "duration": 21.0, "sum": 1 }, "geometry": { "type": "Point", "coordinates": [ -122.400793628987415, 47.639013417643042 ] } },
{ "type": "Feature", "properties": { "lat": 47.63909223859698, "lon": -122.41179185473828, "time_of_day": "Morning", "causation": [ "0", "0", "1", "0", "0", "0", "0", "0", "0", "0", "0", "0", "0", "0", "0", "0", "0", "0", "0", "0", "0", "0", "0", "0" ], "duration": 160.0, "sum": 1 }, "geometry": { "type": "Point", "coordinates": [ -122.411791854738283, 47.63909223859698 ] } },
{ "type": "Feature", "properties": { "lat": 47.639192618384392, "lon": -122.34297921231556, "time_of_day": "Morning", "causation": [ "0", "0", "0", "0", "0", "0", "0", "0", "1", "0", "0", "0", "0", "0", "0", "0", "0", "0", "0", "0", "0", "0", "0", "0" ], "duration": 44.0, "sum": 1 }, "geometry": { "type": "Point", "coordinates": [ -122.342979212315555, 47.639192618384392 ] } },
{ "type": "Feature", "properties": { "lat": 47.639291917838293, "lon": -122.41250017816158, "time_of_day": "Morning", "causation": [ "0", "0", "1", "0", "0", "0", "0", "0", "0", "0", "0", "0", "0", "0", "0", "0", "0", "0", "0", "0", "0", "0", "0", "0" ], "duration": 160.0, "sum": 1 }, "geometry": { "type": "Point", "coordinates": [ -122.412500178161579, 47.639291917838293 ] } },
{ "type": "Feature", "properties": { "lat": 47.639520762286288, "lon": -122.34531523915022, "time_of_day": "Late Night", "causation": [ "0", "0", "0", "0", "0", "0", "0", "0", "18", "0", "0", "0", "0", "0", "0", "0", "0", "0", "0", "0", "0", "0", "0", "0" ], "duration": 5346.0, "sum": 18 }, "geometry": { "type": "Point", "coordinates": [ -122.345315239150224, 47.639520762286288 ] } },
{ "type": "Feature", "properties": { "lat": 47.640384319916521, "lon": -122.34582060696846, "time_of_day": "Morning", "causation": [ "0", "0", "0", "0", "0", "0", "0", "0", "21", "0", "0", "0", "0", "0", "0", "0", "0", "0", "0", "0", "0", "0", "0", "0" ], "duration": 945.0, "sum": 21 }, "geometry": { "type": "Point", "coordinates": [ -122.345820606968459, 47.640384319916521 ] } },
{ "type": "Feature", "properties": { "lat": 47.64052763067567, "lon": -122.34406793485948, "time_of_day": "Morning", "causation": [ "0", "0", "0", "0", "0", "0", "0", "0", "1", "0", "0", "0", "0", "0", "0", "0", "0", "0", "0", "0", "0", "0", "0", "0" ], "duration": 44.0, "sum": 1 }, "geometry": { "type": "Point", "coordinates": [ -122.344067934859481, 47.64052763067567 ] } },
{ "type": "Feature", "properties": { "lat": 47.641159760166211, "lon": -122.34576320422518, "time_of_day": "Late Night", "causation": [ "0", "0", "0", "0", "0", "0", "0", "0", "131", "0", "0", "0", "0", "0", "0", "0", "0", "0", "0", "0", "0", "0", "0", "0" ], "duration": 38907.0, "sum": 131 }, "geometry": { "type": "Point", "coordinates": [ -122.345763204225179, 47.641159760166211 ] } },
{ "type": "Feature", "properties": { "lat": 47.641327178275226, "lon": -122.3459020032433, "time_of_day": "Late Night", "causation": [ "0", "0", "0", "0", "0", "0", "0", "0", "1", "0", "0", "0", "0", "0", "0", "0", "0", "0", "0", "0", "0", "0", "0", "0" ], "duration": 297.0, "sum": 1 }, "geometry": { "type": "Point", "coordinates": [ -122.345902003243296, 47.641327178275226 ] } },
{ "type": "Feature", "properties": { "lat": 47.641330141972063, "lon": -122.34565183807766, "time_of_day": "Late Night", "causation": [ "0", "0", "0", "0", "0", "0", "0", "0", "1", "0", "0", "0", "0", "0", "0", "0", "0", "0", "0", "0", "0", "0", "0", "0" ], "duration": 297.0, "sum": 1 }, "geometry": { "type": "Point", "coordinates": [ -122.345651838077657, 47.641330141972063 ] } },
{ "type": "Feature", "properties": { "lat": 47.641383441029141, "lon": -122.34589670991622, "time_of_day": "Late Night", "causation": [ "0", "0", "0", "0", "0", "0", "0", "0", "1", "0", "0", "0", "0", "0", "0", "0", "0", "0", "0", "0", "0", "0", "0", "0" ], "duration": 297.0, "sum": 1 }, "geometry": { "type": "Point", "coordinates": [ -122.345896709916218, 47.641383441029141 ] } },
{ "type": "Feature", "properties": { "lat": 47.641383444786477, "lon": -122.34567100074932, "time_of_day": "Late Night", "causation": [ "0", "0", "0", "0", "0", "0", "0", "0", "1", "0", "0", "0", "0", "0", "0", "0", "0", "0", "0", "0", "0", "0", "0", "0" ], "duration": 297.0, "sum": 1 }, "geometry": { "type": "Point", "coordinates": [ -122.34567100074932, 47.641383444786477 ] } },
{ "type": "Feature", "properties": { "lat": 47.641634704693629, "lon": -122.34635612873572, "time_of_day": "Late Night", "causation": [ "0", "0", "0", "0", "0", "0", "0", "0", "50", "0", "0", "0", "0", "0", "0", "0", "0", "0", "0", "0", "0", "0", "0", "0" ], "duration": 14850.0, "sum": 50 }, "geometry": { "type": "Point", "coordinates": [ -122.346356128735721, 47.641634704693629 ] } },
{ "type": "Feature", "properties": { "lat": 47.641740966903441, "lon": -122.3460616144944, "time_of_day": "Late Night", "causation": [ "0", "0", "0", "0", "0", "0", "0", "0", "44", "0", "0", "0", "0", "0", "0", "0", "0", "0", "0", "0", "0", "0", "0", "0" ], "duration": 13068.0, "sum": 44 }, "geometry": { "type": "Point", "coordinates": [ -122.346061614494403, 47.641740966903441 ] } },
{ "type": "Feature", "properties": { "lat": 47.642102678359407, "lon": -122.34622351898564, "time_of_day": "Late Night", "causation": [ "0", "0", "0", "0", "0", "0", "0", "0", "1", "0", "0", "0", "0", "0", "0", "0", "0", "0", "0", "0", "0", "0", "0", "0" ], "duration": 297.0, "sum": 1 }, "geometry": { "type": "Point", "coordinates": [ -122.346223518985639, 47.642102678359407 ] } },
{ "type": "Feature", "properties": { "lat": 47.642105297900393, "lon": -122.34602636511021, "time_of_day": "Late Night", "causation": [ "0", "0", "0", "0", "0", "0", "0", "0", "1", "0", "0", "0", "0", "0", "0", "0", "0", "0", "0", "0", "0", "0", "0", "0" ], "duration": 297.0, "sum": 1 }, "geometry": { "type": "Point", "coordinates": [ -122.346026365110205, 47.642105297900393 ] } },
{ "type": "Feature", "properties": { "lat": 47.642105946595017, "lon": -122.34615669678784, "time_of_day": "Late Night", "causation": [ "0", "0", "0", "0", "0", "0", "0", "0", "1", "0", "0", "0", "0", "0", "0", "0", "0", "0", "0", "0", "0", "0", "0", "0" ], "duration": 297.0, "sum": 1 }, "geometry": { "type": "Point", "coordinates": [ -122.346156696787844, 47.642105946595017 ] } },
{ "type": "Feature", "properties": { "lat": 47.642430282405712, "lon": -122.34384346444456, "time_of_day": "Morning", "causation": [ "0", "0", "0", "0", "0", "0", "0", "0", "1", "0", "0", "0", "0", "0", "0", "0", "0", "0", "0", "0", "0", "0", "0", "0" ], "duration": 44.0, "sum": 1 }, "geometry": { "type": "Point", "coordinates": [ -122.343843464444561, 47.642430282405712 ] } },
{ "type": "Feature", "properties": { "lat": 47.642687084538487, "lon": -122.3532607857277, "time_of_day": "Morning", "causation": [ "0", "0", "0", "0", "0", "0", "0", "0", "0", "0", "0", "0", "0", "0", "0", "0", "0", "0", "0", "0", "1", "0", "0", "0" ], "duration": 1826.0, "sum": 1 }, "geometry": { "type": "Point", "coordinates": [ -122.353260785727699, 47.642687084538487 ] } },
{ "type": "Feature", "properties": { "lat": 47.64275187139976, "lon": -122.35298319542242, "time_of_day": "Morning", "causation": [ "0", "0", "0", "0", "0", "0", "0", "0", "0", "0", "0", "0", "0", "0", "0", "0", "0", "0", "0", "0", "1", "0", "0", "0" ], "duration": 1826.0, "sum": 1 }, "geometry": { "type": "Point", "coordinates": [ -122.352983195422425, 47.64275187139976 ] } },
{ "type": "Feature", "properties": { "lat": 47.642773116259605, "lon": -122.35254716585264, "time_of_day": "Morning", "causation": [ "0", "0", "0", "0", "0", "0", "0", "0", "0", "0", "0", "0", "0", "0", "0", "0", "0", "0", "0", "0", "1", "0", "0", "0" ], "duration": 1826.0, "sum": 1 }, "geometry": { "type": "Point", "coordinates": [ -122.352547165852641, 47.642773116259605 ] } },
{ "type": "Feature", "properties": { "lat": 47.642791665152615, "lon": -122.352271875301, "time_of_day": "Morning", "causation": [ "0", "0", "0", "0", "0", "0", "0", "0", "0", "0", "0", "0", "0", "0", "0", "0", "0", "0", "0", "0", "1", "0", "0", "0" ], "duration": 1826.0, "sum": 1 }, "geometry": { "type": "Point", "coordinates": [ -122.352271875301, 47.642791665152615 ] } },
{ "type": "Feature", "properties": { "lat": 47.642797391740153, "lon": -122.35196508599164, "time_of_day": "Morning", "causation": [ "0", "0", "0", "0", "0", "0", "0", "0", "0", "0", "0", "0", "0", "0", "0", "0", "0", "0", "0", "0", "1", "0", "0", "0" ], "duration": 1826.0, "sum": 1 }, "geometry": { "type": "Point", "coordinates": [ -122.351965085991637, 47.642797391740153 ] } },
{ "type": "Feature", "properties": { "lat": 47.642895775781149, "lon": -122.35296260610821, "time_of_day": "Morning", "causation": [ "0", "0", "0", "0", "0", "0", "0", "0", "0", "0", "0", "0", "0", "0", "0", "0", "0", "0", "0", "0", "1", "0", "0", "0" ], "duration": 1826.0, "sum": 1 }, "geometry": { "type": "Point", "coordinates": [ -122.352962606108207, 47.642895775781149 ] } },
{ "type": "Feature", "properties": { "lat": 47.642913647859807, "lon": -122.35263327118686, "time_of_day": "Morning", "causation": [ "0", "0", "0", "0", "0", "0", "0", "0", "0", "0", "0", "0", "0", "0", "0", "0", "0", "0", "0", "0", "1", "0", "0", "0" ], "duration": 1826.0, "sum": 1 }, "geometry": { "type": "Point", "coordinates": [ -122.35263327118686, 47.642913647859807 ] } },
{ "type": "Feature", "properties": { "lat": 47.642974216251837, "lon": -122.34321108182492, "time_of_day": "Morning", "causation": [ "0", "0", "0", "0", "0", "0", "0", "0", "4", "0", "0", "0", "0", "0", "0", "0", "0", "0", "0", "0", "0", "0", "0", "0" ], "duration": 176.0, "sum": 4 }, "geometry": { "type": "Point", "coordinates": [ -122.343211081824919, 47.642974216251837 ] } },
{ "type": "Feature", "properties": { "lat": 47.642995679980579, "lon": -122.35264073962074, "time_of_day": "Morning", "causation": [ "0", "0", "0", "0", "0", "0", "0", "0", "0", "0", "0", "0", "0", "0", "0", "0", "0", "0", "0", "0", "1", "0", "0", "0" ], "duration": 1826.0, "sum": 1 }, "geometry": { "type": "Point", "coordinates": [ -122.352640739620739, 47.642995679980579 ] } },
{ "type": "Feature", "properties": { "lat": 47.643011375832209, "lon": -122.34429916183559, "time_of_day": "Morning", "causation": [ "0", "0", "0", "0", "0", "0", "0", "0", "1", "0", "0", "0", "0", "0", "0", "0", "0", "0", "0", "0", "0", "0", "0", "0" ], "duration": 44.0, "sum": 1 }, "geometry": { "type": "Point", "coordinates": [ -122.344299161835593, 47.643011375832209 ] } },
{ "type": "Feature", "properties": { "lat": 47.643054022153429, "lon": -122.35295673810676, "time_of_day": "Morning", "causation": [ "0", "0", "0", "0", "0", "0", "0", "0", "0", "0", "0", "0", "0", "0", "0", "0", "0", "0", "0", "0", "1", "0", "0", "0" ], "duration": 1826.0, "sum": 1 }, "geometry": { "type": "Point", "coordinates": [ -122.352956738106755, 47.643054022153429 ] } },
{ "type": "Feature", "properties": { "lat": 47.643059988994331, "lon": -122.35263754677644, "time_of_day": "Morning", "causation": [ "0", "0", "0", "0", "0", "0", "0", "0", "0", "0", "0", "0", "0", "0", "0", "0", "0", "0", "0", "0", "1", "0", "0", "0" ], "duration": 1826.0, "sum": 1 }, "geometry": { "type": "Point", "coordinates": [ -122.352637546776435, 47.643059988994331 ] } },
{ "type": "Feature", "properties": { "lat": 47.643066752177852, "lon": -122.34220404366292, "time_of_day": "Morning", "causation": [ "0", "0", "0", "0", "0", "0", "0", "0", "1", "0", "0", "0", "0", "0", "0", "0", "0", "0", "0", "0", "0", "0", "0", "0" ], "duration": 44.0, "sum": 1 }, "geometry": { "type": "Point", "coordinates": [ -122.342204043662917, 47.643066752177852 ] } },
{ "type": "Feature", "properties": { "lat": 47.643069078264723, "lon": -122.35405510153166, "time_of_day": "Morning", "causation": [ "0", "0", "0", "0", "0", "0", "0", "0", "0", "0", "0", "0", "0", "0", "0", "0", "0", "0", "0", "0", "1", "0", "0", "0" ], "duration": 114.0, "sum": 1 }, "geometry": { "type": "Point", "coordinates": [ -122.354055101531657, 47.643069078264723 ] } },
{ "type": "Feature", "properties": { "lat": 47.643091397712631, "lon": -122.35175117254722, "time_of_day": "Morning", "causation": [ "0", "0", "0", "0", "0", "0", "0", "0", "0", "0", "0", "0", "0", "0", "0", "0", "0", "0", "0", "0", "1", "0", "0", "0" ], "duration": 114.0, "sum": 1 }, "geometry": { "type": "Point", "coordinates": [ -122.351751172547225, 47.643091397712631 ] } },
{ "type": "Feature", "properties": { "lat": 47.643094896522783, "lon": -122.35428753001084, "time_of_day": "Morning", "causation": [ "0", "0", "0", "0", "0", "0", "0", "0", "0", "0", "0", "0", "0", "0", "0", "0", "0", "0", "0", "0", "1", "0", "0", "0" ], "duration": 114.0, "sum": 1 }, "geometry": { "type": "Point", "coordinates": [ -122.354287530010836, 47.643094896522783 ] } },
{ "type": "Feature", "properties": { "lat": 47.643148388256165, "lon": -122.35205130720394, "time_of_day": "Morning", "causation": [ "0", "0", "0", "0", "0", "0", "0", "0", "0", "0", "0", "0", "0", "0", "0", "0", "0", "0", "0", "0", "1", "0", "0", "0" ], "duration": 114.0, "sum": 1 }, "geometry": { "type": "Point", "coordinates": [ -122.352051307203936, 47.643148388256165 ] } },
{ "type": "Feature", "properties": { "lat": 47.643167169567441, "lon": -122.34325302232295, "time_of_day": "Morning", "causation": [ "0", "0", "0", "0", "0", "0", "0", "0", "2", "0", "0", "0", "0", "0", "0", "0", "0", "0", "0", "0", "0", "0", "0", "0" ], "duration": 88.0, "sum": 2 }, "geometry": { "type": "Point", "coordinates": [ -122.343253022322955, 47.643167169567441 ] } },
{ "type": "Feature", "properties": { "lat": 47.643179240803491, "lon": -122.35253827716008, "time_of_day": "Morning", "causation": [ "0", "0", "0", "0", "0", "0", "0", "0", "0", "0", "0", "0", "0", "0", "0", "0", "0", "0", "0", "0", "1", "0", "0", "0" ], "duration": 1826.0, "sum": 1 }, "geometry": { "type": "Point", "coordinates": [ -122.352538277160079, 47.643179240803491 ] } },
{ "type": "Feature", "properties": { "lat": 47.643376996327838, "lon": -122.35207246070679, "time_of_day": "Morning", "causation": [ "0", "0", "0", "0", "0", "0", "0", "0", "0", "0", "0", "0", "0", "0", "0", "0", "0", "0", "0", "0", "1", "0", "0", "0" ], "duration": 114.0, "sum": 1 }, "geometry": { "type": "Point", "coordinates": [ -122.352072460706793, 47.643376996327838 ] } },
{ "type": "Feature", "properties": { "lat": 47.643396122126603, "lon": -122.35262201676446, "time_of_day": "Morning", "causation": [ "0", "0", "0", "0", "0", "0", "0", "0", "0", "0", "0", "0", "0", "0", "0", "0", "0", "0", "0", "0", "1", "0", "0", "0" ], "duration": 1826.0, "sum": 1 }, "geometry": { "type": "Point", "coordinates": [ -122.352622016764457, 47.643396122126603 ] } },
{ "type": "Feature", "properties": { "lat": 47.643397466872052, "lon": -122.35120709955974, "time_of_day": "Morning", "causation": [ "0", "0", "0", "0", "0", "0", "0", "0", "0", "0", "0", "0", "0", "0", "0", "0", "0", "0", "0", "0", "1", "0", "0", "0" ], "duration": 114.0, "sum": 1 }, "geometry": { "type": "Point", "coordinates": [ -122.351207099559744, 47.643397466872052 ] } },
{ "type": "Feature", "properties": { "lat": 47.643414008508266, "lon": -122.35145228954062, "time_of_day": "Morning", "causation": [ "0", "0", "0", "0", "0", "0", "0", "0", "0", "0", "0", "0", "0", "0", "0", "0", "0", "0", "0", "0", "1", "0", "0", "0" ], "duration": 114.0, "sum": 1 }, "geometry": { "type": "Point", "coordinates": [ -122.351452289540617, 47.643414008508266 ] } },
{ "type": "Feature", "properties": { "lat": 47.643478128529253, "lon": -122.35259259436565, "time_of_day": "Morning", "causation": [ "0", "0", "0", "0", "0", "0", "0", "0", "0", "0", "0", "0", "0", "0", "0", "0", "0", "0", "0", "0", "1", "0", "0", "0" ], "duration": 1826.0, "sum": 1 }, "geometry": { "type": "Point", "coordinates": [ -122.352592594365646, 47.643478128529253 ] } },
{ "type": "Feature", "properties": { "lat": 47.643486078414881, "lon": -122.35210150049322, "time_of_day": "Morning", "causation": [ "0", "0", "0", "0", "0", "0", "0", "0", "0", "0", "0", "0", "0", "0", "0", "0", "0", "0", "0", "0", "1", "0", "0", "0" ], "duration": 114.0, "sum": 1 }, "geometry": { "type": "Point", "coordinates": [ -122.35210150049322, 47.643486078414881 ] } },
{ "type": "Feature", "properties": { "lat": 47.643492676780902, "lon": -122.3540776937634, "time_of_day": "Morning", "causation": [ "0", "0", "0", "0", "0", "0", "0", "0", "0", "0", "0", "0", "0", "0", "0", "0", "0", "0", "0", "0", "1", "0", "0", "0" ], "duration": 114.0, "sum": 1 }, "geometry": { "type": "Point", "coordinates": [ -122.354077693763401, 47.643492676780902 ] } },
{ "type": "Feature", "properties": { "lat": 47.643519480926059, "lon": -122.34464572133808, "time_of_day": "Morning", "causation": [ "0", "0", "0", "0", "0", "0", "0", "0", "1", "0", "0", "0", "0", "0", "0", "0", "0", "0", "0", "0", "0", "0", "0", "0" ], "duration": 44.0, "sum": 1 }, "geometry": { "type": "Point", "coordinates": [ -122.344645721338082, 47.643519480926059 ] } },
{ "type": "Feature", "properties": { "lat": 47.643560548396167, "lon": -122.35146972996192, "time_of_day": "Morning", "causation": [ "0", "0", "0", "0", "0", "0", "0", "0", "0", "0", "0", "0", "0", "0", "0", "0", "0", "0", "0", "0", "1", "0", "0", "0" ], "duration": 114.0, "sum": 1 }, "geometry": { "type": "Point", "coordinates": [ -122.35146972996192, 47.643560548396167 ] } },
{ "type": "Feature", "properties": { "lat": 47.643566797215193, "lon": -122.35122068455139, "time_of_day": "Morning", "causation": [ "0", "0", "0", "0", "0", "0", "0", "0", "0", "0", "0", "0", "0", "0", "0", "0", "0", "0", "0", "0", "1", "0", "0", "0" ], "duration": 114.0, "sum": 1 }, "geometry": { "type": "Point", "coordinates": [ -122.351220684551393, 47.643566797215193 ] } },
{ "type": "Feature", "properties": { "lat": 47.643594734247664, "lon": -122.35261716066444, "time_of_day": "Morning", "causation": [ "0", "0", "0", "0", "0", "0", "0", "0", "0", "0", "0", "0", "0", "0", "0", "0", "0", "0", "0", "0", "1", "0", "0", "0" ], "duration": 1826.0, "sum": 1 }, "geometry": { "type": "Point", "coordinates": [ -122.352617160664437, 47.643594734247664 ] } },
{ "type": "Feature", "properties": { "lat": 47.643604049392977, "lon": -122.35208829025396, "time_of_day": "Morning", "causation": [ "0", "0", "0", "0", "0", "0", "0", "0", "0", "0", "0", "0", "0", "0", "0", "0", "0", "0", "0", "0", "1", "0", "0", "0" ], "duration": 114.0, "sum": 1 }, "geometry": { "type": "Point", "coordinates": [ -122.35208829025396, 47.643604049392977 ] } },
{ "type": "Feature", "properties": { "lat": 47.643611383760607, "lon": -122.35353399526954, "time_of_day": "Morning", "causation": [ "0", "0", "0", "0", "0", "0", "0", "0", "0", "0", "0", "0", "0", "0", "0", "0", "0", "0", "0", "0", "1", "0", "0", "0" ], "duration": 114.0, "sum": 1 }, "geometry": { "type": "Point", "coordinates": [ -122.353533995269544, 47.643611383760607 ] } },
{ "type": "Feature", "properties": { "lat": 47.643654987064672, "lon": -122.3448069622244, "time_of_day": "Morning", "causation": [ "0", "0", "0", "0", "0", "0", "0", "0", "2", "0", "0", "0", "0", "0", "0", "0", "0", "0", "0", "0", "0", "0", "0", "0" ], "duration": 88.0, "sum": 2 }, "geometry": { "type": "Point", "coordinates": [ -122.344806962224396, 47.643654987064672 ] } },
{ "type": "Feature", "properties": { "lat": 47.643663489731225, "lon": -122.35407613231098, "time_of_day": "Morning", "causation": [ "0", "0", "0", "0", "0", "0", "0", "0", "0", "0", "0", "0", "0", "0", "0", "0", "0", "0", "0", "0", "1", "0", "0", "0" ], "duration": 114.0, "sum": 1 }, "geometry": { "type": "Point", "coordinates": [ -122.354076132310979, 47.643663489731225 ] } },
{ "type": "Feature", "properties": { "lat": 47.643705193561892, "lon": -122.35247599966441, "time_of_day": "Morning", "causation": [ "0", "0", "0", "0", "0", "0", "0", "0", "0", "0", "0", "0", "0", "0", "0", "0", "0", "0", "0", "0", "1", "0", "0", "0" ], "duration": 1826.0, "sum": 1 }, "geometry": { "type": "Point", "coordinates": [ -122.352475999664406, 47.643705193561892 ] } },
{ "type": "Feature", "properties": { "lat": 47.643706691411225, "lon": -122.35211604659504, "time_of_day": "Morning", "causation": [ "0", "0", "0", "0", "0", "0", "0", "0", "0", "0", "0", "0", "0", "0", "0", "0", "0", "0", "0", "0", "1", "0", "0", "0" ], "duration": 114.0, "sum": 1 }, "geometry": { "type": "Point", "coordinates": [ -122.352116046595043, 47.643706691411225 ] } },
{ "type": "Feature", "properties": { "lat": 47.643707160446439, "lon": -122.35153212095796, "time_of_day": "Morning", "causation": [ "0", "0", "0", "0", "0", "0", "0", "0", "0", "0", "0", "0", "0", "0", "0", "0", "0", "0", "0", "0", "1", "0", "0", "0" ], "duration": 114.0, "sum": 1 }, "geometry": { "type": "Point", "coordinates": [ -122.351532120957955, 47.643707160446439 ] } },
{ "type": "Feature", "properties": { "lat": 47.643778427757979, "lon": -122.3540793881514, "time_of_day": "Morning", "causation": [ "0", "0", "0", "0", "0", "0", "0", "0", "0", "0", "0", "0", "0", "0", "0", "0", "0", "0", "0", "0", "1", "0", "0", "0" ], "duration": 114.0, "sum": 1 }, "geometry": { "type": "Point", "coordinates": [ -122.354079388151405, 47.643778427757979 ] } },
{ "type": "Feature", "properties": { "lat": 47.643813491732224, "lon": -122.35144977137712, "time_of_day": "Morning", "causation": [ "0", "0", "0", "0", "0", "0", "0", "0", "0", "0", "0", "0", "0", "0", "0", "0", "0", "0", "0", "0", "1", "0", "0", "0" ], "duration": 114.0, "sum": 1 }, "geometry": { "type": "Point", "coordinates": [ -122.351449771377119, 47.643813491732224 ] } },
{ "type": "Feature", "properties": { "lat": 47.643818731520255, "lon": -122.35356821974302, "time_of_day": "Morning", "causation": [ "0", "0", "0", "0", "0", "0", "0", "0", "0", "0", "0", "0", "0", "0", "0", "0", "0", "0", "0", "0", "1", "0", "0", "0" ], "duration": 114.0, "sum": 1 }, "geometry": { "type": "Point", "coordinates": [ -122.353568219743025, 47.643818731520255 ] } },
{ "type": "Feature", "properties": { "lat": 47.643833010081913, "lon": -122.35254550910469, "time_of_day": "Morning", "causation": [ "0", "0", "0", "0", "0", "0", "0", "0", "0", "0", "0", "0", "0", "0", "0", "0", "0", "0", "0", "0", "1", "0", "0", "0" ], "duration": 1826.0, "sum": 1 }, "geometry": { "type": "Point", "coordinates": [ -122.352545509104687, 47.643833010081913 ] } },
{ "type": "Feature", "properties": { "lat": 47.643862603232648, "lon": -122.34409007305359, "time_of_day": "Morning", "causation": [ "0", "0", "0", "0", "0", "0", "0", "0", "19", "0", "0", "0", "0", "0", "0", "0", "0", "0", "0", "0", "0", "0", "0", "0" ], "duration": 836.0, "sum": 19 }, "geometry": { "type": "Point", "coordinates": [ -122.344090073053593, 47.643862603232648 ] } },
{ "type": "Feature", "properties": { "lat": 47.643894872264497, "lon": -122.30310016300136, "time_of_day": "Late Night", "causation": [ "0", "0", "0", "0", "0", "0", "0", "0", "1", "0", "0", "0", "0", "0", "0", "0", "0", "0", "0", "0", "0", "0", "0", "0" ], "duration": 226.0, "sum": 1 }, "geometry": { "type": "Point", "coordinates": [ -122.303100163001361, 47.643894872264497 ] } },
{ "type": "Feature", "properties": { "lat": 47.643899022928046, "lon": -122.30286292590472, "time_of_day": "Late Night", "causation": [ "0", "0", "0", "0", "0", "0", "0", "0", "2", "0", "0", "0", "0", "0", "0", "0", "0", "0", "0", "0", "0", "0", "0", "0" ], "duration": 452.0, "sum": 2 }, "geometry": { "type": "Point", "coordinates": [ -122.302862925904719, 47.643899022928046 ] } },
{ "type": "Feature", "properties": { "lat": 47.643909004247774, "lon": -122.30254589414908, "time_of_day": "Late Night", "causation": [ "0", "0", "0", "0", "0", "0", "0", "0", "1", "0", "0", "0", "0", "0", "0", "0", "0", "0", "0", "0", "0", "0", "0", "0" ], "duration": 226.0, "sum": 1 }, "geometry": { "type": "Point", "coordinates": [ -122.302545894149077, 47.643909004247774 ] } },
{ "type": "Feature", "properties": { "lat": 47.643909362845321, "lon": -122.301610431973, "time_of_day": "Late Night", "causation": [ "0", "0", "0", "0", "0", "0", "0", "0", "1", "0", "0", "0", "0", "0", "0", "0", "0", "0", "0", "0", "0", "0", "0", "0" ], "duration": 226.0, "sum": 1 }, "geometry": { "type": "Point", "coordinates": [ -122.301610431973003, 47.643909362845321 ] } },
{ "type": "Feature", "properties": { "lat": 47.643912662567935, "lon": -122.30270095001455, "time_of_day": "Late Night", "causation": [ "0", "0", "0", "0", "0", "0", "0", "0", "1", "0", "0", "0", "0", "0", "0", "0", "0", "0", "0", "0", "0", "0", "0", "0" ], "duration": 226.0, "sum": 1 }, "geometry": { "type": "Point", "coordinates": [ -122.302700950014554, 47.643912662567935 ] } },
{ "type": "Feature", "properties": { "lat": 47.643912770900734, "lon": -122.3018426079702, "time_of_day": "Late Night", "causation": [ "0", "0", "0", "0", "0", "0", "0", "0", "1", "0", "0", "0", "0", "0", "0", "0", "0", "0", "0", "0", "0", "0", "0", "0" ], "duration": 226.0, "sum": 1 }, "geometry": { "type": "Point", "coordinates": [ -122.301842607970201, 47.643912770900734 ] } },
{ "type": "Feature", "properties": { "lat": 47.643919284114908, "lon": -122.35408441635261, "time_of_day": "Morning", "causation": [ "0", "0", "0", "0", "0", "0", "0", "0", "0", "0", "0", "0", "0", "0", "0", "0", "0", "0", "0", "0", "1", "0", "0", "0" ], "duration": 114.0, "sum": 1 }, "geometry": { "type": "Point", "coordinates": [ -122.354084416352606, 47.643919284114908 ] } },
{ "type": "Feature", "properties": { "lat": 47.643919286889606, "lon": -122.35357128526688, "time_of_day": "Morning", "causation": [ "0", "0", "0", "0", "0", "0", "0", "0", "0", "0", "0", "0", "0", "0", "0", "0", "0", "0", "0", "0", "1", "0", "0", "0" ], "duration": 114.0, "sum": 1 }, "geometry": { "type": "Point", "coordinates": [ -122.353571285266881, 47.643919286889606 ] } },
{ "type": "Feature", "properties": { "lat": 47.643921131337066, "lon": -122.35150931255087, "time_of_day": "Morning", "causation": [ "0", "0", "0", "0", "0", "0", "0", "0", "0", "0", "0", "0", "0", "0", "0", "0", "0", "0", "0", "0", "1", "0", "0", "0" ], "duration": 114.0, "sum": 1 }, "geometry": { "type": "Point", "coordinates": [ -122.351509312550874, 47.643921131337066 ] } },
{ "type": "Feature", "properties": { "lat": 47.643921644507202, "lon": -122.35206298843696, "time_of_day": "Morning", "causation": [ "0", "0", "0", "0", "0", "0", "0", "0", "0", "0", "0", "0", "0", "0", "0", "0", "0", "0", "0", "0", "1", "0", "0", "0" ], "duration": 114.0, "sum": 1 }, "geometry": { "type": "Point", "coordinates": [ -122.352062988436955, 47.643921644507202 ] } },
{ "type": "Feature", "properties": { "lat": 47.64392387531548, "lon": -122.30331125406644, "time_of_day": "Late Night", "causation": [ "0", "0", "0", "0", "0", "0", "0", "0", "1", "0", "0", "0", "0", "0", "0", "0", "0", "0", "0", "0", "0", "0", "0", "0" ], "duration": 226.0, "sum": 1 }, "geometry": { "type": "Point", "coordinates": [ -122.303311254066443, 47.64392387531548 ] } },
{ "type": "Feature", "properties": { "lat": 47.643935408322974, "lon": -122.35095152810266, "time_of_day": "Morning", "causation": [ "0", "0", "0", "0", "0", "0", "0", "0", "0", "0", "0", "0", "0", "0", "0", "0", "0", "0", "0", "0", "1", "0", "0", "0" ], "duration": 114.0, "sum": 1 }, "geometry": { "type": "Point", "coordinates": [ -122.350951528102655, 47.643935408322974 ] } },
{ "type": "Feature", "properties": { "lat": 47.643979940346952, "lon": -122.34364563606113, "time_of_day": "Morning", "causation": [ "0", "0", "0", "0", "0", "0", "0", "0", "1", "0", "0", "0", "0", "0", "0", "0", "0", "0", "0", "0", "0", "0", "0", "0" ], "duration": 44.0, "sum": 1 }, "geometry": { "type": "Point", "coordinates": [ -122.343645636061126, 47.643979940346952 ] } },
{ "type": "Feature", "properties": { "lat": 47.644005471931848, "lon": -122.30359744201598, "time_of_day": "Late Night", "causation": [ "0", "0", "0", "0", "0", "0", "0", "0", "1", "0", "0", "0", "0", "0", "0", "0", "0", "0", "0", "0", "0", "0", "0", "0" ], "duration": 226.0, "sum": 1 }, "geometry": { "type": "Point", "coordinates": [ -122.303597442015985, 47.644005471931848 ] } },
{ "type": "Feature", "properties": { "lat": 47.644034997460025, "lon": -122.35254327502828, "time_of_day": "Morning", "causation": [ "0", "0", "0", "0", "0", "0", "0", "0", "0", "0", "0", "0", "0", "0", "0", "0", "0", "0", "0", "0", "1", "0", "0", "0" ], "duration": 1826.0, "sum": 1 }, "geometry": { "type": "Point", "coordinates": [ -122.352543275028282, 47.644034997460025 ] } },
{ "type": "Feature", "properties": { "lat": 47.644050746887302, "lon": -122.35151464264234, "time_of_day": "Morning", "causation": [ "0", "0", "0", "0", "0", "0", "0", "0", "0", "0", "0", "0", "0", "0", "0", "0", "0", "0", "0", "0", "1", "0", "0", "0" ], "duration": 114.0, "sum": 1 }, "geometry": { "type": "Point", "coordinates": [ -122.351514642642343, 47.644050746887302 ] } },
{ "type": "Feature", "properties": { "lat": 47.644052708461963, "lon": -122.350959422817, "time_of_day": "Morning", "causation": [ "0", "0", "0", "0", "0", "0", "0", "0", "0", "0", "0", "0", "0", "0", "0", "0", "0", "0", "0", "0", "1", "0", "0", "0" ], "duration": 114.0, "sum": 1 }, "geometry": { "type": "Point", "coordinates": [ -122.350959422816999, 47.644052708461963 ] } },
{ "type": "Feature", "properties": { "lat": 47.644063630160908, "lon": -122.3535494805309, "time_of_day": "Morning", "causation": [ "0", "0", "0", "0", "0", "0", "0", "0", "0", "0", "0", "0", "0", "0", "0", "0", "0", "0", "0", "0", "1", "0", "0", "0" ], "duration": 114.0, "sum": 1 }, "geometry": { "type": "Point", "coordinates": [ -122.353549480530901, 47.644063630160908 ] } },
{ "type": "Feature", "properties": { "lat": 47.644082834502505, "lon": -122.35201091588888, "time_of_day": "Morning", "causation": [ "0", "0", "0", "0", "0", "0", "0", "0", "0", "0", "0", "0", "0", "0", "0", "0", "0", "0", "0", "0", "1", "0", "0", "0" ], "duration": 114.0, "sum": 1 }, "geometry": { "type": "Point", "coordinates": [ -122.352010915888883, 47.644082834502505 ] } },
{ "type": "Feature", "properties": { "lat": 47.644148282875634, "lon": -122.3530560216422, "time_of_day": "Morning", "causation": [ "0", "0", "0", "0", "0", "0", "0", "0", "0", "0", "0", "0", "0", "0", "0", "0", "0", "0", "0", "0", "1", "0", "0", "0" ], "duration": 1826.0, "sum": 1 }, "geometry": { "type": "Point", "coordinates": [ -122.353056021642203, 47.644148282875634 ] } },
{ "type": "Feature", "properties": { "lat": 47.644157296254633, "lon": -122.35037532558761, "time_of_day": "Morning", "causation": [ "0", "0", "0", "0", "0", "0", "0", "0", "0", "0", "0", "0", "0", "0", "0", "0", "0", "0", "0", "0", "1", "0", "0", "0" ], "duration": 114.0, "sum": 1 }, "geometry": { "type": "Point", "coordinates": [ -122.350375325587606, 47.644157296254633 ] } },
{ "type": "Feature", "properties": { "lat": 47.644158757616488, "lon": -122.35406928216176, "time_of_day": "Morning", "causation": [ "0", "0", "0", "0", "0", "0", "0", "0", "0", "0", "0", "0", "0", "0", "0", "0", "0", "0", "0", "0", "1", "0", "0", "0" ], "duration": 114.0, "sum": 1 }, "geometry": { "type": "Point", "coordinates": [ -122.35406928216176, 47.644158757616488 ] } },
{ "type": "Feature", "properties": { "lat": 47.644163955115722, "lon": -122.3524811612676, "time_of_day": "Morning", "causation": [ "0", "0", "0", "0", "0", "0", "0", "0", "0", "0", "0", "0", "0", "0", "0", "0", "0", "0", "0", "0", "1", "0", "0", "0" ], "duration": 1826.0, "sum": 1 }, "geometry": { "type": "Point", "coordinates": [ -122.352481161267605, 47.644163955115722 ] } },
{ "type": "Feature", "properties": { "lat": 47.644165924199534, "lon": -122.35093529845804, "time_of_day": "Morning", "causation": [ "0", "0", "0", "0", "0", "0", "0", "0", "0", "0", "0", "0", "0", "0", "0", "0", "0", "0", "0", "0", "1", "0", "0", "0" ], "duration": 114.0, "sum": 1 }, "geometry": { "type": "Point", "coordinates": [ -122.35093529845804, 47.644165924199534 ] } },
{ "type": "Feature", "properties": { "lat": 47.644204408082629, "lon": -122.35198126814572, "time_of_day": "Morning", "causation": [ "0", "0", "0", "0", "0", "0", "0", "0", "0", "0", "0", "0", "0", "0", "0", "0", "0", "0", "0", "0", "1", "0", "0", "0" ], "duration": 114.0, "sum": 1 }, "geometry": { "type": "Point", "coordinates": [ -122.351981268145721, 47.644204408082629 ] } },
{ "type": "Feature", "properties": { "lat": 47.644216826682893, "lon": -122.3501064363236, "time_of_day": "Morning", "causation": [ "0", "0", "0", "0", "0", "0", "0", "0", "0", "0", "0", "0", "0", "0", "0", "0", "0", "0", "0", "0", "1", "0", "0", "0" ], "duration": 114.0, "sum": 1 }, "geometry": { "type": "Point", "coordinates": [ -122.3501064363236, 47.644216826682893 ] } },
{ "type": "Feature", "properties": { "lat": 47.644221905638872, "lon": -122.35133327948338, "time_of_day": "Morning", "causation": [ "0", "0", "0", "0", "0", "0", "0", "0", "0", "0", "0", "0", "0", "0", "0", "0", "0", "0", "0", "0", "1", "0", "0", "0" ], "duration": 114.0, "sum": 1 }, "geometry": { "type": "Point", "coordinates": [ -122.351333279483384, 47.644221905638872 ] } },
{ "type": "Feature", "properties": { "lat": 47.64423511705764, "lon": -122.3515198266487, "time_of_day": "Morning", "causation": [ "0", "0", "0", "0", "0", "0", "0", "0", "0", "0", "0", "0", "0", "0", "0", "0", "0", "0", "0", "0", "1", "0", "0", "0" ], "duration": 114.0, "sum": 1 }, "geometry": { "type": "Point", "coordinates": [ -122.351519826648698, 47.64423511705764 ] } },
{ "type": "Feature", "properties": { "lat": 47.644251217320928, "lon": -122.35254099824732, "time_of_day": "Morning", "causation": [ "0", "0", "0", "0", "0", "0", "0", "0", "0", "0", "0", "0", "0", "0", "0", "0", "0", "0", "0", "0", "1", "0", "0", "0" ], "duration": 1826.0, "sum": 1 }, "geometry": { "type": "Point", "coordinates": [ -122.352540998247321, 47.644251217320928 ] } },
{ "type": "Feature", "properties": { "lat": 47.644261128704017, "lon": -122.35355348531438, "time_of_day": "Morning", "causation": [ "0", "0", "0", "0", "0", "0", "0", "0", "0", "0", "0", "0", "0", "0", "0", "0", "0", "0", "0", "0", "1", "0", "0", "0" ], "duration": 114.0, "sum": 1 }, "geometry": { "type": "Point", "coordinates": [ -122.353553485314379, 47.644261128704017 ] } },
{ "type": "Feature", "properties": { "lat": 47.64426242422411, "lon": -122.35096016315887, "time_of_day": "Morning", "causation": [ "0", "0", "0", "0", "0", "0", "0", "0", "0", "0", "0", "0", "0", "0", "0", "0", "0", "0", "0", "0", "1", "0", "0", "0" ], "duration": 114.0, "sum": 1 }, "geometry": { "type": "Point", "coordinates": [ -122.350960163158874, 47.64426242422411 ] } },
{ "type": "Feature", "properties": { "lat": 47.644262829015993, "lon": -122.35041168388864, "time_of_day": "Morning", "causation": [ "0", "0", "0", "0", "0", "0", "0", "0", "0", "0", "0", "0", "0", "0", "0", "0", "0", "0", "0", "0", "1", "0", "0", "0" ], "duration": 114.0, "sum": 1 }, "geometry": { "type": "Point", "coordinates": [ -122.350411683888638, 47.644262829015993 ] } },
{ "type": "Feature", "properties": { "lat": 47.644270884118733, "lon": -122.29965319297663, "time_of_day": "Late Night", "causation": [ "0", "0", "0", "0", "0", "0", "0", "0", "1", "0", "0", "0", "0", "0", "0", "0", "0", "0", "0", "0", "0", "0", "0", "0" ], "duration": 226.0, "sum": 1 }, "geometry": { "type": "Point", "coordinates": [ -122.299653192976635, 47.644270884118733 ] } },
{ "type": "Feature", "properties": { "lat": 47.644272449755491, "lon": -122.35316963279972, "time_of_day": "Morning", "causation": [ "0", "0", "0", "0", "0", "0", "0", "0", "0", "0", "0", "0", "0", "0", "0", "0", "0", "0", "0", "0", "1", "0", "0", "0" ], "duration": 1826.0, "sum": 1 }, "geometry": { "type": "Point", "coordinates": [ -122.35316963279972, 47.644272449755491 ] } },
{ "type": "Feature", "properties": { "lat": 47.644352925950891, "lon": -122.3520189622466, "time_of_day": "Morning", "causation": [ "0", "0", "0", "0", "0", "0", "0", "0", "0", "0", "0", "0", "0", "0", "0", "0", "0", "0", "0", "0", "1", "0", "0", "0" ], "duration": 114.0, "sum": 1 }, "geometry": { "type": "Point", "coordinates": [ -122.352018962246603, 47.644352925950891 ] } },
{ "type": "Feature", "properties": { "lat": 47.64436212630158, "lon": -122.35250051493117, "time_of_day": "Morning", "causation": [ "0", "0", "0", "0", "0", "0", "0", "0", "0", "0", "0", "0", "0", "0", "0", "0", "0", "0", "0", "0", "1", "0", "0", "0" ], "duration": 1826.0, "sum": 1 }, "geometry": { "type": "Point", "coordinates": [ -122.352500514931165, 47.64436212630158 ] } },
{ "type": "Feature", "properties": { "lat": 47.644372647179338, "lon": -122.35408566487015, "time_of_day": "Morning", "causation": [ "0", "0", "0", "0", "0", "0", "0", "0", "0", "0", "0", "0", "0", "0", "0", "0", "0", "0", "0", "0", "1", "0", "0", "0" ], "duration": 114.0, "sum": 1 }, "geometry": { "type": "Point", "coordinates": [ -122.354085664870155, 47.644372647179338 ] } },
{ "type": "Feature", "properties": { "lat": 47.644372864603568, "lon": -122.35305711158284, "time_of_day": "Morning", "causation": [ "0", "0", "0", "0", "0", "0", "0", "0", "0", "0", "0", "0", "0", "0", "0", "0", "0", "0", "0", "0", "1", "0", "0", "0" ], "duration": 1826.0, "sum": 1 }, "geometry": { "type": "Point", "coordinates": [ -122.353057111582842, 47.644372864603568 ] } },
{ "type": "Feature", "properties": { "lat": 47.64437360988785, "lon": -122.35353780489991, "time_of_day": "Morning", "causation": [ "0", "0", "0", "0", "0", "0", "0", "0", "0", "0", "0", "0", "0", "0", "0", "0", "0", "0", "0", "0", "1", "0", "0", "0" ], "duration": 114.0, "sum": 1 }, "geometry": { "type": "Point", "coordinates": [ -122.353537804899915, 47.64437360988785 ] } },
{ "type": "Feature", "properties": { "lat": 47.644380667992984, "lon": -122.34485231923171, "time_of_day": "Morning", "causation": [ "0", "0", "0", "0", "0", "0", "0", "0", "34", "0", "0", "0", "0", "0", "0", "0", "0", "0", "0", "0", "0", "0", "0", "0" ], "duration": 1496.0, "sum": 34 }, "geometry": { "type": "Point", "coordinates": [ -122.344852319231705, 47.644380667992984 ] } },
{ "type": "Feature", "properties": { "lat": 47.644428574599694, "lon": -122.34503341411394, "time_of_day": "Morning", "causation": [ "0", "0", "0", "0", "0", "0", "0", "0", "18", "0", "0", "0", "0", "0", "0", "0", "0", "0", "0", "0", "0", "0", "0", "0" ], "duration": 792.0, "sum": 18 }, "geometry": { "type": "Point", "coordinates": [ -122.345033414113942, 47.644428574599694 ] } },
{ "type": "Feature", "properties": { "lat": 47.644471455828132, "lon": -122.35306375427255, "time_of_day": "Morning", "causation": [ "0", "0", "0", "0", "0", "0", "0", "0", "0", "0", "0", "0", "0", "0", "0", "0", "0", "0", "0", "0", "1", "0", "0", "0" ], "duration": 1826.0, "sum": 1 }, "geometry": { "type": "Point", "coordinates": [ -122.353063754272554, 47.644471455828132 ] } },
{ "type": "Feature", "properties": { "lat": 47.644481418084837, "lon": -122.35235869262362, "time_of_day": "Morning", "causation": [ "0", "0", "0", "0", "0", "0", "0", "0", "0", "0", "0", "0", "0", "0", "0", "0", "0", "0", "0", "0", "1", "0", "0", "0" ], "duration": 1826.0, "sum": 1 }, "geometry": { "type": "Point", "coordinates": [ -122.352358692623625, 47.644481418084837 ] } },
{ "type": "Feature", "properties": { "lat": 47.64451056343853, "lon": -122.35404883915572, "time_of_day": "Morning", "causation": [ "0", "0", "0", "0", "0", "0", "0", "0", "0", "0", "0", "0", "0", "0", "0", "0", "0", "0", "0", "0", "1", "0", "0", "0" ], "duration": 114.0, "sum": 1 }, "geometry": { "type": "Point", "coordinates": [ -122.354048839155723, 47.64451056343853 ] } },
{ "type": "Feature", "properties": { "lat": 47.644510675238763, "lon": -122.35351563292988, "time_of_day": "Morning", "causation": [ "0", "0", "0", "0", "0", "0", "0", "0", "0", "0", "0", "0", "0", "0", "0", "0", "0", "0", "0", "0", "1", "0", "0", "0" ], "duration": 114.0, "sum": 1 }, "geometry": { "type": "Point", "coordinates": [ -122.353515632929884, 47.644510675238763 ] } },
{ "type": "Feature", "properties": { "lat": 47.644526591768539, "lon": -122.35036645701744, "time_of_day": "Morning", "causation": [ "0", "0", "0", "0", "0", "0", "0", "0", "0", "0", "0", "0", "0", "0", "0", "0", "0", "0", "0", "0", "1", "0", "0", "0" ], "duration": 114.0, "sum": 1 }, "geometry": { "type": "Point", "coordinates": [ -122.350366457017444, 47.644526591768539 ] } },
{ "type": "Feature", "properties": { "lat": 47.644534770617753, "lon": -122.34995380770916, "time_of_day": "Morning", "causation": [ "0", "0", "0", "0", "0", "0", "0", "0", "0", "0", "0", "0", "0", "0", "0", "0", "0", "0", "0", "0", "1", "0", "0", "0" ], "duration": 114.0, "sum": 1 }, "geometry": { "type": "Point", "coordinates": [ -122.349953807709156, 47.644534770617753 ] } },
{ "type": "Feature", "properties": { "lat": 47.644549343092301, "lon": -122.35128217840337, "time_of_day": "Morning", "causation": [ "0", "0", "0", "0", "0", "0", "0", "0", "0", "0", "0", "0", "0", "0", "0", "0", "0", "0", "0", "0", "1", "0", "0", "0" ], "duration": 114.0, "sum": 1 }, "geometry": { "type": "Point", "coordinates": [ -122.351282178403366, 47.644549343092301 ] } },
{ "type": "Feature", "properties": { "lat": 47.64457265103384, "lon": -122.35304784839531, "time_of_day": "Morning", "causation": [ "0", "0", "0", "0", "0", "0", "0", "0", "0", "0", "0", "0", "0", "0", "0", "0", "0", "0", "0", "0", "1", "0", "0", "0" ], "duration": 114.0, "sum": 1 }, "geometry": { "type": "Point", "coordinates": [ -122.353047848395306, 47.64457265103384 ] } },
{ "type": "Feature", "properties": { "lat": 47.644575946985363, "lon": -122.35011502876176, "time_of_day": "Morning", "causation": [ "0", "0", "0", "0", "0", "0", "0", "0", "0", "0", "0", "0", "0", "0", "0", "0", "0", "0", "0", "0", "2", "0", "0", "0" ], "duration": 228.0, "sum": 2 }, "geometry": { "type": "Point", "coordinates": [ -122.350115028761763, 47.644575946985363 ] } },
{ "type": "Feature", "properties": { "lat": 47.644586526277173, "lon": -122.35094737482376, "time_of_day": "Morning", "causation": [ "0", "0", "0", "0", "0", "0", "0", "0", "0", "0", "0", "0", "0", "0", "0", "0", "0", "0", "0", "0", "1", "0", "0", "0" ], "duration": 114.0, "sum": 1 }, "geometry": { "type": "Point", "coordinates": [ -122.350947374823761, 47.644586526277173 ] } },
{ "type": "Feature", "properties": { "lat": 47.644590484658451, "lon": -122.3453828833411, "time_of_day": "Morning", "causation": [ "0", "0", "0", "0", "0", "0", "0", "0", "4", "0", "0", "0", "0", "0", "0", "0", "0", "0", "0", "0", "0", "0", "0", "0" ], "duration": 176.0, "sum": 4 }, "geometry": { "type": "Point", "coordinates": [ -122.345382883341102, 47.644590484658451 ] } },
{ "type": "Feature", "properties": { "lat": 47.644615896598935, "lon": -122.35177682123152, "time_of_day": "Morning", "causation": [ "0", "0", "0", "0", "0", "0", "0", "0", "0", "0", "0", "0", "0", "0", "0", "0", "0", "0", "0", "0", "1", "0", "0", "0" ], "duration": 114.0, "sum": 1 }, "geometry": { "type": "Point", "coordinates": [ -122.351776821231525, 47.644615896598935 ] } },
{ "type": "Feature", "properties": { "lat": 47.644621101530952, "lon": -122.35037835175562, "time_of_day": "Morning", "causation": [ "0", "0", "0", "0", "0", "0", "0", "0", "0", "0", "0", "0", "0", "0", "0", "0", "0", "0", "0", "0", "1", "0", "0", "0" ], "duration": 114.0, "sum": 1 }, "geometry": { "type": "Point", "coordinates": [ -122.350378351755623, 47.644621101530952 ] } },
{ "type": "Feature", "properties": { "lat": 47.644701160481013, "lon": -122.35087113620899, "time_of_day": "Morning", "causation": [ "0", "0", "0", "0", "0", "0", "0", "0", "0", "0", "0", "0", "0", "0", "0", "0", "0", "0", "0", "0", "1", "0", "0", "0" ], "duration": 114.0, "sum": 1 }, "geometry": { "type": "Point", "coordinates": [ -122.350871136208994, 47.644701160481013 ] } },
{ "type": "Feature", "properties": { "lat": 47.644714639704574, "lon": -122.35119663857586, "time_of_day": "Morning", "causation": [ "0", "0", "0", "0", "0", "0", "0", "0", "0", "0", "0", "0", "0", "0", "0", "0", "0", "0", "0", "0", "1", "0", "0", "0" ], "duration": 114.0, "sum": 1 }, "geometry": { "type": "Point", "coordinates": [ -122.351196638575857, 47.644714639704574 ] } },
{ "type": "Feature", "properties": { "lat": 47.644721171876327, "lon": -122.35203761713056, "time_of_day": "Morning", "causation": [ "0", "0", "0", "0", "0", "0", "0", "0", "0", "0", "0", "0", "0", "0", "0", "0", "0", "0", "0", "0", "1", "0", "0", "0" ], "duration": 114.0, "sum": 1 }, "geometry": { "type": "Point", "coordinates": [ -122.352037617130563, 47.644721171876327 ] } },
{ "type": "Feature", "properties": { "lat": 47.644724052917617, "lon": -122.35172664741442, "time_of_day": "Morning", "causation": [ "0", "0", "0", "0", "0", "0", "0", "0", "0", "0", "0", "0", "0", "0", "0", "0", "0", "0", "0", "0", "2", "0", "0", "0" ], "duration": 228.0, "sum": 2 }, "geometry": { "type": "Point", "coordinates": [ -122.351726647414424, 47.644724052917617 ] } },
{ "type": "Feature", "properties": { "lat": 47.644757009288966, "lon": -122.3503919696046, "time_of_day": "Morning", "causation": [ "0", "0", "0", "0", "0", "0", "0", "0", "0", "0", "0", "0", "0", "0", "0", "0", "0", "0", "0", "0", "1", "0", "0", "0" ], "duration": 114.0, "sum": 1 }, "geometry": { "type": "Point", "coordinates": [ -122.350391969604601, 47.644757009288966 ] } },
{ "type": "Feature", "properties": { "lat": 47.644825928784371, "lon": -122.35384845785252, "time_of_day": "Morning", "causation": [ "0", "0", "0", "0", "0", "0", "0", "0", "0", "0", "0", "0", "0", "0", "0", "0", "0", "0", "0", "0", "1", "0", "0", "0" ], "duration": 114.0, "sum": 1 }, "geometry": { "type": "Point", "coordinates": [ -122.353848457852521, 47.644825928784371 ] } },
{ "type": "Feature", "properties": { "lat": 47.644826076362783, "lon": -122.35172261915646, "time_of_day": "Morning", "causation": [ "0", "0", "0", "0", "0", "0", "0", "0", "0", "0", "0", "0", "0", "0", "0", "0", "0", "0", "0", "0", "1", "0", "0", "0" ], "duration": 114.0, "sum": 1 }, "geometry": { "type": "Point", "coordinates": [ -122.351722619156462, 47.644826076362783 ] } },
{ "type": "Feature", "properties": { "lat": 47.64483270682009, "lon": -122.35430860197832, "time_of_day": "Morning", "causation": [ "0", "0", "0", "0", "0", "0", "0", "0", "0", "0", "0", "0", "0", "0", "0", "0", "0", "0", "0", "0", "1", "0", "0", "0" ], "duration": 114.0, "sum": 1 }, "geometry": { "type": "Point", "coordinates": [ -122.354308601978317, 47.64483270682009 ] } },
{ "type": "Feature", "properties": { "lat": 47.644833807195418, "lon": -122.3528000671936, "time_of_day": "Morning", "causation": [ "0", "0", "0", "0", "0", "0", "0", "0", "0", "0", "0", "0", "0", "0", "0", "0", "0", "0", "0", "0", "1", "0", "0", "0" ], "duration": 114.0, "sum": 1 }, "geometry": { "type": "Point", "coordinates": [ -122.352800067193598, 47.644833807195418 ] } },
{ "type": "Feature", "properties": { "lat": 47.64483513813299, "lon": -122.35115547437648, "time_of_day": "Morning", "causation": [ "0", "0", "0", "0", "0", "0", "0", "0", "0", "0", "0", "0", "0", "0", "0", "0", "0", "0", "0", "0", "1", "0", "0", "0" ], "duration": 114.0, "sum": 1 }, "geometry": { "type": "Point", "coordinates": [ -122.351155474376483, 47.64483513813299 ] } },
{ "type": "Feature", "properties": { "lat": 47.644835617807857, "lon": -122.35218096077629, "time_of_day": "Morning", "causation": [ "0", "0", "0", "0", "0", "0", "0", "0", "0", "0", "0", "0", "0", "0", "0", "0", "0", "0", "0", "0", "1", "0", "0", "0" ], "duration": 114.0, "sum": 1 }, "geometry": { "type": "Point", "coordinates": [ -122.352180960776295, 47.644835617807857 ] } },
{ "type": "Feature", "properties": { "lat": 47.644837080608617, "lon": -122.35320728770704, "time_of_day": "Morning", "causation": [ "0", "0", "0", "0", "0", "0", "0", "0", "0", "0", "0", "0", "0", "0", "0", "0", "0", "0", "0", "0", "1", "0", "0", "0" ], "duration": 114.0, "sum": 1 }, "geometry": { "type": "Point", "coordinates": [ -122.353207287707036, 47.644837080608617 ] } },
{ "type": "Feature", "properties": { "lat": 47.644843632265541, "lon": -122.30668154767891, "time_of_day": "Late Night", "causation": [ "0", "0", "0", "0", "0", "0", "0", "0", "3", "0", "0", "0", "0", "0", "0", "0", "0", "0", "0", "0", "0", "0", "0", "0" ], "duration": 678.0, "sum": 3 }, "geometry": { "type": "Point", "coordinates": [ -122.306681547678906, 47.644843632265541 ] } },
{ "type": "Feature", "properties": { "lat": 47.64488972691656, "lon": -122.3503431098448, "time_of_day": "Morning", "causation": [ "0", "0", "0", "0", "0", "0", "0", "0", "0", "0", "0", "0", "0", "0", "0", "0", "0", "0", "0", "0", "1", "0", "0", "0" ], "duration": 114.0, "sum": 1 }, "geometry": { "type": "Point", "coordinates": [ -122.3503431098448, 47.64488972691656 ] } },
{ "type": "Feature", "properties": { "lat": 47.644906060974712, "lon": -122.35077297521958, "time_of_day": "Morning", "causation": [ "0", "0", "0", "0", "0", "0", "0", "0", "0", "0", "0", "0", "0", "0", "0", "0", "0", "0", "0", "0", "1", "0", "0", "0" ], "duration": 114.0, "sum": 1 }, "geometry": { "type": "Point", "coordinates": [ -122.350772975219584, 47.644906060974712 ] } },
{ "type": "Feature", "properties": { "lat": 47.644927327164027, "lon": -122.35172786008772, "time_of_day": "Morning", "causation": [ "0", "0", "0", "0", "0", "0", "0", "0", "0", "0", "0", "0", "0", "0", "0", "0", "0", "0", "0", "0", "1", "0", "0", "0" ], "duration": 114.0, "sum": 1 }, "geometry": { "type": "Point", "coordinates": [ -122.351727860087721, 47.644927327164027 ] } },
{ "type": "Feature", "properties": { "lat": 47.644992804221943, "lon": -122.35113139375105, "time_of_day": "Morning", "causation": [ "0", "0", "0", "0", "0", "0", "0", "0", "0", "0", "0", "0", "0", "0", "0", "0", "0", "0", "0", "0", "1", "0", "0", "0" ], "duration": 114.0, "sum": 1 }, "geometry": { "type": "Point", "coordinates": [ -122.351131393751047, 47.644992804221943 ] } },
{ "type": "Feature", "properties": { "lat": 47.64500822924866, "lon": -122.3503264050491, "time_of_day": "Morning", "causation": [ "0", "0", "0", "0", "0", "0", "0", "0", "0", "0", "0", "0", "0", "0", "0", "0", "0", "0", "0", "0", "1", "0", "0", "0" ], "duration": 114.0, "sum": 1 }, "geometry": { "type": "Point", "coordinates": [ -122.350326405049103, 47.64500822924866 ] } },
{ "type": "Feature", "properties": { "lat": 47.645008421520231, "lon": -122.35078957130204, "time_of_day": "Morning", "causation": [ "0", "0", "0", "0", "0", "0", "0", "0", "0", "0", "0", "0", "0", "0", "0", "0", "0", "0", "0", "0", "1", "0", "0", "0" ], "duration": 114.0, "sum": 1 }, "geometry": { "type": "Point", "coordinates": [ -122.350789571302045, 47.645008421520231 ] } },
{ "type": "Feature", "properties": { "lat": 47.645040640715649, "lon": -122.35174884761634, "time_of_day": "Morning", "causation": [ "0", "0", "0", "0", "0", "0", "0", "0", "0", "0", "0", "0", "0", "0", "0", "0", "0", "0", "0", "0", "1", "0", "0", "0" ], "duration": 114.0, "sum": 1 }, "geometry": { "type": "Point", "coordinates": [ -122.351748847616335, 47.645040640715649 ] } },
{ "type": "Feature", "properties": { "lat": 47.64513942004907, "lon": -122.35031541819625, "time_of_day": "Morning", "causation": [ "0", "0", "0", "0", "0", "0", "0", "0", "0", "0", "0", "0", "0", "0", "0", "0", "0", "0", "0", "0", "1", "0", "0", "0" ], "duration": 114.0, "sum": 1 }, "geometry": { "type": "Point", "coordinates": [ -122.350315418196246, 47.64513942004907 ] } },
{ "type": "Feature", "properties": { "lat": 47.64514558458211, "lon": -122.35106781613524, "time_of_day": "Morning", "causation": [ "0", "0", "0", "0", "0", "0", "0", "0", "0", "0", "0", "0", "0", "0", "0", "0", "0", "0", "0", "0", "1", "0", "0", "0" ], "duration": 114.0, "sum": 1 }, "geometry": { "type": "Point", "coordinates": [ -122.351067816135242, 47.64514558458211 ] } },
{ "type": "Feature", "properties": { "lat": 47.645148087155313, "lon": -122.35078889161126, "time_of_day": "Morning", "causation": [ "0", "0", "0", "0", "0", "0", "0", "0", "0", "0", "0", "0", "0", "0", "0", "0", "0", "0", "0", "0", "2", "0", "0", "0" ], "duration": 228.0, "sum": 2 }, "geometry": { "type": "Point", "coordinates": [ -122.350788891611259, 47.645148087155313 ] } },
{ "type": "Feature", "properties": { "lat": 47.645173045632731, "lon": -122.34615256015016, "time_of_day": "Morning", "causation": [ "0", "0", "0", "0", "0", "0", "0", "0", "10", "0", "0", "0", "0", "0", "0", "0", "0", "0", "0", "0", "0", "0", "0", "0" ], "duration": 440.0, "sum": 10 }, "geometry": { "type": "Point", "coordinates": [ -122.346152560150159, 47.645173045632731 ] } },
{ "type": "Feature", "properties": { "lat": 47.645216057470307, "lon": -122.3041939772298, "time_of_day": "Late Night", "causation": [ "0", "0", "0", "0", "0", "0", "0", "0", "1", "0", "0", "0", "0", "0", "0", "0", "0", "0", "0", "0", "0", "0", "0", "0" ], "duration": 226.0, "sum": 1 }, "geometry": { "type": "Point", "coordinates": [ -122.304193977229801, 47.645216057470307 ] } },
{ "type": "Feature", "properties": { "lat": 47.645235596483992, "lon": -122.30512543762438, "time_of_day": "Late Night", "causation": [ "0", "0", "0", "0", "0", "0", "0", "0", "1", "0", "0", "0", "0", "0", "0", "0", "0", "0", "0", "0", "0", "0", "0", "0" ], "duration": 226.0, "sum": 1 }, "geometry": { "type": "Point", "coordinates": [ -122.305125437624383, 47.645235596483992 ] } },
{ "type": "Feature", "properties": { "lat": 47.645279988952069, "lon": -122.35077126411871, "time_of_day": "Morning", "causation": [ "0", "0", "0", "0", "0", "0", "0", "0", "0", "0", "0", "0", "0", "0", "0", "0", "0", "0", "0", "0", "1", "0", "0", "0" ], "duration": 114.0, "sum": 1 }, "geometry": { "type": "Point", "coordinates": [ -122.350771264118706, 47.645279988952069 ] } },
{ "type": "Feature", "properties": { "lat": 47.645295963123637, "lon": -122.30238832057512, "time_of_day": "Late Night", "causation": [ "0", "0", "0", "0", "0", "0", "0", "0", "1", "0", "0", "0", "0", "0", "0", "0", "0", "0", "0", "0", "0", "0", "0", "0" ], "duration": 226.0, "sum": 1 }, "geometry": { "type": "Point", "coordinates": [ -122.302388320575119, 47.645295963123637 ] } },
{ "type": "Feature", "properties": { "lat": 47.645310938862167, "lon": -122.30684288792976, "time_of_day": "Late Night", "causation": [ "0", "0", "0", "0", "0", "0", "0", "0", "1", "0", "0", "0", "0", "0", "0", "0", "0", "0", "0", "0", "0", "0", "0", "0" ], "duration": 226.0, "sum": 1 }, "geometry": { "type": "Point", "coordinates": [ -122.306842887929761, 47.645310938862167 ] } },
{ "type": "Feature", "properties": { "lat": 47.645314984887833, "lon": -122.3086049828096, "time_of_day": "Late Night", "causation": [ "0", "0", "0", "0", "0", "0", "0", "0", "3", "0", "0", "0", "0", "0", "0", "0", "0", "0", "0", "0", "0", "0", "0", "0" ], "duration": 678.0, "sum": 3 }, "geometry": { "type": "Point", "coordinates": [ -122.308604982809598, 47.645314984887833 ] } },
{ "type": "Feature", "properties": { "lat": 47.645330121999251, "lon": -122.30222085792536, "time_of_day": "Late Night", "causation": [ "0", "0", "0", "0", "0", "0", "0", "0", "1", "0", "0", "0", "0", "0", "0", "0", "0", "0", "0", "0", "0", "0", "0", "0" ], "duration": 226.0, "sum": 1 }, "geometry": { "type": "Point", "coordinates": [ -122.302220857925363, 47.645330121999251 ] } },
{ "type": "Feature", "properties": { "lat": 47.645334825681878, "lon": -122.30301224804164, "time_of_day": "Late Night", "causation": [ "0", "0", "0", "0", "0", "0", "0", "0", "1", "0", "0", "0", "0", "0", "0", "0", "0", "0", "0", "0", "0", "0", "0", "0" ], "duration": 226.0, "sum": 1 }, "geometry": { "type": "Point", "coordinates": [ -122.30301224804164, 47.645334825681878 ] } },
{ "type": "Feature", "properties": { "lat": 47.645337118189936, "lon": -122.30262433260395, "time_of_day": "Late Night", "causation": [ "0", "0", "0", "0", "0", "0", "0", "0", "1", "0", "0", "0", "0", "0", "0", "0", "0", "0", "0", "0", "0", "0", "0", "0" ], "duration": 226.0, "sum": 1 }, "geometry": { "type": "Point", "coordinates": [ -122.302624332603955, 47.645337118189936 ] } },
{ "type": "Feature", "properties": { "lat": 47.645338571233701, "lon": -122.35031696764251, "time_of_day": "Morning", "causation": [ "0", "0", "0", "0", "0", "0", "0", "0", "0", "0", "0", "0", "0", "0", "0", "0", "0", "0", "0", "0", "1", "0", "0", "0" ], "duration": 114.0, "sum": 1 }, "geometry": { "type": "Point", "coordinates": [ -122.350316967642513, 47.645338571233701 ] } },
{ "type": "Feature", "properties": { "lat": 47.645340183780441, "lon": -122.30282068155996, "time_of_day": "Late Night", "causation": [ "0", "0", "0", "0", "0", "0", "0", "0", "1", "0", "0", "0", "0", "0", "0", "0", "0", "0", "0", "0", "0", "0", "0", "0" ], "duration": 226.0, "sum": 1 }, "geometry": { "type": "Point", "coordinates": [ -122.302820681559965, 47.645340183780441 ] } },
{ "type": "Feature", "properties": { "lat": 47.645341636402478, "lon": -122.30417841843274, "time_of_day": "Late Night", "causation": [ "0", "0", "0", "0", "0", "0", "0", "0", "1", "0", "0", "0", "0", "0", "0", "0", "0", "0", "0", "0", "0", "0", "0", "0" ], "duration": 226.0, "sum": 1 }, "geometry": { "type": "Point", "coordinates": [ -122.304178418432741, 47.645341636402478 ] } },
{ "type": "Feature", "properties": { "lat": 47.645341843452357, "lon": -122.30360738470124, "time_of_day": "Late Night", "causation": [ "0", "0", "0", "0", "0", "0", "0", "0", "1", "0", "0", "0", "0", "0", "0", "0", "0", "0", "0", "0", "0", "0", "0", "0" ], "duration": 226.0, "sum": 1 }, "geometry": { "type": "Point", "coordinates": [ -122.303607384701237, 47.645341843452357 ] } },
{ "type": "Feature", "properties": { "lat": 47.645343322835487, "lon": -122.30323900751202, "time_of_day": "Late Night", "causation": [ "0", "0", "0", "0", "0", "0", "0", "0", "1", "0", "0", "0", "0", "0", "0", "0", "0", "0", "0", "0", "0", "0", "0", "0" ], "duration": 226.0, "sum": 1 }, "geometry": { "type": "Point", "coordinates": [ -122.303239007512019, 47.645343322835487 ] } },
{ "type": "Feature", "properties": { "lat": 47.645344468608997, "lon": -122.30567172029548, "time_of_day": "Late Night", "causation": [ "0", "0", "0", "0", "0", "0", "0", "0", "1", "0", "0", "0", "0", "0", "0", "0", "0", "0", "0", "0", "0", "0", "0", "0" ], "duration": 226.0, "sum": 1 }, "geometry": { "type": "Point", "coordinates": [ -122.305671720295479, 47.645344468608997 ] } },
{ "type": "Feature", "properties": { "lat": 47.645353007003862, "lon": -122.30586621611268, "time_of_day": "Late Night", "causation": [ "0", "0", "0", "0", "0", "0", "0", "0", "1", "0", "0", "0", "0", "0", "0", "0", "0", "0", "0", "0", "0", "0", "0", "0" ], "duration": 226.0, "sum": 1 }, "geometry": { "type": "Point", "coordinates": [ -122.305866216112676, 47.645353007003862 ] } },
{ "type": "Feature", "properties": { "lat": 47.645356667450962, "lon": -122.30382496659992, "time_of_day": "Late Night", "causation": [ "0", "0", "0", "0", "0", "0", "0", "0", "1", "0", "0", "0", "0", "0", "0", "0", "0", "0", "0", "0", "0", "0", "0", "0" ], "duration": 226.0, "sum": 1 }, "geometry": { "type": "Point", "coordinates": [ -122.303824966599919, 47.645356667450962 ] } },
{ "type": "Feature", "properties": { "lat": 47.645358423866718, "lon": -122.3050893532583, "time_of_day": "Late Night", "causation": [ "0", "0", "0", "0", "0", "0", "0", "0", "1", "0", "0", "0", "0", "0", "0", "0", "0", "0", "0", "0", "0", "0", "0", "0" ], "duration": 226.0, "sum": 1 }, "geometry": { "type": "Point", "coordinates": [ -122.305089353258296, 47.645358423866718 ] } },
{ "type": "Feature", "properties": { "lat": 47.645358439719267, "lon": -122.3066981629776, "time_of_day": "Late Night", "causation": [ "0", "0", "0", "0", "0", "0", "0", "0", "1", "0", "0", "0", "0", "0", "0", "0", "0", "0", "0", "0", "0", "0", "0", "0" ], "duration": 226.0, "sum": 1 }, "geometry": { "type": "Point", "coordinates": [ -122.306698162977597, 47.645358439719267 ] } },
{ "type": "Feature", "properties": { "lat": 47.645359454413281, "lon": -122.30344496899292, "time_of_day": "Late Night", "causation": [ "0", "0", "0", "0", "0", "0", "0", "0", "1", "0", "0", "0", "0", "0", "0", "0", "0", "0", "0", "0", "0", "0", "0", "0" ], "duration": 226.0, "sum": 1 }, "geometry": { "type": "Point", "coordinates": [ -122.30344496899292, 47.645359454413281 ] } },
{ "type": "Feature", "properties": { "lat": 47.645360584999644, "lon": -122.30646948065557, "time_of_day": "Late Night", "causation": [ "0", "0", "0", "0", "0", "0", "0", "0", "1", "0", "0", "0", "0", "0", "0", "0", "0", "0", "0", "0", "0", "0", "0", "0" ], "duration": 226.0, "sum": 1 }, "geometry": { "type": "Point", "coordinates": [ -122.306469480655565, 47.645360584999644 ] } },
{ "type": "Feature", "properties": { "lat": 47.645360848787391, "lon": -122.30625038166026, "time_of_day": "Late Night", "causation": [ "0", "0", "0", "0", "0", "0", "0", "0", "1", "0", "0", "0", "0", "0", "0", "0", "0", "0", "0", "0", "0", "0", "0", "0" ], "duration": 226.0, "sum": 1 }, "geometry": { "type": "Point", "coordinates": [ -122.306250381660263, 47.645360848787391 ] } },
{ "type": "Feature", "properties": { "lat": 47.64536703668972, "lon": -122.30544057307829, "time_of_day": "Late Night", "causation": [ "0", "0", "0", "0", "0", "0", "0", "0", "1", "0", "0", "0", "0", "0", "0", "0", "0", "0", "0", "0", "0", "0", "0", "0" ], "duration": 226.0, "sum": 1 }, "geometry": { "type": "Point", "coordinates": [ -122.305440573078286, 47.64536703668972 ] } },
{ "type": "Feature", "properties": { "lat": 47.64536781666331, "lon": -122.30603958759907, "time_of_day": "Late Night", "causation": [ "0", "0", "0", "0", "0", "0", "0", "0", "1", "0", "0", "0", "0", "0", "0", "0", "0", "0", "0", "0", "0", "0", "0", "0" ], "duration": 226.0, "sum": 1 }, "geometry": { "type": "Point", "coordinates": [ -122.306039587599074, 47.64536781666331 ] } },
{ "type": "Feature", "properties": { "lat": 47.645375023972001, "lon": -122.35107269111172, "time_of_day": "Morning", "causation": [ "0", "0", "0", "0", "0", "0", "0", "0", "0", "0", "0", "0", "0", "0", "0", "0", "0", "0", "0", "0", "1", "0", "0", "0" ], "duration": 114.0, "sum": 1 }, "geometry": { "type": "Point", "coordinates": [ -122.351072691111725, 47.645375023972001 ] } },
{ "type": "Feature", "properties": { "lat": 47.645378028511743, "lon": -122.35171175755325, "time_of_day": "Morning", "causation": [ "0", "0", "0", "0", "0", "0", "0", "0", "0", "0", "0", "0", "0", "0", "0", "0", "0", "0", "0", "0", "1", "0", "0", "0" ], "duration": 114.0, "sum": 1 }, "geometry": { "type": "Point", "coordinates": [ -122.351711757553247, 47.645378028511743 ] } },
{ "type": "Feature", "properties": { "lat": 47.645458764427332, "lon": -122.3503030102614, "time_of_day": "Morning", "causation": [ "0", "0", "0", "0", "0", "0", "0", "0", "0", "0", "0", "0", "0", "0", "0", "0", "0", "0", "0", "0", "1", "0", "0", "0" ], "duration": 114.0, "sum": 1 }, "geometry": { "type": "Point", "coordinates": [ -122.350303010261399, 47.645458764427332 ] } },
{ "type": "Feature", "properties": { "lat": 47.645608086743962, "lon": -122.34676096818804, "time_of_day": "Morning", "causation": [ "0", "0", "0", "0", "0", "0", "0", "0", "10", "0", "0", "0", "0", "0", "0", "0", "0", "0", "0", "0", "0", "0", "0", "0" ], "duration": 440.0, "sum": 10 }, "geometry": { "type": "Point", "coordinates": [ -122.346760968188036, 47.645608086743962 ] } },
{ "type": "Feature", "properties": { "lat": 47.645725123676229, "lon": -122.304139065708, "time_of_day": "Late Night", "causation": [ "0", "0", "0", "0", "0", "0", "0", "0", "2", "0", "0", "0", "0", "0", "0", "0", "0", "0", "0", "0", "0", "0", "0", "0" ], "duration": 452.0, "sum": 2 }, "geometry": { "type": "Point", "coordinates": [ -122.304139065708, 47.645725123676229 ] } },
{ "type": "Feature", "properties": { "lat": 47.645751984486402, "lon": -122.30322467234387, "time_of_day": "Late Night", "causation": [ "0", "0", "0", "0", "0", "0", "0", "0", "1", "0", "0", "0", "0", "0", "0", "0", "0", "0", "0", "0", "0", "0", "0", "0" ], "duration": 226.0, "sum": 1 }, "geometry": { "type": "Point", "coordinates": [ -122.303224672343873, 47.645751984486402 ] } },
{ "type": "Feature", "properties": { "lat": 47.645758923246071, "lon": -122.30191574318268, "time_of_day": "Late Night", "causation": [ "0", "0", "0", "0", "0", "0", "0", "0", "1", "0", "0", "0", "0", "0", "0", "0", "0", "0", "0", "0", "0", "0", "0", "0" ], "duration": 226.0, "sum": 1 }, "geometry": { "type": "Point", "coordinates": [ -122.301915743182676, 47.645758923246071 ] } },
{ "type": "Feature", "properties": { "lat": 47.6457616835308, "lon": -122.30221427047708, "time_of_day": "Late Night", "causation": [ "0", "0", "0", "0", "0", "0", "0", "0", "1", "0", "0", "0", "0", "0", "0", "0", "0", "0", "0", "0", "0", "0", "0", "0" ], "duration": 226.0, "sum": 1 }, "geometry": { "type": "Point", "coordinates": [ -122.30221427047708, 47.6457616835308 ] } },
{ "type": "Feature", "properties": { "lat": 47.645763769623372, "lon": -122.30366494595812, "time_of_day": "Late Night", "causation": [ "0", "0", "0", "0", "0", "0", "0", "0", "1", "0", "0", "0", "0", "0", "0", "0", "0", "0", "0", "0", "0", "0", "0", "0" ], "duration": 226.0, "sum": 1 }, "geometry": { "type": "Point", "coordinates": [ -122.303664945958118, 47.645763769623372 ] } },
{ "type": "Feature", "properties": { "lat": 47.64576711075042, "lon": -122.347699782077, "time_of_day": "Morning", "causation": [ "0", "0", "0", "0", "0", "0", "0", "0", "3", "0", "0", "0", "0", "0", "0", "0", "0", "0", "0", "0", "0", "0", "0", "0" ], "duration": 132.0, "sum": 3 }, "geometry": { "type": "Point", "coordinates": [ -122.347699782077001, 47.64576711075042 ] } },
{ "type": "Feature", "properties": { "lat": 47.645772362151938, "lon": -122.30383188552231, "time_of_day": "Late Night", "causation": [ "0", "0", "0", "0", "0", "0", "0", "0", "1", "0", "0", "0", "0", "0", "0", "0", "0", "0", "0", "0", "0", "0", "0", "0" ], "duration": 226.0, "sum": 1 }, "geometry": { "type": "Point", "coordinates": [ -122.303831885522314, 47.645772362151938 ] } },
{ "type": "Feature", "properties": { "lat": 47.645776982085799, "lon": -122.30788440599434, "time_of_day": "Late Night", "causation": [ "0", "0", "0", "0", "0", "0", "0", "0", "2", "0", "0", "0", "0", "0", "0", "0", "0", "0", "0", "0", "0", "0", "0", "0" ], "duration": 452.0, "sum": 2 }, "geometry": { "type": "Point", "coordinates": [ -122.307884405994344, 47.645776982085799 ] } },
{ "type": "Feature", "properties": { "lat": 47.645777182595936, "lon": -122.30341072570712, "time_of_day": "Late Night", "causation": [ "0", "0", "0", "0", "0", "0", "0", "0", "1", "0", "0", "0", "0", "0", "0", "0", "0", "0", "0", "0", "0", "0", "0", "0" ], "duration": 226.0, "sum": 1 }, "geometry": { "type": "Point", "coordinates": [ -122.303410725707124, 47.645777182595936 ] } },
{ "type": "Feature", "properties": { "lat": 47.645778603500119, "lon": -122.3023811812561, "time_of_day": "Late Night", "causation": [ "0", "0", "0", "0", "0", "0", "0", "0", "1", "0", "0", "0", "0", "0", "0", "0", "0", "0", "0", "0", "0", "0", "0", "0" ], "duration": 226.0, "sum": 1 }, "geometry": { "type": "Point", "coordinates": [ -122.302381181256095, 47.645778603500119 ] } },
{ "type": "Feature", "properties": { "lat": 47.645780721324549, "lon": -122.30513908165364, "time_of_day": "Late Night", "causation": [ "0", "0", "0", "0", "0", "0", "0", "0", "1", "0", "0", "0", "0", "0", "0", "0", "0", "0", "0", "0", "0", "0", "0", "0" ], "duration": 226.0, "sum": 1 }, "geometry": { "type": "Point", "coordinates": [ -122.305139081653635, 47.645780721324549 ] } },
{ "type": "Feature", "properties": { "lat": 47.64578405763676, "lon": -122.30259348061752, "time_of_day": "Late Night", "causation": [ "0", "0", "0", "0", "0", "0", "0", "0", "1", "0", "0", "0", "0", "0", "0", "0", "0", "0", "0", "0", "0", "0", "0", "0" ], "duration": 226.0, "sum": 1 }, "geometry": { "type": "Point", "coordinates": [ -122.302593480617517, 47.64578405763676 ] } },
{ "type": "Feature", "properties": { "lat": 47.645786928892129, "lon": -122.30564599378408, "time_of_day": "Late Night", "causation": [ "0", "0", "0", "0", "0", "0", "0", "0", "1", "0", "0", "0", "0", "0", "0", "0", "0", "0", "0", "0", "0", "0", "0", "0" ], "duration": 226.0, "sum": 1 }, "geometry": { "type": "Point", "coordinates": [ -122.305645993784083, 47.645786928892129 ] } },
{ "type": "Feature", "properties": { "lat": 47.645788286264853, "lon": -122.30280718177735, "time_of_day": "Late Night", "causation": [ "0", "0", "0", "0", "0", "0", "0", "0", "1", "0", "0", "0", "0", "0", "0", "0", "0", "0", "0", "0", "0", "0", "0", "0" ], "duration": 226.0, "sum": 1 }, "geometry": { "type": "Point", "coordinates": [ -122.302807181777354, 47.645788286264853 ] } },
{ "type": "Feature", "properties": { "lat": 47.645788551130067, "lon": -122.30647986835052, "time_of_day": "Late Night", "causation": [ "0", "0", "0", "0", "0", "0", "0", "0", "1", "0", "0", "0", "0", "0", "0", "0", "0", "0", "0", "0", "0", "0", "0", "0" ], "duration": 226.0, "sum": 1 }, "geometry": { "type": "Point", "coordinates": [ -122.306479868350522, 47.645788551130067 ] } },
{ "type": "Feature", "properties": { "lat": 47.645789038232721, "lon": -122.30303615474656, "time_of_day": "Late Night", "causation": [ "0", "0", "0", "0", "0", "0", "0", "0", "1", "0", "0", "0", "0", "0", "0", "0", "0", "0", "0", "0", "0", "0", "0", "0" ], "duration": 226.0, "sum": 1 }, "geometry": { "type": "Point", "coordinates": [ -122.303036154746565, 47.645789038232721 ] } },
{ "type": "Feature", "properties": { "lat": 47.645793529588623, "lon": -122.30687160057238, "time_of_day": "Late Night", "causation": [ "0", "0", "0", "0", "0", "0", "0", "0", "1", "0", "0", "0", "0", "0", "0", "0", "0", "0", "0", "0", "0", "0", "0", "0" ], "duration": 226.0, "sum": 1 }, "geometry": { "type": "Point", "coordinates": [ -122.306871600572379, 47.645793529588623 ] } },
{ "type": "Feature", "properties": { "lat": 47.645793678780535, "lon": -122.30767748933894, "time_of_day": "Late Night", "causation": [ "0", "0", "0", "0", "0", "0", "0", "0", "1", "0", "0", "0", "0", "0", "0", "0", "0", "0", "0", "0", "0", "0", "0", "0" ], "duration": 226.0, "sum": 1 }, "geometry": { "type": "Point", "coordinates": [ -122.307677489338943, 47.645793678780535 ] } },
{ "type": "Feature", "properties": { "lat": 47.645796157240653, "lon": -122.3074513058762, "time_of_day": "Late Night", "causation": [ "0", "0", "0", "0", "0", "0", "0", "0", "1", "0", "0", "0", "0", "0", "0", "0", "0", "0", "0", "0", "0", "0", "0", "0" ], "duration": 226.0, "sum": 1 }, "geometry": { "type": "Point", "coordinates": [ -122.307451305876199, 47.645796157240653 ] } },
{ "type": "Feature", "properties": { "lat": 47.645802954391065, "lon": -122.30584775936944, "time_of_day": "Late Night", "causation": [ "0", "0", "0", "0", "0", "0", "0", "0", "1", "0", "0", "0", "0", "0", "0", "0", "0", "0", "0", "0", "0", "0", "0", "0" ], "duration": 226.0, "sum": 1 }, "geometry": { "type": "Point", "coordinates": [ -122.305847759369442, 47.645802954391065 ] } },
{ "type": "Feature", "properties": { "lat": 47.645804720528083, "lon": -122.30606399219788, "time_of_day": "Late Night", "causation": [ "0", "0", "0", "0", "0", "0", "0", "0", "3", "0", "0", "0", "0", "0", "0", "0", "0", "0", "0", "0", "0", "0", "0", "0" ], "duration": 678.0, "sum": 3 }, "geometry": { "type": "Point", "coordinates": [ -122.306063992197878, 47.645804720528083 ] } },
{ "type": "Feature", "properties": { "lat": 47.645804920467896, "lon": -122.30880202914835, "time_of_day": "Late Night", "causation": [ "0", "0", "0", "0", "0", "0", "0", "0", "1", "0", "0", "0", "0", "0", "0", "0", "0", "0", "0", "0", "0", "0", "0", "0" ], "duration": 226.0, "sum": 1 }, "geometry": { "type": "Point", "coordinates": [ -122.308802029148353, 47.645804920467896 ] } },
{ "type": "Feature", "properties": { "lat": 47.645805952394731, "lon": -122.30724832805984, "time_of_day": "Late Night", "causation": [ "0", "0", "0", "0", "0", "0", "0", "0", "1", "0", "0", "0", "0", "0", "0", "0", "0", "0", "0", "0", "0", "0", "0", "0" ], "duration": 226.0, "sum": 1 }, "geometry": { "type": "Point", "coordinates": [ -122.307248328059842, 47.645805952394731 ] } },
{ "type": "Feature", "properties": { "lat": 47.645809167654015, "lon": -122.30706944820888, "time_of_day": "Late Night", "causation": [ "0", "0", "0", "0", "0", "0", "0", "0", "1", "0", "0", "0", "0", "0", "0", "0", "0", "0", "0", "0", "0", "0", "0", "0" ], "duration": 226.0, "sum": 1 }, "geometry": { "type": "Point", "coordinates": [ -122.307069448208878, 47.645809167654015 ] } },
{ "type": "Feature", "properties": { "lat": 47.645809845741965, "lon": -122.30625179959929, "time_of_day": "Late Night", "causation": [ "0", "0", "0", "0", "0", "0", "0", "0", "1", "0", "0", "0", "0", "0", "0", "0", "0", "0", "0", "0", "0", "0", "0", "0" ], "duration": 226.0, "sum": 1 }, "geometry": { "type": "Point", "coordinates": [ -122.306251799599295, 47.645809845741965 ] } },
{ "type": "Feature", "properties": { "lat": 47.645811330507904, "lon": -122.30830976471071, "time_of_day": "Late Night", "causation": [ "0", "0", "0", "0", "0", "0", "0", "0", "1", "0", "0", "0", "0", "0", "0", "0", "0", "0", "0", "0", "0", "0", "0", "0" ], "duration": 226.0, "sum": 1 }, "geometry": { "type": "Point", "coordinates": [ -122.308309764710714, 47.645811330507904 ] } },
{ "type": "Feature", "properties": { "lat": 47.645815193534453, "lon": -122.30545960657766, "time_of_day": "Late Night", "causation": [ "0", "0", "0", "0", "0", "0", "0", "0", "2", "0", "0", "0", "0", "0", "0", "0", "0", "0", "0", "0", "0", "0", "0", "0" ], "duration": 452.0, "sum": 2 }, "geometry": { "type": "Point", "coordinates": [ -122.305459606577656, 47.645815193534453 ] } },
{ "type": "Feature", "properties": { "lat": 47.645829009093788, "lon": -122.3067011454979, "time_of_day": "Late Night", "causation": [ "0", "0", "0", "0", "0", "0", "0", "0", "1", "0", "0", "0", "0", "0", "0", "0", "0", "0", "0", "0", "0", "0", "0", "0" ], "duration": 226.0, "sum": 1 }, "geometry": { "type": "Point", "coordinates": [ -122.306701145497897, 47.645829009093788 ] } },
{ "type": "Feature", "properties": { "lat": 47.645829957727528, "lon": -122.308485632675, "time_of_day": "Late Night", "causation": [ "0", "0", "0", "0", "0", "0", "0", "0", "1", "0", "0", "0", "0", "0", "0", "0", "0", "0", "0", "0", "0", "0", "0", "0" ], "duration": 226.0, "sum": 1 }, "geometry": { "type": "Point", "coordinates": [ -122.308485632675001, 47.645829957727528 ] } },
{ "type": "Feature", "properties": { "lat": 47.645893688034228, "lon": -122.30416847926864, "time_of_day": "Late Night", "causation": [ "0", "0", "0", "0", "0", "0", "0", "0", "1", "0", "0", "0", "0", "0", "0", "0", "0", "0", "0", "0", "0", "0", "0", "0" ], "duration": 226.0, "sum": 1 }, "geometry": { "type": "Point", "coordinates": [ -122.30416847926864, 47.645893688034228 ] } },
{ "type": "Feature", "properties": { "lat": 47.645922173148527, "lon": -122.30801295275778, "time_of_day": "Late Night", "causation": [ "0", "0", "0", "0", "0", "0", "0", "0", "1", "0", "0", "0", "0", "0", "0", "0", "0", "0", "0", "0", "0", "0", "0", "0" ], "duration": 226.0, "sum": 1 }, "geometry": { "type": "Point", "coordinates": [ -122.308012952757778, 47.645922173148527 ] } },
{ "type": "Feature", "properties": { "lat": 47.645926373397003, "lon": -122.30513758860052, "time_of_day": "Late Night", "causation": [ "0", "0", "0", "0", "0", "0", "0", "0", "1", "0", "0", "0", "0", "0", "0", "0", "0", "0", "0", "0", "0", "0", "0", "0" ], "duration": 226.0, "sum": 1 }, "geometry": { "type": "Point", "coordinates": [ -122.305137588600516, 47.645926373397003 ] } },
{ "type": "Feature", "properties": { "lat": 47.645941916990942, "lon": -122.30882940573608, "time_of_day": "Late Night", "causation": [ "0", "0", "0", "0", "0", "0", "0", "0", "1", "0", "0", "0", "0", "0", "0", "0", "0", "0", "0", "0", "0", "0", "0", "0" ], "duration": 226.0, "sum": 1 }, "geometry": { "type": "Point", "coordinates": [ -122.308829405736077, 47.645941916990942 ] } },
{ "type": "Feature", "properties": { "lat": 47.645951639880224, "lon": -122.30186363750566, "time_of_day": "Late Night", "causation": [ "0", "0", "0", "0", "0", "0", "0", "0", "1", "0", "0", "0", "0", "0", "0", "0", "0", "0", "0", "0", "0", "0", "0", "0" ], "duration": 226.0, "sum": 1 }, "geometry": { "type": "Point", "coordinates": [ -122.301863637505662, 47.645951639880224 ] } },
{ "type": "Feature", "properties": { "lat": 47.645965257250843, "lon": -122.3020048562755, "time_of_day": "Late Night", "causation": [ "0", "0", "0", "0", "0", "0", "0", "0", "1", "0", "0", "0", "0", "0", "0", "0", "0", "0", "0", "0", "0", "0", "0", "0" ], "duration": 226.0, "sum": 1 }, "geometry": { "type": "Point", "coordinates": [ -122.302004856275502, 47.645965257250843 ] } },
{ "type": "Feature", "properties": { "lat": 47.646058154792748, "lon": -122.30416131570468, "time_of_day": "Late Night", "causation": [ "0", "0", "0", "0", "0", "0", "0", "0", "1", "0", "0", "0", "0", "0", "0", "0", "0", "0", "0", "0", "0", "0", "0", "0" ], "duration": 226.0, "sum": 1 }, "geometry": { "type": "Point", "coordinates": [ -122.304161315704675, 47.646058154792748 ] } },
{ "type": "Feature", "properties": { "lat": 47.646061786235201, "lon": -122.30512017186328, "time_of_day": "Late Night", "causation": [ "0", "0", "0", "0", "0", "0", "0", "0", "1", "0", "0", "0", "0", "0", "0", "0", "0", "0", "0", "0", "0", "0", "0", "0" ], "duration": 226.0, "sum": 1 }, "geometry": { "type": "Point", "coordinates": [ -122.30512017186328, 47.646061786235201 ] } },
{ "type": "Feature", "properties": { "lat": 47.646103132403638, "lon": -122.30886033842305, "time_of_day": "Late Night", "causation": [ "0", "0", "0", "0", "0", "0", "0", "0", "2", "0", "0", "0", "0", "0", "0", "0", "0", "0", "0", "0", "0", "0", "0", "0" ], "duration": 452.0, "sum": 2 }, "geometry": { "type": "Point", "coordinates": [ -122.308860338423045, 47.646103132403638 ] } },
{ "type": "Feature", "properties": { "lat": 47.646161345983991, "lon": -122.30363889469425, "time_of_day": "Late Night", "causation": [ "0", "0", "0", "0", "0", "0", "0", "0", "1", "0", "0", "0", "0", "0", "0", "0", "0", "0", "0", "0", "0", "0", "0", "0" ], "duration": 226.0, "sum": 1 }, "geometry": { "type": "Point", "coordinates": [ -122.303638894694245, 47.646161345983991 ] } },
{ "type": "Feature", "properties": { "lat": 47.646168050084214, "lon": -122.30644536950822, "time_of_day": "Late Night", "causation": [ "0", "0", "0", "0", "0", "0", "0", "0", "1", "0", "0", "0", "0", "0", "0", "0", "0", "0", "0", "0", "0", "0", "0", "0" ], "duration": 226.0, "sum": 1 }, "geometry": { "type": "Point", "coordinates": [ -122.306445369508225, 47.646168050084214 ] } },
{ "type": "Feature", "properties": { "lat": 47.646168251885243, "lon": -122.30686721044738, "time_of_day": "Late Night", "causation": [ "0", "0", "0", "0", "0", "0", "0", "0", "1", "0", "0", "0", "0", "0", "0", "0", "0", "0", "0", "0", "0", "0", "0", "0" ], "duration": 226.0, "sum": 1 }, "geometry": { "type": "Point", "coordinates": [ -122.306867210447379, 47.646168251885243 ] } },
{ "type": "Feature", "properties": { "lat": 47.646169530735001, "lon": -122.30303185544648, "time_of_day": "Late Night", "causation": [ "0", "0", "0", "0", "0", "0", "0", "0", "1", "0", "0", "0", "0", "0", "0", "0", "0", "0", "0", "0", "0", "0", "0", "0" ], "duration": 226.0, "sum": 1 }, "geometry": { "type": "Point", "coordinates": [ -122.303031855446477, 47.646169530735001 ] } },
{ "type": "Feature", "properties": { "lat": 47.646172721543344, "lon": -122.30765223353988, "time_of_day": "Late Night", "causation": [ "0", "0", "0", "0", "0", "0", "0", "0", "1", "0", "0", "0", "0", "0", "0", "0", "0", "0", "0", "0", "0", "0", "0", "0" ], "duration": 226.0, "sum": 1 }, "geometry": { "type": "Point", "coordinates": [ -122.307652233539883, 47.646172721543344 ] } },
{ "type": "Feature", "properties": { "lat": 47.6461729346602, "lon": -122.30748959913127, "time_of_day": "Late Night", "causation": [ "0", "0", "0", "0", "0", "0", "0", "0", "1", "0", "0", "0", "0", "0", "0", "0", "0", "0", "0", "0", "0", "0", "0", "0" ], "duration": 226.0, "sum": 1 }, "geometry": { "type": "Point", "coordinates": [ -122.307489599131273, 47.6461729346602 ] } },
{ "type": "Feature", "properties": { "lat": 47.646175518535685, "lon": -122.30727223009788, "time_of_day": "Late Night", "causation": [ "0", "0", "0", "0", "0", "0", "0", "0", "1", "0", "0", "0", "0", "0", "0", "0", "0", "0", "0", "0", "0", "0", "0", "0" ], "duration": 226.0, "sum": 1 }, "geometry": { "type": "Point", "coordinates": [ -122.30727223009788, 47.646175518535685 ] } },
{ "type": "Feature", "properties": { "lat": 47.646175756913998, "lon": -122.30789617683574, "time_of_day": "Late Night", "causation": [ "0", "0", "0", "0", "0", "0", "0", "0", "1", "0", "0", "0", "0", "0", "0", "0", "0", "0", "0", "0", "0", "0", "0", "0" ], "duration": 226.0, "sum": 1 }, "geometry": { "type": "Point", "coordinates": [ -122.30789617683574, 47.646175756913998 ] } },
{ "type": "Feature", "properties": { "lat": 47.64617687137698, "lon": -122.30341546438548, "time_of_day": "Late Night", "causation": [ "0", "0", "0", "0", "0", "0", "0", "0", "1", "0", "0", "0", "0", "0", "0", "0", "0", "0", "0", "0", "0", "0", "0", "0" ], "duration": 226.0, "sum": 1 }, "geometry": { "type": "Point", "coordinates": [ -122.303415464385481, 47.64617687137698 ] } },
{ "type": "Feature", "properties": { "lat": 47.64617855113643, "lon": -122.30241613618423, "time_of_day": "Late Night", "causation": [ "0", "0", "0", "0", "0", "0", "0", "0", "1", "0", "0", "0", "0", "0", "0", "0", "0", "0", "0", "0", "0", "0", "0", "0" ], "duration": 226.0, "sum": 1 }, "geometry": { "type": "Point", "coordinates": [ -122.302416136184235, 47.64617855113643 ] } },
{ "type": "Feature", "properties": { "lat": 47.646179519229491, "lon": -122.30604755954576, "time_of_day": "Late Night", "causation": [ "0", "0", "0", "0", "0", "0", "0", "0", "1", "0", "0", "0", "0", "0", "0", "0", "0", "0", "0", "0", "0", "0", "0", "0" ], "duration": 226.0, "sum": 1 }, "geometry": { "type": "Point", "coordinates": [ -122.30604755954576, 47.646179519229491 ] } },
{ "type": "Feature", "properties": { "lat": 47.646180824783301, "lon": -122.30416074012354, "time_of_day": "Late Night", "causation": [ "0", "0", "0", "0", "0", "0", "0", "0", "1", "0", "0", "0", "0", "0", "0", "0", "0", "0", "0", "0", "0", "0", "0", "0" ], "duration": 226.0, "sum": 1 }, "geometry": { "type": "Point", "coordinates": [ -122.304160740123535, 47.646180824783301 ] } },
{ "type": "Feature", "properties": { "lat": 47.646181025439162, "lon": -122.30283083065936, "time_of_day": "Late Night", "causation": [ "0", "0", "0", "0", "0", "0", "0", "0", "1", "0", "0", "0", "0", "0", "0", "0", "0", "0", "0", "0", "0", "0", "0", "0" ], "duration": 226.0, "sum": 1 }, "geometry": { "type": "Point", "coordinates": [ -122.30283083065936, 47.646181025439162 ] } },
{ "type": "Feature", "properties": { "lat": 47.646184912912453, "lon": -122.30587328863892, "time_of_day": "Late Night", "causation": [ "0", "0", "0", "0", "0", "0", "0", "0", "1", "0", "0", "0", "0", "0", "0", "0", "0", "0", "0", "0", "0", "0", "0", "0" ], "duration": 226.0, "sum": 1 }, "geometry": { "type": "Point", "coordinates": [ -122.305873288638921, 47.646184912912453 ] } },
{ "type": "Feature", "properties": { "lat": 47.646185936792932, "lon": -122.30545116182304, "time_of_day": "Late Night", "causation": [ "0", "0", "0", "0", "0", "0", "0", "0", "1", "0", "0", "0", "0", "0", "0", "0", "0", "0", "0", "0", "0", "0", "0", "0" ], "duration": 226.0, "sum": 1 }, "geometry": { "type": "Point", "coordinates": [ -122.305451161823044, 47.646185936792932 ] } },
{ "type": "Feature", "properties": { "lat": 47.646186326505749, "lon": -122.30190902759308, "time_of_day": "Late Night", "causation": [ "0", "0", "0", "0", "0", "0", "0", "0", "1", "0", "0", "0", "0", "0", "0", "0", "0", "0", "0", "0", "0", "0", "0", "0" ], "duration": 226.0, "sum": 1 }, "geometry": { "type": "Point", "coordinates": [ -122.301909027593084, 47.646186326505749 ] } },
{ "type": "Feature", "properties": { "lat": 47.646186828447739, "lon": -122.30383922832404, "time_of_day": "Late Night", "causation": [ "0", "0", "0", "0", "0", "0", "0", "0", "1", "0", "0", "0", "0", "0", "0", "0", "0", "0", "0", "0", "0", "0", "0", "0" ], "duration": 226.0, "sum": 1 }, "geometry": { "type": "Point", "coordinates": [ -122.303839228324037, 47.646186828447739 ] } },
{ "type": "Feature", "properties": { "lat": 47.646188636228878, "lon": -122.30565787512356, "time_of_day": "Late Night", "causation": [ "0", "0", "0", "0", "0", "0", "0", "0", "1", "0", "0", "0", "0", "0", "0", "0", "0", "0", "0", "0", "0", "0", "0", "0" ], "duration": 226.0, "sum": 1 }, "geometry": { "type": "Point", "coordinates": [ -122.305657875123558, 47.646188636228878 ] } },
{ "type": "Feature", "properties": { "lat": 47.64619049779273, "lon": -122.30260783767289, "time_of_day": "Late Night", "causation": [ "0", "0", "0", "0", "0", "0", "0", "0", "1", "0", "0", "0", "0", "0", "0", "0", "0", "0", "0", "0", "0", "0", "0", "0" ], "duration": 226.0, "sum": 1 }, "geometry": { "type": "Point", "coordinates": [ -122.302607837672895, 47.64619049779273 ] } },
{ "type": "Feature", "properties": { "lat": 47.646194484629518, "lon": -122.30665101869786, "time_of_day": "Late Night", "causation": [ "0", "0", "0", "0", "0", "0", "0", "0", "1", "0", "0", "0", "0", "0", "0", "0", "0", "0", "0", "0", "0", "0", "0", "0" ], "duration": 226.0, "sum": 1 }, "geometry": { "type": "Point", "coordinates": [ -122.306651018697863, 47.646194484629518 ] } },
{ "type": "Feature", "properties": { "lat": 47.646195710522662, "lon": -122.3062360307072, "time_of_day": "Late Night", "causation": [ "0", "0", "0", "0", "0", "0", "0", "0", "1", "0", "0", "0", "0", "0", "0", "0", "0", "0", "0", "0", "0", "0", "0", "0" ], "duration": 226.0, "sum": 1 }, "geometry": { "type": "Point", "coordinates": [ -122.306236030707197, 47.646195710522662 ] } },
{ "type": "Feature", "properties": { "lat": 47.646196311879017, "lon": -122.30321455063276, "time_of_day": "Late Night", "causation": [ "0", "0", "0", "0", "0", "0", "0", "0", "1", "0", "0", "0", "0", "0", "0", "0", "0", "0", "0", "0", "0", "0", "0", "0" ], "duration": 226.0, "sum": 1 }, "geometry": { "type": "Point", "coordinates": [ -122.303214550632759, 47.646196311879017 ] } },
{ "type": "Feature", "properties": { "lat": 47.64619707788119, "lon": -122.30217855626719, "time_of_day": "Late Night", "causation": [ "0", "0", "0", "0", "0", "0", "0", "0", "1", "0", "0", "0", "0", "0", "0", "0", "0", "0", "0", "0", "0", "0", "0", "0" ], "duration": 226.0, "sum": 1 }, "geometry": { "type": "Point", "coordinates": [ -122.302178556267194, 47.64619707788119 ] } },
{ "type": "Feature", "properties": { "lat": 47.646199618766722, "lon": -122.30809189800476, "time_of_day": "Late Night", "causation": [ "0", "0", "0", "0", "0", "0", "0", "0", "1", "0", "0", "0", "0", "0", "0", "0", "0", "0", "0", "0", "0", "0", "0", "0" ], "duration": 226.0, "sum": 1 }, "geometry": { "type": "Point", "coordinates": [ -122.308091898004761, 47.646199618766722 ] } },
{ "type": "Feature", "properties": { "lat": 47.646204419204594, "lon": -122.30825731622092, "time_of_day": "Late Night", "causation": [ "0", "0", "0", "0", "0", "0", "0", "0", "1", "0", "0", "0", "0", "0", "0", "0", "0", "0", "0", "0", "0", "0", "0", "0" ], "duration": 226.0, "sum": 1 }, "geometry": { "type": "Point", "coordinates": [ -122.308257316220917, 47.646204419204594 ] } },
{ "type": "Feature", "properties": { "lat": 47.646205299665027, "lon": -122.30881267585708, "time_of_day": "Late Night", "causation": [ "0", "0", "0", "0", "0", "0", "0", "0", "1", "0", "0", "0", "0", "0", "0", "0", "0", "0", "0", "0", "0", "0", "0", "0" ], "duration": 226.0, "sum": 1 }, "geometry": { "type": "Point", "coordinates": [ -122.308812675857084, 47.646205299665027 ] } },
{ "type": "Feature", "properties": { "lat": 47.646217371649001, "lon": -122.30512046527303, "time_of_day": "Late Night", "causation": [ "0", "0", "0", "0", "0", "0", "0", "0", "1", "0", "0", "0", "0", "0", "0", "0", "0", "0", "0", "0", "0", "0", "0", "0" ], "duration": 226.0, "sum": 1 }, "geometry": { "type": "Point", "coordinates": [ -122.305120465273035, 47.646217371649001 ] } },
{ "type": "Feature", "properties": { "lat": 47.646217929240393, "lon": -122.308485265649, "time_of_day": "Late Night", "causation": [ "0", "0", "0", "0", "0", "0", "0", "0", "1", "0", "0", "0", "0", "0", "0", "0", "0", "0", "0", "0", "0", "0", "0", "0" ], "duration": 226.0, "sum": 1 }, "geometry": { "type": "Point", "coordinates": [ -122.308485265648997, 47.646217929240393 ] } },
{ "type": "Feature", "properties": { "lat": 47.646224359715369, "lon": -122.30705777886908, "time_of_day": "Late Night", "causation": [ "0", "0", "0", "0", "0", "0", "0", "0", "2", "0", "0", "0", "0", "0", "0", "0", "0", "0", "0", "0", "0", "0", "0", "0" ], "duration": 452.0, "sum": 2 }, "geometry": { "type": "Point", "coordinates": [ -122.30705777886908, 47.646224359715369 ] } },
{ "type": "Feature", "properties": { "lat": 47.64631416997144, "lon": -122.34887993372976, "time_of_day": "Morning", "causation": [ "0", "0", "0", "0", "0", "0", "0", "0", "2", "0", "0", "0", "0", "0", "0", "0", "0", "0", "0", "0", "0", "0", "0", "0" ], "duration": 88.0, "sum": 2 }, "geometry": { "type": "Point", "coordinates": [ -122.348879933729762, 47.64631416997144 ] } },
{ "type": "Feature", "properties": { "lat": 47.646316130939837, "lon": -122.35162871784784, "time_of_day": "Morning", "causation": [ "0", "0", "0", "0", "0", "0", "0", "0", "0", "0", "0", "0", "0", "0", "0", "0", "0", "0", "0", "0", "1", "0", "0", "0" ], "duration": 114.0, "sum": 1 }, "geometry": { "type": "Point", "coordinates": [ -122.351628717847845, 47.646316130939837 ] } },
{ "type": "Feature", "properties": { "lat": 47.646339674264198, "lon": -122.35081475505297, "time_of_day": "Morning", "causation": [ "0", "0", "0", "0", "0", "0", "0", "0", "0", "0", "0", "0", "0", "0", "0", "0", "0", "0", "0", "0", "1", "0", "0", "0" ], "duration": 114.0, "sum": 1 }, "geometry": { "type": "Point", "coordinates": [ -122.350814755052966, 47.646339674264198 ] } },
{ "type": "Feature", "properties": { "lat": 47.646353610000055, "lon": -122.35117716502521, "time_of_day": "Morning", "causation": [ "0", "0", "0", "0", "0", "0", "0", "0", "0", "0", "0", "0", "0", "0", "0", "0", "0", "0", "0", "0", "1", "0", "0", "0" ], "duration": 114.0, "sum": 1 }, "geometry": { "type": "Point", "coordinates": [ -122.351177165025206, 47.646353610000055 ] } },
{ "type": "Feature", "properties": { "lat": 47.646421597054939, "lon": -122.35166346737796, "time_of_day": "Morning", "causation": [ "0", "0", "0", "0", "0", "0", "0", "0", "0", "0", "0", "0", "0", "0", "0", "0", "0", "0", "0", "0", "1", "0", "0", "0" ], "duration": 114.0, "sum": 1 }, "geometry": { "type": "Point", "coordinates": [ -122.351663467377961, 47.646421597054939 ] } },
{ "type": "Feature", "properties": { "lat": 47.646424392617895, "lon": -122.3489521345396, "time_of_day": "Morning", "causation": [ "0", "0", "0", "0", "0", "0", "0", "0", "1", "0", "0", "0", "0", "0", "0", "0", "0", "0", "0", "0", "0", "0", "0", "0" ], "duration": 44.0, "sum": 1 }, "geometry": { "type": "Point", "coordinates": [ -122.348952134539601, 47.646424392617895 ] } },
{ "type": "Feature", "properties": { "lat": 47.646472649907011, "lon": -122.35108848229034, "time_of_day": "Morning", "causation": [ "0", "0", "0", "0", "0", "0", "0", "0", "0", "0", "0", "0", "0", "0", "0", "0", "0", "0", "0", "0", "1", "0", "0", "0" ], "duration": 114.0, "sum": 1 }, "geometry": { "type": "Point", "coordinates": [ -122.351088482290336, 47.646472649907011 ] } },
{ "type": "Feature", "properties": { "lat": 47.646534561317942, "lon": -122.35165843959348, "time_of_day": "Morning", "causation": [ "0", "0", "0", "0", "0", "0", "0", "0", "0", "0", "0", "0", "0", "0", "0", "0", "0", "0", "0", "0", "1", "0", "0", "0" ], "duration": 114.0, "sum": 1 }, "geometry": { "type": "Point", "coordinates": [ -122.351658439593479, 47.646534561317942 ] } },
{ "type": "Feature", "properties": { "lat": 47.646587622617133, "lon": -122.3511573898521, "time_of_day": "Morning", "causation": [ "0", "0", "0", "0", "0", "0", "0", "0", "0", "0", "0", "0", "0", "0", "0", "0", "0", "0", "0", "0", "1", "0", "0", "0" ], "duration": 114.0, "sum": 1 }, "geometry": { "type": "Point", "coordinates": [ -122.351157389852105, 47.646587622617133 ] } },
{ "type": "Feature", "properties": { "lat": 47.646591222995312, "lon": -122.3035850202851, "time_of_day": "Late Night", "causation": [ "0", "0", "0", "0", "0", "0", "0", "0", "1", "0", "0", "0", "0", "0", "0", "0", "0", "0", "0", "0", "0", "0", "0", "0" ], "duration": 226.0, "sum": 1 }, "geometry": { "type": "Point", "coordinates": [ -122.303585020285098, 47.646591222995312 ] } },
{ "type": "Feature", "properties": { "lat": 47.64659183465578, "lon": -122.30222248480931, "time_of_day": "Late Night", "causation": [ "0", "0", "0", "0", "0", "0", "0", "0", "1", "0", "0", "0", "0", "0", "0", "0", "0", "0", "0", "0", "0", "0", "0", "0" ], "duration": 226.0, "sum": 1 }, "geometry": { "type": "Point", "coordinates": [ -122.302222484809306, 47.64659183465578 ] } },
{ "type": "Feature", "properties": { "lat": 47.646593173847833, "lon": -122.30414499871618, "time_of_day": "Late Night", "causation": [ "0", "0", "0", "0", "0", "0", "0", "0", "2", "0", "0", "0", "0", "0", "0", "0", "0", "0", "0", "0", "0", "0", "0", "0" ], "duration": 452.0, "sum": 2 }, "geometry": { "type": "Point", "coordinates": [ -122.304144998716183, 47.646593173847833 ] } },
{ "type": "Feature", "properties": { "lat": 47.646601820145442, "lon": -122.30260146862368, "time_of_day": "Late Night", "causation": [ "0", "0", "0", "0", "0", "0", "0", "0", "1", "0", "0", "0", "0", "0", "0", "0", "0", "0", "0", "0", "0", "0", "0", "0" ], "duration": 226.0, "sum": 1 }, "geometry": { "type": "Point", "coordinates": [ -122.302601468623678, 47.646601820145442 ] } },
{ "type": "Feature", "properties": { "lat": 47.646603486573817, "lon": -122.30281084429264, "time_of_day": "Late Night", "causation": [ "0", "0", "0", "0", "0", "0", "0", "0", "1", "0", "0", "0", "0", "0", "0", "0", "0", "0", "0", "0", "0", "0", "0", "0" ], "duration": 226.0, "sum": 1 }, "geometry": { "type": "Point", "coordinates": [ -122.302810844292637, 47.646603486573817 ] } },
{ "type": "Feature", "properties": { "lat": 47.646604028957029, "lon": -122.30518460083807, "time_of_day": "Late Night", "causation": [ "0", "0", "0", "0", "0", "0", "0", "0", "1", "0", "0", "0", "0", "0", "0", "0", "0", "0", "0", "0", "0", "0", "0", "0" ], "duration": 226.0, "sum": 1 }, "geometry": { "type": "Point", "coordinates": [ -122.305184600838075, 47.646604028957029 ] } },
{ "type": "Feature", "properties": { "lat": 47.646608520243802, "lon": -122.30381127544619, "time_of_day": "Late Night", "causation": [ "0", "0", "0", "0", "0", "0", "0", "0", "1", "0", "0", "0", "0", "0", "0", "0", "0", "0", "0", "0", "0", "0", "0", "0" ], "duration": 226.0, "sum": 1 }, "geometry": { "type": "Point", "coordinates": [ -122.303811275446193, 47.646608520243802 ] } },
{ "type": "Feature", "properties": { "lat": 47.646612417505082, "lon": -122.30243025648367, "time_of_day": "Late Night", "causation": [ "0", "0", "0", "0", "0", "0", "0", "0", "1", "0", "0", "0", "0", "0", "0", "0", "0", "0", "0", "0", "0", "0", "0", "0" ], "duration": 226.0, "sum": 1 }, "geometry": { "type": "Point", "coordinates": [ -122.302430256483674, 47.646612417505082 ] } },
{ "type": "Feature", "properties": { "lat": 47.646615525038229, "lon": -122.30586253731995, "time_of_day": "Late Night", "causation": [ "0", "0", "0", "0", "0", "0", "0", "0", "1", "0", "0", "0", "0", "0", "0", "0", "0", "0", "0", "0", "0", "0", "0", "0" ], "duration": 226.0, "sum": 1 }, "geometry": { "type": "Point", "coordinates": [ -122.305862537319953, 47.646615525038229 ] } },
{ "type": "Feature", "properties": { "lat": 47.646616560422828, "lon": -122.3068628402247, "time_of_day": "Late Night", "causation": [ "0", "0", "0", "0", "0", "0", "0", "0", "1", "0", "0", "0", "0", "0", "0", "0", "0", "0", "0", "0", "0", "0", "0", "0" ], "duration": 226.0, "sum": 1 }, "geometry": { "type": "Point", "coordinates": [ -122.306862840224696, 47.646616560422828 ] } },
{ "type": "Feature", "properties": { "lat": 47.646620568169141, "lon": -122.30605860662028, "time_of_day": "Late Night", "causation": [ "0", "0", "0", "0", "0", "0", "0", "0", "2", "0", "0", "0", "0", "0", "0", "0", "0", "0", "0", "0", "0", "0", "0", "0" ], "duration": 452.0, "sum": 2 }, "geometry": { "type": "Point", "coordinates": [ -122.306058606620283, 47.646620568169141 ] } },
{ "type": "Feature", "properties": { "lat": 47.646628438638523, "lon": -122.30624864527188, "time_of_day": "Late Night", "causation": [ "0", "0", "0", "0", "0", "0", "0", "0", "1", "0", "0", "0", "0", "0", "0", "0", "0", "0", "0", "0", "0", "0", "0", "0" ], "duration": 226.0, "sum": 1 }, "geometry": { "type": "Point", "coordinates": [ -122.306248645271879, 47.646628438638523 ] } },
{ "type": "Feature", "properties": { "lat": 47.64662903522504, "lon": -122.30567717804669, "time_of_day": "Late Night", "causation": [ "0", "0", "0", "0", "0", "0", "0", "0", "1", "0", "0", "0", "0", "0", "0", "0", "0", "0", "0", "0", "0", "0", "0", "0" ], "duration": 226.0, "sum": 1 }, "geometry": { "type": "Point", "coordinates": [ -122.305677178046693, 47.64662903522504 ] } },
{ "type": "Feature", "properties": { "lat": 47.646629074201421, "lon": -122.30747387175693, "time_of_day": "Late Night", "causation": [ "0", "0", "0", "0", "0", "0", "0", "0", "1", "0", "0", "0", "0", "0", "0", "0", "0", "0", "0", "0", "0", "0", "0", "0" ], "duration": 226.0, "sum": 1 }, "geometry": { "type": "Point", "coordinates": [ -122.307473871756926, 47.646629074201421 ] } },
{ "type": "Feature", "properties": { "lat": 47.646634533404871, "lon": -122.30323132049772, "time_of_day": "Late Night", "causation": [ "0", "0", "0", "0", "0", "0", "0", "0", "1", "0", "0", "0", "0", "0", "0", "0", "0", "0", "0", "0", "0", "0", "0", "0" ], "duration": 226.0, "sum": 1 }, "geometry": { "type": "Point", "coordinates": [ -122.303231320497716, 47.646634533404871 ] } },
{ "type": "Feature", "properties": { "lat": 47.646635935952958, "lon": -122.30644064948279, "time_of_day": "Late Night", "causation": [ "0", "0", "0", "0", "0", "0", "0", "0", "1", "0", "0", "0", "0", "0", "0", "0", "0", "0", "0", "0", "0", "0", "0", "0" ], "duration": 226.0, "sum": 1 }, "geometry": { "type": "Point", "coordinates": [ -122.306440649482795, 47.646635935952958 ] } },
{ "type": "Feature", "properties": { "lat": 47.646636122084153, "lon": -122.30543823847448, "time_of_day": "Late Night", "causation": [ "0", "0", "0", "0", "0", "0", "0", "0", "1", "0", "0", "0", "0", "0", "0", "0", "0", "0", "0", "0", "0", "0", "0", "0" ], "duration": 226.0, "sum": 1 }, "geometry": { "type": "Point", "coordinates": [ -122.30543823847448, 47.646636122084153 ] } },
{ "type": "Feature", "properties": { "lat": 47.646636841995566, "lon": -122.34908512917144, "time_of_day": "Morning", "causation": [ "0", "0", "0", "0", "0", "0", "0", "0", "1", "0", "0", "0", "0", "0", "0", "0", "0", "0", "0", "0", "0", "0", "0", "0" ], "duration": 44.0, "sum": 1 }, "geometry": { "type": "Point", "coordinates": [ -122.349085129171442, 47.646636841995566 ] } },
{ "type": "Feature", "properties": { "lat": 47.646638184714959, "lon": -122.30666359864399, "time_of_day": "Late Night", "causation": [ "0", "0", "0", "0", "0", "0", "0", "0", "1", "0", "0", "0", "0", "0", "0", "0", "0", "0", "0", "0", "0", "0", "0", "0" ], "duration": 226.0, "sum": 1 }, "geometry": { "type": "Point", "coordinates": [ -122.306663598643993, 47.646638184714959 ] } },
{ "type": "Feature", "properties": { "lat": 47.646645866378421, "lon": -122.30189100201628, "time_of_day": "Late Night", "causation": [ "0", "0", "0", "0", "0", "0", "0", "0", "1", "0", "0", "0", "0", "0", "0", "0", "0", "0", "0", "0", "0", "0", "0", "0" ], "duration": 226.0, "sum": 1 }, "geometry": { "type": "Point", "coordinates": [ -122.301891002016276, 47.646645866378421 ] } },
{ "type": "Feature", "properties": { "lat": 47.646651219553135, "lon": -122.30302411484384, "time_of_day": "Late Night", "causation": [ "0", "0", "0", "0", "0", "0", "0", "0", "1", "0", "0", "0", "0", "0", "0", "0", "0", "0", "0", "0", "0", "0", "0", "0" ], "duration": 226.0, "sum": 1 }, "geometry": { "type": "Point", "coordinates": [ -122.303024114843836, 47.646651219553135 ] } },
{ "type": "Feature", "properties": { "lat": 47.64665260985845, "lon": -122.35170436638836, "time_of_day": "Morning", "causation": [ "0", "0", "0", "0", "0", "0", "0", "0", "0", "0", "0", "0", "0", "0", "0", "0", "0", "0", "0", "0", "1", "0", "0", "0" ], "duration": 114.0, "sum": 1 }, "geometry": { "type": "Point", "coordinates": [ -122.351704366388361, 47.64665260985845 ] } },
{ "type": "Feature", "properties": { "lat": 47.64665720149285, "lon": -122.30827127928882, "time_of_day": "Late Night", "causation": [ "0", "0", "0", "0", "0", "0", "0", "0", "2", "0", "0", "0", "0", "0", "0", "0", "0", "0", "0", "0", "0", "0", "0", "0" ], "duration": 452.0, "sum": 2 }, "geometry": { "type": "Point", "coordinates": [ -122.308271279288817, 47.64665720149285 ] } },
{ "type": "Feature", "properties": { "lat": 47.646658168027209, "lon": -122.30728309530213, "time_of_day": "Late Night", "causation": [ "0", "0", "0", "0", "0", "0", "0", "0", "1", "0", "0", "0", "0", "0", "0", "0", "0", "0", "0", "0", "0", "0", "0", "0" ], "duration": 226.0, "sum": 1 }, "geometry": { "type": "Point", "coordinates": [ -122.307283095302125, 47.646658168027209 ] } },
{ "type": "Feature", "properties": { "lat": 47.646663200404873, "lon": -122.3034110681028, "time_of_day": "Late Night", "causation": [ "0", "0", "0", "0", "0", "0", "0", "0", "1", "0", "0", "0", "0", "0", "0", "0", "0", "0", "0", "0", "0", "0", "0", "0" ], "duration": 226.0, "sum": 1 }, "geometry": { "type": "Point", "coordinates": [ -122.303411068102804, 47.646663200404873 ] } },
{ "type": "Feature", "properties": { "lat": 47.646664647089708, "lon": -122.30807558401482, "time_of_day": "Late Night", "causation": [ "0", "0", "0", "0", "0", "0", "0", "0", "1", "0", "0", "0", "0", "0", "0", "0", "0", "0", "0", "0", "0", "0", "0", "0" ], "duration": 226.0, "sum": 1 }, "geometry": { "type": "Point", "coordinates": [ -122.308075584014816, 47.646664647089708 ] } },
{ "type": "Feature", "properties": { "lat": 47.646667794171641, "lon": -122.30767542452143, "time_of_day": "Late Night", "causation": [ "0", "0", "0", "0", "0", "0", "0", "0", "1", "0", "0", "0", "0", "0", "0", "0", "0", "0", "0", "0", "0", "0", "0", "0" ], "duration": 226.0, "sum": 1 }, "geometry": { "type": "Point", "coordinates": [ -122.307675424521435, 47.646667794171641 ] } },
{ "type": "Feature", "properties": { "lat": 47.646674620162464, "lon": -122.30846100914458, "time_of_day": "Late Night", "causation": [ "0", "0", "0", "0", "0", "0", "0", "0", "1", "0", "0", "0", "0", "0", "0", "0", "0", "0", "0", "0", "0", "0", "0", "0" ], "duration": 226.0, "sum": 1 }, "geometry": { "type": "Point", "coordinates": [ -122.30846100914458, 47.646674620162464 ] } },
{ "type": "Feature", "properties": { "lat": 47.646690770940872, "lon": -122.30790949941962, "time_of_day": "Late Night", "causation": [ "0", "0", "0", "0", "0", "0", "0", "0", "1", "0", "0", "0", "0", "0", "0", "0", "0", "0", "0", "0", "0", "0", "0", "0" ], "duration": 226.0, "sum": 1 }, "geometry": { "type": "Point", "coordinates": [ -122.307909499419623, 47.646690770940872 ] } },
{ "type": "Feature", "properties": { "lat": 47.646716949155483, "lon": -122.30706417638072, "time_of_day": "Late Night", "causation": [ "0", "0", "0", "0", "0", "0", "0", "0", "1", "0", "0", "0", "0", "0", "0", "0", "0", "0", "0", "0", "0", "0", "0", "0" ], "duration": 226.0, "sum": 1 }, "geometry": { "type": "Point", "coordinates": [ -122.30706417638072, 47.646716949155483 ] } },
{ "type": "Feature", "properties": { "lat": 47.64672265294034, "lon": -122.35056864247574, "time_of_day": "Morning", "causation": [ "0", "0", "0", "0", "0", "0", "0", "0", "1", "0", "0", "0", "0", "0", "0", "0", "0", "0", "0", "0", "0", "0", "0", "0" ], "duration": 44.0, "sum": 1 }, "geometry": { "type": "Point", "coordinates": [ -122.350568642475736, 47.64672265294034 ] } },
{ "type": "Feature", "properties": { "lat": 47.646736533410419, "lon": -122.30413035620386, "time_of_day": "Late Night", "causation": [ "0", "0", "0", "0", "0", "0", "0", "0", "1", "0", "0", "0", "0", "0", "0", "0", "0", "0", "0", "0", "0", "0", "0", "0" ], "duration": 226.0, "sum": 1 }, "geometry": { "type": "Point", "coordinates": [ -122.304130356203856, 47.646736533410419 ] } },
{ "type": "Feature", "properties": { "lat": 47.646742943739042, "lon": -122.35178429898548, "time_of_day": "Morning", "causation": [ "0", "0", "0", "0", "0", "0", "0", "0", "0", "0", "0", "0", "0", "0", "0", "0", "0", "0", "0", "0", "1", "0", "0", "0" ], "duration": 114.0, "sum": 1 }, "geometry": { "type": "Point", "coordinates": [ -122.351784298985478, 47.646742943739042 ] } },
{ "type": "Feature", "properties": { "lat": 47.646752873092339, "lon": -122.30511031501084, "time_of_day": "Late Night", "causation": [ "0", "0", "0", "0", "0", "0", "0", "0", "1", "0", "0", "0", "0", "0", "0", "0", "0", "0", "0", "0", "0", "0", "0", "0" ], "duration": 226.0, "sum": 1 }, "geometry": { "type": "Point", "coordinates": [ -122.305110315010836, 47.646752873092339 ] } },
{ "type": "Feature", "properties": { "lat": 47.646795668333297, "lon": -122.30880811321444, "time_of_day": "Late Night", "causation": [ "0", "0", "0", "0", "0", "0", "0", "0", "1", "0", "0", "0", "0", "0", "0", "0", "0", "0", "0", "0", "0", "0", "0", "0" ], "duration": 226.0, "sum": 1 }, "geometry": { "type": "Point", "coordinates": [ -122.30880811321444, 47.646795668333297 ] } },
{ "type": "Feature", "properties": { "lat": 47.647033764202881, "lon": -122.35219745436588, "time_of_day": "Morning", "causation": [ "0", "0", "0", "0", "0", "0", "0", "0", "1", "0", "0", "0", "0", "0", "0", "0", "0", "0", "0", "0", "0", "0", "0", "0" ], "duration": 44.0, "sum": 1 }, "geometry": { "type": "Point", "coordinates": [ -122.352197454365879, 47.647033764202881 ] } },
{ "type": "Feature", "properties": { "lat": 47.64707050286362, "lon": -122.35238212661824, "time_of_day": "Morning", "causation": [ "0", "0", "0", "0", "0", "0", "0", "0", "1", "0", "0", "0", "0", "0", "0", "0", "0", "0", "0", "0", "0", "0", "0", "0" ], "duration": 44.0, "sum": 1 }, "geometry": { "type": "Point", "coordinates": [ -122.352382126618238, 47.64707050286362 ] } },
{ "type": "Feature", "properties": { "lat": 47.647077278174805, "lon": -122.30460487233944, "time_of_day": "Late Night", "causation": [ "0", "0", "0", "0", "0", "0", "0", "0", "1", "0", "0", "0", "0", "0", "0", "0", "0", "0", "0", "0", "0", "0", "0", "0" ], "duration": 226.0, "sum": 1 }, "geometry": { "type": "Point", "coordinates": [ -122.304604872339439, 47.647077278174805 ] } },
{ "type": "Feature", "properties": { "lat": 47.647115069038371, "lon": -122.35266701391012, "time_of_day": "Morning", "causation": [ "0", "0", "0", "0", "0", "0", "0", "0", "1", "0", "0", "0", "0", "0", "0", "0", "0", "0", "0", "0", "0", "0", "0", "0" ], "duration": 44.0, "sum": 1 }, "geometry": { "type": "Point", "coordinates": [ -122.352667013910121, 47.647115069038371 ] } },
{ "type": "Feature", "properties": { "lat": 47.647245316287112, "lon": -122.35161084147433, "time_of_day": "Morning", "causation": [ "0", "0", "0", "0", "0", "0", "0", "0", "1", "0", "0", "0", "0", "0", "0", "0", "0", "0", "0", "0", "0", "0", "0", "0" ], "duration": 44.0, "sum": 1 }, "geometry": { "type": "Point", "coordinates": [ -122.351610841474326, 47.647245316287112 ] } },
{ "type": "Feature", "properties": { "lat": 47.647281568581697, "lon": -122.37542979928882, "time_of_day": "Morning", "causation": [ "0", "0", "0", "0", "0", "0", "0", "0", "1", "0", "0", "0", "0", "0", "0", "0", "0", "0", "0", "0", "0", "0", "0", "0" ], "duration": 44.0, "sum": 1 }, "geometry": { "type": "Point", "coordinates": [ -122.375429799288824, 47.647281568581697 ] } },
{ "type": "Feature", "properties": { "lat": 47.647412341402266, "lon": -122.35180168038272, "time_of_day": "Morning", "causation": [ "0", "0", "0", "0", "0", "0", "0", "0", "1", "0", "0", "0", "0", "0", "0", "0", "0", "0", "0", "0", "0", "0", "0", "0" ], "duration": 44.0, "sum": 1 }, "geometry": { "type": "Point", "coordinates": [ -122.351801680382721, 47.647412341402266 ] } },
{ "type": "Feature", "properties": { "lat": 47.64741735831479, "lon": -122.35106150146839, "time_of_day": "Morning", "causation": [ "0", "0", "0", "0", "0", "0", "0", "0", "1", "0", "0", "0", "0", "0", "0", "0", "0", "0", "0", "0", "0", "0", "0", "0" ], "duration": 44.0, "sum": 1 }, "geometry": { "type": "Point", "coordinates": [ -122.351061501468394, 47.64741735831479 ] } },
{ "type": "Feature", "properties": { "lat": 47.647431274471487, "lon": -122.35341741921884, "time_of_day": "Morning", "causation": [ "0", "0", "0", "0", "0", "0", "0", "0", "5", "0", "0", "0", "0", "0", "0", "0", "0", "0", "0", "0", "0", "0", "0", "0" ], "duration": 220.0, "sum": 5 }, "geometry": { "type": "Point", "coordinates": [ -122.353417419218843, 47.647431274471487 ] } },
{ "type": "Feature", "properties": { "lat": 47.647435444388535, "lon": -122.35199478100468, "time_of_day": "Morning", "causation": [ "0", "0", "0", "0", "0", "0", "0", "0", "4", "0", "0", "0", "0", "0", "0", "0", "0", "0", "0", "0", "0", "0", "0", "0" ], "duration": 176.0, "sum": 4 }, "geometry": { "type": "Point", "coordinates": [ -122.351994781004677, 47.647435444388535 ] } },
{ "type": "Feature", "properties": { "lat": 47.647440477104006, "lon": -122.35313750147112, "time_of_day": "Morning", "causation": [ "0", "0", "0", "0", "0", "0", "0", "0", "10", "0", "0", "0", "0", "0", "0", "0", "0", "0", "0", "0", "0", "0", "0", "0" ], "duration": 440.0, "sum": 10 }, "geometry": { "type": "Point", "coordinates": [ -122.353137501471124, 47.647440477104006 ] } },
{ "type": "Feature", "properties": { "lat": 47.647488152247213, "lon": -122.35430144202546, "time_of_day": "Morning", "causation": [ "0", "0", "0", "0", "0", "0", "0", "0", "9", "0", "0", "0", "0", "0", "0", "0", "0", "0", "0", "0", "0", "0", "0", "0" ], "duration": 396.0, "sum": 9 }, "geometry": { "type": "Point", "coordinates": [ -122.354301442025459, 47.647488152247213 ] } },
{ "type": "Feature", "properties": { "lat": 47.647551516115215, "lon": -122.35340050363494, "time_of_day": "Morning", "causation": [ "0", "0", "0", "0", "0", "0", "0", "0", "2", "0", "0", "0", "0", "0", "0", "0", "0", "0", "0", "0", "0", "0", "0", "0" ], "duration": 88.0, "sum": 2 }, "geometry": { "type": "Point", "coordinates": [ -122.353400503634944, 47.647551516115215 ] } },
{ "type": "Feature", "properties": { "lat": 47.647563905873703, "lon": -122.3522229547165, "time_of_day": "Morning", "causation": [ "0", "0", "0", "0", "0", "0", "0", "0", "1", "0", "0", "0", "0", "0", "0", "0", "0", "0", "0", "0", "0", "0", "0", "0" ], "duration": 44.0, "sum": 1 }, "geometry": { "type": "Point", "coordinates": [ -122.352222954716495, 47.647563905873703 ] } },
{ "type": "Feature", "properties": { "lat": 47.647564625753382, "lon": -122.35370716160716, "time_of_day": "Morning", "causation": [ "0", "0", "0", "0", "0", "0", "0", "0", "1", "0", "0", "0", "0", "0", "0", "0", "0", "0", "0", "0", "0", "0", "0", "0" ], "duration": 44.0, "sum": 1 }, "geometry": { "type": "Point", "coordinates": [ -122.353707161607161, 47.647564625753382 ] } },
{ "type": "Feature", "properties": { "lat": 47.647565755737901, "lon": -122.35392990414137, "time_of_day": "Morning", "causation": [ "0", "0", "0", "0", "0", "0", "0", "0", "10", "0", "0", "0", "0", "0", "0", "0", "0", "0", "0", "0", "0", "0", "0", "0" ], "duration": 440.0, "sum": 10 }, "geometry": { "type": "Point", "coordinates": [ -122.353929904141367, 47.647565755737901 ] } },
{ "type": "Feature", "properties": { "lat": 47.647570376408467, "lon": -122.35361855839987, "time_of_day": "Morning", "causation": [ "0", "0", "0", "0", "0", "0", "0", "0", "3", "0", "0", "0", "0", "0", "0", "0", "0", "0", "0", "0", "0", "0", "0", "0" ], "duration": 132.0, "sum": 3 }, "geometry": { "type": "Point", "coordinates": [ -122.353618558399873, 47.647570376408467 ] } },
{ "type": "Feature", "properties": { "lat": 47.647614850951918, "lon": -122.35248864706064, "time_of_day": "Morning", "causation": [ "0", "0", "0", "0", "0", "0", "0", "0", "2", "0", "0", "0", "0", "0", "0", "0", "0", "0", "0", "0", "0", "0", "0", "0" ], "duration": 88.0, "sum": 2 }, "geometry": { "type": "Point", "coordinates": [ -122.352488647060639, 47.647614850951918 ] } },
{ "type": "Feature", "properties": { "lat": 47.647925433010649, "lon": -122.35418900201428, "time_of_day": "Morning", "causation": [ "0", "0", "0", "0", "0", "0", "0", "0", "5", "0", "0", "0", "0", "0", "0", "0", "0", "0", "0", "0", "0", "0", "0", "0" ], "duration": 220.0, "sum": 5 }, "geometry": { "type": "Point", "coordinates": [ -122.35418900201428, 47.647925433010649 ] } },
{ "type": "Feature", "properties": { "lat": 47.647966117654363, "lon": -122.35226809130398, "time_of_day": "Morning", "causation": [ "0", "0", "0", "0", "0", "0", "0", "0", "1", "0", "0", "0", "0", "0", "0", "0", "0", "0", "0", "0", "0", "0", "0", "0" ], "duration": 44.0, "sum": 1 }, "geometry": { "type": "Point", "coordinates": [ -122.352268091303984, 47.647966117654363 ] } },
{ "type": "Feature", "properties": { "lat": 47.647998981215807, "lon": -122.34990566700851, "time_of_day": "Morning", "causation": [ "0", "0", "0", "0", "0", "0", "0", "0", "1", "0", "0", "0", "0", "0", "0", "0", "0", "0", "0", "0", "0", "0", "0", "0" ], "duration": 44.0, "sum": 1 }, "geometry": { "type": "Point", "coordinates": [ -122.349905667008514, 47.647998981215807 ] } },
{ "type": "Feature", "properties": { "lat": 47.64801712809259, "lon": -122.35274221968484, "time_of_day": "Morning", "causation": [ "0", "0", "0", "0", "0", "0", "0", "0", "2", "0", "0", "0", "0", "0", "0", "0", "0", "0", "0", "0", "0", "0", "0", "0" ], "duration": 88.0, "sum": 2 }, "geometry": { "type": "Point", "coordinates": [ -122.352742219684842, 47.64801712809259 ] } },
{ "type": "Feature", "properties": { "lat": 47.648551905794122, "lon": -122.3642988016496, "time_of_day": "Morning", "causation": [ "0", "0", "0", "0", "0", "0", "0", "0", "1", "0", "0", "0", "0", "0", "0", "0", "0", "0", "0", "0", "0", "0", "0", "0" ], "duration": 44.0, "sum": 1 }, "geometry": { "type": "Point", "coordinates": [ -122.364298801649596, 47.648551905794122 ] } },
{ "type": "Feature", "properties": { "lat": 47.648651974332012, "lon": -122.35436319283916, "time_of_day": "Morning", "causation": [ "0", "0", "0", "0", "0", "0", "0", "0", "3", "0", "0", "0", "0", "0", "0", "0", "0", "0", "0", "0", "0", "0", "0", "0" ], "duration": 132.0, "sum": 3 }, "geometry": { "type": "Point", "coordinates": [ -122.354363192839159, 47.648651974332012 ] } },
{ "type": "Feature", "properties": { "lat": 47.648707525627714, "lon": -122.36460762496972, "time_of_day": "Morning", "causation": [ "0", "0", "0", "0", "0", "0", "0", "0", "3", "0", "0", "0", "0", "0", "0", "0", "0", "0", "0", "0", "0", "0", "0", "0" ], "duration": 132.0, "sum": 3 }, "geometry": { "type": "Point", "coordinates": [ -122.364607624969722, 47.648707525627714 ] } },
{ "type": "Feature", "properties": { "lat": 47.648860101727017, "lon": -122.36526435452312, "time_of_day": "Morning", "causation": [ "0", "0", "0", "0", "0", "0", "0", "0", "1", "0", "0", "0", "0", "0", "0", "0", "0", "0", "0", "0", "0", "0", "0", "0" ], "duration": 44.0, "sum": 1 }, "geometry": { "type": "Point", "coordinates": [ -122.36526435452312, 47.648860101727017 ] } },
{ "type": "Feature", "properties": { "lat": 47.649081063645191, "lon": -122.3831598915402, "time_of_day": "Morning", "causation": [ "0", "0", "0", "0", "0", "0", "0", "0", "1", "0", "0", "0", "0", "0", "0", "0", "0", "0", "0", "0", "0", "0", "0", "0" ], "duration": 143.0, "sum": 1 }, "geometry": { "type": "Point", "coordinates": [ -122.383159891540203, 47.649081063645191 ] } },
{ "type": "Feature", "properties": { "lat": 47.649173655055698, "lon": -122.36461592321508, "time_of_day": "Morning", "causation": [ "0", "0", "0", "0", "0", "0", "0", "0", "2", "0", "0", "0", "0", "0", "0", "0", "0", "0", "0", "0", "0", "0", "0", "0" ], "duration": 88.0, "sum": 2 }, "geometry": { "type": "Point", "coordinates": [ -122.364615923215084, 47.649173655055698 ] } },
{ "type": "Feature", "properties": { "lat": 47.649207189028083, "lon": -122.3638399147478, "time_of_day": "Morning", "causation": [ "0", "0", "0", "0", "0", "0", "0", "0", "2", "0", "0", "0", "0", "0", "0", "0", "0", "0", "0", "0", "0", "0", "0", "0" ], "duration": 88.0, "sum": 2 }, "geometry": { "type": "Point", "coordinates": [ -122.3638399147478, 47.649207189028083 ] } },
{ "type": "Feature", "properties": { "lat": 47.649257650852078, "lon": -122.36259087618484, "time_of_day": "Morning", "causation": [ "0", "0", "0", "0", "0", "0", "0", "0", "1", "0", "0", "0", "0", "0", "0", "0", "0", "0", "0", "0", "0", "0", "0", "0" ], "duration": 44.0, "sum": 1 }, "geometry": { "type": "Point", "coordinates": [ -122.362590876184839, 47.649257650852078 ] } },
{ "type": "Feature", "properties": { "lat": 47.649263310346086, "lon": -122.36568511160274, "time_of_day": "Morning", "causation": [ "0", "0", "0", "0", "0", "0", "0", "0", "1", "0", "0", "0", "0", "0", "0", "0", "0", "0", "0", "0", "0", "0", "0", "0" ], "duration": 44.0, "sum": 1 }, "geometry": { "type": "Point", "coordinates": [ -122.365685111602744, 47.649263310346086 ] } },
{ "type": "Feature", "properties": { "lat": 47.649624475473352, "lon": -122.36259888550242, "time_of_day": "Morning", "causation": [ "0", "0", "0", "0", "0", "0", "0", "0", "4", "0", "0", "0", "0", "0", "0", "0", "0", "0", "0", "0", "0", "0", "0", "0" ], "duration": 176.0, "sum": 4 }, "geometry": { "type": "Point", "coordinates": [ -122.362598885502422, 47.649624475473352 ] } },
{ "type": "Feature", "properties": { "lat": 47.649710429310566, "lon": -122.3639351399504, "time_of_day": "Morning", "causation": [ "0", "0", "0", "0", "0", "0", "0", "0", "1", "0", "0", "0", "0", "0", "0", "0", "0", "0", "0", "0", "0", "0", "0", "0" ], "duration": 44.0, "sum": 1 }, "geometry": { "type": "Point", "coordinates": [ -122.363935139950399, 47.649710429310566 ] } },
{ "type": "Feature", "properties": { "lat": 47.649781172933892, "lon": -122.363226106604, "time_of_day": "Morning", "causation": [ "0", "0", "0", "0", "0", "0", "0", "0", "1", "0", "0", "0", "0", "0", "0", "0", "0", "0", "0", "0", "0", "0", "0", "0" ], "duration": 44.0, "sum": 1 }, "geometry": { "type": "Point", "coordinates": [ -122.363226106604003, 47.649781172933892 ] } },
{ "type": "Feature", "properties": { "lat": 47.650197630349609, "lon": -122.36174196671104, "time_of_day": "Morning", "causation": [ "0", "0", "0", "0", "0", "0", "0", "0", "1", "0", "0", "0", "0", "0", "0", "0", "0", "0", "0", "0", "0", "0", "0", "0" ], "duration": 44.0, "sum": 1 }, "geometry": { "type": "Point", "coordinates": [ -122.361741966711037, 47.650197630349609 ] } },
{ "type": "Feature", "properties": { "lat": 47.650204544637184, "lon": -122.36250222633672, "time_of_day": "Morning", "causation": [ "0", "0", "0", "0", "0", "0", "0", "0", "1", "0", "0", "0", "0", "0", "0", "0", "0", "0", "0", "0", "0", "0", "0", "0" ], "duration": 44.0, "sum": 1 }, "geometry": { "type": "Point", "coordinates": [ -122.362502226336716, 47.650204544637184 ] } },
{ "type": "Feature", "properties": { "lat": 47.650211722235774, "lon": -122.36505583873216, "time_of_day": "Morning", "causation": [ "0", "0", "0", "0", "0", "0", "0", "0", "1", "0", "0", "0", "0", "0", "0", "0", "0", "0", "0", "0", "0", "0", "0", "0" ], "duration": 44.0, "sum": 1 }, "geometry": { "type": "Point", "coordinates": [ -122.365055838732161, 47.650211722235774 ] } },
{ "type": "Feature", "properties": { "lat": 47.650289321187294, "lon": -122.35933631923372, "time_of_day": "Morning", "causation": [ "0", "0", "0", "0", "0", "0", "0", "0", "1", "0", "0", "0", "0", "0", "0", "0", "0", "0", "0", "0", "0", "0", "0", "0" ], "duration": 44.0, "sum": 1 }, "geometry": { "type": "Point", "coordinates": [ -122.359336319233719, 47.650289321187294 ] } },
{ "type": "Feature", "properties": { "lat": 47.650524387991545, "lon": -122.36407345153124, "time_of_day": "Morning", "causation": [ "0", "0", "0", "0", "0", "0", "0", "0", "1", "0", "0", "0", "0", "0", "0", "0", "0", "0", "0", "0", "0", "0", "0", "0" ], "duration": 44.0, "sum": 1 }, "geometry": { "type": "Point", "coordinates": [ -122.36407345153124, 47.650524387991545 ] } },
{ "type": "Feature", "properties": { "lat": 47.650574930537744, "lon": -122.36447946470516, "time_of_day": "Morning", "causation": [ "0", "0", "0", "0", "0", "0", "0", "0", "1", "0", "0", "0", "0", "0", "0", "0", "0", "0", "0", "0", "0", "0", "0", "0" ], "duration": 44.0, "sum": 1 }, "geometry": { "type": "Point", "coordinates": [ -122.364479464705155, 47.650574930537744 ] } },
{ "type": "Feature", "properties": { "lat": 47.65065659085046, "lon": -122.36131822134266, "time_of_day": "Morning", "causation": [ "0", "0", "0", "0", "0", "0", "0", "0", "2", "0", "0", "0", "0", "0", "0", "0", "0", "0", "0", "0", "0", "0", "0", "0" ], "duration": 88.0, "sum": 2 }, "geometry": { "type": "Point", "coordinates": [ -122.361318221342657, 47.65065659085046 ] } },
{ "type": "Feature", "properties": { "lat": 47.6506648427494, "lon": -122.36279385871198, "time_of_day": "Morning", "causation": [ "0", "0", "0", "0", "0", "0", "0", "0", "1", "0", "0", "0", "0", "0", "0", "0", "0", "0", "0", "0", "0", "0", "0", "0" ], "duration": 44.0, "sum": 1 }, "geometry": { "type": "Point", "coordinates": [ -122.362793858711981, 47.6506648427494 ] } },
{ "type": "Feature", "properties": { "lat": 47.65066753774245, "lon": -122.36518591831386, "time_of_day": "Morning", "causation": [ "0", "0", "0", "0", "0", "0", "0", "0", "4", "0", "0", "0", "0", "0", "0", "0", "0", "0", "0", "0", "0", "0", "0", "0" ], "duration": 176.0, "sum": 4 }, "geometry": { "type": "Point", "coordinates": [ -122.365185918313855, 47.65066753774245 ] } },
{ "type": "Feature", "properties": { "lat": 47.650776450077977, "lon": -122.3636658355738, "time_of_day": "Morning", "causation": [ "0", "0", "0", "0", "0", "0", "0", "0", "1", "0", "0", "0", "0", "0", "0", "0", "0", "0", "0", "0", "0", "0", "0", "0" ], "duration": 44.0, "sum": 1 }, "geometry": { "type": "Point", "coordinates": [ -122.363665835573798, 47.650776450077977 ] } },
{ "type": "Feature", "properties": { "lat": 47.650787414035221, "lon": -122.3655336506859, "time_of_day": "Morning", "causation": [ "0", "0", "0", "0", "0", "0", "0", "0", "2", "0", "0", "0", "0", "0", "0", "0", "0", "0", "0", "0", "0", "0", "0", "0" ], "duration": 88.0, "sum": 2 }, "geometry": { "type": "Point", "coordinates": [ -122.365533650685904, 47.650787414035221 ] } },
{ "type": "Feature", "properties": { "lat": 47.650789579060806, "lon": -122.36581433412417, "time_of_day": "Morning", "causation": [ "0", "0", "0", "0", "0", "0", "0", "0", "4", "0", "0", "0", "0", "0", "0", "0", "0", "0", "0", "0", "0", "0", "0", "0" ], "duration": 176.0, "sum": 4 }, "geometry": { "type": "Point", "coordinates": [ -122.365814334124167, 47.650789579060806 ] } },
{ "type": "Feature", "properties": { "lat": 47.650881819622462, "lon": -122.36593605023316, "time_of_day": "Morning", "causation": [ "0", "0", "0", "0", "0", "0", "0", "0", "2", "0", "0", "0", "0", "0", "0", "0", "0", "0", "0", "0", "0", "0", "0", "0" ], "duration": 88.0, "sum": 2 }, "geometry": { "type": "Point", "coordinates": [ -122.365936050233159, 47.650881819622462 ] } },
{ "type": "Feature", "properties": { "lat": 47.650925441541773, "lon": -122.36627452125695, "time_of_day": "Morning", "causation": [ "0", "0", "0", "0", "0", "0", "0", "0", "2", "0", "0", "0", "0", "0", "0", "0", "0", "0", "0", "0", "0", "0", "0", "0" ], "duration": 88.0, "sum": 2 }, "geometry": { "type": "Point", "coordinates": [ -122.366274521256955, 47.650925441541773 ] } },
{ "type": "Feature", "properties": { "lat": 47.650940089108708, "lon": -122.36643175112005, "time_of_day": "Morning", "causation": [ "0", "0", "0", "0", "0", "0", "0", "0", "4", "0", "0", "0", "0", "0", "0", "0", "0", "0", "0", "0", "0", "0", "0", "0" ], "duration": 176.0, "sum": 4 }, "geometry": { "type": "Point", "coordinates": [ -122.366431751120047, 47.650940089108708 ] } },
{ "type": "Feature", "properties": { "lat": 47.650964180866815, "lon": -122.36836766573896, "time_of_day": "Morning", "causation": [ "0", "0", "0", "0", "0", "0", "0", "0", "2", "0", "0", "0", "0", "0", "0", "0", "0", "0", "0", "0", "0", "0", "0", "0" ], "duration": 88.0, "sum": 2 }, "geometry": { "type": "Point", "coordinates": [ -122.368367665738958, 47.650964180866815 ] } },
{ "type": "Feature", "properties": { "lat": 47.650978494701256, "lon": -122.36658691005836, "time_of_day": "Morning", "causation": [ "0", "0", "0", "0", "0", "0", "0", "0", "4", "0", "0", "0", "0", "0", "0", "0", "0", "0", "0", "0", "0", "0", "0", "0" ], "duration": 176.0, "sum": 4 }, "geometry": { "type": "Point", "coordinates": [ -122.366586910058359, 47.650978494701256 ] } },
{ "type": "Feature", "properties": { "lat": 47.650996317823157, "lon": -122.36813123192044, "time_of_day": "Morning", "causation": [ "0", "0", "0", "0", "0", "0", "0", "0", "2", "0", "0", "0", "0", "0", "0", "0", "0", "0", "0", "0", "0", "0", "0", "0" ], "duration": 88.0, "sum": 2 }, "geometry": { "type": "Point", "coordinates": [ -122.368131231920444, 47.650996317823157 ] } },
{ "type": "Feature", "properties": { "lat": 47.651029245203205, "lon": -122.36674974994568, "time_of_day": "Morning", "causation": [ "0", "0", "0", "0", "0", "0", "0", "0", "4", "0", "0", "0", "0", "0", "0", "0", "0", "0", "0", "0", "0", "0", "0", "0" ], "duration": 176.0, "sum": 4 }, "geometry": { "type": "Point", "coordinates": [ -122.366749749945683, 47.651029245203205 ] } },
{ "type": "Feature", "properties": { "lat": 47.651043052066029, "lon": -122.36721036243983, "time_of_day": "Morning", "causation": [ "0", "0", "0", "0", "0", "0", "0", "0", "1", "0", "0", "0", "0", "0", "0", "0", "0", "0", "0", "0", "0", "0", "0", "0" ], "duration": 44.0, "sum": 1 }, "geometry": { "type": "Point", "coordinates": [ -122.367210362439835, 47.651043052066029 ] } },
{ "type": "Feature", "properties": { "lat": 47.65105168097535, "lon": -122.36701036115228, "time_of_day": "Morning", "causation": [ "0", "0", "0", "0", "0", "0", "0", "0", "2", "0", "0", "0", "0", "0", "0", "0", "0", "0", "0", "0", "0", "0", "0", "0" ], "duration": 88.0, "sum": 2 }, "geometry": { "type": "Point", "coordinates": [ -122.367010361152282, 47.65105168097535 ] } },
{ "type": "Feature", "properties": { "lat": 47.651057323647677, "lon": -122.36729904572216, "time_of_day": "Morning", "causation": [ "0", "0", "0", "0", "0", "0", "0", "0", "1", "0", "0", "0", "0", "0", "0", "0", "0", "0", "0", "0", "0", "0", "0", "0" ], "duration": 44.0, "sum": 1 }, "geometry": { "type": "Point", "coordinates": [ -122.367299045722163, 47.651057323647677 ] } },
{ "type": "Feature", "properties": { "lat": 47.651079281108792, "lon": -122.36739607189929, "time_of_day": "Morning", "causation": [ "0", "0", "0", "0", "0", "0", "0", "0", "1", "0", "0", "0", "0", "0", "0", "0", "0", "0", "0", "0", "0", "0", "0", "0" ], "duration": 44.0, "sum": 1 }, "geometry": { "type": "Point", "coordinates": [ -122.367396071899293, 47.651079281108792 ] } },
{ "type": "Feature", "properties": { "lat": 47.651100217470727, "lon": -122.36754798140215, "time_of_day": "Morning", "causation": [ "0", "0", "0", "0", "0", "0", "0", "0", "1", "0", "0", "0", "0", "0", "0", "0", "0", "0", "0", "0", "0", "0", "0", "0" ], "duration": 44.0, "sum": 1 }, "geometry": { "type": "Point", "coordinates": [ -122.367547981402154, 47.651100217470727 ] } },
{ "type": "Feature", "properties": { "lat": 47.65111487970789, "lon": -122.36499806304458, "time_of_day": "Morning", "causation": [ "0", "0", "0", "0", "0", "0", "0", "0", "14", "0", "0", "0", "0", "0", "0", "0", "0", "0", "0", "0", "0", "0", "0", "0" ], "duration": 616.0, "sum": 14 }, "geometry": { "type": "Point", "coordinates": [ -122.364998063044581, 47.65111487970789 ] } },
{ "type": "Feature", "properties": { "lat": 47.651169325034765, "lon": -122.36726156274104, "time_of_day": "Morning", "causation": [ "0", "0", "0", "0", "0", "0", "0", "0", "1", "0", "0", "0", "0", "0", "0", "0", "0", "0", "0", "0", "0", "0", "0", "0" ], "duration": 44.0, "sum": 1 }, "geometry": { "type": "Point", "coordinates": [ -122.367261562741035, 47.651169325034765 ] } },
{ "type": "Feature", "properties": { "lat": 47.651180670486809, "lon": -122.36714057817798, "time_of_day": "Morning", "causation": [ "0", "0", "0", "0", "0", "0", "0", "0", "1", "0", "0", "0", "0", "0", "0", "0", "0", "0", "0", "0", "0", "0", "0", "0" ], "duration": 44.0, "sum": 1 }, "geometry": { "type": "Point", "coordinates": [ -122.367140578177981, 47.651180670486809 ] } },
{ "type": "Feature", "properties": { "lat": 47.651190970422128, "lon": -122.36777131962012, "time_of_day": "Morning", "causation": [ "0", "0", "0", "0", "0", "0", "0", "0", "1", "0", "0", "0", "0", "0", "0", "0", "0", "0", "0", "0", "0", "0", "0", "0" ], "duration": 44.0, "sum": 1 }, "geometry": { "type": "Point", "coordinates": [ -122.367771319620118, 47.651190970422128 ] } },
{ "type": "Feature", "properties": { "lat": 47.651193374752239, "lon": -122.36562854425895, "time_of_day": "Morning", "causation": [ "0", "0", "0", "0", "0", "0", "0", "0", "3", "0", "0", "0", "0", "0", "0", "0", "0", "0", "0", "0", "0", "0", "0", "0" ], "duration": 132.0, "sum": 3 }, "geometry": { "type": "Point", "coordinates": [ -122.365628544258954, 47.651193374752239 ] } },
{ "type": "Feature", "properties": { "lat": 47.651221204689847, "lon": -122.36733558628271, "time_of_day": "Morning", "causation": [ "0", "0", "0", "0", "0", "0", "0", "0", "1", "0", "0", "0", "0", "0", "0", "0", "0", "0", "0", "0", "0", "0", "0", "0" ], "duration": 44.0, "sum": 1 }, "geometry": { "type": "Point", "coordinates": [ -122.367335586282707, 47.651221204689847 ] } },
{ "type": "Feature", "properties": { "lat": 47.651229081906017, "lon": -122.36595291737186, "time_of_day": "Morning", "causation": [ "0", "0", "0", "0", "0", "0", "0", "0", "1", "0", "0", "0", "0", "0", "0", "0", "0", "0", "0", "0", "0", "0", "0", "0" ], "duration": 44.0, "sum": 1 }, "geometry": { "type": "Point", "coordinates": [ -122.365952917371857, 47.651229081906017 ] } },
{ "type": "Feature", "properties": { "lat": 47.6512293843412, "lon": -122.3676967382418, "time_of_day": "Morning", "causation": [ "0", "0", "0", "0", "0", "0", "0", "0", "1", "0", "0", "0", "0", "0", "0", "0", "0", "0", "0", "0", "0", "0", "0", "0" ], "duration": 44.0, "sum": 1 }, "geometry": { "type": "Point", "coordinates": [ -122.367696738241804, 47.6512293843412 ] } },
{ "type": "Feature", "properties": { "lat": 47.651239201575038, "lon": -122.3674507855476, "time_of_day": "Morning", "causation": [ "0", "0", "0", "0", "0", "0", "0", "0", "1", "0", "0", "0", "0", "0", "0", "0", "0", "0", "0", "0", "0", "0", "0", "0" ], "duration": 44.0, "sum": 1 }, "geometry": { "type": "Point", "coordinates": [ -122.367450785547604, 47.651239201575038 ] } },
{ "type": "Feature", "properties": { "lat": 47.651241966736421, "lon": -122.3681364502352, "time_of_day": "Morning", "causation": [ "0", "0", "0", "0", "0", "0", "0", "0", "6", "0", "0", "0", "0", "0", "0", "0", "0", "0", "0", "0", "0", "0", "0", "0" ], "duration": 264.0, "sum": 6 }, "geometry": { "type": "Point", "coordinates": [ -122.368136450235198, 47.651241966736421 ] } },
{ "type": "Feature", "properties": { "lat": 47.65124878199255, "lon": -122.36765662873654, "time_of_day": "Morning", "causation": [ "0", "0", "0", "0", "0", "0", "0", "0", "1", "0", "0", "0", "0", "0", "0", "0", "0", "0", "0", "0", "0", "0", "0", "0" ], "duration": 44.0, "sum": 1 }, "geometry": { "type": "Point", "coordinates": [ -122.36765662873654, 47.65124878199255 ] } },
{ "type": "Feature", "properties": { "lat": 47.651251190573703, "lon": -122.36868164163312, "time_of_day": "Morning", "causation": [ "0", "0", "0", "0", "0", "0", "0", "0", "2", "0", "0", "0", "0", "0", "0", "0", "0", "0", "0", "0", "0", "0", "0", "0" ], "duration": 88.0, "sum": 2 }, "geometry": { "type": "Point", "coordinates": [ -122.368681641633117, 47.651251190573703 ] } },
{ "type": "Feature", "properties": { "lat": 47.651254315454203, "lon": -122.36576432483164, "time_of_day": "Morning", "causation": [ "0", "0", "0", "0", "0", "0", "0", "0", "5", "0", "0", "0", "0", "0", "0", "0", "0", "0", "0", "0", "0", "0", "0", "0" ], "duration": 220.0, "sum": 5 }, "geometry": { "type": "Point", "coordinates": [ -122.365764324831645, 47.651254315454203 ] } },
{ "type": "Feature", "properties": { "lat": 47.651270179772439, "lon": -122.36167657756413, "time_of_day": "Morning", "causation": [ "0", "0", "0", "0", "0", "0", "0", "0", "1", "0", "0", "0", "0", "0", "0", "0", "0", "0", "0", "0", "0", "0", "0", "0" ], "duration": 44.0, "sum": 1 }, "geometry": { "type": "Point", "coordinates": [ -122.361676577564126, 47.651270179772439 ] } },
{ "type": "Feature", "properties": { "lat": 47.651271153862332, "lon": -122.36188039311986, "time_of_day": "Morning", "causation": [ "0", "0", "0", "0", "0", "0", "0", "0", "1", "0", "0", "0", "0", "0", "0", "0", "0", "0", "0", "0", "0", "0", "0", "0" ], "duration": 44.0, "sum": 1 }, "geometry": { "type": "Point", "coordinates": [ -122.361880393119861, 47.651271153862332 ] } },
{ "type": "Feature", "properties": { "lat": 47.651279865284046, "lon": -122.3675948693962, "time_of_day": "Morning", "causation": [ "0", "0", "0", "0", "0", "0", "0", "0", "1", "0", "0", "0", "0", "0", "0", "0", "0", "0", "0", "0", "0", "0", "0", "0" ], "duration": 44.0, "sum": 1 }, "geometry": { "type": "Point", "coordinates": [ -122.3675948693962, 47.651279865284046 ] } },
{ "type": "Feature", "properties": { "lat": 47.651288225545187, "lon": -122.36556878477728, "time_of_day": "Morning", "causation": [ "0", "0", "0", "0", "0", "0", "0", "0", "1", "0", "0", "0", "0", "0", "0", "0", "0", "0", "0", "0", "0", "0", "0", "0" ], "duration": 44.0, "sum": 1 }, "geometry": { "type": "Point", "coordinates": [ -122.365568784777281, 47.651288225545187 ] } },
{ "type": "Feature", "properties": { "lat": 47.65129267121042, "lon": -122.36790296135359, "time_of_day": "Morning", "causation": [ "0", "0", "0", "0", "0", "0", "0", "0", "1", "0", "0", "0", "0", "0", "0", "0", "0", "0", "0", "0", "0", "0", "0", "0" ], "duration": 44.0, "sum": 1 }, "geometry": { "type": "Point", "coordinates": [ -122.367902961353593, 47.65129267121042 ] } },
{ "type": "Feature", "properties": { "lat": 47.651305317084251, "lon": -122.36205075201578, "time_of_day": "Morning", "causation": [ "0", "0", "0", "0", "0", "0", "0", "0", "2", "0", "0", "0", "0", "0", "0", "0", "0", "0", "0", "0", "0", "0", "0", "0" ], "duration": 88.0, "sum": 2 }, "geometry": { "type": "Point", "coordinates": [ -122.362050752015776, 47.651305317084251 ] } },
{ "type": "Feature", "properties": { "lat": 47.651319479959412, "lon": -122.36622250867528, "time_of_day": "Morning", "causation": [ "0", "0", "0", "0", "0", "0", "0", "0", "1", "0", "0", "0", "0", "0", "0", "0", "0", "0", "0", "0", "0", "0", "0", "0" ], "duration": 44.0, "sum": 1 }, "geometry": { "type": "Point", "coordinates": [ -122.366222508675278, 47.651319479959412 ] } },
{ "type": "Feature", "properties": { "lat": 47.65132481587839, "lon": -122.36606180472675, "time_of_day": "Morning", "causation": [ "0", "0", "0", "0", "0", "0", "0", "0", "1", "0", "0", "0", "0", "0", "0", "0", "0", "0", "0", "0", "0", "0", "0", "0" ], "duration": 44.0, "sum": 1 }, "geometry": { "type": "Point", "coordinates": [ -122.366061804726755, 47.65132481587839 ] } },
{ "type": "Feature", "properties": { "lat": 47.651359027779819, "lon": -122.36211426523934, "time_of_day": "Morning", "causation": [ "0", "0", "0", "0", "0", "0", "0", "0", "1", "0", "0", "0", "0", "0", "0", "0", "0", "0", "0", "0", "0", "0", "0", "0" ], "duration": 44.0, "sum": 1 }, "geometry": { "type": "Point", "coordinates": [ -122.362114265239342, 47.651359027779819 ] } },
{ "type": "Feature", "properties": { "lat": 47.651365933659172, "lon": -122.36491412826976, "time_of_day": "Morning", "causation": [ "0", "0", "0", "0", "0", "0", "0", "0", "2", "0", "0", "0", "0", "0", "0", "0", "0", "0", "0", "0", "0", "0", "0", "0" ], "duration": 88.0, "sum": 2 }, "geometry": { "type": "Point", "coordinates": [ -122.36491412826976, 47.651365933659172 ] } },
{ "type": "Feature", "properties": { "lat": 47.651371741040499, "lon": -122.3663772614518, "time_of_day": "Morning", "causation": [ "0", "0", "0", "0", "0", "0", "0", "0", "2", "0", "0", "0", "0", "0", "0", "0", "0", "0", "0", "0", "0", "0", "0", "0" ], "duration": 88.0, "sum": 2 }, "geometry": { "type": "Point", "coordinates": [ -122.366377261451802, 47.651371741040499 ] } },
{ "type": "Feature", "properties": { "lat": 47.651385897301282, "lon": -122.36867338447078, "time_of_day": "Morning", "causation": [ "0", "0", "0", "0", "0", "0", "0", "0", "2", "0", "0", "0", "0", "0", "0", "0", "0", "0", "0", "0", "0", "0", "0", "0" ], "duration": 88.0, "sum": 2 }, "geometry": { "type": "Point", "coordinates": [ -122.368673384470782, 47.651385897301282 ] } },
{ "type": "Feature", "properties": { "lat": 47.651391459689584, "lon": -122.36582619029008, "time_of_day": "Morning", "causation": [ "0", "0", "0", "0", "0", "0", "0", "0", "1", "0", "0", "0", "0", "0", "0", "0", "0", "0", "0", "0", "0", "0", "0", "0" ], "duration": 44.0, "sum": 1 }, "geometry": { "type": "Point", "coordinates": [ -122.365826190290079, 47.651391459689584 ] } },
{ "type": "Feature", "properties": { "lat": 47.651430038151162, "lon": -122.36652727416812, "time_of_day": "Morning", "causation": [ "0", "0", "0", "0", "0", "0", "0", "0", "2", "0", "0", "0", "0", "0", "0", "0", "0", "0", "0", "0", "0", "0", "0", "0" ], "duration": 88.0, "sum": 2 }, "geometry": { "type": "Point", "coordinates": [ -122.366527274168121, 47.651430038151162 ] } },
{ "type": "Feature", "properties": { "lat": 47.651435307298392, "lon": -122.36264513117059, "time_of_day": "Morning", "causation": [ "0", "0", "0", "0", "0", "0", "0", "0", "1", "0", "0", "0", "0", "0", "0", "0", "0", "0", "0", "0", "0", "0", "0", "0" ], "duration": 44.0, "sum": 1 }, "geometry": { "type": "Point", "coordinates": [ -122.362645131170595, 47.651435307298392 ] } },
{ "type": "Feature", "properties": { "lat": 47.651463350797897, "lon": -122.36668494247658, "time_of_day": "Morning", "causation": [ "0", "0", "0", "0", "0", "0", "0", "0", "2", "0", "0", "0", "0", "0", "0", "0", "0", "0", "0", "0", "0", "0", "0", "0" ], "duration": 88.0, "sum": 2 }, "geometry": { "type": "Point", "coordinates": [ -122.366684942476581, 47.651463350797897 ] } },
{ "type": "Feature", "properties": { "lat": 47.651494444967781, "lon": -122.36848128714421, "time_of_day": "Morning", "causation": [ "0", "0", "0", "0", "0", "0", "0", "0", "1", "0", "0", "0", "0", "0", "0", "0", "0", "0", "0", "0", "0", "0", "0", "0" ], "duration": 44.0, "sum": 1 }, "geometry": { "type": "Point", "coordinates": [ -122.368481287144206, 47.651494444967781 ] } },
{ "type": "Feature", "properties": { "lat": 47.651506080492368, "lon": -122.36867682796291, "time_of_day": "Morning", "causation": [ "0", "0", "0", "0", "0", "0", "0", "0", "1", "0", "0", "0", "0", "0", "0", "0", "0", "0", "0", "0", "0", "0", "0", "0" ], "duration": 44.0, "sum": 1 }, "geometry": { "type": "Point", "coordinates": [ -122.368676827962915, 47.651506080492368 ] } },
{ "type": "Feature", "properties": { "lat": 47.651537620430929, "lon": -122.36697475268718, "time_of_day": "Morning", "causation": [ "0", "0", "0", "0", "0", "0", "0", "0", "5", "0", "0", "0", "0", "0", "0", "0", "0", "0", "0", "0", "0", "0", "0", "0" ], "duration": 220.0, "sum": 5 }, "geometry": { "type": "Point", "coordinates": [ -122.366974752687184, 47.651537620430929 ] } },
{ "type": "Feature", "properties": { "lat": 47.65155700153926, "lon": -122.36681628849476, "time_of_day": "Morning", "causation": [ "0", "0", "0", "0", "0", "0", "0", "0", "1", "0", "0", "0", "0", "0", "0", "0", "0", "0", "0", "0", "0", "0", "0", "0" ], "duration": 44.0, "sum": 1 }, "geometry": { "type": "Point", "coordinates": [ -122.366816288494761, 47.65155700153926 ] } },
{ "type": "Feature", "properties": { "lat": 47.651568374113971, "lon": -122.36846494488152, "time_of_day": "Morning", "causation": [ "0", "0", "0", "0", "0", "0", "0", "0", "1", "0", "0", "0", "0", "0", "0", "0", "0", "0", "0", "0", "0", "0", "0", "0" ], "duration": 44.0, "sum": 1 }, "geometry": { "type": "Point", "coordinates": [ -122.368464944881524, 47.651568374113971 ] } },
{ "type": "Feature", "properties": { "lat": 47.651608286984576, "lon": -122.3632080175483, "time_of_day": "Morning", "causation": [ "0", "0", "0", "0", "0", "0", "0", "0", "4", "0", "0", "0", "0", "0", "0", "0", "0", "0", "0", "0", "0", "0", "0", "0" ], "duration": 176.0, "sum": 4 }, "geometry": { "type": "Point", "coordinates": [ -122.363208017548303, 47.651608286984576 ] } },
{ "type": "Feature", "properties": { "lat": 47.651625125519352, "lon": -122.36716398923384, "time_of_day": "Morning", "causation": [ "0", "0", "0", "0", "0", "0", "0", "0", "3", "0", "0", "0", "0", "0", "0", "0", "0", "0", "0", "0", "0", "0", "0", "0" ], "duration": 132.0, "sum": 3 }, "geometry": { "type": "Point", "coordinates": [ -122.367163989233845, 47.651625125519352 ] } },
{ "type": "Feature", "properties": { "lat": 47.651658107588851, "lon": -122.36732003775607, "time_of_day": "Morning", "causation": [ "0", "0", "0", "0", "0", "0", "0", "0", "1", "0", "0", "0", "0", "0", "0", "0", "0", "0", "0", "0", "0", "0", "0", "0" ], "duration": 44.0, "sum": 1 }, "geometry": { "type": "Point", "coordinates": [ -122.367320037756073, 47.651658107588851 ] } },
{ "type": "Feature", "properties": { "lat": 47.651667197132099, "lon": -122.3676005368027, "time_of_day": "Morning", "causation": [ "0", "0", "0", "0", "0", "0", "0", "0", "1", "0", "0", "0", "0", "0", "0", "0", "0", "0", "0", "0", "0", "0", "0", "0" ], "duration": 44.0, "sum": 1 }, "geometry": { "type": "Point", "coordinates": [ -122.367600536802698, 47.651667197132099 ] } },
{ "type": "Feature", "properties": { "lat": 47.651681890903468, "lon": -122.3670633474222, "time_of_day": "Morning", "causation": [ "0", "0", "0", "0", "0", "0", "0", "0", "1", "0", "0", "0", "0", "0", "0", "0", "0", "0", "0", "0", "0", "0", "0", "0" ], "duration": 44.0, "sum": 1 }, "geometry": { "type": "Point", "coordinates": [ -122.367063347422203, 47.651681890903468 ] } },
{ "type": "Feature", "properties": { "lat": 47.65168371288059, "lon": -122.36744911387127, "time_of_day": "Morning", "causation": [ "0", "0", "0", "0", "0", "0", "0", "0", "1", "0", "0", "0", "0", "0", "0", "0", "0", "0", "0", "0", "0", "0", "0", "0" ], "duration": 44.0, "sum": 1 }, "geometry": { "type": "Point", "coordinates": [ -122.367449113871274, 47.65168371288059 ] } },
{ "type": "Feature", "properties": { "lat": 47.651706720874948, "lon": -122.3671842519535, "time_of_day": "Morning", "causation": [ "0", "0", "0", "0", "0", "0", "0", "0", "1", "0", "0", "0", "0", "0", "0", "0", "0", "0", "0", "0", "0", "0", "0", "0" ], "duration": 44.0, "sum": 1 }, "geometry": { "type": "Point", "coordinates": [ -122.367184251953503, 47.651706720874948 ] } },
{ "type": "Feature", "properties": { "lat": 47.651734781805551, "lon": -122.36380128988247, "time_of_day": "Morning", "causation": [ "0", "0", "0", "0", "0", "0", "0", "0", "2", "0", "0", "0", "0", "0", "0", "0", "0", "0", "0", "0", "0", "0", "0", "0" ], "duration": 88.0, "sum": 2 }, "geometry": { "type": "Point", "coordinates": [ -122.363801289882474, 47.651734781805551 ] } },
{ "type": "Feature", "properties": { "lat": 47.651751710242443, "lon": -122.36727949960644, "time_of_day": "Morning", "causation": [ "0", "0", "0", "0", "0", "0", "0", "0", "1", "0", "0", "0", "0", "0", "0", "0", "0", "0", "0", "0", "0", "0", "0", "0" ], "duration": 44.0, "sum": 1 }, "geometry": { "type": "Point", "coordinates": [ -122.36727949960644, 47.651751710242443 ] } },
{ "type": "Feature", "properties": { "lat": 47.65176218720066, "lon": -122.36736276011844, "time_of_day": "Morning", "causation": [ "0", "0", "0", "0", "0", "0", "0", "0", "1", "0", "0", "0", "0", "0", "0", "0", "0", "0", "0", "0", "0", "0", "0", "0" ], "duration": 44.0, "sum": 1 }, "geometry": { "type": "Point", "coordinates": [ -122.367362760118439, 47.65176218720066 ] } },
{ "type": "Feature", "properties": { "lat": 47.651778270332365, "lon": -122.36772156002564, "time_of_day": "Morning", "causation": [ "0", "0", "0", "0", "0", "0", "0", "0", "1", "0", "0", "0", "0", "0", "0", "0", "0", "0", "0", "0", "0", "0", "0", "0" ], "duration": 44.0, "sum": 1 }, "geometry": { "type": "Point", "coordinates": [ -122.367721560025643, 47.651778270332365 ] } },
{ "type": "Feature", "properties": { "lat": 47.651780700286267, "lon": -122.36260212967343, "time_of_day": "Morning", "causation": [ "0", "0", "0", "0", "0", "0", "0", "0", "1", "0", "0", "0", "0", "0", "0", "0", "0", "0", "0", "0", "0", "0", "0", "0" ], "duration": 44.0, "sum": 1 }, "geometry": { "type": "Point", "coordinates": [ -122.362602129673434, 47.651780700286267 ] } },
{ "type": "Feature", "properties": { "lat": 47.651826490348689, "lon": -122.36768189487434, "time_of_day": "Morning", "causation": [ "0", "0", "0", "0", "0", "0", "0", "0", "1", "0", "0", "0", "0", "0", "0", "0", "0", "0", "0", "0", "0", "0", "0", "0" ], "duration": 44.0, "sum": 1 }, "geometry": { "type": "Point", "coordinates": [ -122.367681894874337, 47.651826490348689 ] } },
{ "type": "Feature", "properties": { "lat": 47.651871362322488, "lon": -122.36813988910892, "time_of_day": "Morning", "causation": [ "0", "0", "0", "0", "0", "0", "0", "0", "1", "0", "0", "0", "0", "0", "0", "0", "0", "0", "0", "0", "0", "0", "0", "0" ], "duration": 44.0, "sum": 1 }, "geometry": { "type": "Point", "coordinates": [ -122.368139889108917, 47.651871362322488 ] } },
{ "type": "Feature", "properties": { "lat": 47.651999932283971, "lon": -122.36728373883868, "time_of_day": "Morning", "causation": [ "0", "0", "0", "0", "0", "0", "0", "0", "1", "0", "0", "0", "0", "0", "0", "0", "0", "0", "0", "0", "0", "0", "0", "0" ], "duration": 44.0, "sum": 1 }, "geometry": { "type": "Point", "coordinates": [ -122.36728373883868, 47.651999932283971 ] } },
{ "type": "Feature", "properties": { "lat": 47.652012486623391, "lon": -122.3673409227619, "time_of_day": "Morning", "causation": [ "0", "0", "0", "0", "0", "0", "0", "0", "1", "0", "0", "0", "0", "0", "0", "0", "0", "0", "0", "0", "0", "0", "0", "0" ], "duration": 44.0, "sum": 1 }, "geometry": { "type": "Point", "coordinates": [ -122.367340922761898, 47.652012486623391 ] } },
{ "type": "Feature", "properties": { "lat": 47.652013424275523, "lon": -122.3605296231574, "time_of_day": "Morning", "causation": [ "0", "0", "0", "0", "0", "0", "0", "0", "3", "0", "0", "0", "0", "0", "0", "0", "0", "0", "0", "0", "0", "0", "0", "0" ], "duration": 132.0, "sum": 3 }, "geometry": { "type": "Point", "coordinates": [ -122.360529623157404, 47.652013424275523 ] } },
{ "type": "Feature", "properties": { "lat": 47.652023527703413, "lon": -122.36739907659124, "time_of_day": "Morning", "causation": [ "0", "0", "0", "0", "0", "0", "0", "0", "1", "0", "0", "0", "0", "0", "0", "0", "0", "0", "0", "0", "0", "0", "0", "0" ], "duration": 44.0, "sum": 1 }, "geometry": { "type": "Point", "coordinates": [ -122.367399076591241, 47.652023527703413 ] } },
{ "type": "Feature", "properties": { "lat": 47.652037560239123, "lon": -122.36745782597852, "time_of_day": "Morning", "causation": [ "0", "0", "0", "0", "0", "0", "0", "0", "1", "0", "0", "0", "0", "0", "0", "0", "0", "0", "0", "0", "0", "0", "0", "0" ], "duration": 44.0, "sum": 1 }, "geometry": { "type": "Point", "coordinates": [ -122.367457825978519, 47.652037560239123 ] } },
{ "type": "Feature", "properties": { "lat": 47.652046720360673, "lon": -122.36831874072249, "time_of_day": "Morning", "causation": [ "0", "0", "0", "0", "0", "0", "0", "0", "2", "0", "0", "0", "0", "0", "0", "0", "0", "0", "0", "0", "0", "0", "0", "0" ], "duration": 88.0, "sum": 2 }, "geometry": { "type": "Point", "coordinates": [ -122.368318740722486, 47.652046720360673 ] } },
{ "type": "Feature", "properties": { "lat": 47.652049594007437, "lon": -122.36751550189074, "time_of_day": "Morning", "causation": [ "0", "0", "0", "0", "0", "0", "0", "0", "1", "0", "0", "0", "0", "0", "0", "0", "0", "0", "0", "0", "0", "0", "0", "0" ], "duration": 44.0, "sum": 1 }, "geometry": { "type": "Point", "coordinates": [ -122.367515501890736, 47.652049594007437 ] } },
{ "type": "Feature", "properties": { "lat": 47.652065460316258, "lon": -122.36758445073728, "time_of_day": "Morning", "causation": [ "0", "0", "0", "0", "0", "0", "0", "0", "1", "0", "0", "0", "0", "0", "0", "0", "0", "0", "0", "0", "0", "0", "0", "0" ], "duration": 44.0, "sum": 1 }, "geometry": { "type": "Point", "coordinates": [ -122.367584450737283, 47.652065460316258 ] } },
{ "type": "Feature", "properties": { "lat": 47.652075337022467, "lon": -122.36552792812935, "time_of_day": "Morning", "causation": [ "0", "0", "0", "0", "0", "0", "0", "0", "1", "0", "0", "0", "0", "0", "0", "0", "0", "0", "0", "0", "0", "0", "0", "0" ], "duration": 44.0, "sum": 1 }, "geometry": { "type": "Point", "coordinates": [ -122.365527928129353, 47.652075337022467 ] } },
{ "type": "Feature", "properties": { "lat": 47.652122520322592, "lon": -122.36565645126248, "time_of_day": "Morning", "causation": [ "0", "0", "0", "0", "0", "0", "0", "0", "2", "0", "0", "0", "0", "0", "0", "0", "0", "0", "0", "0", "0", "0", "0", "0" ], "duration": 88.0, "sum": 2 }, "geometry": { "type": "Point", "coordinates": [ -122.365656451262481, 47.652122520322592 ] } },
{ "type": "Feature", "properties": { "lat": 47.652157903588062, "lon": -122.3658268150332, "time_of_day": "Morning", "causation": [ "0", "0", "0", "0", "0", "0", "0", "0", "2", "0", "0", "0", "0", "0", "0", "0", "0", "0", "0", "0", "0", "0", "0", "0" ], "duration": 88.0, "sum": 2 }, "geometry": { "type": "Point", "coordinates": [ -122.365826815033202, 47.652157903588062 ] } },
{ "type": "Feature", "properties": { "lat": 47.652169103169307, "lon": -122.36849238516068, "time_of_day": "Morning", "causation": [ "0", "0", "0", "0", "0", "0", "0", "0", "3", "0", "0", "0", "0", "0", "0", "0", "0", "0", "0", "0", "0", "0", "0", "0" ], "duration": 132.0, "sum": 3 }, "geometry": { "type": "Point", "coordinates": [ -122.368492385160678, 47.652169103169307 ] } },
{ "type": "Feature", "properties": { "lat": 47.652189851279886, "lon": -122.36870277440224, "time_of_day": "Morning", "causation": [ "0", "0", "0", "0", "0", "0", "0", "0", "1", "0", "0", "0", "0", "0", "0", "0", "0", "0", "0", "0", "0", "0", "0", "0" ], "duration": 44.0, "sum": 1 }, "geometry": { "type": "Point", "coordinates": [ -122.368702774402237, 47.652189851279886 ] } },
{ "type": "Feature", "properties": { "lat": 47.652204516294205, "lon": -122.36596566192792, "time_of_day": "Morning", "causation": [ "0", "0", "0", "0", "0", "0", "0", "0", "5", "0", "0", "0", "0", "0", "0", "0", "0", "0", "0", "0", "0", "0", "0", "0" ], "duration": 220.0, "sum": 5 }, "geometry": { "type": "Point", "coordinates": [ -122.365965661927916, 47.652204516294205 ] } },
{ "type": "Feature", "properties": { "lat": 47.652218714714841, "lon": -122.36790872912836, "time_of_day": "Morning", "causation": [ "0", "0", "0", "0", "0", "0", "0", "0", "5", "0", "0", "0", "0", "0", "0", "0", "0", "0", "0", "0", "0", "0", "0", "0" ], "duration": 220.0, "sum": 5 }, "geometry": { "type": "Point", "coordinates": [ -122.367908729128359, 47.652218714714841 ] } },
{ "type": "Feature", "properties": { "lat": 47.652240398320068, "lon": -122.36148360156731, "time_of_day": "Morning", "causation": [ "0", "0", "0", "0", "0", "0", "0", "0", "1", "0", "0", "0", "0", "0", "0", "0", "0", "0", "0", "0", "0", "0", "0", "0" ], "duration": 44.0, "sum": 1 }, "geometry": { "type": "Point", "coordinates": [ -122.361483601567315, 47.652240398320068 ] } },
{ "type": "Feature", "properties": { "lat": 47.652247529672572, "lon": -122.3661466358836, "time_of_day": "Morning", "causation": [ "0", "0", "0", "0", "0", "0", "0", "0", "5", "0", "0", "0", "0", "0", "0", "0", "0", "0", "0", "0", "0", "0", "0", "0" ], "duration": 220.0, "sum": 5 }, "geometry": { "type": "Point", "coordinates": [ -122.366146635883595, 47.652247529672572 ] } },
{ "type": "Feature", "properties": { "lat": 47.652254376521782, "lon": -122.36881098665089, "time_of_day": "Morning", "causation": [ "0", "0", "0", "0", "0", "0", "0", "0", "1", "0", "0", "0", "0", "0", "0", "0", "0", "0", "0", "0", "0", "0", "0", "0" ], "duration": 44.0, "sum": 1 }, "geometry": { "type": "Point", "coordinates": [ -122.368810986650885, 47.652254376521782 ] } },
{ "type": "Feature", "properties": { "lat": 47.652255460984186, "lon": -122.36874060201475, "time_of_day": "Morning", "causation": [ "0", "0", "0", "0", "0", "0", "0", "0", "1", "0", "0", "0", "0", "0", "0", "0", "0", "0", "0", "0", "0", "0", "0", "0" ], "duration": 44.0, "sum": 1 }, "geometry": { "type": "Point", "coordinates": [ -122.368740602014753, 47.652255460984186 ] } },
{ "type": "Feature", "properties": { "lat": 47.652257728305621, "lon": -122.36662766230459, "time_of_day": "Morning", "causation": [ "0", "0", "0", "0", "0", "0", "0", "0", "1", "0", "0", "0", "0", "0", "0", "0", "0", "0", "0", "0", "0", "0", "0", "0" ], "duration": 44.0, "sum": 1 }, "geometry": { "type": "Point", "coordinates": [ -122.366627662304595, 47.652257728305621 ] } },
{ "type": "Feature", "properties": { "lat": 47.652272019770002, "lon": -122.3648361241862, "time_of_day": "Morning", "causation": [ "0", "0", "0", "0", "0", "0", "0", "0", "6", "0", "0", "0", "0", "0", "0", "0", "0", "0", "0", "0", "0", "0", "0", "0" ], "duration": 264.0, "sum": 6 }, "geometry": { "type": "Point", "coordinates": [ -122.364836124186198, 47.652272019770002 ] } },
{ "type": "Feature", "properties": { "lat": 47.652279965697431, "lon": -122.36639205383412, "time_of_day": "Morning", "causation": [ "0", "0", "0", "0", "0", "0", "0", "0", "4", "0", "0", "0", "0", "0", "0", "0", "0", "0", "0", "0", "0", "0", "0", "0" ], "duration": 176.0, "sum": 4 }, "geometry": { "type": "Point", "coordinates": [ -122.366392053834119, 47.652279965697431 ] } },
{ "type": "Feature", "properties": { "lat": 47.652295663075108, "lon": -122.36887912863504, "time_of_day": "Morning", "causation": [ "0", "0", "0", "0", "0", "0", "0", "0", "1", "0", "0", "0", "0", "0", "0", "0", "0", "0", "0", "0", "0", "0", "0", "0" ], "duration": 44.0, "sum": 1 }, "geometry": { "type": "Point", "coordinates": [ -122.368879128635044, 47.652295663075108 ] } },
{ "type": "Feature", "properties": { "lat": 47.652316590852962, "lon": -122.36808193381376, "time_of_day": "Morning", "causation": [ "0", "0", "0", "0", "0", "0", "0", "0", "2", "0", "0", "0", "0", "0", "0", "0", "0", "0", "0", "0", "0", "0", "0", "0" ], "duration": 88.0, "sum": 2 }, "geometry": { "type": "Point", "coordinates": [ -122.368081933813755, 47.652316590852962 ] } },
{ "type": "Feature", "properties": { "lat": 47.652368943545937, "lon": -122.36899365872721, "time_of_day": "Morning", "causation": [ "0", "0", "0", "0", "0", "0", "0", "0", "1", "0", "0", "0", "0", "0", "0", "0", "0", "0", "0", "0", "0", "0", "0", "0" ], "duration": 44.0, "sum": 1 }, "geometry": { "type": "Point", "coordinates": [ -122.368993658727206, 47.652368943545937 ] } },
{ "type": "Feature", "properties": { "lat": 47.652386455636091, "lon": -122.3667368606192, "time_of_day": "Morning", "causation": [ "0", "0", "0", "0", "0", "0", "0", "0", "5", "0", "0", "0", "0", "0", "0", "0", "0", "0", "0", "0", "0", "0", "0", "0" ], "duration": 220.0, "sum": 5 }, "geometry": { "type": "Point", "coordinates": [ -122.366736860619199, 47.652386455636091 ] } },
{ "type": "Feature", "properties": { "lat": 47.652410529658212, "lon": -122.36689452324499, "time_of_day": "Morning", "causation": [ "0", "0", "0", "0", "0", "0", "0", "0", "1", "0", "0", "0", "0", "0", "0", "0", "0", "0", "0", "0", "0", "0", "0", "0" ], "duration": 44.0, "sum": 1 }, "geometry": { "type": "Point", "coordinates": [ -122.366894523244994, 47.652410529658212 ] } },
{ "type": "Feature", "properties": { "lat": 47.65242023439481, "lon": -122.36717159091666, "time_of_day": "Morning", "causation": [ "0", "0", "0", "0", "0", "0", "0", "0", "1", "0", "0", "0", "0", "0", "0", "0", "0", "0", "0", "0", "0", "0", "0", "0" ], "duration": 44.0, "sum": 1 }, "geometry": { "type": "Point", "coordinates": [ -122.367171590916655, 47.65242023439481 ] } },
{ "type": "Feature", "properties": { "lat": 47.652442077795683, "lon": -122.3681144630666, "time_of_day": "Morning", "causation": [ "0", "0", "0", "0", "0", "0", "0", "0", "1", "0", "0", "0", "0", "0", "0", "0", "0", "0", "0", "0", "0", "0", "0", "0" ], "duration": 44.0, "sum": 1 }, "geometry": { "type": "Point", "coordinates": [ -122.368114463066604, 47.652442077795683 ] } },
{ "type": "Feature", "properties": { "lat": 47.652467126140095, "lon": -122.36598525302109, "time_of_day": "Morning", "causation": [ "0", "0", "0", "0", "0", "0", "0", "0", "2", "0", "0", "0", "0", "0", "0", "0", "0", "0", "0", "0", "0", "0", "0", "0" ], "duration": 88.0, "sum": 2 }, "geometry": { "type": "Point", "coordinates": [ -122.365985253021094, 47.652467126140095 ] } },
{ "type": "Feature", "properties": { "lat": 47.652536630751968, "lon": -122.36585443409494, "time_of_day": "Morning", "causation": [ "0", "0", "0", "0", "0", "0", "0", "0", "2", "0", "0", "0", "0", "0", "0", "0", "0", "0", "0", "0", "0", "0", "0", "0" ], "duration": 88.0, "sum": 2 }, "geometry": { "type": "Point", "coordinates": [ -122.365854434094942, 47.652536630751968 ] } },
{ "type": "Feature", "properties": { "lat": 47.65261775976623, "lon": -122.367566416879, "time_of_day": "Morning", "causation": [ "0", "0", "0", "0", "0", "0", "0", "0", "5", "0", "0", "0", "0", "0", "0", "0", "0", "0", "0", "0", "0", "0", "0", "0" ], "duration": 220.0, "sum": 5 }, "geometry": { "type": "Point", "coordinates": [ -122.367566416879001, 47.65261775976623 ] } },
{ "type": "Feature", "properties": { "lat": 47.652643942305126, "lon": -122.36865320565082, "time_of_day": "Morning", "causation": [ "0", "0", "0", "0", "0", "0", "0", "0", "7", "0", "0", "0", "0", "0", "0", "0", "0", "0", "0", "0", "0", "0", "0", "0" ], "duration": 308.0, "sum": 7 }, "geometry": { "type": "Point", "coordinates": [ -122.368653205650816, 47.652643942305126 ] } },
{ "type": "Feature", "properties": { "lat": 47.652715253643215, "lon": -122.3638656648839, "time_of_day": "Morning", "causation": [ "0", "0", "0", "0", "0", "0", "0", "0", "1", "0", "0", "0", "0", "0", "0", "0", "0", "0", "0", "0", "0", "0", "0", "0" ], "duration": 44.0, "sum": 1 }, "geometry": { "type": "Point", "coordinates": [ -122.363865664883903, 47.652715253643215 ] } },
{ "type": "Feature", "properties": { "lat": 47.652751845002975, "lon": -122.36771523803706, "time_of_day": "Morning", "causation": [ "0", "0", "0", "0", "0", "0", "0", "0", "2", "0", "0", "0", "0", "0", "0", "0", "0", "0", "0", "0", "0", "0", "0", "0" ], "duration": 88.0, "sum": 2 }, "geometry": { "type": "Point", "coordinates": [ -122.367715238037064, 47.652751845002975 ] } },
{ "type": "Feature", "properties": { "lat": 47.652778539552742, "lon": -122.36404526337004, "time_of_day": "Morning", "causation": [ "0", "0", "0", "0", "0", "0", "0", "0", "1", "0", "0", "0", "0", "0", "0", "0", "0", "0", "0", "0", "0", "0", "0", "0" ], "duration": 44.0, "sum": 1 }, "geometry": { "type": "Point", "coordinates": [ -122.364045263370045, 47.652778539552742 ] } },
{ "type": "Feature", "properties": { "lat": 47.652804150470338, "lon": -122.3625017023994, "time_of_day": "Morning", "causation": [ "0", "0", "0", "0", "0", "0", "0", "0", "6", "0", "0", "0", "0", "0", "0", "0", "0", "0", "0", "0", "0", "0", "0", "0" ], "duration": 264.0, "sum": 6 }, "geometry": { "type": "Point", "coordinates": [ -122.362501702399399, 47.652804150470338 ] } },
{ "type": "Feature", "properties": { "lat": 47.652829584061571, "lon": -122.36372060708813, "time_of_day": "Morning", "causation": [ "0", "0", "0", "0", "0", "0", "0", "0", "2", "0", "0", "0", "0", "0", "0", "0", "0", "0", "0", "0", "0", "0", "0", "0" ], "duration": 88.0, "sum": 2 }, "geometry": { "type": "Point", "coordinates": [ -122.363720607088126, 47.652829584061571 ] } },
{ "type": "Feature", "properties": { "lat": 47.652851512221083, "lon": -122.36788761230808, "time_of_day": "Morning", "causation": [ "0", "0", "0", "0", "0", "0", "0", "0", "2", "0", "0", "0", "0", "0", "0", "0", "0", "0", "0", "0", "0", "0", "0", "0" ], "duration": 88.0, "sum": 2 }, "geometry": { "type": "Point", "coordinates": [ -122.367887612308081, 47.652851512221083 ] } },
{ "type": "Feature", "properties": { "lat": 47.652943622418888, "lon": -122.36810350732156, "time_of_day": "Morning", "causation": [ "0", "0", "0", "0", "0", "0", "0", "0", "2", "0", "0", "0", "0", "0", "0", "0", "0", "0", "0", "0", "0", "0", "0", "0" ], "duration": 88.0, "sum": 2 }, "geometry": { "type": "Point", "coordinates": [ -122.368103507321564, 47.652943622418888 ] } },
{ "type": "Feature", "properties": { "lat": 47.652987750489103, "lon": -122.39925955322065, "time_of_day": "Morning", "causation": [ "0", "0", "0", "0", "0", "0", "0", "0", "0", "0", "0", "0", "0", "0", "0", "0", "0", "1", "0", "0", "0", "0", "0", "0" ], "duration": 492.0, "sum": 1 }, "geometry": { "type": "Point", "coordinates": [ -122.399259553220645, 47.652987750489103 ] } },
{ "type": "Feature", "properties": { "lat": 47.653009469045912, "lon": -122.36503226390944, "time_of_day": "Morning", "causation": [ "0", "0", "0", "0", "0", "0", "0", "0", "5", "0", "0", "0", "0", "0", "0", "0", "0", "0", "0", "0", "0", "0", "0", "0" ], "duration": 220.0, "sum": 5 }, "geometry": { "type": "Point", "coordinates": [ -122.365032263909441, 47.653009469045912 ] } },
{ "type": "Feature", "properties": { "lat": 47.653053644605002, "lon": -122.36405017727461, "time_of_day": "Morning", "causation": [ "0", "0", "0", "0", "0", "0", "0", "0", "2", "0", "0", "0", "0", "0", "0", "0", "0", "0", "0", "0", "0", "0", "0", "0" ], "duration": 88.0, "sum": 2 }, "geometry": { "type": "Point", "coordinates": [ -122.364050177274606, 47.653053644605002 ] } },
{ "type": "Feature", "properties": { "lat": 47.653062509335811, "lon": -122.36830588854124, "time_of_day": "Morning", "causation": [ "0", "0", "0", "0", "0", "0", "0", "0", "3", "0", "0", "0", "0", "0", "0", "0", "0", "0", "0", "0", "0", "0", "0", "0" ], "duration": 132.0, "sum": 3 }, "geometry": { "type": "Point", "coordinates": [ -122.368305888541244, 47.653062509335811 ] } },
{ "type": "Feature", "properties": { "lat": 47.653179978626817, "lon": -122.36850883350978, "time_of_day": "Morning", "causation": [ "0", "0", "0", "0", "0", "0", "0", "0", "5", "0", "0", "0", "0", "0", "0", "0", "0", "0", "0", "0", "0", "0", "0", "0" ], "duration": 220.0, "sum": 5 }, "geometry": { "type": "Point", "coordinates": [ -122.368508833509779, 47.653179978626817 ] } },
{ "type": "Feature", "properties": { "lat": 47.653291923633837, "lon": -122.36785238771536, "time_of_day": "Morning", "causation": [ "0", "0", "0", "0", "0", "0", "0", "0", "1", "0", "0", "0", "0", "0", "0", "0", "0", "0", "0", "0", "0", "0", "0", "0" ], "duration": 44.0, "sum": 1 }, "geometry": { "type": "Point", "coordinates": [ -122.367852387715359, 47.653291923633837 ] } },
{ "type": "Feature", "properties": { "lat": 47.653351363653456, "lon": -122.36872688548657, "time_of_day": "Morning", "causation": [ "0", "0", "0", "0", "0", "0", "0", "0", "13", "0", "0", "0", "0", "0", "0", "0", "0", "0", "0", "0", "0", "0", "0", "0" ], "duration": 572.0, "sum": 13 }, "geometry": { "type": "Point", "coordinates": [ -122.368726885486566, 47.653351363653456 ] } },
{ "type": "Feature", "properties": { "lat": 47.653440356299178, "lon": -122.36895198941546, "time_of_day": "Morning", "causation": [ "0", "0", "0", "0", "0", "0", "0", "0", "2", "0", "0", "0", "0", "0", "0", "0", "0", "0", "0", "0", "0", "0", "0", "0" ], "duration": 88.0, "sum": 2 }, "geometry": { "type": "Point", "coordinates": [ -122.368951989415464, 47.653440356299178 ] } },
{ "type": "Feature", "properties": { "lat": 47.653535219996861, "lon": -122.36911585437196, "time_of_day": "Morning", "causation": [ "0", "0", "0", "0", "0", "0", "0", "0", "4", "0", "0", "0", "0", "0", "0", "0", "0", "0", "0", "0", "0", "0", "0", "0" ], "duration": 176.0, "sum": 4 }, "geometry": { "type": "Point", "coordinates": [ -122.369115854371955, 47.653535219996861 ] } },
{ "type": "Feature", "properties": { "lat": 47.653637994884399, "lon": -122.36928739646061, "time_of_day": "Morning", "causation": [ "0", "0", "0", "0", "0", "0", "0", "0", "3", "0", "0", "0", "0", "0", "0", "0", "0", "0", "0", "0", "0", "0", "0", "0" ], "duration": 132.0, "sum": 3 }, "geometry": { "type": "Point", "coordinates": [ -122.369287396460606, 47.653637994884399 ] } },
{ "type": "Feature", "properties": { "lat": 47.653739169918708, "lon": -122.3694574066472, "time_of_day": "Morning", "causation": [ "0", "0", "0", "0", "0", "0", "0", "0", "4", "0", "0", "0", "0", "0", "0", "0", "0", "0", "0", "0", "0", "0", "0", "0" ], "duration": 176.0, "sum": 4 }, "geometry": { "type": "Point", "coordinates": [ -122.3694574066472, 47.653739169918708 ] } },
{ "type": "Feature", "properties": { "lat": 47.653755047358374, "lon": -122.37513490120102, "time_of_day": "Morning", "causation": [ "0", "0", "0", "0", "0", "0", "0", "0", "11", "0", "0", "0", "0", "0", "0", "0", "0", "0", "0", "0", "0", "0", "0", "0" ], "duration": 484.0, "sum": 11 }, "geometry": { "type": "Point", "coordinates": [ -122.375134901201022, 47.653755047358374 ] } },
{ "type": "Feature", "properties": { "lat": 47.653785037258963, "lon": -122.38861380062656, "time_of_day": "Late Night", "causation": [ "0", "0", "0", "0", "0", "0", "0", "0", "10", "0", "0", "0", "0", "0", "0", "0", "0", "0", "0", "0", "0", "0", "0", "0" ], "duration": 12200.0, "sum": 10 }, "geometry": { "type": "Point", "coordinates": [ -122.388613800626558, 47.653785037258963 ] } },
{ "type": "Feature", "properties": { "lat": 47.65383516149371, "lon": -122.36962113231228, "time_of_day": "Morning", "causation": [ "0", "0", "0", "0", "0", "0", "0", "0", "4", "0", "0", "0", "0", "0", "0", "0", "0", "0", "0", "0", "0", "0", "0", "0" ], "duration": 176.0, "sum": 4 }, "geometry": { "type": "Point", "coordinates": [ -122.369621132312275, 47.65383516149371 ] } },
{ "type": "Feature", "properties": { "lat": 47.653973967855499, "lon": -122.38807396630504, "time_of_day": "Late Night", "causation": [ "0", "0", "0", "0", "0", "0", "0", "0", "26", "0", "0", "0", "0", "0", "0", "0", "0", "0", "0", "0", "0", "0", "0", "0" ], "duration": 31720.0, "sum": 26 }, "geometry": { "type": "Point", "coordinates": [ -122.388073966305043, 47.653973967855499 ] } },
{ "type": "Feature", "properties": { "lat": 47.653976617156857, "lon": -122.38886666506062, "time_of_day": "Late Night", "causation": [ "0", "0", "0", "0", "0", "0", "0", "0", "21", "0", "0", "0", "0", "0", "0", "0", "0", "0", "0", "0", "0", "0", "0", "0" ], "duration": 25620.0, "sum": 21 }, "geometry": { "type": "Point", "coordinates": [ -122.388866665060618, 47.653976617156857 ] } },
{ "type": "Feature", "properties": { "lat": 47.654020648452821, "lon": -122.36688406511874, "time_of_day": "Morning", "causation": [ "0", "0", "0", "0", "0", "0", "0", "0", "2", "0", "0", "0", "0", "0", "0", "0", "0", "0", "0", "0", "0", "0", "0", "0" ], "duration": 88.0, "sum": 2 }, "geometry": { "type": "Point", "coordinates": [ -122.366884065118739, 47.654020648452821 ] } },
{ "type": "Feature", "properties": { "lat": 47.654076252068023, "lon": -122.36996216301198, "time_of_day": "Morning", "causation": [ "0", "0", "0", "0", "0", "0", "0", "0", "2", "0", "0", "0", "0", "0", "0", "0", "0", "0", "0", "0", "0", "0", "0", "0" ], "duration": 88.0, "sum": 2 }, "geometry": { "type": "Point", "coordinates": [ -122.369962163011976, 47.654076252068023 ] } },
{ "type": "Feature", "properties": { "lat": 47.654160854445323, "lon": -122.37018310855652, "time_of_day": "Morning", "causation": [ "0", "0", "0", "0", "0", "0", "0", "0", "5", "0", "0", "0", "0", "0", "0", "0", "0", "0", "0", "0", "0", "0", "0", "0" ], "duration": 220.0, "sum": 5 }, "geometry": { "type": "Point", "coordinates": [ -122.370183108556517, 47.654160854445323 ] } },
{ "type": "Feature", "properties": { "lat": 47.654234661058005, "lon": -122.37452202938483, "time_of_day": "Morning", "causation": [ "0", "0", "0", "0", "0", "0", "0", "0", "16", "0", "0", "0", "0", "0", "0", "0", "0", "0", "0", "0", "0", "0", "0", "0" ], "duration": 704.0, "sum": 16 }, "geometry": { "type": "Point", "coordinates": [ -122.374522029384835, 47.654234661058005 ] } },
{ "type": "Feature", "properties": { "lat": 47.65428106304438, "lon": -122.37035755248991, "time_of_day": "Morning", "causation": [ "0", "0", "0", "0", "0", "0", "0", "0", "5", "0", "0", "0", "0", "0", "0", "0", "0", "0", "0", "0", "0", "0", "0", "0" ], "duration": 220.0, "sum": 5 }, "geometry": { "type": "Point", "coordinates": [ -122.370357552489907, 47.65428106304438 ] } },
{ "type": "Feature", "properties": { "lat": 47.654297257135127, "lon": -122.37526468215805, "time_of_day": "Morning", "causation": [ "0", "0", "0", "0", "0", "0", "0", "0", "57", "0", "0", "0", "0", "0", "0", "0", "0", "0", "0", "0", "0", "0", "0", "0" ], "duration": 2508.0, "sum": 57 }, "geometry": { "type": "Point", "coordinates": [ -122.375264682158047, 47.654297257135127 ] } },
{ "type": "Feature", "properties": { "lat": 47.654389856333609, "lon": -122.38829991548184, "time_of_day": "Late Night", "causation": [ "0", "0", "0", "0", "0", "0", "0", "0", "7", "0", "0", "0", "0", "0", "0", "0", "0", "0", "0", "0", "0", "0", "0", "0" ], "duration": 8540.0, "sum": 7 }, "geometry": { "type": "Point", "coordinates": [ -122.388299915481838, 47.654389856333609 ] } },
{ "type": "Feature", "properties": { "lat": 47.654473803395149, "lon": -122.3706629158746, "time_of_day": "Morning", "causation": [ "0", "0", "0", "0", "0", "0", "0", "0", "13", "0", "0", "0", "0", "0", "0", "0", "0", "0", "0", "0", "0", "0", "0", "0" ], "duration": 572.0, "sum": 13 }, "geometry": { "type": "Point", "coordinates": [ -122.370662915874604, 47.654473803395149 ] } },
{ "type": "Feature", "properties": { "lat": 47.654552590909589, "lon": -122.3746043252624, "time_of_day": "Morning", "causation": [ "0", "0", "0", "0", "0", "0", "0", "0", "24", "0", "0", "0", "0", "0", "0", "0", "0", "0", "0", "0", "0", "0", "0", "0" ], "duration": 1056.0, "sum": 24 }, "geometry": { "type": "Point", "coordinates": [ -122.374604325262396, 47.654552590909589 ] } },
{ "type": "Feature", "properties": { "lat": 47.654582151989672, "lon": -122.37012614904251, "time_of_day": "Morning", "causation": [ "0", "0", "0", "0", "0", "0", "0", "0", "1", "0", "0", "0", "0", "0", "0", "0", "0", "0", "0", "0", "0", "0", "0", "0" ], "duration": 44.0, "sum": 1 }, "geometry": { "type": "Point", "coordinates": [ -122.370126149042505, 47.654582151989672 ] } },
{ "type": "Feature", "properties": { "lat": 47.654618081880827, "lon": -122.37006996858028, "time_of_day": "Morning", "causation": [ "0", "0", "0", "0", "0", "0", "0", "0", "1", "0", "0", "0", "0", "0", "0", "0", "0", "0", "0", "0", "0", "0", "0", "0" ], "duration": 44.0, "sum": 1 }, "geometry": { "type": "Point", "coordinates": [ -122.370069968580282, 47.654618081880827 ] } },
{ "type": "Feature", "properties": { "lat": 47.654618698168257, "lon": -122.37527626507617, "time_of_day": "Morning", "causation": [ "0", "0", "0", "0", "0", "0", "0", "0", "31", "0", "0", "0", "0", "0", "0", "0", "0", "0", "0", "0", "0", "0", "0", "0" ], "duration": 1364.0, "sum": 31 }, "geometry": { "type": "Point", "coordinates": [ -122.375276265076167, 47.654618698168257 ] } },
{ "type": "Feature", "properties": { "lat": 47.654642353489983, "lon": -122.38910732106996, "time_of_day": "Late Night", "causation": [ "0", "0", "0", "0", "0", "0", "0", "0", "2", "0", "0", "0", "0", "0", "0", "0", "0", "0", "0", "0", "0", "0", "0", "0" ], "duration": 2440.0, "sum": 2 }, "geometry": { "type": "Point", "coordinates": [ -122.389107321069957, 47.654642353489983 ] } },
{ "type": "Feature", "properties": { "lat": 47.65474329582765, "lon": -122.3710073281122, "time_of_day": "Morning", "causation": [ "0", "0", "0", "0", "0", "0", "0", "0", "1", "0", "0", "0", "0", "0", "0", "0", "0", "0", "0", "0", "0", "0", "0", "0" ], "duration": 44.0, "sum": 1 }, "geometry": { "type": "Point", "coordinates": [ -122.371007328112199, 47.65474329582765 ] } },
{ "type": "Feature", "properties": { "lat": 47.654781808291816, "lon": -122.38901158989026, "time_of_day": "Late Night", "causation": [ "0", "0", "0", "0", "0", "0", "0", "0", "1", "0", "0", "0", "0", "0", "0", "0", "0", "0", "0", "0", "0", "0", "0", "0" ], "duration": 1220.0, "sum": 1 }, "geometry": { "type": "Point", "coordinates": [ -122.389011589890259, 47.654781808291816 ] } },
{ "type": "Feature", "properties": { "lat": 47.654805552223628, "lon": -122.3882801700566, "time_of_day": "Late Night", "causation": [ "0", "0", "0", "0", "0", "0", "0", "0", "9", "0", "0", "0", "0", "0", "0", "0", "0", "0", "0", "0", "0", "0", "0", "0" ], "duration": 10980.0, "sum": 9 }, "geometry": { "type": "Point", "coordinates": [ -122.388280170056603, 47.654805552223628 ] } },
{ "type": "Feature", "properties": { "lat": 47.654878552704538, "lon": -122.37463902867503, "time_of_day": "Morning", "causation": [ "0", "0", "0", "0", "0", "0", "0", "0", "41", "0", "0", "0", "0", "0", "0", "0", "0", "0", "0", "0", "0", "0", "0", "0" ], "duration": 1804.0, "sum": 41 }, "geometry": { "type": "Point", "coordinates": [ -122.374639028675034, 47.654878552704538 ] } },
{ "type": "Feature", "properties": { "lat": 47.654908463883885, "lon": -122.38908885640096, "time_of_day": "Late Night", "causation": [ "0", "0", "0", "0", "0", "0", "0", "0", "1", "0", "0", "0", "0", "0", "0", "0", "0", "0", "0", "0", "0", "0", "0", "0" ], "duration": 1220.0, "sum": 1 }, "geometry": { "type": "Point", "coordinates": [ -122.38908885640096, 47.654908463883885 ] } },
{ "type": "Feature", "properties": { "lat": 47.655111111835467, "lon": -122.37038073688628, "time_of_day": "Morning", "causation": [ "0", "0", "0", "0", "0", "0", "0", "0", "1", "0", "0", "0", "0", "0", "0", "0", "0", "0", "0", "0", "0", "0", "0", "0" ], "duration": 44.0, "sum": 1 }, "geometry": { "type": "Point", "coordinates": [ -122.370380736886275, 47.655111111835467 ] } },
{ "type": "Feature", "properties": { "lat": 47.655118616669597, "lon": -122.38836326204718, "time_of_day": "Late Night", "causation": [ "0", "0", "0", "0", "0", "0", "0", "0", "3", "0", "0", "0", "0", "0", "0", "0", "0", "0", "0", "0", "0", "0", "0", "0" ], "duration": 3660.0, "sum": 3 }, "geometry": { "type": "Point", "coordinates": [ -122.388363262047179, 47.655118616669597 ] } },
{ "type": "Feature", "properties": { "lat": 47.655302003319143, "lon": -122.3733744005598, "time_of_day": "Morning", "causation": [ "0", "0", "0", "0", "0", "0", "0", "0", "13", "0", "0", "0", "0", "0", "0", "0", "0", "0", "0", "0", "0", "0", "0", "0" ], "duration": 572.0, "sum": 13 }, "geometry": { "type": "Point", "coordinates": [ -122.373374400559797, 47.655302003319143 ] } },
{ "type": "Feature", "properties": { "lat": 47.655315205783999, "lon": -122.37205627513052, "time_of_day": "Morning", "causation": [ "0", "0", "0", "0", "0", "0", "0", "0", "2", "0", "0", "0", "0", "0", "0", "0", "0", "0", "0", "0", "0", "0", "0", "0" ], "duration": 88.0, "sum": 2 }, "geometry": { "type": "Point", "coordinates": [ -122.372056275130518, 47.655315205783999 ] } },
{ "type": "Feature", "properties": { "lat": 47.655327994449522, "lon": -122.37134518442986, "time_of_day": "Morning", "causation": [ "0", "0", "0", "0", "0", "0", "0", "0", "1", "0", "0", "0", "0", "0", "0", "0", "0", "0", "0", "0", "0", "0", "0", "0" ], "duration": 44.0, "sum": 1 }, "geometry": { "type": "Point", "coordinates": [ -122.371345184429856, 47.655327994449522 ] } },
{ "type": "Feature", "properties": { "lat": 47.655399483454723, "lon": -122.38906507653816, "time_of_day": "Late Night", "causation": [ "0", "0", "0", "0", "0", "0", "0", "0", "9", "0", "0", "0", "0", "0", "0", "0", "0", "0", "0", "0", "0", "0", "0", "0" ], "duration": 10980.0, "sum": 9 }, "geometry": { "type": "Point", "coordinates": [ -122.389065076538159, 47.655399483454723 ] } },
{ "type": "Feature", "properties": { "lat": 47.655481238085457, "lon": -122.38835508264027, "time_of_day": "Late Night", "causation": [ "0", "0", "0", "0", "0", "0", "0", "0", "2", "0", "0", "0", "0", "0", "0", "0", "0", "0", "0", "0", "0", "0", "0", "0" ], "duration": 2440.0, "sum": 2 }, "geometry": { "type": "Point", "coordinates": [ -122.388355082640274, 47.655481238085457 ] } },
{ "type": "Feature", "properties": { "lat": 47.65564018078615, "lon": -122.37195966499353, "time_of_day": "Morning", "causation": [ "0", "0", "0", "0", "0", "0", "0", "0", "4", "0", "0", "0", "0", "0", "0", "0", "0", "0", "0", "0", "0", "0", "0", "0" ], "duration": 176.0, "sum": 4 }, "geometry": { "type": "Point", "coordinates": [ -122.371959664993526, 47.65564018078615 ] } },
{ "type": "Feature", "properties": { "lat": 47.655672177863146, "lon": -122.37479917535136, "time_of_day": "Morning", "causation": [ "0", "0", "0", "0", "0", "0", "0", "0", "2", "0", "0", "0", "0", "0", "0", "0", "0", "0", "0", "0", "0", "0", "0", "0" ], "duration": 88.0, "sum": 2 }, "geometry": { "type": "Point", "coordinates": [ -122.374799175351356, 47.655672177863146 ] } },
{ "type": "Feature", "properties": { "lat": 47.655685976454677, "lon": -122.37237637737596, "time_of_day": "Morning", "causation": [ "0", "0", "0", "0", "0", "0", "0", "0", "2", "0", "0", "0", "0", "0", "0", "0", "0", "0", "0", "0", "0", "0", "0", "0" ], "duration": 88.0, "sum": 2 }, "geometry": { "type": "Point", "coordinates": [ -122.372376377375957, 47.655685976454677 ] } },
{ "type": "Feature", "properties": { "lat": 47.655720665133352, "lon": -122.36984942946172, "time_of_day": "Morning", "causation": [ "0", "0", "0", "0", "0", "0", "0", "0", "1", "0", "0", "0", "0", "0", "0", "0", "0", "0", "0", "0", "0", "0", "0", "0" ], "duration": 44.0, "sum": 1 }, "geometry": { "type": "Point", "coordinates": [ -122.369849429461723, 47.655720665133352 ] } },
{ "type": "Feature", "properties": { "lat": 47.65575715129205, "lon": -122.37323527095906, "time_of_day": "Morning", "causation": [ "0", "0", "0", "0", "0", "0", "0", "0", "1", "0", "0", "0", "0", "0", "0", "0", "0", "0", "0", "0", "0", "0", "0", "0" ], "duration": 44.0, "sum": 1 }, "geometry": { "type": "Point", "coordinates": [ -122.373235270959057, 47.65575715129205 ] } },
{ "type": "Feature", "properties": { "lat": 47.656203159328022, "lon": -122.36971647794434, "time_of_day": "Morning", "causation": [ "0", "0", "0", "0", "0", "0", "0", "0", "2", "0", "0", "0", "0", "0", "0", "0", "0", "0", "0", "0", "0", "0", "0", "0" ], "duration": 88.0, "sum": 2 }, "geometry": { "type": "Point", "coordinates": [ -122.369716477944337, 47.656203159328022 ] } },
{ "type": "Feature", "properties": { "lat": 47.656327010526091, "lon": -122.38434855469416, "time_of_day": "Morning", "causation": [ "0", "0", "0", "0", "0", "0", "0", "0", "3", "0", "0", "0", "0", "0", "0", "0", "0", "0", "0", "0", "0", "0", "0", "0" ], "duration": 132.0, "sum": 3 }, "geometry": { "type": "Point", "coordinates": [ -122.384348554694157, 47.656327010526091 ] } },
{ "type": "Feature", "properties": { "lat": 47.65643530668072, "lon": -122.38502316658403, "time_of_day": "Morning", "causation": [ "0", "0", "0", "0", "0", "0", "0", "0", "1", "0", "0", "0", "0", "0", "0", "0", "0", "0", "0", "0", "0", "0", "0", "0" ], "duration": 44.0, "sum": 1 }, "geometry": { "type": "Point", "coordinates": [ -122.385023166584034, 47.65643530668072 ] } },
{ "type": "Feature", "properties": { "lat": 47.656461264011888, "lon": -122.3855191159053, "time_of_day": "Morning", "causation": [ "0", "0", "0", "0", "0", "0", "0", "0", "1", "0", "0", "0", "0", "0", "0", "0", "0", "0", "0", "0", "0", "0", "0", "0" ], "duration": 44.0, "sum": 1 }, "geometry": { "type": "Point", "coordinates": [ -122.385519115905296, 47.656461264011888 ] } },
{ "type": "Feature", "properties": { "lat": 47.656496515564882, "lon": -122.38384031186639, "time_of_day": "Morning", "causation": [ "0", "0", "0", "0", "0", "0", "0", "0", "1", "0", "0", "0", "0", "0", "0", "0", "0", "0", "0", "0", "0", "0", "0", "0" ], "duration": 44.0, "sum": 1 }, "geometry": { "type": "Point", "coordinates": [ -122.383840311866393, 47.656496515564882 ] } },
{ "type": "Feature", "properties": { "lat": 47.65662244476416, "lon": -122.38560177413493, "time_of_day": "Morning", "causation": [ "0", "0", "0", "0", "0", "0", "0", "0", "2", "0", "0", "0", "0", "0", "0", "0", "0", "0", "0", "0", "0", "0", "0", "0" ], "duration": 88.0, "sum": 2 }, "geometry": { "type": "Point", "coordinates": [ -122.385601774134926, 47.65662244476416 ] } },
{ "type": "Feature", "properties": { "lat": 47.656743625788536, "lon": -122.3722439121542, "time_of_day": "Morning", "causation": [ "0", "0", "0", "0", "0", "0", "0", "0", "3", "0", "0", "0", "0", "0", "0", "0", "0", "0", "0", "0", "0", "0", "0", "0" ], "duration": 132.0, "sum": 3 }, "geometry": { "type": "Point", "coordinates": [ -122.372243912154204, 47.656743625788536 ] } },
{ "type": "Feature", "properties": { "lat": 47.65678808238065, "lon": -122.3850839037746, "time_of_day": "Morning", "causation": [ "0", "0", "0", "0", "0", "0", "0", "0", "1", "0", "0", "0", "0", "0", "0", "0", "0", "0", "0", "0", "0", "0", "0", "0" ], "duration": 44.0, "sum": 1 }, "geometry": { "type": "Point", "coordinates": [ -122.3850839037746, 47.65678808238065 ] } },
{ "type": "Feature", "properties": { "lat": 47.656810325823059, "lon": -122.38374621594016, "time_of_day": "Morning", "causation": [ "0", "0", "0", "0", "0", "0", "0", "0", "1", "0", "0", "0", "0", "0", "0", "0", "0", "0", "0", "0", "0", "0", "0", "0" ], "duration": 44.0, "sum": 1 }, "geometry": { "type": "Point", "coordinates": [ -122.383746215940164, 47.656810325823059 ] } },
{ "type": "Feature", "properties": { "lat": 47.656831164104211, "lon": -122.38430132628451, "time_of_day": "Morning", "causation": [ "0", "0", "0", "0", "0", "0", "0", "0", "1", "0", "0", "0", "0", "0", "0", "0", "0", "0", "0", "0", "0", "0", "0", "0" ], "duration": 44.0, "sum": 1 }, "geometry": { "type": "Point", "coordinates": [ -122.384301326284515, 47.656831164104211 ] } },
{ "type": "Feature", "properties": { "lat": 47.656847957929777, "lon": -122.3855987915997, "time_of_day": "Morning", "causation": [ "0", "0", "0", "0", "0", "0", "0", "0", "1", "0", "0", "0", "0", "0", "0", "0", "0", "0", "0", "0", "0", "0", "0", "0" ], "duration": 44.0, "sum": 1 }, "geometry": { "type": "Point", "coordinates": [ -122.385598791599705, 47.656847957929777 ] } },
{ "type": "Feature", "properties": { "lat": 47.656882954160992, "lon": -122.37393048165728, "time_of_day": "Morning", "causation": [ "0", "0", "0", "0", "0", "0", "0", "0", "3", "0", "0", "0", "0", "0", "0", "0", "0", "0", "0", "0", "0", "0", "0", "0" ], "duration": 132.0, "sum": 3 }, "geometry": { "type": "Point", "coordinates": [ -122.373930481657283, 47.656882954160992 ] } },
{ "type": "Feature", "properties": { "lat": 47.656929192854321, "lon": -122.37060745502578, "time_of_day": "Morning", "causation": [ "0", "0", "0", "0", "0", "0", "0", "0", "1", "0", "0", "0", "0", "0", "0", "0", "0", "0", "0", "0", "0", "0", "0", "0" ], "duration": 44.0, "sum": 1 }, "geometry": { "type": "Point", "coordinates": [ -122.370607455025777, 47.656929192854321 ] } },
{ "type": "Feature", "properties": { "lat": 47.656937650576793, "lon": -122.38437950446344, "time_of_day": "Morning", "causation": [ "0", "0", "0", "0", "0", "0", "0", "0", "1", "0", "0", "0", "0", "0", "0", "0", "0", "0", "0", "0", "0", "0", "0", "0" ], "duration": 44.0, "sum": 1 }, "geometry": { "type": "Point", "coordinates": [ -122.384379504463439, 47.656937650576793 ] } },
{ "type": "Feature", "properties": { "lat": 47.656972941396148, "lon": -122.38559708097476, "time_of_day": "Morning", "causation": [ "0", "0", "0", "0", "0", "0", "0", "0", "2", "0", "0", "0", "0", "0", "0", "0", "0", "0", "0", "0", "0", "0", "0", "0" ], "duration": 88.0, "sum": 2 }, "geometry": { "type": "Point", "coordinates": [ -122.385597080974762, 47.656972941396148 ] } },
{ "type": "Feature", "properties": { "lat": 47.657061412532784, "lon": -122.38627377830947, "time_of_day": "Morning", "causation": [ "0", "0", "0", "0", "0", "0", "0", "0", "1", "0", "0", "0", "0", "0", "0", "0", "0", "0", "0", "0", "0", "0", "0", "0" ], "duration": 44.0, "sum": 1 }, "geometry": { "type": "Point", "coordinates": [ -122.386273778309473, 47.657061412532784 ] } },
{ "type": "Feature", "properties": { "lat": 47.657080205341707, "lon": -122.38506946131888, "time_of_day": "Morning", "causation": [ "0", "0", "0", "0", "0", "0", "0", "0", "1", "0", "0", "0", "0", "0", "0", "0", "0", "0", "0", "0", "0", "0", "0", "0" ], "duration": 44.0, "sum": 1 }, "geometry": { "type": "Point", "coordinates": [ -122.385069461318878, 47.657080205341707 ] } },
{ "type": "Feature", "properties": { "lat": 47.657087747142562, "lon": -122.38384889074598, "time_of_day": "Morning", "causation": [ "0", "0", "0", "0", "0", "0", "0", "0", "1", "0", "0", "0", "0", "0", "0", "0", "0", "0", "0", "0", "0", "0", "0", "0" ], "duration": 44.0, "sum": 1 }, "geometry": { "type": "Point", "coordinates": [ -122.38384889074598, 47.657087747142562 ] } },
{ "type": "Feature", "properties": { "lat": 47.657089294518428, "lon": -122.38558605808224, "time_of_day": "Morning", "causation": [ "0", "0", "0", "0", "0", "0", "0", "0", "2", "0", "0", "0", "0", "0", "0", "0", "0", "0", "0", "0", "0", "0", "0", "0" ], "duration": 88.0, "sum": 2 }, "geometry": { "type": "Point", "coordinates": [ -122.385586058082239, 47.657089294518428 ] } },
{ "type": "Feature", "properties": { "lat": 47.657142271149311, "lon": -122.38433758483301, "time_of_day": "Morning", "causation": [ "0", "0", "0", "0", "0", "0", "0", "0", "1", "0", "0", "0", "0", "0", "0", "0", "0", "0", "0", "0", "0", "0", "0", "0" ], "duration": 44.0, "sum": 1 }, "geometry": { "type": "Point", "coordinates": [ -122.384337584833006, 47.657142271149311 ] } },
{ "type": "Feature", "properties": { "lat": 47.657241833421267, "lon": -122.38547970099836, "time_of_day": "Morning", "causation": [ "0", "0", "0", "0", "0", "0", "0", "0", "1", "0", "0", "0", "0", "0", "0", "0", "0", "0", "0", "0", "0", "0", "0", "0" ], "duration": 44.0, "sum": 1 }, "geometry": { "type": "Point", "coordinates": [ -122.38547970099836, 47.657241833421267 ] } },
{ "type": "Feature", "properties": { "lat": 47.657266858751768, "lon": -122.38656464219818, "time_of_day": "Morning", "causation": [ "0", "0", "0", "0", "0", "0", "0", "0", "1", "0", "0", "0", "0", "0", "0", "0", "0", "0", "0", "0", "0", "0", "0", "0" ], "duration": 44.0, "sum": 1 }, "geometry": { "type": "Point", "coordinates": [ -122.386564642198181, 47.657266858751768 ] } },
{ "type": "Feature", "properties": { "lat": 47.657366344793282, "lon": -122.385061203902, "time_of_day": "Morning", "causation": [ "0", "0", "0", "0", "0", "0", "0", "0", "1", "0", "0", "0", "0", "0", "0", "0", "0", "0", "0", "0", "0", "0", "0", "0" ], "duration": 44.0, "sum": 1 }, "geometry": { "type": "Point", "coordinates": [ -122.385061203901998, 47.657366344793282 ] } },
{ "type": "Feature", "properties": { "lat": 47.657421436502268, "lon": -122.38368438641736, "time_of_day": "Morning", "causation": [ "0", "0", "0", "0", "0", "0", "0", "0", "1", "0", "0", "0", "0", "0", "0", "0", "0", "0", "0", "0", "0", "0", "0", "0" ], "duration": 44.0, "sum": 1 }, "geometry": { "type": "Point", "coordinates": [ -122.383684386417357, 47.657421436502268 ] } },
{ "type": "Feature", "properties": { "lat": 47.657473785549165, "lon": -122.38545200279532, "time_of_day": "Morning", "causation": [ "0", "0", "0", "0", "0", "0", "0", "0", "1", "0", "0", "0", "0", "0", "0", "0", "0", "0", "0", "0", "0", "0", "0", "0" ], "duration": 44.0, "sum": 1 }, "geometry": { "type": "Point", "coordinates": [ -122.385452002795319, 47.657473785549165 ] } },
{ "type": "Feature", "properties": { "lat": 47.657474540905397, "lon": -122.38624836658973, "time_of_day": "Morning", "causation": [ "0", "0", "0", "0", "0", "0", "0", "0", "1", "0", "0", "0", "0", "0", "0", "0", "0", "0", "0", "0", "0", "0", "0", "0" ], "duration": 44.0, "sum": 1 }, "geometry": { "type": "Point", "coordinates": [ -122.386248366589726, 47.657474540905397 ] } },
{ "type": "Feature", "properties": { "lat": 47.657478257721216, "lon": -122.38644394577943, "time_of_day": "Morning", "causation": [ "0", "0", "0", "0", "0", "0", "0", "0", "6", "0", "0", "0", "0", "0", "0", "0", "0", "0", "0", "0", "0", "0", "0", "0" ], "duration": 264.0, "sum": 6 }, "geometry": { "type": "Point", "coordinates": [ -122.386443945779433, 47.657478257721216 ] } },
{ "type": "Feature", "properties": { "lat": 47.6574865429493, "lon": -122.38513835296644, "time_of_day": "Morning", "causation": [ "0", "0", "0", "0", "0", "0", "0", "0", "1", "0", "0", "0", "0", "0", "0", "0", "0", "0", "0", "0", "0", "0", "0", "0" ], "duration": 44.0, "sum": 1 }, "geometry": { "type": "Point", "coordinates": [ -122.385138352966436, 47.6574865429493 ] } },
{ "type": "Feature", "properties": { "lat": 47.657489520805456, "lon": -122.38491978719202, "time_of_day": "Morning", "causation": [ "0", "0", "0", "0", "0", "0", "0", "0", "1", "0", "0", "0", "0", "0", "0", "0", "0", "0", "0", "0", "0", "0", "0", "0" ], "duration": 44.0, "sum": 1 }, "geometry": { "type": "Point", "coordinates": [ -122.384919787192018, 47.657489520805456 ] } },
{ "type": "Feature", "properties": { "lat": 47.657490165982864, "lon": -122.3844895306277, "time_of_day": "Morning", "causation": [ "0", "0", "0", "0", "0", "0", "0", "0", "1", "0", "0", "0", "0", "0", "0", "0", "0", "0", "0", "0", "0", "0", "0", "0" ], "duration": 44.0, "sum": 1 }, "geometry": { "type": "Point", "coordinates": [ -122.384489530627704, 47.657490165982864 ] } },
{ "type": "Feature", "properties": { "lat": 47.657790607738697, "lon": -122.38505965451196, "time_of_day": "Morning", "causation": [ "0", "0", "0", "0", "0", "0", "0", "0", "2", "0", "0", "0", "0", "0", "0", "0", "0", "0", "0", "0", "0", "0", "0", "0" ], "duration": 88.0, "sum": 2 }, "geometry": { "type": "Point", "coordinates": [ -122.385059654511963, 47.657790607738697 ] } },
{ "type": "Feature", "properties": { "lat": 47.657794372531534, "lon": -122.3862910303948, "time_of_day": "Morning", "causation": [ "0", "0", "0", "0", "0", "0", "0", "0", "2", "0", "0", "0", "0", "0", "0", "0", "0", "0", "0", "0", "0", "0", "0", "0" ], "duration": 88.0, "sum": 2 }, "geometry": { "type": "Point", "coordinates": [ -122.386291030394801, 47.657794372531534 ] } },
{ "type": "Feature", "properties": { "lat": 47.657796584011322, "lon": -122.38719211768176, "time_of_day": "Morning", "causation": [ "0", "0", "0", "0", "0", "0", "0", "0", "1", "0", "0", "0", "0", "0", "0", "0", "0", "0", "0", "0", "0", "0", "0", "0" ], "duration": 44.0, "sum": 1 }, "geometry": { "type": "Point", "coordinates": [ -122.387192117681764, 47.657796584011322 ] } },
{ "type": "Feature", "properties": { "lat": 47.657831476180064, "lon": -122.38558172848124, "time_of_day": "Morning", "causation": [ "0", "0", "0", "0", "0", "0", "0", "0", "4", "0", "0", "0", "0", "0", "0", "0", "0", "0", "0", "0", "0", "0", "0", "0" ], "duration": 176.0, "sum": 4 }, "geometry": { "type": "Point", "coordinates": [ -122.385581728481242, 47.657831476180064 ] } },
{ "type": "Feature", "properties": { "lat": 47.657842738781319, "lon": -122.38382731228629, "time_of_day": "Morning", "causation": [ "0", "0", "0", "0", "0", "0", "0", "0", "1", "0", "0", "0", "0", "0", "0", "0", "0", "0", "0", "0", "0", "0", "0", "0" ], "duration": 44.0, "sum": 1 }, "geometry": { "type": "Point", "coordinates": [ -122.383827312286286, 47.657842738781319 ] } },
{ "type": "Feature", "properties": { "lat": 47.657988584307489, "lon": -122.38567769330599, "time_of_day": "Morning", "causation": [ "0", "0", "0", "0", "0", "0", "0", "0", "1", "0", "0", "0", "0", "0", "0", "0", "0", "0", "0", "0", "0", "0", "0", "0" ], "duration": 44.0, "sum": 1 }, "geometry": { "type": "Point", "coordinates": [ -122.385677693305993, 47.657988584307489 ] } },
{ "type": "Feature", "properties": { "lat": 47.658015813471188, "lon": -122.3839141819133, "time_of_day": "Morning", "causation": [ "0", "0", "0", "0", "0", "0", "0", "0", "1", "0", "0", "0", "0", "0", "0", "0", "0", "0", "0", "0", "0", "0", "0", "0" ], "duration": 44.0, "sum": 1 }, "geometry": { "type": "Point", "coordinates": [ -122.383914181913298, 47.658015813471188 ] } },
{ "type": "Feature", "properties": { "lat": 47.658054738516363, "lon": -122.38517751440878, "time_of_day": "Morning", "causation": [ "0", "0", "0", "0", "0", "0", "0", "0", "1", "0", "0", "0", "0", "0", "0", "0", "0", "0", "0", "0", "0", "0", "0", "0" ], "duration": 44.0, "sum": 1 }, "geometry": { "type": "Point", "coordinates": [ -122.385177514408781, 47.658054738516363 ] } },
{ "type": "Feature", "properties": { "lat": 47.65806290067858, "lon": -122.38438509323709, "time_of_day": "Morning", "causation": [ "0", "0", "0", "0", "0", "0", "0", "0", "1", "0", "0", "0", "0", "0", "0", "0", "0", "0", "0", "0", "0", "0", "0", "0" ], "duration": 44.0, "sum": 1 }, "geometry": { "type": "Point", "coordinates": [ -122.384385093237086, 47.65806290067858 ] } },
{ "type": "Feature", "properties": { "lat": 47.658081249912321, "lon": -122.3869748665186, "time_of_day": "Morning", "causation": [ "0", "0", "0", "0", "0", "0", "0", "0", "2", "0", "0", "0", "0", "0", "0", "0", "0", "0", "0", "0", "0", "0", "0", "0" ], "duration": 88.0, "sum": 2 }, "geometry": { "type": "Point", "coordinates": [ -122.386974866518599, 47.658081249912321 ] } },
{ "type": "Feature", "properties": { "lat": 47.65808826983767, "lon": -122.38652355664053, "time_of_day": "Morning", "causation": [ "0", "0", "0", "0", "0", "0", "0", "0", "1", "0", "0", "0", "0", "0", "0", "0", "0", "0", "0", "0", "0", "0", "0", "0" ], "duration": 44.0, "sum": 1 }, "geometry": { "type": "Point", "coordinates": [ -122.386523556640526, 47.65808826983767 ] } },
{ "type": "Feature", "properties": { "lat": 47.658141385778862, "lon": -122.38771178327056, "time_of_day": "Morning", "causation": [ "0", "0", "0", "0", "0", "0", "0", "0", "7", "0", "0", "0", "0", "0", "0", "0", "0", "0", "0", "0", "0", "0", "0", "0" ], "duration": 308.0, "sum": 7 }, "geometry": { "type": "Point", "coordinates": [ -122.387711783270561, 47.658141385778862 ] } },
{ "type": "Feature", "properties": { "lat": 47.6582219014103, "lon": -122.38701306091176, "time_of_day": "Morning", "causation": [ "0", "0", "0", "0", "0", "0", "0", "0", "1", "0", "0", "0", "0", "0", "0", "0", "0", "0", "0", "0", "0", "0", "0", "0" ], "duration": 44.0, "sum": 1 }, "geometry": { "type": "Point", "coordinates": [ -122.387013060911755, 47.6582219014103 ] } },
{ "type": "Feature", "properties": { "lat": 47.65825491931993, "lon": -122.38565212215964, "time_of_day": "Morning", "causation": [ "0", "0", "0", "0", "0", "0", "0", "0", "2", "0", "0", "0", "0", "0", "0", "0", "0", "0", "0", "0", "0", "0", "0", "0" ], "duration": 88.0, "sum": 2 }, "geometry": { "type": "Point", "coordinates": [ -122.385652122159641, 47.65825491931993 ] } },
{ "type": "Feature", "properties": { "lat": 47.658291073254574, "lon": -122.38644367864372, "time_of_day": "Morning", "causation": [ "0", "0", "0", "0", "0", "0", "0", "0", "1", "0", "0", "0", "0", "0", "0", "0", "0", "0", "0", "0", "0", "0", "0", "0" ], "duration": 44.0, "sum": 1 }, "geometry": { "type": "Point", "coordinates": [ -122.386443678643715, 47.658291073254574 ] } },
{ "type": "Feature", "properties": { "lat": 47.658340057978414, "lon": -122.38794385798664, "time_of_day": "Morning", "causation": [ "0", "0", "0", "0", "0", "0", "0", "0", "1", "0", "0", "0", "0", "0", "0", "0", "0", "0", "0", "0", "0", "0", "0", "0" ], "duration": 44.0, "sum": 1 }, "geometry": { "type": "Point", "coordinates": [ -122.387943857986642, 47.658340057978414 ] } },
{ "type": "Feature", "properties": { "lat": 47.658379355751663, "lon": -122.3872298218466, "time_of_day": "Morning", "causation": [ "0", "0", "0", "0", "0", "0", "0", "0", "1", "0", "0", "0", "0", "0", "0", "0", "0", "0", "0", "0", "0", "0", "0", "0" ], "duration": 44.0, "sum": 1 }, "geometry": { "type": "Point", "coordinates": [ -122.387229821846603, 47.658379355751663 ] } },
{ "type": "Feature", "properties": { "lat": 47.658380534845151, "lon": -122.38387330898463, "time_of_day": "Morning", "causation": [ "0", "0", "0", "0", "0", "0", "0", "0", "1", "0", "0", "0", "0", "0", "0", "0", "0", "0", "0", "0", "0", "0", "0", "0" ], "duration": 44.0, "sum": 1 }, "geometry": { "type": "Point", "coordinates": [ -122.383873308984633, 47.658380534845151 ] } },
{ "type": "Feature", "properties": { "lat": 47.658436881301931, "lon": -122.3843656452776, "time_of_day": "Morning", "causation": [ "0", "0", "0", "0", "0", "0", "0", "0", "1", "0", "0", "0", "0", "0", "0", "0", "0", "0", "0", "0", "0", "0", "0", "0" ], "duration": 44.0, "sum": 1 }, "geometry": { "type": "Point", "coordinates": [ -122.384365645277597, 47.658436881301931 ] } },
{ "type": "Feature", "properties": { "lat": 47.658460481905287, "lon": -122.3879087926186, "time_of_day": "Morning", "causation": [ "0", "0", "0", "0", "0", "0", "0", "0", "1", "0", "0", "0", "0", "0", "0", "0", "0", "0", "0", "0", "0", "0", "0", "0" ], "duration": 44.0, "sum": 1 }, "geometry": { "type": "Point", "coordinates": [ -122.387908792618603, 47.658460481905287 ] } },
{ "type": "Feature", "properties": { "lat": 47.658506708854148, "lon": -122.38635501086054, "time_of_day": "Morning", "causation": [ "0", "0", "0", "0", "0", "0", "0", "0", "3", "0", "0", "0", "0", "0", "0", "0", "0", "0", "0", "0", "0", "0", "0", "0" ], "duration": 132.0, "sum": 3 }, "geometry": { "type": "Point", "coordinates": [ -122.386355010860541, 47.658506708854148 ] } },
{ "type": "Feature", "properties": { "lat": 47.658524980382623, "lon": -122.38697376841876, "time_of_day": "Morning", "causation": [ "0", "0", "0", "0", "0", "0", "0", "0", "1", "0", "0", "0", "0", "0", "0", "0", "0", "0", "0", "0", "0", "0", "0", "0" ], "duration": 44.0, "sum": 1 }, "geometry": { "type": "Point", "coordinates": [ -122.386973768418756, 47.658524980382623 ] } },
{ "type": "Feature", "properties": { "lat": 47.658557520164671, "lon": -122.38281856523147, "time_of_day": "Morning", "causation": [ "0", "0", "0", "0", "0", "0", "0", "0", "1", "0", "0", "0", "0", "0", "0", "0", "0", "0", "0", "0", "0", "0", "0", "0" ], "duration": 44.0, "sum": 1 }, "geometry": { "type": "Point", "coordinates": [ -122.382818565231474, 47.658557520164671 ] } },
{ "type": "Feature", "properties": { "lat": 47.658590123524725, "lon": -122.38507782113469, "time_of_day": "Morning", "causation": [ "0", "0", "0", "0", "0", "0", "0", "0", "1", "0", "0", "0", "0", "0", "0", "0", "0", "0", "0", "0", "0", "0", "0", "0" ], "duration": 44.0, "sum": 1 }, "geometry": { "type": "Point", "coordinates": [ -122.385077821134686, 47.658590123524725 ] } },
{ "type": "Feature", "properties": { "lat": 47.658604522041415, "lon": -122.38802084892625, "time_of_day": "Morning", "causation": [ "0", "0", "0", "0", "0", "0", "0", "0", "2", "0", "0", "0", "0", "0", "0", "0", "0", "0", "0", "0", "0", "0", "0", "0" ], "duration": 88.0, "sum": 2 }, "geometry": { "type": "Point", "coordinates": [ -122.388020848926246, 47.658604522041415 ] } },
{ "type": "Feature", "properties": { "lat": 47.658610238413651, "lon": -122.38393248829092, "time_of_day": "Morning", "causation": [ "0", "0", "0", "0", "0", "0", "0", "0", "1", "0", "0", "0", "0", "0", "0", "0", "0", "0", "0", "0", "0", "0", "0", "0" ], "duration": 44.0, "sum": 1 }, "geometry": { "type": "Point", "coordinates": [ -122.383932488290924, 47.658610238413651 ] } },
{ "type": "Feature", "properties": { "lat": 47.65865840132313, "lon": -122.38560779174732, "time_of_day": "Morning", "causation": [ "0", "0", "0", "0", "0", "0", "0", "0", "3", "0", "0", "0", "0", "0", "0", "0", "0", "0", "0", "0", "0", "0", "0", "0" ], "duration": 132.0, "sum": 3 }, "geometry": { "type": "Point", "coordinates": [ -122.385607791747319, 47.65865840132313 ] } },
{ "type": "Feature", "properties": { "lat": 47.658762248166553, "lon": -122.38489184913838, "time_of_day": "Morning", "causation": [ "0", "0", "0", "0", "0", "0", "0", "0", "1", "0", "0", "0", "0", "0", "0", "0", "0", "0", "0", "0", "0", "0", "0", "0" ], "duration": 44.0, "sum": 1 }, "geometry": { "type": "Point", "coordinates": [ -122.384891849138384, 47.658762248166553 ] } },
{ "type": "Feature", "properties": { "lat": 47.658811810240174, "lon": -122.38383392535221, "time_of_day": "Morning", "causation": [ "0", "0", "0", "0", "0", "0", "0", "0", "1", "0", "0", "0", "0", "0", "0", "0", "0", "0", "0", "0", "0", "0", "0", "0" ], "duration": 44.0, "sum": 1 }, "geometry": { "type": "Point", "coordinates": [ -122.383833925352207, 47.658811810240174 ] } },
{ "type": "Feature", "properties": { "lat": 47.658886878746543, "lon": -122.3871186297858, "time_of_day": "Morning", "causation": [ "0", "0", "0", "0", "0", "0", "0", "0", "2", "0", "0", "0", "0", "0", "0", "0", "0", "0", "0", "0", "0", "0", "0", "0" ], "duration": 88.0, "sum": 2 }, "geometry": { "type": "Point", "coordinates": [ -122.387118629785803, 47.658886878746543 ] } },
{ "type": "Feature", "properties": { "lat": 47.658923933762047, "lon": -122.38666398936137, "time_of_day": "Morning", "causation": [ "0", "0", "0", "0", "0", "0", "0", "0", "2", "0", "0", "0", "0", "0", "0", "0", "0", "0", "0", "0", "0", "0", "0", "0" ], "duration": 88.0, "sum": 2 }, "geometry": { "type": "Point", "coordinates": [ -122.386663989361367, 47.658923933762047 ] } },
{ "type": "Feature", "properties": { "lat": 47.658944287165809, "lon": -122.38447407684156, "time_of_day": "Morning", "causation": [ "0", "0", "0", "0", "0", "0", "0", "0", "2", "0", "0", "0", "0", "0", "0", "0", "0", "0", "0", "0", "0", "0", "0", "0" ], "duration": 88.0, "sum": 2 }, "geometry": { "type": "Point", "coordinates": [ -122.384474076841556, 47.658944287165809 ] } },
{ "type": "Feature", "properties": { "lat": 47.658955352557321, "lon": -122.3877900610442, "time_of_day": "Morning", "causation": [ "0", "0", "0", "0", "0", "0", "0", "0", "2", "0", "0", "0", "0", "0", "0", "0", "0", "0", "0", "0", "0", "0", "0", "0" ], "duration": 88.0, "sum": 2 }, "geometry": { "type": "Point", "coordinates": [ -122.3877900610442, 47.658955352557321 ] } },
{ "type": "Feature", "properties": { "lat": 47.65897549391439, "lon": -122.38842409658504, "time_of_day": "Morning", "causation": [ "0", "0", "0", "0", "0", "0", "0", "0", "4", "0", "0", "0", "0", "0", "0", "0", "0", "0", "0", "0", "0", "0", "0", "0" ], "duration": 176.0, "sum": 4 }, "geometry": { "type": "Point", "coordinates": [ -122.388424096585041, 47.65897549391439 ] } },
{ "type": "Feature", "properties": { "lat": 47.659002373706002, "lon": -122.38719739461264, "time_of_day": "Morning", "causation": [ "0", "0", "0", "0", "0", "0", "0", "0", "1", "0", "0", "0", "0", "0", "0", "0", "0", "0", "0", "0", "0", "0", "0", "0" ], "duration": 44.0, "sum": 1 }, "geometry": { "type": "Point", "coordinates": [ -122.387197394612642, 47.659002373706002 ] } },
{ "type": "Feature", "properties": { "lat": 47.659117047850792, "lon": -122.3878019419508, "time_of_day": "Morning", "causation": [ "0", "0", "0", "0", "0", "0", "0", "0", "2", "0", "0", "0", "0", "0", "0", "0", "0", "0", "0", "0", "0", "0", "0", "0" ], "duration": 88.0, "sum": 2 }, "geometry": { "type": "Point", "coordinates": [ -122.387801941950798, 47.659117047850792 ] } },
{ "type": "Feature", "properties": { "lat": 47.659138179186343, "lon": -122.38392211802518, "time_of_day": "Morning", "causation": [ "0", "0", "0", "0", "0", "0", "0", "0", "1", "0", "0", "0", "0", "0", "0", "0", "0", "0", "0", "0", "0", "0", "0", "0" ], "duration": 44.0, "sum": 1 }, "geometry": { "type": "Point", "coordinates": [ -122.383922118025183, 47.659138179186343 ] } },
{ "type": "Feature", "properties": { "lat": 47.659177705977172, "lon": -122.3870986964487, "time_of_day": "Morning", "causation": [ "0", "0", "0", "0", "0", "0", "0", "0", "1", "0", "0", "0", "0", "0", "0", "0", "0", "0", "0", "0", "0", "0", "0", "0" ], "duration": 44.0, "sum": 1 }, "geometry": { "type": "Point", "coordinates": [ -122.387098696448703, 47.659177705977172 ] } },
{ "type": "Feature", "properties": { "lat": 47.659200681234523, "lon": -122.38504959862335, "time_of_day": "Morning", "causation": [ "0", "0", "0", "0", "0", "0", "0", "0", "1", "0", "0", "0", "0", "0", "0", "0", "0", "0", "0", "0", "0", "0", "0", "0" ], "duration": 44.0, "sum": 1 }, "geometry": { "type": "Point", "coordinates": [ -122.385049598623354, 47.659200681234523 ] } },
{ "type": "Feature", "properties": { "lat": 47.659205282782821, "lon": -122.38438467922214, "time_of_day": "Morning", "causation": [ "0", "0", "0", "0", "0", "0", "0", "0", "1", "0", "0", "0", "0", "0", "0", "0", "0", "0", "0", "0", "0", "0", "0", "0" ], "duration": 44.0, "sum": 1 }, "geometry": { "type": "Point", "coordinates": [ -122.384384679222137, 47.659205282782821 ] } },
{ "type": "Feature", "properties": { "lat": 47.659219223453597, "lon": -122.38628865758268, "time_of_day": "Morning", "causation": [ "0", "0", "0", "0", "0", "0", "0", "0", "1", "0", "0", "0", "0", "0", "0", "0", "0", "0", "0", "0", "0", "0", "0", "0" ], "duration": 44.0, "sum": 1 }, "geometry": { "type": "Point", "coordinates": [ -122.386288657582682, 47.659219223453597 ] } },
{ "type": "Feature", "properties": { "lat": 47.659239920241923, "lon": -122.38558004769941, "time_of_day": "Morning", "causation": [ "0", "0", "0", "0", "0", "0", "0", "0", "2", "0", "0", "0", "0", "0", "0", "0", "0", "0", "0", "0", "0", "0", "0", "0" ], "duration": 88.0, "sum": 2 }, "geometry": { "type": "Point", "coordinates": [ -122.385580047699406, 47.659239920241923 ] } },
{ "type": "Feature", "properties": { "lat": 47.659252099438106, "lon": -122.38842680659468, "time_of_day": "Morning", "causation": [ "0", "0", "0", "0", "0", "0", "0", "0", "1", "0", "0", "0", "0", "0", "0", "0", "0", "0", "0", "0", "0", "0", "0", "0" ], "duration": 44.0, "sum": 1 }, "geometry": { "type": "Point", "coordinates": [ -122.38842680659468, 47.659252099438106 ] } },
{ "type": "Feature", "properties": { "lat": 47.659268402410802, "lon": -122.38797716444428, "time_of_day": "Morning", "causation": [ "0", "0", "0", "0", "0", "0", "0", "0", "1", "0", "0", "0", "0", "0", "0", "0", "0", "0", "0", "0", "0", "0", "0", "0" ], "duration": 44.0, "sum": 1 }, "geometry": { "type": "Point", "coordinates": [ -122.38797716444428, 47.659268402410802 ] } },
{ "type": "Feature", "properties": { "lat": 47.659296316890121, "lon": -122.38653834230648, "time_of_day": "Morning", "causation": [ "0", "0", "0", "0", "0", "0", "0", "0", "4", "0", "0", "0", "0", "0", "0", "0", "0", "0", "0", "0", "0", "0", "0", "0" ], "duration": 176.0, "sum": 4 }, "geometry": { "type": "Point", "coordinates": [ -122.38653834230648, 47.659296316890121 ] } },
{ "type": "Feature", "properties": { "lat": 47.659342988324617, "lon": -122.38562689430884, "time_of_day": "Morning", "causation": [ "0", "0", "0", "0", "0", "0", "0", "0", "3", "0", "0", "0", "0", "0", "0", "0", "0", "0", "0", "0", "0", "0", "0", "0" ], "duration": 132.0, "sum": 3 }, "geometry": { "type": "Point", "coordinates": [ -122.385626894308842, 47.659342988324617 ] } },
{ "type": "Feature", "properties": { "lat": 47.659479624443023, "lon": -122.38519143624912, "time_of_day": "Morning", "causation": [ "0", "0", "0", "0", "0", "0", "0", "0", "1", "0", "0", "0", "0", "0", "0", "0", "0", "0", "0", "0", "0", "0", "0", "0" ], "duration": 44.0, "sum": 1 }, "geometry": { "type": "Point", "coordinates": [ -122.385191436249116, 47.659479624443023 ] } },
{ "type": "Feature", "properties": { "lat": 47.659616787443902, "lon": -122.38511532649775, "time_of_day": "Morning", "causation": [ "0", "0", "0", "0", "0", "0", "0", "0", "1", "0", "0", "0", "0", "0", "0", "0", "0", "0", "0", "0", "0", "0", "0", "0" ], "duration": 44.0, "sum": 1 }, "geometry": { "type": "Point", "coordinates": [ -122.385115326497754, 47.659616787443902 ] } },
{ "type": "Feature", "properties": { "lat": 47.65962476141523, "lon": -122.38563507286452, "time_of_day": "Morning", "causation": [ "0", "0", "0", "0", "0", "0", "0", "0", "1", "0", "0", "0", "0", "0", "0", "0", "0", "0", "0", "0", "0", "0", "0", "0" ], "duration": 44.0, "sum": 1 }, "geometry": { "type": "Point", "coordinates": [ -122.385635072864517, 47.65962476141523 ] } },
{ "type": "Feature", "properties": { "lat": 47.659631400376838, "lon": -122.38799659228916, "time_of_day": "Morning", "causation": [ "0", "0", "0", "0", "0", "0", "0", "0", "1", "0", "0", "0", "0", "0", "0", "0", "0", "0", "0", "0", "0", "0", "0", "0" ], "duration": 44.0, "sum": 1 }, "geometry": { "type": "Point", "coordinates": [ -122.387996592289156, 47.659631400376838 ] } },
{ "type": "Feature", "properties": { "lat": 47.65967497281224, "lon": -122.3870076589854, "time_of_day": "Morning", "causation": [ "0", "0", "0", "0", "0", "0", "0", "0", "1", "0", "0", "0", "0", "0", "0", "0", "0", "0", "0", "0", "0", "0", "0", "0" ], "duration": 44.0, "sum": 1 }, "geometry": { "type": "Point", "coordinates": [ -122.387007658985397, 47.65967497281224 ] } },
{ "type": "Feature", "properties": { "lat": 47.659707652601753, "lon": -122.38656413979488, "time_of_day": "Morning", "causation": [ "0", "0", "0", "0", "0", "0", "0", "0", "2", "0", "0", "0", "0", "0", "0", "0", "0", "0", "0", "0", "0", "0", "0", "0" ], "duration": 88.0, "sum": 2 }, "geometry": { "type": "Point", "coordinates": [ -122.386564139794885, 47.659707652601753 ] } },
{ "type": "Feature", "properties": { "lat": 47.6597371695213, "lon": -122.32044114596521, "time_of_day": "Morning", "causation": [ "0", "0", "0", "0", "0", "0", "0", "0", "1", "0", "0", "0", "0", "0", "0", "0", "0", "0", "0", "0", "0", "0", "0", "0" ], "duration": 44.0, "sum": 1 }, "geometry": { "type": "Point", "coordinates": [ -122.320441145965205, 47.6597371695213 ] } },
{ "type": "Feature", "properties": { "lat": 47.659796141825424, "lon": -122.38558699260771, "time_of_day": "Morning", "causation": [ "0", "0", "0", "0", "0", "0", "0", "0", "4", "0", "0", "0", "0", "0", "0", "0", "0", "0", "0", "0", "0", "0", "0", "0" ], "duration": 176.0, "sum": 4 }, "geometry": { "type": "Point", "coordinates": [ -122.385586992607713, 47.659796141825424 ] } },
{ "type": "Feature", "properties": { "lat": 47.659799515092843, "lon": -122.38708335888998, "time_of_day": "Morning", "causation": [ "0", "0", "0", "0", "0", "0", "0", "0", "1", "0", "0", "0", "0", "0", "0", "0", "0", "0", "0", "0", "0", "0", "0", "0" ], "duration": 44.0, "sum": 1 }, "geometry": { "type": "Point", "coordinates": [ -122.387083358889981, 47.659799515092843 ] } },
{ "type": "Feature", "properties": { "lat": 47.659816728563328, "lon": -122.38911862536315, "time_of_day": "Morning", "causation": [ "0", "0", "0", "0", "0", "0", "0", "0", "2", "0", "0", "0", "0", "0", "0", "0", "0", "0", "0", "0", "0", "0", "0", "0" ], "duration": 88.0, "sum": 2 }, "geometry": { "type": "Point", "coordinates": [ -122.389118625363153, 47.659816728563328 ] } },
{ "type": "Feature", "properties": { "lat": 47.659888400861362, "lon": -122.3864534805772, "time_of_day": "Morning", "causation": [ "0", "0", "0", "0", "0", "0", "0", "0", "1", "0", "0", "0", "0", "0", "0", "0", "0", "0", "0", "0", "0", "0", "0", "0" ], "duration": 44.0, "sum": 1 }, "geometry": { "type": "Point", "coordinates": [ -122.386453480577202, 47.659888400861362 ] } },
{ "type": "Feature", "properties": { "lat": 47.66006968447163, "lon": -122.38632426370998, "time_of_day": "Morning", "causation": [ "0", "0", "0", "0", "0", "0", "0", "0", "17", "0", "0", "0", "0", "0", "0", "0", "0", "0", "0", "0", "0", "0", "0", "0" ], "duration": 748.0, "sum": 17 }, "geometry": { "type": "Point", "coordinates": [ -122.38632426370998, 47.66006968447163 ] } },
{ "type": "Feature", "properties": { "lat": 47.660204684899078, "lon": -122.38664669501564, "time_of_day": "Morning", "causation": [ "0", "0", "0", "0", "0", "0", "0", "0", "1", "0", "0", "0", "0", "0", "0", "0", "0", "0", "0", "0", "0", "0", "0", "0" ], "duration": 44.0, "sum": 1 }, "geometry": { "type": "Point", "coordinates": [ -122.386646695015642, 47.660204684899078 ] } },
{ "type": "Feature", "properties": { "lat": 47.660210913974801, "lon": -122.38410808519676, "time_of_day": "Morning", "causation": [ "0", "0", "0", "0", "0", "0", "0", "0", "2", "0", "0", "0", "0", "0", "0", "0", "0", "0", "0", "0", "0", "0", "0", "0" ], "duration": 88.0, "sum": 2 }, "geometry": { "type": "Point", "coordinates": [ -122.384108085196758, 47.660210913974801 ] } },
{ "type": "Feature", "properties": { "lat": 47.660235291968071, "lon": -122.39018792320414, "time_of_day": "Morning", "causation": [ "0", "0", "0", "0", "0", "0", "0", "0", "1", "0", "0", "0", "0", "0", "0", "0", "0", "0", "0", "0", "0", "0", "0", "0" ], "duration": 44.0, "sum": 1 }, "geometry": { "type": "Point", "coordinates": [ -122.390187923204138, 47.660235291968071 ] } },
{ "type": "Feature", "properties": { "lat": 47.660303043029593, "lon": -122.39868805349232, "time_of_day": "Late Night", "causation": [ "0", "0", "0", "0", "0", "0", "0", "0", "34", "0", "0", "0", "0", "0", "0", "0", "0", "0", "0", "0", "0", "0", "0", "0" ], "duration": 8976.0, "sum": 34 }, "geometry": { "type": "Point", "coordinates": [ -122.398688053492322, 47.660303043029593 ] } },
{ "type": "Feature", "properties": { "lat": 47.660314428579966, "lon": -122.38735687940851, "time_of_day": "Morning", "causation": [ "0", "0", "0", "0", "0", "0", "0", "0", "1", "0", "0", "0", "0", "0", "0", "0", "0", "0", "0", "0", "0", "0", "0", "0" ], "duration": 44.0, "sum": 1 }, "geometry": { "type": "Point", "coordinates": [ -122.387356879408514, 47.660314428579966 ] } },
{ "type": "Feature", "properties": { "lat": 47.660366814764686, "lon": -122.39029319787066, "time_of_day": "Morning", "causation": [ "0", "0", "0", "0", "0", "0", "0", "0", "1", "0", "0", "0", "0", "0", "0", "0", "0", "0", "0", "0", "0", "0", "0", "0" ], "duration": 44.0, "sum": 1 }, "geometry": { "type": "Point", "coordinates": [ -122.390293197870662, 47.660366814764686 ] } },
{ "type": "Feature", "properties": { "lat": 47.660499482861788, "lon": -122.38523336835183, "time_of_day": "Morning", "causation": [ "0", "0", "0", "0", "0", "0", "0", "0", "1", "0", "0", "0", "0", "0", "0", "0", "0", "0", "0", "0", "0", "0", "0", "0" ], "duration": 44.0, "sum": 1 }, "geometry": { "type": "Point", "coordinates": [ -122.385233368351834, 47.660499482861788 ] } },
{ "type": "Feature", "properties": { "lat": 47.660547298813171, "lon": -122.38840213400169, "time_of_day": "Morning", "causation": [ "0", "0", "0", "0", "0", "0", "0", "0", "2", "0", "0", "0", "0", "0", "0", "0", "0", "0", "0", "0", "0", "0", "0", "0" ], "duration": 88.0, "sum": 2 }, "geometry": { "type": "Point", "coordinates": [ -122.388402134001694, 47.660547298813171 ] } },
{ "type": "Feature", "properties": { "lat": 47.660590088104776, "lon": -122.39031392049684, "time_of_day": "Morning", "causation": [ "0", "0", "0", "0", "0", "0", "0", "0", "3", "0", "0", "0", "0", "0", "0", "0", "0", "0", "0", "0", "0", "0", "0", "0" ], "duration": 132.0, "sum": 3 }, "geometry": { "type": "Point", "coordinates": [ -122.390313920496837, 47.660590088104776 ] } },
{ "type": "Feature", "properties": { "lat": 47.660647493997217, "lon": -122.38627877654486, "time_of_day": "Morning", "causation": [ "0", "0", "0", "0", "0", "0", "0", "0", "1", "0", "0", "0", "0", "0", "0", "0", "0", "0", "0", "0", "0", "0", "0", "0" ], "duration": 44.0, "sum": 1 }, "geometry": { "type": "Point", "coordinates": [ -122.386278776544856, 47.660647493997217 ] } },
{ "type": "Feature", "properties": { "lat": 47.660757945862542, "lon": -122.39075147586172, "time_of_day": "Morning", "causation": [ "0", "0", "0", "0", "0", "0", "0", "0", "1", "0", "0", "0", "0", "0", "0", "0", "0", "0", "0", "0", "0", "0", "0", "0" ], "duration": 44.0, "sum": 1 }, "geometry": { "type": "Point", "coordinates": [ -122.39075147586172, 47.660757945862542 ] } },
{ "type": "Feature", "properties": { "lat": 47.660812414447442, "lon": -122.39028272291952, "time_of_day": "Morning", "causation": [ "0", "0", "0", "0", "0", "0", "0", "0", "1", "0", "0", "0", "0", "0", "0", "0", "0", "0", "0", "0", "0", "0", "0", "0" ], "duration": 44.0, "sum": 1 }, "geometry": { "type": "Point", "coordinates": [ -122.390282722919522, 47.660812414447442 ] } },
{ "type": "Feature", "properties": { "lat": 47.660907685839739, "lon": -122.39028261751692, "time_of_day": "Morning", "causation": [ "0", "0", "0", "0", "0", "0", "0", "0", "1", "0", "0", "0", "0", "0", "0", "0", "0", "0", "0", "0", "0", "0", "0", "0" ], "duration": 44.0, "sum": 1 }, "geometry": { "type": "Point", "coordinates": [ -122.390282617516917, 47.660907685839739 ] } },
{ "type": "Feature", "properties": { "lat": 47.660980358626482, "lon": -122.39072321311843, "time_of_day": "Morning", "causation": [ "0", "0", "0", "0", "0", "0", "0", "0", "1", "0", "0", "0", "0", "0", "0", "0", "0", "0", "0", "0", "0", "0", "0", "0" ], "duration": 44.0, "sum": 1 }, "geometry": { "type": "Point", "coordinates": [ -122.390723213118434, 47.660980358626482 ] } },
{ "type": "Feature", "properties": { "lat": 47.661034148426687, "lon": -122.38659421236876, "time_of_day": "Morning", "causation": [ "0", "0", "0", "0", "0", "0", "0", "0", "1", "0", "0", "0", "0", "0", "0", "0", "0", "0", "0", "0", "0", "0", "0", "0" ], "duration": 44.0, "sum": 1 }, "geometry": { "type": "Point", "coordinates": [ -122.386594212368763, 47.661034148426687 ] } },
{ "type": "Feature", "properties": { "lat": 47.66103615717136, "lon": -122.38489451841912, "time_of_day": "Morning", "causation": [ "0", "0", "0", "0", "0", "0", "0", "0", "1", "0", "0", "0", "0", "0", "0", "0", "0", "0", "0", "0", "0", "0", "0", "0" ], "duration": 44.0, "sum": 1 }, "geometry": { "type": "Point", "coordinates": [ -122.384894518419117, 47.66103615717136 ] } },
{ "type": "Feature", "properties": { "lat": 47.661037525494599, "lon": -122.38448401247668, "time_of_day": "Morning", "causation": [ "0", "0", "0", "0", "0", "0", "0", "0", "1", "0", "0", "0", "0", "0", "0", "0", "0", "0", "0", "0", "0", "0", "0", "0" ], "duration": 44.0, "sum": 1 }, "geometry": { "type": "Point", "coordinates": [ -122.384484012476676, 47.661037525494599 ] } },
{ "type": "Feature", "properties": { "lat": 47.661043238138191, "lon": -122.39029270484224, "time_of_day": "Morning", "causation": [ "0", "0", "0", "0", "0", "0", "0", "0", "1", "0", "0", "0", "0", "0", "0", "0", "0", "0", "0", "0", "0", "0", "0", "0" ], "duration": 44.0, "sum": 1 }, "geometry": { "type": "Point", "coordinates": [ -122.390292704842238, 47.661043238138191 ] } },
{ "type": "Feature", "properties": { "lat": 47.661070295466686, "lon": -122.38577612599072, "time_of_day": "Morning", "causation": [ "0", "0", "0", "0", "0", "0", "0", "0", "10", "0", "0", "0", "0", "0", "0", "0", "0", "0", "0", "0", "0", "0", "0", "0" ], "duration": 440.0, "sum": 10 }, "geometry": { "type": "Point", "coordinates": [ -122.385776125990716, 47.661070295466686 ] } },
{ "type": "Feature", "properties": { "lat": 47.661094377170365, "lon": -122.39174187566231, "time_of_day": "Morning", "causation": [ "0", "0", "0", "0", "0", "0", "0", "0", "1", "0", "0", "0", "0", "0", "0", "0", "0", "0", "0", "0", "0", "0", "0", "0" ], "duration": 44.0, "sum": 1 }, "geometry": { "type": "Point", "coordinates": [ -122.391741875662305, 47.661094377170365 ] } },
{ "type": "Feature", "properties": { "lat": 47.661116140288101, "lon": -122.39153550263676, "time_of_day": "Morning", "causation": [ "0", "0", "0", "0", "0", "0", "0", "0", "6", "0", "0", "0", "0", "0", "0", "0", "0", "0", "0", "0", "0", "0", "0", "0" ], "duration": 264.0, "sum": 6 }, "geometry": { "type": "Point", "coordinates": [ -122.391535502636756, 47.661116140288101 ] } },
{ "type": "Feature", "properties": { "lat": 47.661119540461016, "lon": -122.38957827955775, "time_of_day": "Morning", "causation": [ "0", "0", "0", "0", "0", "0", "0", "0", "1", "0", "0", "0", "0", "0", "0", "0", "0", "0", "0", "0", "0", "0", "0", "0" ], "duration": 44.0, "sum": 1 }, "geometry": { "type": "Point", "coordinates": [ -122.389578279557753, 47.661119540461016 ] } },
{ "type": "Feature", "properties": { "lat": 47.661185504433632, "lon": -122.39038109369621, "time_of_day": "Morning", "causation": [ "0", "0", "0", "0", "0", "0", "0", "0", "3", "0", "0", "0", "0", "0", "0", "0", "0", "0", "0", "0", "0", "0", "0", "0" ], "duration": 132.0, "sum": 3 }, "geometry": { "type": "Point", "coordinates": [ -122.390381093696206, 47.661185504433632 ] } },
{ "type": "Feature", "properties": { "lat": 47.661187760143036, "lon": -122.38534084857469, "time_of_day": "Morning", "causation": [ "0", "0", "0", "0", "0", "0", "0", "0", "1", "0", "0", "0", "0", "0", "0", "0", "0", "0", "0", "0", "0", "0", "0", "0" ], "duration": 44.0, "sum": 1 }, "geometry": { "type": "Point", "coordinates": [ -122.385340848574685, 47.661187760143036 ] } },
{ "type": "Feature", "properties": { "lat": 47.661262973751327, "lon": -122.38752431680484, "time_of_day": "Morning", "causation": [ "0", "0", "0", "0", "0", "0", "0", "0", "1", "0", "0", "0", "0", "0", "0", "0", "0", "0", "0", "0", "0", "0", "0", "0" ], "duration": 44.0, "sum": 1 }, "geometry": { "type": "Point", "coordinates": [ -122.387524316804843, 47.661262973751327 ] } },
{ "type": "Feature", "properties": { "lat": 47.661444694397019, "lon": -122.38724522340571, "time_of_day": "Morning", "causation": [ "0", "0", "0", "0", "0", "0", "0", "0", "5", "0", "0", "0", "0", "0", "0", "0", "0", "0", "0", "0", "0", "0", "0", "0" ], "duration": 220.0, "sum": 5 }, "geometry": { "type": "Point", "coordinates": [ -122.387245223405714, 47.661444694397019 ] } },
{ "type": "Feature", "properties": { "lat": 47.661454988710886, "lon": -122.37612002195409, "time_of_day": "Morning", "causation": [ "0", "0", "0", "0", "0", "0", "0", "0", "1", "0", "0", "0", "0", "0", "0", "0", "0", "0", "0", "0", "0", "0", "0", "0" ], "duration": 44.0, "sum": 1 }, "geometry": { "type": "Point", "coordinates": [ -122.376120021954094, 47.661454988710886 ] } },
{ "type": "Feature", "properties": { "lat": 47.661464089057013, "lon": -122.37678222252411, "time_of_day": "Morning", "causation": [ "0", "0", "0", "0", "0", "0", "0", "0", "1", "0", "0", "0", "0", "0", "0", "0", "0", "0", "0", "0", "0", "0", "0", "0" ], "duration": 44.0, "sum": 1 }, "geometry": { "type": "Point", "coordinates": [ -122.376782222524113, 47.661464089057013 ] } },
{ "type": "Feature", "properties": { "lat": 47.661491951754734, "lon": -122.38574987932378, "time_of_day": "Morning", "causation": [ "0", "0", "0", "0", "0", "0", "0", "0", "1", "0", "0", "0", "0", "0", "0", "0", "0", "0", "0", "0", "0", "0", "0", "0" ], "duration": 44.0, "sum": 1 }, "geometry": { "type": "Point", "coordinates": [ -122.385749879323782, 47.661491951754734 ] } },
{ "type": "Feature", "properties": { "lat": 47.661612541748717, "lon": -122.3907644406402, "time_of_day": "Morning", "causation": [ "0", "0", "0", "0", "0", "0", "0", "0", "1", "0", "0", "0", "0", "0", "0", "0", "0", "0", "0", "0", "0", "0", "0", "0" ], "duration": 44.0, "sum": 1 }, "geometry": { "type": "Point", "coordinates": [ -122.390764440640197, 47.661612541748717 ] } },
{ "type": "Feature", "properties": { "lat": 47.661619080433326, "lon": -122.37059553236099, "time_of_day": "Morning", "causation": [ "0", "0", "0", "0", "0", "0", "0", "0", "1", "0", "0", "0", "0", "0", "0", "0", "0", "0", "0", "0", "0", "0", "0", "0" ], "duration": 44.0, "sum": 1 }, "geometry": { "type": "Point", "coordinates": [ -122.370595532360994, 47.661619080433326 ] } },
{ "type": "Feature", "properties": { "lat": 47.661649046022426, "lon": -122.38630868927216, "time_of_day": "Morning", "causation": [ "0", "0", "0", "0", "0", "0", "0", "0", "2", "0", "0", "0", "0", "0", "0", "0", "0", "0", "0", "0", "0", "0", "0", "0" ], "duration": 88.0, "sum": 2 }, "geometry": { "type": "Point", "coordinates": [ -122.386308689272155, 47.661649046022426 ] } },
{ "type": "Feature", "properties": { "lat": 47.66165609614837, "lon": -122.38822221670084, "time_of_day": "Morning", "causation": [ "0", "0", "0", "0", "0", "0", "0", "0", "1", "0", "0", "0", "0", "0", "0", "0", "0", "0", "0", "0", "0", "0", "0", "0" ], "duration": 44.0, "sum": 1 }, "geometry": { "type": "Point", "coordinates": [ -122.388222216700839, 47.66165609614837 ] } },
{ "type": "Feature", "properties": { "lat": 47.661733452838462, "lon": -122.37119198480622, "time_of_day": "Morning", "causation": [ "0", "0", "0", "0", "0", "0", "0", "0", "7", "0", "0", "0", "0", "0", "0", "0", "0", "0", "0", "0", "0", "0", "0", "0" ], "duration": 308.0, "sum": 7 }, "geometry": { "type": "Point", "coordinates": [ -122.371191984806217, 47.661733452838462 ] } },
{ "type": "Feature", "properties": { "lat": 47.661752268140063, "lon": -122.3777477533438, "time_of_day": "Morning", "causation": [ "0", "0", "0", "0", "0", "0", "0", "0", "1", "0", "0", "0", "0", "0", "0", "0", "0", "0", "0", "0", "0", "0", "0", "0" ], "duration": 44.0, "sum": 1 }, "geometry": { "type": "Point", "coordinates": [ -122.377747753343797, 47.661752268140063 ] } },
{ "type": "Feature", "properties": { "lat": 47.661808219717805, "lon": -122.38689193848572, "time_of_day": "Morning", "causation": [ "0", "0", "0", "0", "0", "0", "0", "0", "3", "0", "0", "0", "0", "0", "0", "0", "0", "0", "0", "0", "0", "0", "0", "0" ], "duration": 132.0, "sum": 3 }, "geometry": { "type": "Point", "coordinates": [ -122.386891938485718, 47.661808219717805 ] } },
{ "type": "Feature", "properties": { "lat": 47.661843759273509, "lon": -122.3684126105522, "time_of_day": "Morning", "causation": [ "0", "0", "0", "0", "0", "0", "0", "0", "5", "0", "0", "0", "0", "0", "0", "0", "0", "0", "0", "0", "0", "0", "0", "0" ], "duration": 220.0, "sum": 5 }, "geometry": { "type": "Point", "coordinates": [ -122.368412610552198, 47.661843759273509 ] } },
{ "type": "Feature", "properties": { "lat": 47.661907551885029, "lon": -122.38734022152435, "time_of_day": "Morning", "causation": [ "0", "0", "0", "0", "0", "0", "0", "0", "1", "0", "0", "0", "0", "0", "0", "0", "0", "0", "0", "0", "0", "0", "0", "0" ], "duration": 44.0, "sum": 1 }, "geometry": { "type": "Point", "coordinates": [ -122.387340221524354, 47.661907551885029 ] } },
{ "type": "Feature", "properties": { "lat": 47.661908567901534, "lon": -122.37654301778242, "time_of_day": "Morning", "causation": [ "0", "0", "0", "0", "0", "0", "0", "0", "1", "0", "0", "0", "0", "0", "0", "0", "0", "0", "0", "0", "0", "0", "0", "0" ], "duration": 44.0, "sum": 1 }, "geometry": { "type": "Point", "coordinates": [ -122.376543017782424, 47.661908567901534 ] } },
{ "type": "Feature", "properties": { "lat": 47.661909727242232, "lon": -122.36684581701896, "time_of_day": "Morning", "causation": [ "0", "0", "0", "0", "0", "0", "0", "0", "1", "0", "0", "0", "0", "0", "0", "0", "0", "0", "0", "0", "0", "0", "0", "0" ], "duration": 44.0, "sum": 1 }, "geometry": { "type": "Point", "coordinates": [ -122.366845817018955, 47.661909727242232 ] } },
{ "type": "Feature", "properties": { "lat": 47.662031584853921, "lon": -122.39858823720036, "time_of_day": "Morning", "causation": [ "0", "0", "0", "0", "0", "0", "0", "0", "1", "0", "0", "0", "0", "0", "0", "0", "0", "0", "0", "0", "0", "0", "0", "0" ], "duration": 44.0, "sum": 1 }, "geometry": { "type": "Point", "coordinates": [ -122.398588237200357, 47.662031584853921 ] } },
{ "type": "Feature", "properties": { "lat": 47.662042014281738, "lon": -122.37292930647712, "time_of_day": "Morning", "causation": [ "0", "0", "0", "0", "0", "0", "0", "0", "3", "0", "0", "0", "0", "0", "0", "0", "0", "0", "0", "0", "0", "0", "0", "0" ], "duration": 132.0, "sum": 3 }, "geometry": { "type": "Point", "coordinates": [ -122.372929306477118, 47.662042014281738 ] } },
{ "type": "Feature", "properties": { "lat": 47.662054958908371, "lon": -122.3769669934204, "time_of_day": "Morning", "causation": [ "0", "0", "0", "0", "0", "0", "0", "0", "1", "0", "0", "0", "0", "0", "0", "0", "0", "0", "0", "0", "0", "0", "0", "0" ], "duration": 44.0, "sum": 1 }, "geometry": { "type": "Point", "coordinates": [ -122.376966993420396, 47.662054958908371 ] } },
{ "type": "Feature", "properties": { "lat": 47.662063960922758, "lon": -122.38949158498662, "time_of_day": "Morning", "causation": [ "0", "0", "0", "0", "0", "0", "0", "0", "2", "0", "0", "0", "0", "0", "0", "0", "0", "0", "0", "0", "0", "0", "0", "0" ], "duration": 88.0, "sum": 2 }, "geometry": { "type": "Point", "coordinates": [ -122.389491584986615, 47.662063960922758 ] } },
{ "type": "Feature", "properties": { "lat": 47.662136638655731, "lon": -122.3980401650746, "time_of_day": "Morning", "causation": [ "0", "0", "0", "0", "0", "0", "0", "0", "1", "0", "0", "0", "0", "0", "0", "0", "0", "0", "0", "0", "0", "0", "0", "0" ], "duration": 44.0, "sum": 1 }, "geometry": { "type": "Point", "coordinates": [ -122.398040165074605, 47.662136638655731 ] } },
{ "type": "Feature", "properties": { "lat": 47.662163012777022, "lon": -122.39856798722543, "time_of_day": "Morning", "causation": [ "0", "0", "0", "0", "0", "0", "0", "0", "1", "0", "0", "0", "0", "0", "0", "0", "0", "0", "0", "0", "0", "0", "0", "0" ], "duration": 44.0, "sum": 1 }, "geometry": { "type": "Point", "coordinates": [ -122.398567987225434, 47.662163012777022 ] } },
{ "type": "Feature", "properties": { "lat": 47.662209404323256, "lon": -122.37922493995175, "time_of_day": "Morning", "causation": [ "0", "0", "0", "0", "0", "0", "0", "0", "2", "0", "0", "0", "0", "0", "0", "0", "0", "0", "0", "0", "0", "0", "0", "0" ], "duration": 88.0, "sum": 2 }, "geometry": { "type": "Point", "coordinates": [ -122.379224939951754, 47.662209404323256 ] } },
{ "type": "Feature", "properties": { "lat": 47.662286086311617, "lon": -122.39857578454846, "time_of_day": "Morning", "causation": [ "0", "0", "0", "0", "0", "0", "0", "0", "1", "0", "0", "0", "0", "0", "0", "0", "0", "0", "0", "0", "0", "0", "0", "0" ], "duration": 44.0, "sum": 1 }, "geometry": { "type": "Point", "coordinates": [ -122.398575784548456, 47.662286086311617 ] } },
{ "type": "Feature", "properties": { "lat": 47.662298659119379, "lon": -122.39805290019784, "time_of_day": "Morning", "causation": [ "0", "0", "0", "0", "0", "0", "0", "0", "1", "0", "0", "0", "0", "0", "0", "0", "0", "0", "0", "0", "0", "0", "0", "0" ], "duration": 44.0, "sum": 1 }, "geometry": { "type": "Point", "coordinates": [ -122.39805290019784, 47.662298659119379 ] } },
{ "type": "Feature", "properties": { "lat": 47.662360899970039, "lon": -122.37325583429272, "time_of_day": "Morning", "causation": [ "0", "0", "0", "0", "0", "0", "0", "0", "5", "0", "0", "0", "0", "0", "0", "0", "0", "0", "0", "0", "0", "0", "0", "0" ], "duration": 220.0, "sum": 5 }, "geometry": { "type": "Point", "coordinates": [ -122.373255834292721, 47.662360899970039 ] } },
{ "type": "Feature", "properties": { "lat": 47.662388765684682, "lon": -122.38832057863166, "time_of_day": "Morning", "causation": [ "0", "0", "0", "0", "0", "0", "0", "0", "1", "0", "0", "0", "0", "0", "0", "0", "0", "0", "0", "0", "0", "0", "0", "0" ], "duration": 44.0, "sum": 1 }, "geometry": { "type": "Point", "coordinates": [ -122.388320578631664, 47.662388765684682 ] } },
{ "type": "Feature", "properties": { "lat": 47.662410748159566, "lon": -122.36664705377868, "time_of_day": "Morning", "causation": [ "0", "0", "0", "0", "0", "0", "0", "0", "1", "0", "0", "0", "0", "0", "0", "0", "0", "0", "0", "0", "0", "0", "0", "0" ], "duration": 44.0, "sum": 1 }, "geometry": { "type": "Point", "coordinates": [ -122.366647053778678, 47.662410748159566 ] } },
{ "type": "Feature", "properties": { "lat": 47.66241511667063, "lon": -122.36553893518844, "time_of_day": "Morning", "causation": [ "0", "0", "0", "0", "0", "0", "0", "0", "1", "0", "0", "0", "0", "0", "0", "0", "0", "0", "0", "0", "0", "0", "0", "0" ], "duration": 44.0, "sum": 1 }, "geometry": { "type": "Point", "coordinates": [ -122.365538935188439, 47.66241511667063 ] } },
{ "type": "Feature", "properties": { "lat": 47.662415865276152, "lon": -122.37704717535136, "time_of_day": "Morning", "causation": [ "0", "0", "0", "0", "0", "0", "0", "0", "3", "0", "0", "0", "0", "0", "0", "0", "0", "0", "0", "0", "0", "0", "0", "0" ], "duration": 132.0, "sum": 3 }, "geometry": { "type": "Point", "coordinates": [ -122.377047175351365, 47.662415865276152 ] } },
{ "type": "Feature", "properties": { "lat": 47.662433168118376, "lon": -122.37684132088856, "time_of_day": "Morning", "causation": [ "0", "0", "0", "0", "0", "0", "0", "0", "2", "0", "0", "0", "0", "0", "0", "0", "0", "0", "0", "0", "0", "0", "0", "0" ], "duration": 88.0, "sum": 2 }, "geometry": { "type": "Point", "coordinates": [ -122.376841320888559, 47.662433168118376 ] } },
{ "type": "Feature", "properties": { "lat": 47.662458417384151, "lon": -122.37823848233748, "time_of_day": "Morning", "causation": [ "0", "0", "0", "0", "0", "0", "0", "0", "1", "0", "0", "0", "0", "0", "0", "0", "0", "0", "0", "0", "0", "0", "0", "0" ], "duration": 44.0, "sum": 1 }, "geometry": { "type": "Point", "coordinates": [ -122.37823848233748, 47.662458417384151 ] } },
{ "type": "Feature", "properties": { "lat": 47.662464627147465, "lon": -122.37805152151576, "time_of_day": "Morning", "causation": [ "0", "0", "0", "0", "0", "0", "0", "0", "2", "0", "0", "0", "0", "0", "0", "0", "0", "0", "0", "0", "0", "0", "0", "0" ], "duration": 88.0, "sum": 2 }, "geometry": { "type": "Point", "coordinates": [ -122.378051521515758, 47.662464627147465 ] } },
{ "type": "Feature", "properties": { "lat": 47.662482634621803, "lon": -122.37262358045714, "time_of_day": "Morning", "causation": [ "0", "0", "0", "0", "0", "0", "0", "0", "1", "0", "0", "0", "0", "0", "0", "0", "0", "0", "0", "0", "0", "0", "0", "0" ], "duration": 44.0, "sum": 1 }, "geometry": { "type": "Point", "coordinates": [ -122.372623580457144, 47.662482634621803 ] } },
{ "type": "Feature", "properties": { "lat": 47.662495141673183, "lon": -122.37326028195471, "time_of_day": "Morning", "causation": [ "0", "0", "0", "0", "0", "0", "0", "0", "1", "0", "0", "0", "0", "0", "0", "0", "0", "0", "0", "0", "0", "0", "0", "0" ], "duration": 44.0, "sum": 1 }, "geometry": { "type": "Point", "coordinates": [ -122.373260281954714, 47.662495141673183 ] } },
{ "type": "Feature", "properties": { "lat": 47.662498799613672, "lon": -122.37179340667436, "time_of_day": "Morning", "causation": [ "0", "0", "0", "0", "0", "0", "0", "0", "4", "0", "0", "0", "0", "0", "0", "0", "0", "0", "0", "0", "0", "0", "0", "0" ], "duration": 176.0, "sum": 4 }, "geometry": { "type": "Point", "coordinates": [ -122.371793406674357, 47.662498799613672 ] } },
{ "type": "Feature", "properties": { "lat": 47.662519489989627, "lon": -122.3772900914104, "time_of_day": "Morning", "causation": [ "0", "0", "0", "0", "0", "0", "0", "0", "5", "0", "0", "0", "0", "0", "0", "0", "0", "0", "0", "0", "0", "0", "0", "0" ], "duration": 220.0, "sum": 5 }, "geometry": { "type": "Point", "coordinates": [ -122.377290091410401, 47.662519489989627 ] } },
{ "type": "Feature", "properties": { "lat": 47.662558510539455, "lon": -122.37998734724781, "time_of_day": "Morning", "causation": [ "0", "0", "0", "0", "0", "0", "0", "0", "2", "0", "0", "0", "0", "0", "0", "0", "0", "0", "0", "0", "0", "0", "0", "0" ], "duration": 88.0, "sum": 2 }, "geometry": { "type": "Point", "coordinates": [ -122.379987347247805, 47.662558510539455 ] } },
{ "type": "Feature", "properties": { "lat": 47.662664371985763, "lon": -122.37787049384811, "time_of_day": "Morning", "causation": [ "0", "0", "0", "0", "0", "0", "0", "0", "1", "0", "0", "0", "0", "0", "0", "0", "0", "0", "0", "0", "0", "0", "0", "0" ], "duration": 44.0, "sum": 1 }, "geometry": { "type": "Point", "coordinates": [ -122.377870493848107, 47.662664371985763 ] } },
{ "type": "Feature", "properties": { "lat": 47.662673740694231, "lon": -122.37813237577085, "time_of_day": "Morning", "causation": [ "0", "0", "0", "0", "0", "0", "0", "0", "1", "0", "0", "0", "0", "0", "0", "0", "0", "0", "0", "0", "0", "0", "0", "0" ], "duration": 44.0, "sum": 1 }, "geometry": { "type": "Point", "coordinates": [ -122.378132375770846, 47.662673740694231 ] } },
{ "type": "Feature", "properties": { "lat": 47.662676445897127, "lon": -122.37722466740792, "time_of_day": "Morning", "causation": [ "0", "0", "0", "0", "0", "0", "0", "0", "2", "0", "0", "0", "0", "0", "0", "0", "0", "0", "0", "0", "0", "0", "0", "0" ], "duration": 88.0, "sum": 2 }, "geometry": { "type": "Point", "coordinates": [ -122.377224667407916, 47.662676445897127 ] } },
{ "type": "Feature", "properties": { "lat": 47.662682542583099, "lon": -122.37763170977369, "time_of_day": "Morning", "causation": [ "0", "0", "0", "0", "0", "0", "0", "0", "1", "0", "0", "0", "0", "0", "0", "0", "0", "0", "0", "0", "0", "0", "0", "0" ], "duration": 44.0, "sum": 1 }, "geometry": { "type": "Point", "coordinates": [ -122.377631709773695, 47.662682542583099 ] } },
{ "type": "Feature", "properties": { "lat": 47.662689855549104, "lon": -122.37840673260141, "time_of_day": "Morning", "causation": [ "0", "0", "0", "0", "0", "0", "0", "0", "1", "0", "0", "0", "0", "0", "0", "0", "0", "0", "0", "0", "0", "0", "0", "0" ], "duration": 44.0, "sum": 1 }, "geometry": { "type": "Point", "coordinates": [ -122.378406732601405, 47.662689855549104 ] } },
{ "type": "Feature", "properties": { "lat": 47.662727083193353, "lon": -122.37919998529084, "time_of_day": "Morning", "causation": [ "0", "0", "0", "0", "0", "0", "0", "0", "2", "0", "0", "0", "0", "0", "0", "0", "0", "0", "0", "0", "0", "0", "0", "0" ], "duration": 88.0, "sum": 2 }, "geometry": { "type": "Point", "coordinates": [ -122.379199985290839, 47.662727083193353 ] } },
{ "type": "Feature", "properties": { "lat": 47.662731186600141, "lon": -122.37745554716486, "time_of_day": "Morning", "causation": [ "0", "0", "0", "0", "0", "0", "0", "0", "3", "0", "0", "0", "0", "0", "0", "0", "0", "0", "0", "0", "0", "0", "0", "0" ], "duration": 132.0, "sum": 3 }, "geometry": { "type": "Point", "coordinates": [ -122.377455547164857, 47.662731186600141 ] } },
{ "type": "Feature", "properties": { "lat": 47.662772439358697, "lon": -122.37303322351892, "time_of_day": "Morning", "causation": [ "0", "0", "0", "0", "0", "0", "0", "0", "1", "0", "0", "0", "0", "0", "0", "0", "0", "0", "0", "0", "0", "0", "0", "0" ], "duration": 44.0, "sum": 1 }, "geometry": { "type": "Point", "coordinates": [ -122.373033223518917, 47.662772439358697 ] } },
{ "type": "Feature", "properties": { "lat": 47.662844283080318, "lon": -122.39570344299996, "time_of_day": "Morning", "causation": [ "0", "0", "0", "0", "0", "0", "0", "0", "1", "0", "0", "0", "0", "0", "0", "0", "0", "0", "0", "0", "0", "0", "0", "0" ], "duration": 44.0, "sum": 1 }, "geometry": { "type": "Point", "coordinates": [ -122.39570344299996, 47.662844283080318 ] } },
{ "type": "Feature", "properties": { "lat": 47.662884765377861, "lon": -122.37943019910904, "time_of_day": "Morning", "causation": [ "0", "0", "0", "0", "0", "0", "0", "0", "2", "0", "0", "0", "0", "0", "0", "0", "0", "0", "0", "0", "0", "0", "0", "0" ], "duration": 88.0, "sum": 2 }, "geometry": { "type": "Point", "coordinates": [ -122.379430199109038, 47.662884765377861 ] } },
{ "type": "Feature", "properties": { "lat": 47.662954285428526, "lon": -122.39599613117204, "time_of_day": "Morning", "causation": [ "0", "0", "0", "0", "0", "0", "0", "0", "1", "0", "0", "0", "0", "0", "0", "0", "0", "0", "0", "0", "0", "0", "0", "0" ], "duration": 44.0, "sum": 1 }, "geometry": { "type": "Point", "coordinates": [ -122.395996131172041, 47.662954285428526 ] } },
{ "type": "Feature", "properties": { "lat": 47.663023221832312, "lon": -122.39461803051113, "time_of_day": "Morning", "causation": [ "0", "0", "0", "0", "0", "0", "0", "0", "1", "0", "0", "0", "0", "0", "0", "0", "0", "0", "0", "0", "0", "0", "0", "0" ], "duration": 44.0, "sum": 1 }, "geometry": { "type": "Point", "coordinates": [ -122.394618030511126, 47.663023221832312 ] } },
{ "type": "Feature", "properties": { "lat": 47.663023981157778, "lon": -122.39635395707369, "time_of_day": "Morning", "causation": [ "0", "0", "0", "0", "0", "0", "0", "0", "2", "0", "0", "0", "0", "0", "0", "0", "0", "0", "0", "0", "0", "0", "0", "0" ], "duration": 88.0, "sum": 2 }, "geometry": { "type": "Point", "coordinates": [ -122.396353957073686, 47.663023981157778 ] } },
{ "type": "Feature", "properties": { "lat": 47.663045892404575, "lon": -122.37874995707752, "time_of_day": "Morning", "causation": [ "0", "0", "0", "0", "0", "0", "0", "0", "6", "0", "0", "0", "0", "0", "0", "0", "0", "0", "0", "0", "0", "0", "0", "0" ], "duration": 264.0, "sum": 6 }, "geometry": { "type": "Point", "coordinates": [ -122.378749957077517, 47.663045892404575 ] } },
{ "type": "Feature", "properties": { "lat": 47.663047824318006, "lon": -122.38104251228144, "time_of_day": "Morning", "causation": [ "0", "0", "0", "0", "0", "0", "0", "0", "1", "0", "0", "0", "0", "0", "0", "0", "0", "0", "0", "0", "0", "0", "0", "0" ], "duration": 44.0, "sum": 1 }, "geometry": { "type": "Point", "coordinates": [ -122.381042512281439, 47.663047824318006 ] } },
{ "type": "Feature", "properties": { "lat": 47.663050503944653, "lon": -122.39170948597548, "time_of_day": "Morning", "causation": [ "0", "0", "0", "0", "0", "0", "0", "0", "2", "0", "0", "0", "0", "0", "0", "0", "0", "0", "0", "0", "0", "0", "0", "0" ], "duration": 88.0, "sum": 2 }, "geometry": { "type": "Point", "coordinates": [ -122.391709485975483, 47.663050503944653 ] } },
{ "type": "Feature", "properties": { "lat": 47.663106573720583, "lon": -122.37826949669794, "time_of_day": "Morning", "causation": [ "0", "0", "0", "0", "0", "0", "0", "0", "1", "0", "0", "0", "0", "0", "0", "0", "0", "0", "0", "0", "0", "0", "0", "0" ], "duration": 44.0, "sum": 1 }, "geometry": { "type": "Point", "coordinates": [ -122.378269496697939, 47.663106573720583 ] } },
{ "type": "Feature", "properties": { "lat": 47.663158775301547, "lon": -122.37726813261752, "time_of_day": "Morning", "causation": [ "0", "0", "0", "0", "0", "0", "0", "0", "1", "0", "0", "0", "0", "0", "0", "0", "0", "0", "0", "0", "0", "0", "0", "0" ], "duration": 44.0, "sum": 1 }, "geometry": { "type": "Point", "coordinates": [ -122.377268132617516, 47.663158775301547 ] } },
{ "type": "Feature", "properties": { "lat": 47.66316732399337, "lon": -122.37959242299505, "time_of_day": "Morning", "causation": [ "0", "0", "0", "0", "0", "0", "0", "0", "1", "0", "0", "0", "0", "0", "0", "0", "0", "0", "0", "0", "0", "0", "0", "0" ], "duration": 44.0, "sum": 1 }, "geometry": { "type": "Point", "coordinates": [ -122.379592422995046, 47.66316732399337 ] } },
{ "type": "Feature", "properties": { "lat": 47.663176638925087, "lon": -122.3774470436835, "time_of_day": "Morning", "causation": [ "0", "0", "0", "0", "0", "0", "0", "0", "1", "0", "0", "0", "0", "0", "0", "0", "0", "0", "0", "0", "0", "0", "0", "0" ], "duration": 44.0, "sum": 1 }, "geometry": { "type": "Point", "coordinates": [ -122.377447043683503, 47.663176638925087 ] } },
{ "type": "Feature", "properties": { "lat": 47.663194929477363, "lon": -122.37785609216786, "time_of_day": "Morning", "causation": [ "0", "0", "0", "0", "0", "0", "0", "0", "1", "0", "0", "0", "0", "0", "0", "0", "0", "0", "0", "0", "0", "0", "0", "0" ], "duration": 44.0, "sum": 1 }, "geometry": { "type": "Point", "coordinates": [ -122.37785609216786, 47.663194929477363 ] } },
{ "type": "Feature", "properties": { "lat": 47.6632095215653, "lon": -122.39684947132068, "time_of_day": "Morning", "causation": [ "0", "0", "0", "0", "0", "0", "0", "0", "2", "0", "0", "0", "0", "0", "0", "0", "0", "0", "0", "0", "0", "0", "0", "0" ], "duration": 88.0, "sum": 2 }, "geometry": { "type": "Point", "coordinates": [ -122.396849471320678, 47.6632095215653 ] } },
{ "type": "Feature", "properties": { "lat": 47.663237028965092, "lon": -122.37912096161573, "time_of_day": "Morning", "causation": [ "0", "0", "0", "0", "0", "0", "0", "0", "1", "0", "0", "0", "0", "0", "0", "0", "0", "0", "0", "0", "0", "0", "0", "0" ], "duration": 44.0, "sum": 1 }, "geometry": { "type": "Point", "coordinates": [ -122.379120961615726, 47.663237028965092 ] } },
{ "type": "Feature", "properties": { "lat": 47.663242464858605, "lon": -122.37684003602054, "time_of_day": "Morning", "causation": [ "0", "0", "0", "0", "0", "0", "0", "0", "1", "0", "0", "0", "0", "0", "0", "0", "0", "0", "0", "0", "0", "0", "0", "0" ], "duration": 44.0, "sum": 1 }, "geometry": { "type": "Point", "coordinates": [ -122.376840036020539, 47.663242464858605 ] } },
{ "type": "Feature", "properties": { "lat": 47.663254888687369, "lon": -122.38151718778025, "time_of_day": "Morning", "causation": [ "0", "0", "0", "0", "0", "0", "0", "0", "1", "0", "0", "0", "0", "0", "0", "0", "0", "0", "0", "0", "0", "0", "0", "0" ], "duration": 44.0, "sum": 1 }, "geometry": { "type": "Point", "coordinates": [ -122.381517187780247, 47.663254888687369 ] } },
{ "type": "Feature", "properties": { "lat": 47.663409026061458, "lon": -122.39783411663332, "time_of_day": "Morning", "causation": [ "0", "0", "0", "0", "0", "0", "0", "0", "4", "0", "0", "0", "0", "0", "0", "0", "0", "0", "0", "0", "0", "0", "0", "0" ], "duration": 176.0, "sum": 4 }, "geometry": { "type": "Point", "coordinates": [ -122.397834116633319, 47.663409026061458 ] } },
{ "type": "Feature", "properties": { "lat": 47.66347361038094, "lon": -122.38008838066004, "time_of_day": "Morning", "causation": [ "0", "0", "0", "0", "0", "0", "0", "0", "1", "0", "0", "0", "0", "0", "0", "0", "0", "0", "0", "0", "0", "0", "0", "0" ], "duration": 44.0, "sum": 1 }, "geometry": { "type": "Point", "coordinates": [ -122.380088380660041, 47.66347361038094 ] } },
{ "type": "Feature", "properties": { "lat": 47.663518592764731, "lon": -122.38013952335936, "time_of_day": "Morning", "causation": [ "0", "0", "0", "0", "0", "0", "0", "0", "10", "0", "0", "0", "0", "0", "0", "0", "0", "0", "0", "0", "0", "0", "0", "0" ], "duration": 440.0, "sum": 10 }, "geometry": { "type": "Point", "coordinates": [ -122.380139523359361, 47.663518592764731 ] } },
{ "type": "Feature", "properties": { "lat": 47.66353641613194, "lon": -122.38065268391122, "time_of_day": "Morning", "causation": [ "0", "0", "0", "0", "0", "0", "0", "0", "1", "0", "0", "0", "0", "0", "0", "0", "0", "0", "0", "0", "0", "0", "0", "0" ], "duration": 44.0, "sum": 1 }, "geometry": { "type": "Point", "coordinates": [ -122.380652683911222, 47.66353641613194 ] } },
{ "type": "Feature", "properties": { "lat": 47.663549568232092, "lon": -122.39701029406272, "time_of_day": "Morning", "causation": [ "0", "0", "0", "0", "0", "0", "0", "0", "3", "0", "0", "0", "0", "0", "0", "0", "0", "0", "0", "0", "0", "0", "0", "0" ], "duration": 132.0, "sum": 3 }, "geometry": { "type": "Point", "coordinates": [ -122.397010294062724, 47.663549568232092 ] } },
{ "type": "Feature", "properties": { "lat": 47.663602047281664, "lon": -122.38178502421584, "time_of_day": "Morning", "causation": [ "0", "0", "0", "0", "0", "0", "0", "0", "4", "0", "0", "0", "0", "0", "0", "0", "0", "0", "0", "0", "0", "0", "0", "0" ], "duration": 176.0, "sum": 4 }, "geometry": { "type": "Point", "coordinates": [ -122.381785024215844, 47.663602047281664 ] } },
{ "type": "Feature", "properties": { "lat": 47.663623672290477, "lon": -122.3980751737857, "time_of_day": "Morning", "causation": [ "0", "0", "0", "0", "0", "0", "0", "0", "1", "0", "0", "0", "0", "0", "0", "0", "0", "0", "0", "0", "0", "0", "0", "0" ], "duration": 44.0, "sum": 1 }, "geometry": { "type": "Point", "coordinates": [ -122.398075173785699, 47.663623672290477 ] } },
{ "type": "Feature", "properties": { "lat": 47.663674299091809, "lon": -122.39732222562722, "time_of_day": "Morning", "causation": [ "0", "0", "0", "0", "0", "0", "0", "0", "16", "0", "0", "0", "0", "0", "0", "0", "0", "0", "0", "0", "0", "0", "0", "0" ], "duration": 704.0, "sum": 16 }, "geometry": { "type": "Point", "coordinates": [ -122.397322225627221, 47.663674299091809 ] } },
{ "type": "Feature", "properties": { "lat": 47.663676791494993, "lon": -122.3800438673085, "time_of_day": "Morning", "causation": [ "0", "0", "0", "0", "0", "0", "0", "0", "1", "0", "0", "0", "0", "0", "0", "0", "0", "0", "0", "0", "0", "0", "0", "0" ], "duration": 44.0, "sum": 1 }, "geometry": { "type": "Point", "coordinates": [ -122.380043867308501, 47.663676791494993 ] } },
{ "type": "Feature", "properties": { "lat": 47.663727276925066, "lon": -122.38331376023253, "time_of_day": "Morning", "causation": [ "0", "0", "0", "0", "0", "0", "0", "0", "3", "0", "0", "0", "0", "0", "0", "0", "0", "0", "0", "0", "0", "0", "0", "0" ], "duration": 132.0, "sum": 3 }, "geometry": { "type": "Point", "coordinates": [ -122.383313760232525, 47.663727276925066 ] } },
{ "type": "Feature", "properties": { "lat": 47.663810540338922, "lon": -122.39863035961579, "time_of_day": "Morning", "causation": [ "0", "0", "0", "0", "0", "0", "0", "0", "1", "0", "0", "0", "0", "0", "0", "0", "0", "0", "0", "0", "0", "0", "0", "0" ], "duration": 44.0, "sum": 1 }, "geometry": { "type": "Point", "coordinates": [ -122.398630359615794, 47.663810540338922 ] } },
{ "type": "Feature", "properties": { "lat": 47.663900257670512, "lon": -122.39905290721144, "time_of_day": "Morning", "causation": [ "0", "0", "0", "0", "0", "0", "0", "0", "1", "0", "0", "0", "0", "0", "0", "0", "0", "0", "0", "0", "0", "0", "0", "0" ], "duration": 44.0, "sum": 1 }, "geometry": { "type": "Point", "coordinates": [ -122.399052907211441, 47.663900257670512 ] } },
{ "type": "Feature", "properties": { "lat": 47.663912164442138, "lon": -122.39786826879276, "time_of_day": "Morning", "causation": [ "0", "0", "0", "0", "0", "0", "0", "0", "21", "0", "0", "0", "0", "0", "0", "0", "0", "0", "0", "0", "0", "0", "0", "0" ], "duration": 924.0, "sum": 21 }, "geometry": { "type": "Point", "coordinates": [ -122.397868268792763, 47.663912164442138 ] } },
{ "type": "Feature", "properties": { "lat": 47.663936267433066, "lon": -122.39925825664588, "time_of_day": "Morning", "causation": [ "0", "0", "0", "0", "0", "0", "0", "0", "1", "0", "0", "0", "0", "0", "0", "0", "0", "0", "0", "0", "0", "0", "0", "0" ], "duration": 44.0, "sum": 1 }, "geometry": { "type": "Point", "coordinates": [ -122.399258256645879, 47.663936267433066 ] } },
{ "type": "Feature", "properties": { "lat": 47.663946779712106, "lon": -122.39878912515437, "time_of_day": "Morning", "causation": [ "0", "0", "0", "0", "0", "0", "0", "0", "1", "0", "0", "0", "0", "0", "0", "0", "0", "0", "0", "0", "0", "0", "0", "0" ], "duration": 44.0, "sum": 1 }, "geometry": { "type": "Point", "coordinates": [ -122.398789125154366, 47.663946779712106 ] } },
{ "type": "Feature", "properties": { "lat": 47.663978690101011, "lon": -122.39616125458582, "time_of_day": "Morning", "causation": [ "0", "0", "0", "0", "0", "0", "0", "0", "1", "0", "0", "0", "0", "0", "0", "0", "0", "0", "0", "0", "0", "0", "0", "0" ], "duration": 44.0, "sum": 1 }, "geometry": { "type": "Point", "coordinates": [ -122.39616125458582, 47.663978690101011 ] } },
{ "type": "Feature", "properties": { "lat": 47.664017980032561, "lon": -122.39702740900574, "time_of_day": "Morning", "causation": [ "0", "0", "0", "0", "0", "0", "0", "0", "38", "0", "0", "0", "0", "0", "0", "0", "0", "0", "0", "0", "0", "0", "0", "0" ], "duration": 1672.0, "sum": 38 }, "geometry": { "type": "Point", "coordinates": [ -122.397027409005744, 47.664017980032561 ] } },
{ "type": "Feature", "properties": { "lat": 47.664025172842251, "lon": -122.39912407089631, "time_of_day": "Morning", "causation": [ "0", "0", "0", "0", "0", "0", "0", "0", "1", "0", "0", "0", "0", "0", "0", "0", "0", "0", "0", "0", "0", "0", "0", "0" ], "duration": 44.0, "sum": 1 }, "geometry": { "type": "Point", "coordinates": [ -122.399124070896306, 47.664025172842251 ] } },
{ "type": "Feature", "properties": { "lat": 47.664027609865087, "lon": -122.38135633529322, "time_of_day": "Morning", "causation": [ "0", "0", "0", "0", "0", "0", "0", "0", "1", "0", "0", "0", "0", "0", "0", "0", "0", "0", "0", "0", "0", "0", "0", "0" ], "duration": 44.0, "sum": 1 }, "geometry": { "type": "Point", "coordinates": [ -122.381356335293219, 47.664027609865087 ] } },
{ "type": "Feature", "properties": { "lat": 47.664051050562428, "lon": -122.39972106474148, "time_of_day": "Morning", "causation": [ "0", "0", "0", "0", "0", "0", "0", "0", "1", "0", "0", "0", "0", "0", "0", "0", "0", "0", "0", "0", "0", "0", "0", "0" ], "duration": 44.0, "sum": 1 }, "geometry": { "type": "Point", "coordinates": [ -122.399721064741485, 47.664051050562428 ] } },
{ "type": "Feature", "properties": { "lat": 47.664118659408139, "lon": -122.38103910700124, "time_of_day": "Morning", "causation": [ "0", "0", "0", "0", "0", "0", "0", "0", "1", "0", "0", "0", "0", "0", "0", "0", "0", "0", "0", "0", "0", "0", "0", "0" ], "duration": 44.0, "sum": 1 }, "geometry": { "type": "Point", "coordinates": [ -122.381039107001243, 47.664118659408139 ] } },
{ "type": "Feature", "properties": { "lat": 47.664178250677857, "lon": -122.39925053197857, "time_of_day": "Morning", "causation": [ "0", "0", "0", "0", "0", "0", "0", "0", "1", "0", "0", "0", "0", "0", "0", "0", "0", "0", "0", "0", "0", "0", "0", "0" ], "duration": 44.0, "sum": 1 }, "geometry": { "type": "Point", "coordinates": [ -122.399250531978566, 47.664178250677857 ] } },
{ "type": "Feature", "properties": { "lat": 47.664217116015003, "lon": -122.39850841753166, "time_of_day": "Morning", "causation": [ "0", "0", "0", "0", "0", "0", "0", "0", "18", "0", "0", "0", "0", "0", "0", "0", "0", "0", "0", "0", "0", "0", "0", "0" ], "duration": 792.0, "sum": 18 }, "geometry": { "type": "Point", "coordinates": [ -122.398508417531659, 47.664217116015003 ] } },
{ "type": "Feature", "properties": { "lat": 47.664268996877134, "lon": -122.38341327918369, "time_of_day": "Morning", "causation": [ "0", "0", "0", "0", "0", "0", "0", "0", "3", "0", "0", "0", "0", "0", "0", "0", "0", "0", "0", "0", "0", "0", "0", "0" ], "duration": 132.0, "sum": 3 }, "geometry": { "type": "Point", "coordinates": [ -122.383413279183685, 47.664268996877134 ] } },
{ "type": "Feature", "properties": { "lat": 47.664297487905664, "lon": -122.3809627385574, "time_of_day": "Morning", "causation": [ "0", "0", "0", "0", "0", "0", "0", "0", "1", "0", "0", "0", "0", "0", "0", "0", "0", "0", "0", "0", "0", "0", "0", "0" ], "duration": 44.0, "sum": 1 }, "geometry": { "type": "Point", "coordinates": [ -122.3809627385574, 47.664297487905664 ] } },
{ "type": "Feature", "properties": { "lat": 47.664311275930906, "lon": -122.37989979112264, "time_of_day": "Morning", "causation": [ "0", "0", "0", "0", "0", "0", "0", "0", "1", "0", "0", "0", "0", "0", "0", "0", "0", "0", "0", "0", "0", "0", "0", "0" ], "duration": 44.0, "sum": 1 }, "geometry": { "type": "Point", "coordinates": [ -122.379899791122639, 47.664311275930906 ] } },
{ "type": "Feature", "properties": { "lat": 47.664317018622647, "lon": -122.39999426493844, "time_of_day": "Morning", "causation": [ "0", "0", "0", "0", "0", "0", "0", "0", "1", "0", "0", "0", "0", "0", "0", "0", "0", "0", "0", "0", "0", "0", "0", "0" ], "duration": 44.0, "sum": 1 }, "geometry": { "type": "Point", "coordinates": [ -122.399994264938442, 47.664317018622647 ] } },
{ "type": "Feature", "properties": { "lat": 47.664373669941007, "lon": -122.3817998598736, "time_of_day": "Morning", "causation": [ "0", "0", "0", "0", "0", "0", "0", "0", "1", "0", "0", "0", "0", "0", "0", "0", "0", "0", "0", "0", "0", "0", "0", "0" ], "duration": 44.0, "sum": 1 }, "geometry": { "type": "Point", "coordinates": [ -122.381799859873595, 47.664373669941007 ] } },
{ "type": "Feature", "properties": { "lat": 47.664397559481749, "lon": -122.38146494966443, "time_of_day": "Morning", "causation": [ "0", "0", "0", "0", "0", "0", "0", "0", "1", "0", "0", "0", "0", "0", "0", "0", "0", "0", "0", "0", "0", "0", "0", "0" ], "duration": 44.0, "sum": 1 }, "geometry": { "type": "Point", "coordinates": [ -122.381464949664434, 47.664397559481749 ] } },
{ "type": "Feature", "properties": { "lat": 47.664415805201536, "lon": -122.38034077157238, "time_of_day": "Morning", "causation": [ "0", "0", "0", "0", "0", "0", "0", "0", "3", "0", "0", "0", "0", "0", "0", "0", "0", "0", "0", "0", "0", "0", "0", "0" ], "duration": 132.0, "sum": 3 }, "geometry": { "type": "Point", "coordinates": [ -122.380340771572378, 47.664415805201536 ] } },
{ "type": "Feature", "properties": { "lat": 47.664417386346592, "lon": -122.39972942516572, "time_of_day": "Morning", "causation": [ "0", "0", "0", "0", "0", "0", "0", "0", "1", "0", "0", "0", "0", "0", "0", "0", "0", "0", "0", "0", "0", "0", "0", "0" ], "duration": 44.0, "sum": 1 }, "geometry": { "type": "Point", "coordinates": [ -122.399729425165717, 47.664417386346592 ] } },
{ "type": "Feature", "properties": { "lat": 47.664434379239147, "lon": -122.38353896914067, "time_of_day": "Morning", "causation": [ "0", "0", "0", "0", "0", "0", "0", "0", "1", "0", "0", "0", "0", "0", "0", "0", "0", "0", "0", "0", "0", "0", "0", "0" ], "duration": 44.0, "sum": 1 }, "geometry": { "type": "Point", "coordinates": [ -122.383538969140673, 47.664434379239147 ] } },
{ "type": "Feature", "properties": { "lat": 47.664439509067002, "lon": -122.39803868395414, "time_of_day": "Morning", "causation": [ "0", "0", "0", "0", "0", "0", "0", "0", "33", "0", "0", "0", "0", "0", "0", "0", "0", "0", "0", "0", "0", "0", "0", "0" ], "duration": 1452.0, "sum": 33 }, "geometry": { "type": "Point", "coordinates": [ -122.398038683954141, 47.664439509067002 ] } },
{ "type": "Feature", "properties": { "lat": 47.664479947213401, "lon": -122.38111722921698, "time_of_day": "Morning", "causation": [ "0", "0", "0", "0", "0", "0", "0", "0", "4", "0", "0", "0", "0", "0", "0", "0", "0", "0", "0", "0", "0", "0", "0", "0" ], "duration": 176.0, "sum": 4 }, "geometry": { "type": "Point", "coordinates": [ -122.381117229216983, 47.664479947213401 ] } },
{ "type": "Feature", "properties": { "lat": 47.664585083868914, "lon": -122.38124810801068, "time_of_day": "Morning", "causation": [ "0", "0", "0", "0", "0", "0", "0", "0", "1", "0", "0", "0", "0", "0", "0", "0", "0", "0", "0", "0", "0", "0", "0", "0" ], "duration": 44.0, "sum": 1 }, "geometry": { "type": "Point", "coordinates": [ -122.381248108010681, 47.664585083868914 ] } },
{ "type": "Feature", "properties": { "lat": 47.664599066697782, "lon": -122.381807025001, "time_of_day": "Morning", "causation": [ "0", "0", "0", "0", "0", "0", "0", "0", "2", "0", "0", "0", "0", "0", "0", "0", "0", "0", "0", "0", "0", "0", "0", "0" ], "duration": 88.0, "sum": 2 }, "geometry": { "type": "Point", "coordinates": [ -122.381807025000995, 47.664599066697782 ] } },
{ "type": "Feature", "properties": { "lat": 47.664599638981407, "lon": -122.39999449035361, "time_of_day": "Morning", "causation": [ "0", "0", "0", "0", "0", "0", "0", "0", "1", "0", "0", "0", "0", "0", "0", "0", "0", "0", "0", "0", "0", "0", "0", "0" ], "duration": 44.0, "sum": 1 }, "geometry": { "type": "Point", "coordinates": [ -122.399994490353606, 47.664599638981407 ] } },
{ "type": "Feature", "properties": { "lat": 47.664636329512362, "lon": -122.38131409272908, "time_of_day": "Morning", "causation": [ "0", "0", "0", "0", "0", "0", "0", "0", "1", "0", "0", "0", "0", "0", "0", "0", "0", "0", "0", "0", "0", "0", "0", "0" ], "duration": 44.0, "sum": 1 }, "geometry": { "type": "Point", "coordinates": [ -122.381314092729085, 47.664636329512362 ] } },
{ "type": "Feature", "properties": { "lat": 47.664670054217488, "lon": -122.40034157395483, "time_of_day": "Morning", "causation": [ "0", "0", "0", "0", "0", "0", "0", "0", "1", "0", "0", "0", "0", "0", "0", "0", "0", "0", "0", "0", "0", "0", "0", "0" ], "duration": 44.0, "sum": 1 }, "geometry": { "type": "Point", "coordinates": [ -122.400341573954833, 47.664670054217488 ] } },
{ "type": "Feature", "properties": { "lat": 47.664701505263992, "lon": -122.38076999356836, "time_of_day": "Morning", "causation": [ "0", "0", "0", "0", "0", "0", "0", "0", "1", "0", "0", "0", "0", "0", "0", "0", "0", "0", "0", "0", "0", "0", "0", "0" ], "duration": 44.0, "sum": 1 }, "geometry": { "type": "Point", "coordinates": [ -122.380769993568364, 47.664701505263992 ] } },
{ "type": "Feature", "properties": { "lat": 47.66480360239629, "lon": -122.3853019723732, "time_of_day": "Morning", "causation": [ "0", "0", "0", "0", "0", "0", "0", "0", "2", "0", "0", "0", "0", "0", "0", "0", "0", "0", "0", "0", "0", "0", "0", "0" ], "duration": 88.0, "sum": 2 }, "geometry": { "type": "Point", "coordinates": [ -122.385301972373199, 47.66480360239629 ] } },
{ "type": "Feature", "properties": { "lat": 47.664834614614477, "lon": -122.40046541512945, "time_of_day": "Morning", "causation": [ "0", "0", "0", "0", "0", "0", "0", "0", "1", "0", "0", "0", "0", "0", "0", "0", "0", "0", "0", "0", "0", "0", "0", "0" ], "duration": 44.0, "sum": 1 }, "geometry": { "type": "Point", "coordinates": [ -122.400465415129446, 47.664834614614477 ] } },
{ "type": "Feature", "properties": { "lat": 47.664896584633127, "lon": -122.38103081187612, "time_of_day": "Morning", "causation": [ "0", "0", "0", "0", "0", "0", "0", "0", "1", "0", "0", "0", "0", "0", "0", "0", "0", "0", "0", "0", "0", "0", "0", "0" ], "duration": 44.0, "sum": 1 }, "geometry": { "type": "Point", "coordinates": [ -122.381030811876116, 47.664896584633127 ] } },
{ "type": "Feature", "properties": { "lat": 47.664966275164119, "lon": -122.40068816092364, "time_of_day": "Morning", "causation": [ "0", "0", "0", "0", "0", "0", "0", "0", "1", "0", "0", "0", "0", "0", "0", "0", "0", "0", "0", "0", "0", "0", "0", "0" ], "duration": 44.0, "sum": 1 }, "geometry": { "type": "Point", "coordinates": [ -122.400688160923636, 47.664966275164119 ] } },
{ "type": "Feature", "properties": { "lat": 47.665017344622569, "lon": -122.38240660369964, "time_of_day": "Morning", "causation": [ "0", "0", "0", "0", "0", "0", "0", "0", "4", "0", "0", "0", "0", "0", "0", "0", "0", "0", "0", "0", "0", "0", "0", "0" ], "duration": 176.0, "sum": 4 }, "geometry": { "type": "Point", "coordinates": [ -122.382406603699636, 47.665017344622569 ] } },
{ "type": "Feature", "properties": { "lat": 47.665020367903765, "lon": -122.3847658141554, "time_of_day": "Morning", "causation": [ "0", "0", "0", "0", "0", "0", "0", "0", "1", "0", "0", "0", "0", "0", "0", "0", "0", "0", "0", "0", "0", "0", "0", "0" ], "duration": 44.0, "sum": 1 }, "geometry": { "type": "Point", "coordinates": [ -122.384765814155401, 47.665020367903765 ] } },
{ "type": "Feature", "properties": { "lat": 47.66505154638746, "lon": -122.38190511330625, "time_of_day": "Morning", "causation": [ "0", "0", "0", "0", "0", "0", "0", "0", "2", "0", "0", "0", "0", "0", "0", "0", "0", "0", "0", "0", "0", "0", "0", "0" ], "duration": 88.0, "sum": 2 }, "geometry": { "type": "Point", "coordinates": [ -122.381905113306246, 47.66505154638746 ] } },
{ "type": "Feature", "properties": { "lat": 47.665051811704423, "lon": -122.38115371315456, "time_of_day": "Morning", "causation": [ "0", "0", "0", "0", "0", "0", "0", "0", "1", "0", "0", "0", "0", "0", "0", "0", "0", "0", "0", "0", "0", "0", "0", "0" ], "duration": 44.0, "sum": 1 }, "geometry": { "type": "Point", "coordinates": [ -122.381153713154561, 47.665051811704423 ] } },
{ "type": "Feature", "properties": { "lat": 47.665052705009643, "lon": -122.40082567337238, "time_of_day": "Morning", "causation": [ "0", "0", "0", "0", "0", "0", "0", "0", "1", "0", "0", "0", "0", "0", "0", "0", "0", "0", "0", "0", "0", "0", "0", "0" ], "duration": 44.0, "sum": 1 }, "geometry": { "type": "Point", "coordinates": [ -122.400825673372381, 47.665052705009643 ] } },
{ "type": "Feature", "properties": { "lat": 47.665058441198362, "lon": -122.38354286658952, "time_of_day": "Morning", "causation": [ "0", "0", "0", "0", "0", "0", "0", "0", "3", "0", "0", "0", "0", "0", "0", "0", "0", "0", "0", "0", "0", "0", "0", "0" ], "duration": 132.0, "sum": 3 }, "geometry": { "type": "Point", "coordinates": [ -122.383542866589522, 47.665058441198362 ] } },
{ "type": "Feature", "properties": { "lat": 47.665096557869816, "lon": -122.40093848893164, "time_of_day": "Morning", "causation": [ "0", "0", "0", "0", "0", "0", "0", "0", "1", "0", "0", "0", "0", "0", "0", "0", "0", "0", "0", "0", "0", "0", "0", "0" ], "duration": 44.0, "sum": 1 }, "geometry": { "type": "Point", "coordinates": [ -122.400938488931644, 47.665096557869816 ] } },
{ "type": "Feature", "properties": { "lat": 47.665129215150692, "lon": -122.38260477681352, "time_of_day": "Morning", "causation": [ "0", "0", "0", "0", "0", "0", "0", "0", "2", "0", "0", "0", "0", "0", "0", "0", "0", "0", "0", "0", "0", "0", "0", "0" ], "duration": 88.0, "sum": 2 }, "geometry": { "type": "Point", "coordinates": [ -122.382604776813523, 47.665129215150692 ] } },
{ "type": "Feature", "properties": { "lat": 47.665176110001582, "lon": -122.38198031413448, "time_of_day": "Morning", "causation": [ "0", "0", "0", "0", "0", "0", "0", "0", "1", "0", "0", "0", "0", "0", "0", "0", "0", "0", "0", "0", "0", "0", "0", "0" ], "duration": 44.0, "sum": 1 }, "geometry": { "type": "Point", "coordinates": [ -122.381980314134481, 47.665176110001582 ] } },
{ "type": "Feature", "properties": { "lat": 47.665328279447117, "lon": -122.38286237831994, "time_of_day": "Morning", "causation": [ "0", "0", "0", "0", "0", "0", "0", "0", "1", "0", "0", "0", "0", "0", "0", "0", "0", "0", "0", "0", "0", "0", "0", "0" ], "duration": 44.0, "sum": 1 }, "geometry": { "type": "Point", "coordinates": [ -122.382862378319942, 47.665328279447117 ] } },
{ "type": "Feature", "properties": { "lat": 47.665367151673081, "lon": -122.40382907562346, "time_of_day": "Morning", "causation": [ "0", "0", "0", "0", "0", "0", "0", "0", "1", "0", "0", "0", "0", "0", "0", "0", "0", "0", "0", "0", "0", "0", "0", "0" ], "duration": 44.0, "sum": 1 }, "geometry": { "type": "Point", "coordinates": [ -122.403829075623463, 47.665367151673081 ] } },
{ "type": "Feature", "properties": { "lat": 47.665370024410414, "lon": -122.29636510996392, "time_of_day": "Late Night", "causation": [ "0", "0", "0", "0", "0", "0", "0", "0", "0", "0", "0", "0", "0", "0", "1", "0", "0", "0", "0", "0", "0", "0", "0", "0" ], "duration": 337.0, "sum": 1 }, "geometry": { "type": "Point", "coordinates": [ -122.296365109963915, 47.665370024410414 ] } },
{ "type": "Feature", "properties": { "lat": 47.665402175035993, "lon": -122.38168742189418, "time_of_day": "Morning", "causation": [ "0", "0", "0", "0", "0", "0", "0", "0", "5", "0", "0", "0", "0", "0", "0", "0", "0", "0", "0", "0", "0", "0", "0", "0" ], "duration": 220.0, "sum": 5 }, "geometry": { "type": "Point", "coordinates": [ -122.381687421894185, 47.665402175035993 ] } },
{ "type": "Feature", "properties": { "lat": 47.665410021028229, "lon": -122.40741419414692, "time_of_day": "Morning", "causation": [ "0", "0", "0", "0", "0", "0", "0", "0", "1", "0", "0", "0", "0", "0", "0", "0", "0", "0", "0", "0", "0", "0", "0", "0" ], "duration": 44.0, "sum": 1 }, "geometry": { "type": "Point", "coordinates": [ -122.407414194146924, 47.665410021028229 ] } },
{ "type": "Feature", "properties": { "lat": 47.665435796844847, "lon": -122.3830025806139, "time_of_day": "Morning", "causation": [ "0", "0", "0", "0", "0", "0", "0", "0", "2", "0", "0", "0", "0", "0", "0", "0", "0", "0", "0", "0", "0", "0", "0", "0" ], "duration": 88.0, "sum": 2 }, "geometry": { "type": "Point", "coordinates": [ -122.383002580613905, 47.665435796844847 ] } },
{ "type": "Feature", "properties": { "lat": 47.665465517008187, "lon": -122.38242020781492, "time_of_day": "Morning", "causation": [ "0", "0", "0", "0", "0", "0", "0", "0", "4", "0", "0", "0", "0", "0", "0", "0", "0", "0", "0", "0", "0", "0", "0", "0" ], "duration": 176.0, "sum": 4 }, "geometry": { "type": "Point", "coordinates": [ -122.382420207814917, 47.665465517008187 ] } },
{ "type": "Feature", "properties": { "lat": 47.665475338878423, "lon": -122.38188603293192, "time_of_day": "Morning", "causation": [ "0", "0", "0", "0", "0", "0", "0", "0", "3", "0", "0", "0", "0", "0", "0", "0", "0", "0", "0", "0", "0", "0", "0", "0" ], "duration": 132.0, "sum": 3 }, "geometry": { "type": "Point", "coordinates": [ -122.381886032931916, 47.665475338878423 ] } },
{ "type": "Feature", "properties": { "lat": 47.665476426544771, "lon": -122.30529932014272, "time_of_day": "Morning", "causation": [ "0", "0", "1", "0", "0", "0", "0", "0", "0", "0", "0", "0", "0", "0", "0", "0", "0", "0", "0", "0", "0", "0", "0", "0" ], "duration": 42.0, "sum": 1 }, "geometry": { "type": "Point", "coordinates": [ -122.305299320142723, 47.665476426544771 ] } },
{ "type": "Feature", "properties": { "lat": 47.665489836632986, "lon": -122.3059392431838, "time_of_day": "Morning", "causation": [ "0", "0", "1", "0", "0", "0", "0", "0", "0", "0", "0", "0", "0", "0", "0", "0", "0", "0", "0", "0", "0", "0", "0", "0" ], "duration": 42.0, "sum": 1 }, "geometry": { "type": "Point", "coordinates": [ -122.305939243183801, 47.665489836632986 ] } },
{ "type": "Feature", "properties": { "lat": 47.665499285114862, "lon": -122.38125481368211, "time_of_day": "Morning", "causation": [ "0", "0", "0", "0", "0", "0", "0", "0", "1", "0", "0", "0", "0", "0", "0", "0", "0", "0", "0", "0", "0", "0", "0", "0" ], "duration": 44.0, "sum": 1 }, "geometry": { "type": "Point", "coordinates": [ -122.381254813682105, 47.665499285114862 ] } },
{ "type": "Feature", "properties": { "lat": 47.665527702453019, "lon": -122.3825928064464, "time_of_day": "Morning", "causation": [ "0", "0", "0", "0", "0", "0", "0", "0", "1", "0", "0", "0", "0", "0", "0", "0", "0", "0", "0", "0", "0", "0", "0", "0" ], "duration": 44.0, "sum": 1 }, "geometry": { "type": "Point", "coordinates": [ -122.382592806446397, 47.665527702453019 ] } },
{ "type": "Feature", "properties": { "lat": 47.66556904285931, "lon": -122.38191647167326, "time_of_day": "Morning", "causation": [ "0", "0", "0", "0", "0", "0", "0", "0", "6", "0", "0", "0", "0", "0", "0", "0", "0", "0", "0", "0", "0", "0", "0", "0" ], "duration": 264.0, "sum": 6 }, "geometry": { "type": "Point", "coordinates": [ -122.381916471673264, 47.66556904285931 ] } },
{ "type": "Feature", "properties": { "lat": 47.665570350705629, "lon": -122.40660149624368, "time_of_day": "Morning", "causation": [ "0", "0", "0", "0", "0", "0", "0", "0", "1", "0", "0", "0", "0", "0", "0", "0", "0", "0", "0", "0", "0", "0", "0", "0" ], "duration": 44.0, "sum": 1 }, "geometry": { "type": "Point", "coordinates": [ -122.406601496243681, 47.665570350705629 ] } },
{ "type": "Feature", "properties": { "lat": 47.665582462071377, "lon": -122.38271215495308, "time_of_day": "Morning", "causation": [ "0", "0", "0", "0", "0", "0", "0", "0", "1", "0", "0", "0", "0", "0", "0", "0", "0", "0", "0", "0", "0", "0", "0", "0" ], "duration": 44.0, "sum": 1 }, "geometry": { "type": "Point", "coordinates": [ -122.382712154953083, 47.665582462071377 ] } },
{ "type": "Feature", "properties": { "lat": 47.665589286228112, "lon": -122.40529886406766, "time_of_day": "Morning", "causation": [ "0", "0", "0", "0", "0", "0", "0", "0", "1", "0", "0", "0", "0", "0", "0", "0", "0", "0", "0", "0", "0", "0", "0", "0" ], "duration": 44.0, "sum": 1 }, "geometry": { "type": "Point", "coordinates": [ -122.40529886406766, 47.665589286228112 ] } },
{ "type": "Feature", "properties": { "lat": 47.665617282270162, "lon": -122.30586812563897, "time_of_day": "Morning", "causation": [ "0", "0", "1", "0", "0", "0", "0", "0", "0", "0", "0", "0", "0", "0", "0", "0", "0", "0", "0", "0", "0", "0", "0", "0" ], "duration": 42.0, "sum": 1 }, "geometry": { "type": "Point", "coordinates": [ -122.305868125638966, 47.665617282270162 ] } },
{ "type": "Feature", "properties": { "lat": 47.665632741315711, "lon": -122.30532441165312, "time_of_day": "Morning", "causation": [ "0", "0", "1", "0", "0", "0", "0", "0", "0", "0", "0", "0", "0", "0", "0", "0", "0", "0", "0", "0", "0", "0", "0", "0" ], "duration": 42.0, "sum": 1 }, "geometry": { "type": "Point", "coordinates": [ -122.305324411653118, 47.665632741315711 ] } },
{ "type": "Feature", "properties": { "lat": 47.665634479095267, "lon": -122.4085175399387, "time_of_day": "Morning", "causation": [ "0", "0", "0", "0", "0", "0", "0", "0", "1", "0", "0", "0", "0", "0", "0", "0", "0", "0", "0", "0", "0", "0", "0", "0" ], "duration": 44.0, "sum": 1 }, "geometry": { "type": "Point", "coordinates": [ -122.4085175399387, 47.665634479095267 ] } },
{ "type": "Feature", "properties": { "lat": 47.66563885330001, "lon": -122.40287421683158, "time_of_day": "Morning", "causation": [ "0", "0", "0", "0", "0", "0", "0", "0", "1", "0", "0", "0", "0", "0", "0", "0", "0", "0", "0", "0", "0", "0", "0", "0" ], "duration": 44.0, "sum": 1 }, "geometry": { "type": "Point", "coordinates": [ -122.402874216831577, 47.66563885330001 ] } },
{ "type": "Feature", "properties": { "lat": 47.665640248161793, "lon": -122.40586877638644, "time_of_day": "Morning", "causation": [ "0", "0", "0", "0", "0", "0", "0", "0", "2", "0", "0", "0", "0", "0", "0", "0", "0", "0", "0", "0", "0", "0", "0", "0" ], "duration": 88.0, "sum": 2 }, "geometry": { "type": "Point", "coordinates": [ -122.405868776386441, 47.665640248161793 ] } },
{ "type": "Feature", "properties": { "lat": 47.665648230766386, "lon": -122.40456625380718, "time_of_day": "Morning", "causation": [ "0", "0", "0", "0", "0", "0", "0", "0", "1", "0", "0", "0", "0", "0", "0", "0", "0", "0", "0", "0", "0", "0", "0", "0" ], "duration": 44.0, "sum": 1 }, "geometry": { "type": "Point", "coordinates": [ -122.404566253807175, 47.665648230766386 ] } },
{ "type": "Feature", "properties": { "lat": 47.665659184065831, "lon": -122.4047994620242, "time_of_day": "Morning", "causation": [ "0", "0", "0", "0", "0", "0", "0", "0", "1", "0", "0", "0", "0", "0", "0", "0", "0", "0", "0", "0", "0", "0", "0", "0" ], "duration": 44.0, "sum": 1 }, "geometry": { "type": "Point", "coordinates": [ -122.404799462024201, 47.665659184065831 ] } },
{ "type": "Feature", "properties": { "lat": 47.665659470542472, "lon": -122.38192874545869, "time_of_day": "Morning", "causation": [ "0", "0", "0", "0", "0", "0", "0", "0", "8", "0", "0", "0", "0", "0", "0", "0", "0", "0", "0", "0", "0", "0", "0", "0" ], "duration": 352.0, "sum": 8 }, "geometry": { "type": "Point", "coordinates": [ -122.381928745458694, 47.665659470542472 ] } },
{ "type": "Feature", "properties": { "lat": 47.665671939821152, "lon": -122.40341474627169, "time_of_day": "Morning", "causation": [ "0", "0", "0", "0", "0", "0", "0", "0", "1", "0", "0", "0", "0", "0", "0", "0", "0", "0", "0", "0", "0", "0", "0", "0" ], "duration": 44.0, "sum": 1 }, "geometry": { "type": "Point", "coordinates": [ -122.403414746271693, 47.665671939821152 ] } },
{ "type": "Feature", "properties": { "lat": 47.665674658520025, "lon": -122.40364318759988, "time_of_day": "Morning", "causation": [ "0", "0", "0", "0", "0", "0", "0", "0", "1", "0", "0", "0", "0", "0", "0", "0", "0", "0", "0", "0", "0", "0", "0", "0" ], "duration": 44.0, "sum": 1 }, "geometry": { "type": "Point", "coordinates": [ -122.403643187599883, 47.665674658520025 ] } },
{ "type": "Feature", "properties": { "lat": 47.665676277218026, "lon": -122.4039416496544, "time_of_day": "Morning", "causation": [ "0", "0", "0", "0", "0", "0", "0", "0", "1", "0", "0", "0", "0", "0", "0", "0", "0", "0", "0", "0", "0", "0", "0", "0" ], "duration": 44.0, "sum": 1 }, "geometry": { "type": "Point", "coordinates": [ -122.403941649654399, 47.665676277218026 ] } },
{ "type": "Feature", "properties": { "lat": 47.665682021440233, "lon": -122.40414293704256, "time_of_day": "Morning", "causation": [ "0", "0", "0", "0", "0", "0", "0", "0", "1", "0", "0", "0", "0", "0", "0", "0", "0", "0", "0", "0", "0", "0", "0", "0" ], "duration": 44.0, "sum": 1 }, "geometry": { "type": "Point", "coordinates": [ -122.404142937042565, 47.665682021440233 ] } },
{ "type": "Feature", "properties": { "lat": 47.665708567738406, "lon": -122.40688747084933, "time_of_day": "Morning", "causation": [ "0", "0", "0", "0", "0", "0", "0", "0", "1", "0", "0", "0", "0", "0", "0", "0", "0", "0", "0", "0", "0", "0", "0", "0" ], "duration": 44.0, "sum": 1 }, "geometry": { "type": "Point", "coordinates": [ -122.406887470849327, 47.665708567738406 ] } },
{ "type": "Feature", "properties": { "lat": 47.665710928529272, "lon": -122.38282101596748, "time_of_day": "Morning", "causation": [ "0", "0", "0", "0", "0", "0", "0", "0", "4", "0", "0", "0", "0", "0", "0", "0", "0", "0", "0", "0", "0", "0", "0", "0" ], "duration": 176.0, "sum": 4 }, "geometry": { "type": "Point", "coordinates": [ -122.38282101596748, 47.665710928529272 ] } },
{ "type": "Feature", "properties": { "lat": 47.665723639557847, "lon": -122.4072523924641, "time_of_day": "Morning", "causation": [ "0", "0", "0", "0", "0", "0", "0", "0", "1", "0", "0", "0", "0", "0", "0", "0", "0", "0", "0", "0", "0", "0", "0", "0" ], "duration": 44.0, "sum": 1 }, "geometry": { "type": "Point", "coordinates": [ -122.407252392464102, 47.665723639557847 ] } },
{ "type": "Feature", "properties": { "lat": 47.665724392463481, "lon": -122.40500680563316, "time_of_day": "Morning", "causation": [ "0", "0", "0", "0", "0", "0", "0", "0", "1", "0", "0", "0", "0", "0", "0", "0", "0", "0", "0", "0", "0", "0", "0", "0" ], "duration": 44.0, "sum": 1 }, "geometry": { "type": "Point", "coordinates": [ -122.405006805633164, 47.665724392463481 ] } },
{ "type": "Feature", "properties": { "lat": 47.665728151669363, "lon": -122.38336907845456, "time_of_day": "Morning", "causation": [ "0", "0", "0", "0", "0", "0", "0", "0", "1", "0", "0", "0", "0", "0", "0", "0", "0", "0", "0", "0", "0", "0", "0", "0" ], "duration": 44.0, "sum": 1 }, "geometry": { "type": "Point", "coordinates": [ -122.383369078454564, 47.665728151669363 ] } },
{ "type": "Feature", "properties": { "lat": 47.665760675019641, "lon": -122.3053313712014, "time_of_day": "Morning", "causation": [ "0", "0", "2", "0", "0", "0", "0", "0", "0", "0", "0", "0", "0", "0", "0", "0", "0", "0", "0", "0", "0", "0", "0", "0" ], "duration": 84.0, "sum": 2 }, "geometry": { "type": "Point", "coordinates": [ -122.305331371201405, 47.665760675019641 ] } },
{ "type": "Feature", "properties": { "lat": 47.665770365044303, "lon": -122.30583099848312, "time_of_day": "Morning", "causation": [ "0", "0", "1", "0", "0", "0", "0", "0", "0", "0", "0", "0", "0", "0", "0", "0", "0", "0", "0", "0", "0", "0", "0", "0" ], "duration": 42.0, "sum": 1 }, "geometry": { "type": "Point", "coordinates": [ -122.305830998483117, 47.665770365044303 ] } },
{ "type": "Feature", "properties": { "lat": 47.665809666945748, "lon": -122.38297668688853, "time_of_day": "Morning", "causation": [ "0", "0", "0", "0", "0", "0", "0", "0", "9", "0", "0", "0", "0", "0", "0", "0", "0", "0", "0", "0", "0", "0", "0", "0" ], "duration": 396.0, "sum": 9 }, "geometry": { "type": "Point", "coordinates": [ -122.382976686888526, 47.665809666945748 ] } },
{ "type": "Feature", "properties": { "lat": 47.665812550337741, "lon": -122.40643178796284, "time_of_day": "Morning", "causation": [ "0", "0", "0", "0", "0", "0", "0", "0", "1", "0", "0", "0", "0", "0", "0", "0", "0", "0", "0", "0", "0", "0", "0", "0" ], "duration": 44.0, "sum": 1 }, "geometry": { "type": "Point", "coordinates": [ -122.406431787962845, 47.665812550337741 ] } },
{ "type": "Feature", "properties": { "lat": 47.665828266289289, "lon": -122.40793838406348, "time_of_day": "Morning", "causation": [ "0", "0", "0", "0", "0", "0", "0", "0", "1", "0", "0", "0", "0", "0", "0", "0", "0", "0", "0", "0", "0", "0", "0", "0" ], "duration": 44.0, "sum": 1 }, "geometry": { "type": "Point", "coordinates": [ -122.407938384063485, 47.665828266289289 ] } },
{ "type": "Feature", "properties": { "lat": 47.665830531751119, "lon": -122.40260416825971, "time_of_day": "Morning", "causation": [ "0", "0", "0", "0", "0", "0", "0", "0", "1", "0", "0", "0", "0", "0", "0", "0", "0", "0", "0", "0", "0", "0", "0", "0" ], "duration": 44.0, "sum": 1 }, "geometry": { "type": "Point", "coordinates": [ -122.402604168259714, 47.665830531751119 ] } },
{ "type": "Feature", "properties": { "lat": 47.66587683137849, "lon": -122.38477890375246, "time_of_day": "Morning", "causation": [ "0", "0", "0", "0", "0", "0", "0", "0", "6", "0", "0", "0", "0", "0", "0", "0", "0", "0", "0", "0", "0", "0", "0", "0" ], "duration": 264.0, "sum": 6 }, "geometry": { "type": "Point", "coordinates": [ -122.384778903752462, 47.66587683137849 ] } },
{ "type": "Feature", "properties": { "lat": 47.665881843861932, "lon": -122.38351313205128, "time_of_day": "Morning", "causation": [ "0", "0", "0", "0", "0", "0", "0", "0", "1", "0", "0", "0", "0", "0", "0", "0", "0", "0", "0", "0", "0", "0", "0", "0" ], "duration": 44.0, "sum": 1 }, "geometry": { "type": "Point", "coordinates": [ -122.383513132051277, 47.665881843861932 ] } },
{ "type": "Feature", "properties": { "lat": 47.665893089216254, "lon": -122.30529437958975, "time_of_day": "Morning", "causation": [ "0", "0", "1", "0", "0", "0", "0", "0", "0", "0", "0", "0", "0", "0", "0", "0", "0", "0", "0", "0", "0", "0", "0", "0" ], "duration": 42.0, "sum": 1 }, "geometry": { "type": "Point", "coordinates": [ -122.305294379589753, 47.665893089216254 ] } },
{ "type": "Feature", "properties": { "lat": 47.665894421683312, "lon": -122.40814185616377, "time_of_day": "Morning", "causation": [ "0", "0", "0", "0", "0", "0", "0", "0", "1", "0", "0", "0", "0", "0", "0", "0", "0", "0", "0", "0", "0", "0", "0", "0" ], "duration": 44.0, "sum": 1 }, "geometry": { "type": "Point", "coordinates": [ -122.408141856163766, 47.665894421683312 ] } },
{ "type": "Feature", "properties": { "lat": 47.665906786255491, "lon": -122.30586241651108, "time_of_day": "Morning", "causation": [ "0", "0", "1", "0", "0", "0", "0", "0", "0", "0", "0", "0", "0", "0", "0", "0", "0", "0", "0", "0", "0", "0", "0", "0" ], "duration": 42.0, "sum": 1 }, "geometry": { "type": "Point", "coordinates": [ -122.305862416511076, 47.665906786255491 ] } },
{ "type": "Feature", "properties": { "lat": 47.66597636205465, "lon": -122.40846142651824, "time_of_day": "Morning", "causation": [ "0", "0", "0", "0", "0", "0", "0", "0", "1", "0", "0", "0", "0", "0", "0", "0", "0", "0", "0", "0", "0", "0", "0", "0" ], "duration": 44.0, "sum": 1 }, "geometry": { "type": "Point", "coordinates": [ -122.408461426518244, 47.66597636205465 ] } },
{ "type": "Feature", "properties": { "lat": 47.665993325894433, "lon": -122.38311002772956, "time_of_day": "Morning", "causation": [ "0", "0", "0", "0", "0", "0", "0", "0", "3", "0", "0", "0", "0", "0", "0", "0", "0", "0", "0", "0", "0", "0", "0", "0" ], "duration": 132.0, "sum": 3 }, "geometry": { "type": "Point", "coordinates": [ -122.383110027729558, 47.665993325894433 ] } },
{ "type": "Feature", "properties": { "lat": 47.666007377356017, "lon": -122.38239196513248, "time_of_day": "Morning", "causation": [ "0", "0", "0", "0", "0", "0", "0", "0", "6", "0", "0", "0", "0", "0", "0", "0", "0", "0", "0", "0", "0", "0", "0", "0" ], "duration": 264.0, "sum": 6 }, "geometry": { "type": "Point", "coordinates": [ -122.382391965132484, 47.666007377356017 ] } },
{ "type": "Feature", "properties": { "lat": 47.666032322258928, "lon": -122.40908112248808, "time_of_day": "Morning", "causation": [ "0", "0", "0", "0", "0", "0", "0", "0", "1", "0", "0", "0", "0", "0", "0", "0", "0", "0", "0", "0", "0", "0", "0", "0" ], "duration": 44.0, "sum": 1 }, "geometry": { "type": "Point", "coordinates": [ -122.409081122488075, 47.666032322258928 ] } },
{ "type": "Feature", "properties": { "lat": 47.666048016144707, "lon": -122.40442854060484, "time_of_day": "Morning", "causation": [ "0", "0", "0", "0", "0", "0", "0", "0", "1", "0", "0", "0", "0", "0", "0", "0", "0", "0", "0", "0", "0", "0", "0", "0" ], "duration": 44.0, "sum": 1 }, "geometry": { "type": "Point", "coordinates": [ -122.40442854060484, 47.666048016144707 ] } },
{ "type": "Feature", "properties": { "lat": 47.666056435095783, "lon": -122.40345225861373, "time_of_day": "Morning", "causation": [ "0", "0", "0", "0", "0", "0", "0", "0", "1", "0", "0", "0", "0", "0", "0", "0", "0", "0", "0", "0", "0", "0", "0", "0" ], "duration": 44.0, "sum": 1 }, "geometry": { "type": "Point", "coordinates": [ -122.403452258613726, 47.666056435095783 ] } },
{ "type": "Feature", "properties": { "lat": 47.666062573454198, "lon": -122.4040440424041, "time_of_day": "Morning", "causation": [ "0", "0", "0", "0", "0", "0", "0", "0", "1", "0", "0", "0", "0", "0", "0", "0", "0", "0", "0", "0", "0", "0", "0", "0" ], "duration": 44.0, "sum": 1 }, "geometry": { "type": "Point", "coordinates": [ -122.404044042404095, 47.666062573454198 ] } },
{ "type": "Feature", "properties": { "lat": 47.666065062721572, "lon": -122.4089013282058, "time_of_day": "Morning", "causation": [ "0", "0", "0", "0", "0", "0", "0", "0", "1", "0", "0", "0", "0", "0", "0", "0", "0", "0", "0", "0", "0", "0", "0", "0" ], "duration": 44.0, "sum": 1 }, "geometry": { "type": "Point", "coordinates": [ -122.4089013282058, 47.666065062721572 ] } },
{ "type": "Feature", "properties": { "lat": 47.66606861388496, "lon": -122.38322985603386, "time_of_day": "Morning", "causation": [ "0", "0", "0", "0", "0", "0", "0", "0", "4", "0", "0", "0", "0", "0", "0", "0", "0", "0", "0", "0", "0", "0", "0", "0" ], "duration": 176.0, "sum": 4 }, "geometry": { "type": "Point", "coordinates": [ -122.383229856033864, 47.66606861388496 ] } },
{ "type": "Feature", "properties": { "lat": 47.666068856786929, "lon": -122.40425670942672, "time_of_day": "Morning", "causation": [ "0", "0", "0", "0", "0", "0", "0", "0", "1", "0", "0", "0", "0", "0", "0", "0", "0", "0", "0", "0", "0", "0", "0", "0" ], "duration": 44.0, "sum": 1 }, "geometry": { "type": "Point", "coordinates": [ -122.404256709426718, 47.666068856786929 ] } },
{ "type": "Feature", "properties": { "lat": 47.666090240596446, "lon": -122.40489909840691, "time_of_day": "Morning", "causation": [ "0", "0", "0", "0", "0", "0", "0", "0", "2", "0", "0", "0", "0", "0", "0", "0", "0", "0", "0", "0", "0", "0", "0", "0" ], "duration": 88.0, "sum": 2 }, "geometry": { "type": "Point", "coordinates": [ -122.404899098406915, 47.666090240596446 ] } },
{ "type": "Feature", "properties": { "lat": 47.666095890846975, "lon": -122.40392104326952, "time_of_day": "Morning", "causation": [ "0", "0", "0", "0", "0", "0", "0", "0", "1", "0", "0", "0", "0", "0", "0", "0", "0", "0", "0", "0", "0", "0", "0", "0" ], "duration": 44.0, "sum": 1 }, "geometry": { "type": "Point", "coordinates": [ -122.40392104326952, 47.666095890846975 ] } },
{ "type": "Feature", "properties": { "lat": 47.666107054160378, "lon": -122.40366504718666, "time_of_day": "Morning", "causation": [ "0", "0", "0", "0", "0", "0", "0", "0", "1", "0", "0", "0", "0", "0", "0", "0", "0", "0", "0", "0", "0", "0", "0", "0" ], "duration": 44.0, "sum": 1 }, "geometry": { "type": "Point", "coordinates": [ -122.403665047186664, 47.666107054160378 ] } },
{ "type": "Feature", "properties": { "lat": 47.666108860913518, "lon": -122.40468009660324, "time_of_day": "Morning", "causation": [ "0", "0", "0", "0", "0", "0", "0", "0", "1", "0", "0", "0", "0", "0", "0", "0", "0", "0", "0", "0", "0", "0", "0", "0" ], "duration": 44.0, "sum": 1 }, "geometry": { "type": "Point", "coordinates": [ -122.404680096603244, 47.666108860913518 ] } },
{ "type": "Feature", "properties": { "lat": 47.66612509195248, "lon": -122.40296387788092, "time_of_day": "Morning", "causation": [ "0", "0", "0", "0", "0", "0", "0", "0", "1", "0", "0", "0", "0", "0", "0", "0", "0", "0", "0", "0", "0", "0", "0", "0" ], "duration": 44.0, "sum": 1 }, "geometry": { "type": "Point", "coordinates": [ -122.402963877880921, 47.66612509195248 ] } },
{ "type": "Feature", "properties": { "lat": 47.66613886131897, "lon": -122.4031611957209, "time_of_day": "Morning", "causation": [ "0", "0", "0", "0", "0", "0", "0", "0", "1", "0", "0", "0", "0", "0", "0", "0", "0", "0", "0", "0", "0", "0", "0", "0" ], "duration": 44.0, "sum": 1 }, "geometry": { "type": "Point", "coordinates": [ -122.403161195720898, 47.66613886131897 ] } },
{ "type": "Feature", "properties": { "lat": 47.66616487556233, "lon": -122.38322906091835, "time_of_day": "Morning", "causation": [ "0", "0", "0", "0", "0", "0", "0", "0", "1", "0", "0", "0", "0", "0", "0", "0", "0", "0", "0", "0", "0", "0", "0", "0" ], "duration": 44.0, "sum": 1 }, "geometry": { "type": "Point", "coordinates": [ -122.383229060918353, 47.66616487556233 ] } },
{ "type": "Feature", "properties": { "lat": 47.666181524900431, "lon": -122.40544820985004, "time_of_day": "Morning", "causation": [ "0", "0", "0", "0", "0", "0", "0", "0", "1", "0", "0", "0", "0", "0", "0", "0", "0", "0", "0", "0", "0", "0", "0", "0" ], "duration": 44.0, "sum": 1 }, "geometry": { "type": "Point", "coordinates": [ -122.405448209850036, 47.666181524900431 ] } },
{ "type": "Feature", "properties": { "lat": 47.66618625314149, "lon": -122.38399643465274, "time_of_day": "Morning", "causation": [ "0", "0", "0", "0", "0", "0", "0", "0", "1", "0", "0", "0", "0", "0", "0", "0", "0", "0", "0", "0", "0", "0", "0", "0" ], "duration": 44.0, "sum": 1 }, "geometry": { "type": "Point", "coordinates": [ -122.383996434652744, 47.66618625314149 ] } },
{ "type": "Feature", "properties": { "lat": 47.66620298554696, "lon": -122.40507219235631, "time_of_day": "Morning", "causation": [ "0", "0", "0", "0", "0", "0", "0", "0", "1", "0", "0", "0", "0", "0", "0", "0", "0", "0", "0", "0", "0", "0", "0", "0" ], "duration": 44.0, "sum": 1 }, "geometry": { "type": "Point", "coordinates": [ -122.405072192356315, 47.66620298554696 ] } },
{ "type": "Feature", "properties": { "lat": 47.666203756995642, "lon": -122.38332566100426, "time_of_day": "Morning", "causation": [ "0", "0", "0", "0", "0", "0", "0", "0", "4", "0", "0", "0", "0", "0", "0", "0", "0", "0", "0", "0", "0", "0", "0", "0" ], "duration": 176.0, "sum": 4 }, "geometry": { "type": "Point", "coordinates": [ -122.383325661004264, 47.666203756995642 ] } },
{ "type": "Feature", "properties": { "lat": 47.666326492883442, "lon": -122.38357173499236, "time_of_day": "Morning", "causation": [ "0", "0", "0", "0", "0", "0", "0", "0", "1", "0", "0", "0", "0", "0", "0", "0", "0", "0", "0", "0", "0", "0", "0", "0" ], "duration": 44.0, "sum": 1 }, "geometry": { "type": "Point", "coordinates": [ -122.383571734992358, 47.666326492883442 ] } },
{ "type": "Feature", "properties": { "lat": 47.666343662119807, "lon": -122.40598481311294, "time_of_day": "Morning", "causation": [ "0", "0", "0", "0", "0", "0", "0", "0", "1", "0", "0", "0", "0", "0", "0", "0", "0", "0", "0", "0", "0", "0", "0", "0" ], "duration": 44.0, "sum": 1 }, "geometry": { "type": "Point", "coordinates": [ -122.405984813112937, 47.666343662119807 ] } },
{ "type": "Feature", "properties": { "lat": 47.666344914549569, "lon": -122.40624186363542, "time_of_day": "Morning", "causation": [ "0", "0", "0", "0", "0", "0", "0", "0", "2", "0", "0", "0", "0", "0", "0", "0", "0", "0", "0", "0", "0", "0", "0", "0" ], "duration": 88.0, "sum": 2 }, "geometry": { "type": "Point", "coordinates": [ -122.406241863635415, 47.666344914549569 ] } },
{ "type": "Feature", "properties": { "lat": 47.666346957124077, "lon": -122.40572448228248, "time_of_day": "Morning", "causation": [ "0", "0", "0", "0", "0", "0", "0", "0", "1", "0", "0", "0", "0", "0", "0", "0", "0", "0", "0", "0", "0", "0", "0", "0" ], "duration": 44.0, "sum": 1 }, "geometry": { "type": "Point", "coordinates": [ -122.40572448228248, 47.666346957124077 ] } },
{ "type": "Feature", "properties": { "lat": 47.666356452616419, "lon": -122.40666660140054, "time_of_day": "Morning", "causation": [ "0", "0", "0", "0", "0", "0", "0", "0", "1", "0", "0", "0", "0", "0", "0", "0", "0", "0", "0", "0", "0", "0", "0", "0" ], "duration": 44.0, "sum": 1 }, "geometry": { "type": "Point", "coordinates": [ -122.406666601400545, 47.666356452616419 ] } },
{ "type": "Feature", "properties": { "lat": 47.666359896703113, "lon": -122.40763684311914, "time_of_day": "Morning", "causation": [ "0", "0", "0", "0", "0", "0", "0", "0", "1", "0", "0", "0", "0", "0", "0", "0", "0", "0", "0", "0", "0", "0", "0", "0" ], "duration": 44.0, "sum": 1 }, "geometry": { "type": "Point", "coordinates": [ -122.407636843119136, 47.666359896703113 ] } },
{ "type": "Feature", "properties": { "lat": 47.666366599791758, "lon": -122.40688246805028, "time_of_day": "Morning", "causation": [ "0", "0", "0", "0", "0", "0", "0", "0", "2", "0", "0", "0", "0", "0", "0", "0", "0", "0", "0", "0", "0", "0", "0", "0" ], "duration": 88.0, "sum": 2 }, "geometry": { "type": "Point", "coordinates": [ -122.406882468050284, 47.666366599791758 ] } },
{ "type": "Feature", "properties": { "lat": 47.666374464347918, "lon": -122.40811558041273, "time_of_day": "Morning", "causation": [ "0", "0", "0", "0", "0", "0", "0", "0", "1", "0", "0", "0", "0", "0", "0", "0", "0", "0", "0", "0", "0", "0", "0", "0" ], "duration": 44.0, "sum": 1 }, "geometry": { "type": "Point", "coordinates": [ -122.408115580412726, 47.666374464347918 ] } },
{ "type": "Feature", "properties": { "lat": 47.666374845653998, "lon": -122.40646531490808, "time_of_day": "Morning", "causation": [ "0", "0", "0", "0", "0", "0", "0", "0", "1", "0", "0", "0", "0", "0", "0", "0", "0", "0", "0", "0", "0", "0", "0", "0" ], "duration": 44.0, "sum": 1 }, "geometry": { "type": "Point", "coordinates": [ -122.406465314908075, 47.666374845653998 ] } },
{ "type": "Feature", "properties": { "lat": 47.66638535123279, "lon": -122.40835709611916, "time_of_day": "Morning", "causation": [ "0", "0", "0", "0", "0", "0", "0", "0", "1", "0", "0", "0", "0", "0", "0", "0", "0", "0", "0", "0", "0", "0", "0", "0" ], "duration": 44.0, "sum": 1 }, "geometry": { "type": "Point", "coordinates": [ -122.408357096119161, 47.66638535123279 ] } },
{ "type": "Feature", "properties": { "lat": 47.666417607649358, "lon": -122.40708392346308, "time_of_day": "Morning", "causation": [ "0", "0", "0", "0", "0", "0", "0", "0", "1", "0", "0", "0", "0", "0", "0", "0", "0", "0", "0", "0", "0", "0", "0", "0" ], "duration": 44.0, "sum": 1 }, "geometry": { "type": "Point", "coordinates": [ -122.407083923463077, 47.666417607649358 ] } },
{ "type": "Feature", "properties": { "lat": 47.666453552921119, "lon": -122.40909889763736, "time_of_day": "Morning", "causation": [ "0", "0", "0", "0", "0", "0", "0", "0", "1", "0", "0", "0", "0", "0", "0", "0", "0", "0", "0", "0", "0", "0", "0", "0" ], "duration": 44.0, "sum": 1 }, "geometry": { "type": "Point", "coordinates": [ -122.409098897637364, 47.666453552921119 ] } },
{ "type": "Feature", "properties": { "lat": 47.666477796987962, "lon": -122.38368718711492, "time_of_day": "Morning", "causation": [ "0", "0", "0", "0", "0", "0", "0", "0", "1", "0", "0", "0", "0", "0", "0", "0", "0", "0", "0", "0", "0", "0", "0", "0" ], "duration": 44.0, "sum": 1 }, "geometry": { "type": "Point", "coordinates": [ -122.383687187114916, 47.666477796987962 ] } },
{ "type": "Feature", "properties": { "lat": 47.6664811936147, "lon": -122.4085161934148, "time_of_day": "Morning", "causation": [ "0", "0", "0", "0", "0", "0", "0", "0", "1", "0", "0", "0", "0", "0", "0", "0", "0", "0", "0", "0", "0", "0", "0", "0" ], "duration": 44.0, "sum": 1 }, "geometry": { "type": "Point", "coordinates": [ -122.408516193414798, 47.6664811936147 ] } },
{ "type": "Feature", "properties": { "lat": 47.666486816349533, "lon": -122.4074499254087, "time_of_day": "Morning", "causation": [ "0", "0", "0", "0", "0", "0", "0", "0", "3", "0", "0", "0", "0", "0", "0", "0", "0", "0", "0", "0", "0", "0", "0", "0" ], "duration": 132.0, "sum": 3 }, "geometry": { "type": "Point", "coordinates": [ -122.407449925408699, 47.666486816349533 ] } },
{ "type": "Feature", "properties": { "lat": 47.666491248903881, "lon": -122.4079771331032, "time_of_day": "Morning", "causation": [ "0", "0", "0", "0", "0", "0", "0", "0", "1", "0", "0", "0", "0", "0", "0", "0", "0", "0", "0", "0", "0", "0", "0", "0" ], "duration": 44.0, "sum": 1 }, "geometry": { "type": "Point", "coordinates": [ -122.407977133103202, 47.666491248903881 ] } },
{ "type": "Feature", "properties": { "lat": 47.666519285443712, "lon": -122.40773856179624, "time_of_day": "Morning", "causation": [ "0", "0", "0", "0", "0", "0", "0", "0", "2", "0", "0", "0", "0", "0", "0", "0", "0", "0", "0", "0", "0", "0", "0", "0" ], "duration": 88.0, "sum": 2 }, "geometry": { "type": "Point", "coordinates": [ -122.407738561796236, 47.666519285443712 ] } },
{ "type": "Feature", "properties": { "lat": 47.666547892848222, "lon": -122.38756967767902, "time_of_day": "Morning", "causation": [ "0", "0", "0", "0", "0", "0", "0", "0", "3", "0", "0", "0", "0", "0", "0", "0", "0", "0", "0", "0", "0", "0", "0", "0" ], "duration": 132.0, "sum": 3 }, "geometry": { "type": "Point", "coordinates": [ -122.387569677679025, 47.666547892848222 ] } },
{ "type": "Feature", "properties": { "lat": 47.666589892882072, "lon": -122.31372207756731, "time_of_day": "Morning", "causation": [ "0", "0", "0", "0", "0", "0", "0", "0", "1", "0", "0", "0", "0", "0", "0", "0", "0", "0", "0", "0", "0", "0", "0", "0" ], "duration": 162.0, "sum": 1 }, "geometry": { "type": "Point", "coordinates": [ -122.313722077567306, 47.666589892882072 ] } },
{ "type": "Feature", "properties": { "lat": 47.666606287871765, "lon": -122.38576454181072, "time_of_day": "Morning", "causation": [ "0", "0", "0", "0", "0", "0", "0", "0", "1", "0", "0", "0", "0", "0", "0", "0", "0", "0", "0", "0", "0", "0", "0", "0" ], "duration": 44.0, "sum": 1 }, "geometry": { "type": "Point", "coordinates": [ -122.385764541810715, 47.666606287871765 ] } },
{ "type": "Feature", "properties": { "lat": 47.66661021555884, "lon": -122.38377313805624, "time_of_day": "Morning", "causation": [ "0", "0", "0", "0", "0", "0", "0", "0", "1", "0", "0", "0", "0", "0", "0", "0", "0", "0", "0", "0", "0", "0", "0", "0" ], "duration": 44.0, "sum": 1 }, "geometry": { "type": "Point", "coordinates": [ -122.383773138056242, 47.66661021555884 ] } },
{ "type": "Feature", "properties": { "lat": 47.666627571561463, "lon": -122.40862319156147, "time_of_day": "Morning", "causation": [ "0", "0", "0", "0", "0", "0", "0", "0", "1", "0", "0", "0", "0", "0", "0", "0", "0", "0", "0", "0", "0", "0", "0", "0" ], "duration": 44.0, "sum": 1 }, "geometry": { "type": "Point", "coordinates": [ -122.408623191561475, 47.666627571561463 ] } },
{ "type": "Feature", "properties": { "lat": 47.66663931069634, "lon": -122.38302983659852, "time_of_day": "Morning", "causation": [ "0", "0", "0", "0", "0", "0", "0", "0", "1", "0", "0", "0", "0", "0", "0", "0", "0", "0", "0", "0", "0", "0", "0", "0" ], "duration": 44.0, "sum": 1 }, "geometry": { "type": "Point", "coordinates": [ -122.383029836598524, 47.66663931069634 ] } },
{ "type": "Feature", "properties": { "lat": 47.666683405567547, "lon": -122.4078651536648, "time_of_day": "Morning", "causation": [ "0", "0", "0", "0", "0", "0", "0", "0", "1", "0", "0", "0", "0", "0", "0", "0", "0", "0", "0", "0", "0", "0", "0", "0" ], "duration": 44.0, "sum": 1 }, "geometry": { "type": "Point", "coordinates": [ -122.407865153664801, 47.666683405567547 ] } },
{ "type": "Feature", "properties": { "lat": 47.6667141238159, "lon": -122.40906238037626, "time_of_day": "Morning", "causation": [ "0", "0", "0", "0", "0", "0", "0", "0", "1", "0", "0", "0", "0", "0", "0", "0", "0", "0", "0", "0", "0", "0", "0", "0" ], "duration": 44.0, "sum": 1 }, "geometry": { "type": "Point", "coordinates": [ -122.409062380376255, 47.6667141238159 ] } },
{ "type": "Feature", "properties": { "lat": 47.666714232550952, "lon": -122.38389974015504, "time_of_day": "Morning", "causation": [ "0", "0", "0", "0", "0", "0", "0", "0", "2", "0", "0", "0", "0", "0", "0", "0", "0", "0", "0", "0", "0", "0", "0", "0" ], "duration": 88.0, "sum": 2 }, "geometry": { "type": "Point", "coordinates": [ -122.383899740155044, 47.666714232550952 ] } },
{ "type": "Feature", "properties": { "lat": 47.666737020745714, "lon": -122.38310927526742, "time_of_day": "Morning", "causation": [ "0", "0", "0", "0", "0", "0", "0", "0", "2", "0", "0", "0", "0", "0", "0", "0", "0", "0", "0", "0", "0", "0", "0", "0" ], "duration": 88.0, "sum": 2 }, "geometry": { "type": "Point", "coordinates": [ -122.383109275267415, 47.666737020745714 ] } },
{ "type": "Feature", "properties": { "lat": 47.666751750216967, "lon": -122.31393448623776, "time_of_day": "Morning", "causation": [ "0", "0", "0", "0", "0", "0", "0", "0", "5", "0", "0", "0", "0", "0", "0", "0", "0", "0", "0", "0", "0", "0", "0", "0" ], "duration": 810.0, "sum": 5 }, "geometry": { "type": "Point", "coordinates": [ -122.313934486237756, 47.666751750216967 ] } },
{ "type": "Feature", "properties": { "lat": 47.666762899647672, "lon": -122.31354393484877, "time_of_day": "Morning", "causation": [ "0", "0", "0", "0", "0", "0", "0", "0", "4", "0", "0", "0", "0", "0", "0", "0", "0", "0", "0", "0", "0", "0", "0", "0" ], "duration": 648.0, "sum": 4 }, "geometry": { "type": "Point", "coordinates": [ -122.313543934848767, 47.666762899647672 ] } },
{ "type": "Feature", "properties": { "lat": 47.666764831212852, "lon": -122.40797386444096, "time_of_day": "Morning", "causation": [ "0", "0", "0", "0", "0", "0", "0", "0", "1", "0", "0", "0", "0", "0", "0", "0", "0", "0", "0", "0", "0", "0", "0", "0" ], "duration": 44.0, "sum": 1 }, "geometry": { "type": "Point", "coordinates": [ -122.407973864440962, 47.666764831212852 ] } },
{ "type": "Feature", "properties": { "lat": 47.666792630810868, "lon": -122.3944350045612, "time_of_day": "Morning", "causation": [ "0", "0", "0", "0", "0", "0", "0", "0", "5", "0", "0", "0", "0", "0", "0", "0", "0", "0", "0", "0", "0", "0", "0", "0" ], "duration": 220.0, "sum": 5 }, "geometry": { "type": "Point", "coordinates": [ -122.394435004561203, 47.666792630810868 ] } },
{ "type": "Feature", "properties": { "lat": 47.666800440491158, "lon": -122.3833106717245, "time_of_day": "Morning", "causation": [ "0", "0", "0", "0", "0", "0", "0", "0", "11", "0", "0", "0", "0", "0", "0", "0", "0", "0", "0", "0", "0", "0", "0", "0" ], "duration": 484.0, "sum": 11 }, "geometry": { "type": "Point", "coordinates": [ -122.383310671724502, 47.666800440491158 ] } },
{ "type": "Feature", "properties": { "lat": 47.666804265797424, "lon": -122.38271457899774, "time_of_day": "Morning", "causation": [ "0", "0", "0", "0", "0", "0", "0", "0", "2", "0", "0", "0", "0", "0", "0", "0", "0", "0", "0", "0", "0", "0", "0", "0" ], "duration": 88.0, "sum": 2 }, "geometry": { "type": "Point", "coordinates": [ -122.382714578997735, 47.666804265797424 ] } },
{ "type": "Feature", "properties": { "lat": 47.666817092022796, "lon": -122.408363602797, "time_of_day": "Morning", "causation": [ "0", "0", "0", "0", "0", "0", "0", "0", "1", "0", "0", "0", "0", "0", "0", "0", "0", "0", "0", "0", "0", "0", "0", "0" ], "duration": 44.0, "sum": 1 }, "geometry": { "type": "Point", "coordinates": [ -122.408363602796996, 47.666817092022796 ] } },
{ "type": "Feature", "properties": { "lat": 47.666828058077243, "lon": -122.40874802290573, "time_of_day": "Morning", "causation": [ "0", "0", "0", "0", "0", "0", "0", "0", "1", "0", "0", "0", "0", "0", "0", "0", "0", "0", "0", "0", "0", "0", "0", "0" ], "duration": 44.0, "sum": 1 }, "geometry": { "type": "Point", "coordinates": [ -122.408748022905726, 47.666828058077243 ] } },
{ "type": "Feature", "properties": { "lat": 47.666847068260729, "lon": -122.31327399117092, "time_of_day": "Morning", "causation": [ "0", "0", "0", "0", "0", "0", "0", "0", "1", "0", "0", "0", "0", "0", "0", "0", "0", "0", "0", "0", "0", "0", "0", "0" ], "duration": 162.0, "sum": 1 }, "geometry": { "type": "Point", "coordinates": [ -122.313273991170917, 47.666847068260729 ] } },
{ "type": "Feature", "properties": { "lat": 47.6669108034476, "lon": -122.38417351732711, "time_of_day": "Morning", "causation": [ "0", "0", "0", "0", "0", "0", "0", "0", "6", "0", "0", "0", "0", "0", "0", "0", "0", "0", "0", "0", "0", "0", "0", "0" ], "duration": 264.0, "sum": 6 }, "geometry": { "type": "Point", "coordinates": [ -122.384173517327113, 47.6669108034476 ] } },
{ "type": "Feature", "properties": { "lat": 47.666976103349221, "lon": -122.313919022162, "time_of_day": "Morning", "causation": [ "0", "0", "0", "0", "0", "0", "0", "0", "40", "0", "0", "0", "0", "0", "0", "0", "0", "0", "0", "0", "0", "0", "0", "0" ], "duration": 6480.0, "sum": 40 }, "geometry": { "type": "Point", "coordinates": [ -122.313919022161997, 47.666976103349221 ] } },
{ "type": "Feature", "properties": { "lat": 47.667005482142919, "lon": -122.40891125148649, "time_of_day": "Morning", "causation": [ "0", "0", "0", "0", "0", "0", "0", "0", "1", "0", "0", "0", "0", "0", "0", "0", "0", "0", "0", "0", "0", "0", "0", "0" ], "duration": 44.0, "sum": 1 }, "geometry": { "type": "Point", "coordinates": [ -122.408911251486487, 47.667005482142919 ] } },
{ "type": "Feature", "properties": { "lat": 47.667019853693503, "lon": -122.38503400162072, "time_of_day": "Morning", "causation": [ "0", "0", "0", "0", "0", "0", "0", "0", "7", "0", "0", "0", "0", "0", "0", "0", "0", "0", "0", "0", "0", "0", "0", "0" ], "duration": 308.0, "sum": 7 }, "geometry": { "type": "Point", "coordinates": [ -122.385034001620724, 47.667019853693503 ] } },
{ "type": "Feature", "properties": { "lat": 47.667035462462998, "lon": -122.40015771813091, "time_of_day": "Morning", "causation": [ "0", "0", "0", "0", "0", "0", "0", "0", "1", "0", "0", "0", "0", "0", "0", "0", "0", "0", "0", "0", "0", "0", "0", "0" ], "duration": 44.0, "sum": 1 }, "geometry": { "type": "Point", "coordinates": [ -122.400157718130913, 47.667035462462998 ] } },
{ "type": "Feature", "properties": { "lat": 47.667050737286722, "lon": -122.38434310905544, "time_of_day": "Morning", "causation": [ "0", "0", "0", "0", "0", "0", "0", "0", "3", "0", "0", "0", "0", "0", "0", "0", "0", "0", "0", "0", "0", "0", "0", "0" ], "duration": 132.0, "sum": 3 }, "geometry": { "type": "Point", "coordinates": [ -122.384343109055436, 47.667050737286722 ] } },
{ "type": "Feature", "properties": { "lat": 47.667068403808805, "lon": -122.31354139089458, "time_of_day": "Morning", "causation": [ "0", "0", "0", "0", "0", "0", "0", "0", "37", "0", "0", "0", "0", "0", "0", "0", "0", "0", "0", "0", "0", "0", "0", "0" ], "duration": 5994.0, "sum": 37 }, "geometry": { "type": "Point", "coordinates": [ -122.313541390894585, 47.667068403808805 ] } },
{ "type": "Feature", "properties": { "lat": 47.667077469514268, "lon": -122.40841575583914, "time_of_day": "Morning", "causation": [ "0", "0", "0", "0", "0", "0", "0", "0", "2", "0", "0", "0", "0", "0", "0", "0", "0", "0", "0", "0", "0", "0", "0", "0" ], "duration": 88.0, "sum": 2 }, "geometry": { "type": "Point", "coordinates": [ -122.408415755839144, 47.667077469514268 ] } },
{ "type": "Feature", "properties": { "lat": 47.667139030142991, "lon": -122.38440358888651, "time_of_day": "Morning", "causation": [ "0", "0", "0", "0", "0", "0", "0", "0", "2", "0", "0", "0", "0", "0", "0", "0", "0", "0", "0", "0", "0", "0", "0", "0" ], "duration": 88.0, "sum": 2 }, "geometry": { "type": "Point", "coordinates": [ -122.384403588886514, 47.667139030142991 ] } },
{ "type": "Feature", "properties": { "lat": 47.66717049285355, "lon": -122.38517936091402, "time_of_day": "Morning", "causation": [ "0", "0", "0", "0", "0", "0", "0", "0", "2", "0", "0", "0", "0", "0", "0", "0", "0", "0", "0", "0", "0", "0", "0", "0" ], "duration": 88.0, "sum": 2 }, "geometry": { "type": "Point", "coordinates": [ -122.385179360914023, 47.66717049285355 ] } },
{ "type": "Feature", "properties": { "lat": 47.667184645369282, "lon": -122.31351902247026, "time_of_day": "Morning", "causation": [ "0", "0", "0", "0", "0", "0", "0", "0", "1", "0", "0", "0", "0", "0", "0", "0", "0", "0", "0", "0", "0", "0", "0", "0" ], "duration": 23.0, "sum": 1 }, "geometry": { "type": "Point", "coordinates": [ -122.31351902247026, 47.667184645369282 ] } },
{ "type": "Feature", "properties": { "lat": 47.667228445877541, "lon": -122.38381511950379, "time_of_day": "Morning", "causation": [ "0", "0", "0", "0", "0", "0", "0", "0", "2", "0", "0", "0", "0", "0", "0", "0", "0", "0", "0", "0", "0", "0", "0", "0" ], "duration": 88.0, "sum": 2 }, "geometry": { "type": "Point", "coordinates": [ -122.383815119503794, 47.667228445877541 ] } },
{ "type": "Feature", "properties": { "lat": 47.667233091330985, "lon": -122.38449671559005, "time_of_day": "Morning", "causation": [ "0", "0", "0", "0", "0", "0", "0", "0", "2", "0", "0", "0", "0", "0", "0", "0", "0", "0", "0", "0", "0", "0", "0", "0" ], "duration": 88.0, "sum": 2 }, "geometry": { "type": "Point", "coordinates": [ -122.384496715590046, 47.667233091330985 ] } },
{ "type": "Feature", "properties": { "lat": 47.667243137510802, "lon": -122.3855430444946, "time_of_day": "Morning", "causation": [ "0", "0", "0", "0", "0", "0", "0", "0", "4", "0", "0", "0", "0", "0", "0", "0", "0", "0", "0", "0", "0", "0", "0", "0" ], "duration": 176.0, "sum": 4 }, "geometry": { "type": "Point", "coordinates": [ -122.385543044494597, 47.667243137510802 ] } },
{ "type": "Feature", "properties": { "lat": 47.667243571251269, "lon": -122.40886365950232, "time_of_day": "Morning", "causation": [ "0", "0", "0", "0", "0", "0", "0", "0", "1", "0", "0", "0", "0", "0", "0", "0", "0", "0", "0", "0", "0", "0", "0", "0" ], "duration": 44.0, "sum": 1 }, "geometry": { "type": "Point", "coordinates": [ -122.408863659502316, 47.667243571251269 ] } },
{ "type": "Feature", "properties": { "lat": 47.667248448819294, "lon": -122.40843157262547, "time_of_day": "Morning", "causation": [ "0", "0", "0", "0", "0", "0", "0", "0", "1", "0", "0", "0", "0", "0", "0", "0", "0", "0", "0", "0", "0", "0", "0", "0" ], "duration": 44.0, "sum": 1 }, "geometry": { "type": "Point", "coordinates": [ -122.408431572625474, 47.667248448819294 ] } },
{ "type": "Feature", "properties": { "lat": 47.667249072659146, "lon": -122.40915660637064, "time_of_day": "Morning", "causation": [ "0", "0", "0", "0", "0", "0", "0", "0", "1", "0", "0", "0", "0", "0", "0", "0", "0", "0", "0", "0", "0", "0", "0", "0" ], "duration": 44.0, "sum": 1 }, "geometry": { "type": "Point", "coordinates": [ -122.409156606370644, 47.667249072659146 ] } },
{ "type": "Feature", "properties": { "lat": 47.667267026743644, "lon": -122.31395358466514, "time_of_day": "Morning", "causation": [ "0", "0", "0", "0", "0", "0", "0", "0", "1", "0", "0", "0", "0", "0", "0", "0", "0", "0", "0", "0", "0", "0", "0", "0" ], "duration": 23.0, "sum": 1 }, "geometry": { "type": "Point", "coordinates": [ -122.313953584665143, 47.667267026743644 ] } },
{ "type": "Feature", "properties": { "lat": 47.667290661610878, "lon": -122.31337133392086, "time_of_day": "Morning", "causation": [ "0", "0", "0", "0", "0", "0", "0", "0", "2", "0", "0", "0", "0", "0", "0", "0", "0", "0", "0", "0", "0", "0", "0", "0" ], "duration": 46.0, "sum": 2 }, "geometry": { "type": "Point", "coordinates": [ -122.313371333920855, 47.667290661610878 ] } },
{ "type": "Feature", "properties": { "lat": 47.667293370433079, "lon": -122.31373974301221, "time_of_day": "Morning", "causation": [ "0", "0", "0", "0", "0", "0", "0", "0", "1", "0", "0", "0", "0", "0", "0", "0", "0", "0", "0", "0", "0", "0", "0", "0" ], "duration": 23.0, "sum": 1 }, "geometry": { "type": "Point", "coordinates": [ -122.313739743012206, 47.667293370433079 ] } },
{ "type": "Feature", "properties": { "lat": 47.667307341557262, "lon": -122.38497541868335, "time_of_day": "Morning", "causation": [ "0", "0", "0", "0", "0", "0", "0", "0", "6", "0", "0", "0", "0", "0", "0", "0", "0", "0", "0", "0", "0", "0", "0", "0" ], "duration": 264.0, "sum": 6 }, "geometry": { "type": "Point", "coordinates": [ -122.384975418683354, 47.667307341557262 ] } },
{ "type": "Feature", "properties": { "lat": 47.667319820424638, "lon": -122.31395719934994, "time_of_day": "Morning", "causation": [ "0", "0", "0", "0", "0", "0", "0", "0", "1", "0", "0", "0", "0", "0", "0", "0", "0", "0", "0", "0", "0", "0", "0", "0" ], "duration": 23.0, "sum": 1 }, "geometry": { "type": "Point", "coordinates": [ -122.313957199349943, 47.667319820424638 ] } },
{ "type": "Feature", "properties": { "lat": 47.667337635544406, "lon": -122.38402299090144, "time_of_day": "Morning", "causation": [ "0", "0", "0", "0", "0", "0", "0", "0", "2", "0", "0", "0", "0", "0", "0", "0", "0", "0", "0", "0", "0", "0", "0", "0" ], "duration": 88.0, "sum": 2 }, "geometry": { "type": "Point", "coordinates": [ -122.384022990901443, 47.667337635544406 ] } },
{ "type": "Feature", "properties": { "lat": 47.667357067911993, "lon": -122.38456950113574, "time_of_day": "Morning", "causation": [ "0", "0", "0", "0", "0", "0", "0", "0", "5", "0", "0", "0", "0", "0", "0", "0", "0", "0", "0", "0", "0", "0", "0", "0" ], "duration": 220.0, "sum": 5 }, "geometry": { "type": "Point", "coordinates": [ -122.384569501135744, 47.667357067911993 ] } },
{ "type": "Feature", "properties": { "lat": 47.667390539459817, "lon": -122.38416661729556, "time_of_day": "Morning", "causation": [ "0", "0", "0", "0", "0", "0", "0", "0", "4", "0", "0", "0", "0", "0", "0", "0", "0", "0", "0", "0", "0", "0", "0", "0" ], "duration": 176.0, "sum": 4 }, "geometry": { "type": "Point", "coordinates": [ -122.384166617295563, 47.667390539459817 ] } },
{ "type": "Feature", "properties": { "lat": 47.667400144395252, "lon": -122.31332252137123, "time_of_day": "Morning", "causation": [ "0", "0", "0", "0", "0", "0", "0", "0", "1", "0", "0", "0", "0", "0", "0", "0", "0", "0", "0", "0", "0", "0", "0", "0" ], "duration": 162.0, "sum": 1 }, "geometry": { "type": "Point", "coordinates": [ -122.313322521371234, 47.667400144395252 ] } },
{ "type": "Feature", "properties": { "lat": 47.667417219583719, "lon": -122.31392570156213, "time_of_day": "Morning", "causation": [ "0", "0", "0", "0", "0", "0", "0", "0", "1", "0", "0", "0", "0", "0", "0", "0", "0", "0", "0", "0", "0", "0", "0", "0" ], "duration": 23.0, "sum": 1 }, "geometry": { "type": "Point", "coordinates": [ -122.313925701562127, 47.667417219583719 ] } },
{ "type": "Feature", "properties": { "lat": 47.667443823536416, "lon": -122.3963535157575, "time_of_day": "Morning", "causation": [ "0", "0", "0", "0", "0", "0", "0", "0", "1", "0", "0", "0", "0", "0", "0", "0", "0", "0", "0", "0", "0", "0", "0", "0" ], "duration": 44.0, "sum": 1 }, "geometry": { "type": "Point", "coordinates": [ -122.396353515757497, 47.667443823536416 ] } },
{ "type": "Feature", "properties": { "lat": 47.667449552446662, "lon": -122.39158331933852, "time_of_day": "Morning", "causation": [ "0", "0", "0", "0", "0", "0", "0", "0", "6", "0", "0", "0", "0", "0", "0", "0", "0", "0", "0", "0", "0", "0", "0", "0" ], "duration": 264.0, "sum": 6 }, "geometry": { "type": "Point", "coordinates": [ -122.391583319338523, 47.667449552446662 ] } },
{ "type": "Feature", "properties": { "lat": 47.667456024069125, "lon": -122.40852705524206, "time_of_day": "Morning", "causation": [ "0", "0", "0", "0", "0", "0", "0", "0", "1", "0", "0", "0", "0", "0", "0", "0", "0", "0", "0", "0", "0", "0", "0", "0" ], "duration": 44.0, "sum": 1 }, "geometry": { "type": "Point", "coordinates": [ -122.408527055242061, 47.667456024069125 ] } },
{ "type": "Feature", "properties": { "lat": 47.667506640131833, "lon": -122.40912219389908, "time_of_day": "Morning", "causation": [ "0", "0", "0", "0", "0", "0", "0", "0", "1", "0", "0", "0", "0", "0", "0", "0", "0", "0", "0", "0", "0", "0", "0", "0" ], "duration": 44.0, "sum": 1 }, "geometry": { "type": "Point", "coordinates": [ -122.40912219389908, 47.667506640131833 ] } },
{ "type": "Feature", "properties": { "lat": 47.66751049928142, "lon": -122.408843197197, "time_of_day": "Morning", "causation": [ "0", "0", "0", "0", "0", "0", "0", "0", "2", "0", "0", "0", "0", "0", "0", "0", "0", "0", "0", "0", "0", "0", "0", "0" ], "duration": 88.0, "sum": 2 }, "geometry": { "type": "Point", "coordinates": [ -122.408843197197001, 47.66751049928142 ] } },
{ "type": "Feature", "properties": { "lat": 47.667516353367581, "lon": -122.38495263805852, "time_of_day": "Morning", "causation": [ "0", "0", "0", "0", "0", "0", "0", "0", "28", "0", "0", "0", "0", "0", "0", "0", "0", "0", "0", "0", "0", "0", "0", "0" ], "duration": 1232.0, "sum": 28 }, "geometry": { "type": "Point", "coordinates": [ -122.384952638058522, 47.667516353367581 ] } },
{ "type": "Feature", "properties": { "lat": 47.667523520501881, "lon": -122.31330944415338, "time_of_day": "Morning", "causation": [ "0", "0", "0", "0", "0", "0", "0", "0", "34", "0", "0", "0", "0", "0", "0", "0", "0", "0", "0", "0", "0", "0", "0", "0" ], "duration": 5508.0, "sum": 34 }, "geometry": { "type": "Point", "coordinates": [ -122.313309444153376, 47.667523520501881 ] } },
{ "type": "Feature", "properties": { "lat": 47.667525579364501, "lon": -122.31392685603171, "time_of_day": "Morning", "causation": [ "0", "0", "0", "0", "0", "0", "0", "0", "1", "0", "0", "0", "0", "0", "0", "0", "0", "0", "0", "0", "0", "0", "0", "0" ], "duration": 23.0, "sum": 1 }, "geometry": { "type": "Point", "coordinates": [ -122.313926856031713, 47.667525579364501 ] } },
{ "type": "Feature", "properties": { "lat": 47.667538701986629, "lon": -122.39297363534706, "time_of_day": "Morning", "causation": [ "0", "0", "0", "0", "0", "0", "0", "0", "1", "0", "0", "0", "0", "0", "0", "0", "0", "0", "0", "0", "0", "0", "0", "0" ], "duration": 44.0, "sum": 1 }, "geometry": { "type": "Point", "coordinates": [ -122.392973635347062, 47.667538701986629 ] } },
{ "type": "Feature", "properties": { "lat": 47.667569143894319, "lon": -122.38420229399462, "time_of_day": "Morning", "causation": [ "0", "0", "0", "0", "0", "0", "0", "0", "3", "0", "0", "0", "0", "0", "0", "0", "0", "0", "0", "0", "0", "0", "0", "0" ], "duration": 132.0, "sum": 3 }, "geometry": { "type": "Point", "coordinates": [ -122.384202293994619, 47.667569143894319 ] } },
{ "type": "Feature", "properties": { "lat": 47.667627225287568, "lon": -122.40858133366622, "time_of_day": "Morning", "causation": [ "0", "0", "0", "0", "0", "0", "0", "0", "1", "0", "0", "0", "0", "0", "0", "0", "0", "0", "0", "0", "0", "0", "0", "0" ], "duration": 44.0, "sum": 1 }, "geometry": { "type": "Point", "coordinates": [ -122.40858133366622, 47.667627225287568 ] } },
{ "type": "Feature", "properties": { "lat": 47.667629414395179, "lon": -122.31331254052677, "time_of_day": "Morning", "causation": [ "0", "0", "0", "0", "0", "0", "0", "0", "1", "0", "0", "0", "0", "0", "0", "0", "0", "0", "0", "0", "0", "0", "0", "0" ], "duration": 162.0, "sum": 1 }, "geometry": { "type": "Point", "coordinates": [ -122.313312540526766, 47.667629414395179 ] } },
{ "type": "Feature", "properties": { "lat": 47.667635719801197, "lon": -122.31394627924873, "time_of_day": "Morning", "causation": [ "0", "0", "0", "0", "0", "0", "0", "0", "1", "0", "0", "0", "0", "0", "0", "0", "0", "0", "0", "0", "0", "0", "0", "0" ], "duration": 23.0, "sum": 1 }, "geometry": { "type": "Point", "coordinates": [ -122.313946279248725, 47.667635719801197 ] } },
{ "type": "Feature", "properties": { "lat": 47.667636694682905, "lon": -122.40906102042727, "time_of_day": "Morning", "causation": [ "0", "0", "0", "0", "0", "0", "0", "0", "1", "0", "0", "0", "0", "0", "0", "0", "0", "0", "0", "0", "0", "0", "0", "0" ], "duration": 44.0, "sum": 1 }, "geometry": { "type": "Point", "coordinates": [ -122.409061020427274, 47.667636694682905 ] } },
{ "type": "Feature", "properties": { "lat": 47.667665479309335, "lon": -122.40021896395524, "time_of_day": "Morning", "causation": [ "0", "0", "0", "0", "0", "0", "0", "0", "36", "0", "0", "0", "0", "0", "0", "0", "0", "0", "0", "0", "0", "0", "0", "0" ], "duration": 1584.0, "sum": 36 }, "geometry": { "type": "Point", "coordinates": [ -122.40021896395524, 47.667665479309335 ] } },
{ "type": "Feature", "properties": { "lat": 47.667669194356144, "lon": -122.38432756719357, "time_of_day": "Morning", "causation": [ "0", "0", "0", "0", "0", "0", "0", "0", "5", "0", "0", "0", "0", "0", "0", "0", "0", "0", "0", "0", "0", "0", "0", "0" ], "duration": 220.0, "sum": 5 }, "geometry": { "type": "Point", "coordinates": [ -122.384327567193566, 47.667669194356144 ] } },
{ "type": "Feature", "properties": { "lat": 47.667677560558779, "lon": -122.3931381386183, "time_of_day": "Morning", "causation": [ "0", "0", "0", "0", "0", "0", "0", "0", "4", "0", "0", "0", "0", "0", "0", "0", "0", "0", "0", "0", "0", "0", "0", "0" ], "duration": 176.0, "sum": 4 }, "geometry": { "type": "Point", "coordinates": [ -122.393138138618298, 47.667677560558779 ] } },
{ "type": "Feature", "properties": { "lat": 47.667720937667788, "lon": -122.39250859515572, "time_of_day": "Morning", "causation": [ "0", "0", "0", "0", "0", "0", "0", "0", "3", "0", "0", "0", "0", "0", "0", "0", "0", "0", "0", "0", "0", "0", "0", "0" ], "duration": 132.0, "sum": 3 }, "geometry": { "type": "Point", "coordinates": [ -122.392508595155718, 47.667720937667788 ] } },
{ "type": "Feature", "properties": { "lat": 47.66772332988036, "lon": -122.40228869796005, "time_of_day": "Morning", "causation": [ "0", "0", "0", "0", "0", "0", "0", "0", "1", "0", "0", "0", "0", "0", "0", "0", "0", "0", "0", "0", "0", "0", "0", "0" ], "duration": 44.0, "sum": 1 }, "geometry": { "type": "Point", "coordinates": [ -122.402288697960046, 47.66772332988036 ] } },
{ "type": "Feature", "properties": { "lat": 47.66773086948735, "lon": -122.3862890775324, "time_of_day": "Morning", "causation": [ "0", "0", "0", "0", "0", "0", "0", "0", "1", "0", "0", "0", "0", "0", "0", "0", "0", "0", "0", "0", "0", "0", "0", "0" ], "duration": 44.0, "sum": 1 }, "geometry": { "type": "Point", "coordinates": [ -122.386289077532396, 47.66773086948735 ] } },
{ "type": "Feature", "properties": { "lat": 47.667731567713069, "lon": -122.31395689675372, "time_of_day": "Morning", "causation": [ "0", "0", "0", "0", "0", "0", "0", "0", "1", "0", "0", "0", "0", "0", "0", "0", "0", "0", "0", "0", "0", "0", "0", "0" ], "duration": 23.0, "sum": 1 }, "geometry": { "type": "Point", "coordinates": [ -122.313956896753723, 47.667731567713069 ] } },
{ "type": "Feature", "properties": { "lat": 47.667739164252502, "lon": -122.39868640209566, "time_of_day": "Morning", "causation": [ "0", "0", "0", "0", "0", "0", "0", "0", "1", "0", "0", "0", "0", "0", "0", "0", "0", "0", "0", "0", "0", "0", "0", "0" ], "duration": 44.0, "sum": 1 }, "geometry": { "type": "Point", "coordinates": [ -122.398686402095663, 47.667739164252502 ] } },
{ "type": "Feature", "properties": { "lat": 47.667740500708817, "lon": -122.38520615041038, "time_of_day": "Morning", "causation": [ "0", "0", "0", "0", "0", "0", "0", "0", "1", "0", "0", "0", "0", "0", "0", "0", "0", "0", "0", "0", "0", "0", "0", "0" ], "duration": 44.0, "sum": 1 }, "geometry": { "type": "Point", "coordinates": [ -122.385206150410383, 47.667740500708817 ] } },
{ "type": "Feature", "properties": { "lat": 47.667765717777925, "lon": -122.39594553126408, "time_of_day": "Morning", "causation": [ "0", "0", "0", "0", "0", "0", "0", "0", "1", "0", "0", "0", "0", "0", "0", "0", "0", "0", "0", "0", "0", "0", "0", "0" ], "duration": 44.0, "sum": 1 }, "geometry": { "type": "Point", "coordinates": [ -122.395945531264076, 47.667765717777925 ] } },
{ "type": "Feature", "properties": { "lat": 47.667789832060272, "lon": -122.3990243771011, "time_of_day": "Morning", "causation": [ "0", "0", "0", "0", "0", "0", "0", "0", "14", "0", "0", "0", "0", "0", "0", "0", "0", "0", "0", "0", "0", "0", "0", "0" ], "duration": 616.0, "sum": 14 }, "geometry": { "type": "Point", "coordinates": [ -122.3990243771011, 47.667789832060272 ] } },
{ "type": "Feature", "properties": { "lat": 47.667805480784367, "lon": -122.3880351482096, "time_of_day": "Morning", "causation": [ "0", "0", "0", "0", "0", "0", "0", "0", "8", "0", "0", "0", "0", "0", "0", "0", "0", "0", "0", "0", "0", "0", "0", "0" ], "duration": 352.0, "sum": 8 }, "geometry": { "type": "Point", "coordinates": [ -122.388035148209596, 47.667805480784367 ] } },
{ "type": "Feature", "properties": { "lat": 47.667805852089614, "lon": -122.39581845358192, "time_of_day": "Morning", "causation": [ "0", "0", "0", "0", "0", "0", "0", "0", "3", "0", "0", "0", "0", "0", "0", "0", "0", "0", "0", "0", "0", "0", "0", "0" ], "duration": 132.0, "sum": 3 }, "geometry": { "type": "Point", "coordinates": [ -122.395818453581924, 47.667805852089614 ] } },
{ "type": "Feature", "properties": { "lat": 47.667821366975907, "lon": -122.3998236685301, "time_of_day": "Morning", "causation": [ "0", "0", "0", "0", "0", "0", "0", "0", "39", "0", "0", "0", "0", "0", "0", "0", "0", "0", "0", "0", "0", "0", "0", "0" ], "duration": 1716.0, "sum": 39 }, "geometry": { "type": "Point", "coordinates": [ -122.399823668530104, 47.667821366975907 ] } },
{ "type": "Feature", "properties": { "lat": 47.667829812904657, "lon": -122.38641381064691, "time_of_day": "Morning", "causation": [ "0", "0", "0", "0", "0", "0", "0", "0", "1", "0", "0", "0", "0", "0", "0", "0", "0", "0", "0", "0", "0", "0", "0", "0" ], "duration": 44.0, "sum": 1 }, "geometry": { "type": "Point", "coordinates": [ -122.386413810646914, 47.667829812904657 ] } },
{ "type": "Feature", "properties": { "lat": 47.667851394541046, "lon": -122.38559813339926, "time_of_day": "Morning", "causation": [ "0", "0", "0", "0", "0", "0", "0", "0", "1", "0", "0", "0", "0", "0", "0", "0", "0", "0", "0", "0", "0", "0", "0", "0" ], "duration": 44.0, "sum": 1 }, "geometry": { "type": "Point", "coordinates": [ -122.385598133399256, 47.667851394541046 ] } },
{ "type": "Feature", "properties": { "lat": 47.66785814321797, "lon": -122.3139333173449, "time_of_day": "Morning", "causation": [ "0", "0", "0", "0", "0", "0", "0", "0", "13", "0", "0", "0", "0", "0", "0", "0", "0", "0", "0", "0", "0", "0", "0", "0" ], "duration": 2106.0, "sum": 13 }, "geometry": { "type": "Point", "coordinates": [ -122.313933317344905, 47.66785814321797 ] } },
{ "type": "Feature", "properties": { "lat": 47.667889552534803, "lon": -122.39089682475584, "time_of_day": "Morning", "causation": [ "0", "0", "0", "0", "0", "0", "0", "0", "1", "0", "0", "0", "0", "0", "0", "0", "0", "0", "0", "0", "0", "0", "0", "0" ], "duration": 44.0, "sum": 1 }, "geometry": { "type": "Point", "coordinates": [ -122.390896824755842, 47.667889552534803 ] } },
{ "type": "Feature", "properties": { "lat": 47.667916796990802, "lon": -122.38568431045158, "time_of_day": "Morning", "causation": [ "0", "0", "0", "0", "0", "0", "0", "0", "10", "0", "0", "0", "0", "0", "0", "0", "0", "0", "0", "0", "0", "0", "0", "0" ], "duration": 440.0, "sum": 10 }, "geometry": { "type": "Point", "coordinates": [ -122.38568431045158, 47.667916796990802 ] } },
{ "type": "Feature", "properties": { "lat": 47.667917821109306, "lon": -122.3896420828308, "time_of_day": "Morning", "causation": [ "0", "0", "0", "0", "0", "0", "0", "0", "3", "0", "0", "0", "0", "0", "0", "0", "0", "0", "0", "0", "0", "0", "0", "0" ], "duration": 132.0, "sum": 3 }, "geometry": { "type": "Point", "coordinates": [ -122.389642082830804, 47.667917821109306 ] } },
{ "type": "Feature", "properties": { "lat": 47.667918054909201, "lon": -122.40867145760411, "time_of_day": "Morning", "causation": [ "0", "0", "0", "0", "0", "0", "0", "0", "1", "0", "0", "0", "0", "0", "0", "0", "0", "0", "0", "0", "0", "0", "0", "0" ], "duration": 44.0, "sum": 1 }, "geometry": { "type": "Point", "coordinates": [ -122.408671457604115, 47.667918054909201 ] } },
{ "type": "Feature", "properties": { "lat": 47.66792541949642, "lon": -122.39060431738, "time_of_day": "Morning", "causation": [ "0", "0", "0", "0", "0", "0", "0", "0", "5", "0", "0", "0", "0", "0", "0", "0", "0", "0", "0", "0", "0", "0", "0", "0" ], "duration": 220.0, "sum": 5 }, "geometry": { "type": "Point", "coordinates": [ -122.390604317379996, 47.66792541949642 ] } },
{ "type": "Feature", "properties": { "lat": 47.667936940702177, "lon": -122.39863329038788, "time_of_day": "Morning", "causation": [ "0", "0", "0", "0", "0", "0", "0", "0", "5", "0", "0", "0", "0", "0", "0", "0", "0", "0", "0", "0", "0", "0", "0", "0" ], "duration": 220.0, "sum": 5 }, "geometry": { "type": "Point", "coordinates": [ -122.398633290387878, 47.667936940702177 ] } },
{ "type": "Feature", "properties": { "lat": 47.66793856603708, "lon": -122.40918406256289, "time_of_day": "Morning", "causation": [ "0", "0", "0", "0", "0", "0", "0", "0", "1", "0", "0", "0", "0", "0", "0", "0", "0", "0", "0", "0", "0", "0", "0", "0" ], "duration": 44.0, "sum": 1 }, "geometry": { "type": "Point", "coordinates": [ -122.409184062562886, 47.66793856603708 ] } },
{ "type": "Feature", "properties": { "lat": 47.667958602624381, "lon": -122.38737797304744, "time_of_day": "Morning", "causation": [ "0", "0", "0", "0", "0", "0", "0", "0", "1", "0", "0", "0", "0", "0", "0", "0", "0", "0", "0", "0", "0", "0", "0", "0" ], "duration": 44.0, "sum": 1 }, "geometry": { "type": "Point", "coordinates": [ -122.387377973047435, 47.667958602624381 ] } },
{ "type": "Feature", "properties": { "lat": 47.667968602844525, "lon": -122.31394081951116, "time_of_day": "Morning", "causation": [ "0", "0", "0", "0", "0", "0", "0", "0", "1", "0", "0", "0", "0", "0", "0", "0", "0", "0", "0", "0", "0", "0", "0", "0" ], "duration": 162.0, "sum": 1 }, "geometry": { "type": "Point", "coordinates": [ -122.31394081951116, 47.667968602844525 ] } },
{ "type": "Feature", "properties": { "lat": 47.667981408912077, "lon": -122.3137881486786, "time_of_day": "Morning", "causation": [ "0", "0", "0", "0", "0", "0", "0", "0", "1", "0", "0", "0", "0", "0", "0", "0", "0", "0", "0", "0", "0", "0", "0", "0" ], "duration": 162.0, "sum": 1 }, "geometry": { "type": "Point", "coordinates": [ -122.313788148678597, 47.667981408912077 ] } },
{ "type": "Feature", "properties": { "lat": 47.667985675810861, "lon": -122.38452019043876, "time_of_day": "Morning", "causation": [ "0", "0", "0", "0", "0", "0", "0", "0", "5", "0", "0", "0", "0", "0", "0", "0", "0", "0", "0", "0", "0", "0", "0", "0" ], "duration": 220.0, "sum": 5 }, "geometry": { "type": "Point", "coordinates": [ -122.384520190438764, 47.667985675810861 ] } },
{ "type": "Feature", "properties": { "lat": 47.667986761561032, "lon": -122.40089213669128, "time_of_day": "Morning", "causation": [ "0", "0", "0", "0", "0", "0", "0", "0", "20", "0", "0", "0", "0", "0", "0", "0", "0", "0", "0", "0", "0", "0", "0", "0" ], "duration": 880.0, "sum": 20 }, "geometry": { "type": "Point", "coordinates": [ -122.400892136691283, 47.667986761561032 ] } },
{ "type": "Feature", "properties": { "lat": 47.668004158717608, "lon": -122.40269410681798, "time_of_day": "Morning", "causation": [ "0", "0", "0", "0", "0", "0", "0", "0", "1", "0", "0", "0", "0", "0", "0", "0", "0", "0", "0", "0", "0", "0", "0", "0" ], "duration": 44.0, "sum": 1 }, "geometry": { "type": "Point", "coordinates": [ -122.402694106817975, 47.668004158717608 ] } },
{ "type": "Feature", "properties": { "lat": 47.668010515660562, "lon": -122.38653012051064, "time_of_day": "Morning", "causation": [ "0", "0", "0", "0", "0", "0", "0", "0", "1", "0", "0", "0", "0", "0", "0", "0", "0", "0", "0", "0", "0", "0", "0", "0" ], "duration": 44.0, "sum": 1 }, "geometry": { "type": "Point", "coordinates": [ -122.386530120510642, 47.668010515660562 ] } },
{ "type": "Feature", "properties": { "lat": 47.668036250405102, "lon": -122.40924896670732, "time_of_day": "Morning", "causation": [ "0", "0", "0", "0", "0", "0", "0", "0", "1", "0", "0", "0", "0", "0", "0", "0", "0", "0", "0", "0", "0", "0", "0", "0" ], "duration": 44.0, "sum": 1 }, "geometry": { "type": "Point", "coordinates": [ -122.409248966707324, 47.668036250405102 ] } },
{ "type": "Feature", "properties": { "lat": 47.668038474322735, "lon": -122.39025084010116, "time_of_day": "Morning", "causation": [ "0", "0", "0", "0", "0", "0", "0", "0", "3", "0", "0", "0", "0", "0", "0", "0", "0", "0", "0", "0", "0", "0", "0", "0" ], "duration": 132.0, "sum": 3 }, "geometry": { "type": "Point", "coordinates": [ -122.39025084010116, 47.668038474322735 ] } },
{ "type": "Feature", "properties": { "lat": 47.668053572239273, "lon": -122.40859634166006, "time_of_day": "Morning", "causation": [ "0", "0", "0", "0", "0", "0", "0", "0", "1", "0", "0", "0", "0", "0", "0", "0", "0", "0", "0", "0", "0", "0", "0", "0" ], "duration": 44.0, "sum": 1 }, "geometry": { "type": "Point", "coordinates": [ -122.408596341660058, 47.668053572239273 ] } },
{ "type": "Feature", "properties": { "lat": 47.668061494443677, "lon": -122.38578957266959, "time_of_day": "Morning", "causation": [ "0", "0", "0", "0", "0", "0", "0", "0", "3", "0", "0", "0", "0", "0", "0", "0", "0", "0", "0", "0", "0", "0", "0", "0" ], "duration": 132.0, "sum": 3 }, "geometry": { "type": "Point", "coordinates": [ -122.385789572669594, 47.668061494443677 ] } },
{ "type": "Feature", "properties": { "lat": 47.668062108164371, "lon": -122.31333495247073, "time_of_day": "Morning", "causation": [ "0", "0", "0", "0", "0", "0", "0", "0", "2", "0", "0", "0", "0", "0", "0", "0", "0", "0", "0", "0", "0", "0", "0", "0" ], "duration": 324.0, "sum": 2 }, "geometry": { "type": "Point", "coordinates": [ -122.313334952470726, 47.668062108164371 ] } },
{ "type": "Feature", "properties": { "lat": 47.668064181758766, "lon": -122.40286387276826, "time_of_day": "Morning", "causation": [ "0", "0", "0", "0", "0", "0", "0", "0", "1", "0", "0", "0", "0", "0", "0", "0", "0", "0", "0", "0", "0", "0", "0", "0" ], "duration": 44.0, "sum": 1 }, "geometry": { "type": "Point", "coordinates": [ -122.402863872768265, 47.668064181758766 ] } },
{ "type": "Feature", "properties": { "lat": 47.668064569768823, "lon": -122.31385534043118, "time_of_day": "Morning", "causation": [ "0", "0", "0", "0", "0", "0", "0", "0", "5", "0", "0", "0", "0", "0", "0", "0", "0", "0", "0", "0", "0", "0", "0", "0" ], "duration": 115.0, "sum": 5 }, "geometry": { "type": "Point", "coordinates": [ -122.313855340431175, 47.668064569768823 ] } },
{ "type": "Feature", "properties": { "lat": 47.668065166674509, "lon": -122.39953603625834, "time_of_day": "Morning", "causation": [ "0", "0", "0", "0", "0", "0", "0", "0", "26", "0", "0", "0", "0", "0", "0", "0", "0", "0", "0", "0", "0", "0", "0", "0" ], "duration": 1144.0, "sum": 26 }, "geometry": { "type": "Point", "coordinates": [ -122.39953603625834, 47.668065166674509 ] } },
{ "type": "Feature", "properties": { "lat": 47.668077520524598, "lon": -122.38670565334807, "time_of_day": "Morning", "causation": [ "0", "0", "0", "0", "0", "0", "0", "0", "1", "0", "0", "0", "0", "0", "0", "0", "0", "0", "0", "0", "0", "0", "0", "0" ], "duration": 44.0, "sum": 1 }, "geometry": { "type": "Point", "coordinates": [ -122.386705653348073, 47.668077520524598 ] } },
{ "type": "Feature", "properties": { "lat": 47.668080688744205, "lon": -122.40141062686602, "time_of_day": "Morning", "causation": [ "0", "0", "0", "0", "0", "0", "0", "0", "13", "0", "0", "0", "0", "0", "0", "0", "0", "0", "0", "0", "0", "0", "0", "0" ], "duration": 572.0, "sum": 13 }, "geometry": { "type": "Point", "coordinates": [ -122.401410626866024, 47.668080688744205 ] } },
{ "type": "Feature", "properties": { "lat": 47.668102059533375, "lon": -122.38510076204383, "time_of_day": "Morning", "causation": [ "0", "0", "0", "0", "0", "0", "0", "0", "1", "0", "0", "0", "0", "0", "0", "0", "0", "0", "0", "0", "0", "0", "0", "0" ], "duration": 44.0, "sum": 1 }, "geometry": { "type": "Point", "coordinates": [ -122.385100762043834, 47.668102059533375 ] } },
{ "type": "Feature", "properties": { "lat": 47.66812212201156, "lon": -122.3986191345596, "time_of_day": "Morning", "causation": [ "0", "0", "0", "0", "0", "0", "0", "0", "5", "0", "0", "0", "0", "0", "0", "0", "0", "0", "0", "0", "0", "0", "0", "0" ], "duration": 220.0, "sum": 5 }, "geometry": { "type": "Point", "coordinates": [ -122.398619134559596, 47.66812212201156 ] } },
{ "type": "Feature", "properties": { "lat": 47.668139316858834, "lon": -122.31392096533207, "time_of_day": "Morning", "causation": [ "0", "0", "0", "0", "0", "0", "0", "0", "1", "0", "0", "0", "0", "0", "0", "0", "0", "0", "0", "0", "0", "0", "0", "0" ], "duration": 23.0, "sum": 1 }, "geometry": { "type": "Point", "coordinates": [ -122.313920965332073, 47.668139316858834 ] } },
{ "type": "Feature", "properties": { "lat": 47.668158527942879, "lon": -122.40920351469229, "time_of_day": "Morning", "causation": [ "0", "0", "0", "0", "0", "0", "0", "0", "1", "0", "0", "0", "0", "0", "0", "0", "0", "0", "0", "0", "0", "0", "0", "0" ], "duration": 44.0, "sum": 1 }, "geometry": { "type": "Point", "coordinates": [ -122.409203514692294, 47.668158527942879 ] } },
{ "type": "Feature", "properties": { "lat": 47.668166059114142, "lon": -122.38593186394981, "time_of_day": "Morning", "causation": [ "0", "0", "0", "0", "0", "0", "0", "0", "3", "0", "0", "0", "0", "0", "0", "0", "0", "0", "0", "0", "0", "0", "0", "0" ], "duration": 132.0, "sum": 3 }, "geometry": { "type": "Point", "coordinates": [ -122.385931863949807, 47.668166059114142 ] } },
{ "type": "Feature", "properties": { "lat": 47.668173703796803, "lon": -122.39802847376724, "time_of_day": "Morning", "causation": [ "0", "0", "0", "0", "0", "0", "0", "0", "39", "0", "0", "0", "0", "0", "0", "0", "0", "0", "0", "0", "0", "0", "0", "0" ], "duration": 1716.0, "sum": 39 }, "geometry": { "type": "Point", "coordinates": [ -122.398028473767241, 47.668173703796803 ] } },
{ "type": "Feature", "properties": { "lat": 47.668178700020079, "lon": -122.31372347298723, "time_of_day": "Morning", "causation": [ "0", "0", "0", "0", "0", "0", "0", "0", "1", "0", "0", "0", "0", "0", "0", "0", "0", "0", "0", "0", "0", "0", "0", "0" ], "duration": 23.0, "sum": 1 }, "geometry": { "type": "Point", "coordinates": [ -122.313723472987235, 47.668178700020079 ] } },
{ "type": "Feature", "properties": { "lat": 47.668179329648751, "lon": -122.40862939710996, "time_of_day": "Morning", "causation": [ "0", "0", "0", "0", "0", "0", "0", "0", "1", "0", "0", "0", "0", "0", "0", "0", "0", "0", "0", "0", "0", "0", "0", "0" ], "duration": 44.0, "sum": 1 }, "geometry": { "type": "Point", "coordinates": [ -122.408629397109962, 47.668179329648751 ] } },
{ "type": "Feature", "properties": { "lat": 47.668190654958963, "lon": -122.3139266575444, "time_of_day": "Morning", "causation": [ "0", "0", "0", "0", "0", "0", "0", "0", "1", "0", "0", "0", "0", "0", "0", "0", "0", "0", "0", "0", "0", "0", "0", "0" ], "duration": 23.0, "sum": 1 }, "geometry": { "type": "Point", "coordinates": [ -122.3139266575444, 47.668190654958963 ] } },
{ "type": "Feature", "properties": { "lat": 47.668212025794567, "lon": -122.38832873859825, "time_of_day": "Morning", "causation": [ "0", "0", "0", "0", "0", "0", "0", "0", "2", "0", "0", "0", "0", "0", "0", "0", "0", "0", "0", "0", "0", "0", "0", "0" ], "duration": 88.0, "sum": 2 }, "geometry": { "type": "Point", "coordinates": [ -122.388328738598247, 47.668212025794567 ] } },
{ "type": "Feature", "properties": { "lat": 47.668223386158388, "lon": -122.3937376764865, "time_of_day": "Morning", "causation": [ "0", "0", "0", "0", "0", "0", "0", "0", "1", "0", "0", "0", "0", "0", "0", "0", "0", "0", "0", "0", "0", "0", "0", "0" ], "duration": 44.0, "sum": 1 }, "geometry": { "type": "Point", "coordinates": [ -122.393737676486495, 47.668223386158388 ] } },
{ "type": "Feature", "properties": { "lat": 47.668251473091999, "lon": -122.3855328761644, "time_of_day": "Morning", "causation": [ "0", "0", "0", "0", "0", "0", "0", "0", "2", "0", "0", "0", "0", "0", "0", "0", "0", "0", "0", "0", "0", "0", "0", "0" ], "duration": 88.0, "sum": 2 }, "geometry": { "type": "Point", "coordinates": [ -122.385532876164405, 47.668251473091999 ] } },
{ "type": "Feature", "properties": { "lat": 47.668263823245042, "lon": -122.3860930318147, "time_of_day": "Morning", "causation": [ "0", "0", "0", "0", "0", "0", "0", "0", "2", "0", "0", "0", "0", "0", "0", "0", "0", "0", "0", "0", "0", "0", "0", "0" ], "duration": 88.0, "sum": 2 }, "geometry": { "type": "Point", "coordinates": [ -122.386093031814696, 47.668263823245042 ] } },
{ "type": "Feature", "properties": { "lat": 47.668275210441593, "lon": -122.39984953326191, "time_of_day": "Morning", "causation": [ "0", "0", "0", "0", "0", "0", "0", "0", "1", "0", "0", "0", "0", "0", "0", "0", "0", "0", "0", "0", "0", "0", "0", "0" ], "duration": 44.0, "sum": 1 }, "geometry": { "type": "Point", "coordinates": [ -122.399849533261914, 47.668275210441593 ] } },
{ "type": "Feature", "properties": { "lat": 47.668276422901016, "lon": -122.39975823300726, "time_of_day": "Morning", "causation": [ "0", "0", "0", "0", "0", "0", "0", "0", "1", "0", "0", "0", "0", "0", "0", "0", "0", "0", "0", "0", "0", "0", "0", "0" ], "duration": 44.0, "sum": 1 }, "geometry": { "type": "Point", "coordinates": [ -122.399758233007262, 47.668276422901016 ] } },
{ "type": "Feature", "properties": { "lat": 47.668286526868812, "lon": -122.4004877098217, "time_of_day": "Morning", "causation": [ "0", "0", "0", "0", "0", "0", "0", "0", "1", "0", "0", "0", "0", "0", "0", "0", "0", "0", "0", "0", "0", "0", "0", "0" ], "duration": 44.0, "sum": 1 }, "geometry": { "type": "Point", "coordinates": [ -122.400487709821704, 47.668286526868812 ] } },
{ "type": "Feature", "properties": { "lat": 47.668287652091095, "lon": -122.40093529426142, "time_of_day": "Morning", "causation": [ "0", "0", "0", "0", "0", "0", "0", "0", "1", "0", "0", "0", "0", "0", "0", "0", "0", "0", "0", "0", "0", "0", "0", "0" ], "duration": 44.0, "sum": 1 }, "geometry": { "type": "Point", "coordinates": [ -122.400935294261416, 47.668287652091095 ] } },
{ "type": "Feature", "properties": { "lat": 47.668290091693002, "lon": -122.3139263603512, "time_of_day": "Morning", "causation": [ "0", "0", "0", "0", "0", "0", "0", "0", "1", "0", "0", "0", "0", "0", "0", "0", "0", "0", "0", "0", "0", "0", "0", "0" ], "duration": 23.0, "sum": 1 }, "geometry": { "type": "Point", "coordinates": [ -122.313926360351203, 47.668290091693002 ] } },
{ "type": "Feature", "properties": { "lat": 47.66829772641605, "lon": -122.39941988550676, "time_of_day": "Morning", "causation": [ "0", "0", "0", "0", "0", "0", "0", "0", "1", "0", "0", "0", "0", "0", "0", "0", "0", "0", "0", "0", "0", "0", "0", "0" ], "duration": 44.0, "sum": 1 }, "geometry": { "type": "Point", "coordinates": [ -122.399419885506759, 47.66829772641605 ] } },
{ "type": "Feature", "properties": { "lat": 47.668299082306902, "lon": -122.39932125823184, "time_of_day": "Morning", "causation": [ "0", "0", "0", "0", "0", "0", "0", "0", "1", "0", "0", "0", "0", "0", "0", "0", "0", "0", "0", "0", "0", "0", "0", "0" ], "duration": 44.0, "sum": 1 }, "geometry": { "type": "Point", "coordinates": [ -122.399321258231836, 47.668299082306902 ] } },
{ "type": "Feature", "properties": { "lat": 47.668305838211367, "lon": -122.40333242167932, "time_of_day": "Morning", "causation": [ "0", "0", "0", "0", "0", "0", "0", "0", "1", "0", "0", "0", "0", "0", "0", "0", "0", "0", "0", "0", "0", "0", "0", "0" ], "duration": 44.0, "sum": 1 }, "geometry": { "type": "Point", "coordinates": [ -122.403332421679323, 47.668305838211367 ] } },
{ "type": "Feature", "properties": { "lat": 47.668310433004521, "lon": -122.40139063608471, "time_of_day": "Morning", "causation": [ "0", "0", "0", "0", "0", "0", "0", "0", "1", "0", "0", "0", "0", "0", "0", "0", "0", "0", "0", "0", "0", "0", "0", "0" ], "duration": 44.0, "sum": 1 }, "geometry": { "type": "Point", "coordinates": [ -122.401390636084713, 47.668310433004521 ] } },
{ "type": "Feature", "properties": { "lat": 47.668316457607688, "lon": -122.39208227923098, "time_of_day": "Morning", "causation": [ "0", "0", "0", "0", "0", "0", "0", "0", "1", "0", "0", "0", "0", "0", "0", "0", "0", "0", "0", "0", "0", "0", "0", "0" ], "duration": 44.0, "sum": 1 }, "geometry": { "type": "Point", "coordinates": [ -122.392082279230976, 47.668316457607688 ] } },
{ "type": "Feature", "properties": { "lat": 47.66832134380428, "lon": -122.3868176161419, "time_of_day": "Morning", "causation": [ "0", "0", "0", "0", "0", "0", "0", "0", "5", "0", "0", "0", "0", "0", "0", "0", "0", "0", "0", "0", "0", "0", "0", "0" ], "duration": 220.0, "sum": 5 }, "geometry": { "type": "Point", "coordinates": [ -122.386817616141897, 47.66832134380428 ] } },
{ "type": "Feature", "properties": { "lat": 47.668323856123408, "lon": -122.40851213271472, "time_of_day": "Morning", "causation": [ "0", "0", "0", "0", "0", "0", "0", "0", "1", "0", "0", "0", "0", "0", "0", "0", "0", "0", "0", "0", "0", "0", "0", "0" ], "duration": 44.0, "sum": 1 }, "geometry": { "type": "Point", "coordinates": [ -122.408512132714719, 47.668323856123408 ] } },
{ "type": "Feature", "properties": { "lat": 47.668326074207968, "lon": -122.40911308035156, "time_of_day": "Morning", "causation": [ "0", "0", "0", "0", "0", "0", "0", "0", "1", "0", "0", "0", "0", "0", "0", "0", "0", "0", "0", "0", "0", "0", "0", "0" ], "duration": 44.0, "sum": 1 }, "geometry": { "type": "Point", "coordinates": [ -122.40911308035156, 47.668326074207968 ] } },
{ "type": "Feature", "properties": { "lat": 47.668329156945468, "lon": -122.3862719248912, "time_of_day": "Morning", "causation": [ "0", "0", "0", "0", "0", "0", "0", "0", "18", "0", "0", "0", "0", "0", "0", "0", "0", "0", "0", "0", "0", "0", "0", "0" ], "duration": 792.0, "sum": 18 }, "geometry": { "type": "Point", "coordinates": [ -122.386271924891204, 47.668329156945468 ] } },
{ "type": "Feature", "properties": { "lat": 47.668335970115379, "lon": -122.39963723023864, "time_of_day": "Morning", "causation": [ "0", "0", "0", "0", "0", "0", "0", "0", "1", "0", "0", "0", "0", "0", "0", "0", "0", "0", "0", "0", "0", "0", "0", "0" ], "duration": 44.0, "sum": 1 }, "geometry": { "type": "Point", "coordinates": [ -122.399637230238639, 47.668335970115379 ] } },
{ "type": "Feature", "properties": { "lat": 47.668337436221201, "lon": -122.39951498446074, "time_of_day": "Morning", "causation": [ "0", "0", "0", "0", "0", "0", "0", "0", "1", "0", "0", "0", "0", "0", "0", "0", "0", "0", "0", "0", "0", "0", "0", "0" ], "duration": 44.0, "sum": 1 }, "geometry": { "type": "Point", "coordinates": [ -122.399514984460737, 47.668337436221201 ] } },
{ "type": "Feature", "properties": { "lat": 47.668382862308817, "lon": -122.37940640318097, "time_of_day": "Morning", "causation": [ "0", "0", "0", "0", "0", "0", "0", "0", "2", "0", "0", "0", "0", "0", "0", "0", "0", "0", "0", "0", "0", "0", "0", "0" ], "duration": 88.0, "sum": 2 }, "geometry": { "type": "Point", "coordinates": [ -122.379406403180965, 47.668382862308817 ] } },
{ "type": "Feature", "properties": { "lat": 47.668384458029443, "lon": -122.39895745562887, "time_of_day": "Morning", "causation": [ "0", "0", "0", "0", "0", "0", "0", "0", "8", "0", "0", "0", "0", "0", "0", "0", "0", "0", "0", "0", "0", "0", "0", "0" ], "duration": 352.0, "sum": 8 }, "geometry": { "type": "Point", "coordinates": [ -122.398957455628874, 47.668384458029443 ] } },
{ "type": "Feature", "properties": { "lat": 47.668387883012834, "lon": -122.37734023315136, "time_of_day": "Morning", "causation": [ "0", "0", "0", "0", "0", "0", "0", "0", "1", "0", "0", "0", "0", "0", "0", "0", "0", "0", "0", "0", "0", "0", "0", "0" ], "duration": 44.0, "sum": 1 }, "geometry": { "type": "Point", "coordinates": [ -122.377340233151358, 47.668387883012834 ] } },
{ "type": "Feature", "properties": { "lat": 47.668388037131386, "lon": -122.31385768181804, "time_of_day": "Morning", "causation": [ "0", "0", "0", "0", "0", "0", "0", "0", "1", "0", "0", "0", "0", "0", "0", "0", "0", "0", "0", "0", "0", "0", "0", "0" ], "duration": 23.0, "sum": 1 }, "geometry": { "type": "Point", "coordinates": [ -122.313857681818035, 47.668388037131386 ] } },
{ "type": "Feature", "properties": { "lat": 47.668393365107761, "lon": -122.3863973954581, "time_of_day": "Morning", "causation": [ "0", "0", "0", "0", "0", "0", "0", "0", "2", "0", "0", "0", "0", "0", "0", "0", "0", "0", "0", "0", "0", "0", "0", "0" ], "duration": 88.0, "sum": 2 }, "geometry": { "type": "Point", "coordinates": [ -122.386397395458104, 47.668393365107761 ] } },
{ "type": "Feature", "properties": { "lat": 47.668395563752853, "lon": -122.31369314413476, "time_of_day": "Morning", "causation": [ "0", "0", "0", "0", "0", "0", "0", "0", "1", "0", "0", "0", "0", "0", "0", "0", "0", "0", "0", "0", "0", "0", "0", "0" ], "duration": 23.0, "sum": 1 }, "geometry": { "type": "Point", "coordinates": [ -122.31369314413476, 47.668395563752853 ] } },
{ "type": "Feature", "properties": { "lat": 47.668403161975483, "lon": -122.40071531490524, "time_of_day": "Morning", "causation": [ "0", "0", "0", "0", "0", "0", "0", "0", "2", "0", "0", "0", "0", "0", "0", "0", "0", "0", "0", "0", "0", "0", "0", "0" ], "duration": 88.0, "sum": 2 }, "geometry": { "type": "Point", "coordinates": [ -122.400715314905241, 47.668403161975483 ] } },
{ "type": "Feature", "properties": { "lat": 47.668403476641288, "lon": -122.38789429637563, "time_of_day": "Morning", "causation": [ "0", "0", "0", "0", "0", "0", "0", "0", "20", "0", "0", "0", "0", "0", "0", "0", "0", "0", "0", "0", "0", "0", "0", "0" ], "duration": 880.0, "sum": 20 }, "geometry": { "type": "Point", "coordinates": [ -122.387894296375634, 47.668403476641288 ] } },
{ "type": "Feature", "properties": { "lat": 47.668404103289305, "lon": -122.40049088555745, "time_of_day": "Morning", "causation": [ "0", "0", "0", "0", "0", "0", "0", "0", "2", "0", "0", "0", "0", "0", "0", "0", "0", "0", "0", "0", "0", "0", "0", "0" ], "duration": 88.0, "sum": 2 }, "geometry": { "type": "Point", "coordinates": [ -122.400490885557446, 47.668404103289305 ] } },
{ "type": "Feature", "properties": { "lat": 47.66840592374713, "lon": -122.40023893140943, "time_of_day": "Morning", "causation": [ "0", "0", "0", "0", "0", "0", "0", "0", "2", "0", "0", "0", "0", "0", "0", "0", "0", "0", "0", "0", "0", "0", "0", "0" ], "duration": 88.0, "sum": 2 }, "geometry": { "type": "Point", "coordinates": [ -122.400238931409433, 47.66840592374713 ] } },
{ "type": "Feature", "properties": { "lat": 47.66841181143532, "lon": -122.39943213198272, "time_of_day": "Morning", "causation": [ "0", "0", "0", "0", "0", "0", "0", "0", "1", "0", "0", "0", "0", "0", "0", "0", "0", "0", "0", "0", "0", "0", "0", "0" ], "duration": 44.0, "sum": 1 }, "geometry": { "type": "Point", "coordinates": [ -122.399432131982721, 47.66841181143532 ] } },
{ "type": "Feature", "properties": { "lat": 47.668412792454681, "lon": -122.399303628019, "time_of_day": "Morning", "causation": [ "0", "0", "0", "0", "0", "0", "0", "0", "1", "0", "0", "0", "0", "0", "0", "0", "0", "0", "0", "0", "0", "0", "0", "0" ], "duration": 44.0, "sum": 1 }, "geometry": { "type": "Point", "coordinates": [ -122.399303628018998, 47.668412792454681 ] } },
{ "type": "Feature", "properties": { "lat": 47.668413527008667, "lon": -122.38502839801006, "time_of_day": "Morning", "causation": [ "0", "0", "0", "0", "0", "0", "0", "0", "3", "0", "0", "0", "0", "0", "0", "0", "0", "0", "0", "0", "0", "0", "0", "0" ], "duration": 132.0, "sum": 3 }, "geometry": { "type": "Point", "coordinates": [ -122.385028398010064, 47.668413527008667 ] } },
{ "type": "Feature", "properties": { "lat": 47.668414023333277, "lon": -122.38445178611748, "time_of_day": "Morning", "causation": [ "0", "0", "0", "0", "0", "0", "0", "0", "1", "0", "0", "0", "0", "0", "0", "0", "0", "0", "0", "0", "0", "0", "0", "0" ], "duration": 44.0, "sum": 1 }, "geometry": { "type": "Point", "coordinates": [ -122.384451786117481, 47.668414023333277 ] } },
{ "type": "Feature", "properties": { "lat": 47.66841480050654, "lon": -122.39915754927669, "time_of_day": "Morning", "causation": [ "0", "0", "0", "0", "0", "0", "0", "0", "1", "0", "0", "0", "0", "0", "0", "0", "0", "0", "0", "0", "0", "0", "0", "0" ], "duration": 44.0, "sum": 1 }, "geometry": { "type": "Point", "coordinates": [ -122.399157549276694, 47.66841480050654 ] } },
{ "type": "Feature", "properties": { "lat": 47.66842024017658, "lon": -122.39859262922964, "time_of_day": "Morning", "causation": [ "0", "0", "0", "0", "0", "0", "0", "0", "1", "0", "0", "0", "0", "0", "0", "0", "0", "0", "0", "0", "0", "0", "0", "0" ], "duration": 44.0, "sum": 1 }, "geometry": { "type": "Point", "coordinates": [ -122.39859262922964, 47.66842024017658 ] } },
{ "type": "Feature", "properties": { "lat": 47.668432886301389, "lon": -122.40145268467046, "time_of_day": "Morning", "causation": [ "0", "0", "0", "0", "0", "0", "0", "0", "1", "0", "0", "0", "0", "0", "0", "0", "0", "0", "0", "0", "0", "0", "0", "0" ], "duration": 44.0, "sum": 1 }, "geometry": { "type": "Point", "coordinates": [ -122.40145268467046, 47.668432886301389 ] } },
{ "type": "Feature", "properties": { "lat": 47.668435788405681, "lon": -122.4017752693956, "time_of_day": "Morning", "causation": [ "0", "0", "0", "0", "0", "0", "0", "0", "2", "0", "0", "0", "0", "0", "0", "0", "0", "0", "0", "0", "0", "0", "0", "0" ], "duration": 88.0, "sum": 2 }, "geometry": { "type": "Point", "coordinates": [ -122.4017752693956, 47.668435788405681 ] } },
{ "type": "Feature", "properties": { "lat": 47.668436100105488, "lon": -122.4015647974754, "time_of_day": "Morning", "causation": [ "0", "0", "0", "0", "0", "0", "0", "0", "2", "0", "0", "0", "0", "0", "0", "0", "0", "0", "0", "0", "0", "0", "0", "0" ], "duration": 88.0, "sum": 2 }, "geometry": { "type": "Point", "coordinates": [ -122.401564797475402, 47.668436100105488 ] } },
{ "type": "Feature", "properties": { "lat": 47.668438387337027, "lon": -122.40136406689795, "time_of_day": "Morning", "causation": [ "0", "0", "0", "0", "0", "0", "0", "0", "1", "0", "0", "0", "0", "0", "0", "0", "0", "0", "0", "0", "0", "0", "0", "0" ], "duration": 44.0, "sum": 1 }, "geometry": { "type": "Point", "coordinates": [ -122.401364066897955, 47.668438387337027 ] } },
{ "type": "Feature", "properties": { "lat": 47.668447227683131, "lon": -122.40196710190966, "time_of_day": "Morning", "causation": [ "0", "0", "0", "0", "0", "0", "0", "0", "2", "0", "0", "0", "0", "0", "0", "0", "0", "0", "0", "0", "0", "0", "0", "0" ], "duration": 88.0, "sum": 2 }, "geometry": { "type": "Point", "coordinates": [ -122.401967101909662, 47.668447227683131 ] } },
{ "type": "Feature", "properties": { "lat": 47.668447770495042, "lon": -122.40912411344161, "time_of_day": "Morning", "causation": [ "0", "0", "0", "0", "0", "0", "0", "0", "1", "0", "0", "0", "0", "0", "0", "0", "0", "0", "0", "0", "0", "0", "0", "0" ], "duration": 44.0, "sum": 1 }, "geometry": { "type": "Point", "coordinates": [ -122.409124113441607, 47.668447770495042 ] } },
{ "type": "Feature", "properties": { "lat": 47.66845101179171, "lon": -122.3865637839934, "time_of_day": "Morning", "causation": [ "0", "0", "0", "0", "0", "0", "0", "0", "12", "0", "0", "0", "0", "0", "0", "0", "0", "0", "0", "0", "0", "0", "0", "0" ], "duration": 528.0, "sum": 12 }, "geometry": { "type": "Point", "coordinates": [ -122.386563783993395, 47.66845101179171 ] } },
{ "type": "Feature", "properties": { "lat": 47.668453271686367, "lon": -122.38696779154652, "time_of_day": "Morning", "causation": [ "0", "0", "0", "0", "0", "0", "0", "0", "4", "0", "0", "0", "0", "0", "0", "0", "0", "0", "0", "0", "0", "0", "0", "0" ], "duration": 176.0, "sum": 4 }, "geometry": { "type": "Point", "coordinates": [ -122.386967791546525, 47.668453271686367 ] } },
{ "type": "Feature", "properties": { "lat": 47.668457248533919, "lon": -122.38336047767976, "time_of_day": "Morning", "causation": [ "0", "0", "0", "0", "0", "0", "0", "0", "4", "0", "0", "0", "0", "0", "0", "0", "0", "0", "0", "0", "0", "0", "0", "0" ], "duration": 176.0, "sum": 4 }, "geometry": { "type": "Point", "coordinates": [ -122.383360477679759, 47.668457248533919 ] } },
{ "type": "Feature", "properties": { "lat": 47.668464269316701, "lon": -122.391436149584, "time_of_day": "Morning", "causation": [ "0", "0", "0", "0", "0", "0", "0", "0", "2", "0", "0", "0", "0", "0", "0", "0", "0", "0", "0", "0", "0", "0", "0", "0" ], "duration": 88.0, "sum": 2 }, "geometry": { "type": "Point", "coordinates": [ -122.391436149583996, 47.668464269316701 ] } },
{ "type": "Feature", "properties": { "lat": 47.668468277958411, "lon": -122.39986753052015, "time_of_day": "Morning", "causation": [ "0", "0", "0", "0", "0", "0", "0", "0", "1", "0", "0", "0", "0", "0", "0", "0", "0", "0", "0", "0", "0", "0", "0", "0" ], "duration": 44.0, "sum": 1 }, "geometry": { "type": "Point", "coordinates": [ -122.399867530520154, 47.668468277958411 ] } },
{ "type": "Feature", "properties": { "lat": 47.668468489910687, "lon": -122.3997493060612, "time_of_day": "Morning", "causation": [ "0", "0", "0", "0", "0", "0", "0", "0", "1", "0", "0", "0", "0", "0", "0", "0", "0", "0", "0", "0", "0", "0", "0", "0" ], "duration": 44.0, "sum": 1 }, "geometry": { "type": "Point", "coordinates": [ -122.399749306061196, 47.668468489910687 ] } },
{ "type": "Feature", "properties": { "lat": 47.668468558787531, "lon": -122.39554940578496, "time_of_day": "Morning", "causation": [ "0", "0", "0", "0", "0", "0", "0", "0", "1", "0", "0", "0", "0", "0", "0", "0", "0", "0", "0", "0", "0", "0", "0", "0" ], "duration": 44.0, "sum": 1 }, "geometry": { "type": "Point", "coordinates": [ -122.395549405784962, 47.668468558787531 ] } },
{ "type": "Feature", "properties": { "lat": 47.668472587000402, "lon": -122.38539416064764, "time_of_day": "Morning", "causation": [ "0", "0", "0", "0", "0", "0", "0", "0", "11", "0", "0", "0", "0", "0", "0", "0", "0", "0", "0", "0", "0", "0", "0", "0" ], "duration": 484.0, "sum": 11 }, "geometry": { "type": "Point", "coordinates": [ -122.385394160647635, 47.668472587000402 ] } },
{ "type": "Feature", "properties": { "lat": 47.66847487379335, "lon": -122.40875807557948, "time_of_day": "Morning", "causation": [ "0", "0", "0", "0", "0", "0", "0", "0", "1", "0", "0", "0", "0", "0", "0", "0", "0", "0", "0", "0", "0", "0", "0", "0" ], "duration": 44.0, "sum": 1 }, "geometry": { "type": "Point", "coordinates": [ -122.408758075579485, 47.66847487379335 ] } },
{ "type": "Feature", "properties": { "lat": 47.668478962513419, "lon": -122.39060290704118, "time_of_day": "Morning", "causation": [ "0", "0", "0", "0", "0", "0", "0", "0", "3", "0", "0", "0", "0", "0", "0", "0", "0", "0", "0", "0", "0", "0", "0", "0" ], "duration": 132.0, "sum": 3 }, "geometry": { "type": "Point", "coordinates": [ -122.390602907041185, 47.668478962513419 ] } },
{ "type": "Feature", "properties": { "lat": 47.668482824396648, "lon": -122.39966651976958, "time_of_day": "Morning", "causation": [ "0", "0", "0", "0", "0", "0", "0", "0", "1", "0", "0", "0", "0", "0", "0", "0", "0", "0", "0", "0", "0", "0", "0", "0" ], "duration": 44.0, "sum": 1 }, "geometry": { "type": "Point", "coordinates": [ -122.399666519769582, 47.668482824396648 ] } },
{ "type": "Feature", "properties": { "lat": 47.668483189303231, "lon": -122.39951531703086, "time_of_day": "Morning", "causation": [ "0", "0", "0", "0", "0", "0", "0", "0", "1", "0", "0", "0", "0", "0", "0", "0", "0", "0", "0", "0", "0", "0", "0", "0" ], "duration": 44.0, "sum": 1 }, "geometry": { "type": "Point", "coordinates": [ -122.399515317030861, 47.668483189303231 ] } },
{ "type": "Feature", "properties": { "lat": 47.668486413060819, "lon": -122.3871866429364, "time_of_day": "Morning", "causation": [ "0", "0", "0", "0", "0", "0", "0", "0", "2", "0", "0", "0", "0", "0", "0", "0", "0", "0", "0", "0", "0", "0", "0", "0" ], "duration": 88.0, "sum": 2 }, "geometry": { "type": "Point", "coordinates": [ -122.387186642936399, 47.668486413060819 ] } },
{ "type": "Feature", "properties": { "lat": 47.668497095791857, "lon": -122.38581046703464, "time_of_day": "Morning", "causation": [ "0", "0", "0", "0", "0", "0", "0", "0", "2", "0", "0", "0", "0", "0", "0", "0", "0", "0", "0", "0", "0", "0", "0", "0" ], "duration": 88.0, "sum": 2 }, "geometry": { "type": "Point", "coordinates": [ -122.385810467034645, 47.668497095791857 ] } },
{ "type": "Feature", "properties": { "lat": 47.668502448985286, "lon": -122.38735545826846, "time_of_day": "Morning", "causation": [ "0", "0", "0", "0", "0", "0", "0", "0", "2", "0", "0", "0", "0", "0", "0", "0", "0", "0", "0", "0", "0", "0", "0", "0" ], "duration": 88.0, "sum": 2 }, "geometry": { "type": "Point", "coordinates": [ -122.387355458268459, 47.668502448985286 ] } },
{ "type": "Feature", "properties": { "lat": 47.668513814104536, "lon": -122.37907012401176, "time_of_day": "Morning", "causation": [ "0", "0", "0", "0", "0", "0", "0", "0", "1", "0", "0", "0", "0", "0", "0", "0", "0", "0", "0", "0", "0", "0", "0", "0" ], "duration": 44.0, "sum": 1 }, "geometry": { "type": "Point", "coordinates": [ -122.379070124011761, 47.668513814104536 ] } },
{ "type": "Feature", "properties": { "lat": 47.668527497346219, "lon": -122.37964089037354, "time_of_day": "Morning", "causation": [ "0", "0", "0", "0", "0", "0", "0", "0", "11", "0", "0", "0", "0", "0", "0", "0", "0", "0", "0", "0", "0", "0", "0", "0" ], "duration": 484.0, "sum": 11 }, "geometry": { "type": "Point", "coordinates": [ -122.379640890373537, 47.668527497346219 ] } },
{ "type": "Feature", "properties": { "lat": 47.66852863810616, "lon": -122.38176366013606, "time_of_day": "Morning", "causation": [ "0", "0", "0", "0", "0", "0", "0", "0", "24", "0", "0", "0", "0", "0", "0", "0", "0", "0", "0", "0", "0", "0", "0", "0" ], "duration": 1056.0, "sum": 24 }, "geometry": { "type": "Point", "coordinates": [ -122.381763660136059, 47.66852863810616 ] } },
{ "type": "Feature", "properties": { "lat": 47.668533361059566, "lon": -122.37935207125012, "time_of_day": "Morning", "causation": [ "0", "0", "0", "0", "0", "0", "0", "0", "1", "0", "0", "0", "0", "0", "0", "0", "0", "0", "0", "0", "0", "0", "0", "0" ], "duration": 44.0, "sum": 1 }, "geometry": { "type": "Point", "coordinates": [ -122.379352071250125, 47.668533361059566 ] } },
{ "type": "Feature", "properties": { "lat": 47.668538727829386, "lon": -122.38549701631264, "time_of_day": "Morning", "causation": [ "0", "0", "0", "0", "0", "0", "0", "0", "2", "0", "0", "0", "0", "0", "0", "0", "0", "0", "0", "0", "0", "0", "0", "0" ], "duration": 88.0, "sum": 2 }, "geometry": { "type": "Point", "coordinates": [ -122.385497016312641, 47.668538727829386 ] } },
{ "type": "Feature", "properties": { "lat": 47.668573834776147, "lon": -122.40844856280904, "time_of_day": "Morning", "causation": [ "0", "0", "0", "0", "0", "0", "0", "0", "1", "0", "0", "0", "0", "0", "0", "0", "0", "0", "0", "0", "0", "0", "0", "0" ], "duration": 44.0, "sum": 1 }, "geometry": { "type": "Point", "coordinates": [ -122.408448562809042, 47.668573834776147 ] } },
{ "type": "Feature", "properties": { "lat": 47.668575250775113, "lon": -122.40382049116238, "time_of_day": "Morning", "causation": [ "0", "0", "0", "0", "0", "0", "0", "0", "2", "0", "0", "0", "0", "0", "0", "0", "0", "0", "0", "0", "0", "0", "0", "0" ], "duration": 88.0, "sum": 2 }, "geometry": { "type": "Point", "coordinates": [ -122.403820491162378, 47.668575250775113 ] } },
{ "type": "Feature", "properties": { "lat": 47.668608818968735, "lon": -122.40909801441724, "time_of_day": "Morning", "causation": [ "0", "0", "0", "0", "0", "0", "0", "0", "1", "0", "0", "0", "0", "0", "0", "0", "0", "0", "0", "0", "0", "0", "0", "0" ], "duration": 44.0, "sum": 1 }, "geometry": { "type": "Point", "coordinates": [ -122.409098014417239, 47.668608818968735 ] } },
{ "type": "Feature", "properties": { "lat": 47.668622591094511, "lon": -122.41163655132139, "time_of_day": "Morning", "causation": [ "0", "0", "0", "0", "0", "0", "0", "0", "1", "0", "0", "0", "0", "0", "0", "0", "0", "0", "0", "0", "0", "0", "0", "0" ], "duration": 44.0, "sum": 1 }, "geometry": { "type": "Point", "coordinates": [ -122.411636551321394, 47.668622591094511 ] } },
{ "type": "Feature", "properties": { "lat": 47.668638669235037, "lon": -122.40964522825531, "time_of_day": "Morning", "causation": [ "0", "0", "0", "0", "0", "0", "0", "0", "1", "0", "0", "0", "0", "0", "0", "0", "0", "0", "0", "0", "0", "0", "0", "0" ], "duration": 44.0, "sum": 1 }, "geometry": { "type": "Point", "coordinates": [ -122.409645228255314, 47.668638669235037 ] } },
{ "type": "Feature", "properties": { "lat": 47.668687305555054, "lon": -122.40400770920508, "time_of_day": "Morning", "causation": [ "0", "0", "0", "0", "0", "0", "0", "0", "1", "0", "0", "0", "0", "0", "0", "0", "0", "0", "0", "0", "0", "0", "0", "0" ], "duration": 44.0, "sum": 1 }, "geometry": { "type": "Point", "coordinates": [ -122.404007709205075, 47.668687305555054 ] } },
{ "type": "Feature", "properties": { "lat": 47.668713063244397, "lon": -122.40827956514646, "time_of_day": "Morning", "causation": [ "0", "0", "0", "0", "0", "0", "0", "0", "1", "0", "0", "0", "0", "0", "0", "0", "0", "0", "0", "0", "0", "0", "0", "0" ], "duration": 44.0, "sum": 1 }, "geometry": { "type": "Point", "coordinates": [ -122.408279565146458, 47.668713063244397 ] } },
{ "type": "Feature", "properties": { "lat": 47.668726188984181, "lon": -122.40901800885882, "time_of_day": "Morning", "causation": [ "0", "0", "0", "0", "0", "0", "0", "0", "1", "0", "0", "0", "0", "0", "0", "0", "0", "0", "0", "0", "0", "0", "0", "0" ], "duration": 44.0, "sum": 1 }, "geometry": { "type": "Point", "coordinates": [ -122.409018008858823, 47.668726188984181 ] } },
{ "type": "Feature", "properties": { "lat": 47.66876331515499, "lon": -122.404131156598, "time_of_day": "Morning", "causation": [ "0", "0", "0", "0", "0", "0", "0", "0", "1", "0", "0", "0", "0", "0", "0", "0", "0", "0", "0", "0", "0", "0", "0", "0" ], "duration": 44.0, "sum": 1 }, "geometry": { "type": "Point", "coordinates": [ -122.404131156597998, 47.66876331515499 ] } },
{ "type": "Feature", "properties": { "lat": 47.668773779482322, "lon": -122.40132038131134, "time_of_day": "Morning", "causation": [ "0", "0", "0", "0", "0", "0", "0", "0", "1", "0", "0", "0", "0", "0", "0", "0", "0", "0", "0", "0", "0", "0", "0", "0" ], "duration": 44.0, "sum": 1 }, "geometry": { "type": "Point", "coordinates": [ -122.401320381311336, 47.668773779482322 ] } },
{ "type": "Feature", "properties": { "lat": 47.668775019253523, "lon": -122.40136101325096, "time_of_day": "Morning", "causation": [ "0", "0", "0", "0", "0", "0", "0", "0", "1", "0", "0", "0", "0", "0", "0", "0", "0", "0", "0", "0", "0", "0", "0", "0" ], "duration": 44.0, "sum": 1 }, "geometry": { "type": "Point", "coordinates": [ -122.401361013250963, 47.668775019253523 ] } },
{ "type": "Feature", "properties": { "lat": 47.668776633838313, "lon": -122.40141180513596, "time_of_day": "Morning", "causation": [ "0", "0", "0", "0", "0", "0", "0", "0", "1", "0", "0", "0", "0", "0", "0", "0", "0", "0", "0", "0", "0", "0", "0", "0" ], "duration": 44.0, "sum": 1 }, "geometry": { "type": "Point", "coordinates": [ -122.401411805135965, 47.668776633838313 ] } },
{ "type": "Feature", "properties": { "lat": 47.668780734263542, "lon": -122.41512078386624, "time_of_day": "Morning", "causation": [ "0", "0", "0", "0", "0", "0", "0", "0", "1", "0", "0", "0", "0", "0", "0", "0", "0", "0", "0", "0", "0", "0", "0", "0" ], "duration": 44.0, "sum": 1 }, "geometry": { "type": "Point", "coordinates": [ -122.415120783866243, 47.668780734263542 ] } },
{ "type": "Feature", "properties": { "lat": 47.668783784265777, "lon": -122.4161441107391, "time_of_day": "Morning", "causation": [ "0", "0", "0", "0", "0", "0", "0", "0", "1", "0", "0", "0", "0", "0", "0", "0", "0", "0", "0", "0", "0", "0", "0", "0" ], "duration": 44.0, "sum": 1 }, "geometry": { "type": "Point", "coordinates": [ -122.416144110739097, 47.668783784265777 ] } },
{ "type": "Feature", "properties": { "lat": 47.668789778974059, "lon": -122.41040811097288, "time_of_day": "Morning", "causation": [ "0", "0", "0", "0", "0", "0", "0", "0", "1", "0", "0", "0", "0", "0", "0", "0", "0", "0", "0", "0", "0", "0", "0", "0" ], "duration": 44.0, "sum": 1 }, "geometry": { "type": "Point", "coordinates": [ -122.410408110972881, 47.668789778974059 ] } },
{ "type": "Feature", "properties": { "lat": 47.66879626341084, "lon": -122.39872176682012, "time_of_day": "Morning", "causation": [ "0", "0", "0", "0", "0", "0", "0", "0", "14", "0", "0", "0", "0", "0", "0", "0", "0", "0", "0", "0", "0", "0", "0", "0" ], "duration": 616.0, "sum": 14 }, "geometry": { "type": "Point", "coordinates": [ -122.398721766820117, 47.66879626341084 ] } },
{ "type": "Feature", "properties": { "lat": 47.66880553198579, "lon": -122.40145073439122, "time_of_day": "Morning", "causation": [ "0", "0", "0", "0", "0", "0", "0", "0", "1", "0", "0", "0", "0", "0", "0", "0", "0", "0", "0", "0", "0", "0", "0", "0" ], "duration": 44.0, "sum": 1 }, "geometry": { "type": "Point", "coordinates": [ -122.401450734391219, 47.66880553198579 ] } },
{ "type": "Feature", "properties": { "lat": 47.668811526359491, "lon": -122.39990014218054, "time_of_day": "Morning", "causation": [ "0", "0", "0", "0", "0", "0", "0", "0", "1", "0", "0", "0", "0", "0", "0", "0", "0", "0", "0", "0", "0", "0", "0", "0" ], "duration": 44.0, "sum": 1 }, "geometry": { "type": "Point", "coordinates": [ -122.399900142180542, 47.668811526359491 ] } },
{ "type": "Feature", "properties": { "lat": 47.668811747861881, "lon": -122.4017825227306, "time_of_day": "Morning", "causation": [ "0", "0", "0", "0", "0", "0", "0", "0", "3", "0", "0", "0", "0", "0", "0", "0", "0", "0", "0", "0", "0", "0", "0", "0" ], "duration": 132.0, "sum": 3 }, "geometry": { "type": "Point", "coordinates": [ -122.401782522730599, 47.668811747861881 ] } },
{ "type": "Feature", "properties": { "lat": 47.66881326219162, "lon": -122.39971945537796, "time_of_day": "Morning", "causation": [ "0", "0", "0", "0", "0", "0", "0", "0", "1", "0", "0", "0", "0", "0", "0", "0", "0", "0", "0", "0", "0", "0", "0", "0" ], "duration": 44.0, "sum": 1 }, "geometry": { "type": "Point", "coordinates": [ -122.399719455377962, 47.66881326219162 ] } },
{ "type": "Feature", "properties": { "lat": 47.668814815313809, "lon": -122.40207091391284, "time_of_day": "Morning", "causation": [ "0", "0", "0", "0", "0", "0", "0", "0", "1", "0", "0", "0", "0", "0", "0", "0", "0", "0", "0", "0", "0", "0", "0", "0" ], "duration": 44.0, "sum": 1 }, "geometry": { "type": "Point", "coordinates": [ -122.402070913912837, 47.668814815313809 ] } },
{ "type": "Feature", "properties": { "lat": 47.668817022525133, "lon": -122.40072450730736, "time_of_day": "Morning", "causation": [ "0", "0", "0", "0", "0", "0", "0", "0", "1", "0", "0", "0", "0", "0", "0", "0", "0", "0", "0", "0", "0", "0", "0", "0" ], "duration": 44.0, "sum": 1 }, "geometry": { "type": "Point", "coordinates": [ -122.400724507307359, 47.668817022525133 ] } },
{ "type": "Feature", "properties": { "lat": 47.668817071149761, "lon": -122.40158508116028, "time_of_day": "Morning", "causation": [ "0", "0", "0", "0", "0", "0", "0", "0", "1", "0", "0", "0", "0", "0", "0", "0", "0", "0", "0", "0", "0", "0", "0", "0" ], "duration": 44.0, "sum": 1 }, "geometry": { "type": "Point", "coordinates": [ -122.401585081160277, 47.668817071149761 ] } },
{ "type": "Feature", "properties": { "lat": 47.668818802783193, "lon": -122.40956499606992, "time_of_day": "Morning", "causation": [ "0", "0", "0", "0", "0", "0", "0", "0", "1", "0", "0", "0", "0", "0", "0", "0", "0", "0", "0", "0", "0", "0", "0", "0" ], "duration": 44.0, "sum": 1 }, "geometry": { "type": "Point", "coordinates": [ -122.409564996069918, 47.668818802783193 ] } },
{ "type": "Feature", "properties": { "lat": 47.668818907166887, "lon": -122.4005255452288, "time_of_day": "Morning", "causation": [ "0", "0", "0", "0", "0", "0", "0", "0", "1", "0", "0", "0", "0", "0", "0", "0", "0", "0", "0", "0", "0", "0", "0", "0" ], "duration": 44.0, "sum": 1 }, "geometry": { "type": "Point", "coordinates": [ -122.400525545228803, 47.668818907166887 ] } },
{ "type": "Feature", "properties": { "lat": 47.668822053245428, "lon": -122.39949611332224, "time_of_day": "Morning", "causation": [ "0", "0", "0", "0", "0", "0", "0", "0", "1", "0", "0", "0", "0", "0", "0", "0", "0", "0", "0", "0", "0", "0", "0", "0" ], "duration": 44.0, "sum": 1 }, "geometry": { "type": "Point", "coordinates": [ -122.399496113322243, 47.668822053245428 ] } },
{ "type": "Feature", "properties": { "lat": 47.668827878380043, "lon": -122.40032811206316, "time_of_day": "Morning", "causation": [ "0", "0", "0", "0", "0", "0", "0", "0", "1", "0", "0", "0", "0", "0", "0", "0", "0", "0", "0", "0", "0", "0", "0", "0" ], "duration": 44.0, "sum": 1 }, "geometry": { "type": "Point", "coordinates": [ -122.400328112063164, 47.668827878380043 ] } },
{ "type": "Feature", "properties": { "lat": 47.668828942970748, "lon": -122.40010778060558, "time_of_day": "Morning", "causation": [ "0", "0", "0", "0", "0", "0", "0", "0", "1", "0", "0", "0", "0", "0", "0", "0", "0", "0", "0", "0", "0", "0", "0", "0" ], "duration": 44.0, "sum": 1 }, "geometry": { "type": "Point", "coordinates": [ -122.40010778060558, 47.668828942970748 ] } },
{ "type": "Feature", "properties": { "lat": 47.668829326895612, "lon": -122.39930429181548, "time_of_day": "Morning", "causation": [ "0", "0", "0", "0", "0", "0", "0", "0", "1", "0", "0", "0", "0", "0", "0", "0", "0", "0", "0", "0", "0", "0", "0", "0" ], "duration": 44.0, "sum": 1 }, "geometry": { "type": "Point", "coordinates": [ -122.399304291815483, 47.668829326895612 ] } },
{ "type": "Feature", "properties": { "lat": 47.668829987650653, "lon": -122.41442984234762, "time_of_day": "Morning", "causation": [ "0", "0", "0", "0", "0", "0", "0", "0", "1", "0", "0", "0", "0", "0", "0", "0", "0", "0", "0", "0", "0", "0", "0", "0" ], "duration": 44.0, "sum": 1 }, "geometry": { "type": "Point", "coordinates": [ -122.414429842347616, 47.668829987650653 ] } },
{ "type": "Feature", "properties": { "lat": 47.668831241168981, "lon": -122.40092772630064, "time_of_day": "Morning", "causation": [ "0", "0", "0", "0", "0", "0", "0", "0", "1", "0", "0", "0", "0", "0", "0", "0", "0", "0", "0", "0", "0", "0", "0", "0" ], "duration": 44.0, "sum": 1 }, "geometry": { "type": "Point", "coordinates": [ -122.400927726300637, 47.668831241168981 ] } },
{ "type": "Feature", "properties": { "lat": 47.668831340109946, "lon": -122.38174308485188, "time_of_day": "Morning", "causation": [ "0", "0", "0", "0", "0", "0", "0", "0", "1", "0", "0", "0", "0", "0", "0", "0", "0", "0", "0", "0", "0", "0", "0", "0" ], "duration": 44.0, "sum": 1 }, "geometry": { "type": "Point", "coordinates": [ -122.381743084851877, 47.668831340109946 ] } },
{ "type": "Feature", "properties": { "lat": 47.668831936531923, "lon": -122.39910147883302, "time_of_day": "Morning", "causation": [ "0", "0", "0", "0", "0", "0", "0", "0", "1", "0", "0", "0", "0", "0", "0", "0", "0", "0", "0", "0", "0", "0", "0", "0" ], "duration": 44.0, "sum": 1 }, "geometry": { "type": "Point", "coordinates": [ -122.399101478833018, 47.668831936531923 ] } },
{ "type": "Feature", "properties": { "lat": 47.668832651690977, "lon": -122.39798817040165, "time_of_day": "Morning", "causation": [ "0", "0", "0", "0", "0", "0", "0", "0", "15", "0", "0", "0", "0", "0", "0", "0", "0", "0", "0", "0", "0", "0", "0", "0" ], "duration": 660.0, "sum": 15 }, "geometry": { "type": "Point", "coordinates": [ -122.397988170401646, 47.668832651690977 ] } },
{ "type": "Feature", "properties": { "lat": 47.668834379372669, "lon": -122.38662059268296, "time_of_day": "Morning", "causation": [ "0", "0", "0", "0", "0", "0", "0", "0", "1", "0", "0", "0", "0", "0", "0", "0", "0", "0", "0", "0", "0", "0", "0", "0" ], "duration": 44.0, "sum": 1 }, "geometry": { "type": "Point", "coordinates": [ -122.386620592682959, 47.668834379372669 ] } },
{ "type": "Feature", "properties": { "lat": 47.668835556258045, "lon": -122.38192856438214, "time_of_day": "Morning", "causation": [ "0", "0", "0", "0", "0", "0", "0", "0", "3", "0", "0", "0", "0", "0", "0", "0", "0", "0", "0", "0", "0", "0", "0", "0" ], "duration": 132.0, "sum": 3 }, "geometry": { "type": "Point", "coordinates": [ -122.381928564382136, 47.668835556258045 ] } },
{ "type": "Feature", "properties": { "lat": 47.668838043388135, "lon": -122.38677258624512, "time_of_day": "Morning", "causation": [ "0", "0", "0", "0", "0", "0", "0", "0", "3", "0", "0", "0", "0", "0", "0", "0", "0", "0", "0", "0", "0", "0", "0", "0" ], "duration": 132.0, "sum": 3 }, "geometry": { "type": "Point", "coordinates": [ -122.386772586245115, 47.668838043388135 ] } },
{ "type": "Feature", "properties": { "lat": 47.668840135952443, "lon": -122.38641679394443, "time_of_day": "Morning", "causation": [ "0", "0", "0", "0", "0", "0", "0", "0", "2", "0", "0", "0", "0", "0", "0", "0", "0", "0", "0", "0", "0", "0", "0", "0" ], "duration": 88.0, "sum": 2 }, "geometry": { "type": "Point", "coordinates": [ -122.386416793944434, 47.668840135952443 ] } },
{ "type": "Feature", "properties": { "lat": 47.668843020440903, "lon": -122.38713182933266, "time_of_day": "Morning", "causation": [ "0", "0", "0", "0", "0", "0", "0", "0", "2", "0", "0", "0", "0", "0", "0", "0", "0", "0", "0", "0", "0", "0", "0", "0" ], "duration": 88.0, "sum": 2 }, "geometry": { "type": "Point", "coordinates": [ -122.38713182933266, 47.668843020440903 ] } },
{ "type": "Feature", "properties": { "lat": 47.668844668762318, "lon": -122.39616493987458, "time_of_day": "Morning", "causation": [ "0", "0", "0", "0", "0", "0", "0", "0", "8", "0", "0", "0", "0", "0", "0", "0", "0", "0", "0", "0", "0", "0", "0", "0" ], "duration": 352.0, "sum": 8 }, "geometry": { "type": "Point", "coordinates": [ -122.396164939874581, 47.668844668762318 ] } },
{ "type": "Feature", "properties": { "lat": 47.668851458344307, "lon": -122.41473106707424, "time_of_day": "Morning", "causation": [ "0", "0", "0", "0", "0", "0", "0", "0", "1", "0", "0", "0", "0", "0", "0", "0", "0", "0", "0", "0", "0", "0", "0", "0" ], "duration": 44.0, "sum": 1 }, "geometry": { "type": "Point", "coordinates": [ -122.414731067074243, 47.668851458344307 ] } },
{ "type": "Feature", "properties": { "lat": 47.668855255607617, "lon": -122.40894263214018, "time_of_day": "Morning", "causation": [ "0", "0", "0", "0", "0", "0", "0", "0", "1", "0", "0", "0", "0", "0", "0", "0", "0", "0", "0", "0", "0", "0", "0", "0" ], "duration": 44.0, "sum": 1 }, "geometry": { "type": "Point", "coordinates": [ -122.408942632140182, 47.668855255607617 ] } },
{ "type": "Feature", "properties": { "lat": 47.668857132735653, "lon": -122.41133150835137, "time_of_day": "Morning", "causation": [ "0", "0", "0", "0", "0", "0", "0", "0", "1", "0", "0", "0", "0", "0", "0", "0", "0", "0", "0", "0", "0", "0", "0", "0" ], "duration": 44.0, "sum": 1 }, "geometry": { "type": "Point", "coordinates": [ -122.411331508351367, 47.668857132735653 ] } },
{ "type": "Feature", "properties": { "lat": 47.668865525881408, "lon": -122.40842342484392, "time_of_day": "Morning", "causation": [ "0", "0", "0", "0", "0", "0", "0", "0", "1", "0", "0", "0", "0", "0", "0", "0", "0", "0", "0", "0", "0", "0", "0", "0" ], "duration": 44.0, "sum": 1 }, "geometry": { "type": "Point", "coordinates": [ -122.408423424843917, 47.668865525881408 ] } },
{ "type": "Feature", "properties": { "lat": 47.668870914259536, "lon": -122.39430396567184, "time_of_day": "Morning", "causation": [ "0", "0", "0", "0", "0", "0", "0", "0", "2", "0", "0", "0", "0", "0", "0", "0", "0", "0", "0", "0", "0", "0", "0", "0" ], "duration": 88.0, "sum": 2 }, "geometry": { "type": "Point", "coordinates": [ -122.394303965671838, 47.668870914259536 ] } },
{ "type": "Feature", "properties": { "lat": 47.668877958609173, "lon": -122.4020922726846, "time_of_day": "Morning", "causation": [ "0", "0", "0", "0", "0", "0", "0", "0", "1", "0", "0", "0", "0", "0", "0", "0", "0", "0", "0", "0", "0", "0", "0", "0" ], "duration": 44.0, "sum": 1 }, "geometry": { "type": "Point", "coordinates": [ -122.402092272684598, 47.668877958609173 ] } },
{ "type": "Feature", "properties": { "lat": 47.668878676107227, "lon": -122.39525668491834, "time_of_day": "Morning", "causation": [ "0", "0", "0", "0", "0", "0", "0", "0", "1", "0", "0", "0", "0", "0", "0", "0", "0", "0", "0", "0", "0", "0", "0", "0" ], "duration": 44.0, "sum": 1 }, "geometry": { "type": "Point", "coordinates": [ -122.395256684918337, 47.668878676107227 ] } },
{ "type": "Feature", "properties": { "lat": 47.668879714201907, "lon": -122.38291385221611, "time_of_day": "Morning", "causation": [ "0", "0", "0", "0", "0", "0", "0", "0", "3", "0", "0", "0", "0", "0", "0", "0", "0", "0", "0", "0", "0", "0", "0", "0" ], "duration": 132.0, "sum": 3 }, "geometry": { "type": "Point", "coordinates": [ -122.382913852216106, 47.668879714201907 ] } },
{ "type": "Feature", "properties": { "lat": 47.668885844235639, "lon": -122.40422318149039, "time_of_day": "Morning", "causation": [ "0", "0", "0", "0", "0", "0", "0", "0", "1", "0", "0", "0", "0", "0", "0", "0", "0", "0", "0", "0", "0", "0", "0", "0" ], "duration": 44.0, "sum": 1 }, "geometry": { "type": "Point", "coordinates": [ -122.404223181490394, 47.668885844235639 ] } },
{ "type": "Feature", "properties": { "lat": 47.668894709324157, "lon": -122.40196943146056, "time_of_day": "Morning", "causation": [ "0", "0", "0", "0", "0", "0", "0", "0", "1", "0", "0", "0", "0", "0", "0", "0", "0", "0", "0", "0", "0", "0", "0", "0" ], "duration": 44.0, "sum": 1 }, "geometry": { "type": "Point", "coordinates": [ -122.401969431460557, 47.668894709324157 ] } },
{ "type": "Feature", "properties": { "lat": 47.668898845612567, "lon": -122.3932141263104, "time_of_day": "Morning", "causation": [ "0", "0", "0", "0", "0", "0", "0", "0", "1", "0", "0", "0", "0", "0", "0", "0", "0", "0", "0", "0", "0", "0", "0", "0" ], "duration": 44.0, "sum": 1 }, "geometry": { "type": "Point", "coordinates": [ -122.393214126310397, 47.668898845612567 ] } },
{ "type": "Feature", "properties": { "lat": 47.668901153778421, "lon": -122.37994968577593, "time_of_day": "Morning", "causation": [ "0", "0", "0", "0", "0", "0", "0", "0", "2", "0", "0", "0", "0", "0", "0", "0", "0", "0", "0", "0", "0", "0", "0", "0" ], "duration": 88.0, "sum": 2 }, "geometry": { "type": "Point", "coordinates": [ -122.379949685775927, 47.668901153778421 ] } },
{ "type": "Feature", "properties": { "lat": 47.668909192613626, "lon": -122.3934455619564, "time_of_day": "Morning", "causation": [ "0", "0", "0", "0", "0", "0", "0", "0", "1", "0", "0", "0", "0", "0", "0", "0", "0", "0", "0", "0", "0", "0", "0", "0" ], "duration": 44.0, "sum": 1 }, "geometry": { "type": "Point", "coordinates": [ -122.393445561956398, 47.668909192613626 ] } },
{ "type": "Feature", "properties": { "lat": 47.668915497382677, "lon": -122.385291594992, "time_of_day": "Morning", "causation": [ "0", "0", "0", "0", "0", "0", "0", "0", "12", "0", "0", "0", "0", "0", "0", "0", "0", "0", "0", "0", "0", "0", "0", "0" ], "duration": 528.0, "sum": 12 }, "geometry": { "type": "Point", "coordinates": [ -122.385291594991997, 47.668915497382677 ] } },
{ "type": "Feature", "properties": { "lat": 47.668916759573165, "lon": -122.38452412921532, "time_of_day": "Morning", "causation": [ "0", "0", "0", "0", "0", "0", "0", "0", "1", "0", "0", "0", "0", "0", "0", "0", "0", "0", "0", "0", "0", "0", "0", "0" ], "duration": 44.0, "sum": 1 }, "geometry": { "type": "Point", "coordinates": [ -122.384524129215322, 47.668916759573165 ] } },
{ "type": "Feature", "properties": { "lat": 47.668922628784642, "lon": -122.39138071714063, "time_of_day": "Morning", "causation": [ "0", "0", "0", "0", "0", "0", "0", "0", "1", "0", "0", "0", "0", "0", "0", "0", "0", "0", "0", "0", "0", "0", "0", "0" ], "duration": 44.0, "sum": 1 }, "geometry": { "type": "Point", "coordinates": [ -122.391380717140635, 47.668922628784642 ] } },
{ "type": "Feature", "properties": { "lat": 47.668924583708993, "lon": -122.37974182911634, "time_of_day": "Morning", "causation": [ "0", "0", "0", "0", "0", "0", "0", "0", "2", "0", "0", "0", "0", "0", "0", "0", "0", "0", "0", "0", "0", "0", "0", "0" ], "duration": 88.0, "sum": 2 }, "geometry": { "type": "Point", "coordinates": [ -122.379741829116341, 47.668924583708993 ] } },
{ "type": "Feature", "properties": { "lat": 47.668938960491843, "lon": -122.38048158309655, "time_of_day": "Morning", "causation": [ "0", "0", "0", "0", "0", "0", "0", "0", "6", "0", "0", "0", "0", "0", "0", "0", "0", "0", "0", "0", "0", "0", "0", "0" ], "duration": 264.0, "sum": 6 }, "geometry": { "type": "Point", "coordinates": [ -122.380481583096554, 47.668938960491843 ] } },
{ "type": "Feature", "properties": { "lat": 47.668940953832447, "lon": -122.38340419190266, "time_of_day": "Morning", "causation": [ "0", "0", "0", "0", "0", "0", "0", "0", "2", "0", "0", "0", "0", "0", "0", "0", "0", "0", "0", "0", "0", "0", "0", "0" ], "duration": 88.0, "sum": 2 }, "geometry": { "type": "Point", "coordinates": [ -122.383404191902656, 47.668940953832447 ] } },
{ "type": "Feature", "properties": { "lat": 47.668942731087625, "lon": -122.41162333686565, "time_of_day": "Morning", "causation": [ "0", "0", "0", "0", "0", "0", "0", "0", "1", "0", "0", "0", "0", "0", "0", "0", "0", "0", "0", "0", "0", "0", "0", "0" ], "duration": 44.0, "sum": 1 }, "geometry": { "type": "Point", "coordinates": [ -122.411623336865645, 47.668942731087625 ] } },
{ "type": "Feature", "properties": { "lat": 47.66894360927985, "lon": -122.40999446989548, "time_of_day": "Morning", "causation": [ "0", "0", "0", "0", "0", "0", "0", "0", "1", "0", "0", "0", "0", "0", "0", "0", "0", "0", "0", "0", "0", "0", "0", "0" ], "duration": 44.0, "sum": 1 }, "geometry": { "type": "Point", "coordinates": [ -122.40999446989548, 47.66894360927985 ] } },
{ "type": "Feature", "properties": { "lat": 47.668944345248605, "lon": -122.3918979339898, "time_of_day": "Morning", "causation": [ "0", "0", "0", "0", "0", "0", "0", "0", "1", "0", "0", "0", "0", "0", "0", "0", "0", "0", "0", "0", "0", "0", "0", "0" ], "duration": 44.0, "sum": 1 }, "geometry": { "type": "Point", "coordinates": [ -122.391897933989796, 47.668944345248605 ] } },
{ "type": "Feature", "properties": { "lat": 47.668947889501055, "lon": -122.38091586853798, "time_of_day": "Morning", "causation": [ "0", "0", "0", "0", "0", "0", "0", "0", "3", "0", "0", "0", "0", "0", "0", "0", "0", "0", "0", "0", "0", "0", "0", "0" ], "duration": 132.0, "sum": 3 }, "geometry": { "type": "Point", "coordinates": [ -122.380915868537983, 47.668947889501055 ] } },
{ "type": "Feature", "properties": { "lat": 47.668950076636179, "lon": -122.39542070161816, "time_of_day": "Morning", "causation": [ "0", "0", "0", "0", "0", "0", "0", "0", "1", "0", "0", "0", "0", "0", "0", "0", "0", "0", "0", "0", "0", "0", "0", "0" ], "duration": 44.0, "sum": 1 }, "geometry": { "type": "Point", "coordinates": [ -122.395420701618164, 47.668950076636179 ] } },
{ "type": "Feature", "properties": { "lat": 47.668954275637539, "lon": -122.39245324086694, "time_of_day": "Morning", "causation": [ "0", "0", "0", "0", "0", "0", "0", "0", "2", "0", "0", "0", "0", "0", "0", "0", "0", "0", "0", "0", "0", "0", "0", "0" ], "duration": 88.0, "sum": 2 }, "geometry": { "type": "Point", "coordinates": [ -122.392453240866942, 47.668954275637539 ] } },
{ "type": "Feature", "properties": { "lat": 47.668954531681777, "lon": -122.39062052534838, "time_of_day": "Morning", "causation": [ "0", "0", "0", "0", "0", "0", "0", "0", "1", "0", "0", "0", "0", "0", "0", "0", "0", "0", "0", "0", "0", "0", "0", "0" ], "duration": 44.0, "sum": 1 }, "geometry": { "type": "Point", "coordinates": [ -122.390620525348382, 47.668954531681777 ] } },
{ "type": "Feature", "properties": { "lat": 47.668955448202581, "lon": -122.40163689836612, "time_of_day": "Morning", "causation": [ "0", "0", "0", "0", "0", "0", "0", "0", "1", "0", "0", "0", "0", "0", "0", "0", "0", "0", "0", "0", "0", "0", "0", "0" ], "duration": 44.0, "sum": 1 }, "geometry": { "type": "Point", "coordinates": [ -122.401636898366121, 47.668955448202581 ] } },
{ "type": "Feature", "properties": { "lat": 47.668958901945309, "lon": -122.40153979048952, "time_of_day": "Morning", "causation": [ "0", "0", "0", "0", "0", "0", "0", "0", "1", "0", "0", "0", "0", "0", "0", "0", "0", "0", "0", "0", "0", "0", "0", "0" ], "duration": 44.0, "sum": 1 }, "geometry": { "type": "Point", "coordinates": [ -122.401539790489522, 47.668958901945309 ] } },
{ "type": "Feature", "properties": { "lat": 47.668959638403017, "lon": -122.38116860227824, "time_of_day": "Morning", "causation": [ "0", "0", "0", "0", "0", "0", "0", "0", "1", "0", "0", "0", "0", "0", "0", "0", "0", "0", "0", "0", "0", "0", "0", "0" ], "duration": 44.0, "sum": 1 }, "geometry": { "type": "Point", "coordinates": [ -122.381168602278237, 47.668959638403017 ] } },
{ "type": "Feature", "properties": { "lat": 47.668960077604616, "lon": -122.38277143545872, "time_of_day": "Morning", "causation": [ "0", "0", "0", "0", "0", "0", "0", "0", "2", "0", "0", "0", "0", "0", "0", "0", "0", "0", "0", "0", "0", "0", "0", "0" ], "duration": 88.0, "sum": 2 }, "geometry": { "type": "Point", "coordinates": [ -122.382771435458721, 47.668960077604616 ] } },
{ "type": "Feature", "properties": { "lat": 47.668965133258936, "lon": -122.397734061912, "time_of_day": "Morning", "causation": [ "0", "0", "0", "0", "0", "0", "0", "0", "14", "0", "0", "0", "0", "0", "0", "0", "0", "0", "0", "0", "0", "0", "0", "0" ], "duration": 616.0, "sum": 14 }, "geometry": { "type": "Point", "coordinates": [ -122.397734061912004, 47.668965133258936 ] } },
{ "type": "Feature", "properties": { "lat": 47.668968841732273, "lon": -122.40211252836529, "time_of_day": "Morning", "causation": [ "0", "0", "0", "0", "0", "0", "0", "0", "1", "0", "0", "0", "0", "0", "0", "0", "0", "0", "0", "0", "0", "0", "0", "0" ], "duration": 44.0, "sum": 1 }, "geometry": { "type": "Point", "coordinates": [ -122.402112528365294, 47.668968841732273 ] } },
{ "type": "Feature", "properties": { "lat": 47.668969208075822, "lon": -122.41232205081585, "time_of_day": "Morning", "causation": [ "0", "0", "0", "0", "0", "0", "0", "0", "1", "0", "0", "0", "0", "0", "0", "0", "0", "0", "0", "0", "0", "0", "0", "0" ], "duration": 44.0, "sum": 1 }, "geometry": { "type": "Point", "coordinates": [ -122.412322050815845, 47.668969208075822 ] } },
{ "type": "Feature", "properties": { "lat": 47.668971964113261, "lon": -122.37935570381448, "time_of_day": "Morning", "causation": [ "0", "0", "0", "0", "0", "0", "0", "0", "1", "0", "0", "0", "0", "0", "0", "0", "0", "0", "0", "0", "0", "0", "0", "0" ], "duration": 44.0, "sum": 1 }, "geometry": { "type": "Point", "coordinates": [ -122.379355703814483, 47.668971964113261 ] } },
{ "type": "Feature", "properties": { "lat": 47.668973419020723, "lon": -122.4019310701908, "time_of_day": "Morning", "causation": [ "0", "0", "0", "0", "0", "0", "0", "0", "1", "0", "0", "0", "0", "0", "0", "0", "0", "0", "0", "0", "0", "0", "0", "0" ], "duration": 44.0, "sum": 1 }, "geometry": { "type": "Point", "coordinates": [ -122.401931070190798, 47.668973419020723 ] } },
{ "type": "Feature", "properties": { "lat": 47.668973840743725, "lon": -122.39873696338974, "time_of_day": "Morning", "causation": [ "0", "0", "0", "0", "0", "0", "0", "0", "14", "0", "0", "0", "0", "0", "0", "0", "0", "0", "0", "0", "0", "0", "0", "0" ], "duration": 616.0, "sum": 14 }, "geometry": { "type": "Point", "coordinates": [ -122.398736963389737, 47.668973840743725 ] } },
{ "type": "Feature", "properties": { "lat": 47.668974355738143, "lon": -122.40201420393196, "time_of_day": "Morning", "causation": [ "0", "0", "0", "0", "0", "0", "0", "0", "1", "0", "0", "0", "0", "0", "0", "0", "0", "0", "0", "0", "0", "0", "0", "0" ], "duration": 44.0, "sum": 1 }, "geometry": { "type": "Point", "coordinates": [ -122.402014203931955, 47.668974355738143 ] } },
{ "type": "Feature", "properties": { "lat": 47.668983886596962, "lon": -122.40893661426745, "time_of_day": "Morning", "causation": [ "0", "0", "0", "0", "0", "0", "0", "0", "1", "0", "0", "0", "0", "0", "0", "0", "0", "0", "0", "0", "0", "0", "0", "0" ], "duration": 44.0, "sum": 1 }, "geometry": { "type": "Point", "coordinates": [ -122.408936614267446, 47.668983886596962 ] } },
{ "type": "Feature", "properties": { "lat": 47.668986884014579, "lon": -122.40174087628624, "time_of_day": "Morning", "causation": [ "0", "0", "0", "0", "0", "0", "0", "0", "1", "0", "0", "0", "0", "0", "0", "0", "0", "0", "0", "0", "0", "0", "0", "0" ], "duration": 44.0, "sum": 1 }, "geometry": { "type": "Point", "coordinates": [ -122.40174087628624, 47.668986884014579 ] } },
{ "type": "Feature", "properties": { "lat": 47.668987078709534, "lon": -122.40184353806048, "time_of_day": "Morning", "causation": [ "0", "0", "0", "0", "0", "0", "0", "0", "1", "0", "0", "0", "0", "0", "0", "0", "0", "0", "0", "0", "0", "0", "0", "0" ], "duration": 44.0, "sum": 1 }, "geometry": { "type": "Point", "coordinates": [ -122.401843538060476, 47.668987078709534 ] } },
{ "type": "Feature", "properties": { "lat": 47.668987593691178, "lon": -122.39418749655924, "time_of_day": "Morning", "causation": [ "0", "0", "0", "0", "0", "0", "0", "0", "1", "0", "0", "0", "0", "0", "0", "0", "0", "0", "0", "0", "0", "0", "0", "0" ], "duration": 44.0, "sum": 1 }, "geometry": { "type": "Point", "coordinates": [ -122.39418749655924, 47.668987593691178 ] } },
{ "type": "Feature", "properties": { "lat": 47.668998316559232, "lon": -122.41554475745323, "time_of_day": "Morning", "causation": [ "0", "0", "0", "0", "0", "0", "0", "0", "1", "0", "0", "0", "0", "0", "0", "0", "0", "0", "0", "0", "0", "0", "0", "0" ], "duration": 44.0, "sum": 1 }, "geometry": { "type": "Point", "coordinates": [ -122.415544757453233, 47.668998316559232 ] } },
{ "type": "Feature", "properties": { "lat": 47.669002890103037, "lon": -122.40441075132304, "time_of_day": "Morning", "causation": [ "0", "0", "0", "0", "0", "0", "0", "0", "1", "0", "0", "0", "0", "0", "0", "0", "0", "0", "0", "0", "0", "0", "0", "0" ], "duration": 44.0, "sum": 1 }, "geometry": { "type": "Point", "coordinates": [ -122.404410751323041, 47.669002890103037 ] } },
{ "type": "Feature", "properties": { "lat": 47.669002995735468, "lon": -122.41046658664544, "time_of_day": "Morning", "causation": [ "0", "0", "0", "0", "0", "0", "0", "0", "1", "0", "0", "0", "0", "0", "0", "0", "0", "0", "0", "0", "0", "0", "0", "0" ], "duration": 44.0, "sum": 1 }, "geometry": { "type": "Point", "coordinates": [ -122.410466586645441, 47.669002995735468 ] } },
{ "type": "Feature", "properties": { "lat": 47.669004035952561, "lon": -122.39486313203631, "time_of_day": "Morning", "causation": [ "0", "0", "0", "0", "0", "0", "0", "0", "1", "0", "0", "0", "0", "0", "0", "0", "0", "0", "0", "0", "0", "0", "0", "0" ], "duration": 44.0, "sum": 1 }, "geometry": { "type": "Point", "coordinates": [ -122.394863132036306, 47.669004035952561 ] } },
{ "type": "Feature", "properties": { "lat": 47.669005915688118, "lon": -122.41616544085792, "time_of_day": "Morning", "causation": [ "0", "0", "0", "0", "0", "0", "0", "0", "1", "0", "0", "0", "0", "0", "0", "0", "0", "0", "0", "0", "0", "0", "0", "0" ], "duration": 44.0, "sum": 1 }, "geometry": { "type": "Point", "coordinates": [ -122.416165440857924, 47.669005915688118 ] } },
{ "type": "Feature", "properties": { "lat": 47.669008802703317, "lon": -122.37803159688768, "time_of_day": "Morning", "causation": [ "0", "0", "0", "0", "0", "0", "0", "0", "83", "0", "0", "0", "0", "0", "0", "0", "0", "0", "0", "0", "0", "0", "0", "0" ], "duration": 3652.0, "sum": 83 }, "geometry": { "type": "Point", "coordinates": [ -122.378031596887681, 47.669008802703317 ] } },
{ "type": "Feature", "properties": { "lat": 47.669010840552723, "lon": -122.39712213729364, "time_of_day": "Morning", "causation": [ "0", "0", "0", "0", "0", "0", "0", "0", "22", "0", "0", "0", "0", "0", "0", "0", "0", "0", "0", "0", "0", "0", "0", "0" ], "duration": 968.0, "sum": 22 }, "geometry": { "type": "Point", "coordinates": [ -122.397122137293636, 47.669010840552723 ] } },
{ "type": "Feature", "properties": { "lat": 47.669011928513299, "lon": -122.3965845747468, "time_of_day": "Morning", "causation": [ "0", "0", "0", "0", "0", "0", "0", "0", "22", "0", "0", "0", "0", "0", "0", "0", "0", "0", "0", "0", "0", "0", "0", "0" ], "duration": 968.0, "sum": 22 }, "geometry": { "type": "Point", "coordinates": [ -122.396584574746797, 47.669011928513299 ] } },
{ "type": "Feature", "properties": { "lat": 47.669012991311043, "lon": -122.39588674781416, "time_of_day": "Morning", "causation": [ "0", "0", "0", "0", "0", "0", "0", "0", "15", "0", "0", "0", "0", "0", "0", "0", "0", "0", "0", "0", "0", "0", "0", "0" ], "duration": 660.0, "sum": 15 }, "geometry": { "type": "Point", "coordinates": [ -122.39588674781416, 47.669012991311043 ] } },
{ "type": "Feature", "properties": { "lat": 47.669017394862784, "lon": -122.40951874074337, "time_of_day": "Morning", "causation": [ "0", "0", "0", "0", "0", "0", "0", "0", "1", "0", "0", "0", "0", "0", "0", "0", "0", "0", "0", "0", "0", "0", "0", "0" ], "duration": 44.0, "sum": 1 }, "geometry": { "type": "Point", "coordinates": [ -122.409518740743366, 47.669017394862784 ] } },
{ "type": "Feature", "properties": { "lat": 47.669021419185221, "lon": -122.4013890974272, "time_of_day": "Morning", "causation": [ "0", "0", "0", "0", "0", "0", "0", "0", "1", "0", "0", "0", "0", "0", "0", "0", "0", "0", "0", "0", "0", "0", "0", "0" ], "duration": 44.0, "sum": 1 }, "geometry": { "type": "Point", "coordinates": [ -122.401389097427199, 47.669021419185221 ] } },
{ "type": "Feature", "properties": { "lat": 47.669026050215415, "lon": -122.4015857197237, "time_of_day": "Morning", "causation": [ "0", "0", "0", "0", "0", "0", "0", "0", "1", "0", "0", "0", "0", "0", "0", "0", "0", "0", "0", "0", "0", "0", "0", "0" ], "duration": 44.0, "sum": 1 }, "geometry": { "type": "Point", "coordinates": [ -122.401585719723698, 47.669026050215415 ] } },
{ "type": "Feature", "properties": { "lat": 47.66903814448542, "lon": -122.40221311115072, "time_of_day": "Morning", "causation": [ "0", "0", "0", "0", "0", "0", "0", "0", "1", "0", "0", "0", "0", "0", "0", "0", "0", "0", "0", "0", "0", "0", "0", "0" ], "duration": 44.0, "sum": 1 }, "geometry": { "type": "Point", "coordinates": [ -122.402213111150715, 47.66903814448542 ] } },
{ "type": "Feature", "properties": { "lat": 47.66904005115672, "lon": -122.40207466346403, "time_of_day": "Morning", "causation": [ "0", "0", "0", "0", "0", "0", "0", "0", "1", "0", "0", "0", "0", "0", "0", "0", "0", "0", "0", "0", "0", "0", "0", "0" ], "duration": 44.0, "sum": 1 }, "geometry": { "type": "Point", "coordinates": [ -122.402074663464035, 47.66904005115672 ] } },
{ "type": "Feature", "properties": { "lat": 47.669049871960091, "lon": -122.40839172102802, "time_of_day": "Morning", "causation": [ "0", "0", "0", "0", "0", "0", "0", "0", "1", "0", "0", "0", "0", "0", "0", "0", "0", "0", "0", "0", "0", "0", "0", "0" ], "duration": 44.0, "sum": 1 }, "geometry": { "type": "Point", "coordinates": [ -122.408391721028025, 47.669049871960091 ] } },
{ "type": "Feature", "properties": { "lat": 47.669066391344757, "lon": -122.41507046061848, "time_of_day": "Morning", "causation": [ "0", "0", "0", "0", "0", "0", "0", "0", "1", "0", "0", "0", "0", "0", "0", "0", "0", "0", "0", "0", "0", "0", "0", "0" ], "duration": 44.0, "sum": 1 }, "geometry": { "type": "Point", "coordinates": [ -122.41507046061848, 47.669066391344757 ] } },
{ "type": "Feature", "properties": { "lat": 47.66908436260146, "lon": -122.40271768682756, "time_of_day": "Morning", "causation": [ "0", "0", "0", "0", "0", "0", "0", "0", "1", "0", "0", "0", "0", "0", "0", "0", "0", "0", "0", "0", "0", "0", "0", "0" ], "duration": 44.0, "sum": 1 }, "geometry": { "type": "Point", "coordinates": [ -122.402717686827557, 47.66908436260146 ] } },
{ "type": "Feature", "properties": { "lat": 47.669101107944009, "lon": -122.39689469723614, "time_of_day": "Morning", "causation": [ "0", "0", "0", "0", "0", "0", "0", "0", "7", "0", "0", "0", "0", "0", "0", "0", "0", "0", "0", "0", "0", "0", "0", "0" ], "duration": 308.0, "sum": 7 }, "geometry": { "type": "Point", "coordinates": [ -122.396894697236135, 47.669101107944009 ] } },
{ "type": "Feature", "properties": { "lat": 47.669117596192237, "lon": -122.40901028788524, "time_of_day": "Morning", "causation": [ "0", "0", "0", "0", "0", "0", "0", "0", "2", "0", "0", "0", "0", "0", "0", "0", "0", "0", "0", "0", "0", "0", "0", "0" ], "duration": 88.0, "sum": 2 }, "geometry": { "type": "Point", "coordinates": [ -122.409010287885238, 47.669117596192237 ] } },
{ "type": "Feature", "properties": { "lat": 47.669129475869788, "lon": -122.40451227734724, "time_of_day": "Morning", "causation": [ "0", "0", "0", "0", "0", "0", "0", "0", "1", "0", "0", "0", "0", "0", "0", "0", "0", "0", "0", "0", "0", "0", "0", "0" ], "duration": 44.0, "sum": 1 }, "geometry": { "type": "Point", "coordinates": [ -122.404512277347237, 47.669129475869788 ] } },
{ "type": "Feature", "properties": { "lat": 47.669149580133762, "lon": -122.3960041541914, "time_of_day": "Morning", "causation": [ "0", "0", "0", "0", "0", "0", "0", "0", "14", "0", "0", "0", "0", "0", "0", "0", "0", "0", "0", "0", "0", "0", "0", "0" ], "duration": 616.0, "sum": 14 }, "geometry": { "type": "Point", "coordinates": [ -122.396004154191402, 47.669149580133762 ] } },
{ "type": "Feature", "properties": { "lat": 47.66915715261689, "lon": -122.39774431915968, "time_of_day": "Morning", "causation": [ "0", "0", "0", "0", "0", "0", "0", "0", "17", "0", "0", "0", "0", "0", "0", "0", "0", "0", "0", "0", "0", "0", "0", "0" ], "duration": 748.0, "sum": 17 }, "geometry": { "type": "Point", "coordinates": [ -122.397744319159685, 47.66915715261689 ] } },
{ "type": "Feature", "properties": { "lat": 47.669161794539029, "lon": -122.410011740705, "time_of_day": "Morning", "causation": [ "0", "0", "0", "0", "0", "0", "0", "0", "1", "0", "0", "0", "0", "0", "0", "0", "0", "0", "0", "0", "0", "0", "0", "0" ], "duration": 44.0, "sum": 1 }, "geometry": { "type": "Point", "coordinates": [ -122.410011740705002, 47.669161794539029 ] } },
{ "type": "Feature", "properties": { "lat": 47.669163570765242, "lon": -122.39535354821444, "time_of_day": "Morning", "causation": [ "0", "0", "0", "0", "0", "0", "0", "0", "1", "0", "0", "0", "0", "0", "0", "0", "0", "0", "0", "0", "0", "0", "0", "0" ], "duration": 44.0, "sum": 1 }, "geometry": { "type": "Point", "coordinates": [ -122.395353548214445, 47.669163570765242 ] } },
{ "type": "Feature", "properties": { "lat": 47.669164291958822, "lon": -122.39541325639119, "time_of_day": "Morning", "causation": [ "0", "0", "0", "0", "0", "0", "0", "0", "1", "0", "0", "0", "0", "0", "0", "0", "0", "0", "0", "0", "0", "0", "0", "0" ], "duration": 44.0, "sum": 1 }, "geometry": { "type": "Point", "coordinates": [ -122.395413256391194, 47.669164291958822 ] } },
{ "type": "Feature", "properties": { "lat": 47.669165828688037, "lon": -122.39378360519734, "time_of_day": "Morning", "causation": [ "0", "0", "0", "0", "0", "0", "0", "0", "1", "0", "0", "0", "0", "0", "0", "0", "0", "0", "0", "0", "0", "0", "0", "0" ], "duration": 44.0, "sum": 1 }, "geometry": { "type": "Point", "coordinates": [ -122.393783605197342, 47.669165828688037 ] } },
{ "type": "Feature", "properties": { "lat": 47.669165920621452, "lon": -122.39547873194719, "time_of_day": "Morning", "causation": [ "0", "0", "0", "0", "0", "0", "0", "0", "1", "0", "0", "0", "0", "0", "0", "0", "0", "0", "0", "0", "0", "0", "0", "0" ], "duration": 44.0, "sum": 1 }, "geometry": { "type": "Point", "coordinates": [ -122.395478731947193, 47.669165920621452 ] } },
{ "type": "Feature", "properties": { "lat": 47.669167876086163, "lon": -122.41473501528399, "time_of_day": "Morning", "causation": [ "0", "0", "0", "0", "0", "0", "0", "0", "1", "0", "0", "0", "0", "0", "0", "0", "0", "0", "0", "0", "0", "0", "0", "0" ], "duration": 44.0, "sum": 1 }, "geometry": { "type": "Point", "coordinates": [ -122.414735015283995, 47.669167876086163 ] } },
{ "type": "Feature", "properties": { "lat": 47.669170125989965, "lon": -122.39355541302324, "time_of_day": "Morning", "causation": [ "0", "0", "0", "0", "0", "0", "0", "0", "1", "0", "0", "0", "0", "0", "0", "0", "0", "0", "0", "0", "0", "0", "0", "0" ], "duration": 44.0, "sum": 1 }, "geometry": { "type": "Point", "coordinates": [ -122.393555413023236, 47.669170125989965 ] } },
{ "type": "Feature", "properties": { "lat": 47.669178537115606, "lon": -122.40325767365876, "time_of_day": "Morning", "causation": [ "0", "0", "0", "0", "0", "0", "0", "0", "1", "0", "0", "0", "0", "0", "0", "0", "0", "0", "0", "0", "0", "0", "0", "0" ], "duration": 44.0, "sum": 1 }, "geometry": { "type": "Point", "coordinates": [ -122.403257673658757, 47.669178537115606 ] } },
{ "type": "Feature", "properties": { "lat": 47.669186262154092, "lon": -122.39383751150174, "time_of_day": "Morning", "causation": [ "0", "0", "0", "0", "0", "0", "0", "0", "1", "0", "0", "0", "0", "0", "0", "0", "0", "0", "0", "0", "0", "0", "0", "0" ], "duration": 44.0, "sum": 1 }, "geometry": { "type": "Point", "coordinates": [ -122.393837511501744, 47.669186262154092 ] } },
{ "type": "Feature", "properties": { "lat": 47.669187079963351, "lon": -122.39363319817949, "time_of_day": "Morning", "causation": [ "0", "0", "0", "0", "0", "0", "0", "0", "1", "0", "0", "0", "0", "0", "0", "0", "0", "0", "0", "0", "0", "0", "0", "0" ], "duration": 44.0, "sum": 1 }, "geometry": { "type": "Point", "coordinates": [ -122.393633198179486, 47.669187079963351 ] } },
{ "type": "Feature", "properties": { "lat": 47.669197430426607, "lon": -122.41049840652248, "time_of_day": "Morning", "causation": [ "0", "0", "0", "0", "0", "0", "0", "0", "1", "0", "0", "0", "0", "0", "0", "0", "0", "0", "0", "0", "0", "0", "0", "0" ], "duration": 44.0, "sum": 1 }, "geometry": { "type": "Point", "coordinates": [ -122.410498406522478, 47.669197430426607 ] } },
{ "type": "Feature", "properties": { "lat": 47.669198877252157, "lon": -122.39440163825246, "time_of_day": "Morning", "causation": [ "0", "0", "0", "0", "0", "0", "0", "0", "12", "0", "0", "0", "0", "0", "0", "0", "0", "0", "0", "0", "0", "0", "0", "0" ], "duration": 528.0, "sum": 12 }, "geometry": { "type": "Point", "coordinates": [ -122.394401638252461, 47.669198877252157 ] } },
{ "type": "Feature", "properties": { "lat": 47.669206432597527, "lon": -122.40942737036896, "time_of_day": "Morning", "causation": [ "0", "0", "0", "0", "0", "0", "0", "0", "1", "0", "0", "0", "0", "0", "0", "0", "0", "0", "0", "0", "0", "0", "0", "0" ], "duration": 44.0, "sum": 1 }, "geometry": { "type": "Point", "coordinates": [ -122.409427370368959, 47.669206432597527 ] } },
{ "type": "Feature", "properties": { "lat": 47.669211484851203, "lon": -122.39411826330996, "time_of_day": "Morning", "causation": [ "0", "0", "0", "0", "0", "0", "0", "0", "17", "0", "0", "0", "0", "0", "0", "0", "0", "0", "0", "0", "0", "0", "0", "0" ], "duration": 748.0, "sum": 17 }, "geometry": { "type": "Point", "coordinates": [ -122.394118263309963, 47.669211484851203 ] } },
{ "type": "Feature", "properties": { "lat": 47.669222539110685, "lon": -122.39864477316056, "time_of_day": "Morning", "causation": [ "0", "0", "0", "0", "0", "0", "0", "0", "1", "0", "0", "0", "0", "0", "0", "0", "0", "0", "0", "0", "0", "0", "0", "0" ], "duration": 44.0, "sum": 1 }, "geometry": { "type": "Point", "coordinates": [ -122.398644773160555, 47.669222539110685 ] } },
{ "type": "Feature", "properties": { "lat": 47.669231321299883, "lon": -122.41398137467048, "time_of_day": "Morning", "causation": [ "0", "0", "0", "0", "0", "0", "0", "0", "1", "0", "0", "0", "0", "0", "0", "0", "0", "0", "0", "0", "0", "0", "0", "0" ], "duration": 44.0, "sum": 1 }, "geometry": { "type": "Point", "coordinates": [ -122.413981374670485, 47.669231321299883 ] } },
{ "type": "Feature", "properties": { "lat": 47.669234362298504, "lon": -122.41175956767698, "time_of_day": "Morning", "causation": [ "0", "0", "0", "0", "0", "0", "0", "0", "1", "0", "0", "0", "0", "0", "0", "0", "0", "0", "0", "0", "0", "0", "0", "0" ], "duration": 44.0, "sum": 1 }, "geometry": { "type": "Point", "coordinates": [ -122.411759567676981, 47.669234362298504 ] } },
{ "type": "Feature", "properties": { "lat": 47.669252399979534, "lon": -122.39337394357952, "time_of_day": "Morning", "causation": [ "0", "0", "0", "0", "0", "0", "0", "0", "1", "0", "0", "0", "0", "0", "0", "0", "0", "0", "0", "0", "0", "0", "0", "0" ], "duration": 44.0, "sum": 1 }, "geometry": { "type": "Point", "coordinates": [ -122.393373943579519, 47.669252399979534 ] } },
{ "type": "Feature", "properties": { "lat": 47.669252814625537, "lon": -122.39317121735152, "time_of_day": "Morning", "causation": [ "0", "0", "0", "0", "0", "0", "0", "0", "1", "0", "0", "0", "0", "0", "0", "0", "0", "0", "0", "0", "0", "0", "0", "0" ], "duration": 44.0, "sum": 1 }, "geometry": { "type": "Point", "coordinates": [ -122.393171217351522, 47.669252814625537 ] } },
{ "type": "Feature", "properties": { "lat": 47.669258242401369, "lon": -122.40887163707518, "time_of_day": "Morning", "causation": [ "0", "0", "0", "0", "0", "0", "0", "0", "1", "0", "0", "0", "0", "0", "0", "0", "0", "0", "0", "0", "0", "0", "0", "0" ], "duration": 44.0, "sum": 1 }, "geometry": { "type": "Point", "coordinates": [ -122.40887163707518, 47.669258242401369 ] } },
{ "type": "Feature", "properties": { "lat": 47.669274349785226, "lon": -122.40217131611548, "time_of_day": "Morning", "causation": [ "0", "0", "0", "0", "0", "0", "0", "0", "1", "0", "0", "0", "0", "0", "0", "0", "0", "0", "0", "0", "0", "0", "0", "0" ], "duration": 44.0, "sum": 1 }, "geometry": { "type": "Point", "coordinates": [ -122.402171316115485, 47.669274349785226 ] } },
{ "type": "Feature", "properties": { "lat": 47.669276832986142, "lon": -122.39486270156476, "time_of_day": "Morning", "causation": [ "0", "0", "0", "0", "0", "0", "0", "0", "41", "0", "0", "0", "0", "0", "0", "0", "0", "0", "0", "0", "0", "0", "0", "0" ], "duration": 1804.0, "sum": 41 }, "geometry": { "type": "Point", "coordinates": [ -122.394862701564762, 47.669276832986142 ] } },
{ "type": "Feature", "properties": { "lat": 47.66929155291713, "lon": -122.39697864467044, "time_of_day": "Morning", "causation": [ "0", "0", "0", "0", "0", "0", "0", "0", "1", "0", "0", "0", "0", "0", "0", "0", "0", "0", "0", "0", "0", "0", "0", "0" ], "duration": 44.0, "sum": 1 }, "geometry": { "type": "Point", "coordinates": [ -122.39697864467044, 47.66929155291713 ] } },
{ "type": "Feature", "properties": { "lat": 47.669291953345848, "lon": -122.39704310111364, "time_of_day": "Morning", "causation": [ "0", "0", "0", "0", "0", "0", "0", "0", "1", "0", "0", "0", "0", "0", "0", "0", "0", "0", "0", "0", "0", "0", "0", "0" ], "duration": 44.0, "sum": 1 }, "geometry": { "type": "Point", "coordinates": [ -122.397043101113638, 47.669291953345848 ] } },
{ "type": "Feature", "properties": { "lat": 47.669293231966719, "lon": -122.41366829247136, "time_of_day": "Morning", "causation": [ "0", "0", "0", "0", "0", "0", "0", "0", "1", "0", "0", "0", "0", "0", "0", "0", "0", "0", "0", "0", "0", "0", "0", "0" ], "duration": 44.0, "sum": 1 }, "geometry": { "type": "Point", "coordinates": [ -122.413668292471357, 47.669293231966719 ] } },
{ "type": "Feature", "properties": { "lat": 47.669293272753407, "lon": -122.39718420807814, "time_of_day": "Morning", "causation": [ "0", "0", "0", "0", "0", "0", "0", "0", "1", "0", "0", "0", "0", "0", "0", "0", "0", "0", "0", "0", "0", "0", "0", "0" ], "duration": 44.0, "sum": 1 }, "geometry": { "type": "Point", "coordinates": [ -122.397184208078144, 47.669293272753407 ] } },
{ "type": "Feature", "properties": { "lat": 47.669293411231898, "lon": -122.41615729652491, "time_of_day": "Morning", "causation": [ "0", "0", "0", "0", "0", "0", "0", "0", "1", "0", "0", "0", "0", "0", "0", "0", "0", "0", "0", "0", "0", "0", "0", "0" ], "duration": 44.0, "sum": 1 }, "geometry": { "type": "Point", "coordinates": [ -122.416157296524915, 47.669293411231898 ] } },
{ "type": "Feature", "properties": { "lat": 47.669293712506771, "lon": -122.39711470254656, "time_of_day": "Morning", "causation": [ "0", "0", "0", "0", "0", "0", "0", "0", "1", "0", "0", "0", "0", "0", "0", "0", "0", "0", "0", "0", "0", "0", "0", "0" ], "duration": 44.0, "sum": 1 }, "geometry": { "type": "Point", "coordinates": [ -122.39711470254656, 47.669293712506771 ] } },
{ "type": "Feature", "properties": { "lat": 47.669297416443669, "lon": -122.39315848574246, "time_of_day": "Morning", "causation": [ "0", "0", "0", "0", "0", "0", "0", "0", "1", "0", "0", "0", "0", "0", "0", "0", "0", "0", "0", "0", "0", "0", "0", "0" ], "duration": 44.0, "sum": 1 }, "geometry": { "type": "Point", "coordinates": [ -122.393158485742461, 47.669297416443669 ] } },
{ "type": "Feature", "properties": { "lat": 47.669304297909768, "lon": -122.39337724689788, "time_of_day": "Morning", "causation": [ "0", "0", "0", "0", "0", "0", "0", "0", "1", "0", "0", "0", "0", "0", "0", "0", "0", "0", "0", "0", "0", "0", "0", "0" ], "duration": 44.0, "sum": 1 }, "geometry": { "type": "Point", "coordinates": [ -122.393377246897884, 47.669304297909768 ] } },
{ "type": "Feature", "properties": { "lat": 47.669306427898803, "lon": -122.39537221216732, "time_of_day": "Morning", "causation": [ "0", "0", "0", "0", "0", "0", "0", "0", "1", "0", "0", "0", "0", "0", "0", "0", "0", "0", "0", "0", "0", "0", "0", "0" ], "duration": 44.0, "sum": 1 }, "geometry": { "type": "Point", "coordinates": [ -122.395372212167317, 47.669306427898803 ] } },
{ "type": "Feature", "properties": { "lat": 47.669306636454181, "lon": -122.39594023434672, "time_of_day": "Morning", "causation": [ "0", "0", "0", "0", "0", "0", "0", "0", "1", "0", "0", "0", "0", "0", "0", "0", "0", "0", "0", "0", "0", "0", "0", "0" ], "duration": 44.0, "sum": 1 }, "geometry": { "type": "Point", "coordinates": [ -122.395940234346725, 47.669306636454181 ] } },
{ "type": "Feature", "properties": { "lat": 47.669307379138779, "lon": -122.3973580783352, "time_of_day": "Morning", "causation": [ "0", "0", "0", "0", "0", "0", "0", "0", "3", "0", "0", "0", "0", "0", "0", "0", "0", "0", "0", "0", "0", "0", "0", "0" ], "duration": 132.0, "sum": 3 }, "geometry": { "type": "Point", "coordinates": [ -122.397358078335202, 47.669307379138779 ] } },
{ "type": "Feature", "properties": { "lat": 47.66930772672292, "lon": -122.39680962722464, "time_of_day": "Morning", "causation": [ "0", "0", "0", "0", "0", "0", "0", "0", "2", "0", "0", "0", "0", "0", "0", "0", "0", "0", "0", "0", "0", "0", "0", "0" ], "duration": 88.0, "sum": 2 }, "geometry": { "type": "Point", "coordinates": [ -122.396809627224641, 47.66930772672292 ] } },
{ "type": "Feature", "properties": { "lat": 47.669307973988566, "lon": -122.39364157707, "time_of_day": "Morning", "causation": [ "0", "0", "0", "0", "0", "0", "0", "0", "1", "0", "0", "0", "0", "0", "0", "0", "0", "0", "0", "0", "0", "0", "0", "0" ], "duration": 44.0, "sum": 1 }, "geometry": { "type": "Point", "coordinates": [ -122.393641577069999, 47.669307973988566 ] } },
{ "type": "Feature", "properties": { "lat": 47.669308109265792, "lon": -122.39583132192595, "time_of_day": "Morning", "causation": [ "0", "0", "0", "0", "0", "0", "0", "0", "1", "0", "0", "0", "0", "0", "0", "0", "0", "0", "0", "0", "0", "0", "0", "0" ], "duration": 44.0, "sum": 1 }, "geometry": { "type": "Point", "coordinates": [ -122.395831321925954, 47.669308109265792 ] } },
{ "type": "Feature", "properties": { "lat": 47.66930827778085, "lon": -122.39604394276289, "time_of_day": "Morning", "causation": [ "0", "0", "0", "0", "0", "0", "0", "0", "1", "0", "0", "0", "0", "0", "0", "0", "0", "0", "0", "0", "0", "0", "0", "0" ], "duration": 44.0, "sum": 1 }, "geometry": { "type": "Point", "coordinates": [ -122.396043942762887, 47.66930827778085 ] } },
{ "type": "Feature", "properties": { "lat": 47.669308330052388, "lon": -122.39589019116232, "time_of_day": "Morning", "causation": [ "0", "0", "0", "0", "0", "0", "0", "0", "1", "0", "0", "0", "0", "0", "0", "0", "0", "0", "0", "0", "0", "0", "0", "0" ], "duration": 44.0, "sum": 1 }, "geometry": { "type": "Point", "coordinates": [ -122.395890191162323, 47.669308330052388 ] } },
{ "type": "Feature", "properties": { "lat": 47.669308390281806, "lon": -122.39638340475572, "time_of_day": "Morning", "causation": [ "0", "0", "0", "0", "0", "0", "0", "0", "15", "0", "0", "0", "0", "0", "0", "0", "0", "0", "0", "0", "0", "0", "0", "0" ], "duration": 660.0, "sum": 15 }, "geometry": { "type": "Point", "coordinates": [ -122.396383404755724, 47.669308390281806 ] } },
{ "type": "Feature", "properties": { "lat": 47.669308905814127, "lon": -122.3935759468977, "time_of_day": "Morning", "causation": [ "0", "0", "0", "0", "0", "0", "0", "0", "1", "0", "0", "0", "0", "0", "0", "0", "0", "0", "0", "0", "0", "0", "0", "0" ], "duration": 44.0, "sum": 1 }, "geometry": { "type": "Point", "coordinates": [ -122.393575946897698, 47.669308905814127 ] } },
{ "type": "Feature", "properties": { "lat": 47.669312237096406, "lon": -122.39385802702763, "time_of_day": "Morning", "causation": [ "0", "0", "0", "0", "0", "0", "0", "0", "1", "0", "0", "0", "0", "0", "0", "0", "0", "0", "0", "0", "0", "0", "0", "0" ], "duration": 44.0, "sum": 1 }, "geometry": { "type": "Point", "coordinates": [ -122.393858027027633, 47.669312237096406 ] } },
{ "type": "Feature", "properties": { "lat": 47.669312295286467, "lon": -122.3937474077353, "time_of_day": "Morning", "causation": [ "0", "0", "0", "0", "0", "0", "0", "0", "1", "0", "0", "0", "0", "0", "0", "0", "0", "0", "0", "0", "0", "0", "0", "0" ], "duration": 44.0, "sum": 1 }, "geometry": { "type": "Point", "coordinates": [ -122.393747407735304, 47.669312295286467 ] } },
{ "type": "Feature", "properties": { "lat": 47.669314580606425, "lon": -122.40198359337548, "time_of_day": "Morning", "causation": [ "0", "0", "0", "0", "0", "0", "0", "0", "1", "0", "0", "0", "0", "0", "0", "0", "0", "0", "0", "0", "0", "0", "0", "0" ], "duration": 44.0, "sum": 1 }, "geometry": { "type": "Point", "coordinates": [ -122.401983593375476, 47.669314580606425 ] } },
{ "type": "Feature", "properties": { "lat": 47.669320251417489, "lon": -122.4093927842941, "time_of_day": "Morning", "causation": [ "0", "0", "0", "0", "0", "0", "0", "0", "1", "0", "0", "0", "0", "0", "0", "0", "0", "0", "0", "0", "0", "0", "0", "0" ], "duration": 44.0, "sum": 1 }, "geometry": { "type": "Point", "coordinates": [ -122.409392784294099, 47.669320251417489 ] } },
{ "type": "Feature", "properties": { "lat": 47.669325918757188, "lon": -122.3979171615568, "time_of_day": "Morning", "causation": [ "0", "0", "0", "0", "0", "0", "0", "0", "15", "0", "0", "0", "0", "0", "0", "0", "0", "0", "0", "0", "0", "0", "0", "0" ], "duration": 660.0, "sum": 15 }, "geometry": { "type": "Point", "coordinates": [ -122.397917161556805, 47.669325918757188 ] } },
{ "type": "Feature", "properties": { "lat": 47.669329533249794, "lon": -122.40158347779789, "time_of_day": "Morning", "causation": [ "0", "0", "0", "0", "0", "0", "0", "0", "1", "0", "0", "0", "0", "0", "0", "0", "0", "0", "0", "0", "0", "0", "0", "0" ], "duration": 44.0, "sum": 1 }, "geometry": { "type": "Point", "coordinates": [ -122.401583477797885, 47.669329533249794 ] } },
{ "type": "Feature", "properties": { "lat": 47.669331028326319, "lon": -122.40175612868744, "time_of_day": "Morning", "causation": [ "0", "0", "0", "0", "0", "0", "0", "0", "1", "0", "0", "0", "0", "0", "0", "0", "0", "0", "0", "0", "0", "0", "0", "0" ], "duration": 44.0, "sum": 1 }, "geometry": { "type": "Point", "coordinates": [ -122.401756128687438, 47.669331028326319 ] } },
{ "type": "Feature", "properties": { "lat": 47.669337274700531, "lon": -122.39950720972504, "time_of_day": "Morning", "causation": [ "0", "0", "0", "0", "0", "0", "0", "0", "1", "0", "0", "0", "0", "0", "0", "0", "0", "0", "0", "0", "0", "0", "0", "0" ], "duration": 44.0, "sum": 1 }, "geometry": { "type": "Point", "coordinates": [ -122.399507209725044, 47.669337274700531 ] } },
{ "type": "Feature", "properties": { "lat": 47.669337573109786, "lon": -122.40091866506688, "time_of_day": "Morning", "causation": [ "0", "0", "0", "0", "0", "0", "0", "0", "1", "0", "0", "0", "0", "0", "0", "0", "0", "0", "0", "0", "0", "0", "0", "0" ], "duration": 44.0, "sum": 1 }, "geometry": { "type": "Point", "coordinates": [ -122.400918665066882, 47.669337573109786 ] } },
{ "type": "Feature", "properties": { "lat": 47.669338099166318, "lon": -122.39972166120369, "time_of_day": "Morning", "causation": [ "0", "0", "0", "0", "0", "0", "0", "0", "1", "0", "0", "0", "0", "0", "0", "0", "0", "0", "0", "0", "0", "0", "0", "0" ], "duration": 44.0, "sum": 1 }, "geometry": { "type": "Point", "coordinates": [ -122.399721661203685, 47.669338099166318 ] } },
{ "type": "Feature", "properties": { "lat": 47.669341408388149, "lon": -122.400715485167, "time_of_day": "Morning", "causation": [ "0", "0", "0", "0", "0", "0", "0", "0", "1", "0", "0", "0", "0", "0", "0", "0", "0", "0", "0", "0", "0", "0", "0", "0" ], "duration": 44.0, "sum": 1 }, "geometry": { "type": "Point", "coordinates": [ -122.400715485166998, 47.669341408388149 ] } },
{ "type": "Feature", "properties": { "lat": 47.669343035031112, "lon": -122.40052052408542, "time_of_day": "Morning", "causation": [ "0", "0", "0", "0", "0", "0", "0", "0", "1", "0", "0", "0", "0", "0", "0", "0", "0", "0", "0", "0", "0", "0", "0", "0" ], "duration": 44.0, "sum": 1 }, "geometry": { "type": "Point", "coordinates": [ -122.400520524085422, 47.669343035031112 ] } },
{ "type": "Feature", "properties": { "lat": 47.669343826905859, "lon": -122.39888693351033, "time_of_day": "Morning", "causation": [ "0", "0", "0", "0", "0", "0", "0", "0", "1", "0", "0", "0", "0", "0", "0", "0", "0", "0", "0", "0", "0", "0", "0", "0" ], "duration": 44.0, "sum": 1 }, "geometry": { "type": "Point", "coordinates": [ -122.398886933510326, 47.669343826905859 ] } },
{ "type": "Feature", "properties": { "lat": 47.669345127955197, "lon": -122.4013719085598, "time_of_day": "Morning", "causation": [ "0", "0", "0", "0", "0", "0", "0", "0", "1", "0", "0", "0", "0", "0", "0", "0", "0", "0", "0", "0", "0", "0", "0", "0" ], "duration": 44.0, "sum": 1 }, "geometry": { "type": "Point", "coordinates": [ -122.401371908559796, 47.669345127955197 ] } },
{ "type": "Feature", "properties": { "lat": 47.669345155689534, "lon": -122.39931291614585, "time_of_day": "Morning", "causation": [ "0", "0", "0", "0", "0", "0", "0", "0", "1", "0", "0", "0", "0", "0", "0", "0", "0", "0", "0", "0", "0", "0", "0", "0" ], "duration": 44.0, "sum": 1 }, "geometry": { "type": "Point", "coordinates": [ -122.399312916145846, 47.669345155689534 ] } },
{ "type": "Feature", "properties": { "lat": 47.669347129402126, "lon": -122.39991206394824, "time_of_day": "Morning", "causation": [ "0", "0", "0", "0", "0", "0", "0", "0", "1", "0", "0", "0", "0", "0", "0", "0", "0", "0", "0", "0", "0", "0", "0", "0" ], "duration": 44.0, "sum": 1 }, "geometry": { "type": "Point", "coordinates": [ -122.399912063948236, 47.669347129402126 ] } },
{ "type": "Feature", "properties": { "lat": 47.669347631694158, "lon": -122.40010323268734, "time_of_day": "Morning", "causation": [ "0", "0", "0", "0", "0", "0", "0", "0", "1", "0", "0", "0", "0", "0", "0", "0", "0", "0", "0", "0", "0", "0", "0", "0" ], "duration": 44.0, "sum": 1 }, "geometry": { "type": "Point", "coordinates": [ -122.400103232687343, 47.669347631694158 ] } },
{ "type": "Feature", "properties": { "lat": 47.669350692580998, "lon": -122.39909345609286, "time_of_day": "Morning", "causation": [ "0", "0", "0", "0", "0", "0", "0", "0", "1", "0", "0", "0", "0", "0", "0", "0", "0", "0", "0", "0", "0", "0", "0", "0" ], "duration": 44.0, "sum": 1 }, "geometry": { "type": "Point", "coordinates": [ -122.399093456092857, 47.669350692580998 ] } },
{ "type": "Feature", "properties": { "lat": 47.669351505617037, "lon": -122.39864761800156, "time_of_day": "Morning", "causation": [ "0", "0", "0", "0", "0", "0", "0", "0", "2", "0", "0", "0", "0", "0", "0", "0", "0", "0", "0", "0", "0", "0", "0", "0" ], "duration": 88.0, "sum": 2 }, "geometry": { "type": "Point", "coordinates": [ -122.398647618001561, 47.669351505617037 ] } },
{ "type": "Feature", "properties": { "lat": 47.669353733279522, "lon": -122.41046789270368, "time_of_day": "Morning", "causation": [ "0", "0", "0", "0", "0", "0", "0", "0", "1", "0", "0", "0", "0", "0", "0", "0", "0", "0", "0", "0", "0", "0", "0", "0" ], "duration": 44.0, "sum": 1 }, "geometry": { "type": "Point", "coordinates": [ -122.410467892703679, 47.669353733279522 ] } },
{ "type": "Feature", "properties": { "lat": 47.669358297330241, "lon": -122.40030644386042, "time_of_day": "Morning", "causation": [ "0", "0", "0", "0", "0", "0", "0", "0", "1", "0", "0", "0", "0", "0", "0", "0", "0", "0", "0", "0", "0", "0", "0", "0" ], "duration": 44.0, "sum": 1 }, "geometry": { "type": "Point", "coordinates": [ -122.400306443860416, 47.669358297330241 ] } },
{ "type": "Feature", "properties": { "lat": 47.669358509241611, "lon": -122.39338411894202, "time_of_day": "Morning", "causation": [ "0", "0", "0", "0", "0", "0", "0", "0", "1", "0", "0", "0", "0", "0", "0", "0", "0", "0", "0", "0", "0", "0", "0", "0" ], "duration": 44.0, "sum": 1 }, "geometry": { "type": "Point", "coordinates": [ -122.393384118942024, 47.669358509241611 ] } },
{ "type": "Feature", "properties": { "lat": 47.669361221643051, "lon": -122.41098970198009, "time_of_day": "Morning", "causation": [ "0", "0", "0", "0", "0", "0", "0", "0", "1", "0", "0", "0", "0", "0", "0", "0", "0", "0", "0", "0", "0", "0", "0", "0" ], "duration": 44.0, "sum": 1 }, "geometry": { "type": "Point", "coordinates": [ -122.410989701980085, 47.669361221643051 ] } },
{ "type": "Feature", "properties": { "lat": 47.669361380068139, "lon": -122.39317447557076, "time_of_day": "Morning", "causation": [ "0", "0", "0", "0", "0", "0", "0", "0", "1", "0", "0", "0", "0", "0", "0", "0", "0", "0", "0", "0", "0", "0", "0", "0" ], "duration": 44.0, "sum": 1 }, "geometry": { "type": "Point", "coordinates": [ -122.39317447557076, 47.669361380068139 ] } },
{ "type": "Feature", "properties": { "lat": 47.669376266693007, "lon": -122.40476985197525, "time_of_day": "Morning", "causation": [ "0", "0", "0", "0", "0", "0", "0", "0", "3", "0", "0", "0", "0", "0", "0", "0", "0", "0", "0", "0", "0", "0", "0", "0" ], "duration": 132.0, "sum": 3 }, "geometry": { "type": "Point", "coordinates": [ -122.404769851975246, 47.669376266693007 ] } },
{ "type": "Feature", "properties": { "lat": 47.669379229566161, "lon": -122.40827386812386, "time_of_day": "Morning", "causation": [ "0", "0", "0", "0", "0", "0", "0", "0", "1", "0", "0", "0", "0", "0", "0", "0", "0", "0", "0", "0", "0", "0", "0", "0" ], "duration": 44.0, "sum": 1 }, "geometry": { "type": "Point", "coordinates": [ -122.408273868123857, 47.669379229566161 ] } },
{ "type": "Feature", "properties": { "lat": 47.669391937549385, "lon": -122.40998919742664, "time_of_day": "Morning", "causation": [ "0", "0", "0", "0", "0", "0", "0", "0", "1", "0", "0", "0", "0", "0", "0", "0", "0", "0", "0", "0", "0", "0", "0", "0" ], "duration": 44.0, "sum": 1 }, "geometry": { "type": "Point", "coordinates": [ -122.40998919742664, 47.669391937549385 ] } },
{ "type": "Feature", "properties": { "lat": 47.669401012675799, "lon": -122.4088768702493, "time_of_day": "Morning", "causation": [ "0", "0", "0", "0", "0", "0", "0", "0", "1", "0", "0", "0", "0", "0", "0", "0", "0", "0", "0", "0", "0", "0", "0", "0" ], "duration": 44.0, "sum": 1 }, "geometry": { "type": "Point", "coordinates": [ -122.408876870249301, 47.669401012675799 ] } },
{ "type": "Feature", "properties": { "lat": 47.669403824169976, "lon": -122.4144255398611, "time_of_day": "Morning", "causation": [ "0", "0", "0", "0", "0", "0", "0", "0", "1", "0", "0", "0", "0", "0", "0", "0", "0", "0", "0", "0", "0", "0", "0", "0" ], "duration": 44.0, "sum": 1 }, "geometry": { "type": "Point", "coordinates": [ -122.414425539861099, 47.669403824169976 ] } },
{ "type": "Feature", "properties": { "lat": 47.669431196453743, "lon": -122.40939726899531, "time_of_day": "Morning", "causation": [ "0", "0", "0", "0", "0", "0", "0", "0", "1", "0", "0", "0", "0", "0", "0", "0", "0", "0", "0", "0", "0", "0", "0", "0" ], "duration": 44.0, "sum": 1 }, "geometry": { "type": "Point", "coordinates": [ -122.409397268995306, 47.669431196453743 ] } },
{ "type": "Feature", "properties": { "lat": 47.669469139436295, "lon": -122.41512223694504, "time_of_day": "Morning", "causation": [ "0", "0", "0", "0", "0", "0", "0", "0", "1", "0", "0", "0", "0", "0", "0", "0", "0", "0", "0", "0", "0", "0", "0", "0" ], "duration": 44.0, "sum": 1 }, "geometry": { "type": "Point", "coordinates": [ -122.415122236945038, 47.669469139436295 ] } },
{ "type": "Feature", "properties": { "lat": 47.669471718596881, "lon": -122.41472477042278, "time_of_day": "Morning", "causation": [ "0", "0", "0", "0", "0", "0", "0", "0", "1", "0", "0", "0", "0", "0", "0", "0", "0", "0", "0", "0", "0", "0", "0", "0" ], "duration": 44.0, "sum": 1 }, "geometry": { "type": "Point", "coordinates": [ -122.414724770422779, 47.669471718596881 ] } },
{ "type": "Feature", "properties": { "lat": 47.669472512431113, "lon": -122.40484609297629, "time_of_day": "Morning", "causation": [ "0", "0", "0", "0", "0", "0", "0", "0", "1", "0", "0", "0", "0", "0", "0", "0", "0", "0", "0", "0", "0", "0", "0", "0" ], "duration": 44.0, "sum": 1 }, "geometry": { "type": "Point", "coordinates": [ -122.404846092976285, 47.669472512431113 ] } },
{ "type": "Feature", "properties": { "lat": 47.669487577555081, "lon": -122.41350251237432, "time_of_day": "Morning", "causation": [ "0", "0", "0", "0", "0", "0", "0", "0", "1", "0", "0", "0", "0", "0", "0", "0", "0", "0", "0", "0", "0", "0", "0", "0" ], "duration": 44.0, "sum": 1 }, "geometry": { "type": "Point", "coordinates": [ -122.413502512374322, 47.669487577555081 ] } },
{ "type": "Feature", "properties": { "lat": 47.669507582392299, "lon": -122.41310838465154, "time_of_day": "Morning", "causation": [ "0", "0", "0", "0", "0", "0", "0", "0", "1", "0", "0", "0", "0", "0", "0", "0", "0", "0", "0", "0", "0", "0", "0", "0" ], "duration": 44.0, "sum": 1 }, "geometry": { "type": "Point", "coordinates": [ -122.413108384651537, 47.669507582392299 ] } },
{ "type": "Feature", "properties": { "lat": 47.669580611362107, "lon": -122.40487293107338, "time_of_day": "Morning", "causation": [ "0", "0", "0", "0", "0", "0", "0", "0", "1", "0", "0", "0", "0", "0", "0", "0", "0", "0", "0", "0", "0", "0", "0", "0" ], "duration": 44.0, "sum": 1 }, "geometry": { "type": "Point", "coordinates": [ -122.404872931073385, 47.669580611362107 ] } },
{ "type": "Feature", "properties": { "lat": 47.66960680582293, "lon": -122.41627622078003, "time_of_day": "Morning", "causation": [ "0", "0", "0", "0", "0", "0", "0", "0", "1", "0", "0", "0", "0", "0", "0", "0", "0", "0", "0", "0", "0", "0", "0", "0" ], "duration": 44.0, "sum": 1 }, "geometry": { "type": "Point", "coordinates": [ -122.416276220780034, 47.66960680582293 ] } },
{ "type": "Feature", "properties": { "lat": 47.669629123739028, "lon": -122.39363867840136, "time_of_day": "Morning", "causation": [ "0", "0", "0", "0", "0", "0", "0", "0", "1", "0", "0", "0", "0", "0", "0", "0", "0", "0", "0", "0", "0", "0", "0", "0" ], "duration": 44.0, "sum": 1 }, "geometry": { "type": "Point", "coordinates": [ -122.393638678401359, 47.669629123739028 ] } },
{ "type": "Feature", "properties": { "lat": 47.669630586535931, "lon": -122.3934501904468, "time_of_day": "Morning", "causation": [ "0", "0", "0", "0", "0", "0", "0", "0", "1", "0", "0", "0", "0", "0", "0", "0", "0", "0", "0", "0", "0", "0", "0", "0" ], "duration": 44.0, "sum": 1 }, "geometry": { "type": "Point", "coordinates": [ -122.393450190446799, 47.669630586535931 ] } },
{ "type": "Feature", "properties": { "lat": 47.669631805027727, "lon": -122.39355879056036, "time_of_day": "Morning", "causation": [ "0", "0", "0", "0", "0", "0", "0", "0", "1", "0", "0", "0", "0", "0", "0", "0", "0", "0", "0", "0", "0", "0", "0", "0" ], "duration": 44.0, "sum": 1 }, "geometry": { "type": "Point", "coordinates": [ -122.393558790560363, 47.669631805027727 ] } },
{ "type": "Feature", "properties": { "lat": 47.669631985493353, "lon": -122.39334803827876, "time_of_day": "Morning", "causation": [ "0", "0", "0", "0", "0", "0", "0", "0", "1", "0", "0", "0", "0", "0", "0", "0", "0", "0", "0", "0", "0", "0", "0", "0" ], "duration": 44.0, "sum": 1 }, "geometry": { "type": "Point", "coordinates": [ -122.393348038278759, 47.669631985493353 ] } },
{ "type": "Feature", "properties": { "lat": 47.66965272505734, "lon": -122.3979192904057, "time_of_day": "Morning", "causation": [ "0", "0", "0", "0", "0", "0", "0", "0", "1", "0", "0", "0", "0", "0", "0", "0", "0", "0", "0", "0", "0", "0", "0", "0" ], "duration": 44.0, "sum": 1 }, "geometry": { "type": "Point", "coordinates": [ -122.397919290405696, 47.66965272505734 ] } },
{ "type": "Feature", "properties": { "lat": 47.669654464726051, "lon": -122.39778066149576, "time_of_day": "Morning", "causation": [ "0", "0", "0", "0", "0", "0", "0", "0", "1", "0", "0", "0", "0", "0", "0", "0", "0", "0", "0", "0", "0", "0", "0", "0" ], "duration": 44.0, "sum": 1 }, "geometry": { "type": "Point", "coordinates": [ -122.397780661495759, 47.669654464726051 ] } },
{ "type": "Feature", "properties": { "lat": 47.669655221415603, "lon": -122.39490843783672, "time_of_day": "Morning", "causation": [ "0", "0", "0", "0", "0", "0", "0", "0", "27", "0", "0", "0", "0", "0", "0", "0", "0", "0", "0", "0", "0", "0", "0", "0" ], "duration": 1188.0, "sum": 27 }, "geometry": { "type": "Point", "coordinates": [ -122.394908437836719, 47.669655221415603 ] } },
{ "type": "Feature", "properties": { "lat": 47.669656780234469, "lon": -122.39619965041908, "time_of_day": "Morning", "causation": [ "0", "0", "0", "0", "0", "0", "0", "0", "1", "0", "0", "0", "0", "0", "0", "0", "0", "0", "0", "0", "0", "0", "0", "0" ], "duration": 44.0, "sum": 1 }, "geometry": { "type": "Point", "coordinates": [ -122.396199650419078, 47.669656780234469 ] } },
{ "type": "Feature", "properties": { "lat": 47.669659016532194, "lon": -122.39760634474059, "time_of_day": "Morning", "causation": [ "0", "0", "0", "0", "0", "0", "0", "0", "3", "0", "0", "0", "0", "0", "0", "0", "0", "0", "0", "0", "0", "0", "0", "0" ], "duration": 132.0, "sum": 3 }, "geometry": { "type": "Point", "coordinates": [ -122.397606344740595, 47.669659016532194 ] } },
{ "type": "Feature", "properties": { "lat": 47.669659038368472, "lon": -122.39715821107995, "time_of_day": "Morning", "causation": [ "0", "0", "0", "0", "0", "0", "0", "0", "1", "0", "0", "0", "0", "0", "0", "0", "0", "0", "0", "0", "0", "0", "0", "0" ], "duration": 44.0, "sum": 1 }, "geometry": { "type": "Point", "coordinates": [ -122.397158211079955, 47.669659038368472 ] } },
{ "type": "Feature", "properties": { "lat": 47.669664556109574, "lon": -122.41181594767724, "time_of_day": "Morning", "causation": [ "0", "0", "0", "0", "0", "0", "0", "0", "2", "0", "0", "0", "0", "0", "0", "0", "0", "0", "0", "0", "0", "0", "0", "0" ], "duration": 88.0, "sum": 2 }, "geometry": { "type": "Point", "coordinates": [ -122.411815947677241, 47.669664556109574 ] } },
{ "type": "Feature", "properties": { "lat": 47.669669220068734, "lon": -122.39398682456191, "time_of_day": "Morning", "causation": [ "0", "0", "0", "0", "0", "0", "0", "0", "23", "0", "0", "0", "0", "0", "0", "0", "0", "0", "0", "0", "0", "0", "0", "0" ], "duration": 1012.0, "sum": 23 }, "geometry": { "type": "Point", "coordinates": [ -122.393986824561907, 47.669669220068734 ] } },
{ "type": "Feature", "properties": { "lat": 47.669670283674343, "lon": -122.39699657867948, "time_of_day": "Morning", "causation": [ "0", "0", "0", "0", "0", "0", "0", "0", "1", "0", "0", "0", "0", "0", "0", "0", "0", "0", "0", "0", "0", "0", "0", "0" ], "duration": 44.0, "sum": 1 }, "geometry": { "type": "Point", "coordinates": [ -122.396996578679477, 47.669670283674343 ] } },
{ "type": "Feature", "properties": { "lat": 47.669672941758009, "lon": -122.41058119856991, "time_of_day": "Morning", "causation": [ "0", "0", "0", "0", "0", "0", "0", "0", "1", "0", "0", "0", "0", "0", "0", "0", "0", "0", "0", "0", "0", "0", "0", "0" ], "duration": 44.0, "sum": 1 }, "geometry": { "type": "Point", "coordinates": [ -122.410581198569915, 47.669672941758009 ] } },
{ "type": "Feature", "properties": { "lat": 47.669676154616766, "lon": -122.39657780073874, "time_of_day": "Morning", "causation": [ "0", "0", "0", "0", "0", "0", "0", "0", "1", "0", "0", "0", "0", "0", "0", "0", "0", "0", "0", "0", "0", "0", "0", "0" ], "duration": 44.0, "sum": 1 }, "geometry": { "type": "Point", "coordinates": [ -122.39657780073874, 47.669676154616766 ] } },
{ "type": "Feature", "properties": { "lat": 47.669676239644737, "lon": -122.3967971837732, "time_of_day": "Morning", "causation": [ "0", "0", "0", "0", "0", "0", "0", "0", "1", "0", "0", "0", "0", "0", "0", "0", "0", "0", "0", "0", "0", "0", "0", "0" ], "duration": 44.0, "sum": 1 }, "geometry": { "type": "Point", "coordinates": [ -122.396797183773202, 47.669676239644737 ] } },
{ "type": "Feature", "properties": { "lat": 47.669679589140799, "lon": -122.3974021448776, "time_of_day": "Morning", "causation": [ "0", "0", "0", "0", "0", "0", "0", "0", "1", "0", "0", "0", "0", "0", "0", "0", "0", "0", "0", "0", "0", "0", "0", "0" ], "duration": 44.0, "sum": 1 }, "geometry": { "type": "Point", "coordinates": [ -122.397402144877603, 47.669679589140799 ] } },
{ "type": "Feature", "properties": { "lat": 47.669684457834812, "lon": -122.40941456593779, "time_of_day": "Morning", "causation": [ "0", "0", "0", "0", "0", "0", "0", "0", "1", "0", "0", "0", "0", "0", "0", "0", "0", "0", "0", "0", "0", "0", "0", "0" ], "duration": 44.0, "sum": 1 }, "geometry": { "type": "Point", "coordinates": [ -122.409414565937794, 47.669684457834812 ] } },
{ "type": "Feature", "properties": { "lat": 47.669687641042877, "lon": -122.39379267513804, "time_of_day": "Morning", "causation": [ "0", "0", "0", "0", "0", "0", "0", "0", "7", "0", "0", "0", "0", "0", "0", "0", "0", "0", "0", "0", "0", "0", "0", "0" ], "duration": 308.0, "sum": 7 }, "geometry": { "type": "Point", "coordinates": [ -122.393792675138045, 47.669687641042877 ] } },
{ "type": "Feature", "properties": { "lat": 47.669688527541133, "lon": -122.40979734914876, "time_of_day": "Morning", "causation": [ "0", "0", "0", "0", "0", "0", "0", "0", "1", "0", "0", "0", "0", "0", "0", "0", "0", "0", "0", "0", "0", "0", "0", "0" ], "duration": 44.0, "sum": 1 }, "geometry": { "type": "Point", "coordinates": [ -122.409797349148761, 47.669688527541133 ] } },
{ "type": "Feature", "properties": { "lat": 47.669690544323629, "lon": -122.39543184550936, "time_of_day": "Morning", "causation": [ "0", "0", "0", "0", "0", "0", "0", "0", "5", "0", "0", "0", "0", "0", "0", "0", "0", "0", "0", "0", "0", "0", "0", "0" ], "duration": 220.0, "sum": 5 }, "geometry": { "type": "Point", "coordinates": [ -122.395431845509364, 47.669690544323629 ] } },
{ "type": "Feature", "properties": { "lat": 47.669701285192801, "lon": -122.4082777774028, "time_of_day": "Morning", "causation": [ "0", "0", "0", "0", "0", "0", "0", "0", "1", "0", "0", "0", "0", "0", "0", "0", "0", "0", "0", "0", "0", "0", "0", "0" ], "duration": 44.0, "sum": 1 }, "geometry": { "type": "Point", "coordinates": [ -122.408277777402802, 47.669701285192801 ] } },
{ "type": "Feature", "properties": { "lat": 47.669701854569162, "lon": -122.40893518747684, "time_of_day": "Morning", "causation": [ "0", "0", "0", "0", "0", "0", "0", "0", "1", "0", "0", "0", "0", "0", "0", "0", "0", "0", "0", "0", "0", "0", "0", "0" ], "duration": 44.0, "sum": 1 }, "geometry": { "type": "Point", "coordinates": [ -122.408935187476843, 47.669701854569162 ] } },
{ "type": "Feature", "properties": { "lat": 47.669717956059472, "lon": -122.39364840066052, "time_of_day": "Morning", "causation": [ "0", "0", "0", "0", "0", "0", "0", "0", "1", "0", "0", "0", "0", "0", "0", "0", "0", "0", "0", "0", "0", "0", "0", "0" ], "duration": 44.0, "sum": 1 }, "geometry": { "type": "Point", "coordinates": [ -122.393648400660524, 47.669717956059472 ] } },
{ "type": "Feature", "properties": { "lat": 47.669718986495191, "lon": -122.39357316810842, "time_of_day": "Morning", "causation": [ "0", "0", "0", "0", "0", "0", "0", "0", "1", "0", "0", "0", "0", "0", "0", "0", "0", "0", "0", "0", "0", "0", "0", "0" ], "duration": 44.0, "sum": 1 }, "geometry": { "type": "Point", "coordinates": [ -122.393573168108418, 47.669718986495191 ] } },
{ "type": "Feature", "properties": { "lat": 47.669726636517403, "lon": -122.39867562895074, "time_of_day": "Morning", "causation": [ "0", "0", "0", "0", "0", "0", "0", "0", "1", "0", "0", "0", "0", "0", "0", "0", "0", "0", "0", "0", "0", "0", "0", "0" ], "duration": 44.0, "sum": 1 }, "geometry": { "type": "Point", "coordinates": [ -122.398675628950741, 47.669726636517403 ] } },
{ "type": "Feature", "properties": { "lat": 47.669731053355036, "lon": -122.39989943715764, "time_of_day": "Morning", "causation": [ "0", "0", "0", "0", "0", "0", "0", "0", "1", "0", "0", "0", "0", "0", "0", "0", "0", "0", "0", "0", "0", "0", "0", "0" ], "duration": 44.0, "sum": 1 }, "geometry": { "type": "Point", "coordinates": [ -122.399899437157643, 47.669731053355036 ] } },
{ "type": "Feature", "properties": { "lat": 47.669734186127307, "lon": -122.39927708433352, "time_of_day": "Morning", "causation": [ "0", "0", "0", "0", "0", "0", "0", "0", "1", "0", "0", "0", "0", "0", "0", "0", "0", "0", "0", "0", "0", "0", "0", "0" ], "duration": 44.0, "sum": 1 }, "geometry": { "type": "Point", "coordinates": [ -122.399277084333519, 47.669734186127307 ] } },
{ "type": "Feature", "properties": { "lat": 47.669734668843361, "lon": -122.39948972064546, "time_of_day": "Morning", "causation": [ "0", "0", "0", "0", "0", "0", "0", "0", "1", "0", "0", "0", "0", "0", "0", "0", "0", "0", "0", "0", "0", "0", "0", "0" ], "duration": 44.0, "sum": 1 }, "geometry": { "type": "Point", "coordinates": [ -122.399489720645462, 47.669734668843361 ] } },
{ "type": "Feature", "properties": { "lat": 47.669735251083218, "lon": -122.39971220026624, "time_of_day": "Morning", "causation": [ "0", "0", "0", "0", "0", "0", "0", "0", "1", "0", "0", "0", "0", "0", "0", "0", "0", "0", "0", "0", "0", "0", "0", "0" ], "duration": 44.0, "sum": 1 }, "geometry": { "type": "Point", "coordinates": [ -122.399712200266237, 47.669735251083218 ] } },
{ "type": "Feature", "properties": { "lat": 47.669736218227442, "lon": -122.39889722259724, "time_of_day": "Morning", "causation": [ "0", "0", "0", "0", "0", "0", "0", "0", "1", "0", "0", "0", "0", "0", "0", "0", "0", "0", "0", "0", "0", "0", "0", "0" ], "duration": 44.0, "sum": 1 }, "geometry": { "type": "Point", "coordinates": [ -122.398897222597242, 47.669736218227442 ] } },
{ "type": "Feature", "properties": { "lat": 47.669737447471171, "lon": -122.39907955671912, "time_of_day": "Morning", "causation": [ "0", "0", "0", "0", "0", "0", "0", "0", "1", "0", "0", "0", "0", "0", "0", "0", "0", "0", "0", "0", "0", "0", "0", "0" ], "duration": 44.0, "sum": 1 }, "geometry": { "type": "Point", "coordinates": [ -122.399079556719116, 47.669737447471171 ] } },
{ "type": "Feature", "properties": { "lat": 47.669742177877296, "lon": -122.40031155068922, "time_of_day": "Morning", "causation": [ "0", "0", "0", "0", "0", "0", "0", "0", "1", "0", "0", "0", "0", "0", "0", "0", "0", "0", "0", "0", "0", "0", "0", "0" ], "duration": 44.0, "sum": 1 }, "geometry": { "type": "Point", "coordinates": [ -122.400311550689224, 47.669742177877296 ] } },
{ "type": "Feature", "properties": { "lat": 47.669755298087928, "lon": -122.40007674525422, "time_of_day": "Morning", "causation": [ "0", "0", "0", "0", "0", "0", "0", "0", "1", "0", "0", "0", "0", "0", "0", "0", "0", "0", "0", "0", "0", "0", "0", "0" ], "duration": 44.0, "sum": 1 }, "geometry": { "type": "Point", "coordinates": [ -122.400076745254225, 47.669755298087928 ] } },
{ "type": "Feature", "properties": { "lat": 47.669755603044351, "lon": -122.41314185978476, "time_of_day": "Morning", "causation": [ "0", "0", "0", "0", "0", "0", "0", "0", "1", "0", "0", "0", "0", "0", "0", "0", "0", "0", "0", "0", "0", "0", "0", "0" ], "duration": 44.0, "sum": 1 }, "geometry": { "type": "Point", "coordinates": [ -122.413141859784758, 47.669755603044351 ] } },
{ "type": "Feature", "properties": { "lat": 47.669763285154907, "lon": -122.41675186972802, "time_of_day": "Morning", "causation": [ "0", "0", "0", "0", "0", "0", "0", "0", "1", "0", "0", "0", "0", "0", "0", "0", "0", "0", "0", "0", "0", "0", "0", "0" ], "duration": 44.0, "sum": 1 }, "geometry": { "type": "Point", "coordinates": [ -122.416751869728017, 47.669763285154907 ] } },
{ "type": "Feature", "properties": { "lat": 47.669765100072205, "lon": -122.40505142129558, "time_of_day": "Morning", "causation": [ "0", "0", "0", "0", "0", "0", "0", "0", "3", "0", "0", "0", "0", "0", "0", "0", "0", "0", "0", "0", "0", "0", "0", "0" ], "duration": 132.0, "sum": 3 }, "geometry": { "type": "Point", "coordinates": [ -122.405051421295582, 47.669765100072205 ] } },
{ "type": "Feature", "properties": { "lat": 47.669768631947306, "lon": -122.39345081051393, "time_of_day": "Morning", "causation": [ "0", "0", "0", "0", "0", "0", "0", "0", "1", "0", "0", "0", "0", "0", "0", "0", "0", "0", "0", "0", "0", "0", "0", "0" ], "duration": 44.0, "sum": 1 }, "geometry": { "type": "Point", "coordinates": [ -122.393450810513926, 47.669768631947306 ] } },
{ "type": "Feature", "properties": { "lat": 47.669770030905283, "lon": -122.3933486580746, "time_of_day": "Morning", "causation": [ "0", "0", "0", "0", "0", "0", "0", "0", "1", "0", "0", "0", "0", "0", "0", "0", "0", "0", "0", "0", "0", "0", "0", "0" ], "duration": 44.0, "sum": 1 }, "geometry": { "type": "Point", "coordinates": [ -122.393348658074601, 47.669770030905283 ] } },
{ "type": "Feature", "properties": { "lat": 47.669773433779753, "lon": -122.40833790549284, "time_of_day": "Morning", "causation": [ "0", "0", "0", "0", "0", "0", "0", "0", "1", "0", "0", "0", "0", "0", "0", "0", "0", "0", "0", "0", "0", "0", "0", "0" ], "duration": 44.0, "sum": 1 }, "geometry": { "type": "Point", "coordinates": [ -122.408337905492843, 47.669773433779753 ] } },
{ "type": "Feature", "properties": { "lat": 47.669782186606881, "lon": -122.40051151970154, "time_of_day": "Morning", "causation": [ "0", "0", "0", "0", "0", "0", "0", "0", "1", "0", "0", "0", "0", "0", "0", "0", "0", "0", "0", "0", "0", "0", "0", "0" ], "duration": 44.0, "sum": 1 }, "geometry": { "type": "Point", "coordinates": [ -122.400511519701539, 47.669782186606881 ] } },
{ "type": "Feature", "properties": { "lat": 47.669785328400899, "lon": -122.41011727057042, "time_of_day": "Morning", "causation": [ "0", "0", "0", "0", "0", "0", "0", "0", "1", "0", "0", "0", "0", "0", "0", "0", "0", "0", "0", "0", "0", "0", "0", "0" ], "duration": 44.0, "sum": 1 }, "geometry": { "type": "Point", "coordinates": [ -122.410117270570424, 47.669785328400899 ] } },
{ "type": "Feature", "properties": { "lat": 47.669794904766484, "lon": -122.41520952637184, "time_of_day": "Morning", "causation": [ "0", "0", "0", "0", "0", "0", "0", "0", "1", "0", "0", "0", "0", "0", "0", "0", "0", "0", "0", "0", "0", "0", "0", "0" ], "duration": 44.0, "sum": 1 }, "geometry": { "type": "Point", "coordinates": [ -122.415209526371839, 47.669794904766484 ] } },
{ "type": "Feature", "properties": { "lat": 47.669811588483888, "lon": -122.41458040210505, "time_of_day": "Morning", "causation": [ "0", "0", "0", "0", "0", "0", "0", "0", "1", "0", "0", "0", "0", "0", "0", "0", "0", "0", "0", "0", "0", "0", "0", "0" ], "duration": 44.0, "sum": 1 }, "geometry": { "type": "Point", "coordinates": [ -122.414580402105045, 47.669811588483888 ] } },
{ "type": "Feature", "properties": { "lat": 47.669836315255687, "lon": -122.41419919937552, "time_of_day": "Morning", "causation": [ "0", "0", "0", "0", "0", "0", "0", "0", "1", "0", "0", "0", "0", "0", "0", "0", "0", "0", "0", "0", "0", "0", "0", "0" ], "duration": 44.0, "sum": 1 }, "geometry": { "type": "Point", "coordinates": [ -122.414199199375517, 47.669836315255687 ] } },
{ "type": "Feature", "properties": { "lat": 47.669838800450464, "lon": -122.40948505964812, "time_of_day": "Morning", "causation": [ "0", "0", "0", "0", "0", "0", "0", "0", "1", "0", "0", "0", "0", "0", "0", "0", "0", "0", "0", "0", "0", "0", "0", "0" ], "duration": 44.0, "sum": 1 }, "geometry": { "type": "Point", "coordinates": [ -122.409485059648119, 47.669838800450464 ] } },
{ "type": "Feature", "properties": { "lat": 47.669864508878007, "lon": -122.40854313529424, "time_of_day": "Morning", "causation": [ "0", "0", "0", "0", "0", "0", "0", "0", "1", "0", "0", "0", "0", "0", "0", "0", "0", "0", "0", "0", "0", "0", "0", "0" ], "duration": 44.0, "sum": 1 }, "geometry": { "type": "Point", "coordinates": [ -122.408543135294238, 47.669864508878007 ] } },
{ "type": "Feature", "properties": { "lat": 47.66986627953613, "lon": -122.4135142493837, "time_of_day": "Morning", "causation": [ "0", "0", "0", "0", "0", "0", "0", "0", "1", "0", "0", "0", "0", "0", "0", "0", "0", "0", "0", "0", "0", "0", "0", "0" ], "duration": 44.0, "sum": 1 }, "geometry": { "type": "Point", "coordinates": [ -122.413514249383695, 47.66986627953613 ] } },
{ "type": "Feature", "properties": { "lat": 47.669873220231608, "lon": -122.40887661509475, "time_of_day": "Morning", "causation": [ "0", "0", "0", "0", "0", "0", "0", "0", "1", "0", "0", "0", "0", "0", "0", "0", "0", "0", "0", "0", "0", "0", "0", "0" ], "duration": 44.0, "sum": 1 }, "geometry": { "type": "Point", "coordinates": [ -122.408876615094755, 47.669873220231608 ] } },
{ "type": "Feature", "properties": { "lat": 47.66988404704896, "lon": -122.41113409762342, "time_of_day": "Morning", "causation": [ "0", "0", "0", "0", "0", "0", "0", "0", "1", "0", "0", "0", "0", "0", "0", "0", "0", "0", "0", "0", "0", "0", "0", "0" ], "duration": 44.0, "sum": 1 }, "geometry": { "type": "Point", "coordinates": [ -122.411134097623417, 47.66988404704896 ] } },
{ "type": "Feature", "properties": { "lat": 47.669890457906227, "lon": -122.41062960071592, "time_of_day": "Morning", "causation": [ "0", "0", "0", "0", "0", "0", "0", "0", "1", "0", "0", "0", "0", "0", "0", "0", "0", "0", "0", "0", "0", "0", "0", "0" ], "duration": 44.0, "sum": 1 }, "geometry": { "type": "Point", "coordinates": [ -122.410629600715922, 47.669890457906227 ] } },
{ "type": "Feature", "properties": { "lat": 47.669905539052039, "lon": -122.40432309074562, "time_of_day": "Morning", "causation": [ "0", "0", "0", "0", "0", "0", "0", "0", "1", "0", "0", "0", "0", "0", "0", "0", "0", "0", "0", "0", "0", "0", "0", "0" ], "duration": 44.0, "sum": 1 }, "geometry": { "type": "Point", "coordinates": [ -122.404323090745621, 47.669905539052039 ] } },
{ "type": "Feature", "properties": { "lat": 47.669948045811367, "lon": -122.4163915656306, "time_of_day": "Morning", "causation": [ "0", "0", "0", "0", "0", "0", "0", "0", "1", "0", "0", "0", "0", "0", "0", "0", "0", "0", "0", "0", "0", "0", "0", "0" ], "duration": 44.0, "sum": 1 }, "geometry": { "type": "Point", "coordinates": [ -122.416391565630605, 47.669948045811367 ] } },
{ "type": "Feature", "properties": { "lat": 47.66996129885964, "lon": -122.40950732262914, "time_of_day": "Morning", "causation": [ "0", "0", "0", "0", "0", "0", "0", "0", "1", "0", "0", "0", "0", "0", "0", "0", "0", "0", "0", "0", "0", "0", "0", "0" ], "duration": 44.0, "sum": 1 }, "geometry": { "type": "Point", "coordinates": [ -122.409507322629139, 47.66996129885964 ] } },
{ "type": "Feature", "properties": { "lat": 47.669979168860529, "lon": -122.41011042866261, "time_of_day": "Morning", "causation": [ "0", "0", "0", "0", "0", "0", "0", "0", "2", "0", "0", "0", "0", "0", "0", "0", "0", "0", "0", "0", "0", "0", "0", "0" ], "duration": 88.0, "sum": 2 }, "geometry": { "type": "Point", "coordinates": [ -122.410110428662605, 47.669979168860529 ] } },
{ "type": "Feature", "properties": { "lat": 47.669984913896627, "lon": -122.41212526051989, "time_of_day": "Morning", "causation": [ "0", "0", "0", "0", "0", "0", "0", "0", "1", "0", "0", "0", "0", "0", "0", "0", "0", "0", "0", "0", "0", "0", "0", "0" ], "duration": 44.0, "sum": 1 }, "geometry": { "type": "Point", "coordinates": [ -122.412125260519886, 47.669984913896627 ] } },
{ "type": "Feature", "properties": { "lat": 47.669997081325398, "lon": -122.40857371901224, "time_of_day": "Morning", "causation": [ "0", "0", "0", "0", "0", "0", "0", "0", "1", "0", "0", "0", "0", "0", "0", "0", "0", "0", "0", "0", "0", "0", "0", "0" ], "duration": 44.0, "sum": 1 }, "geometry": { "type": "Point", "coordinates": [ -122.408573719012239, 47.669997081325398 ] } },
{ "type": "Feature", "properties": { "lat": 47.670011440050921, "lon": -122.41056529899691, "time_of_day": "Morning", "causation": [ "0", "0", "0", "0", "0", "0", "0", "0", "1", "0", "0", "0", "0", "0", "0", "0", "0", "0", "0", "0", "0", "0", "0", "0" ], "duration": 44.0, "sum": 1 }, "geometry": { "type": "Point", "coordinates": [ -122.410565298996914, 47.670011440050921 ] } },
{ "type": "Feature", "properties": { "lat": 47.670021885449465, "lon": -122.41591943397692, "time_of_day": "Morning", "causation": [ "0", "0", "0", "0", "0", "0", "0", "0", "1", "0", "0", "0", "0", "0", "0", "0", "0", "0", "0", "0", "0", "0", "0", "0" ], "duration": 44.0, "sum": 1 }, "geometry": { "type": "Point", "coordinates": [ -122.415919433976924, 47.670021885449465 ] } },
{ "type": "Feature", "properties": { "lat": 47.670036156758322, "lon": -122.40908992351224, "time_of_day": "Morning", "causation": [ "0", "0", "0", "0", "0", "0", "0", "0", "1", "0", "0", "0", "0", "0", "0", "0", "0", "0", "0", "0", "0", "0", "0", "0" ], "duration": 44.0, "sum": 1 }, "geometry": { "type": "Point", "coordinates": [ -122.409089923512241, 47.670036156758322 ] } },
{ "type": "Feature", "properties": { "lat": 47.670099102470886, "lon": -122.40957202578662, "time_of_day": "Morning", "causation": [ "0", "0", "0", "0", "0", "0", "0", "0", "1", "0", "0", "0", "0", "0", "0", "0", "0", "0", "0", "0", "0", "0", "0", "0" ], "duration": 44.0, "sum": 1 }, "geometry": { "type": "Point", "coordinates": [ -122.409572025786616, 47.670099102470886 ] } },
{ "type": "Feature", "properties": { "lat": 47.670139869855618, "lon": -122.40858310493373, "time_of_day": "Morning", "causation": [ "0", "0", "0", "0", "0", "0", "0", "0", "1", "0", "0", "0", "0", "0", "0", "0", "0", "0", "0", "0", "0", "0", "0", "0" ], "duration": 44.0, "sum": 1 }, "geometry": { "type": "Point", "coordinates": [ -122.408583104933726, 47.670139869855618 ] } },
{ "type": "Feature", "properties": { "lat": 47.670141775245369, "lon": -122.40907383868284, "time_of_day": "Morning", "causation": [ "0", "0", "0", "0", "0", "0", "0", "0", "1", "0", "0", "0", "0", "0", "0", "0", "0", "0", "0", "0", "0", "0", "0", "0" ], "duration": 44.0, "sum": 1 }, "geometry": { "type": "Point", "coordinates": [ -122.409073838682843, 47.670141775245369 ] } },
{ "type": "Feature", "properties": { "lat": 47.670163731807683, "lon": -122.41056992056404, "time_of_day": "Morning", "causation": [ "0", "0", "0", "0", "0", "0", "0", "0", "1", "0", "0", "0", "0", "0", "0", "0", "0", "0", "0", "0", "0", "0", "0", "0" ], "duration": 44.0, "sum": 1 }, "geometry": { "type": "Point", "coordinates": [ -122.410569920564043, 47.670163731807683 ] } },
{ "type": "Feature", "properties": { "lat": 47.67017343697772, "lon": -122.41549715965698, "time_of_day": "Morning", "causation": [ "0", "0", "0", "0", "0", "0", "0", "0", "2", "0", "0", "0", "0", "0", "0", "0", "0", "0", "0", "0", "0", "0", "0", "0" ], "duration": 88.0, "sum": 2 }, "geometry": { "type": "Point", "coordinates": [ -122.415497159656979, 47.67017343697772 ] } },
{ "type": "Feature", "properties": { "lat": 47.670221523663677, "lon": -122.40960854803218, "time_of_day": "Morning", "causation": [ "0", "0", "0", "0", "0", "0", "0", "0", "2", "0", "0", "0", "0", "0", "0", "0", "0", "0", "0", "0", "0", "0", "0", "0" ], "duration": 88.0, "sum": 2 }, "geometry": { "type": "Point", "coordinates": [ -122.409608548032182, 47.670221523663677 ] } },
{ "type": "Feature", "properties": { "lat": 47.670256837664049, "lon": -122.40858216830289, "time_of_day": "Morning", "causation": [ "0", "0", "0", "0", "0", "0", "0", "0", "1", "0", "0", "0", "0", "0", "0", "0", "0", "0", "0", "0", "0", "0", "0", "0" ], "duration": 44.0, "sum": 1 }, "geometry": { "type": "Point", "coordinates": [ -122.408582168302885, 47.670256837664049 ] } },
{ "type": "Feature", "properties": { "lat": 47.670296412091218, "lon": -122.41063452815912, "time_of_day": "Morning", "causation": [ "0", "0", "0", "0", "0", "0", "0", "0", "1", "0", "0", "0", "0", "0", "0", "0", "0", "0", "0", "0", "0", "0", "0", "0" ], "duration": 44.0, "sum": 1 }, "geometry": { "type": "Point", "coordinates": [ -122.410634528159122, 47.670296412091218 ] } },
{ "type": "Feature", "properties": { "lat": 47.670299528333047, "lon": -122.41118524835682, "time_of_day": "Morning", "causation": [ "0", "0", "0", "0", "0", "0", "0", "0", "1", "0", "0", "0", "0", "0", "0", "0", "0", "0", "0", "0", "0", "0", "0", "0" ], "duration": 44.0, "sum": 1 }, "geometry": { "type": "Point", "coordinates": [ -122.411185248356816, 47.670299528333047 ] } },
{ "type": "Feature", "properties": { "lat": 47.670302466041491, "lon": -122.41016947962936, "time_of_day": "Morning", "causation": [ "0", "0", "0", "0", "0", "0", "0", "0", "1", "0", "0", "0", "0", "0", "0", "0", "0", "0", "0", "0", "0", "0", "0", "0" ], "duration": 44.0, "sum": 1 }, "geometry": { "type": "Point", "coordinates": [ -122.41016947962936, 47.670302466041491 ] } },
{ "type": "Feature", "properties": { "lat": 47.670310016554552, "lon": -122.41451640439404, "time_of_day": "Morning", "causation": [ "0", "0", "0", "0", "0", "0", "0", "0", "2", "0", "0", "0", "0", "0", "0", "0", "0", "0", "0", "0", "0", "0", "0", "0" ], "duration": 88.0, "sum": 2 }, "geometry": { "type": "Point", "coordinates": [ -122.414516404394035, 47.670310016554552 ] } },
{ "type": "Feature", "properties": { "lat": 47.670335002895335, "lon": -122.40967337466384, "time_of_day": "Morning", "causation": [ "0", "0", "0", "0", "0", "0", "0", "0", "1", "0", "0", "0", "0", "0", "0", "0", "0", "0", "0", "0", "0", "0", "0", "0" ], "duration": 44.0, "sum": 1 }, "geometry": { "type": "Point", "coordinates": [ -122.409673374663839, 47.670335002895335 ] } },
{ "type": "Feature", "properties": { "lat": 47.670352006998229, "lon": -122.40907596214596, "time_of_day": "Morning", "causation": [ "0", "0", "0", "0", "0", "0", "0", "0", "1", "0", "0", "0", "0", "0", "0", "0", "0", "0", "0", "0", "0", "0", "0", "0" ], "duration": 44.0, "sum": 1 }, "geometry": { "type": "Point", "coordinates": [ -122.409075962145963, 47.670352006998229 ] } },
{ "type": "Feature", "properties": { "lat": 47.670395290654717, "lon": -122.40858013723384, "time_of_day": "Morning", "causation": [ "0", "0", "0", "0", "0", "0", "0", "0", "1", "0", "0", "0", "0", "0", "0", "0", "0", "0", "0", "0", "0", "0", "0", "0" ], "duration": 44.0, "sum": 1 }, "geometry": { "type": "Point", "coordinates": [ -122.408580137233841, 47.670395290654717 ] } },
{ "type": "Feature", "properties": { "lat": 47.670410436432455, "lon": -122.41508505862863, "time_of_day": "Morning", "causation": [ "0", "0", "0", "0", "0", "0", "0", "0", "2", "0", "0", "0", "0", "0", "0", "0", "0", "0", "0", "0", "0", "0", "0", "0" ], "duration": 88.0, "sum": 2 }, "geometry": { "type": "Point", "coordinates": [ -122.415085058628634, 47.670410436432455 ] } },
{ "type": "Feature", "properties": { "lat": 47.670449243744805, "lon": -122.41059944320664, "time_of_day": "Morning", "causation": [ "0", "0", "0", "0", "0", "0", "0", "0", "1", "0", "0", "0", "0", "0", "0", "0", "0", "0", "0", "0", "0", "0", "0", "0" ], "duration": 44.0, "sum": 1 }, "geometry": { "type": "Point", "coordinates": [ -122.410599443206635, 47.670449243744805 ] } },
{ "type": "Feature", "properties": { "lat": 47.670455418833463, "lon": -122.40522205536332, "time_of_day": "Morning", "causation": [ "0", "0", "0", "0", "0", "0", "0", "0", "1", "0", "0", "0", "0", "0", "0", "0", "0", "0", "0", "0", "0", "0", "0", "0" ], "duration": 44.0, "sum": 1 }, "geometry": { "type": "Point", "coordinates": [ -122.405222055363325, 47.670455418833463 ] } },
{ "type": "Feature", "properties": { "lat": 47.670488714428352, "lon": -122.40971739449668, "time_of_day": "Morning", "causation": [ "0", "0", "0", "0", "0", "0", "0", "0", "1", "0", "0", "0", "0", "0", "0", "0", "0", "0", "0", "0", "0", "0", "0", "0" ], "duration": 44.0, "sum": 1 }, "geometry": { "type": "Point", "coordinates": [ -122.409717394496681, 47.670488714428352 ] } },
{ "type": "Feature", "properties": { "lat": 47.670495073545297, "lon": -122.41475696358586, "time_of_day": "Morning", "causation": [ "0", "0", "0", "0", "0", "0", "0", "0", "1", "0", "0", "0", "0", "0", "0", "0", "0", "0", "0", "0", "0", "0", "0", "0" ], "duration": 44.0, "sum": 1 }, "geometry": { "type": "Point", "coordinates": [ -122.414756963585859, 47.670495073545297 ] } },
{ "type": "Feature", "properties": { "lat": 47.670500671739021, "lon": -122.40911107877361, "time_of_day": "Morning", "causation": [ "0", "0", "0", "0", "0", "0", "0", "0", "1", "0", "0", "0", "0", "0", "0", "0", "0", "0", "0", "0", "0", "0", "0", "0" ], "duration": 44.0, "sum": 1 }, "geometry": { "type": "Point", "coordinates": [ -122.409111078773606, 47.670500671739021 ] } },
{ "type": "Feature", "properties": { "lat": 47.670577388264697, "lon": -122.40861052146444, "time_of_day": "Morning", "causation": [ "0", "0", "0", "0", "0", "0", "0", "0", "1", "0", "0", "0", "0", "0", "0", "0", "0", "0", "0", "0", "0", "0", "0", "0" ], "duration": 44.0, "sum": 1 }, "geometry": { "type": "Point", "coordinates": [ -122.408610521464439, 47.670577388264697 ] } },
{ "type": "Feature", "properties": { "lat": 47.670612330862646, "lon": -122.40989701414436, "time_of_day": "Morning", "causation": [ "0", "0", "0", "0", "0", "0", "0", "0", "1", "0", "0", "0", "0", "0", "0", "0", "0", "0", "0", "0", "0", "0", "0", "0" ], "duration": 44.0, "sum": 1 }, "geometry": { "type": "Point", "coordinates": [ -122.409897014144363, 47.670612330862646 ] } },
{ "type": "Feature", "properties": { "lat": 47.67061933724186, "lon": -122.41432952453236, "time_of_day": "Morning", "causation": [ "0", "0", "0", "0", "0", "0", "0", "0", "1", "0", "0", "0", "0", "0", "0", "0", "0", "0", "0", "0", "0", "0", "0", "0" ], "duration": 44.0, "sum": 1 }, "geometry": { "type": "Point", "coordinates": [ -122.414329524532363, 47.67061933724186 ] } },
{ "type": "Feature", "properties": { "lat": 47.670620748157198, "lon": -122.4053939986436, "time_of_day": "Morning", "causation": [ "0", "0", "0", "0", "0", "0", "0", "0", "11", "0", "0", "0", "0", "0", "0", "0", "0", "0", "0", "0", "0", "0", "0", "0" ], "duration": 484.0, "sum": 11 }, "geometry": { "type": "Point", "coordinates": [ -122.405393998643603, 47.670620748157198 ] } },
{ "type": "Feature", "properties": { "lat": 47.670642026390148, "lon": -122.41383066306192, "time_of_day": "Morning", "causation": [ "0", "0", "0", "0", "0", "0", "0", "0", "1", "0", "0", "0", "0", "0", "0", "0", "0", "0", "0", "0", "0", "0", "0", "0" ], "duration": 44.0, "sum": 1 }, "geometry": { "type": "Point", "coordinates": [ -122.413830663061916, 47.670642026390148 ] } },
{ "type": "Feature", "properties": { "lat": 47.670643557209161, "lon": -122.41060757702516, "time_of_day": "Morning", "causation": [ "0", "0", "0", "0", "0", "0", "0", "0", "1", "0", "0", "0", "0", "0", "0", "0", "0", "0", "0", "0", "0", "0", "0", "0" ], "duration": 44.0, "sum": 1 }, "geometry": { "type": "Point", "coordinates": [ -122.410607577025161, 47.670643557209161 ] } },
{ "type": "Feature", "properties": { "lat": 47.6706674653215, "lon": -122.41313236288636, "time_of_day": "Morning", "causation": [ "0", "0", "0", "0", "0", "0", "0", "0", "1", "0", "0", "0", "0", "0", "0", "0", "0", "0", "0", "0", "0", "0", "0", "0" ], "duration": 44.0, "sum": 1 }, "geometry": { "type": "Point", "coordinates": [ -122.413132362886358, 47.6706674653215 ] } },
{ "type": "Feature", "properties": { "lat": 47.670675625982341, "lon": -122.4091682569352, "time_of_day": "Morning", "causation": [ "0", "0", "0", "0", "0", "0", "0", "0", "1", "0", "0", "0", "0", "0", "0", "0", "0", "0", "0", "0", "0", "0", "0", "0" ], "duration": 44.0, "sum": 1 }, "geometry": { "type": "Point", "coordinates": [ -122.409168256935203, 47.670675625982341 ] } },
{ "type": "Feature", "properties": { "lat": 47.670683869939417, "lon": -122.41145446254625, "time_of_day": "Morning", "causation": [ "0", "0", "0", "0", "0", "0", "0", "0", "1", "0", "0", "0", "0", "0", "0", "0", "0", "0", "0", "0", "0", "0", "0", "0" ], "duration": 44.0, "sum": 1 }, "geometry": { "type": "Point", "coordinates": [ -122.411454462546246, 47.670683869939417 ] } },
{ "type": "Feature", "properties": { "lat": 47.670685266804895, "lon": -122.40869143126496, "time_of_day": "Morning", "causation": [ "0", "0", "0", "0", "0", "0", "0", "0", "1", "0", "0", "0", "0", "0", "0", "0", "0", "0", "0", "0", "0", "0", "0", "0" ], "duration": 44.0, "sum": 1 }, "geometry": { "type": "Point", "coordinates": [ -122.408691431264955, 47.670685266804895 ] } },
{ "type": "Feature", "properties": { "lat": 47.670751443142571, "lon": -122.40540967195641, "time_of_day": "Morning", "causation": [ "0", "0", "0", "0", "0", "0", "0", "0", "1", "0", "0", "0", "0", "0", "0", "0", "0", "0", "0", "0", "0", "0", "0", "0" ], "duration": 44.0, "sum": 1 }, "geometry": { "type": "Point", "coordinates": [ -122.405409671956406, 47.670751443142571 ] } },
{ "type": "Feature", "properties": { "lat": 47.670763364152371, "lon": -122.41353604376803, "time_of_day": "Morning", "causation": [ "0", "0", "0", "0", "0", "0", "0", "0", "1", "0", "0", "0", "0", "0", "0", "0", "0", "0", "0", "0", "0", "0", "0", "0" ], "duration": 44.0, "sum": 1 }, "geometry": { "type": "Point", "coordinates": [ -122.413536043768033, 47.670763364152371 ] } },
{ "type": "Feature", "properties": { "lat": 47.670803035694661, "lon": -122.40925884977004, "time_of_day": "Morning", "causation": [ "0", "0", "0", "0", "0", "0", "0", "0", "1", "0", "0", "0", "0", "0", "0", "0", "0", "0", "0", "0", "0", "0", "0", "0" ], "duration": 44.0, "sum": 1 }, "geometry": { "type": "Point", "coordinates": [ -122.40925884977004, 47.670803035694661 ] } },
{ "type": "Feature", "properties": { "lat": 47.670819358656388, "lon": -122.4098649510553, "time_of_day": "Morning", "causation": [ "0", "0", "0", "0", "0", "0", "0", "0", "1", "0", "0", "0", "0", "0", "0", "0", "0", "0", "0", "0", "0", "0", "0", "0" ], "duration": 44.0, "sum": 1 }, "geometry": { "type": "Point", "coordinates": [ -122.409864951055297, 47.670819358656388 ] } },
{ "type": "Feature", "properties": { "lat": 47.670824543721942, "lon": -122.4106535359344, "time_of_day": "Morning", "causation": [ "0", "0", "0", "0", "0", "0", "0", "0", "1", "0", "0", "0", "0", "0", "0", "0", "0", "0", "0", "0", "0", "0", "0", "0" ], "duration": 44.0, "sum": 1 }, "geometry": { "type": "Point", "coordinates": [ -122.410653535934401, 47.670824543721942 ] } },
{ "type": "Feature", "properties": { "lat": 47.670833152762562, "lon": -122.4087603847196, "time_of_day": "Morning", "causation": [ "0", "0", "0", "0", "0", "0", "0", "0", "1", "0", "0", "0", "0", "0", "0", "0", "0", "0", "0", "0", "0", "0", "0", "0" ], "duration": 44.0, "sum": 1 }, "geometry": { "type": "Point", "coordinates": [ -122.408760384719599, 47.670833152762562 ] } },
{ "type": "Feature", "properties": { "lat": 47.670931108938973, "lon": -122.40562596756116, "time_of_day": "Morning", "causation": [ "0", "0", "0", "0", "0", "0", "0", "0", "1", "0", "0", "0", "0", "0", "0", "0", "0", "0", "0", "0", "0", "0", "0", "0" ], "duration": 44.0, "sum": 1 }, "geometry": { "type": "Point", "coordinates": [ -122.405625967561164, 47.670931108938973 ] } },
{ "type": "Feature", "properties": { "lat": 47.670931287109866, "lon": -122.40879636015194, "time_of_day": "Morning", "causation": [ "0", "0", "0", "0", "0", "0", "0", "0", "1", "0", "0", "0", "0", "0", "0", "0", "0", "0", "0", "0", "0", "0", "0", "0" ], "duration": 44.0, "sum": 1 }, "geometry": { "type": "Point", "coordinates": [ -122.408796360151939, 47.670931287109866 ] } },
{ "type": "Feature", "properties": { "lat": 47.670931827937473, "lon": -122.41290643374894, "time_of_day": "Morning", "causation": [ "0", "0", "0", "0", "0", "0", "0", "0", "1", "0", "0", "0", "0", "0", "0", "0", "0", "0", "0", "0", "0", "0", "0", "0" ], "duration": 44.0, "sum": 1 }, "geometry": { "type": "Point", "coordinates": [ -122.412906433748944, 47.670931827937473 ] } },
{ "type": "Feature", "properties": { "lat": 47.670954846323752, "lon": -122.40936538224592, "time_of_day": "Morning", "causation": [ "0", "0", "0", "0", "0", "0", "0", "0", "1", "0", "0", "0", "0", "0", "0", "0", "0", "0", "0", "0", "0", "0", "0", "0" ], "duration": 44.0, "sum": 1 }, "geometry": { "type": "Point", "coordinates": [ -122.409365382245923, 47.670954846323752 ] } },
{ "type": "Feature", "properties": { "lat": 47.670969260085407, "lon": -122.4098618700807, "time_of_day": "Morning", "causation": [ "0", "0", "0", "0", "0", "0", "0", "0", "1", "0", "0", "0", "0", "0", "0", "0", "0", "0", "0", "0", "0", "0", "0", "0" ], "duration": 44.0, "sum": 1 }, "geometry": { "type": "Point", "coordinates": [ -122.409861870080704, 47.670969260085407 ] } },
{ "type": "Feature", "properties": { "lat": 47.671045932551017, "lon": -122.40562479701045, "time_of_day": "Morning", "causation": [ "0", "0", "0", "0", "0", "0", "0", "0", "1", "0", "0", "0", "0", "0", "0", "0", "0", "0", "0", "0", "0", "0", "0", "0" ], "duration": 44.0, "sum": 1 }, "geometry": { "type": "Point", "coordinates": [ -122.405624797010447, 47.671045932551017 ] } },
{ "type": "Feature", "properties": { "lat": 47.671063445591606, "lon": -122.40938555948276, "time_of_day": "Morning", "causation": [ "0", "0", "0", "0", "0", "0", "0", "0", "1", "0", "0", "0", "0", "0", "0", "0", "0", "0", "0", "0", "0", "0", "0", "0" ], "duration": 44.0, "sum": 1 }, "geometry": { "type": "Point", "coordinates": [ -122.409385559482757, 47.671063445591606 ] } },
{ "type": "Feature", "properties": { "lat": 47.6710958936198, "lon": -122.41252322038171, "time_of_day": "Morning", "causation": [ "0", "0", "0", "0", "0", "0", "0", "0", "1", "0", "0", "0", "0", "0", "0", "0", "0", "0", "0", "0", "0", "0", "0", "0" ], "duration": 44.0, "sum": 1 }, "geometry": { "type": "Point", "coordinates": [ -122.412523220381715, 47.6710958936198 ] } },
{ "type": "Feature", "properties": { "lat": 47.671097145350274, "lon": -122.4088382656612, "time_of_day": "Morning", "causation": [ "0", "0", "0", "0", "0", "0", "0", "0", "1", "0", "0", "0", "0", "0", "0", "0", "0", "0", "0", "0", "0", "0", "0", "0" ], "duration": 44.0, "sum": 1 }, "geometry": { "type": "Point", "coordinates": [ -122.408838265661203, 47.671097145350274 ] } },
{ "type": "Feature", "properties": { "lat": 47.671131839580383, "lon": -122.41116907178812, "time_of_day": "Morning", "causation": [ "0", "0", "0", "0", "0", "0", "0", "0", "1", "0", "0", "0", "0", "0", "0", "0", "0", "0", "0", "0", "0", "0", "0", "0" ], "duration": 44.0, "sum": 1 }, "geometry": { "type": "Point", "coordinates": [ -122.411169071788123, 47.671131839580383 ] } },
{ "type": "Feature", "properties": { "lat": 47.671147408613791, "lon": -122.41201405316966, "time_of_day": "Morning", "causation": [ "0", "0", "0", "0", "0", "0", "0", "0", "1", "0", "0", "0", "0", "0", "0", "0", "0", "0", "0", "0", "0", "0", "0", "0" ], "duration": 44.0, "sum": 1 }, "geometry": { "type": "Point", "coordinates": [ -122.412014053169656, 47.671147408613791 ] } },
{ "type": "Feature", "properties": { "lat": 47.671176303699866, "lon": -122.410219354955, "time_of_day": "Morning", "causation": [ "0", "0", "0", "0", "0", "0", "0", "0", "1", "0", "0", "0", "0", "0", "0", "0", "0", "0", "0", "0", "0", "0", "0", "0" ], "duration": 44.0, "sum": 1 }, "geometry": { "type": "Point", "coordinates": [ -122.410219354955004, 47.671176303699866 ] } },
{ "type": "Feature", "properties": { "lat": 47.671204087340641, "lon": -122.40563285769572, "time_of_day": "Morning", "causation": [ "0", "0", "0", "0", "0", "0", "0", "0", "6", "0", "0", "0", "0", "0", "0", "0", "0", "0", "0", "0", "0", "0", "0", "0" ], "duration": 264.0, "sum": 6 }, "geometry": { "type": "Point", "coordinates": [ -122.405632857695721, 47.671204087340641 ] } },
{ "type": "Feature", "properties": { "lat": 47.671219795481242, "lon": -122.40943868775716, "time_of_day": "Morning", "causation": [ "0", "0", "0", "0", "0", "0", "0", "0", "1", "0", "0", "0", "0", "0", "0", "0", "0", "0", "0", "0", "0", "0", "0", "0" ], "duration": 44.0, "sum": 1 }, "geometry": { "type": "Point", "coordinates": [ -122.409438687757159, 47.671219795481242 ] } },
{ "type": "Feature", "properties": { "lat": 47.671239368527971, "lon": -122.41078082297608, "time_of_day": "Morning", "causation": [ "0", "0", "0", "0", "0", "0", "0", "0", "1", "0", "0", "0", "0", "0", "0", "0", "0", "0", "0", "0", "0", "0", "0", "0" ], "duration": 44.0, "sum": 1 }, "geometry": { "type": "Point", "coordinates": [ -122.410780822976079, 47.671239368527971 ] } },
{ "type": "Feature", "properties": { "lat": 47.671248094351242, "lon": -122.40992272213217, "time_of_day": "Morning", "causation": [ "0", "0", "0", "0", "0", "0", "0", "0", "1", "0", "0", "0", "0", "0", "0", "0", "0", "0", "0", "0", "0", "0", "0", "0" ], "duration": 44.0, "sum": 1 }, "geometry": { "type": "Point", "coordinates": [ -122.409922722132166, 47.671248094351242 ] } },
{ "type": "Feature", "properties": { "lat": 47.671295474318896, "lon": -122.40902651593446, "time_of_day": "Morning", "causation": [ "0", "0", "0", "0", "0", "0", "0", "0", "1", "0", "0", "0", "0", "0", "0", "0", "0", "0", "0", "0", "0", "0", "0", "0" ], "duration": 44.0, "sum": 1 }, "geometry": { "type": "Point", "coordinates": [ -122.409026515934457, 47.671295474318896 ] } },
{ "type": "Feature", "properties": { "lat": 47.671417691417183, "lon": -122.40585551317103, "time_of_day": "Morning", "causation": [ "0", "0", "0", "0", "0", "0", "0", "0", "2", "0", "0", "0", "0", "0", "0", "0", "0", "0", "0", "0", "0", "0", "0", "0" ], "duration": 88.0, "sum": 2 }, "geometry": { "type": "Point", "coordinates": [ -122.405855513171034, 47.671417691417183 ] } },
{ "type": "Feature", "properties": { "lat": 47.67151235318633, "lon": -122.40611127465051, "time_of_day": "Morning", "causation": [ "0", "0", "0", "0", "0", "0", "0", "0", "1", "0", "0", "0", "0", "0", "0", "0", "0", "0", "0", "0", "0", "0", "0", "0" ], "duration": 44.0, "sum": 1 }, "geometry": { "type": "Point", "coordinates": [ -122.406111274650513, 47.67151235318633 ] } },
{ "type": "Feature", "properties": { "lat": 47.671523019061283, "lon": -122.40939416969977, "time_of_day": "Morning", "causation": [ "0", "0", "0", "0", "0", "0", "0", "0", "2", "0", "0", "0", "0", "0", "0", "0", "0", "0", "0", "0", "0", "0", "0", "0" ], "duration": 88.0, "sum": 2 }, "geometry": { "type": "Point", "coordinates": [ -122.409394169699766, 47.671523019061283 ] } },
{ "type": "Feature", "properties": { "lat": 47.671533895295767, "lon": -122.40964637007023, "time_of_day": "Morning", "causation": [ "0", "0", "0", "0", "0", "0", "0", "0", "1", "0", "0", "0", "0", "0", "0", "0", "0", "0", "0", "0", "0", "0", "0", "0" ], "duration": 44.0, "sum": 1 }, "geometry": { "type": "Point", "coordinates": [ -122.409646370070234, 47.671533895295767 ] } },
{ "type": "Feature", "properties": { "lat": 47.671538550693803, "lon": -122.405744419247, "time_of_day": "Morning", "causation": [ "0", "0", "0", "0", "0", "0", "0", "0", "2", "0", "0", "0", "0", "0", "0", "0", "0", "0", "0", "0", "0", "0", "0", "0" ], "duration": 88.0, "sum": 2 }, "geometry": { "type": "Point", "coordinates": [ -122.405744419247, 47.671538550693803 ] } },
{ "type": "Feature", "properties": { "lat": 47.671663464370923, "lon": -122.40574467063099, "time_of_day": "Morning", "causation": [ "0", "0", "0", "0", "0", "0", "0", "0", "1", "0", "0", "0", "0", "0", "0", "0", "0", "0", "0", "0", "0", "0", "0", "0" ], "duration": 44.0, "sum": 1 }, "geometry": { "type": "Point", "coordinates": [ -122.405744670630995, 47.671663464370923 ] } },
{ "type": "Feature", "properties": { "lat": 47.671807745898761, "lon": -122.40597726788862, "time_of_day": "Morning", "causation": [ "0", "0", "0", "0", "0", "0", "0", "0", "1", "0", "0", "0", "0", "0", "0", "0", "0", "0", "0", "0", "0", "0", "0", "0" ], "duration": 44.0, "sum": 1 }, "geometry": { "type": "Point", "coordinates": [ -122.405977267888616, 47.671807745898761 ] } },
{ "type": "Feature", "properties": { "lat": 47.67190325942439, "lon": -122.40593223734592, "time_of_day": "Morning", "causation": [ "0", "0", "0", "0", "0", "0", "0", "0", "1", "0", "0", "0", "0", "0", "0", "0", "0", "0", "0", "0", "0", "0", "0", "0" ], "duration": 44.0, "sum": 1 }, "geometry": { "type": "Point", "coordinates": [ -122.405932237345922, 47.67190325942439 ] } },
{ "type": "Feature", "properties": { "lat": 47.672034666877643, "lon": -122.4059854822487, "time_of_day": "Morning", "causation": [ "0", "0", "0", "0", "0", "0", "0", "0", "7", "0", "0", "0", "0", "0", "0", "0", "0", "0", "0", "0", "0", "0", "0", "0" ], "duration": 308.0, "sum": 7 }, "geometry": { "type": "Point", "coordinates": [ -122.405985482248695, 47.672034666877643 ] } },
{ "type": "Feature", "properties": { "lat": 47.672478638532198, "lon": -122.40678956503322, "time_of_day": "Morning", "causation": [ "0", "0", "0", "0", "0", "0", "0", "0", "4", "0", "0", "0", "0", "0", "0", "0", "0", "0", "0", "0", "0", "0", "0", "0" ], "duration": 176.0, "sum": 4 }, "geometry": { "type": "Point", "coordinates": [ -122.406789565033222, 47.672478638532198 ] } },
{ "type": "Feature", "properties": { "lat": 47.672489690590702, "lon": -122.40556164689882, "time_of_day": "Morning", "causation": [ "0", "0", "0", "0", "0", "0", "0", "0", "1", "0", "0", "0", "0", "0", "0", "0", "0", "0", "0", "0", "0", "0", "0", "0" ], "duration": 44.0, "sum": 1 }, "geometry": { "type": "Point", "coordinates": [ -122.405561646898818, 47.672489690590702 ] } },
{ "type": "Feature", "properties": { "lat": 47.672635706798729, "lon": -122.4059640343345, "time_of_day": "Morning", "causation": [ "0", "0", "0", "0", "0", "0", "0", "0", "11", "0", "0", "0", "0", "0", "0", "0", "0", "0", "0", "0", "0", "0", "0", "0" ], "duration": 484.0, "sum": 11 }, "geometry": { "type": "Point", "coordinates": [ -122.405964034334502, 47.672635706798729 ] } },
{ "type": "Feature", "properties": { "lat": 47.672825644019134, "lon": -122.40599769275002, "time_of_day": "Morning", "causation": [ "0", "0", "0", "0", "0", "0", "0", "0", "1", "0", "0", "0", "0", "0", "0", "0", "0", "0", "0", "0", "0", "0", "0", "0" ], "duration": 44.0, "sum": 1 }, "geometry": { "type": "Point", "coordinates": [ -122.40599769275002, 47.672825644019134 ] } },
{ "type": "Feature", "properties": { "lat": 47.672912577072019, "lon": -122.40611551970224, "time_of_day": "Morning", "causation": [ "0", "0", "0", "0", "0", "0", "0", "0", "2", "0", "0", "0", "0", "0", "0", "0", "0", "0", "0", "0", "0", "0", "0", "0" ], "duration": 88.0, "sum": 2 }, "geometry": { "type": "Point", "coordinates": [ -122.40611551970224, 47.672912577072019 ] } },
{ "type": "Feature", "properties": { "lat": 47.672968254114991, "lon": -122.40607356194106, "time_of_day": "Morning", "causation": [ "0", "0", "0", "0", "0", "0", "0", "0", "1", "0", "0", "0", "0", "0", "0", "0", "0", "0", "0", "0", "0", "0", "0", "0" ], "duration": 44.0, "sum": 1 }, "geometry": { "type": "Point", "coordinates": [ -122.406073561941056, 47.672968254114991 ] } },
{ "type": "Feature", "properties": { "lat": 47.673058982800825, "lon": -122.4061026962338, "time_of_day": "Morning", "causation": [ "0", "0", "0", "0", "0", "0", "0", "0", "1", "0", "0", "0", "0", "0", "0", "0", "0", "0", "0", "0", "0", "0", "0", "0" ], "duration": 44.0, "sum": 1 }, "geometry": { "type": "Point", "coordinates": [ -122.406102696233802, 47.673058982800825 ] } },
{ "type": "Feature", "properties": { "lat": 47.673345048303993, "lon": -122.40607227763977, "time_of_day": "Morning", "causation": [ "0", "0", "0", "0", "0", "0", "0", "0", "16", "0", "0", "0", "0", "0", "0", "0", "0", "0", "0", "0", "0", "0", "0", "0" ], "duration": 704.0, "sum": 16 }, "geometry": { "type": "Point", "coordinates": [ -122.406072277639765, 47.673345048303993 ] } },
{ "type": "Feature", "properties": { "lat": 47.67336307456042, "lon": -122.40771892106984, "time_of_day": "Morning", "causation": [ "0", "0", "0", "0", "0", "0", "0", "0", "2", "0", "0", "0", "0", "0", "0", "0", "0", "0", "0", "0", "0", "0", "0", "0" ], "duration": 88.0, "sum": 2 }, "geometry": { "type": "Point", "coordinates": [ -122.407718921069844, 47.67336307456042 ] } },
{ "type": "Feature", "properties": { "lat": 47.673571622949837, "lon": -122.40607761187503, "time_of_day": "Morning", "causation": [ "0", "0", "0", "0", "0", "0", "0", "0", "1", "0", "0", "0", "0", "0", "0", "0", "0", "0", "0", "0", "0", "0", "0", "0" ], "duration": 44.0, "sum": 1 }, "geometry": { "type": "Point", "coordinates": [ -122.406077611875034, 47.673571622949837 ] } },
{ "type": "Feature", "properties": { "lat": 47.673640187760292, "lon": -122.40612335850174, "time_of_day": "Morning", "causation": [ "0", "0", "0", "0", "0", "0", "0", "0", "1", "0", "0", "0", "0", "0", "0", "0", "0", "0", "0", "0", "0", "0", "0", "0" ], "duration": 44.0, "sum": 1 }, "geometry": { "type": "Point", "coordinates": [ -122.406123358501745, 47.673640187760292 ] } },
{ "type": "Feature", "properties": { "lat": 47.673722435994939, "lon": -122.40611480077244, "time_of_day": "Morning", "causation": [ "0", "0", "0", "0", "0", "0", "0", "0", "1", "0", "0", "0", "0", "0", "0", "0", "0", "0", "0", "0", "0", "0", "0", "0" ], "duration": 44.0, "sum": 1 }, "geometry": { "type": "Point", "coordinates": [ -122.406114800772443, 47.673722435994939 ] } },
{ "type": "Feature", "properties": { "lat": 47.673820767440581, "lon": -122.40612801555361, "time_of_day": "Morning", "causation": [ "0", "0", "0", "0", "0", "0", "0", "0", "1", "0", "0", "0", "0", "0", "0", "0", "0", "0", "0", "0", "0", "0", "0", "0" ], "duration": 44.0, "sum": 1 }, "geometry": { "type": "Point", "coordinates": [ -122.406128015553605, 47.673820767440581 ] } },
{ "type": "Feature", "properties": { "lat": 47.673903684479441, "lon": -122.40612622958864, "time_of_day": "Morning", "causation": [ "0", "0", "0", "0", "0", "0", "0", "0", "2", "0", "0", "0", "0", "0", "0", "0", "0", "0", "0", "0", "0", "0", "0", "0" ], "duration": 88.0, "sum": 2 }, "geometry": { "type": "Point", "coordinates": [ -122.406126229588637, 47.673903684479441 ] } },
{ "type": "Feature", "properties": { "lat": 47.673959595983597, "lon": -122.40615456249772, "time_of_day": "Morning", "causation": [ "0", "0", "0", "0", "0", "0", "0", "0", "1", "0", "0", "0", "0", "0", "0", "0", "0", "0", "0", "0", "0", "0", "0", "0" ], "duration": 44.0, "sum": 1 }, "geometry": { "type": "Point", "coordinates": [ -122.406154562497719, 47.673959595983597 ] } },
{ "type": "Feature", "properties": { "lat": 47.673982769195007, "lon": -122.40766190058731, "time_of_day": "Morning", "causation": [ "0", "0", "0", "0", "0", "0", "0", "0", "3", "0", "0", "0", "0", "0", "0", "0", "0", "0", "0", "0", "0", "0", "0", "0" ], "duration": 132.0, "sum": 3 }, "geometry": { "type": "Point", "coordinates": [ -122.407661900587314, 47.673982769195007 ] } },
{ "type": "Feature", "properties": { "lat": 47.673995576635519, "lon": -122.40615421016869, "time_of_day": "Morning", "causation": [ "0", "0", "0", "0", "0", "0", "0", "0", "1", "0", "0", "0", "0", "0", "0", "0", "0", "0", "0", "0", "0", "0", "0", "0" ], "duration": 44.0, "sum": 1 }, "geometry": { "type": "Point", "coordinates": [ -122.406154210168694, 47.673995576635519 ] } },
{ "type": "Feature", "properties": { "lat": 47.674041296119611, "lon": -122.40615271538262, "time_of_day": "Morning", "causation": [ "0", "0", "0", "0", "0", "0", "0", "0", "1", "0", "0", "0", "0", "0", "0", "0", "0", "0", "0", "0", "0", "0", "0", "0" ], "duration": 44.0, "sum": 1 }, "geometry": { "type": "Point", "coordinates": [ -122.406152715382618, 47.674041296119611 ] } },
{ "type": "Feature", "properties": { "lat": 47.674072379879348, "lon": -122.40615509330122, "time_of_day": "Morning", "causation": [ "0", "0", "0", "0", "0", "0", "0", "0", "1", "0", "0", "0", "0", "0", "0", "0", "0", "0", "0", "0", "0", "0", "0", "0" ], "duration": 44.0, "sum": 1 }, "geometry": { "type": "Point", "coordinates": [ -122.406155093301223, 47.674072379879348 ] } },
{ "type": "Feature", "properties": { "lat": 47.674143875170671, "lon": -122.40613852883334, "time_of_day": "Morning", "causation": [ "0", "0", "0", "0", "0", "0", "0", "0", "1", "0", "0", "0", "0", "0", "0", "0", "0", "0", "0", "0", "0", "0", "0", "0" ], "duration": 44.0, "sum": 1 }, "geometry": { "type": "Point", "coordinates": [ -122.406138528833338, 47.674143875170671 ] } },
{ "type": "Feature", "properties": { "lat": 47.674362266945977, "lon": -122.40614243436256, "time_of_day": "Morning", "causation": [ "0", "0", "0", "0", "0", "0", "0", "0", "1", "0", "0", "0", "0", "0", "0", "0", "0", "0", "0", "0", "0", "0", "0", "0" ], "duration": 44.0, "sum": 1 }, "geometry": { "type": "Point", "coordinates": [ -122.406142434362565, 47.674362266945977 ] } },
{ "type": "Feature", "properties": { "lat": 47.674406279877211, "lon": -122.40736586919049, "time_of_day": "Morning", "causation": [ "0", "0", "0", "0", "0", "0", "0", "0", "16", "0", "0", "0", "0", "0", "0", "0", "0", "0", "0", "0", "0", "0", "0", "0" ], "duration": 704.0, "sum": 16 }, "geometry": { "type": "Point", "coordinates": [ -122.407365869190485, 47.674406279877211 ] } },
{ "type": "Feature", "properties": { "lat": 47.674459875966846, "lon": -122.40811071082901, "time_of_day": "Morning", "causation": [ "0", "0", "0", "0", "0", "0", "0", "0", "25", "0", "0", "0", "0", "0", "0", "0", "0", "0", "0", "0", "0", "0", "0", "0" ], "duration": 1100.0, "sum": 25 }, "geometry": { "type": "Point", "coordinates": [ -122.408110710829007, 47.674459875966846 ] } },
{ "type": "Feature", "properties": { "lat": 47.674541378667342, "lon": -122.40613774586647, "time_of_day": "Morning", "causation": [ "0", "0", "0", "0", "0", "0", "0", "0", "1", "0", "0", "0", "0", "0", "0", "0", "0", "0", "0", "0", "0", "0", "0", "0" ], "duration": 44.0, "sum": 1 }, "geometry": { "type": "Point", "coordinates": [ -122.406137745866474, 47.674541378667342 ] } },
{ "type": "Feature", "properties": { "lat": 47.674668167429353, "lon": -122.40684901996428, "time_of_day": "Morning", "causation": [ "0", "0", "0", "0", "0", "0", "0", "0", "2", "0", "0", "0", "0", "0", "0", "0", "0", "0", "0", "0", "0", "0", "0", "0" ], "duration": 88.0, "sum": 2 }, "geometry": { "type": "Point", "coordinates": [ -122.406849019964284, 47.674668167429353 ] } },
{ "type": "Feature", "properties": { "lat": 47.674821978199681, "lon": -122.40617642360476, "time_of_day": "Morning", "causation": [ "0", "0", "0", "0", "0", "0", "0", "0", "2", "0", "0", "0", "0", "0", "0", "0", "0", "0", "0", "0", "0", "0", "0", "0" ], "duration": 88.0, "sum": 2 }, "geometry": { "type": "Point", "coordinates": [ -122.406176423604762, 47.674821978199681 ] } },
{ "type": "Feature", "properties": { "lat": 47.675140084279874, "lon": -122.40616879228573, "time_of_day": "Morning", "causation": [ "0", "0", "0", "0", "0", "0", "0", "0", "1", "0", "0", "0", "0", "0", "0", "0", "0", "0", "0", "0", "0", "0", "0", "0" ], "duration": 44.0, "sum": 1 }, "geometry": { "type": "Point", "coordinates": [ -122.406168792285726, 47.675140084279874 ] } },
{ "type": "Feature", "properties": { "lat": 47.675285883957926, "lon": -122.40837268893245, "time_of_day": "Morning", "causation": [ "0", "0", "0", "0", "0", "0", "0", "0", "3", "0", "0", "0", "0", "0", "0", "0", "0", "0", "0", "0", "0", "0", "0", "0" ], "duration": 132.0, "sum": 3 }, "geometry": { "type": "Point", "coordinates": [ -122.408372688932445, 47.675285883957926 ] } },
{ "type": "Feature", "properties": { "lat": 47.676231171456578, "lon": -122.40814007909329, "time_of_day": "Morning", "causation": [ "0", "0", "0", "0", "0", "0", "0", "0", "81", "0", "0", "0", "0", "0", "0", "0", "0", "0", "0", "0", "0", "0", "0", "0" ], "duration": 3564.0, "sum": 81 }, "geometry": { "type": "Point", "coordinates": [ -122.408140079093286, 47.676231171456578 ] } },
{ "type": "Feature", "properties": { "lat": 47.676244739736191, "lon": -122.40975383457408, "time_of_day": "Morning", "causation": [ "0", "0", "0", "0", "0", "0", "0", "0", "81", "0", "0", "0", "0", "0", "0", "0", "0", "0", "0", "0", "0", "0", "0", "0" ], "duration": 3564.0, "sum": 81 }, "geometry": { "type": "Point", "coordinates": [ -122.409753834574076, 47.676244739736191 ] } },
{ "type": "Feature", "properties": { "lat": 47.676806582800296, "lon": -122.4079076788246, "time_of_day": "Morning", "causation": [ "0", "0", "0", "0", "0", "0", "0", "0", "1", "0", "0", "0", "0", "0", "0", "0", "0", "0", "0", "0", "0", "0", "0", "0" ], "duration": 44.0, "sum": 1 }, "geometry": { "type": "Point", "coordinates": [ -122.4079076788246, 47.676806582800296 ] } },
{ "type": "Feature", "properties": { "lat": 47.679625462797169, "lon": -122.37449387411792, "time_of_day": "Late Night", "causation": [ "0", "0", "0", "0", "0", "0", "0", "0", "3", "0", "0", "0", "0", "0", "0", "0", "0", "0", "0", "0", "0", "0", "0", "0" ], "duration": 552.0, "sum": 3 }, "geometry": { "type": "Point", "coordinates": [ -122.374493874117917, 47.679625462797169 ] } },
{ "type": "Feature", "properties": { "lat": 47.6798628474113, "lon": -122.37436565401866, "time_of_day": "Late Night", "causation": [ "0", "0", "0", "0", "0", "0", "0", "0", "7", "0", "0", "0", "0", "0", "0", "0", "0", "0", "0", "0", "0", "0", "0", "0" ], "duration": 1288.0, "sum": 7 }, "geometry": { "type": "Point", "coordinates": [ -122.374365654018661, 47.6798628474113 ] } },
{ "type": "Feature", "properties": { "lat": 47.67999622486294, "lon": -122.37494215258894, "time_of_day": "Late Night", "causation": [ "0", "0", "0", "0", "0", "0", "0", "0", "1", "0", "0", "0", "0", "0", "0", "0", "0", "0", "0", "0", "0", "0", "0", "0" ], "duration": 184.0, "sum": 1 }, "geometry": { "type": "Point", "coordinates": [ -122.374942152588943, 47.67999622486294 ] } },
{ "type": "Feature", "properties": { "lat": 47.680008378342777, "lon": -122.37441408909277, "time_of_day": "Late Night", "causation": [ "0", "0", "0", "0", "0", "0", "0", "0", "1", "0", "0", "0", "0", "0", "0", "0", "0", "0", "0", "0", "0", "0", "0", "0" ], "duration": 184.0, "sum": 1 }, "geometry": { "type": "Point", "coordinates": [ -122.374414089092767, 47.680008378342777 ] } },
{ "type": "Feature", "properties": { "lat": 47.680080341384503, "lon": -122.37492784650568, "time_of_day": "Late Night", "causation": [ "0", "0", "0", "0", "0", "0", "0", "0", "1", "0", "0", "0", "0", "0", "0", "0", "0", "0", "0", "0", "0", "0", "0", "0" ], "duration": 184.0, "sum": 1 }, "geometry": { "type": "Point", "coordinates": [ -122.374927846505685, 47.680080341384503 ] } },
{ "type": "Feature", "properties": { "lat": 47.680085480861074, "lon": -122.37442265699733, "time_of_day": "Late Night", "causation": [ "0", "0", "0", "0", "0", "0", "0", "0", "1", "0", "0", "0", "0", "0", "0", "0", "0", "0", "0", "0", "0", "0", "0", "0" ], "duration": 184.0, "sum": 1 }, "geometry": { "type": "Point", "coordinates": [ -122.374422656997325, 47.680085480861074 ] } },
{ "type": "Feature", "properties": { "lat": 47.680151460484261, "lon": -122.37497007633591, "time_of_day": "Late Night", "causation": [ "0", "0", "0", "0", "0", "0", "0", "0", "1", "0", "0", "0", "0", "0", "0", "0", "0", "0", "0", "0", "0", "0", "0", "0" ], "duration": 184.0, "sum": 1 }, "geometry": { "type": "Point", "coordinates": [ -122.374970076335913, 47.680151460484261 ] } },
{ "type": "Feature", "properties": { "lat": 47.680209471840953, "lon": -122.37440266253589, "time_of_day": "Late Night", "causation": [ "0", "0", "0", "0", "0", "0", "0", "0", "1", "0", "0", "0", "0", "0", "0", "0", "0", "0", "0", "0", "0", "0", "0", "0" ], "duration": 184.0, "sum": 1 }, "geometry": { "type": "Point", "coordinates": [ -122.374402662535886, 47.680209471840953 ] } },
{ "type": "Feature", "properties": { "lat": 47.680274721547477, "lon": -122.37491932484576, "time_of_day": "Late Night", "causation": [ "0", "0", "0", "0", "0", "0", "0", "0", "1", "0", "0", "0", "0", "0", "0", "0", "0", "0", "0", "0", "0", "0", "0", "0" ], "duration": 184.0, "sum": 1 }, "geometry": { "type": "Point", "coordinates": [ -122.374919324845763, 47.680274721547477 ] } },
{ "type": "Feature", "properties": { "lat": 47.680334717996232, "lon": -122.37439465880868, "time_of_day": "Late Night", "causation": [ "0", "0", "0", "0", "0", "0", "0", "0", "1", "0", "0", "0", "0", "0", "0", "0", "0", "0", "0", "0", "0", "0", "0", "0" ], "duration": 184.0, "sum": 1 }, "geometry": { "type": "Point", "coordinates": [ -122.374394658808683, 47.680334717996232 ] } },
{ "type": "Feature", "properties": { "lat": 47.680404058977331, "lon": -122.3749577234133, "time_of_day": "Late Night", "causation": [ "0", "0", "0", "0", "0", "0", "0", "0", "1", "0", "0", "0", "0", "0", "0", "0", "0", "0", "0", "0", "0", "0", "0", "0" ], "duration": 184.0, "sum": 1 }, "geometry": { "type": "Point", "coordinates": [ -122.374957723413303, 47.680404058977331 ] } },
{ "type": "Feature", "properties": { "lat": 47.680474505570885, "lon": -122.37439597031076, "time_of_day": "Late Night", "causation": [ "0", "0", "0", "0", "0", "0", "0", "0", "1", "0", "0", "0", "0", "0", "0", "0", "0", "0", "0", "0", "0", "0", "0", "0" ], "duration": 184.0, "sum": 1 }, "geometry": { "type": "Point", "coordinates": [ -122.374395970310758, 47.680474505570885 ] } },
{ "type": "Feature", "properties": { "lat": 47.680544258100099, "lon": -122.37496467221928, "time_of_day": "Late Night", "causation": [ "0", "0", "0", "0", "0", "0", "0", "0", "1", "0", "0", "0", "0", "0", "0", "0", "0", "0", "0", "0", "0", "0", "0", "0" ], "duration": 184.0, "sum": 1 }, "geometry": { "type": "Point", "coordinates": [ -122.374964672219278, 47.680544258100099 ] } },
{ "type": "Feature", "properties": { "lat": 47.680605401980152, "lon": -122.37443832406984, "time_of_day": "Late Night", "causation": [ "0", "0", "0", "0", "0", "0", "0", "0", "1", "0", "0", "0", "0", "0", "0", "0", "0", "0", "0", "0", "0", "0", "0", "0" ], "duration": 184.0, "sum": 1 }, "geometry": { "type": "Point", "coordinates": [ -122.374438324069843, 47.680605401980152 ] } },
{ "type": "Feature", "properties": { "lat": 47.680644778600097, "lon": -122.40382079327246, "time_of_day": "Morning", "causation": [ "0", "0", "0", "0", "0", "0", "0", "0", "1", "0", "0", "0", "0", "0", "0", "0", "0", "0", "0", "0", "0", "0", "0", "0" ], "duration": 44.0, "sum": 1 }, "geometry": { "type": "Point", "coordinates": [ -122.403820793272459, 47.680644778600097 ] } },
{ "type": "Feature", "properties": { "lat": 47.680671893772477, "lon": -122.37495723198772, "time_of_day": "Late Night", "causation": [ "0", "0", "0", "0", "0", "0", "0", "0", "1", "0", "0", "0", "0", "0", "0", "0", "0", "0", "0", "0", "0", "0", "0", "0" ], "duration": 184.0, "sum": 1 }, "geometry": { "type": "Point", "coordinates": [ -122.374957231987722, 47.680671893772477 ] } },
{ "type": "Feature", "properties": { "lat": 47.680747573440378, "lon": -122.3744288327516, "time_of_day": "Late Night", "causation": [ "0", "0", "0", "0", "0", "0", "0", "0", "2", "0", "0", "0", "0", "0", "0", "0", "0", "0", "0", "0", "0", "0", "0", "0" ], "duration": 368.0, "sum": 2 }, "geometry": { "type": "Point", "coordinates": [ -122.374428832751605, 47.680747573440378 ] } },
{ "type": "Feature", "properties": { "lat": 47.680780051544509, "lon": -122.37496789965302, "time_of_day": "Late Night", "causation": [ "0", "0", "0", "0", "0", "0", "0", "0", "1", "0", "0", "0", "0", "0", "0", "0", "0", "0", "0", "0", "0", "0", "0", "0" ], "duration": 184.0, "sum": 1 }, "geometry": { "type": "Point", "coordinates": [ -122.374967899653015, 47.680780051544509 ] } },
{ "type": "Feature", "properties": { "lat": 47.680890924403883, "lon": -122.37439759652965, "time_of_day": "Late Night", "causation": [ "0", "0", "0", "0", "0", "0", "0", "0", "1", "0", "0", "0", "0", "0", "0", "0", "0", "0", "0", "0", "0", "0", "0", "0" ], "duration": 184.0, "sum": 1 }, "geometry": { "type": "Point", "coordinates": [ -122.374397596529647, 47.680890924403883 ] } },
{ "type": "Feature", "properties": { "lat": 47.6808914589148, "lon": -122.3749669739606, "time_of_day": "Late Night", "causation": [ "0", "0", "0", "0", "0", "0", "0", "0", "1", "0", "0", "0", "0", "0", "0", "0", "0", "0", "0", "0", "0", "0", "0", "0" ], "duration": 184.0, "sum": 1 }, "geometry": { "type": "Point", "coordinates": [ -122.374966973960596, 47.6808914589148 ] } },
{ "type": "Feature", "properties": { "lat": 47.680988396855305, "lon": -122.37496505459453, "time_of_day": "Late Night", "causation": [ "0", "0", "0", "0", "0", "0", "0", "0", "1", "0", "0", "0", "0", "0", "0", "0", "0", "0", "0", "0", "0", "0", "0", "0" ], "duration": 184.0, "sum": 1 }, "geometry": { "type": "Point", "coordinates": [ -122.374965054594526, 47.680988396855305 ] } },
{ "type": "Feature", "properties": { "lat": 47.681014133794299, "lon": -122.37434050724042, "time_of_day": "Late Night", "causation": [ "0", "0", "0", "0", "0", "0", "0", "0", "1", "0", "0", "0", "0", "0", "0", "0", "0", "0", "0", "0", "0", "0", "0", "0" ], "duration": 184.0, "sum": 1 }, "geometry": { "type": "Point", "coordinates": [ -122.374340507240419, 47.681014133794299 ] } },
{ "type": "Feature", "properties": { "lat": 47.681125799922562, "lon": -122.37435049407971, "time_of_day": "Late Night", "causation": [ "0", "0", "0", "0", "0", "0", "0", "0", "1", "0", "0", "0", "0", "0", "0", "0", "0", "0", "0", "0", "0", "0", "0", "0" ], "duration": 184.0, "sum": 1 }, "geometry": { "type": "Point", "coordinates": [ -122.374350494079707, 47.681125799922562 ] } },
{ "type": "Feature", "properties": { "lat": 47.681152432454162, "lon": -122.3749793209996, "time_of_day": "Late Night", "causation": [ "0", "0", "0", "0", "0", "0", "0", "0", "2", "0", "0", "0", "0", "0", "0", "0", "0", "0", "0", "0", "0", "0", "0", "0" ], "duration": 368.0, "sum": 2 }, "geometry": { "type": "Point", "coordinates": [ -122.3749793209996, 47.681152432454162 ] } },
{ "type": "Feature", "properties": { "lat": 47.681271738581891, "lon": -122.37437606201961, "time_of_day": "Late Night", "causation": [ "0", "0", "0", "0", "0", "0", "0", "0", "1", "0", "0", "0", "0", "0", "0", "0", "0", "0", "0", "0", "0", "0", "0", "0" ], "duration": 184.0, "sum": 1 }, "geometry": { "type": "Point", "coordinates": [ -122.374376062019607, 47.681271738581891 ] } },
{ "type": "Feature", "properties": { "lat": 47.681274038102188, "lon": -122.3749285113214, "time_of_day": "Late Night", "causation": [ "0", "0", "0", "0", "0", "0", "0", "0", "1", "0", "0", "0", "0", "0", "0", "0", "0", "0", "0", "0", "0", "0", "0", "0" ], "duration": 184.0, "sum": 1 }, "geometry": { "type": "Point", "coordinates": [ -122.3749285113214, 47.681274038102188 ] } },
{ "type": "Feature", "properties": { "lat": 47.681647097651137, "lon": -122.37531553440584, "time_of_day": "Late Night", "causation": [ "0", "0", "0", "0", "0", "0", "0", "0", "1", "0", "0", "0", "0", "0", "0", "0", "0", "0", "0", "0", "0", "0", "0", "0" ], "duration": 184.0, "sum": 1 }, "geometry": { "type": "Point", "coordinates": [ -122.375315534405843, 47.681647097651137 ] } },
{ "type": "Feature", "properties": { "lat": 47.681695260764492, "lon": -122.37440938743605, "time_of_day": "Late Night", "causation": [ "0", "0", "0", "0", "0", "0", "0", "0", "1", "0", "0", "0", "0", "0", "0", "0", "0", "0", "0", "0", "0", "0", "0", "0" ], "duration": 184.0, "sum": 1 }, "geometry": { "type": "Point", "coordinates": [ -122.374409387436046, 47.681695260764492 ] } },
{ "type": "Feature", "properties": { "lat": 47.681806306219322, "lon": -122.37439935440442, "time_of_day": "Late Night", "causation": [ "0", "0", "0", "0", "0", "0", "0", "0", "1", "0", "0", "0", "0", "0", "0", "0", "0", "0", "0", "0", "0", "0", "0", "0" ], "duration": 184.0, "sum": 1 }, "geometry": { "type": "Point", "coordinates": [ -122.374399354404417, 47.681806306219322 ] } },
{ "type": "Feature", "properties": { "lat": 47.68189411087026, "lon": -122.37437611370424, "time_of_day": "Late Night", "causation": [ "0", "0", "0", "0", "0", "0", "0", "0", "1", "0", "0", "0", "0", "0", "0", "0", "0", "0", "0", "0", "0", "0", "0", "0" ], "duration": 184.0, "sum": 1 }, "geometry": { "type": "Point", "coordinates": [ -122.374376113704244, 47.68189411087026 ] } },
{ "type": "Feature", "properties": { "lat": 47.681956614552085, "lon": -122.37440274427397, "time_of_day": "Late Night", "causation": [ "0", "0", "0", "0", "0", "0", "0", "0", "1", "0", "0", "0", "0", "0", "0", "0", "0", "0", "0", "0", "0", "0", "0", "0" ], "duration": 184.0, "sum": 1 }, "geometry": { "type": "Point", "coordinates": [ -122.374402744273965, 47.681956614552085 ] } },
{ "type": "Feature", "properties": { "lat": 47.682071543207847, "lon": -122.3749476643884, "time_of_day": "Late Night", "causation": [ "0", "0", "0", "0", "0", "0", "0", "0", "1", "0", "0", "0", "0", "0", "0", "0", "0", "0", "0", "0", "0", "0", "0", "0" ], "duration": 184.0, "sum": 1 }, "geometry": { "type": "Point", "coordinates": [ -122.374947664388401, 47.682071543207847 ] } },
{ "type": "Feature", "properties": { "lat": 47.682098899823409, "lon": -122.37440103583992, "time_of_day": "Late Night", "causation": [ "0", "0", "0", "0", "0", "0", "0", "0", "1", "0", "0", "0", "0", "0", "0", "0", "0", "0", "0", "0", "0", "0", "0", "0" ], "duration": 184.0, "sum": 1 }, "geometry": { "type": "Point", "coordinates": [ -122.374401035839924, 47.682098899823409 ] } },
{ "type": "Feature", "properties": { "lat": 47.682142140208732, "lon": -122.40361817623229, "time_of_day": "Morning", "causation": [ "0", "0", "0", "0", "0", "0", "0", "0", "1", "0", "0", "0", "0", "0", "0", "0", "0", "0", "0", "0", "0", "0", "0", "0" ], "duration": 44.0, "sum": 1 }, "geometry": { "type": "Point", "coordinates": [ -122.403618176232285, 47.682142140208732 ] } },
{ "type": "Feature", "properties": { "lat": 47.682157554548127, "lon": -122.37436130581648, "time_of_day": "Late Night", "causation": [ "0", "0", "0", "0", "0", "0", "0", "0", "1", "0", "0", "0", "0", "0", "0", "0", "0", "0", "0", "0", "0", "0", "0", "0" ], "duration": 184.0, "sum": 1 }, "geometry": { "type": "Point", "coordinates": [ -122.374361305816478, 47.682157554548127 ] } },
{ "type": "Feature", "properties": { "lat": 47.68220164142317, "lon": -122.37494545781858, "time_of_day": "Late Night", "causation": [ "0", "0", "0", "0", "0", "0", "0", "0", "1", "0", "0", "0", "0", "0", "0", "0", "0", "0", "0", "0", "0", "0", "0", "0" ], "duration": 184.0, "sum": 1 }, "geometry": { "type": "Point", "coordinates": [ -122.374945457818583, 47.68220164142317 ] } },
{ "type": "Feature", "properties": { "lat": 47.682271311391496, "lon": -122.37441861890449, "time_of_day": "Late Night", "causation": [ "0", "0", "0", "0", "0", "0", "0", "0", "1", "0", "0", "0", "0", "0", "0", "0", "0", "0", "0", "0", "0", "0", "0", "0" ], "duration": 184.0, "sum": 1 }, "geometry": { "type": "Point", "coordinates": [ -122.374418618904485, 47.682271311391496 ] } },
{ "type": "Feature", "properties": { "lat": 47.682349370250947, "lon": -122.37497858485295, "time_of_day": "Late Night", "causation": [ "0", "0", "0", "0", "0", "0", "0", "0", "1", "0", "0", "0", "0", "0", "0", "0", "0", "0", "0", "0", "0", "0", "0", "0" ], "duration": 184.0, "sum": 1 }, "geometry": { "type": "Point", "coordinates": [ -122.374978584852954, 47.682349370250947 ] } },
{ "type": "Feature", "properties": { "lat": 47.68240016706676, "lon": -122.37442840132046, "time_of_day": "Late Night", "causation": [ "0", "0", "0", "0", "0", "0", "0", "0", "1", "0", "0", "0", "0", "0", "0", "0", "0", "0", "0", "0", "0", "0", "0", "0" ], "duration": 184.0, "sum": 1 }, "geometry": { "type": "Point", "coordinates": [ -122.374428401320458, 47.68240016706676 ] } },
{ "type": "Feature", "properties": { "lat": 47.682509501227685, "lon": -122.37494601167069, "time_of_day": "Late Night", "causation": [ "0", "0", "0", "0", "0", "0", "0", "0", "1", "0", "0", "0", "0", "0", "0", "0", "0", "0", "0", "0", "0", "0", "0", "0" ], "duration": 184.0, "sum": 1 }, "geometry": { "type": "Point", "coordinates": [ -122.374946011670687, 47.682509501227685 ] } },
{ "type": "Feature", "properties": { "lat": 47.682563827943248, "lon": -122.37442455764526, "time_of_day": "Late Night", "causation": [ "0", "0", "0", "0", "0", "0", "0", "0", "1", "0", "0", "0", "0", "0", "0", "0", "0", "0", "0", "0", "0", "0", "0", "0" ], "duration": 184.0, "sum": 1 }, "geometry": { "type": "Point", "coordinates": [ -122.374424557645256, 47.682563827943248 ] } },
{ "type": "Feature", "properties": { "lat": 47.682685038301017, "lon": -122.37495920254864, "time_of_day": "Late Night", "causation": [ "0", "0", "0", "0", "0", "0", "0", "0", "1", "0", "0", "0", "0", "0", "0", "0", "0", "0", "0", "0", "0", "0", "0", "0" ], "duration": 184.0, "sum": 1 }, "geometry": { "type": "Point", "coordinates": [ -122.374959202548638, 47.682685038301017 ] } },
{ "type": "Feature", "properties": { "lat": 47.682693383648477, "lon": -122.37439675242778, "time_of_day": "Late Night", "causation": [ "0", "0", "0", "0", "0", "0", "0", "0", "1", "0", "0", "0", "0", "0", "0", "0", "0", "0", "0", "0", "0", "0", "0", "0" ], "duration": 184.0, "sum": 1 }, "geometry": { "type": "Point", "coordinates": [ -122.374396752427785, 47.682693383648477 ] } },
{ "type": "Feature", "properties": { "lat": 47.682809980547717, "lon": -122.37496130146396, "time_of_day": "Late Night", "causation": [ "0", "0", "0", "0", "0", "0", "0", "0", "1", "0", "0", "0", "0", "0", "0", "0", "0", "0", "0", "0", "0", "0", "0", "0" ], "duration": 184.0, "sum": 1 }, "geometry": { "type": "Point", "coordinates": [ -122.374961301463955, 47.682809980547717 ] } },
{ "type": "Feature", "properties": { "lat": 47.68281714927258, "lon": -122.37440783351396, "time_of_day": "Late Night", "causation": [ "0", "0", "0", "0", "0", "0", "0", "0", "1", "0", "0", "0", "0", "0", "0", "0", "0", "0", "0", "0", "0", "0", "0", "0" ], "duration": 184.0, "sum": 1 }, "geometry": { "type": "Point", "coordinates": [ -122.374407833513956, 47.68281714927258 ] } },
{ "type": "Feature", "properties": { "lat": 47.68293057328912, "lon": -122.3749782628264, "time_of_day": "Late Night", "causation": [ "0", "0", "0", "0", "0", "0", "0", "0", "1", "0", "0", "0", "0", "0", "0", "0", "0", "0", "0", "0", "0", "0", "0", "0" ], "duration": 184.0, "sum": 1 }, "geometry": { "type": "Point", "coordinates": [ -122.374978262826403, 47.68293057328912 ] } },
{ "type": "Feature", "properties": { "lat": 47.682966911476846, "lon": -122.37444104001816, "time_of_day": "Late Night", "causation": [ "0", "0", "0", "0", "0", "0", "0", "0", "1", "0", "0", "0", "0", "0", "0", "0", "0", "0", "0", "0", "0", "0", "0", "0" ], "duration": 184.0, "sum": 1 }, "geometry": { "type": "Point", "coordinates": [ -122.374441040018155, 47.682966911476846 ] } },
{ "type": "Feature", "properties": { "lat": 47.683026327958238, "lon": -122.37501980073242, "time_of_day": "Late Night", "causation": [ "0", "0", "0", "0", "0", "0", "0", "0", "2", "0", "0", "0", "0", "0", "0", "0", "0", "0", "0", "0", "0", "0", "0", "0" ], "duration": 368.0, "sum": 2 }, "geometry": { "type": "Point", "coordinates": [ -122.375019800732417, 47.683026327958238 ] } },
{ "type": "Feature", "properties": { "lat": 47.683060313268797, "lon": -122.3744503517472, "time_of_day": "Late Night", "causation": [ "0", "0", "0", "0", "0", "0", "0", "0", "1", "0", "0", "0", "0", "0", "0", "0", "0", "0", "0", "0", "0", "0", "0", "0" ], "duration": 184.0, "sum": 1 }, "geometry": { "type": "Point", "coordinates": [ -122.3744503517472, 47.683060313268797 ] } },
{ "type": "Feature", "properties": { "lat": 47.683125966313163, "lon": -122.37441142550314, "time_of_day": "Late Night", "causation": [ "0", "0", "0", "0", "0", "0", "0", "0", "1", "0", "0", "0", "0", "0", "0", "0", "0", "0", "0", "0", "0", "0", "0", "0" ], "duration": 184.0, "sum": 1 }, "geometry": { "type": "Point", "coordinates": [ -122.374411425503141, 47.683125966313163 ] } },
{ "type": "Feature", "properties": { "lat": 47.684160946792801, "lon": -122.26630087942006, "time_of_day": "Morning", "causation": [ "0", "0", "0", "0", "0", "0", "0", "0", "3", "0", "0", "0", "0", "0", "0", "0", "0", "0", "0", "0", "0", "0", "0", "0" ], "duration": 544.0, "sum": 3 }, "geometry": { "type": "Point", "coordinates": [ -122.266300879420058, 47.684160946792801 ] } },
{ "type": "Feature", "properties": { "lat": 47.6842880044507, "lon": -122.26704419519145, "time_of_day": "Morning", "causation": [ "0", "0", "0", "0", "0", "0", "0", "0", "3", "0", "0", "0", "0", "0", "0", "0", "0", "0", "0", "0", "0", "0", "0", "0" ], "duration": 544.0, "sum": 3 }, "geometry": { "type": "Point", "coordinates": [ -122.267044195191446, 47.6842880044507 ] } },
{ "type": "Feature", "properties": { "lat": 47.684339354061926, "lon": -122.2675396082049, "time_of_day": "Morning", "causation": [ "0", "0", "0", "0", "0", "0", "0", "0", "3", "0", "0", "0", "0", "0", "0", "0", "0", "0", "0", "0", "0", "0", "0", "0" ], "duration": 544.0, "sum": 3 }, "geometry": { "type": "Point", "coordinates": [ -122.267539608204899, 47.684339354061926 ] } },
{ "type": "Feature", "properties": { "lat": 47.684392166253609, "lon": -122.26586553478305, "time_of_day": "Morning", "causation": [ "0", "0", "0", "0", "0", "0", "0", "0", "3", "0", "0", "0", "0", "0", "0", "0", "0", "0", "0", "0", "0", "0", "0", "0" ], "duration": 544.0, "sum": 3 }, "geometry": { "type": "Point", "coordinates": [ -122.265865534783046, 47.684392166253609 ] } },
{ "type": "Feature", "properties": { "lat": 47.684516901205662, "lon": -122.26768928354062, "time_of_day": "Morning", "causation": [ "0", "0", "0", "0", "0", "0", "0", "0", "3", "0", "0", "0", "0", "0", "0", "0", "0", "0", "0", "0", "0", "0", "0", "0" ], "duration": 544.0, "sum": 3 }, "geometry": { "type": "Point", "coordinates": [ -122.267689283540619, 47.684516901205662 ] } },
{ "type": "Feature", "properties": { "lat": 47.684520703692478, "lon": -122.26648004431976, "time_of_day": "Morning", "causation": [ "0", "0", "0", "0", "0", "0", "0", "0", "3", "0", "0", "0", "0", "0", "0", "0", "0", "0", "0", "0", "0", "0", "0", "0" ], "duration": 544.0, "sum": 3 }, "geometry": { "type": "Point", "coordinates": [ -122.266480044319763, 47.684520703692478 ] } },
{ "type": "Feature", "properties": { "lat": 47.684626252088911, "lon": -122.26837560825606, "time_of_day": "Morning", "causation": [ "0", "0", "0", "0", "0", "0", "0", "0", "2", "0", "0", "0", "0", "0", "0", "0", "0", "0", "0", "0", "0", "0", "0", "0" ], "duration": 526.0, "sum": 2 }, "geometry": { "type": "Point", "coordinates": [ -122.268375608256065, 47.684626252088911 ] } },
{ "type": "Feature", "properties": { "lat": 47.684654878005091, "lon": -122.26720087983038, "time_of_day": "Morning", "causation": [ "0", "0", "0", "0", "0", "0", "0", "0", "3", "0", "0", "0", "0", "0", "0", "0", "0", "0", "0", "0", "0", "0", "0", "0" ], "duration": 544.0, "sum": 3 }, "geometry": { "type": "Point", "coordinates": [ -122.267200879830384, 47.684654878005091 ] } },
{ "type": "Feature", "properties": { "lat": 47.684670530082414, "lon": -122.26666813623224, "time_of_day": "Morning", "causation": [ "0", "0", "0", "0", "0", "0", "0", "0", "3", "0", "0", "0", "0", "0", "0", "0", "0", "0", "0", "0", "0", "0", "0", "0" ], "duration": 544.0, "sum": 3 }, "geometry": { "type": "Point", "coordinates": [ -122.266668136232241, 47.684670530082414 ] } },
{ "type": "Feature", "properties": { "lat": 47.684673165528729, "lon": -122.26889618039073, "time_of_day": "Morning", "causation": [ "0", "0", "0", "0", "0", "0", "0", "0", "2", "0", "0", "0", "0", "0", "0", "0", "0", "0", "0", "0", "0", "0", "0", "0" ], "duration": 526.0, "sum": 2 }, "geometry": { "type": "Point", "coordinates": [ -122.268896180390726, 47.684673165528729 ] } },
{ "type": "Feature", "properties": { "lat": 47.684719176659442, "lon": -122.26627734982566, "time_of_day": "Morning", "causation": [ "0", "0", "0", "0", "0", "0", "0", "0", "3", "0", "0", "0", "0", "0", "0", "0", "0", "0", "0", "0", "0", "0", "0", "0" ], "duration": 544.0, "sum": 3 }, "geometry": { "type": "Point", "coordinates": [ -122.266277349825657, 47.684719176659442 ] } },
{ "type": "Feature", "properties": { "lat": 47.684783181496421, "lon": -122.26817271941675, "time_of_day": "Morning", "causation": [ "0", "0", "0", "0", "0", "0", "0", "0", "2", "0", "0", "0", "0", "0", "0", "0", "0", "0", "0", "0", "0", "0", "0", "0" ], "duration": 526.0, "sum": 2 }, "geometry": { "type": "Point", "coordinates": [ -122.268172719416754, 47.684783181496421 ] } },
{ "type": "Feature", "properties": { "lat": 47.684817040840791, "lon": -122.26724118525678, "time_of_day": "Morning", "causation": [ "0", "0", "0", "0", "0", "0", "0", "0", "3", "0", "0", "0", "0", "0", "0", "0", "0", "0", "0", "0", "0", "0", "0", "0" ], "duration": 544.0, "sum": 3 }, "geometry": { "type": "Point", "coordinates": [ -122.267241185256779, 47.684817040840791 ] } },
{ "type": "Feature", "properties": { "lat": 47.684844935776347, "lon": -122.2667677006757, "time_of_day": "Morning", "causation": [ "0", "0", "0", "0", "0", "0", "0", "0", "3", "0", "0", "0", "0", "0", "0", "0", "0", "0", "0", "0", "0", "0", "0", "0" ], "duration": 544.0, "sum": 3 }, "geometry": { "type": "Point", "coordinates": [ -122.2667677006757, 47.684844935776347 ] } },
{ "type": "Feature", "properties": { "lat": 47.684912443410667, "lon": -122.26583507030324, "time_of_day": "Morning", "causation": [ "0", "0", "0", "0", "0", "0", "0", "0", "3", "0", "0", "0", "0", "0", "0", "0", "0", "0", "0", "0", "0", "0", "0", "0" ], "duration": 544.0, "sum": 3 }, "geometry": { "type": "Point", "coordinates": [ -122.26583507030324, 47.684912443410667 ] } },
{ "type": "Feature", "properties": { "lat": 47.684952427104733, "lon": -122.26820971117399, "time_of_day": "Morning", "causation": [ "0", "0", "0", "0", "0", "0", "0", "0", "2", "0", "0", "0", "0", "0", "0", "0", "0", "0", "0", "0", "0", "0", "0", "0" ], "duration": 526.0, "sum": 2 }, "geometry": { "type": "Point", "coordinates": [ -122.268209711173995, 47.684952427104733 ] } },
{ "type": "Feature", "properties": { "lat": 47.684961631147388, "lon": -122.26638749569068, "time_of_day": "Morning", "causation": [ "0", "0", "0", "0", "0", "0", "0", "0", "3", "0", "0", "0", "0", "0", "0", "0", "0", "0", "0", "0", "0", "0", "0", "0" ], "duration": 544.0, "sum": 3 }, "geometry": { "type": "Point", "coordinates": [ -122.26638749569068, 47.684961631147388 ] } },
{ "type": "Feature", "properties": { "lat": 47.684971356666182, "lon": -122.26737375005398, "time_of_day": "Morning", "causation": [ "0", "0", "0", "0", "0", "0", "0", "0", "3", "0", "0", "0", "0", "0", "0", "0", "0", "0", "0", "0", "0", "0", "0", "0" ], "duration": 544.0, "sum": 3 }, "geometry": { "type": "Point", "coordinates": [ -122.267373750053977, 47.684971356666182 ] } },
{ "type": "Feature", "properties": { "lat": 47.684989122535519, "lon": -122.26885653598818, "time_of_day": "Morning", "causation": [ "0", "0", "0", "0", "0", "0", "0", "0", "2", "0", "0", "0", "0", "0", "0", "0", "0", "0", "0", "0", "0", "0", "0", "0" ], "duration": 526.0, "sum": 2 }, "geometry": { "type": "Point", "coordinates": [ -122.268856535988178, 47.684989122535519 ] } },
{ "type": "Feature", "properties": { "lat": 47.685010815154143, "lon": -122.26674274827155, "time_of_day": "Morning", "causation": [ "0", "0", "0", "0", "0", "0", "0", "0", "3", "0", "0", "0", "0", "0", "0", "0", "0", "0", "0", "0", "0", "0", "0", "0" ], "duration": 544.0, "sum": 3 }, "geometry": { "type": "Point", "coordinates": [ -122.266742748271554, 47.685010815154143 ] } },
{ "type": "Feature", "properties": { "lat": 47.68501761794758, "lon": -122.26491205956398, "time_of_day": "Morning", "causation": [ "0", "0", "0", "0", "0", "0", "0", "0", "3", "0", "0", "0", "0", "0", "0", "0", "0", "0", "0", "0", "0", "0", "0", "0" ], "duration": 544.0, "sum": 3 }, "geometry": { "type": "Point", "coordinates": [ -122.264912059563983, 47.68501761794758 ] } },
{ "type": "Feature", "properties": { "lat": 47.685135651222055, "lon": -122.26734072392644, "time_of_day": "Morning", "causation": [ "0", "0", "0", "0", "0", "0", "0", "0", "3", "0", "0", "0", "0", "0", "0", "0", "0", "0", "0", "0", "0", "0", "0", "0" ], "duration": 544.0, "sum": 3 }, "geometry": { "type": "Point", "coordinates": [ -122.267340723926438, 47.685135651222055 ] } },
{ "type": "Feature", "properties": { "lat": 47.685137889915651, "lon": -122.26831227484712, "time_of_day": "Morning", "causation": [ "0", "0", "0", "0", "0", "0", "0", "0", "2", "0", "0", "0", "0", "0", "0", "0", "0", "0", "0", "0", "0", "0", "0", "0" ], "duration": 526.0, "sum": 2 }, "geometry": { "type": "Point", "coordinates": [ -122.268312274847119, 47.685137889915651 ] } },
{ "type": "Feature", "properties": { "lat": 47.685148039413967, "lon": -122.26591872900021, "time_of_day": "Morning", "causation": [ "0", "0", "0", "0", "0", "0", "0", "0", "3", "0", "0", "0", "0", "0", "0", "0", "0", "0", "0", "0", "0", "0", "0", "0" ], "duration": 544.0, "sum": 3 }, "geometry": { "type": "Point", "coordinates": [ -122.265918729000205, 47.685148039413967 ] } },
{ "type": "Feature", "properties": { "lat": 47.685162027690872, "lon": -122.2668633654494, "time_of_day": "Morning", "causation": [ "0", "0", "0", "0", "0", "0", "0", "0", "3", "0", "0", "0", "0", "0", "0", "0", "0", "0", "0", "0", "0", "0", "0", "0" ], "duration": 544.0, "sum": 3 }, "geometry": { "type": "Point", "coordinates": [ -122.266863365449396, 47.685162027690872 ] } },
{ "type": "Feature", "properties": { "lat": 47.68516334021453, "lon": -122.26895823505856, "time_of_day": "Morning", "causation": [ "0", "0", "0", "0", "0", "0", "0", "0", "2", "0", "0", "0", "0", "0", "0", "0", "0", "0", "0", "0", "0", "0", "0", "0" ], "duration": 526.0, "sum": 2 }, "geometry": { "type": "Point", "coordinates": [ -122.268958235058562, 47.68516334021453 ] } },
{ "type": "Feature", "properties": { "lat": 47.685175429341179, "lon": -122.26639301055803, "time_of_day": "Morning", "causation": [ "0", "0", "0", "0", "0", "0", "0", "0", "3", "0", "0", "0", "0", "0", "0", "0", "0", "0", "0", "0", "0", "0", "0", "0" ], "duration": 544.0, "sum": 3 }, "geometry": { "type": "Point", "coordinates": [ -122.266393010558033, 47.685175429341179 ] } },
{ "type": "Feature", "properties": { "lat": 47.685269969301117, "lon": -122.26741104105216, "time_of_day": "Morning", "causation": [ "0", "0", "0", "0", "0", "0", "0", "0", "3", "0", "0", "0", "0", "0", "0", "0", "0", "0", "0", "0", "0", "0", "0", "0" ], "duration": 544.0, "sum": 3 }, "geometry": { "type": "Point", "coordinates": [ -122.267411041052156, 47.685269969301117 ] } },
{ "type": "Feature", "properties": { "lat": 47.68527172398975, "lon": -122.26826296787858, "time_of_day": "Morning", "causation": [ "0", "0", "0", "0", "0", "0", "0", "0", "2", "0", "0", "0", "0", "0", "0", "0", "0", "0", "0", "0", "0", "0", "0", "0" ], "duration": 526.0, "sum": 2 }, "geometry": { "type": "Point", "coordinates": [ -122.268262967878584, 47.68527172398975 ] } },
{ "type": "Feature", "properties": { "lat": 47.685328875178939, "lon": -122.26888816658128, "time_of_day": "Morning", "causation": [ "0", "0", "0", "0", "0", "0", "0", "0", "2", "0", "0", "0", "0", "0", "0", "0", "0", "0", "0", "0", "0", "0", "0", "0" ], "duration": 526.0, "sum": 2 }, "geometry": { "type": "Point", "coordinates": [ -122.268888166581277, 47.685328875178939 ] } },
{ "type": "Feature", "properties": { "lat": 47.68533972963624, "lon": -122.2658502694014, "time_of_day": "Morning", "causation": [ "0", "0", "0", "0", "0", "0", "0", "0", "3", "0", "0", "0", "0", "0", "0", "0", "0", "0", "0", "0", "0", "0", "0", "0" ], "duration": 544.0, "sum": 3 }, "geometry": { "type": "Point", "coordinates": [ -122.265850269401398, 47.68533972963624 ] } },
{ "type": "Feature", "properties": { "lat": 47.685352478114808, "lon": -122.26689217950459, "time_of_day": "Morning", "causation": [ "0", "0", "0", "0", "0", "0", "0", "0", "3", "0", "0", "0", "0", "0", "0", "0", "0", "0", "0", "0", "0", "0", "0", "0" ], "duration": 544.0, "sum": 3 }, "geometry": { "type": "Point", "coordinates": [ -122.266892179504595, 47.685352478114808 ] } },
{ "type": "Feature", "properties": { "lat": 47.685354558270816, "lon": -122.26642069445504, "time_of_day": "Morning", "causation": [ "0", "0", "0", "0", "0", "0", "0", "0", "3", "0", "0", "0", "0", "0", "0", "0", "0", "0", "0", "0", "0", "0", "0", "0" ], "duration": 544.0, "sum": 3 }, "geometry": { "type": "Point", "coordinates": [ -122.266420694455036, 47.685354558270816 ] } },
{ "type": "Feature", "properties": { "lat": 47.685442456655331, "lon": -122.2682773918208, "time_of_day": "Morning", "causation": [ "0", "0", "0", "0", "0", "0", "0", "0", "4", "0", "0", "0", "0", "0", "0", "0", "0", "0", "0", "0", "0", "0", "0", "0" ], "duration": 1052.0, "sum": 4 }, "geometry": { "type": "Point", "coordinates": [ -122.268277391820803, 47.685442456655331 ] } },
{ "type": "Feature", "properties": { "lat": 47.685454643940304, "lon": -122.26743562902378, "time_of_day": "Morning", "causation": [ "0", "0", "0", "0", "0", "0", "0", "0", "3", "0", "0", "0", "0", "0", "0", "0", "0", "0", "0", "0", "0", "0", "0", "0" ], "duration": 544.0, "sum": 3 }, "geometry": { "type": "Point", "coordinates": [ -122.26743562902378, 47.685454643940304 ] } },
{ "type": "Feature", "properties": { "lat": 47.685507765533416, "lon": -122.26650748467335, "time_of_day": "Morning", "causation": [ "0", "0", "0", "0", "0", "0", "0", "0", "3", "0", "0", "0", "0", "0", "0", "0", "0", "0", "0", "0", "0", "0", "0", "0" ], "duration": 544.0, "sum": 3 }, "geometry": { "type": "Point", "coordinates": [ -122.266507484673355, 47.685507765533416 ] } },
{ "type": "Feature", "properties": { "lat": 47.685511352003473, "lon": -122.2659638662825, "time_of_day": "Morning", "causation": [ "0", "0", "0", "0", "0", "0", "0", "0", "3", "0", "0", "0", "0", "0", "0", "0", "0", "0", "0", "0", "0", "0", "0", "0" ], "duration": 544.0, "sum": 3 }, "geometry": { "type": "Point", "coordinates": [ -122.265963866282505, 47.685511352003473 ] } },
{ "type": "Feature", "properties": { "lat": 47.68552391774049, "lon": -122.2668972993341, "time_of_day": "Morning", "causation": [ "0", "0", "0", "0", "0", "0", "0", "0", "3", "0", "0", "0", "0", "0", "0", "0", "0", "0", "0", "0", "0", "0", "0", "0" ], "duration": 544.0, "sum": 3 }, "geometry": { "type": "Point", "coordinates": [ -122.266897299334104, 47.68552391774049 ] } },
{ "type": "Feature", "properties": { "lat": 47.685566665096417, "lon": -122.2688070429875, "time_of_day": "Morning", "causation": [ "0", "0", "0", "0", "0", "0", "0", "0", "2", "0", "0", "0", "0", "0", "0", "0", "0", "0", "0", "0", "0", "0", "0", "0" ], "duration": 526.0, "sum": 2 }, "geometry": { "type": "Point", "coordinates": [ -122.268807042987504, 47.685566665096417 ] } },
{ "type": "Feature", "properties": { "lat": 47.685635509611011, "lon": -122.26821489041106, "time_of_day": "Morning", "causation": [ "0", "0", "0", "0", "0", "0", "0", "0", "2", "0", "0", "0", "0", "0", "0", "0", "0", "0", "0", "0", "0", "0", "0", "0" ], "duration": 526.0, "sum": 2 }, "geometry": { "type": "Point", "coordinates": [ -122.268214890411059, 47.685635509611011 ] } },
{ "type": "Feature", "properties": { "lat": 47.685645647653907, "lon": -122.26651005744937, "time_of_day": "Morning", "causation": [ "0", "0", "0", "0", "0", "0", "0", "0", "3", "0", "0", "0", "0", "0", "0", "0", "0", "0", "0", "0", "0", "0", "0", "0" ], "duration": 544.0, "sum": 3 }, "geometry": { "type": "Point", "coordinates": [ -122.266510057449366, 47.685645647653907 ] } },
{ "type": "Feature", "properties": { "lat": 47.685659886196021, "lon": -122.26694697649556, "time_of_day": "Morning", "causation": [ "0", "0", "0", "0", "0", "0", "0", "0", "3", "0", "0", "0", "0", "0", "0", "0", "0", "0", "0", "0", "0", "0", "0", "0" ], "duration": 544.0, "sum": 3 }, "geometry": { "type": "Point", "coordinates": [ -122.266946976495561, 47.685659886196021 ] } },
{ "type": "Feature", "properties": { "lat": 47.685697769014816, "lon": -122.26596455980628, "time_of_day": "Morning", "causation": [ "0", "0", "0", "0", "0", "0", "0", "0", "3", "0", "0", "0", "0", "0", "0", "0", "0", "0", "0", "0", "0", "0", "0", "0" ], "duration": 544.0, "sum": 3 }, "geometry": { "type": "Point", "coordinates": [ -122.265964559806278, 47.685697769014816 ] } },
{ "type": "Feature", "properties": { "lat": 47.68578286115995, "lon": -122.26752715156906, "time_of_day": "Morning", "causation": [ "0", "0", "0", "0", "0", "0", "0", "0", "3", "0", "0", "0", "0", "0", "0", "0", "0", "0", "0", "0", "0", "0", "0", "0" ], "duration": 544.0, "sum": 3 }, "geometry": { "type": "Point", "coordinates": [ -122.267527151569055, 47.68578286115995 ] } },
{ "type": "Feature", "properties": { "lat": 47.68578852312038, "lon": -122.26883570883489, "time_of_day": "Morning", "causation": [ "0", "0", "0", "0", "0", "0", "0", "0", "2", "0", "0", "0", "0", "0", "0", "0", "0", "0", "0", "0", "0", "0", "0", "0" ], "duration": 526.0, "sum": 2 }, "geometry": { "type": "Point", "coordinates": [ -122.268835708834885, 47.68578852312038 ] } },
{ "type": "Feature", "properties": { "lat": 47.685837970240527, "lon": -122.2683270897758, "time_of_day": "Morning", "causation": [ "0", "0", "0", "0", "0", "0", "0", "0", "2", "0", "0", "0", "0", "0", "0", "0", "0", "0", "0", "0", "0", "0", "0", "0" ], "duration": 526.0, "sum": 2 }, "geometry": { "type": "Point", "coordinates": [ -122.268327089775795, 47.685837970240527 ] } },
{ "type": "Feature", "properties": { "lat": 47.685838710011438, "lon": -122.26654703539296, "time_of_day": "Morning", "causation": [ "0", "0", "0", "0", "0", "0", "0", "0", "3", "0", "0", "0", "0", "0", "0", "0", "0", "0", "0", "0", "0", "0", "0", "0" ], "duration": 544.0, "sum": 3 }, "geometry": { "type": "Point", "coordinates": [ -122.266547035392961, 47.685838710011438 ] } },
{ "type": "Feature", "properties": { "lat": 47.685858395101008, "lon": -122.26599162674988, "time_of_day": "Morning", "causation": [ "0", "0", "0", "0", "0", "0", "0", "0", "3", "0", "0", "0", "0", "0", "0", "0", "0", "0", "0", "0", "0", "0", "0", "0" ], "duration": 544.0, "sum": 3 }, "geometry": { "type": "Point", "coordinates": [ -122.26599162674988, 47.685858395101008 ] } },
{ "type": "Feature", "properties": { "lat": 47.685872711779588, "lon": -122.26700597816551, "time_of_day": "Morning", "causation": [ "0", "0", "0", "0", "0", "0", "0", "0", "3", "0", "0", "0", "0", "0", "0", "0", "0", "0", "0", "0", "0", "0", "0", "0" ], "duration": 544.0, "sum": 3 }, "geometry": { "type": "Point", "coordinates": [ -122.267005978165514, 47.685872711779588 ] } },
{ "type": "Feature", "properties": { "lat": 47.685903592219653, "lon": -122.26756748877368, "time_of_day": "Morning", "causation": [ "0", "0", "0", "0", "0", "0", "0", "0", "3", "0", "0", "0", "0", "0", "0", "0", "0", "0", "0", "0", "0", "0", "0", "0" ], "duration": 544.0, "sum": 3 }, "geometry": { "type": "Point", "coordinates": [ -122.267567488773679, 47.685903592219653 ] } },
{ "type": "Feature", "properties": { "lat": 47.685957691977272, "lon": -122.26892032883046, "time_of_day": "Morning", "causation": [ "0", "0", "0", "0", "0", "0", "0", "0", "2", "0", "0", "0", "0", "0", "0", "0", "0", "0", "0", "0", "0", "0", "0", "0" ], "duration": 526.0, "sum": 2 }, "geometry": { "type": "Point", "coordinates": [ -122.268920328830461, 47.685957691977272 ] } },
{ "type": "Feature", "properties": { "lat": 47.686007885748737, "lon": -122.26663298005948, "time_of_day": "Morning", "causation": [ "0", "0", "0", "0", "0", "0", "0", "0", "3", "0", "0", "0", "0", "0", "0", "0", "0", "0", "0", "0", "0", "0", "0", "0" ], "duration": 544.0, "sum": 3 }, "geometry": { "type": "Point", "coordinates": [ -122.266632980059484, 47.686007885748737 ] } },
{ "type": "Feature", "properties": { "lat": 47.686028230081838, "lon": -122.2675553605936, "time_of_day": "Morning", "causation": [ "0", "0", "0", "0", "0", "0", "0", "0", "3", "0", "0", "0", "0", "0", "0", "0", "0", "0", "0", "0", "0", "0", "0", "0" ], "duration": 544.0, "sum": 3 }, "geometry": { "type": "Point", "coordinates": [ -122.267555360593605, 47.686028230081838 ] } },
{ "type": "Feature", "properties": { "lat": 47.686055723676759, "lon": -122.2660451906046, "time_of_day": "Morning", "causation": [ "0", "0", "0", "0", "0", "0", "0", "0", "3", "0", "0", "0", "0", "0", "0", "0", "0", "0", "0", "0", "0", "0", "0", "0" ], "duration": 544.0, "sum": 3 }, "geometry": { "type": "Point", "coordinates": [ -122.266045190604601, 47.686055723676759 ] } },
{ "type": "Feature", "properties": { "lat": 47.686058008693045, "lon": -122.26707545656792, "time_of_day": "Morning", "causation": [ "0", "0", "0", "0", "0", "0", "0", "0", "3", "0", "0", "0", "0", "0", "0", "0", "0", "0", "0", "0", "0", "0", "0", "0" ], "duration": 544.0, "sum": 3 }, "geometry": { "type": "Point", "coordinates": [ -122.267075456567923, 47.686058008693045 ] } },
{ "type": "Feature", "properties": { "lat": 47.686099416632203, "lon": -122.26829482035107, "time_of_day": "Morning", "causation": [ "0", "0", "0", "0", "0", "0", "0", "0", "2", "0", "0", "0", "0", "0", "0", "0", "0", "0", "0", "0", "0", "0", "0", "0" ], "duration": 526.0, "sum": 2 }, "geometry": { "type": "Point", "coordinates": [ -122.268294820351073, 47.686099416632203 ] } },
{ "type": "Feature", "properties": { "lat": 47.686133809635216, "lon": -122.26894849904532, "time_of_day": "Morning", "causation": [ "0", "0", "0", "0", "0", "0", "0", "0", "2", "0", "0", "0", "0", "0", "0", "0", "0", "0", "0", "0", "0", "0", "0", "0" ], "duration": 526.0, "sum": 2 }, "geometry": { "type": "Point", "coordinates": [ -122.268948499045322, 47.686133809635216 ] } },
{ "type": "Feature", "properties": { "lat": 47.686153030986993, "lon": -122.2667175882877, "time_of_day": "Morning", "causation": [ "0", "0", "0", "0", "0", "0", "0", "0", "3", "0", "0", "0", "0", "0", "0", "0", "0", "0", "0", "0", "0", "0", "0", "0" ], "duration": 544.0, "sum": 3 }, "geometry": { "type": "Point", "coordinates": [ -122.266717588287705, 47.686153030986993 ] } },
{ "type": "Feature", "properties": { "lat": 47.686155990499039, "lon": -122.26758747837528, "time_of_day": "Morning", "causation": [ "0", "0", "0", "0", "0", "0", "0", "0", "3", "0", "0", "0", "0", "0", "0", "0", "0", "0", "0", "0", "0", "0", "0", "0" ], "duration": 544.0, "sum": 3 }, "geometry": { "type": "Point", "coordinates": [ -122.267587478375276, 47.686155990499039 ] } },
{ "type": "Feature", "properties": { "lat": 47.686183130896218, "lon": -122.26613687721758, "time_of_day": "Morning", "causation": [ "0", "0", "0", "0", "0", "0", "0", "0", "3", "0", "0", "0", "0", "0", "0", "0", "0", "0", "0", "0", "0", "0", "0", "0" ], "duration": 544.0, "sum": 3 }, "geometry": { "type": "Point", "coordinates": [ -122.266136877217576, 47.686183130896218 ] } },
{ "type": "Feature", "properties": { "lat": 47.686228313361347, "lon": -122.26709836401383, "time_of_day": "Morning", "causation": [ "0", "0", "0", "0", "0", "0", "0", "0", "3", "0", "0", "0", "0", "0", "0", "0", "0", "0", "0", "0", "0", "0", "0", "0" ], "duration": 544.0, "sum": 3 }, "geometry": { "type": "Point", "coordinates": [ -122.267098364013833, 47.686228313361347 ] } },
{ "type": "Feature", "properties": { "lat": 47.686272286858468, "lon": -122.268900831623, "time_of_day": "Morning", "causation": [ "0", "0", "0", "0", "0", "0", "0", "0", "2", "0", "0", "0", "0", "0", "0", "0", "0", "0", "0", "0", "0", "0", "0", "0" ], "duration": 526.0, "sum": 2 }, "geometry": { "type": "Point", "coordinates": [ -122.268900831623, 47.686272286858468 ] } },
{ "type": "Feature", "properties": { "lat": 47.686360754805577, "lon": -122.26620817572652, "time_of_day": "Morning", "causation": [ "0", "0", "0", "0", "0", "0", "0", "0", "3", "0", "0", "0", "0", "0", "0", "0", "0", "0", "0", "0", "0", "0", "0", "0" ], "duration": 544.0, "sum": 3 }, "geometry": { "type": "Point", "coordinates": [ -122.266208175726518, 47.686360754805577 ] } },
{ "type": "Feature", "properties": { "lat": 47.686371991875525, "lon": -122.26698970954727, "time_of_day": "Morning", "causation": [ "0", "0", "0", "0", "0", "0", "0", "0", "3", "0", "0", "0", "0", "0", "0", "0", "0", "0", "0", "0", "0", "0", "0", "0" ], "duration": 544.0, "sum": 3 }, "geometry": { "type": "Point", "coordinates": [ -122.266989709547275, 47.686371991875525 ] } },
{ "type": "Feature", "properties": { "lat": 47.686390455989041, "lon": -122.26757436173202, "time_of_day": "Morning", "causation": [ "0", "0", "0", "0", "0", "0", "0", "0", "3", "0", "0", "0", "0", "0", "0", "0", "0", "0", "0", "0", "0", "0", "0", "0" ], "duration": 544.0, "sum": 3 }, "geometry": { "type": "Point", "coordinates": [ -122.267574361732017, 47.686390455989041 ] } },
{ "type": "Feature", "properties": { "lat": 47.68647134100209, "lon": -122.26618109095922, "time_of_day": "Morning", "causation": [ "0", "0", "0", "0", "0", "0", "0", "0", "3", "0", "0", "0", "0", "0", "0", "0", "0", "0", "0", "0", "0", "0", "0", "0" ], "duration": 544.0, "sum": 3 }, "geometry": { "type": "Point", "coordinates": [ -122.266181090959222, 47.68647134100209 ] } },
{ "type": "Feature", "properties": { "lat": 47.686497271143736, "lon": -122.26813463328462, "time_of_day": "Morning", "causation": [ "0", "0", "0", "0", "0", "0", "0", "0", "2", "0", "0", "0", "0", "0", "0", "0", "0", "0", "0", "0", "0", "0", "0", "0" ], "duration": 526.0, "sum": 2 }, "geometry": { "type": "Point", "coordinates": [ -122.268134633284618, 47.686497271143736 ] } },
{ "type": "Feature", "properties": { "lat": 47.686503497499139, "lon": -122.26865406747297, "time_of_day": "Morning", "causation": [ "0", "0", "0", "0", "0", "0", "0", "0", "2", "0", "0", "0", "0", "0", "0", "0", "0", "0", "0", "0", "0", "0", "0", "0" ], "duration": 526.0, "sum": 2 }, "geometry": { "type": "Point", "coordinates": [ -122.268654067472966, 47.686503497499139 ] } },
{ "type": "Feature", "properties": { "lat": 47.686510453611433, "lon": -122.26651854173744, "time_of_day": "Morning", "causation": [ "0", "0", "0", "0", "0", "0", "0", "0", "3", "0", "0", "0", "0", "0", "0", "0", "0", "0", "0", "0", "0", "0", "0", "0" ], "duration": 544.0, "sum": 3 }, "geometry": { "type": "Point", "coordinates": [ -122.26651854173744, 47.686510453611433 ] } },
{ "type": "Feature", "properties": { "lat": 47.6865298205147, "lon": -122.26759296123066, "time_of_day": "Morning", "causation": [ "0", "0", "0", "0", "0", "0", "0", "0", "3", "0", "0", "0", "0", "0", "0", "0", "0", "0", "0", "0", "0", "0", "0", "0" ], "duration": 544.0, "sum": 3 }, "geometry": { "type": "Point", "coordinates": [ -122.267592961230662, 47.6865298205147 ] } },
{ "type": "Feature", "properties": { "lat": 47.686613399255272, "lon": -122.40319596209471, "time_of_day": "Morning", "causation": [ "0", "0", "0", "0", "0", "0", "0", "0", "1", "0", "0", "0", "0", "0", "0", "0", "0", "0", "0", "0", "0", "0", "0", "0" ], "duration": 44.0, "sum": 1 }, "geometry": { "type": "Point", "coordinates": [ -122.403195962094713, 47.686613399255272 ] } },
{ "type": "Feature", "properties": { "lat": 47.686885820001571, "lon": -122.40228291578092, "time_of_day": "Morning", "causation": [ "0", "0", "0", "0", "0", "0", "0", "0", "1", "0", "0", "0", "0", "0", "0", "0", "0", "0", "0", "0", "0", "0", "0", "0" ], "duration": 44.0, "sum": 1 }, "geometry": { "type": "Point", "coordinates": [ -122.402282915780916, 47.686885820001571 ] } },
{ "type": "Feature", "properties": { "lat": 47.688396633003691, "lon": -122.32324984056844, "time_of_day": "Morning", "causation": [ "0", "0", "1", "0", "0", "0", "0", "0", "0", "0", "0", "0", "0", "0", "0", "0", "0", "0", "0", "0", "0", "0", "0", "0" ], "duration": 130.0, "sum": 1 }, "geometry": { "type": "Point", "coordinates": [ -122.323249840568437, 47.688396633003691 ] } },
{ "type": "Feature", "properties": { "lat": 47.68861133191335, "lon": -122.32267773844418, "time_of_day": "Morning", "causation": [ "0", "0", "1", "0", "0", "0", "0", "0", "0", "0", "0", "0", "0", "0", "0", "0", "0", "0", "0", "0", "0", "0", "0", "0" ], "duration": 130.0, "sum": 1 }, "geometry": { "type": "Point", "coordinates": [ -122.322677738444185, 47.68861133191335 ] } },
{ "type": "Feature", "properties": { "lat": 47.688642530438642, "lon": -122.31791191148264, "time_of_day": "Morning", "causation": [ "0", "0", "1", "0", "0", "0", "0", "0", "0", "0", "0", "0", "0", "0", "0", "0", "0", "0", "0", "0", "0", "0", "0", "0" ], "duration": 130.0, "sum": 1 }, "geometry": { "type": "Point", "coordinates": [ -122.317911911482639, 47.688642530438642 ] } },
{ "type": "Feature", "properties": { "lat": 47.688660894605455, "lon": -122.31880966411234, "time_of_day": "Morning", "causation": [ "0", "0", "1", "0", "0", "0", "0", "0", "0", "0", "0", "0", "0", "0", "0", "0", "0", "0", "0", "0", "0", "0", "0", "0" ], "duration": 130.0, "sum": 1 }, "geometry": { "type": "Point", "coordinates": [ -122.318809664112337, 47.688660894605455 ] } },
{ "type": "Feature", "properties": { "lat": 47.688676974537465, "lon": -122.31836481939516, "time_of_day": "Morning", "causation": [ "0", "0", "1", "0", "0", "0", "0", "0", "0", "0", "0", "0", "0", "0", "0", "0", "0", "0", "0", "0", "0", "0", "0", "0" ], "duration": 130.0, "sum": 1 }, "geometry": { "type": "Point", "coordinates": [ -122.318364819395157, 47.688676974537465 ] } },
{ "type": "Feature", "properties": { "lat": 47.688727582008077, "lon": -122.31927681487556, "time_of_day": "Morning", "causation": [ "0", "0", "1", "0", "0", "0", "0", "0", "0", "0", "0", "0", "0", "0", "0", "0", "0", "0", "0", "0", "0", "0", "0", "0" ], "duration": 130.0, "sum": 1 }, "geometry": { "type": "Point", "coordinates": [ -122.319276814875565, 47.688727582008077 ] } },
{ "type": "Feature", "properties": { "lat": 47.688734226413601, "lon": -122.32183319693388, "time_of_day": "Morning", "causation": [ "0", "0", "1", "0", "0", "0", "0", "0", "0", "0", "0", "0", "0", "0", "0", "0", "0", "0", "0", "0", "0", "0", "0", "0" ], "duration": 130.0, "sum": 1 }, "geometry": { "type": "Point", "coordinates": [ -122.321833196933881, 47.688734226413601 ] } },
{ "type": "Feature", "properties": { "lat": 47.688745439402091, "lon": -122.31903865268364, "time_of_day": "Morning", "causation": [ "0", "0", "1", "0", "0", "0", "0", "0", "0", "0", "0", "0", "0", "0", "0", "0", "0", "0", "0", "0", "0", "0", "0", "0" ], "duration": 130.0, "sum": 1 }, "geometry": { "type": "Point", "coordinates": [ -122.319038652683645, 47.688745439402091 ] } },
{ "type": "Feature", "properties": { "lat": 47.688751535090482, "lon": -122.32348241088653, "time_of_day": "Morning", "causation": [ "0", "0", "11", "0", "0", "0", "0", "0", "0", "0", "0", "0", "0", "0", "0", "0", "0", "0", "0", "0", "0", "0", "0", "0" ], "duration": 1430.0, "sum": 11 }, "geometry": { "type": "Point", "coordinates": [ -122.323482410886527, 47.688751535090482 ] } },
{ "type": "Feature", "properties": { "lat": 47.688754514151469, "lon": -122.32158107453688, "time_of_day": "Morning", "causation": [ "0", "0", "1", "0", "0", "0", "0", "0", "0", "0", "0", "0", "0", "0", "0", "0", "0", "0", "0", "0", "0", "0", "0", "0" ], "duration": 130.0, "sum": 1 }, "geometry": { "type": "Point", "coordinates": [ -122.32158107453688, 47.688754514151469 ] } },
{ "type": "Feature", "properties": { "lat": 47.688757924196523, "lon": -122.321964914004, "time_of_day": "Morning", "causation": [ "0", "0", "1", "0", "0", "0", "0", "0", "0", "0", "0", "0", "0", "0", "0", "0", "0", "0", "0", "0", "0", "0", "0", "0" ], "duration": 130.0, "sum": 1 }, "geometry": { "type": "Point", "coordinates": [ -122.321964914003999, 47.688757924196523 ] } },
{ "type": "Feature", "properties": { "lat": 47.688758228810237, "lon": -122.31862864126651, "time_of_day": "Morning", "causation": [ "0", "0", "1", "0", "0", "0", "0", "0", "0", "0", "0", "0", "0", "0", "0", "0", "0", "0", "0", "0", "0", "0", "0", "0" ], "duration": 130.0, "sum": 1 }, "geometry": { "type": "Point", "coordinates": [ -122.318628641266514, 47.688758228810237 ] } },
{ "type": "Feature", "properties": { "lat": 47.688758243428438, "lon": -122.31969162231483, "time_of_day": "Morning", "causation": [ "0", "0", "1", "0", "0", "0", "0", "0", "0", "0", "0", "0", "0", "0", "0", "0", "0", "0", "0", "0", "0", "0", "0", "0" ], "duration": 130.0, "sum": 1 }, "geometry": { "type": "Point", "coordinates": [ -122.319691622314835, 47.688758243428438 ] } },
{ "type": "Feature", "properties": { "lat": 47.688759959614295, "lon": -122.32141392420554, "time_of_day": "Morning", "causation": [ "0", "0", "1", "0", "0", "0", "0", "0", "0", "0", "0", "0", "0", "0", "0", "0", "0", "0", "0", "0", "0", "0", "0", "0" ], "duration": 130.0, "sum": 1 }, "geometry": { "type": "Point", "coordinates": [ -122.321413924205544, 47.688759959614295 ] } },
{ "type": "Feature", "properties": { "lat": 47.688761163855602, "lon": -122.32088084371384, "time_of_day": "Morning", "causation": [ "0", "0", "1", "0", "0", "0", "0", "0", "0", "0", "0", "0", "0", "0", "0", "0", "0", "0", "0", "0", "0", "0", "0", "0" ], "duration": 130.0, "sum": 1 }, "geometry": { "type": "Point", "coordinates": [ -122.320880843713837, 47.688761163855602 ] } },
{ "type": "Feature", "properties": { "lat": 47.688761486801077, "lon": -122.32229227848312, "time_of_day": "Morning", "causation": [ "0", "0", "1", "0", "0", "0", "0", "0", "0", "0", "0", "0", "0", "0", "0", "0", "0", "0", "0", "0", "0", "0", "0", "0" ], "duration": 130.0, "sum": 1 }, "geometry": { "type": "Point", "coordinates": [ -122.322292278483118, 47.688761486801077 ] } },
{ "type": "Feature", "properties": { "lat": 47.688761740692797, "lon": -122.31984860420545, "time_of_day": "Morning", "causation": [ "0", "0", "1", "0", "0", "0", "0", "0", "0", "0", "0", "0", "0", "0", "0", "0", "0", "0", "0", "0", "0", "0", "0", "0" ], "duration": 130.0, "sum": 1 }, "geometry": { "type": "Point", "coordinates": [ -122.319848604205447, 47.688761740692797 ] } },
{ "type": "Feature", "properties": { "lat": 47.688762645139377, "lon": -122.3227237898364, "time_of_day": "Morning", "causation": [ "0", "0", "2", "0", "0", "0", "0", "0", "0", "0", "0", "0", "0", "0", "0", "0", "0", "0", "0", "0", "0", "0", "0", "0" ], "duration": 260.0, "sum": 2 }, "geometry": { "type": "Point", "coordinates": [ -122.322723789836402, 47.688762645139377 ] } },
{ "type": "Feature", "properties": { "lat": 47.688763103762881, "lon": -122.31951933834388, "time_of_day": "Morning", "causation": [ "0", "0", "1", "0", "0", "0", "0", "0", "0", "0", "0", "0", "0", "0", "0", "0", "0", "0", "0", "0", "0", "0", "0", "0" ], "duration": 130.0, "sum": 1 }, "geometry": { "type": "Point", "coordinates": [ -122.319519338343881, 47.688763103762881 ] } },
{ "type": "Feature", "properties": { "lat": 47.688766592429651, "lon": -122.3221396768794, "time_of_day": "Morning", "causation": [ "0", "0", "1", "0", "0", "0", "0", "0", "0", "0", "0", "0", "0", "0", "0", "0", "0", "0", "0", "0", "0", "0", "0", "0" ], "duration": 130.0, "sum": 1 }, "geometry": { "type": "Point", "coordinates": [ -122.322139676879402, 47.688766592429651 ] } },
{ "type": "Feature", "properties": { "lat": 47.688767682488844, "lon": -122.32123806745427, "time_of_day": "Morning", "causation": [ "0", "0", "1", "0", "0", "0", "0", "0", "0", "0", "0", "0", "0", "0", "0", "0", "0", "0", "0", "0", "0", "0", "0", "0" ], "duration": 130.0, "sum": 1 }, "geometry": { "type": "Point", "coordinates": [ -122.321238067454274, 47.688767682488844 ] } },
{ "type": "Feature", "properties": { "lat": 47.688771739172111, "lon": -122.3217053614058, "time_of_day": "Morning", "causation": [ "0", "0", "1", "0", "0", "0", "0", "0", "0", "0", "0", "0", "0", "0", "0", "0", "0", "0", "0", "0", "0", "0", "0", "0" ], "duration": 130.0, "sum": 1 }, "geometry": { "type": "Point", "coordinates": [ -122.321705361405805, 47.688771739172111 ] } },
{ "type": "Feature", "properties": { "lat": 47.688772898388159, "lon": -122.32103303417291, "time_of_day": "Morning", "causation": [ "0", "0", "1", "0", "0", "0", "0", "0", "0", "0", "0", "0", "0", "0", "0", "0", "0", "0", "0", "0", "0", "0", "0", "0" ], "duration": 130.0, "sum": 1 }, "geometry": { "type": "Point", "coordinates": [ -122.321033034172913, 47.688772898388159 ] } },
{ "type": "Feature", "properties": { "lat": 47.688777179794272, "lon": -122.32250751912154, "time_of_day": "Morning", "causation": [ "0", "0", "1", "0", "0", "0", "0", "0", "0", "0", "0", "0", "0", "0", "0", "0", "0", "0", "0", "0", "0", "0", "0", "0" ], "duration": 130.0, "sum": 1 }, "geometry": { "type": "Point", "coordinates": [ -122.322507519121544, 47.688777179794272 ] } },
{ "type": "Feature", "properties": { "lat": 47.68878861914277, "lon": -122.320731736691, "time_of_day": "Morning", "causation": [ "0", "0", "1", "0", "0", "0", "0", "0", "0", "0", "0", "0", "0", "0", "0", "0", "0", "0", "0", "0", "0", "0", "0", "0" ], "duration": 130.0, "sum": 1 }, "geometry": { "type": "Point", "coordinates": [ -122.320731736691002, 47.68878861914277 ] } },
{ "type": "Feature", "properties": { "lat": 47.689029197800537, "lon": -122.32332427751, "time_of_day": "Morning", "causation": [ "0", "0", "8", "0", "0", "0", "0", "0", "0", "0", "0", "0", "0", "0", "0", "0", "0", "0", "0", "0", "0", "0", "0", "0" ], "duration": 1040.0, "sum": 8 }, "geometry": { "type": "Point", "coordinates": [ -122.323324277509997, 47.689029197800537 ] } },
{ "type": "Feature", "properties": { "lat": 47.689079405536937, "lon": -122.32003215570312, "time_of_day": "Morning", "causation": [ "0", "0", "1", "0", "0", "0", "0", "0", "0", "0", "0", "0", "0", "0", "0", "0", "0", "0", "0", "0", "0", "0", "0", "0" ], "duration": 130.0, "sum": 1 }, "geometry": { "type": "Point", "coordinates": [ -122.320032155703117, 47.689079405536937 ] } },
{ "type": "Feature", "properties": { "lat": 47.689111203193491, "lon": -122.31873672698345, "time_of_day": "Morning", "causation": [ "0", "0", "1", "0", "0", "0", "0", "0", "0", "0", "0", "0", "0", "0", "0", "0", "0", "0", "0", "0", "0", "0", "0", "0" ], "duration": 130.0, "sum": 1 }, "geometry": { "type": "Point", "coordinates": [ -122.318736726983445, 47.689111203193491 ] } },
{ "type": "Feature", "properties": { "lat": 47.689121300831872, "lon": -122.31922707573416, "time_of_day": "Morning", "causation": [ "0", "0", "1", "0", "0", "0", "0", "0", "0", "0", "0", "0", "0", "0", "0", "0", "0", "0", "0", "0", "0", "0", "0", "0" ], "duration": 130.0, "sum": 1 }, "geometry": { "type": "Point", "coordinates": [ -122.319227075734162, 47.689121300831872 ] } },
{ "type": "Feature", "properties": { "lat": 47.689121671585305, "lon": -122.31908299138924, "time_of_day": "Morning", "causation": [ "0", "0", "1", "0", "0", "0", "0", "0", "0", "0", "0", "0", "0", "0", "0", "0", "0", "0", "0", "0", "0", "0", "0", "0" ], "duration": 130.0, "sum": 1 }, "geometry": { "type": "Point", "coordinates": [ -122.319082991389237, 47.689121671585305 ] } },
{ "type": "Feature", "properties": { "lat": 47.689122904348665, "lon": -122.31939938335287, "time_of_day": "Morning", "causation": [ "0", "0", "1", "0", "0", "0", "0", "0", "0", "0", "0", "0", "0", "0", "0", "0", "0", "0", "0", "0", "0", "0", "0", "0" ], "duration": 130.0, "sum": 1 }, "geometry": { "type": "Point", "coordinates": [ -122.319399383352874, 47.689122904348665 ] } },
{ "type": "Feature", "properties": { "lat": 47.689126479278208, "lon": -122.32173370866704, "time_of_day": "Morning", "causation": [ "0", "0", "1", "0", "0", "0", "0", "0", "0", "0", "0", "0", "0", "0", "0", "0", "0", "0", "0", "0", "0", "0", "0", "0" ], "duration": 130.0, "sum": 1 }, "geometry": { "type": "Point", "coordinates": [ -122.32173370866704, 47.689126479278208 ] } },
{ "type": "Feature", "properties": { "lat": 47.689129327300641, "lon": -122.31825391408164, "time_of_day": "Morning", "causation": [ "0", "0", "1", "0", "0", "0", "0", "0", "0", "0", "0", "0", "0", "0", "0", "0", "0", "0", "0", "0", "0", "0", "0", "0" ], "duration": 130.0, "sum": 1 }, "geometry": { "type": "Point", "coordinates": [ -122.318253914081637, 47.689129327300641 ] } },
{ "type": "Feature", "properties": { "lat": 47.689134748800285, "lon": -122.3185532885072, "time_of_day": "Morning", "causation": [ "0", "0", "1", "0", "0", "0", "0", "0", "0", "0", "0", "0", "0", "0", "0", "0", "0", "0", "0", "0", "0", "0", "0", "0" ], "duration": 130.0, "sum": 1 }, "geometry": { "type": "Point", "coordinates": [ -122.318553288507204, 47.689134748800285 ] } },
{ "type": "Feature", "properties": { "lat": 47.68913783719384, "lon": -122.3232235786496, "time_of_day": "Morning", "causation": [ "0", "0", "1", "0", "0", "0", "0", "0", "0", "0", "0", "0", "0", "0", "0", "0", "0", "0", "0", "0", "0", "0", "0", "0" ], "duration": 130.0, "sum": 1 }, "geometry": { "type": "Point", "coordinates": [ -122.323223578649603, 47.68913783719384 ] } },
{ "type": "Feature", "properties": { "lat": 47.689138265978393, "lon": -122.31840415290824, "time_of_day": "Morning", "causation": [ "0", "0", "1", "0", "0", "0", "0", "0", "0", "0", "0", "0", "0", "0", "0", "0", "0", "0", "0", "0", "0", "0", "0", "0" ], "duration": 130.0, "sum": 1 }, "geometry": { "type": "Point", "coordinates": [ -122.318404152908244, 47.689138265978393 ] } },
{ "type": "Feature", "properties": { "lat": 47.689138943825192, "lon": -122.32351904543928, "time_of_day": "Morning", "causation": [ "0", "0", "1", "0", "0", "0", "0", "0", "0", "0", "0", "0", "0", "0", "0", "0", "0", "0", "0", "0", "0", "0", "0", "0" ], "duration": 130.0, "sum": 1 }, "geometry": { "type": "Point", "coordinates": [ -122.323519045439284, 47.689138943825192 ] } },
{ "type": "Feature", "properties": { "lat": 47.689139499939031, "lon": -122.32206210584393, "time_of_day": "Morning", "causation": [ "0", "0", "1", "0", "0", "0", "0", "0", "0", "0", "0", "0", "0", "0", "0", "0", "0", "0", "0", "0", "0", "0", "0", "0" ], "duration": 130.0, "sum": 1 }, "geometry": { "type": "Point", "coordinates": [ -122.322062105843926, 47.689139499939031 ] } },
{ "type": "Feature", "properties": { "lat": 47.689139623862772, "lon": -122.32237079122594, "time_of_day": "Morning", "causation": [ "0", "0", "1", "0", "0", "0", "0", "0", "0", "0", "0", "0", "0", "0", "0", "0", "0", "0", "0", "0", "0", "0", "0", "0" ], "duration": 130.0, "sum": 1 }, "geometry": { "type": "Point", "coordinates": [ -122.322370791225936, 47.689139623862772 ] } },
{ "type": "Feature", "properties": { "lat": 47.689140450152287, "lon": -122.32336781776633, "time_of_day": "Morning", "causation": [ "0", "0", "1", "0", "0", "0", "0", "0", "0", "0", "0", "0", "0", "0", "0", "0", "0", "0", "0", "0", "0", "0", "0", "0" ], "duration": 130.0, "sum": 1 }, "geometry": { "type": "Point", "coordinates": [ -122.323367817766325, 47.689140450152287 ] } },
{ "type": "Feature", "properties": { "lat": 47.689141248095545, "lon": -122.32222026542564, "time_of_day": "Morning", "causation": [ "0", "0", "1", "0", "0", "0", "0", "0", "0", "0", "0", "0", "0", "0", "0", "0", "0", "0", "0", "0", "0", "0", "0", "0" ], "duration": 130.0, "sum": 1 }, "geometry": { "type": "Point", "coordinates": [ -122.322220265425642, 47.689141248095545 ] } },
{ "type": "Feature", "properties": { "lat": 47.689144181078575, "lon": -122.32156118633006, "time_of_day": "Morning", "causation": [ "0", "0", "1", "0", "0", "0", "0", "0", "0", "0", "0", "0", "0", "0", "0", "0", "0", "0", "0", "0", "0", "0", "0", "0" ], "duration": 130.0, "sum": 1 }, "geometry": { "type": "Point", "coordinates": [ -122.321561186330058, 47.689144181078575 ] } },
{ "type": "Feature", "properties": { "lat": 47.689146614292667, "lon": -122.32188353802351, "time_of_day": "Morning", "causation": [ "0", "0", "1", "0", "0", "0", "0", "0", "0", "0", "0", "0", "0", "0", "0", "0", "0", "0", "0", "0", "0", "0", "0", "0" ], "duration": 130.0, "sum": 1 }, "geometry": { "type": "Point", "coordinates": [ -122.321883538023513, 47.689146614292667 ] } },
{ "type": "Feature", "properties": { "lat": 47.68915188342811, "lon": -122.31965765679634, "time_of_day": "Morning", "causation": [ "0", "0", "1", "0", "0", "0", "0", "0", "0", "0", "0", "0", "0", "0", "0", "0", "0", "0", "0", "0", "0", "0", "0", "0" ], "duration": 130.0, "sum": 1 }, "geometry": { "type": "Point", "coordinates": [ -122.319657656796338, 47.68915188342811 ] } },
{ "type": "Feature", "properties": { "lat": 47.689154522493467, "lon": -122.31952085762634, "time_of_day": "Morning", "causation": [ "0", "0", "1", "0", "0", "0", "0", "0", "0", "0", "0", "0", "0", "0", "0", "0", "0", "0", "0", "0", "0", "0", "0", "0" ], "duration": 130.0, "sum": 1 }, "geometry": { "type": "Point", "coordinates": [ -122.319520857626344, 47.689154522493467 ] } },
{ "type": "Feature", "properties": { "lat": 47.689155832875869, "lon": -122.32100435608127, "time_of_day": "Morning", "causation": [ "0", "0", "1", "0", "0", "0", "0", "0", "0", "0", "0", "0", "0", "0", "0", "0", "0", "0", "0", "0", "0", "0", "0", "0" ], "duration": 130.0, "sum": 1 }, "geometry": { "type": "Point", "coordinates": [ -122.321004356081275, 47.689155832875869 ] } },
{ "type": "Feature", "properties": { "lat": 47.689159122659639, "lon": -122.32115499827046, "time_of_day": "Morning", "causation": [ "0", "0", "1", "0", "0", "0", "0", "0", "0", "0", "0", "0", "0", "0", "0", "0", "0", "0", "0", "0", "0", "0", "0", "0" ], "duration": 130.0, "sum": 1 }, "geometry": { "type": "Point", "coordinates": [ -122.321154998270458, 47.689159122659639 ] } },
{ "type": "Feature", "properties": { "lat": 47.689161954124387, "lon": -122.32256974025726, "time_of_day": "Morning", "causation": [ "0", "0", "1", "0", "0", "0", "0", "0", "0", "0", "0", "0", "0", "0", "0", "0", "0", "0", "0", "0", "0", "0", "0", "0" ], "duration": 130.0, "sum": 1 }, "geometry": { "type": "Point", "coordinates": [ -122.322569740257265, 47.689161954124387 ] } },
{ "type": "Feature", "properties": { "lat": 47.689171194664553, "lon": -122.32080387168072, "time_of_day": "Morning", "causation": [ "0", "0", "1", "0", "0", "0", "0", "0", "0", "0", "0", "0", "0", "0", "0", "0", "0", "0", "0", "0", "0", "0", "0", "0" ], "duration": 130.0, "sum": 1 }, "geometry": { "type": "Point", "coordinates": [ -122.320803871680724, 47.689171194664553 ] } },
{ "type": "Feature", "properties": { "lat": 47.689187565092148, "lon": -122.32129423886305, "time_of_day": "Morning", "causation": [ "0", "0", "1", "0", "0", "0", "0", "0", "0", "0", "0", "0", "0", "0", "0", "0", "0", "0", "0", "0", "0", "0", "0", "0" ], "duration": 130.0, "sum": 1 }, "geometry": { "type": "Point", "coordinates": [ -122.321294238863047, 47.689187565092148 ] } },
{ "type": "Feature", "properties": { "lat": 47.689207524401638, "lon": -122.32279944341566, "time_of_day": "Morning", "causation": [ "0", "0", "5", "0", "0", "0", "0", "0", "0", "0", "0", "0", "0", "0", "0", "0", "0", "0", "0", "0", "0", "0", "0", "0" ], "duration": 650.0, "sum": 5 }, "geometry": { "type": "Point", "coordinates": [ -122.322799443415661, 47.689207524401638 ] } },
{ "type": "Feature", "properties": { "lat": 47.689208881008895, "lon": -122.32352105138308, "time_of_day": "Morning", "causation": [ "0", "0", "1", "0", "0", "0", "0", "0", "0", "0", "0", "0", "0", "0", "0", "0", "0", "0", "0", "0", "0", "0", "0", "0" ], "duration": 130.0, "sum": 1 }, "geometry": { "type": "Point", "coordinates": [ -122.323521051383082, 47.689208881008895 ] } },
{ "type": "Feature", "properties": { "lat": 47.689210366996093, "lon": -122.32323378047936, "time_of_day": "Morning", "causation": [ "0", "0", "1", "0", "0", "0", "0", "0", "0", "0", "0", "0", "0", "0", "0", "0", "0", "0", "0", "0", "0", "0", "0", "0" ], "duration": 130.0, "sum": 1 }, "geometry": { "type": "Point", "coordinates": [ -122.323233780479356, 47.689210366996093 ] } },
{ "type": "Feature", "properties": { "lat": 47.689214097191005, "lon": -122.32336789941787, "time_of_day": "Morning", "causation": [ "0", "0", "1", "0", "0", "0", "0", "0", "0", "0", "0", "0", "0", "0", "0", "0", "0", "0", "0", "0", "0", "0", "0", "0" ], "duration": 130.0, "sum": 1 }, "geometry": { "type": "Point", "coordinates": [ -122.323367899417875, 47.689214097191005 ] } },
{ "type": "Feature", "properties": { "lat": 47.689234199093725, "lon": -122.31891082024522, "time_of_day": "Morning", "causation": [ "0", "0", "1", "0", "0", "0", "0", "0", "0", "0", "0", "0", "0", "0", "0", "0", "0", "0", "0", "0", "0", "0", "0", "0" ], "duration": 130.0, "sum": 1 }, "geometry": { "type": "Point", "coordinates": [ -122.318910820245222, 47.689234199093725 ] } },
{ "type": "Feature", "properties": { "lat": 47.689253732898877, "lon": -122.32006243172712, "time_of_day": "Morning", "causation": [ "0", "0", "1", "0", "0", "0", "0", "0", "0", "0", "0", "0", "0", "0", "0", "0", "0", "0", "0", "0", "0", "0", "0", "0" ], "duration": 130.0, "sum": 1 }, "geometry": { "type": "Point", "coordinates": [ -122.320062431727123, 47.689253732898877 ] } },
{ "type": "Feature", "properties": { "lat": 47.689373551594826, "lon": -122.32333728811039, "time_of_day": "Morning", "causation": [ "0", "0", "18", "0", "0", "0", "0", "0", "0", "0", "0", "0", "0", "0", "0", "0", "0", "0", "0", "0", "0", "0", "0", "0" ], "duration": 2340.0, "sum": 18 }, "geometry": { "type": "Point", "coordinates": [ -122.323337288110395, 47.689373551594826 ] } },
{ "type": "Feature", "properties": { "lat": 47.689581989150298, "lon": -122.32342876202904, "time_of_day": "Morning", "causation": [ "0", "0", "14", "0", "0", "0", "0", "0", "0", "0", "0", "0", "0", "0", "0", "0", "0", "0", "0", "0", "0", "0", "0", "0" ], "duration": 1820.0, "sum": 14 }, "geometry": { "type": "Point", "coordinates": [ -122.323428762029039, 47.689581989150298 ] } },
{ "type": "Feature", "properties": { "lat": 47.689872018027714, "lon": -122.32279995089615, "time_of_day": "Morning", "causation": [ "0", "0", "10", "0", "0", "0", "0", "0", "0", "0", "0", "0", "0", "0", "0", "0", "0", "0", "0", "0", "0", "0", "0", "0" ], "duration": 1300.0, "sum": 10 }, "geometry": { "type": "Point", "coordinates": [ -122.322799950896155, 47.689872018027714 ] } },
{ "type": "Feature", "properties": { "lat": 47.690001314967269, "lon": -122.323384263138, "time_of_day": "Morning", "causation": [ "0", "0", "10", "0", "0", "0", "0", "0", "0", "0", "0", "0", "0", "0", "0", "0", "0", "0", "0", "0", "0", "0", "0", "0" ], "duration": 1300.0, "sum": 10 }, "geometry": { "type": "Point", "coordinates": [ -122.323384263137996, 47.690001314967269 ] } },
{ "type": "Feature", "properties": { "lat": 47.690680295116834, "lon": -122.32342799740364, "time_of_day": "Morning", "causation": [ "0", "0", "4", "0", "0", "0", "0", "0", "0", "0", "0", "0", "0", "0", "0", "0", "0", "0", "0", "0", "0", "0", "0", "0" ], "duration": 520.0, "sum": 4 }, "geometry": { "type": "Point", "coordinates": [ -122.323427997403641, 47.690680295116834 ] } },
{ "type": "Feature", "properties": { "lat": 47.690729908197802, "lon": -122.355530200779, "time_of_day": "Morning", "causation": [ "0", "0", "0", "0", "0", "0", "0", "0", "0", "0", "0", "0", "0", "7", "0", "0", "0", "0", "0", "0", "0", "0", "0", "0" ], "duration": 7266.0, "sum": 7 }, "geometry": { "type": "Point", "coordinates": [ -122.355530200779, 47.690729908197802 ] } },
{ "type": "Feature", "properties": { "lat": 47.6909215046838, "lon": -122.32334379664898, "time_of_day": "Morning", "causation": [ "0", "0", "2", "0", "0", "0", "0", "0", "0", "0", "0", "0", "0", "0", "0", "0", "0", "0", "0", "0", "0", "0", "0", "0" ], "duration": 260.0, "sum": 2 }, "geometry": { "type": "Point", "coordinates": [ -122.323343796648984, 47.6909215046838 ] } },
{ "type": "Feature", "properties": { "lat": 47.690952695422297, "lon": -122.32272240410497, "time_of_day": "Morning", "causation": [ "0", "0", "1", "0", "0", "0", "0", "0", "0", "0", "0", "0", "0", "0", "0", "0", "0", "0", "0", "0", "0", "0", "0", "0" ], "duration": 130.0, "sum": 1 }, "geometry": { "type": "Point", "coordinates": [ -122.322722404104965, 47.690952695422297 ] } },
{ "type": "Feature", "properties": { "lat": 47.691056999952004, "lon": -122.32333896746822, "time_of_day": "Morning", "causation": [ "0", "0", "1", "0", "0", "0", "0", "0", "0", "0", "0", "0", "0", "0", "0", "0", "0", "0", "0", "0", "0", "0", "0", "0" ], "duration": 130.0, "sum": 1 }, "geometry": { "type": "Point", "coordinates": [ -122.323338967468217, 47.691056999952004 ] } },
{ "type": "Feature", "properties": { "lat": 47.691157864205003, "lon": -122.32275395618689, "time_of_day": "Morning", "causation": [ "0", "0", "1", "0", "0", "0", "0", "0", "0", "0", "0", "0", "0", "0", "0", "0", "0", "0", "0", "0", "0", "0", "0", "0" ], "duration": 130.0, "sum": 1 }, "geometry": { "type": "Point", "coordinates": [ -122.322753956186887, 47.691157864205003 ] } },
{ "type": "Feature", "properties": { "lat": 47.691164660989983, "lon": -122.32335244350205, "time_of_day": "Morning", "causation": [ "0", "0", "1", "0", "0", "0", "0", "0", "0", "0", "0", "0", "0", "0", "0", "0", "0", "0", "0", "0", "0", "0", "0", "0" ], "duration": 130.0, "sum": 1 }, "geometry": { "type": "Point", "coordinates": [ -122.323352443502046, 47.691164660989983 ] } },
{ "type": "Feature", "properties": { "lat": 47.691326858414328, "lon": -122.35566185869446, "time_of_day": "Morning", "causation": [ "0", "0", "0", "0", "0", "0", "0", "0", "0", "0", "0", "0", "0", "5", "0", "0", "0", "0", "0", "0", "0", "0", "0", "0" ], "duration": 5190.0, "sum": 5 }, "geometry": { "type": "Point", "coordinates": [ -122.355661858694461, 47.691326858414328 ] } },
{ "type": "Feature", "properties": { "lat": 47.691407173362734, "lon": -122.35471331278036, "time_of_day": "Morning", "causation": [ "0", "0", "0", "0", "0", "0", "0", "0", "0", "0", "0", "0", "0", "2", "0", "0", "0", "0", "0", "0", "0", "0", "0", "0" ], "duration": 1704.0, "sum": 2 }, "geometry": { "type": "Point", "coordinates": [ -122.354713312780362, 47.691407173362734 ] } },
{ "type": "Feature", "properties": { "lat": 47.691485502397967, "lon": -122.35569520766772, "time_of_day": "Morning", "causation": [ "0", "0", "0", "0", "0", "0", "0", "0", "0", "0", "0", "0", "0", "10", "0", "0", "0", "0", "0", "0", "0", "0", "0", "0" ], "duration": 10380.0, "sum": 10 }, "geometry": { "type": "Point", "coordinates": [ -122.355695207667722, 47.691485502397967 ] } },
{ "type": "Feature", "properties": { "lat": 47.691490555285348, "lon": -122.31879006652196, "time_of_day": "Morning", "causation": [ "0", "1", "0", "0", "0", "0", "0", "0", "0", "0", "0", "0", "0", "0", "0", "0", "0", "0", "0", "0", "0", "0", "0", "0" ], "duration": 112.0, "sum": 1 }, "geometry": { "type": "Point", "coordinates": [ -122.318790066521956, 47.691490555285348 ] } },
{ "type": "Feature", "properties": { "lat": 47.691586945211888, "lon": -122.35500233233869, "time_of_day": "Morning", "causation": [ "0", "0", "0", "0", "0", "0", "0", "0", "0", "0", "0", "0", "0", "9", "0", "0", "0", "0", "0", "0", "0", "0", "0", "0" ], "duration": 7668.0, "sum": 9 }, "geometry": { "type": "Point", "coordinates": [ -122.355002332338685, 47.691586945211888 ] } },
{ "type": "Feature", "properties": { "lat": 47.691755527081135, "lon": -122.35495317891736, "time_of_day": "Morning", "causation": [ "0", "0", "0", "0", "0", "0", "0", "0", "0", "0", "0", "0", "0", "2", "0", "0", "0", "0", "0", "0", "0", "0", "0", "0" ], "duration": 1704.0, "sum": 2 }, "geometry": { "type": "Point", "coordinates": [ -122.354953178917356, 47.691755527081135 ] } },
{ "type": "Feature", "properties": { "lat": 47.692009810777577, "lon": -122.35562610221378, "time_of_day": "Morning", "causation": [ "0", "0", "0", "0", "0", "0", "0", "0", "0", "0", "0", "0", "0", "77", "0", "0", "0", "0", "0", "0", "0", "0", "0", "0" ], "duration": 79926.0, "sum": 77 }, "geometry": { "type": "Point", "coordinates": [ -122.355626102213776, 47.692009810777577 ] } },
{ "type": "Feature", "properties": { "lat": 47.69283856767764, "lon": -122.35467612908208, "time_of_day": "Morning", "causation": [ "0", "0", "0", "0", "0", "0", "0", "0", "0", "0", "0", "0", "0", "1", "0", "0", "0", "0", "0", "0", "0", "0", "0", "0" ], "duration": 1038.0, "sum": 1 }, "geometry": { "type": "Point", "coordinates": [ -122.35467612908208, 47.69283856767764 ] } },
{ "type": "Feature", "properties": { "lat": 47.693975723893722, "lon": -122.35571557066685, "time_of_day": "Morning", "causation": [ "0", "0", "0", "0", "0", "0", "0", "0", "0", "0", "0", "0", "0", "60", "0", "0", "0", "0", "0", "0", "0", "0", "0", "0" ], "duration": 62280.0, "sum": 60 }, "geometry": { "type": "Point", "coordinates": [ -122.355715570666845, 47.693975723893722 ] } },
{ "type": "Feature", "properties": { "lat": 47.695286357802907, "lon": -122.38557889617458, "time_of_day": "Morning", "causation": [ "0", "0", "0", "0", "1", "0", "0", "0", "0", "0", "0", "0", "0", "0", "0", "0", "0", "0", "0", "0", "0", "0", "0", "0" ], "duration": 175.0, "sum": 1 }, "geometry": { "type": "Point", "coordinates": [ -122.385578896174579, 47.695286357802907 ] } },
{ "type": "Feature", "properties": { "lat": 47.702803180893461, "lon": -122.3029826448612, "time_of_day": "Morning", "causation": [ "0", "0", "0", "0", "0", "0", "0", "0", "0", "0", "0", "0", "0", "0", "0", "0", "0", "0", "0", "0", "1", "0", "0", "0" ], "duration": 202.0, "sum": 1 }, "geometry": { "type": "Point", "coordinates": [ -122.302982644861203, 47.702803180893461 ] } },
{ "type": "Feature", "properties": { "lat": 47.70281442411116, "lon": -122.30327791781758, "time_of_day": "Morning", "causation": [ "0", "0", "0", "0", "0", "0", "0", "0", "0", "0", "0", "0", "0", "0", "0", "0", "0", "0", "0", "0", "1", "0", "0", "0" ], "duration": 202.0, "sum": 1 }, "geometry": { "type": "Point", "coordinates": [ -122.303277917817582, 47.70281442411116 ] } },
{ "type": "Feature", "properties": { "lat": 47.70283530475308, "lon": -122.30758913169922, "time_of_day": "Morning", "causation": [ "0", "0", "0", "0", "0", "0", "0", "0", "0", "0", "0", "0", "0", "0", "0", "0", "0", "0", "0", "0", "1", "0", "0", "0" ], "duration": 231.0, "sum": 1 }, "geometry": { "type": "Point", "coordinates": [ -122.307589131699217, 47.70283530475308 ] } },
{ "type": "Feature", "properties": { "lat": 47.70287081609235, "lon": -122.30779939866088, "time_of_day": "Morning", "causation": [ "0", "0", "0", "0", "0", "0", "0", "0", "0", "0", "0", "0", "0", "0", "0", "0", "0", "0", "0", "0", "1", "0", "0", "0" ], "duration": 231.0, "sum": 1 }, "geometry": { "type": "Point", "coordinates": [ -122.307799398660876, 47.70287081609235 ] } },
{ "type": "Feature", "properties": { "lat": 47.703184359330713, "lon": -122.30258196164384, "time_of_day": "Morning", "causation": [ "0", "0", "0", "0", "0", "0", "0", "0", "0", "0", "0", "0", "0", "0", "0", "0", "0", "0", "0", "0", "1", "0", "0", "0" ], "duration": 202.0, "sum": 1 }, "geometry": { "type": "Point", "coordinates": [ -122.302581961643838, 47.703184359330713 ] } },
{ "type": "Feature", "properties": { "lat": 47.703200058050228, "lon": -122.30295773019664, "time_of_day": "Morning", "causation": [ "0", "0", "0", "0", "0", "0", "0", "0", "0", "0", "0", "0", "0", "0", "0", "0", "0", "0", "0", "0", "1", "0", "0", "0" ], "duration": 202.0, "sum": 1 }, "geometry": { "type": "Point", "coordinates": [ -122.302957730196638, 47.703200058050228 ] } },
{ "type": "Feature", "properties": { "lat": 47.703231430824701, "lon": -122.30313748996188, "time_of_day": "Morning", "causation": [ "0", "0", "0", "0", "0", "0", "0", "0", "0", "0", "0", "0", "0", "0", "0", "0", "0", "0", "0", "0", "1", "0", "0", "0" ], "duration": 202.0, "sum": 1 }, "geometry": { "type": "Point", "coordinates": [ -122.303137489961884, 47.703231430824701 ] } },
{ "type": "Feature", "properties": { "lat": 47.703241566155462, "lon": -122.30763081117937, "time_of_day": "Morning", "causation": [ "0", "0", "0", "0", "0", "0", "0", "0", "0", "0", "0", "0", "0", "0", "0", "0", "0", "0", "0", "0", "1", "0", "0", "0" ], "duration": 231.0, "sum": 1 }, "geometry": { "type": "Point", "coordinates": [ -122.307630811179365, 47.703241566155462 ] } },
{ "type": "Feature", "properties": { "lat": 47.703252839183662, "lon": -122.30277817821302, "time_of_day": "Morning", "causation": [ "0", "0", "0", "0", "0", "0", "0", "0", "0", "0", "0", "0", "0", "0", "0", "0", "0", "0", "0", "0", "1", "0", "0", "0" ], "duration": 202.0, "sum": 1 }, "geometry": { "type": "Point", "coordinates": [ -122.302778178213018, 47.703252839183662 ] } },
{ "type": "Feature", "properties": { "lat": 47.703272969556998, "lon": -122.30777927281564, "time_of_day": "Morning", "causation": [ "0", "0", "0", "0", "0", "0", "0", "0", "0", "0", "0", "0", "0", "0", "0", "0", "0", "0", "0", "0", "1", "0", "0", "0" ], "duration": 231.0, "sum": 1 }, "geometry": { "type": "Point", "coordinates": [ -122.307779272815637, 47.703272969556998 ] } },
{ "type": "Feature", "properties": { "lat": 47.703291334193089, "lon": -122.30799002164868, "time_of_day": "Morning", "causation": [ "0", "0", "0", "0", "0", "0", "0", "0", "0", "0", "0", "0", "0", "0", "0", "0", "0", "0", "0", "0", "1", "0", "0", "0" ], "duration": 231.0, "sum": 1 }, "geometry": { "type": "Point", "coordinates": [ -122.307990021648678, 47.703291334193089 ] } },
{ "type": "Feature", "properties": { "lat": 47.703346605530669, "lon": -122.30816631215376, "time_of_day": "Morning", "causation": [ "0", "0", "0", "0", "0", "0", "0", "0", "0", "0", "0", "0", "0", "0", "0", "0", "0", "0", "0", "0", "1", "0", "0", "0" ], "duration": 231.0, "sum": 1 }, "geometry": { "type": "Point", "coordinates": [ -122.308166312153759, 47.703346605530669 ] } },
{ "type": "Feature", "properties": { "lat": 47.703419416705394, "lon": -122.30837477710809, "time_of_day": "Morning", "causation": [ "0", "0", "0", "0", "0", "0", "0", "0", "0", "0", "0", "0", "0", "0", "0", "0", "0", "0", "0", "0", "1", "0", "0", "0" ], "duration": 231.0, "sum": 1 }, "geometry": { "type": "Point", "coordinates": [ -122.308374777108085, 47.703419416705394 ] } },
{ "type": "Feature", "properties": { "lat": 47.703425558922483, "lon": -122.3085321778106, "time_of_day": "Morning", "causation": [ "0", "0", "0", "0", "0", "0", "0", "0", "0", "0", "0", "0", "0", "0", "0", "0", "0", "0", "0", "0", "1", "0", "0", "0" ], "duration": 231.0, "sum": 1 }, "geometry": { "type": "Point", "coordinates": [ -122.308532177810605, 47.703425558922483 ] } },
{ "type": "Feature", "properties": { "lat": 47.704101753819614, "lon": -122.31486771266948, "time_of_day": "Morning", "causation": [ "0", "0", "0", "0", "0", "0", "0", "0", "0", "0", "0", "0", "0", "0", "0", "0", "0", "2", "0", "0", "0", "0", "0", "0" ], "duration": 210.0, "sum": 2 }, "geometry": { "type": "Point", "coordinates": [ -122.314867712669482, 47.704101753819614 ] } },
{ "type": "Feature", "properties": { "lat": 47.707058758897752, "lon": -122.31407893219308, "time_of_day": "Morning", "causation": [ "0", "0", "0", "0", "0", "0", "0", "0", "1", "0", "0", "0", "0", "0", "0", "0", "0", "0", "0", "0", "0", "0", "0", "0" ], "duration": 92.0, "sum": 1 }, "geometry": { "type": "Point", "coordinates": [ -122.314078932193084, 47.707058758897752 ] } },
{ "type": "Feature", "properties": { "lat": 47.707075158829873, "lon": -122.31349194659892, "time_of_day": "Morning", "causation": [ "0", "0", "0", "0", "0", "0", "0", "0", "1", "0", "0", "0", "0", "0", "0", "0", "0", "0", "0", "0", "0", "0", "0", "0" ], "duration": 92.0, "sum": 1 }, "geometry": { "type": "Point", "coordinates": [ -122.313491946598916, 47.707075158829873 ] } },
{ "type": "Feature", "properties": { "lat": 47.707220078320105, "lon": -122.31409775785876, "time_of_day": "Morning", "causation": [ "0", "0", "0", "0", "0", "0", "0", "0", "1", "0", "0", "0", "0", "0", "0", "0", "0", "0", "0", "0", "0", "0", "0", "0" ], "duration": 92.0, "sum": 1 }, "geometry": { "type": "Point", "coordinates": [ -122.314097757858761, 47.707220078320105 ] } },
{ "type": "Feature", "properties": { "lat": 47.707236709735568, "lon": -122.31346376325961, "time_of_day": "Morning", "causation": [ "0", "0", "0", "0", "0", "0", "0", "0", "1", "0", "0", "0", "0", "0", "0", "0", "0", "0", "0", "0", "0", "0", "0", "0" ], "duration": 92.0, "sum": 1 }, "geometry": { "type": "Point", "coordinates": [ -122.313463763259605, 47.707236709735568 ] } },
{ "type": "Feature", "properties": { "lat": 47.710856338606106, "lon": -122.31661094775632, "time_of_day": "Morning", "causation": [ "0", "0", "0", "0", "0", "0", "0", "0", "1", "0", "0", "0", "0", "0", "0", "0", "0", "0", "0", "0", "0", "0", "0", "0" ], "duration": 1511.0, "sum": 1 }, "geometry": { "type": "Point", "coordinates": [ -122.316610947756317, 47.710856338606106 ] } },
{ "type": "Feature", "properties": { "lat": 47.711498962467822, "lon": -122.31576087463756, "time_of_day": "Morning", "causation": [ "0", "0", "0", "0", "0", "0", "0", "0", "1", "0", "0", "0", "0", "0", "0", "0", "0", "0", "0", "0", "0", "0", "0", "0" ], "duration": 135.0, "sum": 1 }, "geometry": { "type": "Point", "coordinates": [ -122.315760874637562, 47.711498962467822 ] } },
{ "type": "Feature", "properties": { "lat": 47.71164638532597, "lon": -122.31639256921387, "time_of_day": "Morning", "causation": [ "0", "0", "0", "0", "0", "0", "0", "0", "1", "0", "0", "0", "0", "0", "0", "0", "0", "0", "0", "0", "0", "0", "0", "0" ], "duration": 135.0, "sum": 1 }, "geometry": { "type": "Point", "coordinates": [ -122.316392569213875, 47.71164638532597 ] } },
{ "type": "Feature", "properties": { "lat": 47.724357534566167, "lon": -122.34698764163127, "time_of_day": "Morning", "causation": [ "0", "0", "0", "0", "0", "0", "0", "0", "1", "0", "0", "0", "0", "0", "0", "0", "0", "0", "0", "0", "0", "0", "0", "0" ], "duration": 44.0, "sum": 1 }, "geometry": { "type": "Point", "coordinates": [ -122.346987641631273, 47.724357534566167 ] } },
{ "type": "Feature", "properties": { "lat": 47.750991229271698, "lon": -122.34857441980409, "time_of_day": "Morning", "causation": [ "0", "0", "0", "0", "0", "0", "0", "0", "1", "0", "0", "0", "0", "0", "0", "0", "0", "0", "0", "0", "0", "0", "0", "0" ], "duration": 81.0, "sum": 1 }, "geometry": { "type": "Point", "coordinates": [ -122.348574419804095, 47.750991229271698 ] } },
{ "type": "Feature", "properties": { "lat": 47.751006995518964, "lon": -122.34793300765284, "time_of_day": "Morning", "causation": [ "0", "0", "0", "0", "0", "0", "0", "0", "1", "0", "0", "0", "0", "0", "0", "0", "0", "0", "0", "0", "0", "0", "0", "0" ], "duration": 81.0, "sum": 1 }, "geometry": { "type": "Point", "coordinates": [ -122.347933007652841, 47.751006995518964 ] } },
{ "type": "Feature", "properties": { "lat": 47.75118278707302, "lon": -122.34795209245658, "time_of_day": "Morning", "causation": [ "0", "0", "0", "0", "0", "0", "0", "0", "1", "0", "0", "0", "0", "0", "0", "0", "0", "0", "0", "0", "0", "0", "0", "0" ], "duration": 81.0, "sum": 1 }, "geometry": { "type": "Point", "coordinates": [ -122.34795209245658, 47.75118278707302 ] } },
{ "type": "Feature", "properties": { "lat": 47.751199552758393, "lon": -122.34873690765052, "time_of_day": "Morning", "causation": [ "0", "0", "0", "0", "0", "0", "0", "0", "1", "0", "0", "0", "0", "0", "0", "0", "0", "0", "0", "0", "0", "0", "0", "0" ], "duration": 81.0, "sum": 1 }, "geometry": { "type": "Point", "coordinates": [ -122.348736907650519, 47.751199552758393 ] } },
{ "type": "Feature", "properties": { "lat": 47.751285614188021, "lon": -122.34854648399966, "time_of_day": "Morning", "causation": [ "0", "0", "0", "0", "0", "0", "0", "0", "1", "0", "0", "0", "0", "0", "0", "0", "0", "0", "0", "0", "0", "0", "0", "0" ], "duration": 81.0, "sum": 1 }, "geometry": { "type": "Point", "coordinates": [ -122.348546483999655, 47.751285614188021 ] } },
{ "type": "Feature", "properties": { "lat": 47.751357652509775, "lon": -122.34794051412796, "time_of_day": "Morning", "causation": [ "0", "0", "0", "0", "0", "0", "0", "0", "1", "0", "0", "0", "0", "0", "0", "0", "0", "0", "0", "0", "0", "0", "0", "0" ], "duration": 81.0, "sum": 1 }, "geometry": { "type": "Point", "coordinates": [ -122.347940514127956, 47.751357652509775 ] } },
{ "type": "Feature", "properties": { "lat": 47.75148202640699, "lon": -122.3479527517089, "time_of_day": "Morning", "causation": [ "0", "0", "0", "0", "0", "0", "0", "0", "1", "0", "0", "0", "0", "0", "0", "0", "0", "0", "0", "0", "0", "0", "0", "0" ], "duration": 81.0, "sum": 1 }, "geometry": { "type": "Point", "coordinates": [ -122.347952751708902, 47.75148202640699 ] } },
{ "type": "Feature", "properties": { "lat": 47.751537856168802, "lon": -122.34864193226367, "time_of_day": "Morning", "causation": [ "0", "0", "0", "0", "0", "0", "0", "0", "2", "0", "0", "0", "0", "0", "0", "0", "0", "0", "0", "0", "0", "0", "0", "0" ], "duration": 162.0, "sum": 2 }, "geometry": { "type": "Point", "coordinates": [ -122.348641932263675, 47.751537856168802 ] } },
{ "type": "Feature", "properties": { "lat": 47.751633507681582, "lon": -122.34797123289844, "time_of_day": "Morning", "causation": [ "0", "0", "0", "0", "0", "0", "0", "0", "1", "0", "0", "0", "0", "0", "0", "0", "0", "0", "0", "0", "0", "0", "0", "0" ], "duration": 81.0, "sum": 1 }, "geometry": { "type": "Point", "coordinates": [ -122.347971232898445, 47.751633507681582 ] } },
{ "type": "Feature", "properties": { "lat": 47.759401995745762, "lon": -122.33067292798611, "time_of_day": "Morning", "causation": [ "0", "0", "0", "0", "0", "0", "0", "0", "1", "0", "0", "0", "0", "0", "0", "0", "0", "0", "0", "0", "0", "0", "0", "0" ], "duration": 192.0, "sum": 1 }, "geometry": { "type": "Point", "coordinates": [ -122.330672927986114, 47.759401995745762 ] } },
{ "type": "Feature", "properties": { "lat": 47.760423764803328, "lon": -122.37188469439566, "time_of_day": "Late Night", "causation": [ "0", "0", "0", "0", "0", "0", "0", "0", "1", "0", "0", "0", "0", "0", "0", "0", "0", "0", "0", "0", "0", "0", "0", "0" ], "duration": 1187.0, "sum": 1 }, "geometry": { "type": "Point", "coordinates": [ -122.371884694395661, 47.760423764803328 ] } },
{ "type": "Feature", "properties": { "lat": 47.761226596601546, "lon": -122.27474981646002, "time_of_day": "Morning", "causation": [ "0", "0", "0", "0", "0", "0", "0", "0", "0", "0", "0", "0", "0", "0", "0", "0", "0", "0", "0", "0", "1", "0", "0", "0" ], "duration": 1504.0, "sum": 1 }, "geometry": { "type": "Point", "coordinates": [ -122.274749816460016, 47.761226596601546 ] } },
{ "type": "Feature", "properties": { "lat": 47.761657000699891, "lon": -122.27460450268022, "time_of_day": "Morning", "causation": [ "0", "0", "0", "0", "0", "0", "0", "0", "0", "0", "0", "0", "0", "0", "0", "0", "0", "0", "0", "0", "1", "0", "0", "0" ], "duration": 1504.0, "sum": 1 }, "geometry": { "type": "Point", "coordinates": [ -122.274604502680219, 47.761657000699891 ] } },
{ "type": "Feature", "properties": { "lat": 47.764259375287651, "lon": -122.27081666084032, "time_of_day": "Late Night", "causation": [ "0", "0", "0", "0", "0", "0", "0", "0", "0", "0", "0", "0", "0", "0", "0", "0", "0", "3", "0", "0", "0", "0", "0", "0" ], "duration": 93.0, "sum": 3 }, "geometry": { "type": "Point", "coordinates": [ -122.270816660840325, 47.764259375287651 ] } },
{ "type": "Feature", "properties": { "lat": 47.766569200323019, "lon": -122.31845759594584, "time_of_day": "Morning", "causation": [ "0", "0", "1", "0", "0", "0", "0", "0", "0", "0", "0", "0", "0", "0", "0", "0", "0", "0", "0", "0", "0", "0", "0", "0" ], "duration": 54.0, "sum": 1 }, "geometry": { "type": "Point", "coordinates": [ -122.318457595945844, 47.766569200323019 ] } },
{ "type": "Feature", "properties": { "lat": 47.766835533042531, "lon": -122.31844255071692, "time_of_day": "Morning", "causation": [ "0", "0", "1", "0", "0", "0", "0", "0", "0", "0", "0", "0", "0", "0", "0", "0", "0", "0", "0", "0", "0", "0", "0", "0" ], "duration": 54.0, "sum": 1 }, "geometry": { "type": "Point", "coordinates": [ -122.318442550716924, 47.766835533042531 ] } },
{ "type": "Feature", "properties": { "lat": 47.766951660249823, "lon": -122.31791384016402, "time_of_day": "Morning", "causation": [ "0", "0", "1", "0", "0", "0", "0", "0", "0", "0", "0", "0", "0", "0", "0", "0", "0", "0", "0", "0", "0", "0", "0", "0" ], "duration": 54.0, "sum": 1 }, "geometry": { "type": "Point", "coordinates": [ -122.317913840164024, 47.766951660249823 ] } },
{ "type": "Feature", "properties": { "lat": 47.767092905161682, "lon": -122.38192152167522, "time_of_day": "Morning", "causation": [ "0", "0", "1", "0", "0", "0", "0", "0", "0", "0", "0", "0", "0", "0", "0", "0", "0", "0", "0", "0", "0", "0", "0", "0" ], "duration": 111.0, "sum": 1 }, "geometry": { "type": "Point", "coordinates": [ -122.381921521675224, 47.767092905161682 ] } },
{ "type": "Feature", "properties": { "lat": 47.767097400418528, "lon": -122.3821642517984, "time_of_day": "Morning", "causation": [ "0", "0", "1", "0", "0", "0", "0", "0", "0", "0", "0", "0", "0", "0", "0", "0", "0", "0", "0", "0", "0", "0", "0", "0" ], "duration": 111.0, "sum": 1 }, "geometry": { "type": "Point", "coordinates": [ -122.3821642517984, 47.767097400418528 ] } },
{ "type": "Feature", "properties": { "lat": 47.76709759937134, "lon": -122.38237913215474, "time_of_day": "Morning", "causation": [ "0", "0", "1", "0", "0", "0", "0", "0", "0", "0", "0", "0", "0", "0", "0", "0", "0", "0", "0", "0", "0", "0", "0", "0" ], "duration": 111.0, "sum": 1 }, "geometry": { "type": "Point", "coordinates": [ -122.382379132154739, 47.76709759937134 ] } },
{ "type": "Feature", "properties": { "lat": 47.767176083092544, "lon": -122.38139279250176, "time_of_day": "Morning", "causation": [ "0", "0", "1", "0", "0", "0", "0", "0", "0", "0", "0", "0", "0", "0", "0", "0", "0", "0", "0", "0", "0", "0", "0", "0" ], "duration": 111.0, "sum": 1 }, "geometry": { "type": "Point", "coordinates": [ -122.381392792501757, 47.767176083092544 ] } },
{ "type": "Feature", "properties": { "lat": 47.767253370858711, "lon": -122.38301716721688, "time_of_day": "Morning", "causation": [ "0", "0", "1", "0", "0", "0", "0", "0", "0", "0", "0", "0", "0", "0", "0", "0", "0", "0", "0", "0", "0", "0", "0", "0" ], "duration": 111.0, "sum": 1 }, "geometry": { "type": "Point", "coordinates": [ -122.383017167216877, 47.767253370858711 ] } },
{ "type": "Feature", "properties": { "lat": 47.767424405219117, "lon": -122.38228722816444, "time_of_day": "Morning", "causation": [ "0", "0", "1", "0", "0", "0", "0", "0", "0", "0", "0", "0", "0", "0", "0", "0", "0", "0", "0", "0", "0", "0", "0", "0" ], "duration": 111.0, "sum": 1 }, "geometry": { "type": "Point", "coordinates": [ -122.382287228164444, 47.767424405219117 ] } },
{ "type": "Feature", "properties": { "lat": 47.767540270451128, "lon": -122.38293268916466, "time_of_day": "Morning", "causation": [ "0", "0", "1", "0", "0", "0", "0", "0", "0", "0", "0", "0", "0", "0", "0", "0", "0", "0", "0", "0", "0", "0", "0", "0" ], "duration": 111.0, "sum": 1 }, "geometry": { "type": "Point", "coordinates": [ -122.382932689164662, 47.767540270451128 ] } },
{ "type": "Feature", "properties": { "lat": 47.767729092401979, "lon": -122.3821542877688, "time_of_day": "Morning", "causation": [ "0", "0", "1", "0", "0", "0", "0", "0", "0", "0", "0", "0", "0", "0", "0", "0", "0", "0", "0", "0", "0", "0", "0", "0" ], "duration": 111.0, "sum": 1 }, "geometry": { "type": "Point", "coordinates": [ -122.382154287768799, 47.767729092401979 ] } }
]
}
