{
"type": "FeatureCollection",
"crs": { "type": "name", "properties": { "name": "urn:ogc:def:crs:OGC::CRS84" } },
"features": [
{ "type": "Feature", "properties": { "lat": 47.470843243058198, "lon": -122.32841664732484, "time_of_day": "Morning", "causation": [ "0", "0", "1", "0", "0", "0", "0", "0", "0", "0", "0", "0", "0", "0", "0", "0", "0", "0", "0", "0", "0", "0", "0", "0" ], "duration": 82.0, "sum": 1 }, "geometry": { "type": "Point", "coordinates": [ -122.328416647324843, 47.470843243058198 ] } },
{ "type": "Feature", "properties": { "lat": 47.471578927913413, "lon": -122.32833513211148, "time_of_day": "Morning", "causation": [ "0", "0", "1", "0", "0", "0", "0", "0", "0", "0", "0", "0", "0", "0", "0", "0", "0", "0", "0", "0", "0", "0", "0", "0" ], "duration": 82.0, "sum": 1 }, "geometry": { "type": "Point", "coordinates": [ -122.328335132111476, 47.471578927913413 ] } },
{ "type": "Feature", "properties": { "lat": 47.471745750155193, "lon": -122.32834359245328, "time_of_day": "Morning", "causation": [ "0", "0", "1", "0", "0", "0", "0", "0", "0", "0", "0", "0", "0", "0", "0", "0", "0", "0", "0", "0", "0", "0", "0", "0" ], "duration": 82.0, "sum": 1 }, "geometry": { "type": "Point", "coordinates": [ -122.32834359245328, 47.471745750155193 ] } },
{ "type": "Feature", "properties": { "lat": 47.472053362576496, "lon": -122.3288981952291, "time_of_day": "Morning", "causation": [ "0", "0", "1", "0", "0", "0", "0", "0", "0", "0", "0", "0", "0", "0", "0", "0", "0", "0", "0", "0", "0", "0", "0", "0" ], "duration": 82.0, "sum": 1 }, "geometry": { "type": "Point", "coordinates": [ -122.328898195229101, 47.472053362576496 ] } },
{ "type": "Feature", "properties": { "lat": 47.472135991996574, "lon": -122.32839359806091, "time_of_day": "Morning", "causation": [ "0", "0", "1", "0", "0", "0", "0", "0", "0", "0", "0", "0", "0", "0", "0", "0", "0", "0", "0", "0", "0", "0", "0", "0" ], "duration": 82.0, "sum": 1 }, "geometry": { "type": "Point", "coordinates": [ -122.328393598060913, 47.472135991996574 ] } },
{ "type": "Feature", "properties": { "lat": 47.472597393351478, "lon": -122.32851609214468, "time_of_day": "Morning", "causation": [ "0", "0", "1", "0", "0", "0", "0", "0", "0", "0", "0", "0", "0", "0", "0", "0", "0", "0", "0", "0", "0", "0", "0", "0" ], "duration": 82.0, "sum": 1 }, "geometry": { "type": "Point", "coordinates": [ -122.328516092144682, 47.472597393351478 ] } },
{ "type": "Feature", "properties": { "lat": 47.472673868455637, "lon": -122.32885321794804, "time_of_day": "Morning", "causation": [ "0", "0", "1", "0", "0", "0", "0", "0", "0", "0", "0", "0", "0", "0", "0", "0", "0", "0", "0", "0", "0", "0", "0", "0" ], "duration": 82.0, "sum": 1 }, "geometry": { "type": "Point", "coordinates": [ -122.328853217948037, 47.472673868455637 ] } },
{ "type": "Feature", "properties": { "lat": 47.474813465781189, "lon": -122.35114347016804, "time_of_day": "Morning", "causation": [ "0", "0", "0", "0", "0", "0", "0", "0", "0", "0", "0", "0", "0", "0", "0", "0", "0", "1", "0", "0", "0", "0", "0", "0" ], "duration": 23.0, "sum": 1 }, "geometry": { "type": "Point", "coordinates": [ -122.35114347016804, 47.474813465781189 ] } },
{ "type": "Feature", "properties": { "lat": 47.475028822749799, "lon": -122.35128792230678, "time_of_day": "Morning", "causation": [ "0", "0", "0", "0", "0", "0", "0", "0", "0", "0", "0", "0", "0", "0", "0", "0", "0", "1", "0", "0", "0", "0", "0", "0" ], "duration": 23.0, "sum": 1 }, "geometry": { "type": "Point", "coordinates": [ -122.351287922306781, 47.475028822749799 ] } },
{ "type": "Feature", "properties": { "lat": 47.475223349778922, "lon": -122.35134820125832, "time_of_day": "Morning", "causation": [ "0", "0", "0", "0", "0", "0", "0", "0", "0", "0", "0", "0", "0", "0", "0", "0", "0", "1", "0", "0", "0", "0", "0", "0" ], "duration": 23.0, "sum": 1 }, "geometry": { "type": "Point", "coordinates": [ -122.351348201258318, 47.475223349778922 ] } },
{ "type": "Feature", "properties": { "lat": 47.475469323982622, "lon": -122.35156507090362, "time_of_day": "Morning", "causation": [ "0", "0", "0", "0", "0", "0", "0", "0", "0", "0", "0", "0", "0", "0", "0", "0", "0", "1", "0", "0", "0", "0", "0", "0" ], "duration": 23.0, "sum": 1 }, "geometry": { "type": "Point", "coordinates": [ -122.351565070903618, 47.475469323982622 ] } },
{ "type": "Feature", "properties": { "lat": 47.475679470659223, "lon": -122.35169775547004, "time_of_day": "Morning", "causation": [ "0", "0", "0", "0", "0", "0", "0", "0", "0", "0", "0", "0", "0", "0", "0", "0", "0", "1", "0", "0", "0", "0", "0", "0" ], "duration": 23.0, "sum": 1 }, "geometry": { "type": "Point", "coordinates": [ -122.351697755470042, 47.475679470659223 ] } },
{ "type": "Feature", "properties": { "lat": 47.475905625754216, "lon": -122.35184012829777, "time_of_day": "Morning", "causation": [ "0", "0", "0", "0", "0", "0", "0", "0", "0", "0", "0", "0", "0", "0", "0", "0", "0", "1", "0", "0", "0", "0", "0", "0" ], "duration": 23.0, "sum": 1 }, "geometry": { "type": "Point", "coordinates": [ -122.351840128297766, 47.475905625754216 ] } },
{ "type": "Feature", "properties": { "lat": 47.476055466305205, "lon": -122.35113643148684, "time_of_day": "Morning", "causation": [ "0", "0", "0", "0", "0", "0", "0", "0", "0", "0", "0", "0", "0", "0", "0", "0", "0", "1", "0", "0", "0", "0", "0", "0" ], "duration": 23.0, "sum": 1 }, "geometry": { "type": "Point", "coordinates": [ -122.351136431486836, 47.476055466305205 ] } },
{ "type": "Feature", "properties": { "lat": 47.476144859939083, "lon": -122.27955184717028, "time_of_day": "Morning", "causation": [ "0", "0", "0", "0", "0", "0", "0", "0", "0", "0", "0", "0", "0", "0", "0", "0", "0", "0", "1", "0", "0", "0", "0", "0" ], "duration": 86.0, "sum": 1 }, "geometry": { "type": "Point", "coordinates": [ -122.279551847170282, 47.476144859939083 ] } },
{ "type": "Feature", "properties": { "lat": 47.476178758292768, "lon": -122.27877853784126, "time_of_day": "Morning", "causation": [ "0", "0", "0", "0", "0", "0", "0", "0", "0", "0", "0", "0", "0", "0", "0", "0", "0", "0", "1", "0", "0", "0", "0", "0" ], "duration": 86.0, "sum": 1 }, "geometry": { "type": "Point", "coordinates": [ -122.278778537841262, 47.476178758292768 ] } },
{ "type": "Feature", "properties": { "lat": 47.476182359573137, "lon": -122.35184195503771, "time_of_day": "Morning", "causation": [ "0", "0", "0", "0", "0", "0", "0", "0", "0", "0", "0", "0", "0", "0", "0", "0", "0", "1", "0", "0", "0", "0", "0", "0" ], "duration": 23.0, "sum": 1 }, "geometry": { "type": "Point", "coordinates": [ -122.351841955037713, 47.476182359573137 ] } },
{ "type": "Feature", "properties": { "lat": 47.476257589866201, "lon": -122.35123622364462, "time_of_day": "Morning", "causation": [ "0", "0", "0", "0", "0", "0", "0", "0", "0", "0", "0", "0", "0", "0", "0", "0", "0", "1", "0", "0", "0", "0", "0", "0" ], "duration": 23.0, "sum": 1 }, "geometry": { "type": "Point", "coordinates": [ -122.351236223644619, 47.476257589866201 ] } },
{ "type": "Feature", "properties": { "lat": 47.476313451176175, "lon": -122.27953993899884, "time_of_day": "Morning", "causation": [ "0", "0", "0", "0", "0", "0", "0", "0", "0", "0", "0", "0", "0", "0", "0", "0", "0", "0", "2", "0", "0", "0", "0", "0" ], "duration": 172.0, "sum": 2 }, "geometry": { "type": "Point", "coordinates": [ -122.279539938998838, 47.476313451176175 ] } },
{ "type": "Feature", "properties": { "lat": 47.476316342046488, "lon": -122.27880932573078, "time_of_day": "Morning", "causation": [ "0", "0", "0", "0", "0", "0", "0", "0", "0", "0", "0", "0", "0", "0", "0", "0", "0", "0", "1", "0", "0", "0", "0", "0" ], "duration": 86.0, "sum": 1 }, "geometry": { "type": "Point", "coordinates": [ -122.278809325730776, 47.476316342046488 ] } },
{ "type": "Feature", "properties": { "lat": 47.476323993551503, "lon": -122.28029616167592, "time_of_day": "Morning", "causation": [ "0", "0", "0", "0", "0", "0", "0", "0", "0", "0", "0", "0", "0", "0", "0", "0", "0", "0", "1", "0", "0", "0", "0", "0" ], "duration": 86.0, "sum": 1 }, "geometry": { "type": "Point", "coordinates": [ -122.280296161675921, 47.476323993551503 ] } },
{ "type": "Feature", "properties": { "lat": 47.476399168799261, "lon": -122.35195545960984, "time_of_day": "Morning", "causation": [ "0", "0", "0", "0", "0", "0", "0", "0", "0", "0", "0", "0", "0", "0", "0", "0", "0", "1", "0", "0", "0", "0", "0", "0" ], "duration": 23.0, "sum": 1 }, "geometry": { "type": "Point", "coordinates": [ -122.35195545960984, 47.476399168799261 ] } },
{ "type": "Feature", "properties": { "lat": 47.476445419565593, "lon": -122.27945191166508, "time_of_day": "Morning", "causation": [ "0", "0", "0", "0", "0", "0", "0", "0", "0", "0", "0", "0", "0", "0", "0", "0", "0", "0", "1", "0", "0", "0", "0", "0" ], "duration": 86.0, "sum": 1 }, "geometry": { "type": "Point", "coordinates": [ -122.279451911665078, 47.476445419565593 ] } },
{ "type": "Feature", "properties": { "lat": 47.476481003815323, "lon": -122.35135497762836, "time_of_day": "Morning", "causation": [ "0", "0", "0", "0", "0", "0", "0", "0", "0", "0", "0", "0", "0", "0", "0", "0", "0", "1", "0", "0", "0", "0", "0", "0" ], "duration": 23.0, "sum": 1 }, "geometry": { "type": "Point", "coordinates": [ -122.351354977628361, 47.476481003815323 ] } },
{ "type": "Feature", "properties": { "lat": 47.476495152940117, "lon": -122.27882386534181, "time_of_day": "Morning", "causation": [ "0", "0", "0", "0", "0", "0", "0", "0", "0", "0", "0", "0", "0", "0", "0", "0", "0", "0", "1", "0", "0", "0", "0", "0" ], "duration": 86.0, "sum": 1 }, "geometry": { "type": "Point", "coordinates": [ -122.278823865341806, 47.476495152940117 ] } },
{ "type": "Feature", "properties": { "lat": 47.476509471062712, "lon": -122.280273844871, "time_of_day": "Morning", "causation": [ "0", "0", "0", "0", "0", "0", "0", "0", "0", "0", "0", "0", "0", "0", "0", "0", "0", "0", "2", "0", "0", "0", "0", "0" ], "duration": 172.0, "sum": 2 }, "geometry": { "type": "Point", "coordinates": [ -122.280273844871004, 47.476509471062712 ] } },
{ "type": "Feature", "properties": { "lat": 47.476649256846713, "lon": -122.28024589269096, "time_of_day": "Morning", "causation": [ "0", "0", "0", "0", "0", "0", "0", "0", "0", "0", "0", "0", "0", "0", "0", "0", "0", "0", "1", "0", "0", "0", "0", "0" ], "duration": 86.0, "sum": 1 }, "geometry": { "type": "Point", "coordinates": [ -122.280245892690957, 47.476649256846713 ] } },
{ "type": "Feature", "properties": { "lat": 47.476652971015298, "lon": -122.2787902210262, "time_of_day": "Morning", "causation": [ "0", "0", "0", "0", "0", "0", "0", "0", "0", "0", "0", "0", "0", "0", "0", "0", "0", "0", "1", "0", "0", "0", "0", "0" ], "duration": 86.0, "sum": 1 }, "geometry": { "type": "Point", "coordinates": [ -122.278790221026199, 47.476652971015298 ] } },
{ "type": "Feature", "properties": { "lat": 47.476739299960251, "lon": -122.35132871848312, "time_of_day": "Morning", "causation": [ "0", "0", "0", "0", "0", "0", "0", "0", "0", "0", "0", "0", "0", "0", "0", "0", "0", "1", "0", "0", "0", "0", "0", "0" ], "duration": 23.0, "sum": 1 }, "geometry": { "type": "Point", "coordinates": [ -122.351328718483117, 47.476739299960251 ] } },
{ "type": "Feature", "properties": { "lat": 47.476774886979491, "lon": -122.35222594227196, "time_of_day": "Morning", "causation": [ "0", "0", "0", "0", "0", "0", "0", "0", "0", "0", "0", "0", "0", "0", "0", "0", "0", "1", "0", "0", "0", "0", "0", "0" ], "duration": 23.0, "sum": 1 }, "geometry": { "type": "Point", "coordinates": [ -122.352225942271957, 47.476774886979491 ] } },
{ "type": "Feature", "properties": { "lat": 47.476795438865913, "lon": -122.2796494358402, "time_of_day": "Morning", "causation": [ "0", "0", "0", "0", "0", "0", "0", "0", "0", "0", "0", "0", "0", "0", "0", "0", "0", "0", "1", "0", "0", "0", "0", "0" ], "duration": 86.0, "sum": 1 }, "geometry": { "type": "Point", "coordinates": [ -122.279649435840199, 47.476795438865913 ] } },
{ "type": "Feature", "properties": { "lat": 47.476800780215036, "lon": -122.27881045358724, "time_of_day": "Morning", "causation": [ "0", "0", "0", "0", "0", "0", "0", "0", "0", "0", "0", "0", "0", "0", "0", "0", "0", "0", "1", "0", "0", "0", "0", "0" ], "duration": 86.0, "sum": 1 }, "geometry": { "type": "Point", "coordinates": [ -122.278810453587241, 47.476800780215036 ] } },
{ "type": "Feature", "properties": { "lat": 47.476807443084752, "lon": -122.280284495635, "time_of_day": "Morning", "causation": [ "0", "0", "0", "0", "0", "0", "0", "0", "0", "0", "0", "0", "0", "0", "0", "0", "0", "0", "1", "0", "0", "0", "0", "0" ], "duration": 86.0, "sum": 1 }, "geometry": { "type": "Point", "coordinates": [ -122.280284495635001, 47.476807443084752 ] } },
{ "type": "Feature", "properties": { "lat": 47.476877795100243, "lon": -122.35292080201695, "time_of_day": "Morning", "causation": [ "0", "0", "0", "0", "0", "0", "0", "0", "0", "0", "0", "0", "0", "0", "0", "0", "0", "1", "0", "0", "0", "0", "0", "0" ], "duration": 23.0, "sum": 1 }, "geometry": { "type": "Point", "coordinates": [ -122.352920802016953, 47.476877795100243 ] } },
{ "type": "Feature", "properties": { "lat": 47.476887758404814, "lon": -122.35248989483752, "time_of_day": "Morning", "causation": [ "0", "0", "0", "0", "0", "0", "0", "0", "0", "0", "0", "0", "0", "0", "0", "0", "0", "1", "0", "0", "0", "0", "0", "0" ], "duration": 23.0, "sum": 1 }, "geometry": { "type": "Point", "coordinates": [ -122.352489894837518, 47.476887758404814 ] } },
{ "type": "Feature", "properties": { "lat": 47.47696163636045, "lon": -122.28024266617793, "time_of_day": "Morning", "causation": [ "0", "0", "0", "0", "0", "0", "0", "0", "0", "0", "0", "0", "0", "0", "0", "0", "0", "0", "1", "0", "0", "0", "0", "0" ], "duration": 86.0, "sum": 1 }, "geometry": { "type": "Point", "coordinates": [ -122.280242666177926, 47.47696163636045 ] } },
{ "type": "Feature", "properties": { "lat": 47.476969801698687, "lon": -122.27879054687358, "time_of_day": "Morning", "causation": [ "0", "0", "0", "0", "0", "0", "0", "0", "0", "0", "0", "0", "0", "0", "0", "0", "0", "0", "1", "0", "0", "0", "0", "0" ], "duration": 86.0, "sum": 1 }, "geometry": { "type": "Point", "coordinates": [ -122.27879054687358, 47.476969801698687 ] } },
{ "type": "Feature", "properties": { "lat": 47.476974992028353, "lon": -122.35147558042942, "time_of_day": "Morning", "causation": [ "0", "0", "0", "0", "0", "0", "0", "0", "0", "0", "0", "0", "0", "0", "0", "0", "0", "1", "0", "0", "0", "0", "0", "0" ], "duration": 23.0, "sum": 1 }, "geometry": { "type": "Point", "coordinates": [ -122.351475580429423, 47.476974992028353 ] } },
{ "type": "Feature", "properties": { "lat": 47.476983269449512, "lon": -122.27965545217199, "time_of_day": "Morning", "causation": [ "0", "0", "0", "0", "0", "0", "0", "0", "0", "0", "0", "0", "0", "0", "0", "0", "0", "0", "1", "0", "0", "0", "0", "0" ], "duration": 86.0, "sum": 1 }, "geometry": { "type": "Point", "coordinates": [ -122.279655452171994, 47.476983269449512 ] } },
{ "type": "Feature", "properties": { "lat": 47.477130929189478, "lon": -122.2788178218715, "time_of_day": "Morning", "causation": [ "0", "0", "0", "0", "0", "0", "0", "0", "0", "0", "0", "0", "0", "0", "0", "0", "0", "0", "1", "0", "0", "0", "0", "0" ], "duration": 86.0, "sum": 1 }, "geometry": { "type": "Point", "coordinates": [ -122.278817821871499, 47.477130929189478 ] } },
{ "type": "Feature", "properties": { "lat": 47.477141430403215, "lon": -122.28049407933044, "time_of_day": "Morning", "causation": [ "0", "0", "0", "0", "0", "0", "0", "0", "0", "0", "0", "0", "0", "0", "0", "0", "0", "0", "1", "0", "0", "0", "0", "0" ], "duration": 86.0, "sum": 1 }, "geometry": { "type": "Point", "coordinates": [ -122.280494079330438, 47.477141430403215 ] } },
{ "type": "Feature", "properties": { "lat": 47.477145017759099, "lon": -122.35305356890709, "time_of_day": "Morning", "causation": [ "0", "0", "0", "0", "0", "0", "0", "0", "0", "0", "0", "0", "0", "0", "0", "0", "0", "1", "0", "0", "0", "0", "0", "0" ], "duration": 23.0, "sum": 1 }, "geometry": { "type": "Point", "coordinates": [ -122.353053568907086, 47.477145017759099 ] } },
{ "type": "Feature", "properties": { "lat": 47.477173660587454, "lon": -122.27963051882996, "time_of_day": "Morning", "causation": [ "0", "0", "0", "0", "0", "0", "0", "0", "0", "0", "0", "0", "0", "0", "0", "0", "0", "0", "1", "0", "0", "0", "0", "0" ], "duration": 86.0, "sum": 1 }, "geometry": { "type": "Point", "coordinates": [ -122.279630518829961, 47.477173660587454 ] } },
{ "type": "Feature", "properties": { "lat": 47.477201278995388, "lon": -122.35146852363238, "time_of_day": "Morning", "causation": [ "0", "0", "0", "0", "0", "0", "0", "0", "0", "0", "0", "0", "0", "0", "0", "0", "0", "1", "0", "0", "0", "0", "0", "0" ], "duration": 23.0, "sum": 1 }, "geometry": { "type": "Point", "coordinates": [ -122.351468523632377, 47.477201278995388 ] } },
{ "type": "Feature", "properties": { "lat": 47.477233288277283, "lon": -122.27615635381321, "time_of_day": "Morning", "causation": [ "0", "0", "0", "0", "0", "0", "0", "0", "0", "0", "0", "0", "0", "0", "0", "0", "0", "0", "1", "0", "0", "0", "0", "0" ], "duration": 86.0, "sum": 1 }, "geometry": { "type": "Point", "coordinates": [ -122.276156353813207, 47.477233288277283 ] } },
{ "type": "Feature", "properties": { "lat": 47.477309426261883, "lon": -122.27962328194438, "time_of_day": "Morning", "causation": [ "0", "0", "0", "0", "0", "0", "0", "0", "0", "0", "0", "0", "0", "0", "0", "0", "0", "0", "1", "0", "0", "0", "0", "0" ], "duration": 86.0, "sum": 1 }, "geometry": { "type": "Point", "coordinates": [ -122.279623281944382, 47.477309426261883 ] } },
{ "type": "Feature", "properties": { "lat": 47.477322311866089, "lon": -122.28029457010604, "time_of_day": "Morning", "causation": [ "0", "0", "0", "0", "0", "0", "0", "0", "0", "0", "0", "0", "0", "0", "0", "0", "0", "0", "1", "0", "0", "0", "0", "0" ], "duration": 86.0, "sum": 1 }, "geometry": { "type": "Point", "coordinates": [ -122.280294570106037, 47.477322311866089 ] } },
{ "type": "Feature", "properties": { "lat": 47.477371692548026, "lon": -122.35431941067652, "time_of_day": "Morning", "causation": [ "0", "0", "0", "0", "0", "0", "0", "0", "0", "0", "0", "0", "0", "0", "0", "0", "0", "1", "0", "0", "0", "0", "0", "0" ], "duration": 23.0, "sum": 1 }, "geometry": { "type": "Point", "coordinates": [ -122.354319410676524, 47.477371692548026 ] } },
{ "type": "Feature", "properties": { "lat": 47.477430908192929, "lon": -122.35206139777765, "time_of_day": "Morning", "causation": [ "0", "0", "0", "0", "0", "0", "0", "0", "0", "0", "0", "0", "0", "0", "0", "0", "0", "1", "0", "0", "0", "0", "0", "0" ], "duration": 23.0, "sum": 1 }, "geometry": { "type": "Point", "coordinates": [ -122.352061397777646, 47.477430908192929 ] } },
{ "type": "Feature", "properties": { "lat": 47.477443540127013, "lon": -122.35157548543138, "time_of_day": "Morning", "causation": [ "0", "0", "0", "0", "0", "0", "0", "0", "0", "0", "0", "0", "0", "0", "0", "0", "0", "1", "0", "0", "0", "0", "0", "0" ], "duration": 23.0, "sum": 1 }, "geometry": { "type": "Point", "coordinates": [ -122.351575485431383, 47.477443540127013 ] } },
{ "type": "Feature", "properties": { "lat": 47.477465847300877, "lon": -122.27957661812157, "time_of_day": "Morning", "causation": [ "0", "0", "0", "0", "0", "0", "0", "0", "0", "0", "0", "0", "0", "0", "0", "0", "0", "0", "1", "0", "0", "0", "0", "0" ], "duration": 86.0, "sum": 1 }, "geometry": { "type": "Point", "coordinates": [ -122.279576618121567, 47.477465847300877 ] } },
{ "type": "Feature", "properties": { "lat": 47.477476301977198, "lon": -122.28020634484901, "time_of_day": "Morning", "causation": [ "0", "0", "0", "0", "0", "0", "0", "0", "0", "0", "0", "0", "0", "0", "0", "0", "0", "0", "1", "0", "0", "0", "0", "0" ], "duration": 86.0, "sum": 1 }, "geometry": { "type": "Point", "coordinates": [ -122.280206344849006, 47.477476301977198 ] } },
{ "type": "Feature", "properties": { "lat": 47.477484284864317, "lon": -122.35386968289922, "time_of_day": "Morning", "causation": [ "0", "0", "0", "0", "0", "0", "0", "0", "0", "0", "0", "0", "0", "0", "0", "0", "0", "1", "0", "0", "0", "0", "0", "0" ], "duration": 23.0, "sum": 1 }, "geometry": { "type": "Point", "coordinates": [ -122.353869682899216, 47.477484284864317 ] } },
{ "type": "Feature", "properties": { "lat": 47.477503631482897, "lon": -122.27527724859458, "time_of_day": "Morning", "causation": [ "0", "0", "0", "0", "0", "0", "0", "0", "0", "0", "0", "0", "0", "0", "0", "0", "0", "0", "1", "0", "0", "0", "0", "0" ], "duration": 86.0, "sum": 1 }, "geometry": { "type": "Point", "coordinates": [ -122.275277248594577, 47.477503631482897 ] } },
{ "type": "Feature", "properties": { "lat": 47.477515313001454, "lon": -122.27448922873768, "time_of_day": "Morning", "causation": [ "0", "0", "0", "0", "0", "0", "0", "0", "0", "0", "0", "0", "0", "0", "0", "0", "0", "0", "1", "0", "0", "0", "0", "0" ], "duration": 86.0, "sum": 1 }, "geometry": { "type": "Point", "coordinates": [ -122.274489228737679, 47.477515313001454 ] } },
{ "type": "Feature", "properties": { "lat": 47.477555275230543, "lon": -122.27555252551213, "time_of_day": "Morning", "causation": [ "0", "0", "0", "0", "0", "0", "0", "0", "0", "0", "0", "0", "0", "0", "0", "0", "0", "0", "1", "0", "0", "0", "0", "0" ], "duration": 86.0, "sum": 1 }, "geometry": { "type": "Point", "coordinates": [ -122.275552525512126, 47.477555275230543 ] } },
{ "type": "Feature", "properties": { "lat": 47.47758982860568, "lon": -122.3535951590172, "time_of_day": "Morning", "causation": [ "0", "0", "0", "0", "0", "0", "0", "0", "0", "0", "0", "0", "0", "0", "0", "0", "0", "1", "0", "0", "0", "0", "0", "0" ], "duration": 23.0, "sum": 1 }, "geometry": { "type": "Point", "coordinates": [ -122.353595159017203, 47.47758982860568 ] } },
{ "type": "Feature", "properties": { "lat": 47.477591515309811, "lon": -122.27828895103028, "time_of_day": "Morning", "causation": [ "0", "0", "0", "0", "0", "0", "0", "0", "0", "0", "0", "0", "0", "0", "0", "0", "0", "0", "1", "0", "0", "0", "0", "0" ], "duration": 86.0, "sum": 1 }, "geometry": { "type": "Point", "coordinates": [ -122.278288951030277, 47.477591515309811 ] } },
{ "type": "Feature", "properties": { "lat": 47.477593134177297, "lon": -122.35481032078806, "time_of_day": "Morning", "causation": [ "0", "0", "0", "0", "0", "0", "0", "0", "0", "0", "0", "0", "0", "0", "0", "0", "0", "1", "0", "0", "0", "0", "0", "0" ], "duration": 23.0, "sum": 1 }, "geometry": { "type": "Point", "coordinates": [ -122.354810320788062, 47.477593134177297 ] } },
{ "type": "Feature", "properties": { "lat": 47.477593953280376, "lon": -122.27906644319567, "time_of_day": "Morning", "causation": [ "0", "0", "0", "0", "0", "0", "0", "0", "0", "0", "0", "0", "0", "0", "0", "0", "0", "0", "1", "0", "0", "0", "0", "0" ], "duration": 86.0, "sum": 1 }, "geometry": { "type": "Point", "coordinates": [ -122.279066443195674, 47.477593953280376 ] } },
{ "type": "Feature", "properties": { "lat": 47.477597293144129, "lon": -122.27879778185958, "time_of_day": "Morning", "causation": [ "0", "0", "0", "0", "0", "0", "0", "0", "0", "0", "0", "0", "0", "0", "0", "0", "0", "0", "1", "0", "0", "0", "0", "0" ], "duration": 86.0, "sum": 1 }, "geometry": { "type": "Point", "coordinates": [ -122.278797781859581, 47.477597293144129 ] } },
{ "type": "Feature", "properties": { "lat": 47.477617474084781, "lon": -122.28020302071042, "time_of_day": "Morning", "causation": [ "0", "0", "0", "0", "0", "0", "0", "0", "0", "0", "0", "0", "0", "0", "0", "0", "0", "0", "1", "0", "0", "0", "0", "0" ], "duration": 86.0, "sum": 1 }, "geometry": { "type": "Point", "coordinates": [ -122.280203020710417, 47.477617474084781 ] } },
{ "type": "Feature", "properties": { "lat": 47.477619117830557, "lon": -122.35449977104351, "time_of_day": "Morning", "causation": [ "0", "0", "0", "0", "0", "0", "0", "0", "0", "0", "0", "0", "0", "0", "0", "0", "0", "1", "0", "0", "0", "0", "0", "0" ], "duration": 23.0, "sum": 1 }, "geometry": { "type": "Point", "coordinates": [ -122.354499771043507, 47.477619117830557 ] } },
{ "type": "Feature", "properties": { "lat": 47.477621199520193, "lon": -122.27962885176819, "time_of_day": "Morning", "causation": [ "0", "0", "0", "0", "0", "0", "0", "0", "0", "0", "0", "0", "0", "0", "0", "0", "0", "0", "1", "0", "0", "0", "0", "0" ], "duration": 86.0, "sum": 1 }, "geometry": { "type": "Point", "coordinates": [ -122.279628851768194, 47.477621199520193 ] } },
{ "type": "Feature", "properties": { "lat": 47.477681943375487, "lon": -122.354103228376, "time_of_day": "Morning", "causation": [ "0", "0", "0", "0", "0", "0", "0", "0", "0", "0", "0", "0", "0", "0", "0", "0", "0", "1", "0", "0", "0", "0", "0", "0" ], "duration": 23.0, "sum": 1 }, "geometry": { "type": "Point", "coordinates": [ -122.354103228376005, 47.477681943375487 ] } },
{ "type": "Feature", "properties": { "lat": 47.477815114945038, "lon": -122.35349246102452, "time_of_day": "Morning", "causation": [ "0", "0", "0", "0", "0", "0", "0", "0", "0", "0", "0", "0", "0", "0", "0", "0", "0", "1", "0", "0", "0", "0", "0", "0" ], "duration": 23.0, "sum": 1 }, "geometry": { "type": "Point", "coordinates": [ -122.353492461024516, 47.477815114945038 ] } },
{ "type": "Feature", "properties": { "lat": 47.477864544445829, "lon": -122.3538956060664, "time_of_day": "Morning", "causation": [ "0", "0", "0", "0", "0", "0", "0", "0", "0", "0", "0", "0", "0", "0", "0", "0", "0", "1", "0", "0", "0", "0", "0", "0" ], "duration": 23.0, "sum": 1 }, "geometry": { "type": "Point", "coordinates": [ -122.353895606066402, 47.477864544445829 ] } },
{ "type": "Feature", "properties": { "lat": 47.477886001903791, "lon": -122.27551930297638, "time_of_day": "Morning", "causation": [ "0", "0", "0", "0", "0", "0", "0", "0", "0", "0", "0", "0", "0", "0", "0", "0", "0", "0", "1", "0", "0", "0", "0", "0" ], "duration": 86.0, "sum": 1 }, "geometry": { "type": "Point", "coordinates": [ -122.275519302976377, 47.477886001903791 ] } },
{ "type": "Feature", "properties": { "lat": 47.477923241884028, "lon": -122.27740540196331, "time_of_day": "Morning", "causation": [ "0", "0", "0", "0", "0", "0", "0", "0", "0", "0", "0", "0", "0", "0", "0", "0", "0", "0", "1", "0", "0", "0", "0", "0" ], "duration": 86.0, "sum": 1 }, "geometry": { "type": "Point", "coordinates": [ -122.277405401963307, 47.477923241884028 ] } },
{ "type": "Feature", "properties": { "lat": 47.477956534673794, "lon": -122.27640038081095, "time_of_day": "Morning", "causation": [ "0", "0", "0", "0", "0", "0", "0", "0", "0", "0", "0", "0", "0", "0", "0", "0", "0", "0", "1", "0", "0", "0", "0", "0" ], "duration": 86.0, "sum": 1 }, "geometry": { "type": "Point", "coordinates": [ -122.276400380810955, 47.477956534673794 ] } },
{ "type": "Feature", "properties": { "lat": 47.477963876078846, "lon": -122.27809073149228, "time_of_day": "Morning", "causation": [ "0", "0", "0", "0", "0", "0", "0", "0", "0", "0", "0", "0", "0", "0", "0", "0", "0", "0", "1", "0", "0", "0", "0", "0" ], "duration": 86.0, "sum": 1 }, "geometry": { "type": "Point", "coordinates": [ -122.278090731492284, 47.477963876078846 ] } },
{ "type": "Feature", "properties": { "lat": 47.47796561583565, "lon": -122.27616487934658, "time_of_day": "Morning", "causation": [ "0", "0", "0", "0", "0", "0", "0", "0", "0", "0", "0", "0", "0", "0", "0", "0", "0", "0", "1", "0", "0", "0", "0", "0" ], "duration": 86.0, "sum": 1 }, "geometry": { "type": "Point", "coordinates": [ -122.276164879346581, 47.47796561583565 ] } },
{ "type": "Feature", "properties": { "lat": 47.477966914405641, "lon": -122.27759775302354, "time_of_day": "Morning", "causation": [ "0", "0", "0", "0", "0", "0", "0", "0", "0", "0", "0", "0", "0", "0", "0", "0", "0", "0", "1", "0", "0", "0", "0", "0" ], "duration": 86.0, "sum": 1 }, "geometry": { "type": "Point", "coordinates": [ -122.277597753023542, 47.477966914405641 ] } },
{ "type": "Feature", "properties": { "lat": 47.477971188538902, "lon": -122.27789752693032, "time_of_day": "Morning", "causation": [ "0", "0", "0", "0", "0", "0", "0", "0", "0", "0", "0", "0", "0", "0", "0", "0", "0", "0", "1", "0", "0", "0", "0", "0" ], "duration": 86.0, "sum": 1 }, "geometry": { "type": "Point", "coordinates": [ -122.277897526930317, 47.477971188538902 ] } },
{ "type": "Feature", "properties": { "lat": 47.477975406538825, "lon": -122.27980971310286, "time_of_day": "Morning", "causation": [ "0", "0", "0", "0", "0", "0", "0", "0", "0", "0", "0", "0", "0", "0", "0", "0", "0", "0", "1", "0", "0", "0", "0", "0" ], "duration": 86.0, "sum": 1 }, "geometry": { "type": "Point", "coordinates": [ -122.279809713102864, 47.477975406538825 ] } },
{ "type": "Feature", "properties": { "lat": 47.477978969543727, "lon": -122.2751927293738, "time_of_day": "Morning", "causation": [ "0", "0", "0", "0", "0", "0", "0", "0", "0", "0", "0", "0", "0", "0", "0", "0", "0", "0", "1", "0", "0", "0", "0", "0" ], "duration": 86.0, "sum": 1 }, "geometry": { "type": "Point", "coordinates": [ -122.275192729373799, 47.477978969543727 ] } },
{ "type": "Feature", "properties": { "lat": 47.477981158606809, "lon": -122.27922055094382, "time_of_day": "Morning", "causation": [ "0", "0", "0", "0", "0", "0", "0", "0", "0", "0", "0", "0", "0", "0", "0", "0", "0", "0", "1", "0", "0", "0", "0", "0" ], "duration": 86.0, "sum": 1 }, "geometry": { "type": "Point", "coordinates": [ -122.279220550943819, 47.477981158606809 ] } },
{ "type": "Feature", "properties": { "lat": 47.477984920167863, "lon": -122.27894894682684, "time_of_day": "Morning", "causation": [ "0", "0", "0", "0", "0", "0", "0", "0", "0", "0", "0", "0", "0", "0", "0", "0", "0", "0", "1", "0", "0", "0", "0", "0" ], "duration": 86.0, "sum": 1 }, "geometry": { "type": "Point", "coordinates": [ -122.278948946826844, 47.477984920167863 ] } },
{ "type": "Feature", "properties": { "lat": 47.477985080357016, "lon": -122.27947873812477, "time_of_day": "Morning", "causation": [ "0", "0", "0", "0", "0", "0", "0", "0", "0", "0", "0", "0", "0", "0", "0", "0", "0", "0", "1", "0", "0", "0", "0", "0" ], "duration": 86.0, "sum": 1 }, "geometry": { "type": "Point", "coordinates": [ -122.279478738124766, 47.477985080357016 ] } },
{ "type": "Feature", "properties": { "lat": 47.478003292253902, "lon": -122.27848806118853, "time_of_day": "Morning", "causation": [ "0", "0", "0", "0", "0", "0", "0", "0", "0", "0", "0", "0", "0", "0", "0", "0", "0", "0", "1", "0", "0", "0", "0", "0" ], "duration": 86.0, "sum": 1 }, "geometry": { "type": "Point", "coordinates": [ -122.278488061188526, 47.478003292253902 ] } },
{ "type": "Feature", "properties": { "lat": 47.478003953057645, "lon": -122.27674248057988, "time_of_day": "Morning", "causation": [ "0", "0", "0", "0", "0", "0", "0", "0", "0", "0", "0", "0", "0", "0", "0", "0", "0", "0", "1", "0", "0", "0", "0", "0" ], "duration": 86.0, "sum": 1 }, "geometry": { "type": "Point", "coordinates": [ -122.276742480579884, 47.478003953057645 ] } },
{ "type": "Feature", "properties": { "lat": 47.478010587885002, "lon": -122.27551752579794, "time_of_day": "Morning", "causation": [ "0", "0", "0", "0", "0", "0", "0", "0", "0", "0", "0", "0", "0", "0", "0", "0", "0", "0", "1", "0", "0", "0", "0", "0" ], "duration": 86.0, "sum": 1 }, "geometry": { "type": "Point", "coordinates": [ -122.275517525797937, 47.478010587885002 ] } },
{ "type": "Feature", "properties": { "lat": 47.478085284266001, "lon": -122.27691459945932, "time_of_day": "Morning", "causation": [ "0", "0", "0", "0", "0", "0", "0", "0", "0", "0", "0", "0", "0", "0", "0", "0", "0", "0", "1", "0", "0", "0", "0", "0" ], "duration": 86.0, "sum": 1 }, "geometry": { "type": "Point", "coordinates": [ -122.276914599459317, 47.478085284266001 ] } },
{ "type": "Feature", "properties": { "lat": 47.47809560989765, "lon": -122.35350707782663, "time_of_day": "Morning", "causation": [ "0", "0", "0", "0", "0", "0", "0", "0", "0", "0", "0", "0", "0", "0", "0", "0", "0", "1", "0", "0", "0", "0", "0", "0" ], "duration": 23.0, "sum": 1 }, "geometry": { "type": "Point", "coordinates": [ -122.353507077826634, 47.47809560989765 ] } },
{ "type": "Feature", "properties": { "lat": 47.478165690536578, "lon": -122.27552756092796, "time_of_day": "Morning", "causation": [ "0", "0", "0", "0", "0", "0", "0", "0", "0", "0", "0", "0", "0", "0", "0", "0", "0", "0", "1", "0", "0", "0", "0", "0" ], "duration": 86.0, "sum": 1 }, "geometry": { "type": "Point", "coordinates": [ -122.275527560927955, 47.478165690536578 ] } },
{ "type": "Feature", "properties": { "lat": 47.478215043862562, "lon": -122.27671119277636, "time_of_day": "Morning", "causation": [ "0", "0", "0", "0", "0", "0", "0", "0", "0", "0", "0", "0", "0", "0", "0", "0", "0", "0", "1", "0", "0", "0", "0", "0" ], "duration": 86.0, "sum": 1 }, "geometry": { "type": "Point", "coordinates": [ -122.276711192776361, 47.478215043862562 ] } },
{ "type": "Feature", "properties": { "lat": 47.478216411528742, "lon": -122.27615074402632, "time_of_day": "Morning", "causation": [ "0", "0", "0", "0", "0", "0", "0", "0", "0", "0", "0", "0", "0", "0", "0", "0", "0", "0", "1", "0", "0", "0", "0", "0" ], "duration": 86.0, "sum": 1 }, "geometry": { "type": "Point", "coordinates": [ -122.276150744026324, 47.478216411528742 ] } },
{ "type": "Feature", "properties": { "lat": 47.478229414088325, "lon": -122.36258108191495, "time_of_day": "Morning", "causation": [ "0", "0", "0", "0", "0", "0", "0", "0", "0", "0", "0", "0", "0", "0", "0", "0", "0", "3", "0", "0", "0", "0", "0", "0" ], "duration": 69.0, "sum": 3 }, "geometry": { "type": "Point", "coordinates": [ -122.362581081914954, 47.478229414088325 ] } },
{ "type": "Feature", "properties": { "lat": 47.478247408515763, "lon": -122.35347734492524, "time_of_day": "Morning", "causation": [ "0", "0", "0", "0", "0", "0", "0", "0", "0", "0", "0", "0", "0", "0", "0", "0", "0", "1", "0", "0", "0", "0", "0", "0" ], "duration": 23.0, "sum": 1 }, "geometry": { "type": "Point", "coordinates": [ -122.353477344925238, 47.478247408515763 ] } },
{ "type": "Feature", "properties": { "lat": 47.478301374741058, "lon": -122.27518715710367, "time_of_day": "Morning", "causation": [ "0", "0", "0", "0", "0", "0", "0", "0", "0", "0", "0", "0", "0", "0", "0", "0", "0", "0", "1", "0", "0", "0", "0", "0" ], "duration": 86.0, "sum": 1 }, "geometry": { "type": "Point", "coordinates": [ -122.275187157103673, 47.478301374741058 ] } },
{ "type": "Feature", "properties": { "lat": 47.478498179412348, "lon": -122.35589563020572, "time_of_day": "Morning", "causation": [ "0", "0", "0", "0", "0", "0", "0", "0", "0", "0", "0", "0", "0", "0", "0", "0", "0", "1", "0", "0", "0", "0", "0", "0" ], "duration": 23.0, "sum": 1 }, "geometry": { "type": "Point", "coordinates": [ -122.355895630205723, 47.478498179412348 ] } },
{ "type": "Feature", "properties": { "lat": 47.478499836836392, "lon": -122.27605900689385, "time_of_day": "Morning", "causation": [ "0", "0", "0", "0", "0", "0", "0", "0", "0", "0", "0", "0", "0", "0", "0", "0", "0", "0", "1", "0", "0", "0", "0", "0" ], "duration": 86.0, "sum": 1 }, "geometry": { "type": "Point", "coordinates": [ -122.276059006893846, 47.478499836836392 ] } },
{ "type": "Feature", "properties": { "lat": 47.478538900780265, "lon": -122.27693524124524, "time_of_day": "Morning", "causation": [ "0", "0", "0", "0", "0", "0", "0", "0", "0", "0", "0", "0", "0", "0", "0", "0", "0", "0", "1", "0", "0", "0", "0", "0" ], "duration": 86.0, "sum": 1 }, "geometry": { "type": "Point", "coordinates": [ -122.276935241245241, 47.478538900780265 ] } },
{ "type": "Feature", "properties": { "lat": 47.478542746750577, "lon": -122.27641073247196, "time_of_day": "Morning", "causation": [ "0", "0", "0", "0", "0", "0", "0", "0", "0", "0", "0", "0", "0", "0", "0", "0", "0", "0", "1", "0", "0", "0", "0", "0" ], "duration": 86.0, "sum": 1 }, "geometry": { "type": "Point", "coordinates": [ -122.276410732471959, 47.478542746750577 ] } },
{ "type": "Feature", "properties": { "lat": 47.478553162908362, "lon": -122.35448596741681, "time_of_day": "Morning", "causation": [ "0", "0", "0", "0", "0", "0", "0", "0", "0", "0", "0", "0", "0", "0", "0", "0", "0", "1", "0", "0", "0", "0", "0", "0" ], "duration": 23.0, "sum": 1 }, "geometry": { "type": "Point", "coordinates": [ -122.354485967416807, 47.478553162908362 ] } },
{ "type": "Feature", "properties": { "lat": 47.478557658195648, "lon": -122.35341775292925, "time_of_day": "Morning", "causation": [ "0", "0", "0", "0", "0", "0", "0", "0", "0", "0", "0", "0", "0", "0", "0", "0", "0", "1", "0", "0", "0", "0", "0", "0" ], "duration": 23.0, "sum": 1 }, "geometry": { "type": "Point", "coordinates": [ -122.353417752929246, 47.478557658195648 ] } },
{ "type": "Feature", "properties": { "lat": 47.478573842444042, "lon": -122.27740225901547, "time_of_day": "Morning", "causation": [ "0", "0", "0", "0", "0", "0", "0", "0", "0", "0", "0", "0", "0", "0", "0", "0", "0", "0", "1", "0", "0", "0", "0", "0" ], "duration": 86.0, "sum": 1 }, "geometry": { "type": "Point", "coordinates": [ -122.277402259015474, 47.478573842444042 ] } },
{ "type": "Feature", "properties": { "lat": 47.478588419958477, "lon": -122.35532910689734, "time_of_day": "Morning", "causation": [ "0", "0", "0", "0", "0", "0", "0", "0", "0", "0", "0", "0", "0", "0", "0", "0", "0", "1", "0", "0", "0", "0", "0", "0" ], "duration": 23.0, "sum": 1 }, "geometry": { "type": "Point", "coordinates": [ -122.355329106897344, 47.478588419958477 ] } },
{ "type": "Feature", "properties": { "lat": 47.478762701159809, "lon": -122.2778252881936, "time_of_day": "Morning", "causation": [ "0", "0", "0", "0", "0", "0", "0", "0", "0", "0", "0", "0", "0", "0", "0", "0", "0", "0", "1", "0", "0", "0", "0", "0" ], "duration": 86.0, "sum": 1 }, "geometry": { "type": "Point", "coordinates": [ -122.277825288193597, 47.478762701159809 ] } },
{ "type": "Feature", "properties": { "lat": 47.478807203944925, "lon": -122.35352627766947, "time_of_day": "Morning", "causation": [ "0", "0", "0", "0", "0", "0", "0", "0", "0", "0", "0", "0", "0", "0", "0", "0", "0", "1", "0", "0", "0", "0", "0", "0" ], "duration": 23.0, "sum": 1 }, "geometry": { "type": "Point", "coordinates": [ -122.353526277669474, 47.478807203944925 ] } },
{ "type": "Feature", "properties": { "lat": 47.478897527097871, "lon": -122.27745008743889, "time_of_day": "Morning", "causation": [ "0", "0", "0", "0", "0", "0", "0", "0", "0", "0", "0", "0", "0", "0", "0", "0", "0", "0", "1", "0", "0", "0", "0", "0" ], "duration": 86.0, "sum": 1 }, "geometry": { "type": "Point", "coordinates": [ -122.277450087438893, 47.478897527097871 ] } },
{ "type": "Feature", "properties": { "lat": 47.478905270440563, "lon": -122.35466983857722, "time_of_day": "Morning", "causation": [ "0", "0", "0", "0", "0", "0", "0", "0", "0", "0", "0", "0", "0", "0", "0", "0", "0", "1", "0", "0", "0", "0", "0", "0" ], "duration": 23.0, "sum": 1 }, "geometry": { "type": "Point", "coordinates": [ -122.354669838577223, 47.478905270440563 ] } },
{ "type": "Feature", "properties": { "lat": 47.478905954519057, "lon": -122.35560133717756, "time_of_day": "Morning", "causation": [ "0", "0", "0", "0", "0", "0", "0", "0", "0", "0", "0", "0", "0", "0", "0", "0", "0", "1", "0", "0", "0", "0", "0", "0" ], "duration": 23.0, "sum": 1 }, "geometry": { "type": "Point", "coordinates": [ -122.355601337177561, 47.478905954519057 ] } },
{ "type": "Feature", "properties": { "lat": 47.478951348790055, "lon": -122.2767903693163, "time_of_day": "Morning", "causation": [ "0", "0", "0", "0", "0", "0", "0", "0", "0", "0", "0", "0", "0", "0", "0", "0", "0", "0", "1", "0", "0", "0", "0", "0" ], "duration": 86.0, "sum": 1 }, "geometry": { "type": "Point", "coordinates": [ -122.276790369316302, 47.478951348790055 ] } },
{ "type": "Feature", "properties": { "lat": 47.479012634297519, "lon": -122.35431608692724, "time_of_day": "Morning", "causation": [ "0", "0", "0", "0", "0", "0", "0", "0", "0", "0", "0", "0", "0", "0", "0", "0", "0", "1", "0", "0", "0", "0", "0", "0" ], "duration": 23.0, "sum": 1 }, "geometry": { "type": "Point", "coordinates": [ -122.354316086927241, 47.479012634297519 ] } },
{ "type": "Feature", "properties": { "lat": 47.479057768342052, "lon": -122.27755139074104, "time_of_day": "Morning", "causation": [ "0", "0", "0", "0", "0", "0", "0", "0", "0", "0", "0", "0", "0", "0", "0", "0", "0", "0", "1", "0", "0", "0", "0", "0" ], "duration": 86.0, "sum": 1 }, "geometry": { "type": "Point", "coordinates": [ -122.277551390741039, 47.479057768342052 ] } },
{ "type": "Feature", "properties": { "lat": 47.47906618838892, "lon": -122.27689810302472, "time_of_day": "Morning", "causation": [ "0", "0", "0", "0", "0", "0", "0", "0", "0", "0", "0", "0", "0", "0", "0", "0", "0", "0", "1", "0", "0", "0", "0", "0" ], "duration": 86.0, "sum": 1 }, "geometry": { "type": "Point", "coordinates": [ -122.27689810302472, 47.47906618838892 ] } },
{ "type": "Feature", "properties": { "lat": 47.47908066943068, "lon": -122.35408564919648, "time_of_day": "Morning", "causation": [ "0", "0", "0", "0", "0", "0", "0", "0", "0", "0", "0", "0", "0", "0", "0", "0", "0", "1", "0", "0", "0", "0", "0", "0" ], "duration": 23.0, "sum": 1 }, "geometry": { "type": "Point", "coordinates": [ -122.354085649196477, 47.47908066943068 ] } },
{ "type": "Feature", "properties": { "lat": 47.479110015952898, "lon": -122.3552262498155, "time_of_day": "Morning", "causation": [ "0", "0", "0", "0", "0", "0", "0", "0", "0", "0", "0", "0", "0", "0", "0", "0", "0", "1", "0", "0", "0", "0", "0", "0" ], "duration": 23.0, "sum": 1 }, "geometry": { "type": "Point", "coordinates": [ -122.355226249815502, 47.479110015952898 ] } },
{ "type": "Feature", "properties": { "lat": 47.479157800008778, "lon": -122.2810227465349, "time_of_day": "Morning", "causation": [ "0", "0", "0", "0", "0", "0", "0", "0", "0", "0", "0", "0", "0", "0", "0", "0", "0", "0", "1", "0", "0", "0", "0", "0" ], "duration": 100.0, "sum": 1 }, "geometry": { "type": "Point", "coordinates": [ -122.281022746534902, 47.479157800008778 ] } },
{ "type": "Feature", "properties": { "lat": 47.479202184023229, "lon": -122.27738790302251, "time_of_day": "Morning", "causation": [ "0", "0", "0", "0", "0", "0", "0", "0", "0", "0", "0", "0", "0", "0", "0", "0", "0", "0", "1", "0", "0", "0", "0", "0" ], "duration": 86.0, "sum": 1 }, "geometry": { "type": "Point", "coordinates": [ -122.277387903022515, 47.479202184023229 ] } },
{ "type": "Feature", "properties": { "lat": 47.479206682640438, "lon": -122.35380991005204, "time_of_day": "Morning", "causation": [ "0", "0", "0", "0", "0", "0", "0", "0", "0", "0", "0", "0", "0", "0", "0", "0", "0", "1", "0", "0", "0", "0", "0", "0" ], "duration": 23.0, "sum": 1 }, "geometry": { "type": "Point", "coordinates": [ -122.353809910052036, 47.479206682640438 ] } },
{ "type": "Feature", "properties": { "lat": 47.479218571059803, "lon": -122.27675768175224, "time_of_day": "Morning", "causation": [ "0", "0", "0", "0", "0", "0", "0", "0", "0", "0", "0", "0", "0", "0", "0", "0", "0", "0", "1", "0", "0", "0", "0", "0" ], "duration": 86.0, "sum": 1 }, "geometry": { "type": "Point", "coordinates": [ -122.276757681752244, 47.479218571059803 ] } },
{ "type": "Feature", "properties": { "lat": 47.479341167009842, "lon": -122.28102617701234, "time_of_day": "Morning", "causation": [ "0", "0", "0", "0", "0", "0", "0", "0", "0", "0", "0", "0", "0", "0", "0", "0", "0", "0", "1", "0", "0", "0", "0", "0" ], "duration": 100.0, "sum": 1 }, "geometry": { "type": "Point", "coordinates": [ -122.281026177012336, 47.479341167009842 ] } },
{ "type": "Feature", "properties": { "lat": 47.479354941490939, "lon": -122.35365415571526, "time_of_day": "Morning", "causation": [ "0", "0", "0", "0", "0", "0", "0", "0", "0", "0", "0", "0", "0", "0", "0", "0", "0", "1", "0", "0", "0", "0", "0", "0" ], "duration": 23.0, "sum": 1 }, "geometry": { "type": "Point", "coordinates": [ -122.353654155715262, 47.479354941490939 ] } },
{ "type": "Feature", "properties": { "lat": 47.479357834922851, "lon": -122.2768024300054, "time_of_day": "Morning", "causation": [ "0", "0", "0", "0", "0", "0", "0", "0", "0", "0", "0", "0", "0", "0", "0", "0", "0", "0", "1", "0", "0", "0", "0", "0" ], "duration": 86.0, "sum": 1 }, "geometry": { "type": "Point", "coordinates": [ -122.276802430005404, 47.479357834922851 ] } },
{ "type": "Feature", "properties": { "lat": 47.479396451286767, "lon": -122.27738373551526, "time_of_day": "Morning", "causation": [ "0", "0", "0", "0", "0", "0", "0", "0", "0", "0", "0", "0", "0", "0", "0", "0", "0", "0", "1", "0", "0", "0", "0", "0" ], "duration": 86.0, "sum": 1 }, "geometry": { "type": "Point", "coordinates": [ -122.277383735515258, 47.479396451286767 ] } },
{ "type": "Feature", "properties": { "lat": 47.479398410125718, "lon": -122.35441385861908, "time_of_day": "Morning", "causation": [ "0", "0", "0", "0", "0", "0", "0", "0", "0", "0", "0", "0", "0", "0", "0", "0", "0", "1", "0", "0", "0", "0", "0", "0" ], "duration": 23.0, "sum": 1 }, "geometry": { "type": "Point", "coordinates": [ -122.354413858619083, 47.479398410125718 ] } },
{ "type": "Feature", "properties": { "lat": 47.479407144064041, "lon": -122.35508236558388, "time_of_day": "Morning", "causation": [ "0", "0", "0", "0", "0", "0", "0", "0", "0", "0", "0", "0", "0", "0", "0", "0", "0", "1", "0", "0", "0", "0", "0", "0" ], "duration": 23.0, "sum": 1 }, "geometry": { "type": "Point", "coordinates": [ -122.355082365583883, 47.479407144064041 ] } },
{ "type": "Feature", "properties": { "lat": 47.479478937209123, "lon": -122.27684638876832, "time_of_day": "Morning", "causation": [ "0", "0", "0", "0", "0", "0", "0", "0", "0", "0", "0", "0", "0", "0", "0", "0", "0", "0", "1", "0", "0", "0", "0", "0" ], "duration": 86.0, "sum": 1 }, "geometry": { "type": "Point", "coordinates": [ -122.27684638876832, 47.479478937209123 ] } },
{ "type": "Feature", "properties": { "lat": 47.47950852531654, "lon": -122.27760434843768, "time_of_day": "Morning", "causation": [ "0", "0", "0", "0", "0", "0", "0", "0", "0", "0", "0", "0", "0", "0", "0", "0", "0", "0", "1", "0", "0", "0", "0", "0" ], "duration": 86.0, "sum": 1 }, "geometry": { "type": "Point", "coordinates": [ -122.277604348437677, 47.47950852531654 ] } },
{ "type": "Feature", "properties": { "lat": 47.479515872599926, "lon": -122.35485643467108, "time_of_day": "Morning", "causation": [ "0", "0", "0", "0", "0", "0", "0", "0", "0", "0", "0", "0", "0", "0", "0", "0", "0", "1", "0", "0", "0", "0", "0", "0" ], "duration": 23.0, "sum": 1 }, "geometry": { "type": "Point", "coordinates": [ -122.354856434671078, 47.479515872599926 ] } },
{ "type": "Feature", "properties": { "lat": 47.479518708419093, "lon": -122.35421950075246, "time_of_day": "Morning", "causation": [ "0", "0", "0", "0", "0", "0", "0", "0", "0", "0", "0", "0", "0", "0", "0", "0", "0", "1", "0", "0", "0", "0", "0", "0" ], "duration": 23.0, "sum": 1 }, "geometry": { "type": "Point", "coordinates": [ -122.354219500752464, 47.479518708419093 ] } },
{ "type": "Feature", "properties": { "lat": 47.479538076409803, "lon": -122.28094601733493, "time_of_day": "Morning", "causation": [ "0", "0", "0", "0", "0", "0", "0", "0", "0", "0", "0", "0", "0", "0", "0", "0", "0", "0", "1", "0", "0", "0", "0", "0" ], "duration": 100.0, "sum": 1 }, "geometry": { "type": "Point", "coordinates": [ -122.280946017334927, 47.479538076409803 ] } },
{ "type": "Feature", "properties": { "lat": 47.479568772649792, "lon": -122.35355732116362, "time_of_day": "Morning", "causation": [ "0", "0", "0", "0", "0", "0", "0", "0", "0", "0", "0", "0", "0", "0", "0", "0", "0", "1", "0", "0", "0", "0", "0", "0" ], "duration": 23.0, "sum": 1 }, "geometry": { "type": "Point", "coordinates": [ -122.35355732116362, 47.479568772649792 ] } },
{ "type": "Feature", "properties": { "lat": 47.47963193942558, "lon": -122.27747579781712, "time_of_day": "Morning", "causation": [ "0", "0", "0", "0", "0", "0", "0", "0", "0", "0", "0", "0", "0", "0", "0", "0", "0", "0", "1", "0", "0", "0", "0", "0" ], "duration": 86.0, "sum": 1 }, "geometry": { "type": "Point", "coordinates": [ -122.277475797817118, 47.47963193942558 ] } },
{ "type": "Feature", "properties": { "lat": 47.479712801074108, "lon": -122.28074716285091, "time_of_day": "Morning", "causation": [ "0", "0", "0", "0", "0", "0", "0", "0", "0", "0", "0", "0", "0", "0", "0", "0", "0", "0", "1", "0", "0", "0", "0", "0" ], "duration": 100.0, "sum": 1 }, "geometry": { "type": "Point", "coordinates": [ -122.280747162850915, 47.479712801074108 ] } },
{ "type": "Feature", "properties": { "lat": 47.479724195329212, "lon": -122.35412172115784, "time_of_day": "Morning", "causation": [ "0", "0", "0", "0", "0", "0", "0", "0", "0", "0", "0", "0", "0", "0", "0", "0", "0", "1", "0", "0", "0", "0", "0", "0" ], "duration": 23.0, "sum": 1 }, "geometry": { "type": "Point", "coordinates": [ -122.354121721157838, 47.479724195329212 ] } },
{ "type": "Feature", "properties": { "lat": 47.479754270356366, "lon": -122.2767786565296, "time_of_day": "Morning", "causation": [ "0", "0", "0", "0", "0", "0", "0", "0", "0", "0", "0", "0", "0", "0", "0", "0", "0", "0", "1", "0", "0", "0", "0", "0" ], "duration": 86.0, "sum": 1 }, "geometry": { "type": "Point", "coordinates": [ -122.276778656529601, 47.479754270356366 ] } },
{ "type": "Feature", "properties": { "lat": 47.479816856497798, "lon": -122.35494396809196, "time_of_day": "Morning", "causation": [ "0", "0", "0", "0", "0", "0", "0", "0", "0", "0", "0", "0", "0", "0", "0", "0", "0", "1", "0", "0", "0", "0", "0", "0" ], "duration": 23.0, "sum": 1 }, "geometry": { "type": "Point", "coordinates": [ -122.354943968091959, 47.479816856497798 ] } },
{ "type": "Feature", "properties": { "lat": 47.479849597707762, "lon": -122.28075361179091, "time_of_day": "Morning", "causation": [ "0", "0", "0", "0", "0", "0", "0", "0", "0", "0", "0", "0", "0", "0", "0", "0", "0", "0", "1", "0", "0", "0", "0", "0" ], "duration": 100.0, "sum": 1 }, "geometry": { "type": "Point", "coordinates": [ -122.280753611790914, 47.479849597707762 ] } },
{ "type": "Feature", "properties": { "lat": 47.479869986133878, "lon": -122.35348040019323, "time_of_day": "Morning", "causation": [ "0", "0", "0", "0", "0", "0", "0", "0", "0", "0", "0", "0", "0", "0", "0", "0", "0", "1", "0", "0", "0", "0", "0", "0" ], "duration": 23.0, "sum": 1 }, "geometry": { "type": "Point", "coordinates": [ -122.353480400193234, 47.479869986133878 ] } },
{ "type": "Feature", "properties": { "lat": 47.479879122613454, "lon": -122.27676273751008, "time_of_day": "Morning", "causation": [ "0", "0", "0", "0", "0", "0", "0", "0", "0", "0", "0", "0", "0", "0", "0", "0", "0", "0", "1", "0", "0", "0", "0", "0" ], "duration": 86.0, "sum": 1 }, "geometry": { "type": "Point", "coordinates": [ -122.276762737510083, 47.479879122613454 ] } },
{ "type": "Feature", "properties": { "lat": 47.479908147870511, "lon": -122.277455657777, "time_of_day": "Morning", "causation": [ "0", "0", "0", "0", "0", "0", "0", "0", "0", "0", "0", "0", "0", "0", "0", "0", "0", "0", "1", "0", "0", "0", "0", "0" ], "duration": 86.0, "sum": 1 }, "geometry": { "type": "Point", "coordinates": [ -122.277455657776997, 47.479908147870511 ] } },
{ "type": "Feature", "properties": { "lat": 47.479978902278248, "lon": -122.35409181007439, "time_of_day": "Morning", "causation": [ "0", "0", "0", "0", "0", "0", "0", "0", "0", "0", "0", "0", "0", "0", "0", "0", "0", "1", "0", "0", "0", "0", "0", "0" ], "duration": 23.0, "sum": 1 }, "geometry": { "type": "Point", "coordinates": [ -122.354091810074394, 47.479978902278248 ] } },
{ "type": "Feature", "properties": { "lat": 47.479981909692647, "lon": -122.280751665041, "time_of_day": "Morning", "causation": [ "0", "0", "0", "0", "0", "0", "0", "0", "0", "0", "0", "0", "0", "0", "0", "0", "0", "0", "1", "0", "0", "0", "0", "0" ], "duration": 100.0, "sum": 1 }, "geometry": { "type": "Point", "coordinates": [ -122.280751665040995, 47.479981909692647 ] } },
{ "type": "Feature", "properties": { "lat": 47.480037127879889, "lon": -122.35354479301962, "time_of_day": "Morning", "causation": [ "0", "0", "0", "0", "0", "0", "0", "0", "0", "0", "0", "0", "0", "0", "0", "0", "0", "1", "0", "0", "0", "0", "0", "0" ], "duration": 23.0, "sum": 1 }, "geometry": { "type": "Point", "coordinates": [ -122.353544793019623, 47.480037127879889 ] } },
{ "type": "Feature", "properties": { "lat": 47.480044468218338, "lon": -122.27779266963364, "time_of_day": "Morning", "causation": [ "0", "0", "0", "0", "0", "0", "0", "0", "0", "0", "0", "0", "0", "0", "0", "0", "0", "0", "1", "0", "0", "0", "0", "0" ], "duration": 86.0, "sum": 1 }, "geometry": { "type": "Point", "coordinates": [ -122.277792669633641, 47.480044468218338 ] } },
{ "type": "Feature", "properties": { "lat": 47.480059135147663, "lon": -122.35452468531037, "time_of_day": "Morning", "causation": [ "0", "0", "0", "0", "0", "0", "0", "0", "0", "0", "0", "0", "0", "0", "0", "0", "0", "1", "0", "0", "0", "0", "0", "0" ], "duration": 23.0, "sum": 1 }, "geometry": { "type": "Point", "coordinates": [ -122.354524685310366, 47.480059135147663 ] } },
{ "type": "Feature", "properties": { "lat": 47.480102886927583, "lon": -122.27695308187026, "time_of_day": "Morning", "causation": [ "0", "0", "0", "0", "0", "0", "0", "0", "0", "0", "0", "0", "0", "0", "0", "0", "0", "0", "1", "0", "0", "0", "0", "0" ], "duration": 86.0, "sum": 1 }, "geometry": { "type": "Point", "coordinates": [ -122.276953081870261, 47.480102886927583 ] } },
{ "type": "Feature", "properties": { "lat": 47.480109483225306, "lon": -122.2807552048217, "time_of_day": "Morning", "causation": [ "0", "0", "0", "0", "0", "0", "0", "0", "0", "0", "0", "0", "0", "0", "0", "0", "0", "0", "1", "0", "0", "0", "0", "0" ], "duration": 100.0, "sum": 1 }, "geometry": { "type": "Point", "coordinates": [ -122.280755204821702, 47.480109483225306 ] } },
{ "type": "Feature", "properties": { "lat": 47.480121959475774, "lon": -122.27341401957877, "time_of_day": "Morning", "causation": [ "0", "0", "0", "0", "0", "0", "0", "0", "0", "0", "0", "0", "0", "0", "0", "0", "0", "0", "1", "0", "0", "0", "0", "0" ], "duration": 86.0, "sum": 1 }, "geometry": { "type": "Point", "coordinates": [ -122.273414019578766, 47.480121959475774 ] } },
{ "type": "Feature", "properties": { "lat": 47.480123311482892, "lon": -122.35505905300695, "time_of_day": "Morning", "causation": [ "0", "0", "0", "0", "0", "0", "0", "0", "0", "0", "0", "0", "0", "0", "0", "0", "0", "1", "0", "0", "0", "0", "0", "0" ], "duration": 23.0, "sum": 1 }, "geometry": { "type": "Point", "coordinates": [ -122.355059053006954, 47.480123311482892 ] } },
{ "type": "Feature", "properties": { "lat": 47.480260410609162, "lon": -122.27644445735044, "time_of_day": "Morning", "causation": [ "0", "0", "0", "0", "0", "0", "0", "0", "0", "0", "0", "0", "0", "0", "0", "0", "0", "0", "1", "0", "0", "0", "0", "0" ], "duration": 86.0, "sum": 1 }, "geometry": { "type": "Point", "coordinates": [ -122.276444457350436, 47.480260410609162 ] } },
{ "type": "Feature", "properties": { "lat": 47.480277069108375, "lon": -122.2762081843624, "time_of_day": "Morning", "causation": [ "0", "0", "0", "0", "0", "0", "0", "0", "0", "0", "0", "0", "0", "0", "0", "0", "0", "0", "1", "0", "0", "0", "0", "0" ], "duration": 86.0, "sum": 1 }, "geometry": { "type": "Point", "coordinates": [ -122.276208184362403, 47.480277069108375 ] } },
{ "type": "Feature", "properties": { "lat": 47.480283016400072, "lon": -122.35526982368276, "time_of_day": "Morning", "causation": [ "0", "0", "0", "0", "0", "0", "0", "0", "0", "0", "0", "0", "0", "0", "0", "0", "0", "1", "0", "0", "0", "0", "0", "0" ], "duration": 23.0, "sum": 1 }, "geometry": { "type": "Point", "coordinates": [ -122.355269823682761, 47.480283016400072 ] } },
{ "type": "Feature", "properties": { "lat": 47.480287650487234, "lon": -122.2766936338915, "time_of_day": "Morning", "causation": [ "0", "0", "0", "0", "0", "0", "0", "0", "0", "0", "0", "0", "0", "0", "0", "0", "0", "0", "2", "0", "0", "0", "0", "0" ], "duration": 172.0, "sum": 2 }, "geometry": { "type": "Point", "coordinates": [ -122.276693633891497, 47.480287650487234 ] } },
{ "type": "Feature", "properties": { "lat": 47.480288959363961, "lon": -122.27404385283346, "time_of_day": "Morning", "causation": [ "0", "0", "0", "0", "0", "0", "0", "0", "0", "0", "0", "0", "0", "0", "0", "0", "0", "0", "1", "0", "0", "0", "0", "0" ], "duration": 86.0, "sum": 1 }, "geometry": { "type": "Point", "coordinates": [ -122.274043852833458, 47.480288959363961 ] } },
{ "type": "Feature", "properties": { "lat": 47.480298765220894, "lon": -122.35370311269052, "time_of_day": "Morning", "causation": [ "0", "0", "0", "0", "0", "0", "0", "0", "0", "0", "0", "0", "0", "0", "0", "0", "0", "1", "0", "0", "0", "0", "0", "0" ], "duration": 23.0, "sum": 1 }, "geometry": { "type": "Point", "coordinates": [ -122.353703112690525, 47.480298765220894 ] } },
{ "type": "Feature", "properties": { "lat": 47.480299630459527, "lon": -122.27748493918992, "time_of_day": "Morning", "causation": [ "0", "0", "0", "0", "0", "0", "0", "0", "0", "0", "0", "0", "0", "0", "0", "0", "0", "0", "1", "0", "0", "0", "0", "0" ], "duration": 86.0, "sum": 1 }, "geometry": { "type": "Point", "coordinates": [ -122.277484939189918, 47.480299630459527 ] } },
{ "type": "Feature", "properties": { "lat": 47.480460531656064, "lon": -122.35543044675424, "time_of_day": "Morning", "causation": [ "0", "0", "0", "0", "0", "0", "0", "0", "0", "0", "0", "0", "0", "0", "0", "0", "0", "1", "0", "0", "0", "0", "0", "0" ], "duration": 23.0, "sum": 1 }, "geometry": { "type": "Point", "coordinates": [ -122.355430446754241, 47.480460531656064 ] } },
{ "type": "Feature", "properties": { "lat": 47.480539660326919, "lon": -122.35464163737818, "time_of_day": "Morning", "causation": [ "0", "0", "0", "0", "0", "0", "0", "0", "0", "0", "0", "0", "0", "0", "0", "0", "0", "1", "0", "0", "0", "0", "0", "0" ], "duration": 23.0, "sum": 1 }, "geometry": { "type": "Point", "coordinates": [ -122.35464163737818, 47.480539660326919 ] } },
{ "type": "Feature", "properties": { "lat": 47.480605870568461, "lon": -122.35432336470218, "time_of_day": "Morning", "causation": [ "0", "0", "0", "0", "0", "0", "0", "0", "0", "0", "0", "0", "0", "0", "0", "0", "0", "1", "0", "0", "0", "0", "0", "0" ], "duration": 23.0, "sum": 1 }, "geometry": { "type": "Point", "coordinates": [ -122.354323364702182, 47.480605870568461 ] } },
{ "type": "Feature", "properties": { "lat": 47.480630903097904, "lon": -122.27678321628314, "time_of_day": "Morning", "causation": [ "0", "0", "0", "0", "0", "0", "0", "0", "0", "0", "0", "0", "0", "0", "0", "0", "0", "0", "1", "0", "0", "0", "0", "0" ], "duration": 86.0, "sum": 1 }, "geometry": { "type": "Point", "coordinates": [ -122.276783216283135, 47.480630903097904 ] } },
{ "type": "Feature", "properties": { "lat": 47.480632293908982, "lon": -122.3555427784153, "time_of_day": "Morning", "causation": [ "0", "0", "0", "0", "0", "0", "0", "0", "0", "0", "0", "0", "0", "0", "0", "0", "0", "1", "0", "0", "0", "0", "0", "0" ], "duration": 23.0, "sum": 1 }, "geometry": { "type": "Point", "coordinates": [ -122.355542778415298, 47.480632293908982 ] } },
{ "type": "Feature", "properties": { "lat": 47.48064451944245, "lon": -122.35412222504284, "time_of_day": "Morning", "causation": [ "0", "0", "0", "0", "0", "0", "0", "0", "0", "0", "0", "0", "0", "0", "0", "0", "0", "1", "0", "0", "0", "0", "0", "0" ], "duration": 23.0, "sum": 1 }, "geometry": { "type": "Point", "coordinates": [ -122.354122225042843, 47.48064451944245 ] } },
{ "type": "Feature", "properties": { "lat": 47.480647783281242, "lon": -122.27760742446796, "time_of_day": "Morning", "causation": [ "0", "0", "0", "0", "0", "0", "0", "0", "0", "0", "0", "0", "0", "0", "0", "0", "0", "0", "2", "0", "0", "0", "0", "0" ], "duration": 172.0, "sum": 2 }, "geometry": { "type": "Point", "coordinates": [ -122.277607424467959, 47.480647783281242 ] } },
{ "type": "Feature", "properties": { "lat": 47.480658359845243, "lon": -122.35344907793066, "time_of_day": "Morning", "causation": [ "0", "0", "0", "0", "0", "0", "0", "0", "0", "0", "0", "0", "0", "0", "0", "0", "0", "1", "0", "0", "0", "0", "0", "0" ], "duration": 23.0, "sum": 1 }, "geometry": { "type": "Point", "coordinates": [ -122.353449077930662, 47.480658359845243 ] } },
{ "type": "Feature", "properties": { "lat": 47.480671143304463, "lon": -122.35378501240342, "time_of_day": "Morning", "causation": [ "0", "0", "0", "0", "0", "0", "0", "0", "0", "0", "0", "0", "0", "0", "0", "0", "0", "1", "0", "0", "0", "0", "0", "0" ], "duration": 23.0, "sum": 1 }, "geometry": { "type": "Point", "coordinates": [ -122.353785012403421, 47.480671143304463 ] } },
{ "type": "Feature", "properties": { "lat": 47.480680163045065, "lon": -122.27657939225762, "time_of_day": "Morning", "causation": [ "0", "0", "0", "0", "0", "0", "0", "0", "0", "0", "0", "0", "0", "0", "0", "0", "0", "0", "1", "0", "0", "0", "0", "0" ], "duration": 86.0, "sum": 1 }, "geometry": { "type": "Point", "coordinates": [ -122.276579392257617, 47.480680163045065 ] } },
{ "type": "Feature", "properties": { "lat": 47.48069332170359, "lon": -122.27705395587432, "time_of_day": "Morning", "causation": [ "0", "0", "0", "0", "0", "0", "0", "0", "0", "0", "0", "0", "0", "0", "0", "0", "0", "0", "1", "0", "0", "0", "0", "0" ], "duration": 86.0, "sum": 1 }, "geometry": { "type": "Point", "coordinates": [ -122.277053955874322, 47.48069332170359 ] } },
{ "type": "Feature", "properties": { "lat": 47.48072077307166, "lon": -122.27794802666412, "time_of_day": "Morning", "causation": [ "0", "0", "0", "0", "0", "0", "0", "0", "0", "0", "0", "0", "0", "0", "0", "0", "0", "0", "1", "0", "0", "0", "0", "0" ], "duration": 86.0, "sum": 1 }, "geometry": { "type": "Point", "coordinates": [ -122.27794802666412, 47.48072077307166 ] } },
{ "type": "Feature", "properties": { "lat": 47.480740135190302, "lon": -122.27730339353052, "time_of_day": "Morning", "causation": [ "0", "0", "0", "0", "0", "0", "0", "0", "0", "0", "0", "0", "0", "0", "0", "0", "0", "0", "1", "0", "0", "0", "0", "0" ], "duration": 86.0, "sum": 1 }, "geometry": { "type": "Point", "coordinates": [ -122.277303393530516, 47.480740135190302 ] } },
{ "type": "Feature", "properties": { "lat": 47.480789588085983, "lon": -122.27635781768076, "time_of_day": "Morning", "causation": [ "0", "0", "0", "0", "0", "0", "0", "0", "0", "0", "0", "0", "0", "0", "0", "0", "0", "0", "1", "0", "0", "0", "0", "0" ], "duration": 86.0, "sum": 1 }, "geometry": { "type": "Point", "coordinates": [ -122.276357817680761, 47.480789588085983 ] } },
{ "type": "Feature", "properties": { "lat": 47.480824515902754, "lon": -122.3557048560416, "time_of_day": "Morning", "causation": [ "0", "0", "0", "0", "0", "0", "0", "0", "0", "0", "0", "0", "0", "0", "0", "0", "0", "1", "0", "0", "0", "0", "0", "0" ], "duration": 23.0, "sum": 1 }, "geometry": { "type": "Point", "coordinates": [ -122.355704856041598, 47.480824515902754 ] } },
{ "type": "Feature", "properties": { "lat": 47.480916789118425, "lon": -122.3550582068724, "time_of_day": "Morning", "causation": [ "0", "0", "0", "0", "0", "0", "0", "0", "0", "0", "0", "0", "0", "0", "0", "0", "0", "1", "0", "0", "0", "0", "0", "0" ], "duration": 23.0, "sum": 1 }, "geometry": { "type": "Point", "coordinates": [ -122.3550582068724, 47.480916789118425 ] } },
{ "type": "Feature", "properties": { "lat": 47.480972983324023, "lon": -122.35432791692024, "time_of_day": "Morning", "causation": [ "0", "0", "0", "0", "0", "0", "0", "0", "0", "0", "0", "0", "0", "0", "0", "0", "0", "2", "0", "0", "0", "0", "0", "0" ], "duration": 46.0, "sum": 2 }, "geometry": { "type": "Point", "coordinates": [ -122.354327916920241, 47.480972983324023 ] } },
{ "type": "Feature", "properties": { "lat": 47.4809790107658, "lon": -122.35468184205666, "time_of_day": "Morning", "causation": [ "0", "0", "0", "0", "0", "0", "0", "0", "0", "0", "0", "0", "0", "0", "0", "0", "0", "1", "0", "0", "0", "0", "0", "0" ], "duration": 23.0, "sum": 1 }, "geometry": { "type": "Point", "coordinates": [ -122.354681842056664, 47.4809790107658 ] } },
{ "type": "Feature", "properties": { "lat": 47.481004129444919, "lon": -122.27680130981804, "time_of_day": "Morning", "causation": [ "0", "0", "0", "0", "0", "0", "0", "0", "0", "0", "0", "0", "0", "0", "0", "0", "0", "0", "1", "0", "0", "0", "0", "0" ], "duration": 86.0, "sum": 1 }, "geometry": { "type": "Point", "coordinates": [ -122.27680130981804, 47.481004129444919 ] } },
{ "type": "Feature", "properties": { "lat": 47.481017392235309, "lon": -122.35369574851592, "time_of_day": "Morning", "causation": [ "0", "0", "0", "0", "0", "0", "0", "0", "0", "0", "0", "0", "0", "0", "0", "0", "0", "1", "0", "0", "0", "0", "0", "0" ], "duration": 23.0, "sum": 1 }, "geometry": { "type": "Point", "coordinates": [ -122.353695748515918, 47.481017392235309 ] } },
{ "type": "Feature", "properties": { "lat": 47.481042653194521, "lon": -122.27655813150945, "time_of_day": "Morning", "causation": [ "0", "0", "0", "0", "0", "0", "0", "0", "0", "0", "0", "0", "0", "0", "0", "0", "0", "0", "1", "0", "0", "0", "0", "0" ], "duration": 86.0, "sum": 1 }, "geometry": { "type": "Point", "coordinates": [ -122.276558131509447, 47.481042653194521 ] } },
{ "type": "Feature", "properties": { "lat": 47.481043825002722, "lon": -122.27631544851478, "time_of_day": "Morning", "causation": [ "0", "0", "0", "0", "0", "0", "0", "0", "0", "0", "0", "0", "0", "0", "0", "0", "0", "0", "1", "0", "0", "0", "0", "0" ], "duration": 86.0, "sum": 1 }, "geometry": { "type": "Point", "coordinates": [ -122.276315448514779, 47.481043825002722 ] } },
{ "type": "Feature", "properties": { "lat": 47.481070877813522, "lon": -122.27397335032605, "time_of_day": "Morning", "causation": [ "0", "0", "0", "0", "0", "0", "0", "0", "0", "0", "0", "0", "0", "0", "0", "0", "0", "0", "1", "0", "0", "0", "0", "0" ], "duration": 86.0, "sum": 1 }, "geometry": { "type": "Point", "coordinates": [ -122.273973350326045, 47.481070877813522 ] } },
{ "type": "Feature", "properties": { "lat": 47.481081166118273, "lon": -122.27707184924418, "time_of_day": "Morning", "causation": [ "0", "0", "0", "0", "0", "0", "0", "0", "0", "0", "0", "0", "0", "0", "0", "0", "0", "0", "1", "0", "0", "0", "0", "0" ], "duration": 86.0, "sum": 1 }, "geometry": { "type": "Point", "coordinates": [ -122.27707184924418, 47.481081166118273 ] } },
{ "type": "Feature", "properties": { "lat": 47.481085212667281, "lon": -122.27754907661129, "time_of_day": "Morning", "causation": [ "0", "0", "0", "0", "0", "0", "0", "0", "0", "0", "0", "0", "0", "0", "0", "0", "0", "0", "1", "0", "0", "0", "0", "0" ], "duration": 86.0, "sum": 1 }, "geometry": { "type": "Point", "coordinates": [ -122.277549076611294, 47.481085212667281 ] } },
{ "type": "Feature", "properties": { "lat": 47.481120916680098, "lon": -122.27512019747353, "time_of_day": "Morning", "causation": [ "0", "0", "0", "0", "0", "0", "0", "0", "0", "0", "0", "0", "0", "0", "0", "0", "0", "0", "1", "0", "0", "0", "0", "0" ], "duration": 86.0, "sum": 1 }, "geometry": { "type": "Point", "coordinates": [ -122.275120197473527, 47.481120916680098 ] } },
{ "type": "Feature", "properties": { "lat": 47.481128507519976, "lon": -122.27797578039988, "time_of_day": "Morning", "causation": [ "0", "0", "0", "0", "0", "0", "0", "0", "0", "0", "0", "0", "0", "0", "0", "0", "0", "0", "1", "0", "0", "0", "0", "0" ], "duration": 86.0, "sum": 1 }, "geometry": { "type": "Point", "coordinates": [ -122.277975780399885, 47.481128507519976 ] } },
{ "type": "Feature", "properties": { "lat": 47.481227494413979, "lon": -122.27575060234004, "time_of_day": "Morning", "causation": [ "0", "0", "0", "0", "0", "0", "0", "0", "0", "0", "0", "0", "0", "0", "0", "0", "0", "0", "1", "0", "0", "0", "0", "0" ], "duration": 86.0, "sum": 1 }, "geometry": { "type": "Point", "coordinates": [ -122.27575060234004, 47.481227494413979 ] } },
{ "type": "Feature", "properties": { "lat": 47.48138642761969, "lon": -122.27447629210852, "time_of_day": "Morning", "causation": [ "0", "0", "0", "0", "0", "0", "0", "0", "0", "0", "0", "0", "0", "0", "0", "0", "0", "0", "1", "0", "0", "0", "0", "0" ], "duration": 86.0, "sum": 1 }, "geometry": { "type": "Point", "coordinates": [ -122.274476292108517, 47.48138642761969 ] } },
{ "type": "Feature", "properties": { "lat": 47.481389571386003, "lon": -122.27739822108806, "time_of_day": "Morning", "causation": [ "0", "0", "0", "0", "0", "0", "0", "0", "0", "0", "0", "0", "0", "0", "0", "0", "0", "0", "1", "0", "0", "0", "0", "0" ], "duration": 86.0, "sum": 1 }, "geometry": { "type": "Point", "coordinates": [ -122.277398221088063, 47.481389571386003 ] } },
{ "type": "Feature", "properties": { "lat": 47.481413996699899, "lon": -122.27339512523378, "time_of_day": "Morning", "causation": [ "0", "0", "0", "0", "0", "0", "0", "0", "0", "0", "0", "0", "0", "0", "0", "0", "0", "0", "1", "0", "0", "0", "0", "0" ], "duration": 86.0, "sum": 1 }, "geometry": { "type": "Point", "coordinates": [ -122.273395125233776, 47.481413996699899 ] } },
{ "type": "Feature", "properties": { "lat": 47.481416615177658, "lon": -122.27397533512676, "time_of_day": "Morning", "causation": [ "0", "0", "0", "0", "0", "0", "0", "0", "0", "0", "0", "0", "0", "0", "0", "0", "0", "0", "1", "0", "0", "0", "0", "0" ], "duration": 86.0, "sum": 1 }, "geometry": { "type": "Point", "coordinates": [ -122.273975335126764, 47.481416615177658 ] } },
{ "type": "Feature", "properties": { "lat": 47.481433625023335, "lon": -122.27765976068248, "time_of_day": "Morning", "causation": [ "0", "0", "0", "0", "0", "0", "0", "0", "0", "0", "0", "0", "0", "0", "0", "0", "0", "0", "1", "0", "0", "0", "0", "0" ], "duration": 86.0, "sum": 1 }, "geometry": { "type": "Point", "coordinates": [ -122.277659760682482, 47.481433625023335 ] } },
{ "type": "Feature", "properties": { "lat": 47.481441023492437, "lon": -122.27707820923702, "time_of_day": "Morning", "causation": [ "0", "0", "0", "0", "0", "0", "0", "0", "0", "0", "0", "0", "0", "0", "0", "0", "0", "0", "1", "0", "0", "0", "0", "0" ], "duration": 86.0, "sum": 1 }, "geometry": { "type": "Point", "coordinates": [ -122.277078209237018, 47.481441023492437 ] } },
{ "type": "Feature", "properties": { "lat": 47.481473982389332, "lon": -122.2768022177636, "time_of_day": "Morning", "causation": [ "0", "0", "0", "0", "0", "0", "0", "0", "0", "0", "0", "0", "0", "0", "0", "0", "0", "0", "1", "0", "0", "0", "0", "0" ], "duration": 86.0, "sum": 1 }, "geometry": { "type": "Point", "coordinates": [ -122.276802217763603, 47.481473982389332 ] } },
{ "type": "Feature", "properties": { "lat": 47.481519158490343, "lon": -122.27818891798545, "time_of_day": "Morning", "causation": [ "0", "0", "0", "0", "0", "0", "0", "0", "0", "0", "0", "0", "0", "0", "0", "0", "0", "0", "1", "0", "0", "0", "0", "0" ], "duration": 86.0, "sum": 1 }, "geometry": { "type": "Point", "coordinates": [ -122.278188917985446, 47.481519158490343 ] } },
{ "type": "Feature", "properties": { "lat": 47.481526573802917, "lon": -122.27461682001535, "time_of_day": "Morning", "causation": [ "0", "0", "0", "0", "0", "0", "0", "0", "0", "0", "0", "0", "0", "0", "0", "0", "0", "0", "1", "0", "0", "0", "0", "0" ], "duration": 86.0, "sum": 1 }, "geometry": { "type": "Point", "coordinates": [ -122.274616820015353, 47.481526573802917 ] } },
{ "type": "Feature", "properties": { "lat": 47.481531969477537, "lon": -122.27398830926144, "time_of_day": "Morning", "causation": [ "0", "0", "0", "0", "0", "0", "0", "0", "0", "0", "0", "0", "0", "0", "0", "0", "0", "0", "1", "0", "0", "0", "0", "0" ], "duration": 86.0, "sum": 1 }, "geometry": { "type": "Point", "coordinates": [ -122.273988309261441, 47.481531969477537 ] } },
{ "type": "Feature", "properties": { "lat": 47.48160931614472, "lon": -122.275860499757, "time_of_day": "Morning", "causation": [ "0", "0", "0", "0", "0", "0", "0", "0", "0", "0", "0", "0", "0", "0", "0", "0", "0", "0", "1", "0", "0", "0", "0", "0" ], "duration": 86.0, "sum": 1 }, "geometry": { "type": "Point", "coordinates": [ -122.275860499757002, 47.48160931614472 ] } },
{ "type": "Feature", "properties": { "lat": 47.481689549013353, "lon": -122.27398627058524, "time_of_day": "Morning", "causation": [ "0", "0", "0", "0", "0", "0", "0", "0", "0", "0", "0", "0", "0", "0", "0", "0", "0", "0", "1", "0", "0", "0", "0", "0" ], "duration": 86.0, "sum": 1 }, "geometry": { "type": "Point", "coordinates": [ -122.27398627058524, 47.481689549013353 ] } },
{ "type": "Feature", "properties": { "lat": 47.481702680592633, "lon": -122.27450464650622, "time_of_day": "Morning", "causation": [ "0", "0", "0", "0", "0", "0", "0", "0", "0", "0", "0", "0", "0", "0", "0", "0", "0", "0", "1", "0", "0", "0", "0", "0" ], "duration": 86.0, "sum": 1 }, "geometry": { "type": "Point", "coordinates": [ -122.274504646506216, 47.481702680592633 ] } },
{ "type": "Feature", "properties": { "lat": 47.481846673465228, "lon": -122.27493793751459, "time_of_day": "Morning", "causation": [ "0", "0", "0", "0", "0", "0", "0", "0", "0", "0", "0", "0", "0", "0", "0", "0", "0", "0", "1", "0", "0", "0", "0", "0" ], "duration": 86.0, "sum": 1 }, "geometry": { "type": "Point", "coordinates": [ -122.274937937514594, 47.481846673465228 ] } },
{ "type": "Feature", "properties": { "lat": 47.481865164693431, "lon": -122.36106835700068, "time_of_day": "Morning", "causation": [ "0", "0", "0", "0", "0", "0", "0", "0", "0", "0", "0", "0", "0", "0", "0", "0", "0", "1", "0", "0", "0", "0", "0", "0" ], "duration": 23.0, "sum": 1 }, "geometry": { "type": "Point", "coordinates": [ -122.361068357000676, 47.481865164693431 ] } },
{ "type": "Feature", "properties": { "lat": 47.481923397033526, "lon": -122.27393776044504, "time_of_day": "Morning", "causation": [ "0", "0", "0", "0", "0", "0", "0", "0", "0", "0", "0", "0", "0", "0", "0", "0", "0", "0", "1", "0", "0", "0", "0", "0" ], "duration": 86.0, "sum": 1 }, "geometry": { "type": "Point", "coordinates": [ -122.273937760445037, 47.481923397033526 ] } },
{ "type": "Feature", "properties": { "lat": 47.481925478213469, "lon": -122.27531709337754, "time_of_day": "Morning", "causation": [ "0", "0", "0", "0", "0", "0", "0", "0", "0", "0", "0", "0", "0", "0", "0", "0", "0", "0", "1", "0", "0", "0", "0", "0" ], "duration": 86.0, "sum": 1 }, "geometry": { "type": "Point", "coordinates": [ -122.275317093377538, 47.481925478213469 ] } },
{ "type": "Feature", "properties": { "lat": 47.482062235440317, "lon": -122.27362775923152, "time_of_day": "Morning", "causation": [ "0", "0", "0", "0", "0", "0", "0", "0", "0", "0", "0", "0", "0", "0", "0", "0", "0", "0", "2", "0", "0", "0", "0", "0" ], "duration": 172.0, "sum": 2 }, "geometry": { "type": "Point", "coordinates": [ -122.273627759231516, 47.482062235440317 ] } },
{ "type": "Feature", "properties": { "lat": 47.482072391355842, "lon": -122.27395752863244, "time_of_day": "Morning", "causation": [ "0", "0", "0", "0", "0", "0", "0", "0", "0", "0", "0", "0", "0", "0", "0", "0", "0", "0", "1", "0", "0", "0", "0", "0" ], "duration": 86.0, "sum": 1 }, "geometry": { "type": "Point", "coordinates": [ -122.273957528632437, 47.482072391355842 ] } },
{ "type": "Feature", "properties": { "lat": 47.482178331398735, "lon": -122.2745242191647, "time_of_day": "Morning", "causation": [ "0", "0", "0", "0", "0", "0", "0", "0", "0", "0", "0", "0", "0", "0", "0", "0", "0", "0", "1", "0", "0", "0", "0", "0" ], "duration": 86.0, "sum": 1 }, "geometry": { "type": "Point", "coordinates": [ -122.274524219164704, 47.482178331398735 ] } },
{ "type": "Feature", "properties": { "lat": 47.48226070064208, "lon": -122.27476170063429, "time_of_day": "Morning", "causation": [ "0", "0", "0", "0", "0", "0", "0", "0", "0", "0", "0", "0", "0", "0", "0", "0", "0", "0", "1", "0", "0", "0", "0", "0" ], "duration": 86.0, "sum": 1 }, "geometry": { "type": "Point", "coordinates": [ -122.274761700634286, 47.48226070064208 ] } },
{ "type": "Feature", "properties": { "lat": 47.482265864901393, "lon": -122.27514271082433, "time_of_day": "Morning", "causation": [ "0", "0", "0", "0", "0", "0", "0", "0", "0", "0", "0", "0", "0", "0", "0", "0", "0", "0", "1", "0", "0", "0", "0", "0" ], "duration": 86.0, "sum": 1 }, "geometry": { "type": "Point", "coordinates": [ -122.275142710824326, 47.482265864901393 ] } },
{ "type": "Feature", "properties": { "lat": 47.482349545949653, "lon": -122.27426676458229, "time_of_day": "Morning", "causation": [ "0", "0", "0", "0", "0", "0", "0", "0", "0", "0", "0", "0", "0", "0", "0", "0", "0", "0", "1", "0", "0", "0", "0", "0" ], "duration": 86.0, "sum": 1 }, "geometry": { "type": "Point", "coordinates": [ -122.274266764582293, 47.482349545949653 ] } },
{ "type": "Feature", "properties": { "lat": 47.482432354640586, "lon": -122.27946070721136, "time_of_day": "Morning", "causation": [ "0", "0", "0", "0", "0", "0", "0", "0", "0", "0", "0", "0", "0", "0", "0", "0", "0", "0", "1", "0", "0", "0", "0", "0" ], "duration": 86.0, "sum": 1 }, "geometry": { "type": "Point", "coordinates": [ -122.279460707211356, 47.482432354640586 ] } },
{ "type": "Feature", "properties": { "lat": 47.482454241349963, "lon": -122.27505852298472, "time_of_day": "Morning", "causation": [ "0", "0", "0", "0", "0", "0", "0", "0", "0", "0", "0", "0", "0", "0", "0", "0", "0", "0", "1", "0", "0", "0", "0", "0" ], "duration": 86.0, "sum": 1 }, "geometry": { "type": "Point", "coordinates": [ -122.275058522984722, 47.482454241349963 ] } },
{ "type": "Feature", "properties": { "lat": 47.482594091581753, "lon": -122.2741207060099, "time_of_day": "Morning", "causation": [ "0", "0", "0", "0", "0", "0", "0", "0", "0", "0", "0", "0", "0", "0", "0", "0", "0", "0", "1", "0", "0", "0", "0", "0" ], "duration": 86.0, "sum": 1 }, "geometry": { "type": "Point", "coordinates": [ -122.274120706009896, 47.482594091581753 ] } },
{ "type": "Feature", "properties": { "lat": 47.482764415345407, "lon": -122.27876048625792, "time_of_day": "Morning", "causation": [ "0", "0", "0", "0", "0", "0", "0", "0", "0", "0", "0", "0", "0", "0", "0", "0", "0", "0", "1", "0", "0", "0", "0", "0" ], "duration": 86.0, "sum": 1 }, "geometry": { "type": "Point", "coordinates": [ -122.278760486257923, 47.482764415345407 ] } },
{ "type": "Feature", "properties": { "lat": 47.482897023258261, "lon": -122.27370812492236, "time_of_day": "Morning", "causation": [ "0", "0", "0", "0", "0", "0", "0", "0", "0", "0", "0", "0", "0", "0", "0", "0", "0", "0", "1", "0", "0", "0", "0", "0" ], "duration": 86.0, "sum": 1 }, "geometry": { "type": "Point", "coordinates": [ -122.273708124922365, 47.482897023258261 ] } },
{ "type": "Feature", "properties": { "lat": 47.482936146743327, "lon": -122.27780394209486, "time_of_day": "Morning", "causation": [ "0", "0", "0", "0", "0", "0", "0", "0", "0", "0", "0", "0", "0", "0", "0", "0", "0", "0", "6", "0", "0", "0", "0", "0" ], "duration": 516.0, "sum": 6 }, "geometry": { "type": "Point", "coordinates": [ -122.277803942094863, 47.482936146743327 ] } },
{ "type": "Feature", "properties": { "lat": 47.483165001825647, "lon": -122.2757979101027, "time_of_day": "Morning", "causation": [ "0", "0", "0", "0", "0", "0", "0", "0", "0", "0", "0", "0", "0", "0", "0", "0", "0", "0", "2", "0", "0", "0", "0", "0" ], "duration": 172.0, "sum": 2 }, "geometry": { "type": "Point", "coordinates": [ -122.275797910102696, 47.483165001825647 ] } },
{ "type": "Feature", "properties": { "lat": 47.483768204521546, "lon": -122.27489598793012, "time_of_day": "Morning", "causation": [ "0", "0", "0", "0", "0", "0", "0", "0", "0", "0", "0", "0", "0", "0", "0", "0", "0", "0", "3", "0", "0", "0", "0", "0" ], "duration": 258.0, "sum": 3 }, "geometry": { "type": "Point", "coordinates": [ -122.274895987930122, 47.483768204521546 ] } },
{ "type": "Feature", "properties": { "lat": 47.483846044777614, "lon": -122.27883345674324, "time_of_day": "Morning", "causation": [ "0", "0", "0", "0", "0", "0", "0", "0", "0", "0", "0", "0", "0", "0", "0", "0", "0", "0", "1", "0", "0", "0", "0", "0" ], "duration": 86.0, "sum": 1 }, "geometry": { "type": "Point", "coordinates": [ -122.278833456743243, 47.483846044777614 ] } },
{ "type": "Feature", "properties": { "lat": 47.484143935839441, "lon": -122.277195858412, "time_of_day": "Morning", "causation": [ "0", "0", "0", "0", "0", "0", "0", "0", "0", "0", "0", "0", "0", "0", "0", "0", "0", "0", "17", "0", "0", "0", "0", "0" ], "duration": 1462.0, "sum": 17 }, "geometry": { "type": "Point", "coordinates": [ -122.277195858412, 47.484143935839441 ] } },
{ "type": "Feature", "properties": { "lat": 47.484284331445792, "lon": -122.27798406439059, "time_of_day": "Morning", "causation": [ "0", "0", "0", "0", "0", "0", "0", "0", "0", "0", "0", "0", "0", "0", "0", "0", "0", "0", "3", "0", "0", "0", "0", "0" ], "duration": 258.0, "sum": 3 }, "geometry": { "type": "Point", "coordinates": [ -122.277984064390594, 47.484284331445792 ] } },
{ "type": "Feature", "properties": { "lat": 47.484291846872729, "lon": -122.34759865794378, "time_of_day": "Late Night", "causation": [ "0", "0", "0", "0", "0", "0", "0", "0", "32", "0", "0", "0", "0", "0", "0", "0", "0", "0", "0", "0", "0", "0", "0", "0" ], "duration": 2752.0, "sum": 32 }, "geometry": { "type": "Point", "coordinates": [ -122.347598657943777, 47.484291846872729 ] } },
{ "type": "Feature", "properties": { "lat": 47.48430127601474, "lon": -122.27559929546256, "time_of_day": "Morning", "causation": [ "0", "0", "0", "0", "0", "0", "0", "0", "0", "0", "0", "0", "0", "0", "0", "0", "0", "0", "1", "0", "0", "0", "0", "0" ], "duration": 86.0, "sum": 1 }, "geometry": { "type": "Point", "coordinates": [ -122.275599295462555, 47.48430127601474 ] } },
{ "type": "Feature", "properties": { "lat": 47.484496886405317, "lon": -122.3496903558195, "time_of_day": "Late Night", "causation": [ "0", "0", "0", "0", "0", "0", "0", "0", "17", "0", "0", "0", "0", "0", "0", "0", "0", "0", "0", "0", "0", "0", "0", "0" ], "duration": 1462.0, "sum": 17 }, "geometry": { "type": "Point", "coordinates": [ -122.349690355819504, 47.484496886405317 ] } },
{ "type": "Feature", "properties": { "lat": 47.484624752096771, "lon": -122.34859902440078, "time_of_day": "Late Night", "causation": [ "0", "0", "0", "0", "0", "0", "0", "0", "1", "0", "0", "0", "0", "0", "0", "0", "0", "0", "0", "0", "0", "0", "0", "0" ], "duration": 86.0, "sum": 1 }, "geometry": { "type": "Point", "coordinates": [ -122.348599024400784, 47.484624752096771 ] } },
{ "type": "Feature", "properties": { "lat": 47.484649115068365, "lon": -122.34926991133386, "time_of_day": "Late Night", "causation": [ "0", "0", "0", "0", "0", "0", "0", "0", "1", "0", "0", "0", "0", "0", "0", "0", "0", "0", "0", "0", "0", "0", "0", "0" ], "duration": 86.0, "sum": 1 }, "geometry": { "type": "Point", "coordinates": [ -122.349269911333863, 47.484649115068365 ] } },
{ "type": "Feature", "properties": { "lat": 47.484892096020722, "lon": -122.34934143170784, "time_of_day": "Late Night", "causation": [ "0", "0", "0", "0", "0", "0", "0", "0", "1", "0", "0", "0", "0", "0", "0", "0", "0", "0", "0", "0", "0", "0", "0", "0" ], "duration": 86.0, "sum": 1 }, "geometry": { "type": "Point", "coordinates": [ -122.349341431707842, 47.484892096020722 ] } },
{ "type": "Feature", "properties": { "lat": 47.485141041273351, "lon": -122.34948495915719, "time_of_day": "Late Night", "causation": [ "0", "0", "0", "0", "0", "0", "0", "0", "5", "0", "0", "0", "0", "0", "0", "0", "0", "0", "0", "0", "0", "0", "0", "0" ], "duration": 430.0, "sum": 5 }, "geometry": { "type": "Point", "coordinates": [ -122.349484959157195, 47.485141041273351 ] } },
{ "type": "Feature", "properties": { "lat": 47.485196480010352, "lon": -122.35844566985614, "time_of_day": "Morning", "causation": [ "0", "0", "0", "0", "0", "0", "0", "0", "0", "0", "0", "0", "0", "0", "0", "0", "0", "0", "1", "0", "0", "0", "0", "0" ], "duration": 472.0, "sum": 1 }, "geometry": { "type": "Point", "coordinates": [ -122.358445669856138, 47.485196480010352 ] } },
{ "type": "Feature", "properties": { "lat": 47.4852167031489, "lon": -122.3488140392656, "time_of_day": "Late Night", "causation": [ "0", "0", "0", "0", "0", "0", "0", "0", "1", "0", "0", "0", "0", "0", "0", "0", "0", "0", "0", "0", "0", "0", "0", "0" ], "duration": 86.0, "sum": 1 }, "geometry": { "type": "Point", "coordinates": [ -122.348814039265605, 47.4852167031489 ] } },
{ "type": "Feature", "properties": { "lat": 47.485232573235983, "lon": -122.3581462290242, "time_of_day": "Morning", "causation": [ "0", "0", "0", "0", "0", "0", "0", "0", "0", "0", "0", "0", "0", "0", "0", "0", "0", "0", "2", "0", "0", "0", "0", "0" ], "duration": 944.0, "sum": 2 }, "geometry": { "type": "Point", "coordinates": [ -122.3581462290242, 47.485232573235983 ] } },
{ "type": "Feature", "properties": { "lat": 47.485248589957912, "lon": -122.35786530208762, "time_of_day": "Morning", "causation": [ "0", "0", "0", "0", "0", "0", "0", "0", "0", "0", "0", "0", "0", "0", "0", "0", "0", "0", "1", "0", "0", "0", "0", "0" ], "duration": 472.0, "sum": 1 }, "geometry": { "type": "Point", "coordinates": [ -122.357865302087617, 47.485248589957912 ] } },
{ "type": "Feature", "properties": { "lat": 47.48530446540785, "lon": -122.35873225348064, "time_of_day": "Morning", "causation": [ "0", "0", "0", "0", "0", "0", "0", "0", "0", "0", "0", "0", "0", "0", "0", "0", "0", "0", "1", "0", "0", "0", "0", "0" ], "duration": 472.0, "sum": 1 }, "geometry": { "type": "Point", "coordinates": [ -122.358732253480639, 47.48530446540785 ] } },
{ "type": "Feature", "properties": { "lat": 47.485414284000761, "lon": -122.34889027445632, "time_of_day": "Late Night", "causation": [ "0", "0", "0", "0", "0", "0", "0", "0", "3", "0", "0", "0", "0", "0", "0", "0", "0", "0", "0", "0", "0", "0", "0", "0" ], "duration": 258.0, "sum": 3 }, "geometry": { "type": "Point", "coordinates": [ -122.348890274456323, 47.485414284000761 ] } },
{ "type": "Feature", "properties": { "lat": 47.485555027864088, "lon": -122.34792812968313, "time_of_day": "Late Night", "causation": [ "0", "0", "0", "0", "0", "0", "0", "0", "1", "0", "0", "0", "0", "0", "0", "0", "0", "0", "0", "0", "0", "0", "0", "0" ], "duration": 86.0, "sum": 1 }, "geometry": { "type": "Point", "coordinates": [ -122.347928129683126, 47.485555027864088 ] } },
{ "type": "Feature", "properties": { "lat": 47.485563587844211, "lon": -122.35901073135764, "time_of_day": "Morning", "causation": [ "0", "0", "0", "0", "0", "0", "0", "0", "0", "0", "0", "0", "0", "0", "0", "0", "0", "0", "1", "0", "0", "0", "0", "0" ], "duration": 472.0, "sum": 1 }, "geometry": { "type": "Point", "coordinates": [ -122.359010731357642, 47.485563587844211 ] } },
{ "type": "Feature", "properties": { "lat": 47.485587131827202, "lon": -122.34896720328766, "time_of_day": "Late Night", "causation": [ "0", "0", "0", "0", "0", "0", "0", "0", "2", "0", "0", "0", "0", "0", "0", "0", "0", "0", "0", "0", "0", "0", "0", "0" ], "duration": 172.0, "sum": 2 }, "geometry": { "type": "Point", "coordinates": [ -122.348967203287657, 47.485587131827202 ] } },
{ "type": "Feature", "properties": { "lat": 47.485678603285081, "lon": -122.35898962241905, "time_of_day": "Morning", "causation": [ "0", "0", "0", "0", "0", "0", "0", "0", "0", "0", "0", "0", "0", "0", "0", "0", "0", "0", "1", "0", "0", "0", "0", "0" ], "duration": 472.0, "sum": 1 }, "geometry": { "type": "Point", "coordinates": [ -122.358989622419045, 47.485678603285081 ] } },
{ "type": "Feature", "properties": { "lat": 47.485705197191109, "lon": -122.35783372258744, "time_of_day": "Morning", "causation": [ "0", "0", "0", "0", "0", "0", "0", "0", "0", "0", "0", "0", "0", "0", "0", "0", "0", "0", "1", "0", "0", "0", "0", "0" ], "duration": 472.0, "sum": 1 }, "geometry": { "type": "Point", "coordinates": [ -122.357833722587444, 47.485705197191109 ] } },
{ "type": "Feature", "properties": { "lat": 47.485833533714853, "lon": -122.34904001222073, "time_of_day": "Late Night", "causation": [ "0", "0", "0", "0", "0", "0", "0", "0", "1", "0", "0", "0", "0", "0", "0", "0", "0", "0", "0", "0", "0", "0", "0", "0" ], "duration": 86.0, "sum": 1 }, "geometry": { "type": "Point", "coordinates": [ -122.349040012220726, 47.485833533714853 ] } },
{ "type": "Feature", "properties": { "lat": 47.485888825486292, "lon": -122.35788718686342, "time_of_day": "Morning", "causation": [ "0", "0", "0", "0", "0", "0", "0", "0", "0", "0", "0", "0", "0", "0", "0", "0", "0", "0", "1", "0", "0", "0", "0", "0" ], "duration": 472.0, "sum": 1 }, "geometry": { "type": "Point", "coordinates": [ -122.357887186863422, 47.485888825486292 ] } },
{ "type": "Feature", "properties": { "lat": 47.487168260557645, "lon": -122.35117835812592, "time_of_day": "Late Night", "causation": [ "0", "0", "0", "0", "0", "0", "0", "0", "1", "0", "0", "0", "0", "0", "0", "0", "0", "0", "0", "0", "0", "0", "0", "0" ], "duration": 86.0, "sum": 1 }, "geometry": { "type": "Point", "coordinates": [ -122.351178358125921, 47.487168260557645 ] } },
{ "type": "Feature", "properties": { "lat": 47.487179175071411, "lon": -122.34958786193056, "time_of_day": "Late Night", "causation": [ "0", "0", "0", "0", "0", "0", "0", "0", "1", "0", "0", "0", "0", "0", "0", "0", "0", "0", "0", "0", "0", "0", "0", "0" ], "duration": 86.0, "sum": 1 }, "geometry": { "type": "Point", "coordinates": [ -122.349587861930559, 47.487179175071411 ] } },
{ "type": "Feature", "properties": { "lat": 47.487253601939003, "lon": -122.356094639972, "time_of_day": "Morning", "causation": [ "0", "0", "0", "0", "0", "0", "0", "0", "0", "0", "0", "0", "0", "0", "0", "0", "0", "1", "0", "0", "0", "0", "0", "0" ], "duration": 23.0, "sum": 1 }, "geometry": { "type": "Point", "coordinates": [ -122.356094639972, 47.487253601939003 ] } },
{ "type": "Feature", "properties": { "lat": 47.48747910158928, "lon": -122.34951164213274, "time_of_day": "Late Night", "causation": [ "0", "0", "0", "0", "0", "0", "0", "0", "1", "0", "0", "0", "0", "0", "0", "0", "0", "0", "0", "0", "0", "0", "0", "0" ], "duration": 86.0, "sum": 1 }, "geometry": { "type": "Point", "coordinates": [ -122.34951164213274, 47.48747910158928 ] } },
{ "type": "Feature", "properties": { "lat": 47.487595882461761, "lon": -122.35030502330667, "time_of_day": "Late Night", "causation": [ "0", "0", "0", "0", "0", "0", "0", "0", "1", "0", "0", "0", "0", "0", "0", "0", "0", "0", "0", "0", "0", "0", "0", "0" ], "duration": 86.0, "sum": 1 }, "geometry": { "type": "Point", "coordinates": [ -122.350305023306674, 47.487595882461761 ] } },
{ "type": "Feature", "properties": { "lat": 47.487732434208617, "lon": -122.34927777650761, "time_of_day": "Late Night", "causation": [ "0", "0", "0", "0", "0", "0", "0", "0", "9", "0", "0", "0", "0", "0", "0", "0", "0", "0", "0", "0", "0", "0", "0", "0" ], "duration": 774.0, "sum": 9 }, "geometry": { "type": "Point", "coordinates": [ -122.349277776507606, 47.487732434208617 ] } },
{ "type": "Feature", "properties": { "lat": 47.487775118469912, "lon": -122.34788666103756, "time_of_day": "Late Night", "causation": [ "0", "0", "0", "0", "0", "0", "0", "0", "1", "0", "0", "0", "0", "0", "0", "0", "0", "0", "0", "0", "0", "0", "0", "0" ], "duration": 86.0, "sum": 1 }, "geometry": { "type": "Point", "coordinates": [ -122.347886661037563, 47.487775118469912 ] } },
{ "type": "Feature", "properties": { "lat": 47.487801431980031, "lon": -122.34856775394016, "time_of_day": "Late Night", "causation": [ "0", "0", "0", "0", "0", "0", "0", "0", "2", "0", "0", "0", "0", "0", "0", "0", "0", "0", "0", "0", "0", "0", "0", "0" ], "duration": 172.0, "sum": 2 }, "geometry": { "type": "Point", "coordinates": [ -122.348567753940159, 47.487801431980031 ] } },
{ "type": "Feature", "properties": { "lat": 47.488203329087717, "lon": -122.34963941972896, "time_of_day": "Late Night", "causation": [ "0", "0", "0", "0", "0", "0", "0", "0", "1", "0", "0", "0", "0", "0", "0", "0", "0", "0", "0", "0", "0", "0", "0", "0" ], "duration": 86.0, "sum": 1 }, "geometry": { "type": "Point", "coordinates": [ -122.349639419728959, 47.488203329087717 ] } },
{ "type": "Feature", "properties": { "lat": 47.488227000078957, "lon": -122.34883522924486, "time_of_day": "Late Night", "causation": [ "0", "0", "0", "0", "0", "0", "0", "0", "1", "0", "0", "0", "0", "0", "0", "0", "0", "0", "0", "0", "0", "0", "0", "0" ], "duration": 86.0, "sum": 1 }, "geometry": { "type": "Point", "coordinates": [ -122.348835229244855, 47.488227000078957 ] } },
{ "type": "Feature", "properties": { "lat": 47.488729060204307, "lon": -122.313184013284, "time_of_day": "Morning", "causation": [ "0", "0", "0", "0", "0", "0", "0", "0", "1", "0", "0", "0", "0", "0", "0", "0", "0", "0", "0", "0", "0", "0", "0", "0" ], "duration": 406.0, "sum": 1 }, "geometry": { "type": "Point", "coordinates": [ -122.313184013284001, 47.488729060204307 ] } },
{ "type": "Feature", "properties": { "lat": 47.489840203464922, "lon": -122.3654905994925, "time_of_day": "Morning", "causation": [ "0", "0", "0", "0", "0", "0", "0", "0", "1", "0", "0", "0", "0", "0", "0", "0", "0", "0", "0", "0", "0", "0", "0", "0" ], "duration": 498.0, "sum": 1 }, "geometry": { "type": "Point", "coordinates": [ -122.365490599492503, 47.489840203464922 ] } },
{ "type": "Feature", "properties": { "lat": 47.490025583030288, "lon": -122.36571968096813, "time_of_day": "Morning", "causation": [ "0", "0", "0", "0", "0", "0", "0", "0", "1", "0", "0", "0", "0", "0", "0", "0", "0", "0", "0", "0", "0", "0", "0", "0" ], "duration": 498.0, "sum": 1 }, "geometry": { "type": "Point", "coordinates": [ -122.365719680968127, 47.490025583030288 ] } },
{ "type": "Feature", "properties": { "lat": 47.49025751110095, "lon": -122.36514398067816, "time_of_day": "Morning", "causation": [ "0", "0", "0", "0", "0", "0", "0", "0", "1", "0", "0", "0", "0", "0", "0", "0", "0", "0", "0", "0", "0", "0", "0", "0" ], "duration": 498.0, "sum": 1 }, "geometry": { "type": "Point", "coordinates": [ -122.365143980678155, 47.49025751110095 ] } },
{ "type": "Feature", "properties": { "lat": 47.490378274523437, "lon": -122.36571882549538, "time_of_day": "Morning", "causation": [ "0", "0", "0", "0", "0", "0", "0", "0", "2", "0", "0", "0", "0", "0", "0", "0", "0", "0", "0", "0", "0", "0", "0", "0" ], "duration": 996.0, "sum": 2 }, "geometry": { "type": "Point", "coordinates": [ -122.365718825495378, 47.490378274523437 ] } },
{ "type": "Feature", "properties": { "lat": 47.490468238804368, "lon": -122.36515638391464, "time_of_day": "Morning", "causation": [ "0", "0", "0", "0", "0", "0", "0", "0", "1", "0", "0", "0", "0", "0", "0", "0", "0", "0", "0", "0", "0", "0", "0", "0" ], "duration": 498.0, "sum": 1 }, "geometry": { "type": "Point", "coordinates": [ -122.365156383914638, 47.490468238804368 ] } },
{ "type": "Feature", "properties": { "lat": 47.490716118289576, "lon": -122.36575253592386, "time_of_day": "Morning", "causation": [ "0", "0", "0", "0", "0", "0", "0", "0", "2", "0", "0", "0", "0", "0", "0", "0", "0", "0", "0", "0", "0", "0", "0", "0" ], "duration": 996.0, "sum": 2 }, "geometry": { "type": "Point", "coordinates": [ -122.36575253592386, 47.490716118289576 ] } },
{ "type": "Feature", "properties": { "lat": 47.490836609780239, "lon": -122.36583471001585, "time_of_day": "Morning", "causation": [ "0", "0", "0", "0", "0", "0", "0", "0", "2", "0", "0", "0", "0", "0", "0", "0", "0", "0", "0", "0", "0", "0", "0", "0" ], "duration": 996.0, "sum": 2 }, "geometry": { "type": "Point", "coordinates": [ -122.365834710015847, 47.490836609780239 ] } },
{ "type": "Feature", "properties": { "lat": 47.501063047155583, "lon": -122.3828784194602, "time_of_day": "Late Night", "causation": [ "0", "0", "0", "0", "0", "0", "0", "0", "1", "0", "0", "0", "0", "0", "0", "0", "0", "0", "0", "0", "0", "0", "0", "0" ], "duration": 455.0, "sum": 1 }, "geometry": { "type": "Point", "coordinates": [ -122.382878419460198, 47.501063047155583 ] } },
{ "type": "Feature", "properties": { "lat": 47.501063047155583, "lon": -122.3828784194602, "time_of_day": "Morning", "causation": [ "0", "0", "0", "0", "0", "0", "0", "0", "0", "0", "0", "0", "0", "0", "0", "0", "0", "1", "0", "0", "0", "0", "0", "0" ], "duration": 567.0, "sum": 1 }, "geometry": { "type": "Point", "coordinates": [ -122.382878419460198, 47.501063047155583 ] } },
{ "type": "Feature", "properties": { "lat": 47.501143196867496, "lon": -122.38313762537535, "time_of_day": "Late Night", "causation": [ "0", "0", "0", "0", "0", "0", "0", "0", "1", "0", "0", "0", "0", "0", "0", "0", "0", "0", "0", "0", "0", "0", "0", "0" ], "duration": 455.0, "sum": 1 }, "geometry": { "type": "Point", "coordinates": [ -122.383137625375355, 47.501143196867496 ] } },
{ "type": "Feature", "properties": { "lat": 47.501143196867496, "lon": -122.38313762537535, "time_of_day": "Morning", "causation": [ "0", "0", "0", "0", "0", "0", "0", "0", "0", "0", "0", "0", "0", "0", "0", "0", "0", "1", "0", "0", "0", "0", "0", "0" ], "duration": 567.0, "sum": 1 }, "geometry": { "type": "Point", "coordinates": [ -122.383137625375355, 47.501143196867496 ] } },
{ "type": "Feature", "properties": { "lat": 47.501350337900817, "lon": -122.38326570017465, "time_of_day": "Late Night", "causation": [ "0", "0", "0", "0", "0", "0", "0", "0", "1", "0", "0", "0", "0", "0", "0", "0", "0", "0", "0", "0", "0", "0", "0", "0" ], "duration": 455.0, "sum": 1 }, "geometry": { "type": "Point", "coordinates": [ -122.383265700174647, 47.501350337900817 ] } },
{ "type": "Feature", "properties": { "lat": 47.501350337900817, "lon": -122.38326570017465, "time_of_day": "Morning", "causation": [ "0", "0", "0", "0", "0", "0", "0", "0", "0", "0", "0", "0", "0", "0", "0", "0", "0", "1", "0", "0", "0", "0", "0", "0" ], "duration": 567.0, "sum": 1 }, "geometry": { "type": "Point", "coordinates": [ -122.383265700174647, 47.501350337900817 ] } },
{ "type": "Feature", "properties": { "lat": 47.501356540928064, "lon": -122.38249767515607, "time_of_day": "Late Night", "causation": [ "0", "0", "0", "0", "0", "0", "0", "0", "1", "0", "0", "0", "0", "0", "0", "0", "0", "0", "0", "0", "0", "0", "0", "0" ], "duration": 455.0, "sum": 1 }, "geometry": { "type": "Point", "coordinates": [ -122.382497675156074, 47.501356540928064 ] } },
{ "type": "Feature", "properties": { "lat": 47.501356540928064, "lon": -122.38249767515607, "time_of_day": "Morning", "causation": [ "0", "0", "0", "0", "0", "0", "0", "0", "0", "0", "0", "0", "0", "0", "0", "0", "0", "1", "0", "0", "0", "0", "0", "0" ], "duration": 567.0, "sum": 1 }, "geometry": { "type": "Point", "coordinates": [ -122.382497675156074, 47.501356540928064 ] } },
{ "type": "Feature", "properties": { "lat": 47.501385639272172, "lon": -122.38358423041706, "time_of_day": "Late Night", "causation": [ "0", "0", "0", "0", "0", "0", "0", "0", "1", "0", "0", "0", "0", "0", "0", "0", "0", "0", "0", "0", "0", "0", "0", "0" ], "duration": 455.0, "sum": 1 }, "geometry": { "type": "Point", "coordinates": [ -122.383584230417057, 47.501385639272172 ] } },
{ "type": "Feature", "properties": { "lat": 47.501385639272172, "lon": -122.38358423041706, "time_of_day": "Morning", "causation": [ "0", "0", "0", "0", "0", "0", "0", "0", "0", "0", "0", "0", "0", "0", "0", "0", "0", "1", "0", "0", "0", "0", "0", "0" ], "duration": 567.0, "sum": 1 }, "geometry": { "type": "Point", "coordinates": [ -122.383584230417057, 47.501385639272172 ] } },
{ "type": "Feature", "properties": { "lat": 47.501453240443396, "lon": -122.3825568741232, "time_of_day": "Late Night", "causation": [ "0", "0", "0", "0", "0", "0", "0", "0", "1", "0", "0", "0", "0", "0", "0", "0", "0", "0", "0", "0", "0", "0", "0", "0" ], "duration": 455.0, "sum": 1 }, "geometry": { "type": "Point", "coordinates": [ -122.382556874123196, 47.501453240443396 ] } },
{ "type": "Feature", "properties": { "lat": 47.501453240443396, "lon": -122.3825568741232, "time_of_day": "Morning", "causation": [ "0", "0", "0", "0", "0", "0", "0", "0", "0", "0", "0", "0", "0", "0", "0", "0", "0", "1", "0", "0", "0", "0", "0", "0" ], "duration": 567.0, "sum": 1 }, "geometry": { "type": "Point", "coordinates": [ -122.382556874123196, 47.501453240443396 ] } },
{ "type": "Feature", "properties": { "lat": 47.501502371402623, "lon": -122.38386115764401, "time_of_day": "Late Night", "causation": [ "0", "0", "0", "0", "0", "0", "0", "0", "1", "0", "0", "0", "0", "0", "0", "0", "0", "0", "0", "0", "0", "0", "0", "0" ], "duration": 455.0, "sum": 1 }, "geometry": { "type": "Point", "coordinates": [ -122.383861157644006, 47.501502371402623 ] } },
{ "type": "Feature", "properties": { "lat": 47.501502371402623, "lon": -122.38386115764401, "time_of_day": "Morning", "causation": [ "0", "0", "0", "0", "0", "0", "0", "0", "0", "0", "0", "0", "0", "0", "0", "0", "0", "1", "0", "0", "0", "0", "0", "0" ], "duration": 567.0, "sum": 1 }, "geometry": { "type": "Point", "coordinates": [ -122.383861157644006, 47.501502371402623 ] } },
{ "type": "Feature", "properties": { "lat": 47.501617948370253, "lon": -122.38413024217694, "time_of_day": "Late Night", "causation": [ "0", "0", "0", "0", "0", "0", "0", "0", "1", "0", "0", "0", "0", "0", "0", "0", "0", "0", "0", "0", "0", "0", "0", "0" ], "duration": 455.0, "sum": 1 }, "geometry": { "type": "Point", "coordinates": [ -122.384130242176937, 47.501617948370253 ] } },
{ "type": "Feature", "properties": { "lat": 47.501617948370253, "lon": -122.38413024217694, "time_of_day": "Morning", "causation": [ "0", "0", "0", "0", "0", "0", "0", "0", "0", "0", "0", "0", "0", "0", "0", "0", "0", "1", "0", "0", "0", "0", "0", "0" ], "duration": 567.0, "sum": 1 }, "geometry": { "type": "Point", "coordinates": [ -122.384130242176937, 47.501617948370253 ] } },
{ "type": "Feature", "properties": { "lat": 47.501834704627768, "lon": -122.38433318401296, "time_of_day": "Late Night", "causation": [ "0", "0", "0", "0", "0", "0", "0", "0", "1", "0", "0", "0", "0", "0", "0", "0", "0", "0", "0", "0", "0", "0", "0", "0" ], "duration": 455.0, "sum": 1 }, "geometry": { "type": "Point", "coordinates": [ -122.384333184012959, 47.501834704627768 ] } },
{ "type": "Feature", "properties": { "lat": 47.501834704627768, "lon": -122.38433318401296, "time_of_day": "Morning", "causation": [ "0", "0", "0", "0", "0", "0", "0", "0", "0", "0", "0", "0", "0", "0", "0", "0", "0", "1", "0", "0", "0", "0", "0", "0" ], "duration": 567.0, "sum": 1 }, "geometry": { "type": "Point", "coordinates": [ -122.384333184012959, 47.501834704627768 ] } },
{ "type": "Feature", "properties": { "lat": 47.501967821465477, "lon": -122.384841695649, "time_of_day": "Late Night", "causation": [ "0", "0", "0", "0", "0", "0", "0", "0", "1", "0", "0", "0", "0", "0", "0", "0", "0", "0", "0", "0", "0", "0", "0", "0" ], "duration": 455.0, "sum": 1 }, "geometry": { "type": "Point", "coordinates": [ -122.384841695649001, 47.501967821465477 ] } },
{ "type": "Feature", "properties": { "lat": 47.501967821465477, "lon": -122.384841695649, "time_of_day": "Morning", "causation": [ "0", "0", "0", "0", "0", "0", "0", "0", "0", "0", "0", "0", "0", "0", "0", "0", "0", "1", "0", "0", "0", "0", "0", "0" ], "duration": 567.0, "sum": 1 }, "geometry": { "type": "Point", "coordinates": [ -122.384841695649001, 47.501967821465477 ] } },
{ "type": "Feature", "properties": { "lat": 47.501990656438103, "lon": -122.38461536909526, "time_of_day": "Late Night", "causation": [ "0", "0", "0", "0", "0", "0", "0", "0", "1", "0", "0", "0", "0", "0", "0", "0", "0", "0", "0", "0", "0", "0", "0", "0" ], "duration": 455.0, "sum": 1 }, "geometry": { "type": "Point", "coordinates": [ -122.384615369095258, 47.501990656438103 ] } },
{ "type": "Feature", "properties": { "lat": 47.501990656438103, "lon": -122.38461536909526, "time_of_day": "Morning", "causation": [ "0", "0", "0", "0", "0", "0", "0", "0", "0", "0", "0", "0", "0", "0", "0", "0", "0", "1", "0", "0", "0", "0", "0", "0" ], "duration": 567.0, "sum": 1 }, "geometry": { "type": "Point", "coordinates": [ -122.384615369095258, 47.501990656438103 ] } },
{ "type": "Feature", "properties": { "lat": 47.502008409752207, "lon": -122.38502826336476, "time_of_day": "Late Night", "causation": [ "0", "0", "0", "0", "0", "0", "0", "0", "1", "0", "0", "0", "0", "0", "0", "0", "0", "0", "0", "0", "0", "0", "0", "0" ], "duration": 455.0, "sum": 1 }, "geometry": { "type": "Point", "coordinates": [ -122.385028263364759, 47.502008409752207 ] } },
{ "type": "Feature", "properties": { "lat": 47.502008409752207, "lon": -122.38502826336476, "time_of_day": "Morning", "causation": [ "0", "0", "0", "0", "0", "0", "0", "0", "0", "0", "0", "0", "0", "0", "0", "0", "0", "1", "0", "0", "0", "0", "0", "0" ], "duration": 567.0, "sum": 1 }, "geometry": { "type": "Point", "coordinates": [ -122.385028263364759, 47.502008409752207 ] } },
{ "type": "Feature", "properties": { "lat": 47.50212315792065, "lon": -122.38515878567884, "time_of_day": "Late Night", "causation": [ "0", "0", "0", "0", "0", "0", "0", "0", "1", "0", "0", "0", "0", "0", "0", "0", "0", "0", "0", "0", "0", "0", "0", "0" ], "duration": 455.0, "sum": 1 }, "geometry": { "type": "Point", "coordinates": [ -122.38515878567884, 47.50212315792065 ] } },
{ "type": "Feature", "properties": { "lat": 47.50212315792065, "lon": -122.38515878567884, "time_of_day": "Morning", "causation": [ "0", "0", "0", "0", "0", "0", "0", "0", "0", "0", "0", "0", "0", "0", "0", "0", "0", "1", "0", "0", "0", "0", "0", "0" ], "duration": 567.0, "sum": 1 }, "geometry": { "type": "Point", "coordinates": [ -122.38515878567884, 47.50212315792065 ] } },
{ "type": "Feature", "properties": { "lat": 47.502157461924092, "lon": -122.38123922773586, "time_of_day": "Late Night", "causation": [ "0", "0", "0", "0", "0", "0", "0", "0", "2", "0", "0", "0", "0", "0", "0", "0", "0", "0", "0", "0", "0", "0", "0", "0" ], "duration": 480.0, "sum": 2 }, "geometry": { "type": "Point", "coordinates": [ -122.381239227735861, 47.502157461924092 ] } },
{ "type": "Feature", "properties": { "lat": 47.502200132276883, "lon": -122.38534899461904, "time_of_day": "Late Night", "causation": [ "0", "0", "0", "0", "0", "0", "0", "0", "1", "0", "0", "0", "0", "0", "0", "0", "0", "0", "0", "0", "0", "0", "0", "0" ], "duration": 455.0, "sum": 1 }, "geometry": { "type": "Point", "coordinates": [ -122.385348994619036, 47.502200132276883 ] } },
{ "type": "Feature", "properties": { "lat": 47.502200132276883, "lon": -122.38534899461904, "time_of_day": "Morning", "causation": [ "0", "0", "0", "0", "0", "0", "0", "0", "0", "0", "0", "0", "0", "0", "0", "0", "0", "1", "0", "0", "0", "0", "0", "0" ], "duration": 567.0, "sum": 1 }, "geometry": { "type": "Point", "coordinates": [ -122.385348994619036, 47.502200132276883 ] } },
{ "type": "Feature", "properties": { "lat": 47.50221287780704, "lon": -122.38216229385849, "time_of_day": "Late Night", "causation": [ "0", "0", "0", "0", "0", "0", "0", "0", "1", "0", "0", "0", "0", "0", "0", "0", "0", "0", "0", "0", "0", "0", "0", "0" ], "duration": 240.0, "sum": 1 }, "geometry": { "type": "Point", "coordinates": [ -122.382162293858485, 47.50221287780704 ] } },
{ "type": "Feature", "properties": { "lat": 47.502254922478421, "lon": -122.38558143636121, "time_of_day": "Late Night", "causation": [ "0", "0", "0", "0", "0", "0", "0", "0", "1", "0", "0", "0", "0", "0", "0", "0", "0", "0", "0", "0", "0", "0", "0", "0" ], "duration": 455.0, "sum": 1 }, "geometry": { "type": "Point", "coordinates": [ -122.385581436361207, 47.502254922478421 ] } },
{ "type": "Feature", "properties": { "lat": 47.502254922478421, "lon": -122.38558143636121, "time_of_day": "Morning", "causation": [ "0", "0", "0", "0", "0", "0", "0", "0", "0", "0", "0", "0", "0", "0", "0", "0", "0", "1", "0", "0", "0", "0", "0", "0" ], "duration": 567.0, "sum": 1 }, "geometry": { "type": "Point", "coordinates": [ -122.385581436361207, 47.502254922478421 ] } },
{ "type": "Feature", "properties": { "lat": 47.502331000661975, "lon": -122.38240786284828, "time_of_day": "Late Night", "causation": [ "0", "0", "0", "0", "0", "0", "0", "0", "1", "0", "0", "0", "0", "0", "0", "0", "0", "0", "0", "0", "0", "0", "0", "0" ], "duration": 240.0, "sum": 1 }, "geometry": { "type": "Point", "coordinates": [ -122.382407862848282, 47.502331000661975 ] } },
{ "type": "Feature", "properties": { "lat": 47.502375064914936, "lon": -122.38581513651768, "time_of_day": "Late Night", "causation": [ "0", "0", "0", "0", "0", "0", "0", "0", "1", "0", "0", "0", "0", "0", "0", "0", "0", "0", "0", "0", "0", "0", "0", "0" ], "duration": 455.0, "sum": 1 }, "geometry": { "type": "Point", "coordinates": [ -122.385815136517678, 47.502375064914936 ] } },
{ "type": "Feature", "properties": { "lat": 47.502375064914936, "lon": -122.38581513651768, "time_of_day": "Morning", "causation": [ "0", "0", "0", "0", "0", "0", "0", "0", "0", "0", "0", "0", "0", "0", "0", "0", "0", "1", "0", "0", "0", "0", "0", "0" ], "duration": 567.0, "sum": 1 }, "geometry": { "type": "Point", "coordinates": [ -122.385815136517678, 47.502375064914936 ] } },
{ "type": "Feature", "properties": { "lat": 47.50238838999185, "lon": -122.38120760115554, "time_of_day": "Late Night", "causation": [ "0", "0", "0", "0", "0", "0", "0", "0", "1", "0", "0", "0", "0", "0", "0", "0", "0", "0", "0", "0", "0", "0", "0", "0" ], "duration": 240.0, "sum": 1 }, "geometry": { "type": "Point", "coordinates": [ -122.381207601155538, 47.50238838999185 ] } },
{ "type": "Feature", "properties": { "lat": 47.502424416482313, "lon": -122.38264950210728, "time_of_day": "Late Night", "causation": [ "0", "0", "0", "0", "0", "0", "0", "0", "1", "0", "0", "0", "0", "0", "0", "0", "0", "0", "0", "0", "0", "0", "0", "0" ], "duration": 240.0, "sum": 1 }, "geometry": { "type": "Point", "coordinates": [ -122.382649502107284, 47.502424416482313 ] } },
{ "type": "Feature", "properties": { "lat": 47.502505294617158, "lon": -122.38446809218746, "time_of_day": "Late Night", "causation": [ "0", "0", "0", "0", "0", "0", "0", "0", "1", "0", "0", "0", "0", "0", "0", "0", "0", "0", "0", "0", "0", "0", "0", "0" ], "duration": 455.0, "sum": 1 }, "geometry": { "type": "Point", "coordinates": [ -122.384468092187461, 47.502505294617158 ] } },
{ "type": "Feature", "properties": { "lat": 47.502505294617158, "lon": -122.38446809218746, "time_of_day": "Morning", "causation": [ "0", "0", "0", "0", "0", "0", "0", "0", "0", "0", "0", "0", "0", "0", "0", "0", "0", "1", "0", "0", "0", "0", "0", "0" ], "duration": 567.0, "sum": 1 }, "geometry": { "type": "Point", "coordinates": [ -122.384468092187461, 47.502505294617158 ] } },
{ "type": "Feature", "properties": { "lat": 47.50251354048342, "lon": -122.38280972068463, "time_of_day": "Late Night", "causation": [ "0", "0", "0", "0", "0", "0", "0", "0", "1", "0", "0", "0", "0", "0", "0", "0", "0", "0", "0", "0", "0", "0", "0", "0" ], "duration": 240.0, "sum": 1 }, "geometry": { "type": "Point", "coordinates": [ -122.382809720684634, 47.50251354048342 ] } },
{ "type": "Feature", "properties": { "lat": 47.50253805763203, "lon": -122.38599722608284, "time_of_day": "Late Night", "causation": [ "0", "0", "0", "0", "0", "0", "0", "0", "1", "0", "0", "0", "0", "0", "0", "0", "0", "0", "0", "0", "0", "0", "0", "0" ], "duration": 455.0, "sum": 1 }, "geometry": { "type": "Point", "coordinates": [ -122.385997226082836, 47.50253805763203 ] } },
{ "type": "Feature", "properties": { "lat": 47.50253805763203, "lon": -122.38599722608284, "time_of_day": "Morning", "causation": [ "0", "0", "0", "0", "0", "0", "0", "0", "0", "0", "0", "0", "0", "0", "0", "0", "0", "1", "0", "0", "0", "0", "0", "0" ], "duration": 567.0, "sum": 1 }, "geometry": { "type": "Point", "coordinates": [ -122.385997226082836, 47.50253805763203 ] } },
{ "type": "Feature", "properties": { "lat": 47.502538885012896, "lon": -122.38303618725909, "time_of_day": "Late Night", "causation": [ "0", "0", "0", "0", "0", "0", "0", "0", "1", "0", "0", "0", "0", "0", "0", "0", "0", "0", "0", "0", "0", "0", "0", "0" ], "duration": 240.0, "sum": 1 }, "geometry": { "type": "Point", "coordinates": [ -122.383036187259094, 47.502538885012896 ] } },
{ "type": "Feature", "properties": { "lat": 47.502625905993582, "lon": -122.38613005851536, "time_of_day": "Late Night", "causation": [ "0", "0", "0", "0", "0", "0", "0", "0", "1", "0", "0", "0", "0", "0", "0", "0", "0", "0", "0", "0", "0", "0", "0", "0" ], "duration": 455.0, "sum": 1 }, "geometry": { "type": "Point", "coordinates": [ -122.386130058515363, 47.502625905993582 ] } },
{ "type": "Feature", "properties": { "lat": 47.502625905993582, "lon": -122.38613005851536, "time_of_day": "Morning", "causation": [ "0", "0", "0", "0", "0", "0", "0", "0", "0", "0", "0", "0", "0", "0", "0", "0", "0", "1", "0", "0", "0", "0", "0", "0" ], "duration": 567.0, "sum": 1 }, "geometry": { "type": "Point", "coordinates": [ -122.386130058515363, 47.502625905993582 ] } },
{ "type": "Feature", "properties": { "lat": 47.502654053712597, "lon": -122.38324492975779, "time_of_day": "Late Night", "causation": [ "0", "0", "0", "0", "0", "0", "0", "0", "1", "0", "0", "0", "0", "0", "0", "0", "0", "0", "0", "0", "0", "0", "0", "0" ], "duration": 240.0, "sum": 1 }, "geometry": { "type": "Point", "coordinates": [ -122.383244929757794, 47.502654053712597 ] } },
{ "type": "Feature", "properties": { "lat": 47.502715178639136, "lon": -122.38509365420497, "time_of_day": "Late Night", "causation": [ "0", "0", "0", "0", "0", "0", "0", "0", "1", "0", "0", "0", "0", "0", "0", "0", "0", "0", "0", "0", "0", "0", "0", "0" ], "duration": 455.0, "sum": 1 }, "geometry": { "type": "Point", "coordinates": [ -122.385093654204965, 47.502715178639136 ] } },
{ "type": "Feature", "properties": { "lat": 47.502715178639136, "lon": -122.38509365420497, "time_of_day": "Morning", "causation": [ "0", "0", "0", "0", "0", "0", "0", "0", "0", "0", "0", "0", "0", "0", "0", "0", "0", "1", "0", "0", "0", "0", "0", "0" ], "duration": 567.0, "sum": 1 }, "geometry": { "type": "Point", "coordinates": [ -122.385093654204965, 47.502715178639136 ] } },
{ "type": "Feature", "properties": { "lat": 47.502721081758622, "lon": -122.38212260004674, "time_of_day": "Late Night", "causation": [ "0", "0", "0", "0", "0", "0", "0", "0", "1", "0", "0", "0", "0", "0", "0", "0", "0", "0", "0", "0", "0", "0", "0", "0" ], "duration": 240.0, "sum": 1 }, "geometry": { "type": "Point", "coordinates": [ -122.382122600046742, 47.502721081758622 ] } },
{ "type": "Feature", "properties": { "lat": 47.502750613515865, "lon": -122.38342277113247, "time_of_day": "Late Night", "causation": [ "0", "0", "0", "0", "0", "0", "0", "0", "1", "0", "0", "0", "0", "0", "0", "0", "0", "0", "0", "0", "0", "0", "0", "0" ], "duration": 240.0, "sum": 1 }, "geometry": { "type": "Point", "coordinates": [ -122.383422771132473, 47.502750613515865 ] } },
{ "type": "Feature", "properties": { "lat": 47.502776883940363, "lon": -122.38628241440304, "time_of_day": "Late Night", "causation": [ "0", "0", "0", "0", "0", "0", "0", "0", "1", "0", "0", "0", "0", "0", "0", "0", "0", "0", "0", "0", "0", "0", "0", "0" ], "duration": 455.0, "sum": 1 }, "geometry": { "type": "Point", "coordinates": [ -122.386282414403041, 47.502776883940363 ] } },
{ "type": "Feature", "properties": { "lat": 47.502776883940363, "lon": -122.38628241440304, "time_of_day": "Morning", "causation": [ "0", "0", "0", "0", "0", "0", "0", "0", "0", "0", "0", "0", "0", "0", "0", "0", "0", "1", "0", "0", "0", "0", "0", "0" ], "duration": 567.0, "sum": 1 }, "geometry": { "type": "Point", "coordinates": [ -122.386282414403041, 47.502776883940363 ] } },
{ "type": "Feature", "properties": { "lat": 47.50284682725065, "lon": -122.3853101358565, "time_of_day": "Late Night", "causation": [ "0", "0", "0", "0", "0", "0", "0", "0", "1", "0", "0", "0", "0", "0", "0", "0", "0", "0", "0", "0", "0", "0", "0", "0" ], "duration": 455.0, "sum": 1 }, "geometry": { "type": "Point", "coordinates": [ -122.3853101358565, 47.50284682725065 ] } },
{ "type": "Feature", "properties": { "lat": 47.50284682725065, "lon": -122.3853101358565, "time_of_day": "Morning", "causation": [ "0", "0", "0", "0", "0", "0", "0", "0", "0", "0", "0", "0", "0", "0", "0", "0", "0", "1", "0", "0", "0", "0", "0", "0" ], "duration": 567.0, "sum": 1 }, "geometry": { "type": "Point", "coordinates": [ -122.3853101358565, 47.50284682725065 ] } },
{ "type": "Feature", "properties": { "lat": 47.502857471559331, "lon": -122.3824984858484, "time_of_day": "Late Night", "causation": [ "0", "0", "0", "0", "0", "0", "0", "0", "1", "0", "0", "0", "0", "0", "0", "0", "0", "0", "0", "0", "0", "0", "0", "0" ], "duration": 240.0, "sum": 1 }, "geometry": { "type": "Point", "coordinates": [ -122.382498485848402, 47.502857471559331 ] } },
{ "type": "Feature", "properties": { "lat": 47.502866197480877, "lon": -122.383703474824, "time_of_day": "Late Night", "causation": [ "0", "0", "0", "0", "0", "0", "0", "0", "1", "0", "0", "0", "0", "0", "0", "0", "0", "0", "0", "0", "0", "0", "0", "0" ], "duration": 240.0, "sum": 1 }, "geometry": { "type": "Point", "coordinates": [ -122.383703474824003, 47.502866197480877 ] } },
{ "type": "Feature", "properties": { "lat": 47.502920541520737, "lon": -122.38639457344422, "time_of_day": "Late Night", "causation": [ "0", "0", "0", "0", "0", "0", "0", "0", "1", "0", "0", "0", "0", "0", "0", "0", "0", "0", "0", "0", "0", "0", "0", "0" ], "duration": 455.0, "sum": 1 }, "geometry": { "type": "Point", "coordinates": [ -122.386394573444221, 47.502920541520737 ] } },
{ "type": "Feature", "properties": { "lat": 47.502920541520737, "lon": -122.38639457344422, "time_of_day": "Morning", "causation": [ "0", "0", "0", "0", "0", "0", "0", "0", "0", "0", "0", "0", "0", "0", "0", "0", "0", "1", "0", "0", "0", "0", "0", "0" ], "duration": 567.0, "sum": 1 }, "geometry": { "type": "Point", "coordinates": [ -122.386394573444221, 47.502920541520737 ] } },
{ "type": "Feature", "properties": { "lat": 47.502937030132486, "lon": -122.38271867401168, "time_of_day": "Late Night", "causation": [ "0", "0", "0", "0", "0", "0", "0", "0", "1", "0", "0", "0", "0", "0", "0", "0", "0", "0", "0", "0", "0", "0", "0", "0" ], "duration": 240.0, "sum": 1 }, "geometry": { "type": "Point", "coordinates": [ -122.382718674011684, 47.502937030132486 ] } },
{ "type": "Feature", "properties": { "lat": 47.502994654068502, "lon": -122.38388085003864, "time_of_day": "Late Night", "causation": [ "0", "0", "0", "0", "0", "0", "0", "0", "1", "0", "0", "0", "0", "0", "0", "0", "0", "0", "0", "0", "0", "0", "0", "0" ], "duration": 240.0, "sum": 1 }, "geometry": { "type": "Point", "coordinates": [ -122.383880850038636, 47.502994654068502 ] } },
{ "type": "Feature", "properties": { "lat": 47.502997866688943, "lon": -122.385464069961, "time_of_day": "Late Night", "causation": [ "0", "0", "0", "0", "0", "0", "0", "0", "1", "0", "0", "0", "0", "0", "0", "0", "0", "0", "0", "0", "0", "0", "0", "0" ], "duration": 455.0, "sum": 1 }, "geometry": { "type": "Point", "coordinates": [ -122.385464069961003, 47.502997866688943 ] } },
{ "type": "Feature", "properties": { "lat": 47.502997866688943, "lon": -122.385464069961, "time_of_day": "Morning", "causation": [ "0", "0", "0", "0", "0", "0", "0", "0", "0", "0", "0", "0", "0", "0", "0", "0", "0", "1", "0", "0", "0", "0", "0", "0" ], "duration": 567.0, "sum": 1 }, "geometry": { "type": "Point", "coordinates": [ -122.385464069961003, 47.502997866688943 ] } },
{ "type": "Feature", "properties": { "lat": 47.503016621026163, "lon": -122.38170707172291, "time_of_day": "Late Night", "causation": [ "0", "0", "0", "0", "0", "0", "0", "0", "1", "0", "0", "0", "0", "0", "0", "0", "0", "0", "0", "0", "0", "0", "0", "0" ], "duration": 240.0, "sum": 1 }, "geometry": { "type": "Point", "coordinates": [ -122.381707071722914, 47.503016621026163 ] } },
{ "type": "Feature", "properties": { "lat": 47.503038978029373, "lon": -122.38291172858024, "time_of_day": "Late Night", "causation": [ "0", "0", "0", "0", "0", "0", "0", "0", "1", "0", "0", "0", "0", "0", "0", "0", "0", "0", "0", "0", "0", "0", "0", "0" ], "duration": 240.0, "sum": 1 }, "geometry": { "type": "Point", "coordinates": [ -122.38291172858024, 47.503038978029373 ] } },
{ "type": "Feature", "properties": { "lat": 47.503087390457061, "lon": -122.3866419025977, "time_of_day": "Late Night", "causation": [ "0", "0", "0", "0", "0", "0", "0", "0", "1", "0", "0", "0", "0", "0", "0", "0", "0", "0", "0", "0", "0", "0", "0", "0" ], "duration": 455.0, "sum": 1 }, "geometry": { "type": "Point", "coordinates": [ -122.386641902597702, 47.503087390457061 ] } },
{ "type": "Feature", "properties": { "lat": 47.503087390457061, "lon": -122.3866419025977, "time_of_day": "Morning", "causation": [ "0", "0", "0", "0", "0", "0", "0", "0", "0", "0", "0", "0", "0", "0", "0", "0", "0", "1", "0", "0", "0", "0", "0", "0" ], "duration": 567.0, "sum": 1 }, "geometry": { "type": "Point", "coordinates": [ -122.386641902597702, 47.503087390457061 ] } },
{ "type": "Feature", "properties": { "lat": 47.503110229119159, "lon": -122.3856310973374, "time_of_day": "Late Night", "causation": [ "0", "0", "0", "0", "0", "0", "0", "0", "1", "0", "0", "0", "0", "0", "0", "0", "0", "0", "0", "0", "0", "0", "0", "0" ], "duration": 455.0, "sum": 1 }, "geometry": { "type": "Point", "coordinates": [ -122.385631097337395, 47.503110229119159 ] } },
{ "type": "Feature", "properties": { "lat": 47.503110229119159, "lon": -122.3856310973374, "time_of_day": "Morning", "causation": [ "0", "0", "0", "0", "0", "0", "0", "0", "0", "0", "0", "0", "0", "0", "0", "0", "0", "1", "0", "0", "0", "0", "0", "0" ], "duration": 567.0, "sum": 1 }, "geometry": { "type": "Point", "coordinates": [ -122.385631097337395, 47.503110229119159 ] } },
{ "type": "Feature", "properties": { "lat": 47.503118500641335, "lon": -122.38405841275222, "time_of_day": "Late Night", "causation": [ "0", "0", "0", "0", "0", "0", "0", "0", "1", "0", "0", "0", "0", "0", "0", "0", "0", "0", "0", "0", "0", "0", "0", "0" ], "duration": 240.0, "sum": 1 }, "geometry": { "type": "Point", "coordinates": [ -122.384058412752225, 47.503118500641335 ] } },
{ "type": "Feature", "properties": { "lat": 47.503122450514766, "lon": -122.38317092174016, "time_of_day": "Late Night", "causation": [ "0", "0", "0", "0", "0", "0", "0", "0", "1", "0", "0", "0", "0", "0", "0", "0", "0", "0", "0", "0", "0", "0", "0", "0" ], "duration": 240.0, "sum": 1 }, "geometry": { "type": "Point", "coordinates": [ -122.38317092174016, 47.503122450514766 ] } },
{ "type": "Feature", "properties": { "lat": 47.503224188892162, "lon": -122.38679582168804, "time_of_day": "Late Night", "causation": [ "0", "0", "0", "0", "0", "0", "0", "0", "2", "0", "0", "0", "0", "0", "0", "0", "0", "0", "0", "0", "0", "0", "0", "0" ], "duration": 910.0, "sum": 2 }, "geometry": { "type": "Point", "coordinates": [ -122.38679582168804, 47.503224188892162 ] } },
{ "type": "Feature", "properties": { "lat": 47.503224188892162, "lon": -122.38679582168804, "time_of_day": "Morning", "causation": [ "0", "0", "0", "0", "0", "0", "0", "0", "0", "0", "0", "0", "0", "0", "0", "0", "0", "2", "0", "0", "0", "0", "0", "0" ], "duration": 1134.0, "sum": 2 }, "geometry": { "type": "Point", "coordinates": [ -122.38679582168804, 47.503224188892162 ] } },
{ "type": "Feature", "properties": { "lat": 47.503235894232901, "lon": -122.38333894778955, "time_of_day": "Late Night", "causation": [ "0", "0", "0", "0", "0", "0", "0", "0", "2", "0", "0", "0", "0", "0", "0", "0", "0", "0", "0", "0", "0", "0", "0", "0" ], "duration": 480.0, "sum": 2 }, "geometry": { "type": "Point", "coordinates": [ -122.383338947789554, 47.503235894232901 ] } },
{ "type": "Feature", "properties": { "lat": 47.503251672904099, "lon": -122.38417952106911, "time_of_day": "Late Night", "causation": [ "0", "0", "0", "0", "0", "0", "0", "0", "1", "0", "0", "0", "0", "0", "0", "0", "0", "0", "0", "0", "0", "0", "0", "0" ], "duration": 240.0, "sum": 1 }, "geometry": { "type": "Point", "coordinates": [ -122.384179521069115, 47.503251672904099 ] } },
{ "type": "Feature", "properties": { "lat": 47.503292716108362, "lon": -122.3828040236436, "time_of_day": "Late Night", "causation": [ "0", "0", "0", "0", "0", "0", "0", "0", "1", "0", "0", "0", "0", "0", "0", "0", "0", "0", "0", "0", "0", "0", "0", "0" ], "duration": 240.0, "sum": 1 }, "geometry": { "type": "Point", "coordinates": [ -122.382804023643601, 47.503292716108362 ] } },
{ "type": "Feature", "properties": { "lat": 47.503329675167443, "lon": -122.3869371504592, "time_of_day": "Late Night", "causation": [ "0", "0", "0", "0", "0", "0", "0", "0", "1", "0", "0", "0", "0", "0", "0", "0", "0", "0", "0", "0", "0", "0", "0", "0" ], "duration": 240.0, "sum": 1 }, "geometry": { "type": "Point", "coordinates": [ -122.386937150459204, 47.503329675167443 ] } },
{ "type": "Feature", "properties": { "lat": 47.503372098804171, "lon": -122.38350109584488, "time_of_day": "Late Night", "causation": [ "0", "0", "0", "0", "0", "0", "0", "0", "1", "0", "0", "0", "0", "0", "0", "0", "0", "0", "0", "0", "0", "0", "0", "0" ], "duration": 240.0, "sum": 1 }, "geometry": { "type": "Point", "coordinates": [ -122.383501095844878, 47.503372098804171 ] } },
{ "type": "Feature", "properties": { "lat": 47.503384238984445, "lon": -122.38595820501716, "time_of_day": "Late Night", "causation": [ "0", "0", "0", "0", "0", "0", "0", "0", "1", "0", "0", "0", "0", "0", "0", "0", "0", "0", "0", "0", "0", "0", "0", "0" ], "duration": 455.0, "sum": 1 }, "geometry": { "type": "Point", "coordinates": [ -122.385958205017161, 47.503384238984445 ] } },
{ "type": "Feature", "properties": { "lat": 47.503384238984445, "lon": -122.38595820501716, "time_of_day": "Morning", "causation": [ "0", "0", "0", "0", "0", "0", "0", "0", "0", "0", "0", "0", "0", "0", "0", "0", "0", "1", "0", "0", "0", "0", "0", "0" ], "duration": 567.0, "sum": 1 }, "geometry": { "type": "Point", "coordinates": [ -122.385958205017161, 47.503384238984445 ] } },
{ "type": "Feature", "properties": { "lat": 47.50342798437331, "lon": -122.38432222697168, "time_of_day": "Late Night", "causation": [ "0", "0", "0", "0", "0", "0", "0", "0", "1", "0", "0", "0", "0", "0", "0", "0", "0", "0", "0", "0", "0", "0", "0", "0" ], "duration": 240.0, "sum": 1 }, "geometry": { "type": "Point", "coordinates": [ -122.384322226971676, 47.50342798437331 ] } },
{ "type": "Feature", "properties": { "lat": 47.503443340204726, "lon": -122.38533570105668, "time_of_day": "Late Night", "causation": [ "0", "0", "0", "0", "0", "0", "0", "0", "2", "0", "0", "0", "0", "0", "0", "0", "0", "0", "0", "0", "0", "0", "0", "0" ], "duration": 480.0, "sum": 2 }, "geometry": { "type": "Point", "coordinates": [ -122.385335701056675, 47.503443340204726 ] } },
{ "type": "Feature", "properties": { "lat": 47.503509721375082, "lon": -122.38365984733214, "time_of_day": "Late Night", "causation": [ "0", "0", "0", "0", "0", "0", "0", "0", "1", "0", "0", "0", "0", "0", "0", "0", "0", "0", "0", "0", "0", "0", "0", "0" ], "duration": 240.0, "sum": 1 }, "geometry": { "type": "Point", "coordinates": [ -122.38365984733214, 47.503509721375082 ] } },
{ "type": "Feature", "properties": { "lat": 47.503522426188269, "lon": -122.383122840528, "time_of_day": "Late Night", "causation": [ "0", "0", "0", "0", "0", "0", "0", "0", "1", "0", "0", "0", "0", "0", "0", "0", "0", "0", "0", "0", "0", "0", "0", "0" ], "duration": 240.0, "sum": 1 }, "geometry": { "type": "Point", "coordinates": [ -122.383122840528003, 47.503522426188269 ] } },
{ "type": "Feature", "properties": { "lat": 47.503528756880215, "lon": -122.3845288076228, "time_of_day": "Late Night", "causation": [ "0", "0", "0", "0", "0", "0", "0", "0", "1", "0", "0", "0", "0", "0", "0", "0", "0", "0", "0", "0", "0", "0", "0", "0" ], "duration": 240.0, "sum": 1 }, "geometry": { "type": "Point", "coordinates": [ -122.3845288076228, 47.503528756880215 ] } },
{ "type": "Feature", "properties": { "lat": 47.503594599523353, "lon": -122.38711003548234, "time_of_day": "Late Night", "causation": [ "0", "0", "0", "0", "0", "0", "0", "0", "1", "0", "0", "0", "0", "0", "0", "0", "0", "0", "0", "0", "0", "0", "0", "0" ], "duration": 240.0, "sum": 1 }, "geometry": { "type": "Point", "coordinates": [ -122.387110035482337, 47.503594599523353 ] } },
{ "type": "Feature", "properties": { "lat": 47.503594667533264, "lon": -122.38167044637424, "time_of_day": "Late Night", "causation": [ "0", "0", "0", "0", "0", "0", "0", "0", "1", "0", "0", "0", "0", "0", "0", "0", "0", "0", "0", "0", "0", "0", "0", "0" ], "duration": 240.0, "sum": 1 }, "geometry": { "type": "Point", "coordinates": [ -122.381670446374244, 47.503594667533264 ] } },
{ "type": "Feature", "properties": { "lat": 47.503639421134586, "lon": -122.38376624411504, "time_of_day": "Late Night", "causation": [ "0", "0", "0", "0", "0", "0", "0", "0", "1", "0", "0", "0", "0", "0", "0", "0", "0", "0", "0", "0", "0", "0", "0", "0" ], "duration": 240.0, "sum": 1 }, "geometry": { "type": "Point", "coordinates": [ -122.383766244115037, 47.503639421134586 ] } },
{ "type": "Feature", "properties": { "lat": 47.503647596942734, "lon": -122.38550611263352, "time_of_day": "Late Night", "causation": [ "0", "0", "0", "0", "0", "0", "0", "0", "2", "0", "0", "0", "0", "0", "0", "0", "0", "0", "0", "0", "0", "0", "0", "0" ], "duration": 480.0, "sum": 2 }, "geometry": { "type": "Point", "coordinates": [ -122.385506112633522, 47.503647596942734 ] } },
{ "type": "Feature", "properties": { "lat": 47.503664982145807, "lon": -122.38328177857656, "time_of_day": "Late Night", "causation": [ "0", "0", "0", "0", "0", "0", "0", "0", "1", "0", "0", "0", "0", "0", "0", "0", "0", "0", "0", "0", "0", "0", "0", "0" ], "duration": 240.0, "sum": 1 }, "geometry": { "type": "Point", "coordinates": [ -122.38328177857656, 47.503664982145807 ] } },
{ "type": "Feature", "properties": { "lat": 47.503689064034695, "lon": -122.38453835178665, "time_of_day": "Late Night", "causation": [ "0", "0", "0", "0", "0", "0", "0", "0", "1", "0", "0", "0", "0", "0", "0", "0", "0", "0", "0", "0", "0", "0", "0", "0" ], "duration": 240.0, "sum": 1 }, "geometry": { "type": "Point", "coordinates": [ -122.384538351786645, 47.503689064034695 ] } },
{ "type": "Feature", "properties": { "lat": 47.50374592871168, "lon": -122.38728468403336, "time_of_day": "Late Night", "causation": [ "0", "0", "0", "0", "0", "0", "0", "0", "1", "0", "0", "0", "0", "0", "0", "0", "0", "0", "0", "0", "0", "0", "0", "0" ], "duration": 240.0, "sum": 1 }, "geometry": { "type": "Point", "coordinates": [ -122.387284684033361, 47.50374592871168 ] } },
{ "type": "Feature", "properties": { "lat": 47.503803879511331, "lon": -122.3838673623911, "time_of_day": "Late Night", "causation": [ "0", "0", "0", "0", "0", "0", "0", "0", "1", "0", "0", "0", "0", "0", "0", "0", "0", "0", "0", "0", "0", "0", "0", "0" ], "duration": 240.0, "sum": 1 }, "geometry": { "type": "Point", "coordinates": [ -122.383867362391101, 47.503803879511331 ] } },
{ "type": "Feature", "properties": { "lat": 47.503819364101069, "lon": -122.38336377914528, "time_of_day": "Late Night", "causation": [ "0", "0", "0", "0", "0", "0", "0", "0", "1", "0", "0", "0", "0", "0", "0", "0", "0", "0", "0", "0", "0", "0", "0", "0" ], "duration": 240.0, "sum": 1 }, "geometry": { "type": "Point", "coordinates": [ -122.383363779145284, 47.503819364101069 ] } },
{ "type": "Feature", "properties": { "lat": 47.503829734718799, "lon": -122.3847147194715, "time_of_day": "Late Night", "causation": [ "0", "0", "0", "0", "0", "0", "0", "0", "1", "0", "0", "0", "0", "0", "0", "0", "0", "0", "0", "0", "0", "0", "0", "0" ], "duration": 240.0, "sum": 1 }, "geometry": { "type": "Point", "coordinates": [ -122.384714719471503, 47.503829734718799 ] } },
{ "type": "Feature", "properties": { "lat": 47.503832372328958, "lon": -122.38282653534311, "time_of_day": "Late Night", "causation": [ "0", "0", "0", "0", "0", "0", "0", "0", "1", "0", "0", "0", "0", "0", "0", "0", "0", "0", "0", "0", "0", "0", "0", "0" ], "duration": 240.0, "sum": 1 }, "geometry": { "type": "Point", "coordinates": [ -122.382826535343114, 47.503832372328958 ] } },
{ "type": "Feature", "properties": { "lat": 47.503965595522743, "lon": -122.38347641348402, "time_of_day": "Late Night", "causation": [ "0", "0", "0", "0", "0", "0", "0", "0", "1", "0", "0", "0", "0", "0", "0", "0", "0", "0", "0", "0", "0", "0", "0", "0" ], "duration": 240.0, "sum": 1 }, "geometry": { "type": "Point", "coordinates": [ -122.383476413484019, 47.503965595522743 ] } },
{ "type": "Feature", "properties": { "lat": 47.503978745181442, "lon": -122.38672793001304, "time_of_day": "Late Night", "causation": [ "0", "0", "0", "0", "0", "0", "0", "0", "1", "0", "0", "0", "0", "0", "0", "0", "0", "0", "0", "0", "0", "0", "0", "0" ], "duration": 240.0, "sum": 1 }, "geometry": { "type": "Point", "coordinates": [ -122.386727930013038, 47.503978745181442 ] } },
{ "type": "Feature", "properties": { "lat": 47.50399041625181, "lon": -122.38487343338434, "time_of_day": "Late Night", "causation": [ "0", "0", "0", "0", "0", "0", "0", "0", "2", "0", "0", "0", "0", "0", "0", "0", "0", "0", "0", "0", "0", "0", "0", "0" ], "duration": 480.0, "sum": 2 }, "geometry": { "type": "Point", "coordinates": [ -122.384873433384342, 47.50399041625181 ] } },
{ "type": "Feature", "properties": { "lat": 47.503997761544433, "lon": -122.3828896405645, "time_of_day": "Late Night", "causation": [ "0", "0", "0", "0", "0", "0", "0", "0", "1", "0", "0", "0", "0", "0", "0", "0", "0", "0", "0", "0", "0", "0", "0", "0" ], "duration": 240.0, "sum": 1 }, "geometry": { "type": "Point", "coordinates": [ -122.3828896405645, 47.503997761544433 ] } },
{ "type": "Feature", "properties": { "lat": 47.504000865838442, "lon": -122.38238111076144, "time_of_day": "Late Night", "causation": [ "0", "0", "0", "0", "0", "0", "0", "0", "1", "0", "0", "0", "0", "0", "0", "0", "0", "0", "0", "0", "0", "0", "0", "0" ], "duration": 240.0, "sum": 1 }, "geometry": { "type": "Point", "coordinates": [ -122.382381110761443, 47.504000865838442 ] } },
{ "type": "Feature", "properties": { "lat": 47.504023846346783, "lon": -122.38754473913748, "time_of_day": "Late Night", "causation": [ "0", "0", "0", "0", "0", "0", "0", "0", "1", "0", "0", "0", "0", "0", "0", "0", "0", "0", "0", "0", "0", "0", "0", "0" ], "duration": 240.0, "sum": 1 }, "geometry": { "type": "Point", "coordinates": [ -122.387544739137482, 47.504023846346783 ] } },
{ "type": "Feature", "properties": { "lat": 47.504044914899971, "lon": -122.38163400303333, "time_of_day": "Late Night", "causation": [ "0", "0", "0", "0", "0", "0", "0", "0", "1", "0", "0", "0", "0", "0", "0", "0", "0", "0", "0", "0", "0", "0", "0", "0" ], "duration": 240.0, "sum": 1 }, "geometry": { "type": "Point", "coordinates": [ -122.381634003033327, 47.504044914899971 ] } },
{ "type": "Feature", "properties": { "lat": 47.504091405467165, "lon": -122.38401232420648, "time_of_day": "Late Night", "causation": [ "0", "0", "0", "0", "0", "0", "0", "0", "1", "0", "0", "0", "0", "0", "0", "0", "0", "0", "0", "0", "0", "0", "0", "0" ], "duration": 240.0, "sum": 1 }, "geometry": { "type": "Point", "coordinates": [ -122.384012324206481, 47.504091405467165 ] } },
{ "type": "Feature", "properties": { "lat": 47.50414673471424, "lon": -122.38428974687392, "time_of_day": "Late Night", "causation": [ "0", "0", "0", "0", "0", "0", "0", "0", "1", "0", "0", "0", "0", "0", "0", "0", "0", "0", "0", "0", "0", "0", "0", "0" ], "duration": 240.0, "sum": 1 }, "geometry": { "type": "Point", "coordinates": [ -122.384289746873918, 47.50414673471424 ] } },
{ "type": "Feature", "properties": { "lat": 47.504172179602257, "lon": -122.3829301106561, "time_of_day": "Late Night", "causation": [ "0", "0", "0", "0", "0", "0", "0", "0", "1", "0", "0", "0", "0", "0", "0", "0", "0", "0", "0", "0", "0", "0", "0", "0" ], "duration": 240.0, "sum": 1 }, "geometry": { "type": "Point", "coordinates": [ -122.382930110656105, 47.504172179602257 ] } },
{ "type": "Feature", "properties": { "lat": 47.504190492051507, "lon": -122.38777228726003, "time_of_day": "Late Night", "causation": [ "0", "0", "0", "0", "0", "0", "0", "0", "1", "0", "0", "0", "0", "0", "0", "0", "0", "0", "0", "0", "0", "0", "0", "0" ], "duration": 240.0, "sum": 1 }, "geometry": { "type": "Point", "coordinates": [ -122.387772287260034, 47.504190492051507 ] } },
{ "type": "Feature", "properties": { "lat": 47.504238085037343, "lon": -122.38375070180336, "time_of_day": "Late Night", "causation": [ "0", "0", "0", "0", "0", "0", "0", "0", "1", "0", "0", "0", "0", "0", "0", "0", "0", "0", "0", "0", "0", "0", "0", "0" ], "duration": 240.0, "sum": 1 }, "geometry": { "type": "Point", "coordinates": [ -122.383750701803365, 47.504238085037343 ] } },
{ "type": "Feature", "properties": { "lat": 47.50431885404641, "lon": -122.38758085578591, "time_of_day": "Late Night", "causation": [ "0", "0", "0", "0", "0", "0", "0", "0", "1", "0", "0", "0", "0", "0", "0", "0", "0", "0", "0", "0", "0", "0", "0", "0" ], "duration": 455.0, "sum": 1 }, "geometry": { "type": "Point", "coordinates": [ -122.387580855785913, 47.50431885404641 ] } },
{ "type": "Feature", "properties": { "lat": 47.50431885404641, "lon": -122.38758085578591, "time_of_day": "Morning", "causation": [ "0", "0", "0", "0", "0", "0", "0", "0", "0", "0", "0", "0", "0", "0", "0", "0", "0", "1", "0", "0", "0", "0", "0", "0" ], "duration": 567.0, "sum": 1 }, "geometry": { "type": "Point", "coordinates": [ -122.387580855785913, 47.50431885404641 ] } },
{ "type": "Feature", "properties": { "lat": 47.50434053963923, "lon": -122.38797322088544, "time_of_day": "Late Night", "causation": [ "0", "0", "0", "0", "0", "0", "0", "0", "1", "0", "0", "0", "0", "0", "0", "0", "0", "0", "0", "0", "0", "0", "0", "0" ], "duration": 240.0, "sum": 1 }, "geometry": { "type": "Point", "coordinates": [ -122.387973220885442, 47.50434053963923 ] } },
{ "type": "Feature", "properties": { "lat": 47.504355201527289, "lon": -122.38213492349696, "time_of_day": "Late Night", "causation": [ "0", "0", "0", "0", "0", "0", "0", "0", "1", "0", "0", "0", "0", "0", "0", "0", "0", "0", "0", "0", "0", "0", "0", "0" ], "duration": 240.0, "sum": 1 }, "geometry": { "type": "Point", "coordinates": [ -122.382134923496963, 47.504355201527289 ] } },
{ "type": "Feature", "properties": { "lat": 47.504366139402002, "lon": -122.38355986639915, "time_of_day": "Late Night", "causation": [ "0", "0", "0", "0", "0", "0", "0", "0", "1", "0", "0", "0", "0", "0", "0", "0", "0", "0", "0", "0", "0", "0", "0", "0" ], "duration": 240.0, "sum": 1 }, "geometry": { "type": "Point", "coordinates": [ -122.383559866399153, 47.504366139402002 ] } },
{ "type": "Feature", "properties": { "lat": 47.504398256556321, "lon": -122.38297268289509, "time_of_day": "Late Night", "causation": [ "0", "0", "0", "0", "0", "0", "0", "0", "1", "0", "0", "0", "0", "0", "0", "0", "0", "0", "0", "0", "0", "0", "0", "0" ], "duration": 240.0, "sum": 1 }, "geometry": { "type": "Point", "coordinates": [ -122.382972682895087, 47.504398256556321 ] } },
{ "type": "Feature", "properties": { "lat": 47.504398839901413, "lon": -122.38160771684694, "time_of_day": "Late Night", "causation": [ "0", "0", "0", "0", "0", "0", "0", "0", "1", "0", "0", "0", "0", "0", "0", "0", "0", "0", "0", "0", "0", "0", "0", "0" ], "duration": 240.0, "sum": 1 }, "geometry": { "type": "Point", "coordinates": [ -122.381607716846943, 47.504398839901413 ] } },
{ "type": "Feature", "properties": { "lat": 47.504489627763057, "lon": -122.38329969668844, "time_of_day": "Late Night", "causation": [ "0", "0", "0", "0", "0", "0", "0", "0", "1", "0", "0", "0", "0", "0", "0", "0", "0", "0", "0", "0", "0", "0", "0", "0" ], "duration": 240.0, "sum": 1 }, "geometry": { "type": "Point", "coordinates": [ -122.383299696688439, 47.504489627763057 ] } },
{ "type": "Feature", "properties": { "lat": 47.504512724977353, "lon": -122.38808312274584, "time_of_day": "Late Night", "causation": [ "0", "0", "0", "0", "0", "0", "0", "0", "1", "0", "0", "0", "0", "0", "0", "0", "0", "0", "0", "0", "0", "0", "0", "0" ], "duration": 240.0, "sum": 1 }, "geometry": { "type": "Point", "coordinates": [ -122.38808312274584, 47.504512724977353 ] } },
{ "type": "Feature", "properties": { "lat": 47.504651279968101, "lon": -122.38202288532938, "time_of_day": "Late Night", "causation": [ "0", "0", "0", "0", "0", "0", "0", "0", "1", "0", "0", "0", "0", "0", "0", "0", "0", "0", "0", "0", "0", "0", "0", "0" ], "duration": 240.0, "sum": 1 }, "geometry": { "type": "Point", "coordinates": [ -122.382022885329377, 47.504651279968101 ] } },
{ "type": "Feature", "properties": { "lat": 47.504651279968101, "lon": -122.38202288532938, "time_of_day": "Morning", "causation": [ "0", "0", "0", "0", "0", "0", "0", "0", "0", "0", "0", "0", "0", "0", "0", "0", "0", "1", "0", "0", "0", "0", "0", "0" ], "duration": 584.0, "sum": 1 }, "geometry": { "type": "Point", "coordinates": [ -122.382022885329377, 47.504651279968101 ] } },
{ "type": "Feature", "properties": { "lat": 47.504779276123962, "lon": -122.38837295828404, "time_of_day": "Late Night", "causation": [ "0", "0", "0", "0", "0", "0", "0", "0", "1", "0", "0", "0", "0", "0", "0", "0", "0", "0", "0", "0", "0", "0", "0", "0" ], "duration": 240.0, "sum": 1 }, "geometry": { "type": "Point", "coordinates": [ -122.388372958284037, 47.504779276123962 ] } },
{ "type": "Feature", "properties": { "lat": 47.504897520114667, "lon": -122.38863731786265, "time_of_day": "Late Night", "causation": [ "0", "0", "0", "0", "0", "0", "0", "0", "1", "0", "0", "0", "0", "0", "0", "0", "0", "0", "0", "0", "0", "0", "0", "0" ], "duration": 240.0, "sum": 1 }, "geometry": { "type": "Point", "coordinates": [ -122.388637317862646, 47.504897520114667 ] } },
{ "type": "Feature", "properties": { "lat": 47.50492413131991, "lon": -122.38204167305696, "time_of_day": "Late Night", "causation": [ "0", "0", "0", "0", "0", "0", "0", "0", "1", "0", "0", "0", "0", "0", "0", "0", "0", "0", "0", "0", "0", "0", "0", "0" ], "duration": 240.0, "sum": 1 }, "geometry": { "type": "Point", "coordinates": [ -122.38204167305696, 47.50492413131991 ] } },
{ "type": "Feature", "properties": { "lat": 47.50492413131991, "lon": -122.38204167305696, "time_of_day": "Morning", "causation": [ "0", "0", "0", "0", "0", "0", "0", "0", "0", "0", "0", "0", "0", "0", "0", "0", "0", "1", "0", "0", "0", "0", "0", "0" ], "duration": 584.0, "sum": 1 }, "geometry": { "type": "Point", "coordinates": [ -122.38204167305696, 47.50492413131991 ] } },
{ "type": "Feature", "properties": { "lat": 47.504996510682581, "lon": -122.38578303316804, "time_of_day": "Afternoon", "causation": [ "0", "0", "0", "0", "0", "0", "0", "0", "0", "0", "0", "0", "0", "0", "0", "0", "0", "1", "0", "0", "0", "0", "0", "0" ], "duration": 579.0, "sum": 1 }, "geometry": { "type": "Point", "coordinates": [ -122.385783033168039, 47.504996510682581 ] } },
{ "type": "Feature", "properties": { "lat": 47.504996510682581, "lon": -122.38578303316804, "time_of_day": "Morning", "causation": [ "0", "0", "0", "0", "0", "0", "0", "0", "0", "0", "0", "0", "0", "0", "0", "0", "0", "1", "0", "0", "0", "0", "0", "0" ], "duration": 60.0, "sum": 1 }, "geometry": { "type": "Point", "coordinates": [ -122.385783033168039, 47.504996510682581 ] } },
{ "type": "Feature", "properties": { "lat": 47.5050196740507, "lon": -122.38557152257718, "time_of_day": "Afternoon", "causation": [ "0", "0", "0", "0", "0", "0", "0", "0", "0", "0", "0", "0", "0", "0", "0", "0", "0", "1", "0", "0", "0", "0", "0", "0" ], "duration": 579.0, "sum": 1 }, "geometry": { "type": "Point", "coordinates": [ -122.38557152257718, 47.5050196740507 ] } },
{ "type": "Feature", "properties": { "lat": 47.5050196740507, "lon": -122.38557152257718, "time_of_day": "Morning", "causation": [ "0", "0", "0", "0", "0", "0", "0", "0", "0", "0", "0", "0", "0", "0", "0", "0", "0", "1", "0", "0", "0", "0", "0", "0" ], "duration": 60.0, "sum": 1 }, "geometry": { "type": "Point", "coordinates": [ -122.38557152257718, 47.5050196740507 ] } },
{ "type": "Feature", "properties": { "lat": 47.505081158749917, "lon": -122.38525795374694, "time_of_day": "Afternoon", "causation": [ "0", "0", "0", "0", "0", "0", "0", "0", "0", "0", "0", "0", "0", "0", "0", "0", "0", "1", "0", "0", "0", "0", "0", "0" ], "duration": 579.0, "sum": 1 }, "geometry": { "type": "Point", "coordinates": [ -122.385257953746944, 47.505081158749917 ] } },
{ "type": "Feature", "properties": { "lat": 47.505081158749917, "lon": -122.38525795374694, "time_of_day": "Morning", "causation": [ "0", "0", "0", "0", "0", "0", "0", "0", "0", "0", "0", "0", "0", "0", "0", "0", "0", "1", "0", "0", "0", "0", "0", "0" ], "duration": 60.0, "sum": 1 }, "geometry": { "type": "Point", "coordinates": [ -122.385257953746944, 47.505081158749917 ] } },
{ "type": "Feature", "properties": { "lat": 47.505090528673563, "lon": -122.38492543252958, "time_of_day": "Afternoon", "causation": [ "0", "0", "0", "0", "0", "0", "0", "0", "0", "0", "0", "0", "0", "0", "0", "0", "0", "2", "0", "0", "0", "0", "0", "0" ], "duration": 1158.0, "sum": 2 }, "geometry": { "type": "Point", "coordinates": [ -122.384925432529585, 47.505090528673563 ] } },
{ "type": "Feature", "properties": { "lat": 47.505090528673563, "lon": -122.38492543252958, "time_of_day": "Morning", "causation": [ "0", "0", "0", "0", "0", "0", "0", "0", "0", "0", "0", "0", "0", "0", "0", "0", "0", "2", "0", "0", "0", "0", "0", "0" ], "duration": 120.0, "sum": 2 }, "geometry": { "type": "Point", "coordinates": [ -122.384925432529585, 47.505090528673563 ] } },
{ "type": "Feature", "properties": { "lat": 47.50511357777733, "lon": -122.38877401802668, "time_of_day": "Late Night", "causation": [ "0", "0", "0", "0", "0", "0", "0", "0", "1", "0", "0", "0", "0", "0", "0", "0", "0", "0", "0", "0", "0", "0", "0", "0" ], "duration": 240.0, "sum": 1 }, "geometry": { "type": "Point", "coordinates": [ -122.38877401802668, 47.50511357777733 ] } },
{ "type": "Feature", "properties": { "lat": 47.505121224029367, "lon": -122.3845351923507, "time_of_day": "Afternoon", "causation": [ "0", "0", "0", "0", "0", "0", "0", "0", "0", "0", "0", "0", "0", "0", "0", "0", "0", "1", "0", "0", "0", "0", "0", "0" ], "duration": 579.0, "sum": 1 }, "geometry": { "type": "Point", "coordinates": [ -122.384535192350697, 47.505121224029367 ] } },
{ "type": "Feature", "properties": { "lat": 47.505121224029367, "lon": -122.3845351923507, "time_of_day": "Morning", "causation": [ "0", "0", "0", "0", "0", "0", "0", "0", "0", "0", "0", "0", "0", "0", "0", "0", "0", "1", "0", "0", "0", "0", "0", "0" ], "duration": 60.0, "sum": 1 }, "geometry": { "type": "Point", "coordinates": [ -122.384535192350697, 47.505121224029367 ] } },
{ "type": "Feature", "properties": { "lat": 47.505129502602358, "lon": -122.38471806606336, "time_of_day": "Afternoon", "causation": [ "0", "0", "0", "0", "0", "0", "0", "0", "0", "0", "0", "0", "0", "0", "0", "0", "0", "1", "0", "0", "0", "0", "0", "0" ], "duration": 579.0, "sum": 1 }, "geometry": { "type": "Point", "coordinates": [ -122.384718066063357, 47.505129502602358 ] } },
{ "type": "Feature", "properties": { "lat": 47.505129502602358, "lon": -122.38471806606336, "time_of_day": "Morning", "causation": [ "0", "0", "0", "0", "0", "0", "0", "0", "0", "0", "0", "0", "0", "0", "0", "0", "0", "1", "0", "0", "0", "0", "0", "0" ], "duration": 60.0, "sum": 1 }, "geometry": { "type": "Point", "coordinates": [ -122.384718066063357, 47.505129502602358 ] } },
{ "type": "Feature", "properties": { "lat": 47.505134990682087, "lon": -122.38205809351204, "time_of_day": "Late Night", "causation": [ "0", "0", "0", "0", "0", "0", "0", "0", "1", "0", "0", "0", "0", "0", "0", "0", "0", "0", "0", "0", "0", "0", "0", "0" ], "duration": 240.0, "sum": 1 }, "geometry": { "type": "Point", "coordinates": [ -122.382058093512043, 47.505134990682087 ] } },
{ "type": "Feature", "properties": { "lat": 47.505134990682087, "lon": -122.38205809351204, "time_of_day": "Morning", "causation": [ "0", "0", "0", "0", "0", "0", "0", "0", "0", "0", "0", "0", "0", "0", "0", "0", "0", "1", "0", "0", "0", "0", "0", "0" ], "duration": 584.0, "sum": 1 }, "geometry": { "type": "Point", "coordinates": [ -122.382058093512043, 47.505134990682087 ] } },
{ "type": "Feature", "properties": { "lat": 47.505135958846601, "lon": -122.38617761883188, "time_of_day": "Afternoon", "causation": [ "0", "0", "0", "0", "0", "0", "0", "0", "0", "0", "0", "0", "0", "0", "0", "0", "0", "1", "0", "0", "0", "0", "0", "0" ], "duration": 579.0, "sum": 1 }, "geometry": { "type": "Point", "coordinates": [ -122.38617761883188, 47.505135958846601 ] } },
{ "type": "Feature", "properties": { "lat": 47.505135958846601, "lon": -122.38617761883188, "time_of_day": "Morning", "causation": [ "0", "0", "0", "0", "0", "0", "0", "0", "0", "0", "0", "0", "0", "0", "0", "0", "0", "1", "0", "0", "0", "0", "0", "0" ], "duration": 60.0, "sum": 1 }, "geometry": { "type": "Point", "coordinates": [ -122.38617761883188, 47.505135958846601 ] } },
{ "type": "Feature", "properties": { "lat": 47.505171977636252, "lon": -122.38426229563852, "time_of_day": "Afternoon", "causation": [ "0", "0", "0", "0", "0", "0", "0", "0", "0", "0", "0", "0", "0", "0", "0", "0", "0", "1", "0", "0", "0", "0", "0", "0" ], "duration": 579.0, "sum": 1 }, "geometry": { "type": "Point", "coordinates": [ -122.384262295638521, 47.505171977636252 ] } },
{ "type": "Feature", "properties": { "lat": 47.505171977636252, "lon": -122.38426229563852, "time_of_day": "Morning", "causation": [ "0", "0", "0", "0", "0", "0", "0", "0", "0", "0", "0", "0", "0", "0", "0", "0", "0", "1", "0", "0", "0", "0", "0", "0" ], "duration": 60.0, "sum": 1 }, "geometry": { "type": "Point", "coordinates": [ -122.384262295638521, 47.505171977636252 ] } },
{ "type": "Feature", "properties": { "lat": 47.505237991615502, "lon": -122.38402647494551, "time_of_day": "Late Night", "causation": [ "0", "0", "0", "0", "0", "0", "0", "0", "1", "0", "0", "0", "0", "0", "0", "0", "0", "0", "0", "0", "0", "0", "0", "0" ], "duration": 431.0, "sum": 1 }, "geometry": { "type": "Point", "coordinates": [ -122.384026474945514, 47.505237991615502 ] } },
{ "type": "Feature", "properties": { "lat": 47.505237991615502, "lon": -122.38402647494551, "time_of_day": "Morning", "causation": [ "0", "0", "0", "0", "0", "0", "0", "0", "0", "0", "0", "0", "0", "0", "0", "0", "0", "1", "0", "0", "0", "0", "0", "0" ], "duration": 267.0, "sum": 1 }, "geometry": { "type": "Point", "coordinates": [ -122.384026474945514, 47.505237991615502 ] } },
{ "type": "Feature", "properties": { "lat": 47.505297344803083, "lon": -122.3863087636995, "time_of_day": "Afternoon", "causation": [ "0", "0", "0", "0", "0", "0", "0", "0", "0", "0", "0", "0", "0", "0", "0", "0", "0", "1", "0", "0", "0", "0", "0", "0" ], "duration": 579.0, "sum": 1 }, "geometry": { "type": "Point", "coordinates": [ -122.386308763699503, 47.505297344803083 ] } },
{ "type": "Feature", "properties": { "lat": 47.505297344803083, "lon": -122.3863087636995, "time_of_day": "Morning", "causation": [ "0", "0", "0", "0", "0", "0", "0", "0", "0", "0", "0", "0", "0", "0", "0", "0", "0", "1", "0", "0", "0", "0", "0", "0" ], "duration": 60.0, "sum": 1 }, "geometry": { "type": "Point", "coordinates": [ -122.386308763699503, 47.505297344803083 ] } },
{ "type": "Feature", "properties": { "lat": 47.505351943890012, "lon": -122.38384225845805, "time_of_day": "Late Night", "causation": [ "0", "0", "0", "0", "0", "0", "0", "0", "1", "0", "0", "0", "0", "0", "0", "0", "0", "0", "0", "0", "0", "0", "0", "0" ], "duration": 431.0, "sum": 1 }, "geometry": { "type": "Point", "coordinates": [ -122.383842258458046, 47.505351943890012 ] } },
{ "type": "Feature", "properties": { "lat": 47.505351943890012, "lon": -122.38384225845805, "time_of_day": "Morning", "causation": [ "0", "0", "0", "0", "0", "0", "0", "0", "0", "0", "0", "0", "0", "0", "0", "0", "0", "1", "0", "0", "0", "0", "0", "0" ], "duration": 267.0, "sum": 1 }, "geometry": { "type": "Point", "coordinates": [ -122.383842258458046, 47.505351943890012 ] } },
{ "type": "Feature", "properties": { "lat": 47.505360531695842, "lon": -122.38211177528412, "time_of_day": "Late Night", "causation": [ "0", "0", "0", "0", "0", "0", "0", "0", "1", "0", "0", "0", "0", "0", "0", "0", "0", "0", "0", "0", "0", "0", "0", "0" ], "duration": 240.0, "sum": 1 }, "geometry": { "type": "Point", "coordinates": [ -122.382111775284116, 47.505360531695842 ] } },
{ "type": "Feature", "properties": { "lat": 47.505360531695842, "lon": -122.38211177528412, "time_of_day": "Morning", "causation": [ "0", "0", "0", "0", "0", "0", "0", "0", "0", "0", "0", "0", "0", "0", "0", "0", "0", "1", "0", "0", "0", "0", "0", "0" ], "duration": 584.0, "sum": 1 }, "geometry": { "type": "Point", "coordinates": [ -122.382111775284116, 47.505360531695842 ] } },
{ "type": "Feature", "properties": { "lat": 47.505427380257423, "lon": -122.38640243361884, "time_of_day": "Afternoon", "causation": [ "0", "0", "0", "0", "0", "0", "0", "0", "0", "0", "0", "0", "0", "0", "0", "0", "0", "1", "0", "0", "0", "0", "0", "0" ], "duration": 579.0, "sum": 1 }, "geometry": { "type": "Point", "coordinates": [ -122.386402433618841, 47.505427380257423 ] } },
{ "type": "Feature", "properties": { "lat": 47.505427380257423, "lon": -122.38640243361884, "time_of_day": "Morning", "causation": [ "0", "0", "0", "0", "0", "0", "0", "0", "0", "0", "0", "0", "0", "0", "0", "0", "0", "1", "0", "0", "0", "0", "0", "0" ], "duration": 60.0, "sum": 1 }, "geometry": { "type": "Point", "coordinates": [ -122.386402433618841, 47.505427380257423 ] } },
{ "type": "Feature", "properties": { "lat": 47.505504603924201, "lon": -122.38368080164661, "time_of_day": "Late Night", "causation": [ "0", "0", "0", "0", "0", "0", "0", "0", "1", "0", "0", "0", "0", "0", "0", "0", "0", "0", "0", "0", "0", "0", "0", "0" ], "duration": 431.0, "sum": 1 }, "geometry": { "type": "Point", "coordinates": [ -122.383680801646605, 47.505504603924201 ] } },
{ "type": "Feature", "properties": { "lat": 47.505504603924201, "lon": -122.38368080164661, "time_of_day": "Morning", "causation": [ "0", "0", "0", "0", "0", "0", "0", "0", "0", "0", "0", "0", "0", "0", "0", "0", "0", "1", "0", "0", "0", "0", "0", "0" ], "duration": 267.0, "sum": 1 }, "geometry": { "type": "Point", "coordinates": [ -122.383680801646605, 47.505504603924201 ] } },
{ "type": "Feature", "properties": { "lat": 47.505509729055639, "lon": -122.38493576274784, "time_of_day": "Afternoon", "causation": [ "0", "0", "0", "0", "0", "0", "0", "0", "0", "0", "0", "0", "0", "0", "0", "0", "0", "1", "0", "0", "0", "0", "0", "0" ], "duration": 579.0, "sum": 1 }, "geometry": { "type": "Point", "coordinates": [ -122.384935762747844, 47.505509729055639 ] } },
{ "type": "Feature", "properties": { "lat": 47.505509729055639, "lon": -122.38493576274784, "time_of_day": "Late Night", "causation": [ "0", "0", "0", "0", "0", "0", "0", "0", "1", "0", "0", "0", "0", "0", "0", "0", "0", "0", "0", "0", "0", "0", "0", "0" ], "duration": 431.0, "sum": 1 }, "geometry": { "type": "Point", "coordinates": [ -122.384935762747844, 47.505509729055639 ] } },
{ "type": "Feature", "properties": { "lat": 47.505517651294241, "lon": -122.38551379022918, "time_of_day": "Afternoon", "causation": [ "0", "0", "0", "0", "0", "0", "0", "0", "0", "0", "0", "0", "0", "0", "0", "0", "0", "1", "0", "0", "0", "0", "0", "0" ], "duration": 579.0, "sum": 1 }, "geometry": { "type": "Point", "coordinates": [ -122.385513790229183, 47.505517651294241 ] } },
{ "type": "Feature", "properties": { "lat": 47.505517651294241, "lon": -122.38551379022918, "time_of_day": "Morning", "causation": [ "0", "0", "0", "0", "0", "0", "0", "0", "0", "0", "0", "0", "0", "0", "0", "0", "0", "1", "0", "0", "0", "0", "0", "0" ], "duration": 60.0, "sum": 1 }, "geometry": { "type": "Point", "coordinates": [ -122.385513790229183, 47.505517651294241 ] } },
{ "type": "Feature", "properties": { "lat": 47.505542234316202, "lon": -122.3889983247651, "time_of_day": "Late Night", "causation": [ "0", "0", "0", "0", "0", "0", "0", "0", "1", "0", "0", "0", "0", "0", "0", "0", "0", "0", "0", "0", "0", "0", "0", "0" ], "duration": 240.0, "sum": 1 }, "geometry": { "type": "Point", "coordinates": [ -122.388998324765097, 47.505542234316202 ] } },
{ "type": "Feature", "properties": { "lat": 47.505570697419131, "lon": -122.38648739451, "time_of_day": "Afternoon", "causation": [ "0", "0", "0", "0", "0", "0", "0", "0", "0", "0", "0", "0", "0", "0", "0", "0", "0", "1", "0", "0", "0", "0", "0", "0" ], "duration": 579.0, "sum": 1 }, "geometry": { "type": "Point", "coordinates": [ -122.386487394509999, 47.505570697419131 ] } },
{ "type": "Feature", "properties": { "lat": 47.505570697419131, "lon": -122.38648739451, "time_of_day": "Morning", "causation": [ "0", "0", "0", "0", "0", "0", "0", "0", "0", "0", "0", "0", "0", "0", "0", "0", "0", "1", "0", "0", "0", "0", "0", "0" ], "duration": 60.0, "sum": 1 }, "geometry": { "type": "Point", "coordinates": [ -122.386487394509999, 47.505570697419131 ] } },
{ "type": "Feature", "properties": { "lat": 47.505583210015452, "lon": -122.383480559676, "time_of_day": "Late Night", "causation": [ "0", "0", "0", "0", "0", "0", "0", "0", "1", "0", "0", "0", "0", "0", "0", "0", "0", "0", "0", "0", "0", "0", "0", "0" ], "duration": 431.0, "sum": 1 }, "geometry": { "type": "Point", "coordinates": [ -122.383480559676002, 47.505583210015452 ] } },
{ "type": "Feature", "properties": { "lat": 47.505583210015452, "lon": -122.383480559676, "time_of_day": "Morning", "causation": [ "0", "0", "0", "0", "0", "0", "0", "0", "0", "0", "0", "0", "0", "0", "0", "0", "0", "1", "0", "0", "0", "0", "0", "0" ], "duration": 267.0, "sum": 1 }, "geometry": { "type": "Point", "coordinates": [ -122.383480559676002, 47.505583210015452 ] } },
{ "type": "Feature", "properties": { "lat": 47.505594726850816, "lon": -122.38140816681624, "time_of_day": "Late Night", "causation": [ "0", "0", "0", "0", "0", "0", "0", "0", "1", "0", "0", "0", "0", "0", "0", "0", "0", "0", "0", "0", "0", "0", "0", "0" ], "duration": 445.0, "sum": 1 }, "geometry": { "type": "Point", "coordinates": [ -122.381408166816243, 47.505594726850816 ] } },
{ "type": "Feature", "properties": { "lat": 47.505594726850816, "lon": -122.38140816681624, "time_of_day": "Morning", "causation": [ "0", "0", "0", "0", "0", "0", "0", "0", "0", "0", "0", "0", "0", "0", "0", "0", "0", "1", "0", "0", "0", "0", "0", "0" ], "duration": 567.0, "sum": 1 }, "geometry": { "type": "Point", "coordinates": [ -122.381408166816243, 47.505594726850816 ] } },
{ "type": "Feature", "properties": { "lat": 47.505639664113424, "lon": -122.38323380908474, "time_of_day": "Afternoon", "causation": [ "0", "0", "0", "0", "0", "0", "0", "0", "0", "0", "0", "0", "0", "0", "0", "0", "0", "2", "0", "0", "0", "0", "0", "0" ], "duration": 1158.0, "sum": 2 }, "geometry": { "type": "Point", "coordinates": [ -122.383233809084743, 47.505639664113424 ] } },
{ "type": "Feature", "properties": { "lat": 47.505639664113424, "lon": -122.38323380908474, "time_of_day": "Late Night", "causation": [ "0", "0", "0", "0", "0", "0", "0", "0", "2", "0", "0", "0", "0", "0", "0", "0", "0", "0", "0", "0", "0", "0", "0", "0" ], "duration": 862.0, "sum": 2 }, "geometry": { "type": "Point", "coordinates": [ -122.383233809084743, 47.505639664113424 ] } },
{ "type": "Feature", "properties": { "lat": 47.505643268868255, "lon": -122.3819706876768, "time_of_day": "Late Night", "causation": [ "0", "0", "0", "0", "0", "0", "0", "0", "1", "0", "0", "0", "0", "0", "0", "0", "0", "0", "0", "0", "0", "0", "0", "0" ], "duration": 445.0, "sum": 1 }, "geometry": { "type": "Point", "coordinates": [ -122.381970687676798, 47.505643268868255 ] } },
{ "type": "Feature", "properties": { "lat": 47.505643268868255, "lon": -122.3819706876768, "time_of_day": "Morning", "causation": [ "0", "0", "0", "0", "0", "0", "0", "0", "0", "0", "0", "0", "0", "0", "0", "0", "0", "1", "0", "0", "0", "0", "0", "0" ], "duration": 567.0, "sum": 1 }, "geometry": { "type": "Point", "coordinates": [ -122.381970687676798, 47.505643268868255 ] } },
{ "type": "Feature", "properties": { "lat": 47.505645584228354, "lon": -122.38220105607412, "time_of_day": "Late Night", "causation": [ "0", "0", "0", "0", "0", "0", "0", "0", "1", "0", "0", "0", "0", "0", "0", "0", "0", "0", "0", "0", "0", "0", "0", "0" ], "duration": 445.0, "sum": 1 }, "geometry": { "type": "Point", "coordinates": [ -122.382201056074123, 47.505645584228354 ] } },
{ "type": "Feature", "properties": { "lat": 47.505645584228354, "lon": -122.38220105607412, "time_of_day": "Morning", "causation": [ "0", "0", "0", "0", "0", "0", "0", "0", "0", "0", "0", "0", "0", "0", "0", "0", "0", "1", "0", "0", "0", "0", "0", "0" ], "duration": 567.0, "sum": 1 }, "geometry": { "type": "Point", "coordinates": [ -122.382201056074123, 47.505645584228354 ] } },
{ "type": "Feature", "properties": { "lat": 47.505650734447045, "lon": -122.38256723621561, "time_of_day": "Afternoon", "causation": [ "0", "0", "0", "0", "0", "0", "0", "0", "0", "0", "0", "0", "0", "0", "0", "0", "0", "1", "0", "0", "0", "0", "0", "0" ], "duration": 579.0, "sum": 1 }, "geometry": { "type": "Point", "coordinates": [ -122.382567236215607, 47.505650734447045 ] } },
{ "type": "Feature", "properties": { "lat": 47.505650734447045, "lon": -122.38256723621561, "time_of_day": "Late Night", "causation": [ "0", "0", "0", "0", "0", "0", "0", "0", "1", "0", "0", "0", "0", "0", "0", "0", "0", "0", "0", "0", "0", "0", "0", "0" ], "duration": 431.0, "sum": 1 }, "geometry": { "type": "Point", "coordinates": [ -122.382567236215607, 47.505650734447045 ] } },
{ "type": "Feature", "properties": { "lat": 47.505650925857921, "lon": -122.38569557153086, "time_of_day": "Afternoon", "causation": [ "0", "0", "0", "0", "0", "0", "0", "0", "0", "0", "0", "0", "0", "0", "0", "0", "0", "1", "0", "0", "0", "0", "0", "0" ], "duration": 579.0, "sum": 1 }, "geometry": { "type": "Point", "coordinates": [ -122.38569557153086, 47.505650925857921 ] } },
{ "type": "Feature", "properties": { "lat": 47.505650925857921, "lon": -122.38569557153086, "time_of_day": "Morning", "causation": [ "0", "0", "0", "0", "0", "0", "0", "0", "0", "0", "0", "0", "0", "0", "0", "0", "0", "1", "0", "0", "0", "0", "0", "0" ], "duration": 60.0, "sum": 1 }, "geometry": { "type": "Point", "coordinates": [ -122.38569557153086, 47.505650925857921 ] } },
{ "type": "Feature", "properties": { "lat": 47.505656265889165, "lon": -122.38297373328172, "time_of_day": "Afternoon", "causation": [ "0", "0", "0", "0", "0", "0", "0", "0", "0", "0", "0", "0", "0", "0", "0", "0", "0", "1", "0", "0", "0", "0", "0", "0" ], "duration": 579.0, "sum": 1 }, "geometry": { "type": "Point", "coordinates": [ -122.382973733281716, 47.505656265889165 ] } },
{ "type": "Feature", "properties": { "lat": 47.505656265889165, "lon": -122.38297373328172, "time_of_day": "Late Night", "causation": [ "0", "0", "0", "0", "0", "0", "0", "0", "1", "0", "0", "0", "0", "0", "0", "0", "0", "0", "0", "0", "0", "0", "0", "0" ], "duration": 431.0, "sum": 1 }, "geometry": { "type": "Point", "coordinates": [ -122.382973733281716, 47.505656265889165 ] } },
{ "type": "Feature", "properties": { "lat": 47.505660333950203, "lon": -122.38669592235119, "time_of_day": "Afternoon", "causation": [ "0", "0", "0", "0", "0", "0", "0", "0", "0", "0", "0", "0", "0", "0", "0", "0", "0", "1", "0", "0", "0", "0", "0", "0" ], "duration": 579.0, "sum": 1 }, "geometry": { "type": "Point", "coordinates": [ -122.386695922351194, 47.505660333950203 ] } },
{ "type": "Feature", "properties": { "lat": 47.505660333950203, "lon": -122.38669592235119, "time_of_day": "Morning", "causation": [ "0", "0", "0", "0", "0", "0", "0", "0", "0", "0", "0", "0", "0", "0", "0", "0", "0", "1", "0", "0", "0", "0", "0", "0" ], "duration": 60.0, "sum": 1 }, "geometry": { "type": "Point", "coordinates": [ -122.386695922351194, 47.505660333950203 ] } },
{ "type": "Feature", "properties": { "lat": 47.505661177037553, "lon": -122.38512204921186, "time_of_day": "Afternoon", "causation": [ "0", "0", "0", "0", "0", "0", "0", "0", "0", "0", "0", "0", "0", "0", "0", "0", "0", "1", "0", "0", "0", "0", "0", "0" ], "duration": 579.0, "sum": 1 }, "geometry": { "type": "Point", "coordinates": [ -122.385122049211859, 47.505661177037553 ] } },
{ "type": "Feature", "properties": { "lat": 47.505661177037553, "lon": -122.38512204921186, "time_of_day": "Late Night", "causation": [ "0", "0", "0", "0", "0", "0", "0", "0", "1", "0", "0", "0", "0", "0", "0", "0", "0", "0", "0", "0", "0", "0", "0", "0" ], "duration": 431.0, "sum": 1 }, "geometry": { "type": "Point", "coordinates": [ -122.385122049211859, 47.505661177037553 ] } },
{ "type": "Feature", "properties": { "lat": 47.505674628709201, "lon": -122.38278748167582, "time_of_day": "Afternoon", "causation": [ "0", "0", "0", "0", "0", "0", "0", "0", "0", "0", "0", "0", "0", "0", "0", "0", "0", "1", "0", "0", "0", "0", "0", "0" ], "duration": 579.0, "sum": 1 }, "geometry": { "type": "Point", "coordinates": [ -122.38278748167582, 47.505674628709201 ] } },
{ "type": "Feature", "properties": { "lat": 47.505674628709201, "lon": -122.38278748167582, "time_of_day": "Late Night", "causation": [ "0", "0", "0", "0", "0", "0", "0", "0", "1", "0", "0", "0", "0", "0", "0", "0", "0", "0", "0", "0", "0", "0", "0", "0" ], "duration": 431.0, "sum": 1 }, "geometry": { "type": "Point", "coordinates": [ -122.38278748167582, 47.505674628709201 ] } },
{ "type": "Feature", "properties": { "lat": 47.505678549654149, "lon": -122.38416951873148, "time_of_day": "Late Night", "causation": [ "0", "0", "0", "0", "0", "0", "0", "0", "1", "0", "0", "0", "0", "0", "0", "0", "0", "0", "0", "0", "0", "0", "0", "0" ], "duration": 431.0, "sum": 1 }, "geometry": { "type": "Point", "coordinates": [ -122.384169518731483, 47.505678549654149 ] } },
{ "type": "Feature", "properties": { "lat": 47.505678549654149, "lon": -122.38416951873148, "time_of_day": "Morning", "causation": [ "0", "0", "0", "0", "0", "0", "0", "0", "0", "0", "0", "0", "0", "0", "0", "0", "0", "1", "0", "0", "0", "0", "0", "0" ], "duration": 267.0, "sum": 1 }, "geometry": { "type": "Point", "coordinates": [ -122.384169518731483, 47.505678549654149 ] } },
{ "type": "Feature", "properties": { "lat": 47.505684364214389, "lon": -122.38235930243896, "time_of_day": "Late Night", "causation": [ "0", "0", "0", "0", "0", "0", "0", "0", "1", "0", "0", "0", "0", "0", "0", "0", "0", "0", "0", "0", "0", "0", "0", "0" ], "duration": 445.0, "sum": 1 }, "geometry": { "type": "Point", "coordinates": [ -122.382359302438957, 47.505684364214389 ] } },
{ "type": "Feature", "properties": { "lat": 47.505684364214389, "lon": -122.38235930243896, "time_of_day": "Morning", "causation": [ "0", "0", "0", "0", "0", "0", "0", "0", "0", "0", "0", "0", "0", "0", "0", "0", "0", "1", "0", "0", "0", "0", "0", "0" ], "duration": 567.0, "sum": 1 }, "geometry": { "type": "Point", "coordinates": [ -122.382359302438957, 47.505684364214389 ] } },
{ "type": "Feature", "properties": { "lat": 47.505700615207857, "lon": -122.38918978749004, "time_of_day": "Late Night", "causation": [ "0", "0", "0", "0", "0", "0", "0", "0", "1", "0", "0", "0", "0", "0", "0", "0", "0", "0", "0", "0", "0", "0", "0", "0" ], "duration": 240.0, "sum": 1 }, "geometry": { "type": "Point", "coordinates": [ -122.389189787490039, 47.505700615207857 ] } },
{ "type": "Feature", "properties": { "lat": 47.505731893306347, "lon": -122.38439318662256, "time_of_day": "Afternoon", "causation": [ "0", "0", "0", "0", "0", "0", "0", "0", "0", "0", "0", "0", "0", "0", "0", "0", "0", "1", "0", "0", "0", "0", "0", "0" ], "duration": 579.0, "sum": 1 }, "geometry": { "type": "Point", "coordinates": [ -122.38439318662256, 47.505731893306347 ] } },
{ "type": "Feature", "properties": { "lat": 47.505731893306347, "lon": -122.38439318662256, "time_of_day": "Late Night", "causation": [ "0", "0", "0", "0", "0", "0", "0", "0", "1", "0", "0", "0", "0", "0", "0", "0", "0", "0", "0", "0", "0", "0", "0", "0" ], "duration": 431.0, "sum": 1 }, "geometry": { "type": "Point", "coordinates": [ -122.38439318662256, 47.505731893306347 ] } },
{ "type": "Feature", "properties": { "lat": 47.505778918864202, "lon": -122.3867847608381, "time_of_day": "Afternoon", "causation": [ "0", "0", "0", "0", "0", "0", "0", "0", "0", "0", "0", "0", "0", "0", "0", "0", "0", "1", "0", "0", "0", "0", "0", "0" ], "duration": 579.0, "sum": 1 }, "geometry": { "type": "Point", "coordinates": [ -122.386784760838097, 47.505778918864202 ] } },
{ "type": "Feature", "properties": { "lat": 47.505778918864202, "lon": -122.3867847608381, "time_of_day": "Morning", "causation": [ "0", "0", "0", "0", "0", "0", "0", "0", "0", "0", "0", "0", "0", "0", "0", "0", "0", "1", "0", "0", "0", "0", "0", "0" ], "duration": 60.0, "sum": 1 }, "geometry": { "type": "Point", "coordinates": [ -122.386784760838097, 47.505778918864202 ] } },
{ "type": "Feature", "properties": { "lat": 47.505780946586434, "lon": -122.38582044053236, "time_of_day": "Afternoon", "causation": [ "0", "0", "0", "0", "0", "0", "0", "0", "0", "0", "0", "0", "0", "0", "0", "0", "0", "1", "0", "0", "0", "0", "0", "0" ], "duration": 579.0, "sum": 1 }, "geometry": { "type": "Point", "coordinates": [ -122.385820440532356, 47.505780946586434 ] } },
{ "type": "Feature", "properties": { "lat": 47.505780946586434, "lon": -122.38582044053236, "time_of_day": "Morning", "causation": [ "0", "0", "0", "0", "0", "0", "0", "0", "0", "0", "0", "0", "0", "0", "0", "0", "0", "1", "0", "0", "0", "0", "0", "0" ], "duration": 60.0, "sum": 1 }, "geometry": { "type": "Point", "coordinates": [ -122.385820440532356, 47.505780946586434 ] } },
{ "type": "Feature", "properties": { "lat": 47.505816000125073, "lon": -122.38520585210765, "time_of_day": "Afternoon", "causation": [ "0", "0", "0", "0", "0", "0", "0", "0", "0", "0", "0", "0", "0", "0", "0", "0", "0", "1", "0", "0", "0", "0", "0", "0" ], "duration": 579.0, "sum": 1 }, "geometry": { "type": "Point", "coordinates": [ -122.385205852107646, 47.505816000125073 ] } },
{ "type": "Feature", "properties": { "lat": 47.505816000125073, "lon": -122.38520585210765, "time_of_day": "Late Night", "causation": [ "0", "0", "0", "0", "0", "0", "0", "0", "1", "0", "0", "0", "0", "0", "0", "0", "0", "0", "0", "0", "0", "0", "0", "0" ], "duration": 431.0, "sum": 1 }, "geometry": { "type": "Point", "coordinates": [ -122.385205852107646, 47.505816000125073 ] } },
{ "type": "Feature", "properties": { "lat": 47.505833223770843, "lon": -122.38449510773955, "time_of_day": "Afternoon", "causation": [ "0", "0", "0", "0", "0", "0", "0", "0", "0", "0", "0", "0", "0", "0", "0", "0", "0", "1", "0", "0", "0", "0", "0", "0" ], "duration": 579.0, "sum": 1 }, "geometry": { "type": "Point", "coordinates": [ -122.384495107739554, 47.505833223770843 ] } },
{ "type": "Feature", "properties": { "lat": 47.505833223770843, "lon": -122.38449510773955, "time_of_day": "Late Night", "causation": [ "0", "0", "0", "0", "0", "0", "0", "0", "1", "0", "0", "0", "0", "0", "0", "0", "0", "0", "0", "0", "0", "0", "0", "0" ], "duration": 431.0, "sum": 1 }, "geometry": { "type": "Point", "coordinates": [ -122.384495107739554, 47.505833223770843 ] } },
{ "type": "Feature", "properties": { "lat": 47.505860460663882, "lon": -122.38689671985252, "time_of_day": "Afternoon", "causation": [ "0", "0", "0", "0", "0", "0", "0", "0", "0", "0", "0", "0", "0", "0", "0", "0", "0", "1", "0", "0", "0", "0", "0", "0" ], "duration": 579.0, "sum": 1 }, "geometry": { "type": "Point", "coordinates": [ -122.386896719852516, 47.505860460663882 ] } },
{ "type": "Feature", "properties": { "lat": 47.505860460663882, "lon": -122.38689671985252, "time_of_day": "Morning", "causation": [ "0", "0", "0", "0", "0", "0", "0", "0", "0", "0", "0", "0", "0", "0", "0", "0", "0", "1", "0", "0", "0", "0", "0", "0" ], "duration": 60.0, "sum": 1 }, "geometry": { "type": "Point", "coordinates": [ -122.386896719852516, 47.505860460663882 ] } },
{ "type": "Feature", "properties": { "lat": 47.505881147235428, "lon": -122.38594632413064, "time_of_day": "Afternoon", "causation": [ "0", "0", "0", "0", "0", "0", "0", "0", "0", "0", "0", "0", "0", "0", "0", "0", "0", "1", "0", "0", "0", "0", "0", "0" ], "duration": 579.0, "sum": 1 }, "geometry": { "type": "Point", "coordinates": [ -122.385946324130643, 47.505881147235428 ] } },
{ "type": "Feature", "properties": { "lat": 47.505881147235428, "lon": -122.38594632413064, "time_of_day": "Morning", "causation": [ "0", "0", "0", "0", "0", "0", "0", "0", "0", "0", "0", "0", "0", "0", "0", "0", "0", "1", "0", "0", "0", "0", "0", "0" ], "duration": 60.0, "sum": 1 }, "geometry": { "type": "Point", "coordinates": [ -122.385946324130643, 47.505881147235428 ] } },
{ "type": "Feature", "properties": { "lat": 47.505887481257176, "lon": -122.3838551899015, "time_of_day": "Late Night", "causation": [ "0", "0", "0", "0", "0", "0", "0", "0", "1", "0", "0", "0", "0", "0", "0", "0", "0", "0", "0", "0", "0", "0", "0", "0" ], "duration": 431.0, "sum": 1 }, "geometry": { "type": "Point", "coordinates": [ -122.383855189901496, 47.505887481257176 ] } },
{ "type": "Feature", "properties": { "lat": 47.505887481257176, "lon": -122.3838551899015, "time_of_day": "Morning", "causation": [ "0", "0", "0", "0", "0", "0", "0", "0", "0", "0", "0", "0", "0", "0", "0", "0", "0", "1", "0", "0", "0", "0", "0", "0" ], "duration": 267.0, "sum": 1 }, "geometry": { "type": "Point", "coordinates": [ -122.383855189901496, 47.505887481257176 ] } },
{ "type": "Feature", "properties": { "lat": 47.505892111533107, "lon": -122.3853749248324, "time_of_day": "Afternoon", "causation": [ "0", "0", "0", "0", "0", "0", "0", "0", "0", "0", "0", "0", "0", "0", "0", "0", "0", "1", "0", "0", "0", "0", "0", "0" ], "duration": 579.0, "sum": 1 }, "geometry": { "type": "Point", "coordinates": [ -122.385374924832405, 47.505892111533107 ] } },
{ "type": "Feature", "properties": { "lat": 47.505892111533107, "lon": -122.3853749248324, "time_of_day": "Late Night", "causation": [ "0", "0", "0", "0", "0", "0", "0", "0", "1", "0", "0", "0", "0", "0", "0", "0", "0", "0", "0", "0", "0", "0", "0", "0" ], "duration": 431.0, "sum": 1 }, "geometry": { "type": "Point", "coordinates": [ -122.385374924832405, 47.505892111533107 ] } },
{ "type": "Feature", "properties": { "lat": 47.505957587229197, "lon": -122.38462672578298, "time_of_day": "Afternoon", "causation": [ "0", "0", "0", "0", "0", "0", "0", "0", "0", "0", "0", "0", "0", "0", "0", "0", "0", "1", "0", "0", "0", "0", "0", "0" ], "duration": 579.0, "sum": 1 }, "geometry": { "type": "Point", "coordinates": [ -122.384626725782979, 47.505957587229197 ] } },
{ "type": "Feature", "properties": { "lat": 47.505957587229197, "lon": -122.38462672578298, "time_of_day": "Late Night", "causation": [ "0", "0", "0", "0", "0", "0", "0", "0", "1", "0", "0", "0", "0", "0", "0", "0", "0", "0", "0", "0", "0", "0", "0", "0" ], "duration": 431.0, "sum": 1 }, "geometry": { "type": "Point", "coordinates": [ -122.384626725782979, 47.505957587229197 ] } },
{ "type": "Feature", "properties": { "lat": 47.505976556565976, "lon": -122.38700855962487, "time_of_day": "Afternoon", "causation": [ "0", "0", "0", "0", "0", "0", "0", "0", "0", "0", "0", "0", "0", "0", "0", "0", "0", "1", "0", "0", "0", "0", "0", "0" ], "duration": 579.0, "sum": 1 }, "geometry": { "type": "Point", "coordinates": [ -122.387008559624874, 47.505976556565976 ] } },
{ "type": "Feature", "properties": { "lat": 47.505976556565976, "lon": -122.38700855962487, "time_of_day": "Morning", "causation": [ "0", "0", "0", "0", "0", "0", "0", "0", "0", "0", "0", "0", "0", "0", "0", "0", "0", "1", "0", "0", "0", "0", "0", "0" ], "duration": 60.0, "sum": 1 }, "geometry": { "type": "Point", "coordinates": [ -122.387008559624874, 47.505976556565976 ] } },
{ "type": "Feature", "properties": { "lat": 47.505987003616092, "lon": -122.38609977324818, "time_of_day": "Afternoon", "causation": [ "0", "0", "0", "0", "0", "0", "0", "0", "0", "0", "0", "0", "0", "0", "0", "0", "0", "1", "0", "0", "0", "0", "0", "0" ], "duration": 579.0, "sum": 1 }, "geometry": { "type": "Point", "coordinates": [ -122.386099773248176, 47.505987003616092 ] } },
{ "type": "Feature", "properties": { "lat": 47.505987003616092, "lon": -122.38609977324818, "time_of_day": "Morning", "causation": [ "0", "0", "0", "0", "0", "0", "0", "0", "0", "0", "0", "0", "0", "0", "0", "0", "0", "1", "0", "0", "0", "0", "0", "0" ], "duration": 60.0, "sum": 1 }, "geometry": { "type": "Point", "coordinates": [ -122.386099773248176, 47.505987003616092 ] } },
{ "type": "Feature", "properties": { "lat": 47.506028860085642, "lon": -122.38547304242108, "time_of_day": "Afternoon", "causation": [ "0", "0", "0", "0", "0", "0", "0", "0", "0", "0", "0", "0", "0", "0", "0", "0", "0", "1", "0", "0", "0", "0", "0", "0" ], "duration": 579.0, "sum": 1 }, "geometry": { "type": "Point", "coordinates": [ -122.385473042421083, 47.506028860085642 ] } },
{ "type": "Feature", "properties": { "lat": 47.506028860085642, "lon": -122.38547304242108, "time_of_day": "Late Night", "causation": [ "0", "0", "0", "0", "0", "0", "0", "0", "1", "0", "0", "0", "0", "0", "0", "0", "0", "0", "0", "0", "0", "0", "0", "0" ], "duration": 431.0, "sum": 1 }, "geometry": { "type": "Point", "coordinates": [ -122.385473042421083, 47.506028860085642 ] } },
{ "type": "Feature", "properties": { "lat": 47.506046693051779, "lon": -122.3840312647788, "time_of_day": "Afternoon", "causation": [ "0", "0", "0", "0", "0", "0", "0", "0", "0", "0", "0", "0", "0", "0", "0", "0", "0", "1", "0", "0", "0", "0", "0", "0" ], "duration": 579.0, "sum": 1 }, "geometry": { "type": "Point", "coordinates": [ -122.384031264778798, 47.506046693051779 ] } },
{ "type": "Feature", "properties": { "lat": 47.506046693051779, "lon": -122.3840312647788, "time_of_day": "Late Night", "causation": [ "0", "0", "0", "0", "0", "0", "0", "0", "1", "0", "0", "0", "0", "0", "0", "0", "0", "0", "0", "0", "0", "0", "0", "0" ], "duration": 431.0, "sum": 1 }, "geometry": { "type": "Point", "coordinates": [ -122.384031264778798, 47.506046693051779 ] } },
{ "type": "Feature", "properties": { "lat": 47.506055880776977, "lon": -122.38473179080415, "time_of_day": "Afternoon", "causation": [ "0", "0", "0", "0", "0", "0", "0", "0", "0", "0", "0", "0", "0", "0", "0", "0", "0", "1", "0", "0", "0", "0", "0", "0" ], "duration": 579.0, "sum": 1 }, "geometry": { "type": "Point", "coordinates": [ -122.384731790804153, 47.506055880776977 ] } },
{ "type": "Feature", "properties": { "lat": 47.506055880776977, "lon": -122.38473179080415, "time_of_day": "Late Night", "causation": [ "0", "0", "0", "0", "0", "0", "0", "0", "1", "0", "0", "0", "0", "0", "0", "0", "0", "0", "0", "0", "0", "0", "0", "0" ], "duration": 431.0, "sum": 1 }, "geometry": { "type": "Point", "coordinates": [ -122.384731790804153, 47.506055880776977 ] } },
{ "type": "Feature", "properties": { "lat": 47.50610250183837, "lon": -122.3821962574234, "time_of_day": "Late Night", "causation": [ "0", "0", "0", "0", "0", "0", "0", "0", "1", "0", "0", "0", "0", "0", "0", "0", "0", "0", "0", "0", "0", "0", "0", "0" ], "duration": 445.0, "sum": 1 }, "geometry": { "type": "Point", "coordinates": [ -122.382196257423402, 47.50610250183837 ] } },
{ "type": "Feature", "properties": { "lat": 47.50610250183837, "lon": -122.3821962574234, "time_of_day": "Morning", "causation": [ "0", "0", "0", "0", "0", "0", "0", "0", "0", "0", "0", "0", "0", "0", "0", "0", "0", "1", "0", "0", "0", "0", "0", "0" ], "duration": 567.0, "sum": 1 }, "geometry": { "type": "Point", "coordinates": [ -122.382196257423402, 47.50610250183837 ] } },
{ "type": "Feature", "properties": { "lat": 47.506111196831711, "lon": -122.3870913220584, "time_of_day": "Afternoon", "causation": [ "0", "0", "0", "0", "0", "0", "0", "0", "0", "0", "0", "0", "0", "0", "0", "0", "0", "1", "0", "0", "0", "0", "0", "0" ], "duration": 579.0, "sum": 1 }, "geometry": { "type": "Point", "coordinates": [ -122.387091322058396, 47.506111196831711 ] } },
{ "type": "Feature", "properties": { "lat": 47.506111196831711, "lon": -122.3870913220584, "time_of_day": "Morning", "causation": [ "0", "0", "0", "0", "0", "0", "0", "0", "0", "0", "0", "0", "0", "0", "0", "0", "0", "1", "0", "0", "0", "0", "0", "0" ], "duration": 60.0, "sum": 1 }, "geometry": { "type": "Point", "coordinates": [ -122.387091322058396, 47.506111196831711 ] } },
{ "type": "Feature", "properties": { "lat": 47.50611658668403, "lon": -122.3828461421037, "time_of_day": "Afternoon", "causation": [ "0", "0", "0", "0", "0", "0", "0", "0", "0", "0", "0", "0", "0", "0", "0", "0", "0", "1", "0", "0", "0", "0", "0", "0" ], "duration": 579.0, "sum": 1 }, "geometry": { "type": "Point", "coordinates": [ -122.382846142103702, 47.50611658668403 ] } },
{ "type": "Feature", "properties": { "lat": 47.50611658668403, "lon": -122.3828461421037, "time_of_day": "Late Night", "causation": [ "0", "0", "0", "0", "0", "0", "0", "0", "1", "0", "0", "0", "0", "0", "0", "0", "0", "0", "0", "0", "0", "0", "0", "0" ], "duration": 431.0, "sum": 1 }, "geometry": { "type": "Point", "coordinates": [ -122.382846142103702, 47.50611658668403 ] } },
{ "type": "Feature", "properties": { "lat": 47.506119878966174, "lon": -122.38564081996644, "time_of_day": "Afternoon", "causation": [ "0", "0", "0", "0", "0", "0", "0", "0", "0", "0", "0", "0", "0", "0", "0", "0", "0", "1", "0", "0", "0", "0", "0", "0" ], "duration": 579.0, "sum": 1 }, "geometry": { "type": "Point", "coordinates": [ -122.38564081996644, 47.506119878966174 ] } },
{ "type": "Feature", "properties": { "lat": 47.506119878966174, "lon": -122.38564081996644, "time_of_day": "Late Night", "causation": [ "0", "0", "0", "0", "0", "0", "0", "0", "1", "0", "0", "0", "0", "0", "0", "0", "0", "0", "0", "0", "0", "0", "0", "0" ], "duration": 431.0, "sum": 1 }, "geometry": { "type": "Point", "coordinates": [ -122.38564081996644, 47.506119878966174 ] } },
{ "type": "Feature", "properties": { "lat": 47.506128863589936, "lon": -122.38620306317424, "time_of_day": "Afternoon", "causation": [ "0", "0", "0", "0", "0", "0", "0", "0", "0", "0", "0", "0", "0", "0", "0", "0", "0", "2", "0", "0", "0", "0", "0", "0" ], "duration": 1158.0, "sum": 2 }, "geometry": { "type": "Point", "coordinates": [ -122.386203063174236, 47.506128863589936 ] } },
{ "type": "Feature", "properties": { "lat": 47.506128863589936, "lon": -122.38620306317424, "time_of_day": "Morning", "causation": [ "0", "0", "0", "0", "0", "0", "0", "0", "0", "0", "0", "0", "0", "0", "0", "0", "0", "2", "0", "0", "0", "0", "0", "0" ], "duration": 120.0, "sum": 2 }, "geometry": { "type": "Point", "coordinates": [ -122.386203063174236, 47.506128863589936 ] } },
{ "type": "Feature", "properties": { "lat": 47.506142364959807, "lon": -122.38196552110878, "time_of_day": "Late Night", "causation": [ "0", "0", "0", "0", "0", "0", "0", "0", "1", "0", "0", "0", "0", "0", "0", "0", "0", "0", "0", "0", "0", "0", "0", "0" ], "duration": 445.0, "sum": 1 }, "geometry": { "type": "Point", "coordinates": [ -122.381965521108782, 47.506142364959807 ] } },
{ "type": "Feature", "properties": { "lat": 47.506142364959807, "lon": -122.38196552110878, "time_of_day": "Morning", "causation": [ "0", "0", "0", "0", "0", "0", "0", "0", "0", "0", "0", "0", "0", "0", "0", "0", "0", "1", "0", "0", "0", "0", "0", "0" ], "duration": 567.0, "sum": 1 }, "geometry": { "type": "Point", "coordinates": [ -122.381965521108782, 47.506142364959807 ] } },
{ "type": "Feature", "properties": { "lat": 47.506142728962864, "lon": -122.3824353622184, "time_of_day": "Late Night", "causation": [ "0", "0", "0", "0", "0", "0", "0", "0", "1", "0", "0", "0", "0", "0", "0", "0", "0", "0", "0", "0", "0", "0", "0", "0" ], "duration": 445.0, "sum": 1 }, "geometry": { "type": "Point", "coordinates": [ -122.382435362218402, 47.506142728962864 ] } },
{ "type": "Feature", "properties": { "lat": 47.506142728962864, "lon": -122.3824353622184, "time_of_day": "Morning", "causation": [ "0", "0", "0", "0", "0", "0", "0", "0", "0", "0", "0", "0", "0", "0", "0", "0", "0", "1", "0", "0", "0", "0", "0", "0" ], "duration": 567.0, "sum": 1 }, "geometry": { "type": "Point", "coordinates": [ -122.382435362218402, 47.506142728962864 ] } },
{ "type": "Feature", "properties": { "lat": 47.506159528700401, "lon": -122.38261493112545, "time_of_day": "Afternoon", "causation": [ "0", "0", "0", "0", "0", "0", "0", "0", "0", "0", "0", "0", "0", "0", "0", "0", "0", "1", "0", "0", "0", "0", "0", "0" ], "duration": 579.0, "sum": 1 }, "geometry": { "type": "Point", "coordinates": [ -122.382614931125445, 47.506159528700401 ] } },
{ "type": "Feature", "properties": { "lat": 47.506159528700401, "lon": -122.38261493112545, "time_of_day": "Late Night", "causation": [ "0", "0", "0", "0", "0", "0", "0", "0", "1", "0", "0", "0", "0", "0", "0", "0", "0", "0", "0", "0", "0", "0", "0", "0" ], "duration": 431.0, "sum": 1 }, "geometry": { "type": "Point", "coordinates": [ -122.382614931125445, 47.506159528700401 ] } },
{ "type": "Feature", "properties": { "lat": 47.506162533721287, "lon": -122.38412442716348, "time_of_day": "Afternoon", "causation": [ "0", "0", "0", "0", "0", "0", "0", "0", "0", "0", "0", "0", "0", "0", "0", "0", "0", "1", "0", "0", "0", "0", "0", "0" ], "duration": 579.0, "sum": 1 }, "geometry": { "type": "Point", "coordinates": [ -122.384124427163485, 47.506162533721287 ] } },
{ "type": "Feature", "properties": { "lat": 47.506162533721287, "lon": -122.38412442716348, "time_of_day": "Late Night", "causation": [ "0", "0", "0", "0", "0", "0", "0", "0", "1", "0", "0", "0", "0", "0", "0", "0", "0", "0", "0", "0", "0", "0", "0", "0" ], "duration": 431.0, "sum": 1 }, "geometry": { "type": "Point", "coordinates": [ -122.384124427163485, 47.506162533721287 ] } },
{ "type": "Feature", "properties": { "lat": 47.506184866054944, "lon": -122.38484821022804, "time_of_day": "Afternoon", "causation": [ "0", "0", "0", "0", "0", "0", "0", "0", "0", "0", "0", "0", "0", "0", "0", "0", "0", "1", "0", "0", "0", "0", "0", "0" ], "duration": 579.0, "sum": 1 }, "geometry": { "type": "Point", "coordinates": [ -122.384848210228043, 47.506184866054944 ] } },
{ "type": "Feature", "properties": { "lat": 47.506184866054944, "lon": -122.38484821022804, "time_of_day": "Late Night", "causation": [ "0", "0", "0", "0", "0", "0", "0", "0", "1", "0", "0", "0", "0", "0", "0", "0", "0", "0", "0", "0", "0", "0", "0", "0" ], "duration": 431.0, "sum": 1 }, "geometry": { "type": "Point", "coordinates": [ -122.384848210228043, 47.506184866054944 ] } },
{ "type": "Feature", "properties": { "lat": 47.506231064436093, "lon": -122.38723044128209, "time_of_day": "Afternoon", "causation": [ "0", "0", "0", "0", "0", "0", "0", "0", "0", "0", "0", "0", "0", "0", "0", "0", "0", "1", "0", "0", "0", "0", "0", "0" ], "duration": 579.0, "sum": 1 }, "geometry": { "type": "Point", "coordinates": [ -122.387230441282085, 47.506231064436093 ] } },
{ "type": "Feature", "properties": { "lat": 47.506231064436093, "lon": -122.38723044128209, "time_of_day": "Morning", "causation": [ "0", "0", "0", "0", "0", "0", "0", "0", "0", "0", "0", "0", "0", "0", "0", "0", "0", "1", "0", "0", "0", "0", "0", "0" ], "duration": 60.0, "sum": 1 }, "geometry": { "type": "Point", "coordinates": [ -122.387230441282085, 47.506231064436093 ] } },
{ "type": "Feature", "properties": { "lat": 47.506232491992506, "lon": -122.3831235133182, "time_of_day": "Afternoon", "causation": [ "0", "0", "0", "0", "0", "0", "0", "0", "0", "0", "0", "0", "0", "0", "0", "0", "0", "1", "0", "0", "0", "0", "0", "0" ], "duration": 579.0, "sum": 1 }, "geometry": { "type": "Point", "coordinates": [ -122.383123513318196, 47.506232491992506 ] } },
{ "type": "Feature", "properties": { "lat": 47.506232491992506, "lon": -122.3831235133182, "time_of_day": "Late Night", "causation": [ "0", "0", "0", "0", "0", "0", "0", "0", "1", "0", "0", "0", "0", "0", "0", "0", "0", "0", "0", "0", "0", "0", "0", "0" ], "duration": 431.0, "sum": 1 }, "geometry": { "type": "Point", "coordinates": [ -122.383123513318196, 47.506232491992506 ] } },
{ "type": "Feature", "properties": { "lat": 47.506250342076129, "lon": -122.3849729380804, "time_of_day": "Afternoon", "causation": [ "0", "0", "0", "0", "0", "0", "0", "0", "0", "0", "0", "0", "0", "0", "0", "0", "0", "1", "0", "0", "0", "0", "0", "0" ], "duration": 579.0, "sum": 1 }, "geometry": { "type": "Point", "coordinates": [ -122.384972938080395, 47.506250342076129 ] } },
{ "type": "Feature", "properties": { "lat": 47.506250342076129, "lon": -122.3849729380804, "time_of_day": "Late Night", "causation": [ "0", "0", "0", "0", "0", "0", "0", "0", "1", "0", "0", "0", "0", "0", "0", "0", "0", "0", "0", "0", "0", "0", "0", "0" ], "duration": 431.0, "sum": 1 }, "geometry": { "type": "Point", "coordinates": [ -122.384972938080395, 47.506250342076129 ] } },
{ "type": "Feature", "properties": { "lat": 47.506280605585445, "lon": -122.38353807971676, "time_of_day": "Afternoon", "causation": [ "0", "0", "0", "0", "0", "0", "0", "0", "0", "0", "0", "0", "0", "0", "0", "0", "0", "1", "0", "0", "0", "0", "0", "0" ], "duration": 579.0, "sum": 1 }, "geometry": { "type": "Point", "coordinates": [ -122.383538079716757, 47.506280605585445 ] } },
{ "type": "Feature", "properties": { "lat": 47.506280605585445, "lon": -122.38353807971676, "time_of_day": "Late Night", "causation": [ "0", "0", "0", "0", "0", "0", "0", "0", "1", "0", "0", "0", "0", "0", "0", "0", "0", "0", "0", "0", "0", "0", "0", "0" ], "duration": 431.0, "sum": 1 }, "geometry": { "type": "Point", "coordinates": [ -122.383538079716757, 47.506280605585445 ] } },
{ "type": "Feature", "properties": { "lat": 47.506286070264089, "lon": -122.38426245493292, "time_of_day": "Afternoon", "causation": [ "0", "0", "0", "0", "0", "0", "0", "0", "0", "0", "0", "0", "0", "0", "0", "0", "0", "1", "0", "0", "0", "0", "0", "0" ], "duration": 579.0, "sum": 1 }, "geometry": { "type": "Point", "coordinates": [ -122.384262454932923, 47.506286070264089 ] } },
{ "type": "Feature", "properties": { "lat": 47.506286070264089, "lon": -122.38426245493292, "time_of_day": "Late Night", "causation": [ "0", "0", "0", "0", "0", "0", "0", "0", "1", "0", "0", "0", "0", "0", "0", "0", "0", "0", "0", "0", "0", "0", "0", "0" ], "duration": 431.0, "sum": 1 }, "geometry": { "type": "Point", "coordinates": [ -122.384262454932923, 47.506286070264089 ] } },
{ "type": "Feature", "properties": { "lat": 47.50628890338642, "lon": -122.38577486394912, "time_of_day": "Afternoon", "causation": [ "0", "0", "0", "0", "0", "0", "0", "0", "0", "0", "0", "0", "0", "0", "0", "0", "0", "1", "0", "0", "0", "0", "0", "0" ], "duration": 579.0, "sum": 1 }, "geometry": { "type": "Point", "coordinates": [ -122.385774863949123, 47.50628890338642 ] } },
{ "type": "Feature", "properties": { "lat": 47.50628890338642, "lon": -122.38577486394912, "time_of_day": "Late Night", "causation": [ "0", "0", "0", "0", "0", "0", "0", "0", "1", "0", "0", "0", "0", "0", "0", "0", "0", "0", "0", "0", "0", "0", "0", "0" ], "duration": 431.0, "sum": 1 }, "geometry": { "type": "Point", "coordinates": [ -122.385774863949123, 47.50628890338642 ] } },
{ "type": "Feature", "properties": { "lat": 47.506344767745396, "lon": -122.38639791232482, "time_of_day": "Afternoon", "causation": [ "0", "0", "0", "0", "0", "0", "0", "0", "0", "0", "0", "0", "0", "0", "0", "0", "0", "1", "0", "0", "0", "0", "0", "0" ], "duration": 579.0, "sum": 1 }, "geometry": { "type": "Point", "coordinates": [ -122.386397912324824, 47.506344767745396 ] } },
{ "type": "Feature", "properties": { "lat": 47.506344767745396, "lon": -122.38639791232482, "time_of_day": "Morning", "causation": [ "0", "0", "0", "0", "0", "0", "0", "0", "0", "0", "0", "0", "0", "0", "0", "0", "0", "1", "0", "0", "0", "0", "0", "0" ], "duration": 60.0, "sum": 1 }, "geometry": { "type": "Point", "coordinates": [ -122.386397912324824, 47.506344767745396 ] } },
{ "type": "Feature", "properties": { "lat": 47.506372302823443, "lon": -122.38733297570776, "time_of_day": "Afternoon", "causation": [ "0", "0", "0", "0", "0", "0", "0", "0", "0", "0", "0", "0", "0", "0", "0", "0", "0", "1", "0", "0", "0", "0", "0", "0" ], "duration": 579.0, "sum": 1 }, "geometry": { "type": "Point", "coordinates": [ -122.387332975707764, 47.506372302823443 ] } },
{ "type": "Feature", "properties": { "lat": 47.506372302823443, "lon": -122.38733297570776, "time_of_day": "Morning", "causation": [ "0", "0", "0", "0", "0", "0", "0", "0", "0", "0", "0", "0", "0", "0", "0", "0", "0", "1", "0", "0", "0", "0", "0", "0" ], "duration": 60.0, "sum": 1 }, "geometry": { "type": "Point", "coordinates": [ -122.387332975707764, 47.506372302823443 ] } },
{ "type": "Feature", "properties": { "lat": 47.506392339476974, "lon": -122.38929661818564, "time_of_day": "Late Night", "causation": [ "0", "0", "0", "0", "0", "0", "0", "0", "1", "0", "0", "0", "0", "0", "0", "0", "0", "0", "0", "0", "0", "0", "0", "0" ], "duration": 240.0, "sum": 1 }, "geometry": { "type": "Point", "coordinates": [ -122.389296618185639, 47.506392339476974 ] } },
{ "type": "Feature", "properties": { "lat": 47.506532234778987, "lon": -122.38746430248668, "time_of_day": "Afternoon", "causation": [ "0", "0", "0", "0", "0", "0", "0", "0", "0", "0", "0", "0", "0", "0", "0", "0", "0", "1", "0", "0", "0", "0", "0", "0" ], "duration": 579.0, "sum": 1 }, "geometry": { "type": "Point", "coordinates": [ -122.387464302486677, 47.506532234778987 ] } },
{ "type": "Feature", "properties": { "lat": 47.506532234778987, "lon": -122.38746430248668, "time_of_day": "Morning", "causation": [ "0", "0", "0", "0", "0", "0", "0", "0", "0", "0", "0", "0", "0", "0", "0", "0", "0", "1", "0", "0", "0", "0", "0", "0" ], "duration": 60.0, "sum": 1 }, "geometry": { "type": "Point", "coordinates": [ -122.387464302486677, 47.506532234778987 ] } },
{ "type": "Feature", "properties": { "lat": 47.506636862245301, "lon": -122.38758338278799, "time_of_day": "Afternoon", "causation": [ "0", "0", "0", "0", "0", "0", "0", "0", "0", "0", "0", "0", "0", "0", "0", "0", "0", "1", "0", "0", "0", "0", "0", "0" ], "duration": 579.0, "sum": 1 }, "geometry": { "type": "Point", "coordinates": [ -122.387583382787994, 47.506636862245301 ] } },
{ "type": "Feature", "properties": { "lat": 47.506636862245301, "lon": -122.38758338278799, "time_of_day": "Morning", "causation": [ "0", "0", "0", "0", "0", "0", "0", "0", "0", "0", "0", "0", "0", "0", "0", "0", "0", "1", "0", "0", "0", "0", "0", "0" ], "duration": 60.0, "sum": 1 }, "geometry": { "type": "Point", "coordinates": [ -122.387583382787994, 47.506636862245301 ] } },
{ "type": "Feature", "properties": { "lat": 47.506658293506149, "lon": -122.38114198202122, "time_of_day": "Late Night", "causation": [ "0", "0", "0", "0", "0", "0", "0", "0", "1", "0", "0", "0", "0", "0", "0", "0", "0", "0", "0", "0", "0", "0", "0", "0" ], "duration": 240.0, "sum": 1 }, "geometry": { "type": "Point", "coordinates": [ -122.381141982021219, 47.506658293506149 ] } },
{ "type": "Feature", "properties": { "lat": 47.506713620538989, "lon": -122.38176205895738, "time_of_day": "Late Night", "causation": [ "0", "0", "0", "0", "0", "0", "0", "0", "2", "0", "0", "0", "0", "0", "0", "0", "0", "0", "0", "0", "0", "0", "0", "0" ], "duration": 480.0, "sum": 2 }, "geometry": { "type": "Point", "coordinates": [ -122.381762058957378, 47.506713620538989 ] } },
{ "type": "Feature", "properties": { "lat": 47.506717757341178, "lon": -122.38207601246832, "time_of_day": "Late Night", "causation": [ "0", "0", "0", "0", "0", "0", "0", "0", "1", "0", "0", "0", "0", "0", "0", "0", "0", "0", "0", "0", "0", "0", "0", "0" ], "duration": 240.0, "sum": 1 }, "geometry": { "type": "Point", "coordinates": [ -122.382076012468318, 47.506717757341178 ] } },
{ "type": "Feature", "properties": { "lat": 47.506718048829789, "lon": -122.3827642229063, "time_of_day": "Late Night", "causation": [ "0", "0", "0", "0", "0", "0", "0", "0", "1", "0", "0", "0", "0", "0", "0", "0", "0", "0", "0", "0", "0", "0", "0", "0" ], "duration": 240.0, "sum": 1 }, "geometry": { "type": "Point", "coordinates": [ -122.382764222906303, 47.506718048829789 ] } },
{ "type": "Feature", "properties": { "lat": 47.506723630703917, "lon": -122.38242741024726, "time_of_day": "Late Night", "causation": [ "0", "0", "0", "0", "0", "0", "0", "0", "1", "0", "0", "0", "0", "0", "0", "0", "0", "0", "0", "0", "0", "0", "0", "0" ], "duration": 240.0, "sum": 1 }, "geometry": { "type": "Point", "coordinates": [ -122.38242741024726, 47.506723630703917 ] } },
{ "type": "Feature", "properties": { "lat": 47.506731035690301, "lon": -122.38361885193828, "time_of_day": "Late Night", "causation": [ "0", "0", "0", "0", "0", "0", "0", "0", "1", "0", "0", "0", "0", "0", "0", "0", "0", "0", "0", "0", "0", "0", "0", "0" ], "duration": 240.0, "sum": 1 }, "geometry": { "type": "Point", "coordinates": [ -122.38361885193828, 47.506731035690301 ] } },
{ "type": "Feature", "properties": { "lat": 47.506733785314751, "lon": -122.38300555724476, "time_of_day": "Late Night", "causation": [ "0", "0", "0", "0", "0", "0", "0", "0", "1", "0", "0", "0", "0", "0", "0", "0", "0", "0", "0", "0", "0", "0", "0", "0" ], "duration": 240.0, "sum": 1 }, "geometry": { "type": "Point", "coordinates": [ -122.383005557244758, 47.506733785314751 ] } },
{ "type": "Feature", "properties": { "lat": 47.506737335507637, "lon": -122.38331002408007, "time_of_day": "Late Night", "causation": [ "0", "0", "0", "0", "0", "0", "0", "0", "1", "0", "0", "0", "0", "0", "0", "0", "0", "0", "0", "0", "0", "0", "0", "0" ], "duration": 240.0, "sum": 1 }, "geometry": { "type": "Point", "coordinates": [ -122.383310024080075, 47.506737335507637 ] } },
{ "type": "Feature", "properties": { "lat": 47.50675146117991, "lon": -122.3842355878808, "time_of_day": "Late Night", "causation": [ "0", "0", "0", "0", "0", "0", "0", "0", "1", "0", "0", "0", "0", "0", "0", "0", "0", "0", "0", "0", "0", "0", "0", "0" ], "duration": 240.0, "sum": 1 }, "geometry": { "type": "Point", "coordinates": [ -122.384235587880795, 47.50675146117991 ] } },
{ "type": "Feature", "properties": { "lat": 47.506789587150514, "lon": -122.38389537232558, "time_of_day": "Late Night", "causation": [ "0", "0", "0", "0", "0", "0", "0", "0", "1", "0", "0", "0", "0", "0", "0", "0", "0", "0", "0", "0", "0", "0", "0", "0" ], "duration": 240.0, "sum": 1 }, "geometry": { "type": "Point", "coordinates": [ -122.383895372325583, 47.506789587150514 ] } },
{ "type": "Feature", "properties": { "lat": 47.506813875255801, "lon": -122.38119038743186, "time_of_day": "Late Night", "causation": [ "0", "0", "0", "0", "0", "0", "0", "0", "1", "0", "0", "0", "0", "0", "0", "0", "0", "0", "0", "0", "0", "0", "0", "0" ], "duration": 240.0, "sum": 1 }, "geometry": { "type": "Point", "coordinates": [ -122.381190387431857, 47.506813875255801 ] } },
{ "type": "Feature", "properties": { "lat": 47.506954984250477, "lon": -122.38119016564912, "time_of_day": "Late Night", "causation": [ "0", "0", "0", "0", "0", "0", "0", "0", "1", "0", "0", "0", "0", "0", "0", "0", "0", "0", "0", "0", "0", "0", "0", "0" ], "duration": 240.0, "sum": 1 }, "geometry": { "type": "Point", "coordinates": [ -122.381190165649116, 47.506954984250477 ] } },
{ "type": "Feature", "properties": { "lat": 47.507125718453374, "lon": -122.38181666845088, "time_of_day": "Late Night", "causation": [ "0", "0", "0", "0", "0", "0", "0", "0", "1", "0", "0", "0", "0", "0", "0", "0", "0", "0", "0", "0", "0", "0", "0", "0" ], "duration": 240.0, "sum": 1 }, "geometry": { "type": "Point", "coordinates": [ -122.381816668450881, 47.507125718453374 ] } },
{ "type": "Feature", "properties": { "lat": 47.507141374205958, "lon": -122.38263500184053, "time_of_day": "Late Night", "causation": [ "0", "0", "0", "0", "0", "0", "0", "0", "1", "0", "0", "0", "0", "0", "0", "0", "0", "0", "0", "0", "0", "0", "0", "0" ], "duration": 240.0, "sum": 1 }, "geometry": { "type": "Point", "coordinates": [ -122.382635001840526, 47.507141374205958 ] } },
{ "type": "Feature", "properties": { "lat": 47.507142822379272, "lon": -122.38232578455906, "time_of_day": "Late Night", "causation": [ "0", "0", "0", "0", "0", "0", "0", "0", "1", "0", "0", "0", "0", "0", "0", "0", "0", "0", "0", "0", "0", "0", "0", "0" ], "duration": 240.0, "sum": 1 }, "geometry": { "type": "Point", "coordinates": [ -122.382325784559058, 47.507142822379272 ] } },
{ "type": "Feature", "properties": { "lat": 47.50715145054432, "lon": -122.38458236334814, "time_of_day": "Late Night", "causation": [ "0", "0", "0", "0", "0", "0", "0", "0", "1", "0", "0", "0", "0", "0", "0", "0", "0", "0", "0", "0", "0", "0", "0", "0" ], "duration": 240.0, "sum": 1 }, "geometry": { "type": "Point", "coordinates": [ -122.384582363348144, 47.50715145054432 ] } },
{ "type": "Feature", "properties": { "lat": 47.507160835271357, "lon": -122.38326045462379, "time_of_day": "Late Night", "causation": [ "0", "0", "0", "0", "0", "0", "0", "0", "1", "0", "0", "0", "0", "0", "0", "0", "0", "0", "0", "0", "0", "0", "0", "0" ], "duration": 240.0, "sum": 1 }, "geometry": { "type": "Point", "coordinates": [ -122.383260454623795, 47.507160835271357 ] } },
{ "type": "Feature", "properties": { "lat": 47.507161886721455, "lon": -122.38208803186571, "time_of_day": "Late Night", "causation": [ "0", "0", "0", "0", "0", "0", "0", "0", "1", "0", "0", "0", "0", "0", "0", "0", "0", "0", "0", "0", "0", "0", "0", "0" ], "duration": 240.0, "sum": 1 }, "geometry": { "type": "Point", "coordinates": [ -122.382088031865706, 47.507161886721455 ] } },
{ "type": "Feature", "properties": { "lat": 47.507170968520256, "lon": -122.3835787576273, "time_of_day": "Late Night", "causation": [ "0", "0", "0", "0", "0", "0", "0", "0", "1", "0", "0", "0", "0", "0", "0", "0", "0", "0", "0", "0", "0", "0", "0", "0" ], "duration": 240.0, "sum": 1 }, "geometry": { "type": "Point", "coordinates": [ -122.383578757627305, 47.507170968520256 ] } },
{ "type": "Feature", "properties": { "lat": 47.507173793063551, "lon": -122.38299415218144, "time_of_day": "Late Night", "causation": [ "0", "0", "0", "0", "0", "0", "0", "0", "1", "0", "0", "0", "0", "0", "0", "0", "0", "0", "0", "0", "0", "0", "0", "0" ], "duration": 240.0, "sum": 1 }, "geometry": { "type": "Point", "coordinates": [ -122.382994152181439, 47.507173793063551 ] } },
{ "type": "Feature", "properties": { "lat": 47.507195405943925, "lon": -122.38482522806044, "time_of_day": "Late Night", "causation": [ "0", "0", "0", "0", "0", "0", "0", "0", "1", "0", "0", "0", "0", "0", "0", "0", "0", "0", "0", "0", "0", "0", "0", "0" ], "duration": 240.0, "sum": 1 }, "geometry": { "type": "Point", "coordinates": [ -122.384825228060436, 47.507195405943925 ] } },
{ "type": "Feature", "properties": { "lat": 47.507602179633842, "lon": -122.38280547162854, "time_of_day": "Late Night", "causation": [ "0", "0", "0", "0", "0", "0", "0", "0", "1", "0", "0", "0", "0", "0", "0", "0", "0", "0", "0", "0", "0", "0", "0", "0" ], "duration": 240.0, "sum": 1 }, "geometry": { "type": "Point", "coordinates": [ -122.382805471628544, 47.507602179633842 ] } },
{ "type": "Feature", "properties": { "lat": 47.507612616736203, "lon": -122.38258915194284, "time_of_day": "Late Night", "causation": [ "0", "0", "0", "0", "0", "0", "0", "0", "1", "0", "0", "0", "0", "0", "0", "0", "0", "0", "0", "0", "0", "0", "0", "0" ], "duration": 240.0, "sum": 1 }, "geometry": { "type": "Point", "coordinates": [ -122.382589151942838, 47.507612616736203 ] } },
{ "type": "Feature", "properties": { "lat": 47.507622046071489, "lon": -122.38350767109353, "time_of_day": "Late Night", "causation": [ "0", "0", "0", "0", "0", "0", "0", "0", "1", "0", "0", "0", "0", "0", "0", "0", "0", "0", "0", "0", "0", "0", "0", "0" ], "duration": 240.0, "sum": 1 }, "geometry": { "type": "Point", "coordinates": [ -122.383507671093525, 47.507622046071489 ] } },
{ "type": "Feature", "properties": { "lat": 47.507625774504753, "lon": -122.3839456149048, "time_of_day": "Late Night", "causation": [ "0", "0", "0", "0", "0", "0", "0", "0", "1", "0", "0", "0", "0", "0", "0", "0", "0", "0", "0", "0", "0", "0", "0", "0" ], "duration": 240.0, "sum": 1 }, "geometry": { "type": "Point", "coordinates": [ -122.383945614904803, 47.507625774504753 ] } },
{ "type": "Feature", "properties": { "lat": 47.507626827805822, "lon": -122.38117700817148, "time_of_day": "Late Night", "causation": [ "0", "0", "0", "0", "0", "0", "0", "0", "1", "0", "0", "0", "0", "0", "0", "0", "0", "0", "0", "0", "0", "0", "0", "0" ], "duration": 240.0, "sum": 1 }, "geometry": { "type": "Point", "coordinates": [ -122.381177008171477, 47.507626827805822 ] } },
{ "type": "Feature", "properties": { "lat": 47.507627781280007, "lon": -122.38416610867699, "time_of_day": "Late Night", "causation": [ "0", "0", "0", "0", "0", "0", "0", "0", "1", "0", "0", "0", "0", "0", "0", "0", "0", "0", "0", "0", "0", "0", "0", "0" ], "duration": 240.0, "sum": 1 }, "geometry": { "type": "Point", "coordinates": [ -122.384166108676993, 47.507627781280007 ] } },
{ "type": "Feature", "properties": { "lat": 47.507629334811341, "lon": -122.38459043086377, "time_of_day": "Late Night", "causation": [ "0", "0", "0", "0", "0", "0", "0", "0", "1", "0", "0", "0", "0", "0", "0", "0", "0", "0", "0", "0", "0", "0", "0", "0" ], "duration": 240.0, "sum": 1 }, "geometry": { "type": "Point", "coordinates": [ -122.384590430863767, 47.507629334811341 ] } },
{ "type": "Feature", "properties": { "lat": 47.507630790044509, "lon": -122.38372885078022, "time_of_day": "Late Night", "causation": [ "0", "0", "0", "0", "0", "0", "0", "0", "1", "0", "0", "0", "0", "0", "0", "0", "0", "0", "0", "0", "0", "0", "0", "0" ], "duration": 240.0, "sum": 1 }, "geometry": { "type": "Point", "coordinates": [ -122.383728850780216, 47.507630790044509 ] } },
{ "type": "Feature", "properties": { "lat": 47.507631473983011, "lon": -122.38439567720071, "time_of_day": "Late Night", "causation": [ "0", "0", "0", "0", "0", "0", "0", "0", "1", "0", "0", "0", "0", "0", "0", "0", "0", "0", "0", "0", "0", "0", "0", "0" ], "duration": 240.0, "sum": 1 }, "geometry": { "type": "Point", "coordinates": [ -122.384395677200715, 47.507631473983011 ] } },
{ "type": "Feature", "properties": { "lat": 47.507634039184957, "lon": -122.38327994498739, "time_of_day": "Late Night", "causation": [ "0", "0", "0", "0", "0", "0", "0", "0", "1", "0", "0", "0", "0", "0", "0", "0", "0", "0", "0", "0", "0", "0", "0", "0" ], "duration": 240.0, "sum": 1 }, "geometry": { "type": "Point", "coordinates": [ -122.383279944987393, 47.507634039184957 ] } },
{ "type": "Feature", "properties": { "lat": 47.507640971244349, "lon": -122.38237595454012, "time_of_day": "Late Night", "causation": [ "0", "0", "0", "0", "0", "0", "0", "0", "1", "0", "0", "0", "0", "0", "0", "0", "0", "0", "0", "0", "0", "0", "0", "0" ], "duration": 240.0, "sum": 1 }, "geometry": { "type": "Point", "coordinates": [ -122.382375954540123, 47.507640971244349 ] } },
{ "type": "Feature", "properties": { "lat": 47.507646890252481, "lon": -122.38303544969776, "time_of_day": "Late Night", "causation": [ "0", "0", "0", "0", "0", "0", "0", "0", "2", "0", "0", "0", "0", "0", "0", "0", "0", "0", "0", "0", "0", "0", "0", "0" ], "duration": 480.0, "sum": 2 }, "geometry": { "type": "Point", "coordinates": [ -122.383035449697758, 47.507646890252481 ] } },
{ "type": "Feature", "properties": { "lat": 47.507723317222734, "lon": -122.38184704381489, "time_of_day": "Late Night", "causation": [ "0", "0", "0", "0", "0", "0", "0", "0", "1", "0", "0", "0", "0", "0", "0", "0", "0", "0", "0", "0", "0", "0", "0", "0" ], "duration": 240.0, "sum": 1 }, "geometry": { "type": "Point", "coordinates": [ -122.381847043814886, 47.507723317222734 ] } },
{ "type": "Feature", "properties": { "lat": 47.507791457344872, "lon": -122.33617096379584, "time_of_day": "Late Night", "causation": [ "0", "0", "0", "0", "0", "0", "0", "0", "1", "0", "0", "0", "0", "0", "0", "0", "0", "0", "0", "0", "0", "0", "0", "0" ], "duration": 300.0, "sum": 1 }, "geometry": { "type": "Point", "coordinates": [ -122.336170963795837, 47.507791457344872 ] } },
{ "type": "Feature", "properties": { "lat": 47.50779634366566, "lon": -122.33546383622104, "time_of_day": "Late Night", "causation": [ "0", "0", "0", "0", "0", "0", "0", "0", "1", "0", "0", "0", "0", "0", "0", "0", "0", "0", "0", "0", "0", "0", "0", "0" ], "duration": 300.0, "sum": 1 }, "geometry": { "type": "Point", "coordinates": [ -122.335463836221038, 47.50779634366566 ] } },
{ "type": "Feature", "properties": { "lat": 47.507860197096186, "lon": -122.38118551483038, "time_of_day": "Late Night", "causation": [ "0", "0", "0", "0", "0", "0", "0", "0", "1", "0", "0", "0", "0", "0", "0", "0", "0", "0", "0", "0", "0", "0", "0", "0" ], "duration": 240.0, "sum": 1 }, "geometry": { "type": "Point", "coordinates": [ -122.381185514830378, 47.507860197096186 ] } },
{ "type": "Feature", "properties": { "lat": 47.507876618045941, "lon": -122.38184552668638, "time_of_day": "Late Night", "causation": [ "0", "0", "0", "0", "0", "0", "0", "0", "1", "0", "0", "0", "0", "0", "0", "0", "0", "0", "0", "0", "0", "0", "0", "0" ], "duration": 240.0, "sum": 1 }, "geometry": { "type": "Point", "coordinates": [ -122.381845526686377, 47.507876618045941 ] } },
{ "type": "Feature", "properties": { "lat": 47.50793941537701, "lon": -122.33616482824604, "time_of_day": "Late Night", "causation": [ "0", "0", "0", "0", "0", "0", "0", "0", "1", "0", "0", "0", "0", "0", "0", "0", "0", "0", "0", "0", "0", "0", "0", "0" ], "duration": 300.0, "sum": 1 }, "geometry": { "type": "Point", "coordinates": [ -122.336164828246041, 47.50793941537701 ] } },
{ "type": "Feature", "properties": { "lat": 47.5079803368981, "lon": -122.35423353082818, "time_of_day": "Late Night", "causation": [ "0", "1", "0", "0", "0", "0", "0", "0", "0", "0", "0", "0", "0", "0", "0", "0", "0", "0", "0", "0", "0", "0", "0", "0" ], "duration": 1214.0, "sum": 1 }, "geometry": { "type": "Point", "coordinates": [ -122.354233530828182, 47.5079803368981 ] } },
{ "type": "Feature", "properties": { "lat": 47.50800005959001, "lon": -122.3355686919693, "time_of_day": "Late Night", "causation": [ "0", "0", "0", "0", "0", "0", "0", "0", "1", "0", "0", "0", "0", "0", "0", "0", "0", "0", "0", "0", "0", "0", "0", "0" ], "duration": 300.0, "sum": 1 }, "geometry": { "type": "Point", "coordinates": [ -122.3355686919693, 47.50800005959001 ] } },
{ "type": "Feature", "properties": { "lat": 47.508046794304185, "lon": -122.38183107499739, "time_of_day": "Late Night", "causation": [ "0", "0", "0", "0", "0", "0", "0", "0", "1", "0", "0", "0", "0", "0", "0", "0", "0", "0", "0", "0", "0", "0", "0", "0" ], "duration": 240.0, "sum": 1 }, "geometry": { "type": "Point", "coordinates": [ -122.381831074997393, 47.508046794304185 ] } },
{ "type": "Feature", "properties": { "lat": 47.516044977674241, "lon": -122.35538319896786, "time_of_day": "Morning", "causation": [ "0", "0", "0", "0", "0", "0", "0", "0", "1", "0", "0", "0", "0", "0", "0", "0", "0", "0", "0", "0", "0", "0", "0", "0" ], "duration": 1660.0, "sum": 1 }, "geometry": { "type": "Point", "coordinates": [ -122.355383198967857, 47.516044977674241 ] } },
{ "type": "Feature", "properties": { "lat": 47.516050562937295, "lon": -122.35578483493212, "time_of_day": "Morning", "causation": [ "0", "0", "0", "0", "0", "0", "0", "0", "2", "0", "0", "0", "0", "0", "0", "0", "0", "0", "0", "0", "0", "0", "0", "0" ], "duration": 3320.0, "sum": 2 }, "geometry": { "type": "Point", "coordinates": [ -122.355784834932123, 47.516050562937295 ] } },
{ "type": "Feature", "properties": { "lat": 47.516425744143966, "lon": -122.35541123544787, "time_of_day": "Morning", "causation": [ "0", "0", "0", "0", "0", "0", "0", "0", "2", "0", "0", "0", "0", "0", "0", "0", "0", "0", "0", "0", "0", "0", "0", "0" ], "duration": 3320.0, "sum": 2 }, "geometry": { "type": "Point", "coordinates": [ -122.355411235447875, 47.516425744143966 ] } },
{ "type": "Feature", "properties": { "lat": 47.516539647222963, "lon": -122.34817102938248, "time_of_day": "Morning", "causation": [ "0", "0", "0", "0", "0", "0", "0", "0", "1", "0", "0", "0", "0", "0", "0", "0", "0", "0", "0", "0", "0", "0", "0", "0" ], "duration": 1660.0, "sum": 1 }, "geometry": { "type": "Point", "coordinates": [ -122.348171029382485, 47.516539647222963 ] } },
{ "type": "Feature", "properties": { "lat": 47.516546102756486, "lon": -122.3568849828619, "time_of_day": "Morning", "causation": [ "0", "0", "0", "0", "0", "0", "0", "0", "2", "0", "0", "0", "0", "0", "0", "0", "0", "0", "0", "0", "0", "0", "0", "0" ], "duration": 3320.0, "sum": 2 }, "geometry": { "type": "Point", "coordinates": [ -122.356884982861899, 47.516546102756486 ] } },
{ "type": "Feature", "properties": { "lat": 47.516572229468615, "lon": -122.35543324095484, "time_of_day": "Morning", "causation": [ "0", "0", "0", "0", "0", "0", "0", "0", "1", "0", "0", "0", "0", "0", "0", "0", "0", "0", "0", "0", "0", "0", "0", "0" ], "duration": 1660.0, "sum": 1 }, "geometry": { "type": "Point", "coordinates": [ -122.355433240954838, 47.516572229468615 ] } },
{ "type": "Feature", "properties": { "lat": 47.516622653617361, "lon": -122.34903795794646, "time_of_day": "Morning", "causation": [ "0", "0", "0", "0", "0", "0", "0", "0", "2", "0", "0", "0", "0", "0", "0", "0", "0", "0", "0", "0", "0", "0", "0", "0" ], "duration": 3320.0, "sum": 2 }, "geometry": { "type": "Point", "coordinates": [ -122.349037957946464, 47.516622653617361 ] } },
{ "type": "Feature", "properties": { "lat": 47.516633714520033, "lon": -122.35623244592961, "time_of_day": "Morning", "causation": [ "0", "0", "0", "0", "0", "0", "0", "0", "1", "0", "0", "0", "0", "0", "0", "0", "0", "0", "0", "0", "0", "0", "0", "0" ], "duration": 1660.0, "sum": 1 }, "geometry": { "type": "Point", "coordinates": [ -122.356232445929606, 47.516633714520033 ] } },
{ "type": "Feature", "properties": { "lat": 47.516670290391843, "lon": -122.34819263512328, "time_of_day": "Morning", "causation": [ "0", "0", "0", "0", "0", "0", "0", "0", "1", "0", "0", "0", "0", "0", "0", "0", "0", "0", "0", "0", "0", "0", "0", "0" ], "duration": 1660.0, "sum": 1 }, "geometry": { "type": "Point", "coordinates": [ -122.348192635123283, 47.516670290391843 ] } },
{ "type": "Feature", "properties": { "lat": 47.516777241553399, "lon": -122.34882481539256, "time_of_day": "Morning", "causation": [ "0", "0", "0", "0", "0", "0", "0", "0", "1", "0", "0", "0", "0", "0", "0", "0", "0", "0", "0", "0", "0", "0", "0", "0" ], "duration": 1660.0, "sum": 1 }, "geometry": { "type": "Point", "coordinates": [ -122.348824815392561, 47.516777241553399 ] } },
{ "type": "Feature", "properties": { "lat": 47.51680070130412, "lon": -122.3482851070744, "time_of_day": "Morning", "causation": [ "0", "0", "0", "0", "0", "0", "0", "0", "1", "0", "0", "0", "0", "0", "0", "0", "0", "0", "0", "0", "0", "0", "0", "0" ], "duration": 1660.0, "sum": 1 }, "geometry": { "type": "Point", "coordinates": [ -122.348285107074403, 47.51680070130412 ] } },
{ "type": "Feature", "properties": { "lat": 47.516880143800641, "lon": -122.34887046844401, "time_of_day": "Morning", "causation": [ "0", "0", "0", "0", "0", "0", "0", "0", "1", "0", "0", "0", "0", "0", "0", "0", "0", "0", "0", "0", "0", "0", "0", "0" ], "duration": 1660.0, "sum": 1 }, "geometry": { "type": "Point", "coordinates": [ -122.348870468444005, 47.516880143800641 ] } },
{ "type": "Feature", "properties": { "lat": 47.516976047159517, "lon": -122.35540876591121, "time_of_day": "Morning", "causation": [ "0", "0", "0", "0", "0", "0", "0", "0", "1", "0", "0", "0", "0", "0", "0", "0", "0", "0", "0", "0", "0", "0", "0", "0" ], "duration": 1660.0, "sum": 1 }, "geometry": { "type": "Point", "coordinates": [ -122.355408765911207, 47.516976047159517 ] } },
{ "type": "Feature", "properties": { "lat": 47.516996064496425, "lon": -122.3487994441646, "time_of_day": "Morning", "causation": [ "0", "0", "0", "0", "0", "0", "0", "0", "1", "0", "0", "0", "0", "0", "0", "0", "0", "0", "0", "0", "0", "0", "0", "0" ], "duration": 1660.0, "sum": 1 }, "geometry": { "type": "Point", "coordinates": [ -122.348799444164598, 47.516996064496425 ] } },
{ "type": "Feature", "properties": { "lat": 47.516999520985415, "lon": -122.34820527895234, "time_of_day": "Morning", "causation": [ "0", "0", "0", "0", "0", "0", "0", "0", "1", "0", "0", "0", "0", "0", "0", "0", "0", "0", "0", "0", "0", "0", "0", "0" ], "duration": 1660.0, "sum": 1 }, "geometry": { "type": "Point", "coordinates": [ -122.348205278952335, 47.516999520985415 ] } },
{ "type": "Feature", "properties": { "lat": 47.517095841978801, "lon": -122.3554602682989, "time_of_day": "Morning", "causation": [ "0", "0", "0", "0", "0", "0", "0", "0", "2", "0", "0", "0", "0", "0", "0", "0", "0", "0", "0", "0", "0", "0", "0", "0" ], "duration": 3320.0, "sum": 2 }, "geometry": { "type": "Point", "coordinates": [ -122.355460268298899, 47.517095841978801 ] } },
{ "type": "Feature", "properties": { "lat": 47.517120086599043, "lon": -122.3489987507521, "time_of_day": "Morning", "causation": [ "0", "0", "0", "0", "0", "0", "0", "0", "1", "0", "0", "0", "0", "0", "0", "0", "0", "0", "0", "0", "0", "0", "0", "0" ], "duration": 1660.0, "sum": 1 }, "geometry": { "type": "Point", "coordinates": [ -122.348998750752102, 47.517120086599043 ] } },
{ "type": "Feature", "properties": { "lat": 47.51713011171708, "lon": -122.35600073280111, "time_of_day": "Morning", "causation": [ "0", "0", "0", "0", "0", "0", "0", "0", "4", "0", "0", "0", "0", "0", "0", "0", "0", "0", "0", "0", "0", "0", "0", "0" ], "duration": 6640.0, "sum": 4 }, "geometry": { "type": "Point", "coordinates": [ -122.356000732801107, 47.51713011171708 ] } },
{ "type": "Feature", "properties": { "lat": 47.517166729254001, "lon": -122.3573942178226, "time_of_day": "Morning", "causation": [ "0", "0", "0", "0", "0", "0", "0", "0", "2", "0", "0", "0", "0", "0", "0", "0", "0", "0", "0", "0", "0", "0", "0", "0" ], "duration": 3320.0, "sum": 2 }, "geometry": { "type": "Point", "coordinates": [ -122.357394217822602, 47.517166729254001 ] } },
{ "type": "Feature", "properties": { "lat": 47.517191162292015, "lon": -122.34834024984984, "time_of_day": "Morning", "causation": [ "0", "0", "0", "0", "0", "0", "0", "0", "1", "0", "0", "0", "0", "0", "0", "0", "0", "0", "0", "0", "0", "0", "0", "0" ], "duration": 1660.0, "sum": 1 }, "geometry": { "type": "Point", "coordinates": [ -122.348340249849841, 47.517191162292015 ] } },
{ "type": "Feature", "properties": { "lat": 47.517215563748401, "lon": -122.35770897081169, "time_of_day": "Late Night", "causation": [ "0", "0", "0", "0", "0", "0", "0", "0", "2", "0", "0", "0", "0", "0", "0", "0", "0", "0", "0", "0", "0", "0", "0", "0" ], "duration": 176.0, "sum": 2 }, "geometry": { "type": "Point", "coordinates": [ -122.357708970811686, 47.517215563748401 ] } },
{ "type": "Feature", "properties": { "lat": 47.517215563748401, "lon": -122.35770897081169, "time_of_day": "Morning", "causation": [ "0", "0", "0", "0", "0", "0", "0", "0", "2", "0", "0", "0", "0", "0", "0", "0", "0", "0", "0", "0", "0", "0", "0", "0" ], "duration": 0.0, "sum": 2 }, "geometry": { "type": "Point", "coordinates": [ -122.357708970811686, 47.517215563748401 ] } },
{ "type": "Feature", "properties": { "lat": 47.517223444446188, "lon": -122.35549382517216, "time_of_day": "Morning", "causation": [ "0", "0", "0", "0", "0", "0", "0", "0", "4", "0", "0", "0", "0", "0", "0", "0", "0", "0", "0", "0", "0", "0", "0", "0" ], "duration": 6640.0, "sum": 4 }, "geometry": { "type": "Point", "coordinates": [ -122.355493825172161, 47.517223444446188 ] } },
{ "type": "Feature", "properties": { "lat": 47.517240356023102, "lon": -122.35569976334848, "time_of_day": "Morning", "causation": [ "0", "0", "0", "0", "0", "0", "0", "0", "1", "0", "0", "0", "0", "0", "0", "0", "0", "0", "0", "0", "0", "0", "0", "0" ], "duration": 1660.0, "sum": 1 }, "geometry": { "type": "Point", "coordinates": [ -122.355699763348483, 47.517240356023102 ] } },
{ "type": "Feature", "properties": { "lat": 47.51745354357427, "lon": -122.3573523684922, "time_of_day": "Late Night", "causation": [ "0", "0", "0", "0", "0", "0", "0", "0", "1", "0", "0", "0", "0", "0", "0", "0", "0", "0", "0", "0", "0", "0", "0", "0" ], "duration": 88.0, "sum": 1 }, "geometry": { "type": "Point", "coordinates": [ -122.357352368492201, 47.51745354357427 ] } },
{ "type": "Feature", "properties": { "lat": 47.51745354357427, "lon": -122.3573523684922, "time_of_day": "Morning", "causation": [ "0", "0", "0", "0", "0", "0", "0", "0", "1", "0", "0", "0", "0", "0", "0", "0", "0", "0", "0", "0", "0", "0", "0", "0" ], "duration": 0.0, "sum": 1 }, "geometry": { "type": "Point", "coordinates": [ -122.357352368492201, 47.51745354357427 ] } },
{ "type": "Feature", "properties": { "lat": 47.517486186556738, "lon": -122.3510369291384, "time_of_day": "Morning", "causation": [ "0", "0", "0", "0", "0", "0", "0", "0", "1", "0", "0", "0", "0", "0", "0", "0", "0", "0", "0", "0", "0", "0", "0", "0" ], "duration": 1660.0, "sum": 1 }, "geometry": { "type": "Point", "coordinates": [ -122.351036929138402, 47.517486186556738 ] } },
{ "type": "Feature", "properties": { "lat": 47.517491898418513, "lon": -122.35754401573902, "time_of_day": "Late Night", "causation": [ "0", "0", "0", "0", "0", "0", "0", "0", "1", "0", "0", "0", "0", "0", "0", "0", "0", "0", "0", "0", "0", "0", "0", "0" ], "duration": 88.0, "sum": 1 }, "geometry": { "type": "Point", "coordinates": [ -122.357544015739023, 47.517491898418513 ] } },
{ "type": "Feature", "properties": { "lat": 47.517491898418513, "lon": -122.35754401573902, "time_of_day": "Morning", "causation": [ "0", "0", "0", "0", "0", "0", "0", "0", "1", "0", "0", "0", "0", "0", "0", "0", "0", "0", "0", "0", "0", "0", "0", "0" ], "duration": 0.0, "sum": 1 }, "geometry": { "type": "Point", "coordinates": [ -122.357544015739023, 47.517491898418513 ] } },
{ "type": "Feature", "properties": { "lat": 47.517528847249579, "lon": -122.34899408128992, "time_of_day": "Morning", "causation": [ "0", "0", "0", "0", "0", "0", "0", "0", "1", "0", "0", "0", "0", "0", "0", "0", "0", "0", "0", "0", "0", "0", "0", "0" ], "duration": 1660.0, "sum": 1 }, "geometry": { "type": "Point", "coordinates": [ -122.348994081289916, 47.517528847249579 ] } },
{ "type": "Feature", "properties": { "lat": 47.517552944819819, "lon": -122.35263339481016, "time_of_day": "Morning", "causation": [ "0", "0", "0", "0", "0", "0", "0", "0", "1", "0", "0", "0", "0", "0", "0", "0", "0", "0", "0", "0", "0", "0", "0", "0" ], "duration": 1660.0, "sum": 1 }, "geometry": { "type": "Point", "coordinates": [ -122.352633394810155, 47.517552944819819 ] } },
{ "type": "Feature", "properties": { "lat": 47.517560972820277, "lon": -122.3433540076024, "time_of_day": "Morning", "causation": [ "0", "0", "0", "0", "0", "0", "0", "0", "1", "0", "0", "0", "0", "0", "0", "0", "0", "0", "0", "0", "0", "0", "0", "0" ], "duration": 1660.0, "sum": 1 }, "geometry": { "type": "Point", "coordinates": [ -122.3433540076024, 47.517560972820277 ] } },
{ "type": "Feature", "properties": { "lat": 47.517575361732497, "lon": -122.35692811946484, "time_of_day": "Late Night", "causation": [ "0", "0", "0", "0", "0", "0", "0", "0", "1", "0", "0", "0", "0", "0", "0", "0", "0", "0", "0", "0", "0", "0", "0", "0" ], "duration": 88.0, "sum": 1 }, "geometry": { "type": "Point", "coordinates": [ -122.35692811946484, 47.517575361732497 ] } },
{ "type": "Feature", "properties": { "lat": 47.517575361732497, "lon": -122.35692811946484, "time_of_day": "Morning", "causation": [ "0", "0", "0", "0", "0", "0", "0", "0", "1", "0", "0", "0", "0", "0", "0", "0", "0", "0", "0", "0", "0", "0", "0", "0" ], "duration": 0.0, "sum": 1 }, "geometry": { "type": "Point", "coordinates": [ -122.35692811946484, 47.517575361732497 ] } },
{ "type": "Feature", "properties": { "lat": 47.52290365432976, "lon": -122.27078771019936, "time_of_day": "Afternoon", "causation": [ "0", "0", "0", "0", "0", "0", "0", "0", "1", "0", "0", "0", "0", "0", "0", "0", "0", "0", "0", "0", "0", "0", "0", "0" ], "duration": 346.0, "sum": 1 }, "geometry": { "type": "Point", "coordinates": [ -122.270787710199357, 47.52290365432976 ] } },
{ "type": "Feature", "properties": { "lat": 47.542080621237169, "lon": -122.37083073757478, "time_of_day": "Morning", "causation": [ "0", "0", "0", "0", "0", "0", "0", "0", "0", "0", "0", "0", "0", "0", "0", "0", "0", "0", "1", "0", "0", "0", "0", "0" ], "duration": 443.0, "sum": 1 }, "geometry": { "type": "Point", "coordinates": [ -122.370830737574778, 47.542080621237169 ] } },
{ "type": "Feature", "properties": { "lat": 47.542628755486028, "lon": -122.27325047480124, "time_of_day": "Morning", "causation": [ "0", "0", "0", "0", "0", "0", "0", "0", "0", "0", "0", "0", "0", "0", "0", "0", "0", "0", "21", "0", "0", "0", "0", "0" ], "duration": 3843.0, "sum": 21 }, "geometry": { "type": "Point", "coordinates": [ -122.273250474801245, 47.542628755486028 ] } },
{ "type": "Feature", "properties": { "lat": 47.543032574587293, "lon": -122.27419083931566, "time_of_day": "Morning", "causation": [ "0", "0", "0", "0", "0", "0", "0", "0", "0", "0", "0", "0", "0", "0", "0", "0", "0", "0", "5", "0", "0", "0", "0", "0" ], "duration": 915.0, "sum": 5 }, "geometry": { "type": "Point", "coordinates": [ -122.274190839315665, 47.543032574587293 ] } },
{ "type": "Feature", "properties": { "lat": 47.54307339949581, "lon": -122.3960931108969, "time_of_day": "Morning", "causation": [ "0", "0", "0", "0", "0", "0", "0", "0", "0", "0", "0", "0", "0", "0", "0", "0", "0", "1", "0", "0", "0", "0", "0", "0" ], "duration": 16.0, "sum": 1 }, "geometry": { "type": "Point", "coordinates": [ -122.396093110896899, 47.54307339949581 ] } },
{ "type": "Feature", "properties": { "lat": 47.543244147947433, "lon": -122.3975001470682, "time_of_day": "Morning", "causation": [ "0", "0", "0", "0", "0", "0", "0", "0", "0", "0", "0", "0", "0", "0", "0", "0", "0", "1", "0", "0", "0", "0", "0", "0" ], "duration": 16.0, "sum": 1 }, "geometry": { "type": "Point", "coordinates": [ -122.3975001470682, 47.543244147947433 ] } },
{ "type": "Feature", "properties": { "lat": 47.543256118512829, "lon": -122.39719819850824, "time_of_day": "Morning", "causation": [ "0", "0", "0", "0", "0", "0", "0", "0", "0", "0", "0", "0", "0", "0", "0", "0", "0", "1", "0", "0", "0", "0", "0", "0" ], "duration": 16.0, "sum": 1 }, "geometry": { "type": "Point", "coordinates": [ -122.397198198508235, 47.543256118512829 ] } },
{ "type": "Feature", "properties": { "lat": 47.543304004135443, "lon": -122.39622487931194, "time_of_day": "Morning", "causation": [ "0", "0", "0", "0", "0", "0", "0", "0", "0", "0", "0", "0", "0", "0", "0", "0", "0", "1", "0", "0", "0", "0", "0", "0" ], "duration": 16.0, "sum": 1 }, "geometry": { "type": "Point", "coordinates": [ -122.396224879311944, 47.543304004135443 ] } },
{ "type": "Feature", "properties": { "lat": 47.543431450336548, "lon": -122.39750269251348, "time_of_day": "Morning", "causation": [ "0", "0", "0", "0", "0", "0", "0", "0", "0", "0", "0", "0", "0", "0", "0", "0", "0", "1", "0", "0", "0", "0", "0", "0" ], "duration": 16.0, "sum": 1 }, "geometry": { "type": "Point", "coordinates": [ -122.397502692513484, 47.543431450336548 ] } },
{ "type": "Feature", "properties": { "lat": 47.543464915134045, "lon": -122.3972767527238, "time_of_day": "Morning", "causation": [ "0", "0", "0", "0", "0", "0", "0", "0", "0", "0", "0", "0", "0", "0", "0", "0", "0", "1", "0", "0", "0", "0", "0", "0" ], "duration": 16.0, "sum": 1 }, "geometry": { "type": "Point", "coordinates": [ -122.397276752723798, 47.543464915134045 ] } },
{ "type": "Feature", "properties": { "lat": 47.543489606119394, "lon": -122.39784755651698, "time_of_day": "Morning", "causation": [ "0", "0", "0", "0", "0", "0", "0", "0", "0", "0", "0", "0", "0", "0", "0", "0", "0", "1", "0", "0", "0", "0", "0", "0" ], "duration": 16.0, "sum": 1 }, "geometry": { "type": "Point", "coordinates": [ -122.397847556516979, 47.543489606119394 ] } },
{ "type": "Feature", "properties": { "lat": 47.543576695815091, "lon": -122.39645858693284, "time_of_day": "Morning", "causation": [ "0", "0", "0", "0", "0", "0", "0", "0", "0", "0", "0", "0", "0", "0", "0", "0", "0", "1", "0", "0", "0", "0", "0", "0" ], "duration": 16.0, "sum": 1 }, "geometry": { "type": "Point", "coordinates": [ -122.396458586932837, 47.543576695815091 ] } },
{ "type": "Feature", "properties": { "lat": 47.543692239534138, "lon": -122.3974215904752, "time_of_day": "Morning", "causation": [ "0", "0", "0", "0", "0", "0", "0", "0", "0", "0", "0", "0", "0", "0", "0", "0", "0", "1", "0", "0", "0", "0", "0", "0" ], "duration": 16.0, "sum": 1 }, "geometry": { "type": "Point", "coordinates": [ -122.397421590475204, 47.543692239534138 ] } },
{ "type": "Feature", "properties": { "lat": 47.543828052642738, "lon": -122.39781772067282, "time_of_day": "Morning", "causation": [ "0", "0", "0", "0", "0", "0", "0", "0", "0", "0", "0", "0", "0", "0", "0", "0", "0", "1", "0", "0", "0", "0", "0", "0" ], "duration": 16.0, "sum": 1 }, "geometry": { "type": "Point", "coordinates": [ -122.397817720672819, 47.543828052642738 ] } },
{ "type": "Feature", "properties": { "lat": 47.543934444552633, "lon": -122.39657076579763, "time_of_day": "Morning", "causation": [ "0", "0", "0", "0", "0", "0", "0", "0", "0", "0", "0", "0", "0", "0", "0", "0", "0", "1", "0", "0", "0", "0", "0", "0" ], "duration": 16.0, "sum": 1 }, "geometry": { "type": "Point", "coordinates": [ -122.396570765797634, 47.543934444552633 ] } },
{ "type": "Feature", "properties": { "lat": 47.544005934730677, "lon": -122.3978650781517, "time_of_day": "Morning", "causation": [ "0", "0", "0", "0", "0", "0", "0", "0", "0", "0", "0", "0", "0", "0", "0", "0", "0", "2", "0", "0", "0", "0", "0", "0" ], "duration": 32.0, "sum": 2 }, "geometry": { "type": "Point", "coordinates": [ -122.397865078151696, 47.544005934730677 ] } },
{ "type": "Feature", "properties": { "lat": 47.544143816200965, "lon": -122.39811869888636, "time_of_day": "Morning", "causation": [ "0", "0", "0", "0", "0", "0", "0", "0", "0", "0", "0", "0", "0", "0", "0", "0", "0", "3", "0", "0", "0", "0", "0", "0" ], "duration": 48.0, "sum": 3 }, "geometry": { "type": "Point", "coordinates": [ -122.398118698886364, 47.544143816200965 ] } },
{ "type": "Feature", "properties": { "lat": 47.544176864147971, "lon": -122.39644954121164, "time_of_day": "Morning", "causation": [ "0", "0", "0", "0", "0", "0", "0", "0", "0", "0", "0", "0", "0", "0", "0", "0", "0", "1", "0", "0", "0", "0", "0", "0" ], "duration": 16.0, "sum": 1 }, "geometry": { "type": "Point", "coordinates": [ -122.396449541211638, 47.544176864147971 ] } },
{ "type": "Feature", "properties": { "lat": 47.544241371273074, "lon": -122.39793782701956, "time_of_day": "Morning", "causation": [ "0", "0", "0", "0", "0", "0", "0", "0", "0", "0", "0", "0", "0", "0", "0", "0", "0", "2", "0", "0", "0", "0", "0", "0" ], "duration": 32.0, "sum": 2 }, "geometry": { "type": "Point", "coordinates": [ -122.397937827019561, 47.544241371273074 ] } },
{ "type": "Feature", "properties": { "lat": 47.544385510614966, "lon": -122.39710752869836, "time_of_day": "Morning", "causation": [ "0", "0", "0", "0", "0", "0", "0", "0", "0", "0", "0", "0", "0", "0", "0", "0", "0", "1", "0", "0", "0", "0", "0", "0" ], "duration": 16.0, "sum": 1 }, "geometry": { "type": "Point", "coordinates": [ -122.397107528698356, 47.544385510614966 ] } },
{ "type": "Feature", "properties": { "lat": 47.544445604690701, "lon": -122.39844185459302, "time_of_day": "Morning", "causation": [ "0", "0", "0", "0", "0", "0", "0", "0", "0", "0", "0", "0", "0", "0", "0", "0", "0", "2", "0", "0", "0", "0", "0", "0" ], "duration": 32.0, "sum": 2 }, "geometry": { "type": "Point", "coordinates": [ -122.398441854593017, 47.544445604690701 ] } },
{ "type": "Feature", "properties": { "lat": 47.544577048357652, "lon": -122.39847848495052, "time_of_day": "Morning", "causation": [ "0", "0", "0", "0", "0", "0", "0", "0", "0", "0", "0", "0", "0", "0", "0", "0", "0", "1", "0", "0", "0", "0", "0", "0" ], "duration": 16.0, "sum": 1 }, "geometry": { "type": "Point", "coordinates": [ -122.398478484950516, 47.544577048357652 ] } },
{ "type": "Feature", "properties": { "lat": 47.544672259810561, "lon": -122.39855160897508, "time_of_day": "Morning", "causation": [ "0", "0", "0", "0", "0", "0", "0", "0", "0", "0", "0", "0", "0", "0", "0", "0", "0", "1", "0", "0", "0", "0", "0", "0" ], "duration": 16.0, "sum": 1 }, "geometry": { "type": "Point", "coordinates": [ -122.398551608975083, 47.544672259810561 ] } },
{ "type": "Feature", "properties": { "lat": 47.54935578773717, "lon": -122.33184862819714, "time_of_day": "Morning", "causation": [ "0", "0", "0", "0", "0", "0", "0", "0", "0", "0", "0", "0", "0", "0", "0", "0", "0", "0", "1", "0", "0", "0", "0", "0" ], "duration": 461.0, "sum": 1 }, "geometry": { "type": "Point", "coordinates": [ -122.331848628197136, 47.54935578773717 ] } },
{ "type": "Feature", "properties": { "lat": 47.569866974156312, "lon": -122.34897410434904, "time_of_day": "Late Night", "causation": [ "0", "0", "0", "0", "0", "0", "0", "0", "13", "0", "0", "0", "0", "0", "0", "0", "0", "0", "0", "0", "0", "0", "0", "0" ], "duration": 4992.0, "sum": 13 }, "geometry": { "type": "Point", "coordinates": [ -122.34897410434904, 47.569866974156312 ] } },
{ "type": "Feature", "properties": { "lat": 47.570497701682903, "lon": -122.34858374294568, "time_of_day": "Late Night", "causation": [ "0", "0", "0", "0", "0", "0", "0", "0", "11", "0", "0", "0", "0", "0", "0", "0", "0", "0", "0", "0", "0", "0", "0", "0" ], "duration": 4224.0, "sum": 11 }, "geometry": { "type": "Point", "coordinates": [ -122.348583742945678, 47.570497701682903 ] } },
{ "type": "Feature", "properties": { "lat": 47.580516130428443, "lon": -122.38621593717455, "time_of_day": "Morning", "causation": [ "0", "0", "0", "0", "0", "0", "0", "0", "7", "0", "0", "0", "0", "0", "0", "0", "0", "0", "0", "0", "0", "0", "0", "0" ], "duration": 3304.0, "sum": 7 }, "geometry": { "type": "Point", "coordinates": [ -122.386215937174555, 47.580516130428443 ] } },
{ "type": "Feature", "properties": { "lat": 47.592036235150204, "lon": -122.30701761259851, "time_of_day": "Morning", "causation": [ "0", "0", "0", "0", "0", "0", "0", "0", "0", "0", "0", "0", "0", "0", "0", "0", "0", "0", "1", "0", "0", "0", "0", "0" ], "duration": 452.0, "sum": 1 }, "geometry": { "type": "Point", "coordinates": [ -122.307017612598514, 47.592036235150204 ] } },
{ "type": "Feature", "properties": { "lat": 47.59211233571331, "lon": -122.30705407084714, "time_of_day": "Morning", "causation": [ "0", "0", "0", "0", "0", "0", "0", "0", "0", "0", "0", "0", "0", "0", "0", "0", "0", "0", "1", "0", "0", "0", "0", "0" ], "duration": 452.0, "sum": 1 }, "geometry": { "type": "Point", "coordinates": [ -122.307054070847144, 47.59211233571331 ] } },
{ "type": "Feature", "properties": { "lat": 47.59219401650244, "lon": -122.30711628431509, "time_of_day": "Morning", "causation": [ "0", "0", "0", "0", "0", "0", "0", "0", "0", "0", "0", "0", "0", "0", "0", "0", "0", "0", "1", "0", "0", "0", "0", "0" ], "duration": 452.0, "sum": 1 }, "geometry": { "type": "Point", "coordinates": [ -122.307116284315086, 47.59219401650244 ] } },
{ "type": "Feature", "properties": { "lat": 47.592312020200538, "lon": -122.3070989449896, "time_of_day": "Morning", "causation": [ "0", "0", "0", "0", "0", "0", "0", "0", "0", "0", "0", "0", "0", "0", "0", "0", "0", "0", "1", "0", "0", "0", "0", "0" ], "duration": 452.0, "sum": 1 }, "geometry": { "type": "Point", "coordinates": [ -122.307098944989605, 47.592312020200538 ] } },
{ "type": "Feature", "properties": { "lat": 47.592409552778207, "lon": -122.30717304629732, "time_of_day": "Morning", "causation": [ "0", "0", "0", "0", "0", "0", "0", "0", "0", "0", "0", "0", "0", "0", "0", "0", "0", "0", "1", "0", "0", "0", "0", "0" ], "duration": 452.0, "sum": 1 }, "geometry": { "type": "Point", "coordinates": [ -122.307173046297322, 47.592409552778207 ] } },
{ "type": "Feature", "properties": { "lat": 47.59242436022538, "lon": -122.30686477468802, "time_of_day": "Morning", "causation": [ "0", "0", "0", "0", "0", "0", "0", "0", "0", "0", "0", "0", "0", "0", "0", "0", "0", "0", "1", "0", "0", "0", "0", "0" ], "duration": 452.0, "sum": 1 }, "geometry": { "type": "Point", "coordinates": [ -122.306864774688023, 47.59242436022538 ] } },
{ "type": "Feature", "properties": { "lat": 47.592484931502781, "lon": -122.30730757298966, "time_of_day": "Morning", "causation": [ "0", "0", "0", "0", "0", "0", "0", "0", "0", "0", "0", "0", "0", "0", "0", "0", "0", "0", "1", "0", "0", "0", "0", "0" ], "duration": 452.0, "sum": 1 }, "geometry": { "type": "Point", "coordinates": [ -122.307307572989657, 47.592484931502781 ] } },
{ "type": "Feature", "properties": { "lat": 47.592507636904976, "lon": -122.30691526636414, "time_of_day": "Morning", "causation": [ "0", "0", "0", "0", "0", "0", "0", "0", "0", "0", "0", "0", "0", "0", "0", "0", "0", "0", "1", "0", "0", "0", "0", "0" ], "duration": 452.0, "sum": 1 }, "geometry": { "type": "Point", "coordinates": [ -122.306915266364143, 47.592507636904976 ] } },
{ "type": "Feature", "properties": { "lat": 47.592565195988762, "lon": -122.30741097851669, "time_of_day": "Morning", "causation": [ "0", "0", "0", "0", "0", "0", "0", "0", "0", "0", "0", "0", "0", "0", "0", "0", "0", "0", "1", "0", "0", "0", "0", "0" ], "duration": 452.0, "sum": 1 }, "geometry": { "type": "Point", "coordinates": [ -122.307410978516685, 47.592565195988762 ] } },
{ "type": "Feature", "properties": { "lat": 47.592582720451048, "lon": -122.306973126401, "time_of_day": "Morning", "causation": [ "0", "0", "0", "0", "0", "0", "0", "0", "0", "0", "0", "0", "0", "0", "0", "0", "0", "0", "1", "0", "0", "0", "0", "0" ], "duration": 452.0, "sum": 1 }, "geometry": { "type": "Point", "coordinates": [ -122.306973126401004, 47.592582720451048 ] } },
{ "type": "Feature", "properties": { "lat": 47.592655289472177, "lon": -122.30701672844479, "time_of_day": "Morning", "causation": [ "0", "0", "0", "0", "0", "0", "0", "0", "0", "0", "0", "0", "0", "0", "0", "0", "0", "0", "1", "0", "0", "0", "0", "0" ], "duration": 452.0, "sum": 1 }, "geometry": { "type": "Point", "coordinates": [ -122.307016728444793, 47.592655289472177 ] } },
{ "type": "Feature", "properties": { "lat": 47.592706041959929, "lon": -122.30739378397892, "time_of_day": "Morning", "causation": [ "0", "0", "0", "0", "0", "0", "0", "0", "0", "0", "0", "0", "0", "0", "0", "0", "0", "0", "1", "0", "0", "0", "0", "0" ], "duration": 452.0, "sum": 1 }, "geometry": { "type": "Point", "coordinates": [ -122.307393783978924, 47.592706041959929 ] } },
{ "type": "Feature", "properties": { "lat": 47.592740309870415, "lon": -122.3070748701341, "time_of_day": "Morning", "causation": [ "0", "0", "0", "0", "0", "0", "0", "0", "0", "0", "0", "0", "0", "0", "0", "0", "0", "0", "1", "0", "0", "0", "0", "0" ], "duration": 452.0, "sum": 1 }, "geometry": { "type": "Point", "coordinates": [ -122.307074870134102, 47.592740309870415 ] } },
{ "type": "Feature", "properties": { "lat": 47.592796044930161, "lon": -122.3069528185132, "time_of_day": "Morning", "causation": [ "0", "0", "0", "0", "0", "0", "0", "0", "0", "0", "0", "0", "0", "0", "0", "0", "0", "0", "1", "0", "0", "0", "0", "0" ], "duration": 452.0, "sum": 1 }, "geometry": { "type": "Point", "coordinates": [ -122.306952818513196, 47.592796044930161 ] } },
{ "type": "Feature", "properties": { "lat": 47.592796689271928, "lon": -122.30711142723924, "time_of_day": "Morning", "causation": [ "0", "0", "0", "0", "0", "0", "0", "0", "0", "0", "0", "0", "0", "0", "0", "0", "0", "0", "1", "0", "0", "0", "0", "0" ], "duration": 452.0, "sum": 1 }, "geometry": { "type": "Point", "coordinates": [ -122.307111427239235, 47.592796689271928 ] } },
{ "type": "Feature", "properties": { "lat": 47.592914335318291, "lon": -122.30776586642553, "time_of_day": "Morning", "causation": [ "0", "0", "0", "0", "0", "0", "0", "0", "0", "0", "0", "0", "0", "0", "0", "0", "0", "0", "1", "0", "0", "0", "0", "0" ], "duration": 452.0, "sum": 1 }, "geometry": { "type": "Point", "coordinates": [ -122.307765866425527, 47.592914335318291 ] } },
{ "type": "Feature", "properties": { "lat": 47.592923940876283, "lon": -122.30772996154896, "time_of_day": "Morning", "causation": [ "0", "0", "0", "0", "0", "0", "0", "0", "0", "0", "0", "0", "0", "0", "0", "0", "0", "0", "1", "0", "0", "0", "0", "0" ], "duration": 452.0, "sum": 1 }, "geometry": { "type": "Point", "coordinates": [ -122.307729961548958, 47.592923940876283 ] } },
{ "type": "Feature", "properties": { "lat": 47.592939724406271, "lon": -122.3076724362882, "time_of_day": "Morning", "causation": [ "0", "0", "0", "0", "0", "0", "0", "0", "0", "0", "0", "0", "0", "0", "0", "0", "0", "0", "1", "0", "0", "0", "0", "0" ], "duration": 452.0, "sum": 1 }, "geometry": { "type": "Point", "coordinates": [ -122.3076724362882, 47.592939724406271 ] } },
{ "type": "Feature", "properties": { "lat": 47.592956323528838, "lon": -122.30762016708977, "time_of_day": "Morning", "causation": [ "0", "0", "0", "0", "0", "0", "0", "0", "0", "0", "0", "0", "0", "0", "0", "0", "0", "0", "1", "0", "0", "0", "0", "0" ], "duration": 452.0, "sum": 1 }, "geometry": { "type": "Point", "coordinates": [ -122.307620167089766, 47.592956323528838 ] } },
{ "type": "Feature", "properties": { "lat": 47.592972684150254, "lon": -122.30756353365024, "time_of_day": "Morning", "causation": [ "0", "0", "0", "0", "0", "0", "0", "0", "0", "0", "0", "0", "0", "0", "0", "0", "0", "0", "1", "0", "0", "0", "0", "0" ], "duration": 452.0, "sum": 1 }, "geometry": { "type": "Point", "coordinates": [ -122.307563533650239, 47.592972684150254 ] } },
{ "type": "Feature", "properties": { "lat": 47.593098753465981, "lon": -122.30717365565228, "time_of_day": "Morning", "causation": [ "0", "0", "0", "0", "0", "0", "0", "0", "0", "0", "0", "0", "0", "0", "0", "0", "0", "0", "3", "0", "0", "0", "0", "0" ], "duration": 1356.0, "sum": 3 }, "geometry": { "type": "Point", "coordinates": [ -122.307173655652278, 47.593098753465981 ] } },
{ "type": "Feature", "properties": { "lat": 47.59321344053771, "lon": -122.30725661843098, "time_of_day": "Morning", "causation": [ "0", "0", "0", "0", "0", "0", "0", "0", "0", "0", "0", "0", "0", "0", "0", "0", "0", "0", "1", "0", "0", "0", "0", "0" ], "duration": 452.0, "sum": 1 }, "geometry": { "type": "Point", "coordinates": [ -122.307256618430984, 47.59321344053771 ] } },
{ "type": "Feature", "properties": { "lat": 47.594713699272262, "lon": -122.38735231899402, "time_of_day": "Morning", "causation": [ "0", "0", "0", "0", "0", "0", "0", "0", "0", "0", "0", "0", "0", "0", "0", "0", "0", "0", "25", "0", "0", "0", "0", "0" ], "duration": 1800.0, "sum": 25 }, "geometry": { "type": "Point", "coordinates": [ -122.387352318994019, 47.594713699272262 ] } },
{ "type": "Feature", "properties": { "lat": 47.598713199276119, "lon": -122.32991030912645, "time_of_day": "Morning", "causation": [ "0", "0", "0", "0", "0", "0", "0", "0", "0", "0", "0", "0", "0", "0", "0", "0", "0", "0", "4", "0", "0", "0", "0", "0" ], "duration": 4176.0, "sum": 4 }, "geometry": { "type": "Point", "coordinates": [ -122.329910309126447, 47.598713199276119 ] } },
{ "type": "Feature", "properties": { "lat": 47.598781962632806, "lon": -122.33089189204532, "time_of_day": "Morning", "causation": [ "0", "0", "0", "0", "0", "0", "0", "0", "0", "0", "0", "0", "0", "0", "0", "0", "0", "0", "6", "0", "0", "0", "0", "0" ], "duration": 6264.0, "sum": 6 }, "geometry": { "type": "Point", "coordinates": [ -122.330891892045315, 47.598781962632806 ] } },
{ "type": "Feature", "properties": { "lat": 47.598914868232775, "lon": -122.33199129143463, "time_of_day": "Morning", "causation": [ "0", "0", "0", "0", "0", "0", "0", "0", "0", "0", "0", "0", "0", "0", "0", "0", "0", "0", "1", "0", "0", "0", "0", "0" ], "duration": 1044.0, "sum": 1 }, "geometry": { "type": "Point", "coordinates": [ -122.331991291434633, 47.598914868232775 ] } },
{ "type": "Feature", "properties": { "lat": 47.601835021407062, "lon": -122.3148263055978, "time_of_day": "Morning", "causation": [ "0", "0", "0", "0", "0", "0", "0", "0", "0", "0", "0", "0", "0", "0", "0", "0", "0", "0", "31", "0", "0", "0", "0", "0" ], "duration": 3441.0, "sum": 31 }, "geometry": { "type": "Point", "coordinates": [ -122.314826305597805, 47.601835021407062 ] } },
{ "type": "Feature", "properties": { "lat": 47.602022007967491, "lon": -122.31473859372235, "time_of_day": "Morning", "causation": [ "0", "0", "0", "0", "0", "0", "0", "0", "0", "0", "0", "0", "0", "0", "0", "0", "0", "0", "1", "0", "0", "0", "0", "0" ], "duration": 111.0, "sum": 1 }, "geometry": { "type": "Point", "coordinates": [ -122.314738593722353, 47.602022007967491 ] } },
{ "type": "Feature", "properties": { "lat": 47.60207840736625, "lon": -122.28482107656772, "time_of_day": "Morning", "causation": [ "0", "0", "0", "0", "0", "0", "0", "0", "12", "0", "0", "0", "0", "0", "0", "0", "0", "0", "0", "0", "0", "0", "0", "0" ], "duration": 3132.0, "sum": 12 }, "geometry": { "type": "Point", "coordinates": [ -122.284821076567724, 47.60207840736625 ] } },
{ "type": "Feature", "properties": { "lat": 47.602103881547897, "lon": -122.31474634468999, "time_of_day": "Morning", "causation": [ "0", "0", "0", "0", "0", "0", "0", "0", "0", "0", "0", "0", "0", "0", "0", "0", "0", "0", "2", "0", "0", "0", "0", "0" ], "duration": 222.0, "sum": 2 }, "geometry": { "type": "Point", "coordinates": [ -122.314746344689993, 47.602103881547897 ] } },
{ "type": "Feature", "properties": { "lat": 47.602243455589935, "lon": -122.31475853554144, "time_of_day": "Morning", "causation": [ "0", "0", "0", "0", "0", "0", "0", "0", "0", "0", "0", "0", "0", "0", "0", "0", "0", "0", "1", "0", "0", "0", "0", "0" ], "duration": 111.0, "sum": 1 }, "geometry": { "type": "Point", "coordinates": [ -122.314758535541444, 47.602243455589935 ] } },
{ "type": "Feature", "properties": { "lat": 47.60224473539234, "lon": -122.31530784778984, "time_of_day": "Morning", "causation": [ "0", "0", "0", "0", "0", "0", "0", "0", "0", "0", "0", "0", "0", "0", "0", "0", "0", "0", "1", "0", "0", "0", "0", "0" ], "duration": 111.0, "sum": 1 }, "geometry": { "type": "Point", "coordinates": [ -122.315307847789839, 47.60224473539234 ] } },
{ "type": "Feature", "properties": { "lat": 47.602282030921018, "lon": -122.31475888764732, "time_of_day": "Morning", "causation": [ "0", "0", "0", "0", "0", "0", "0", "0", "0", "0", "0", "0", "0", "0", "0", "0", "0", "0", "1", "0", "0", "0", "0", "0" ], "duration": 111.0, "sum": 1 }, "geometry": { "type": "Point", "coordinates": [ -122.314758887647315, 47.602282030921018 ] } },
{ "type": "Feature", "properties": { "lat": 47.602329566048397, "lon": -122.3147631111307, "time_of_day": "Morning", "causation": [ "0", "0", "0", "0", "0", "0", "0", "0", "0", "0", "0", "0", "0", "0", "0", "0", "0", "0", "1", "0", "0", "0", "0", "0" ], "duration": 111.0, "sum": 1 }, "geometry": { "type": "Point", "coordinates": [ -122.314763111130702, 47.602329566048397 ] } },
{ "type": "Feature", "properties": { "lat": 47.60238861570307, "lon": -122.28545256432808, "time_of_day": "Morning", "causation": [ "0", "0", "0", "0", "0", "0", "0", "0", "25", "0", "0", "0", "0", "0", "0", "0", "0", "0", "0", "0", "0", "0", "0", "0" ], "duration": 6525.0, "sum": 25 }, "geometry": { "type": "Point", "coordinates": [ -122.285452564328082, 47.60238861570307 ] } },
{ "type": "Feature", "properties": { "lat": 47.602493478643709, "lon": -122.28417554210375, "time_of_day": "Morning", "causation": [ "0", "0", "0", "0", "0", "0", "0", "0", "5", "0", "0", "0", "0", "0", "0", "0", "0", "0", "0", "0", "0", "0", "0", "0" ], "duration": 1305.0, "sum": 5 }, "geometry": { "type": "Point", "coordinates": [ -122.284175542103753, 47.602493478643709 ] } },
{ "type": "Feature", "properties": { "lat": 47.602754290508855, "lon": -122.28573014925369, "time_of_day": "Morning", "causation": [ "0", "0", "0", "0", "0", "0", "0", "0", "1", "0", "0", "0", "0", "0", "0", "0", "0", "0", "0", "0", "0", "0", "0", "0" ], "duration": 90.0, "sum": 1 }, "geometry": { "type": "Point", "coordinates": [ -122.285730149253695, 47.602754290508855 ] } },
{ "type": "Feature", "properties": { "lat": 47.602805975250277, "lon": -122.28552016977484, "time_of_day": "Morning", "causation": [ "0", "0", "0", "0", "0", "0", "0", "0", "1", "0", "0", "0", "0", "0", "0", "0", "0", "0", "0", "0", "0", "0", "0", "0" ], "duration": 90.0, "sum": 1 }, "geometry": { "type": "Point", "coordinates": [ -122.285520169774841, 47.602805975250277 ] } },
{ "type": "Feature", "properties": { "lat": 47.602893605137886, "lon": -122.28532457566077, "time_of_day": "Morning", "causation": [ "0", "0", "0", "0", "0", "0", "0", "0", "1", "0", "0", "0", "0", "0", "0", "0", "0", "0", "0", "0", "0", "0", "0", "0" ], "duration": 90.0, "sum": 1 }, "geometry": { "type": "Point", "coordinates": [ -122.285324575660766, 47.602893605137886 ] } },
{ "type": "Feature", "properties": { "lat": 47.602974946490129, "lon": -122.28417030312022, "time_of_day": "Morning", "causation": [ "0", "0", "0", "0", "0", "0", "0", "0", "4", "0", "0", "0", "0", "0", "0", "0", "0", "0", "0", "0", "0", "0", "0", "0" ], "duration": 1044.0, "sum": 4 }, "geometry": { "type": "Point", "coordinates": [ -122.28417030312022, 47.602974946490129 ] } },
{ "type": "Feature", "properties": { "lat": 47.603089504720451, "lon": -122.2861219666282, "time_of_day": "Morning", "causation": [ "0", "0", "0", "0", "0", "0", "0", "0", "1", "0", "0", "0", "0", "0", "0", "0", "0", "0", "0", "0", "0", "0", "0", "0" ], "duration": 90.0, "sum": 1 }, "geometry": { "type": "Point", "coordinates": [ -122.286121966628201, 47.603089504720451 ] } },
{ "type": "Feature", "properties": { "lat": 47.603218315127819, "lon": -122.28648540709416, "time_of_day": "Morning", "causation": [ "0", "0", "0", "0", "0", "0", "0", "0", "1", "0", "0", "0", "0", "0", "0", "0", "0", "0", "0", "0", "0", "0", "0", "0" ], "duration": 90.0, "sum": 1 }, "geometry": { "type": "Point", "coordinates": [ -122.286485407094162, 47.603218315127819 ] } },
{ "type": "Feature", "properties": { "lat": 47.603227043198487, "lon": -122.2861867289288, "time_of_day": "Morning", "causation": [ "0", "0", "0", "0", "0", "0", "0", "0", "1", "0", "0", "0", "0", "0", "0", "0", "0", "0", "0", "0", "0", "0", "0", "0" ], "duration": 90.0, "sum": 1 }, "geometry": { "type": "Point", "coordinates": [ -122.286186728928797, 47.603227043198487 ] } },
{ "type": "Feature", "properties": { "lat": 47.60322840080407, "lon": -122.28561263221329, "time_of_day": "Morning", "causation": [ "0", "0", "0", "0", "0", "0", "0", "0", "2", "0", "0", "0", "0", "0", "0", "0", "0", "0", "0", "0", "0", "0", "0", "0" ], "duration": 180.0, "sum": 2 }, "geometry": { "type": "Point", "coordinates": [ -122.285612632213287, 47.60322840080407 ] } },
{ "type": "Feature", "properties": { "lat": 47.603231246957215, "lon": -122.28541907794158, "time_of_day": "Morning", "causation": [ "0", "0", "0", "0", "0", "0", "0", "0", "1", "0", "0", "0", "0", "0", "0", "0", "0", "0", "0", "0", "0", "0", "0", "0" ], "duration": 90.0, "sum": 1 }, "geometry": { "type": "Point", "coordinates": [ -122.285419077941583, 47.603231246957215 ] } },
{ "type": "Feature", "properties": { "lat": 47.603252850220514, "lon": -122.28897486336504, "time_of_day": "Morning", "causation": [ "0", "0", "0", "0", "0", "0", "0", "0", "1", "0", "0", "0", "0", "0", "0", "0", "0", "0", "0", "0", "0", "0", "0", "0" ], "duration": 90.0, "sum": 1 }, "geometry": { "type": "Point", "coordinates": [ -122.288974863365041, 47.603252850220514 ] } },
{ "type": "Feature", "properties": { "lat": 47.603279806608271, "lon": -122.287387417964, "time_of_day": "Morning", "causation": [ "0", "0", "0", "0", "0", "0", "0", "0", "1", "0", "0", "0", "0", "0", "0", "0", "0", "0", "0", "0", "0", "0", "0", "0" ], "duration": 90.0, "sum": 1 }, "geometry": { "type": "Point", "coordinates": [ -122.287387417963998, 47.603279806608271 ] } },
{ "type": "Feature", "properties": { "lat": 47.603290981885131, "lon": -122.284960038625, "time_of_day": "Morning", "causation": [ "0", "0", "0", "0", "0", "0", "0", "0", "1", "0", "0", "0", "0", "0", "0", "0", "0", "0", "0", "0", "0", "0", "0", "0" ], "duration": 90.0, "sum": 1 }, "geometry": { "type": "Point", "coordinates": [ -122.284960038625002, 47.603290981885131 ] } },
{ "type": "Feature", "properties": { "lat": 47.603299305551992, "lon": -122.289802273164, "time_of_day": "Morning", "causation": [ "0", "0", "0", "0", "0", "0", "0", "0", "1", "0", "0", "0", "0", "0", "0", "0", "0", "0", "0", "0", "0", "0", "0", "0" ], "duration": 90.0, "sum": 1 }, "geometry": { "type": "Point", "coordinates": [ -122.289802273164, 47.603299305551992 ] } },
{ "type": "Feature", "properties": { "lat": 47.603299372519203, "lon": -122.28725664815904, "time_of_day": "Morning", "causation": [ "0", "0", "0", "0", "0", "0", "0", "0", "1", "0", "0", "0", "0", "0", "0", "0", "0", "0", "0", "0", "0", "0", "0", "0" ], "duration": 90.0, "sum": 1 }, "geometry": { "type": "Point", "coordinates": [ -122.287256648159044, 47.603299372519203 ] } },
{ "type": "Feature", "properties": { "lat": 47.603307425345257, "lon": -122.28811531176056, "time_of_day": "Morning", "causation": [ "0", "0", "0", "0", "0", "0", "0", "0", "2", "0", "0", "0", "0", "0", "0", "0", "0", "0", "0", "0", "0", "0", "0", "0" ], "duration": 180.0, "sum": 2 }, "geometry": { "type": "Point", "coordinates": [ -122.288115311760563, 47.603307425345257 ] } },
{ "type": "Feature", "properties": { "lat": 47.603312853703024, "lon": -122.28833772861459, "time_of_day": "Morning", "causation": [ "0", "0", "0", "0", "0", "0", "0", "0", "1", "0", "0", "0", "0", "0", "0", "0", "0", "0", "0", "0", "0", "0", "0", "0" ], "duration": 90.0, "sum": 1 }, "geometry": { "type": "Point", "coordinates": [ -122.288337728614593, 47.603312853703024 ] } },
{ "type": "Feature", "properties": { "lat": 47.603327294993981, "lon": -122.28676123092168, "time_of_day": "Morning", "causation": [ "0", "0", "0", "0", "0", "0", "0", "0", "1", "0", "0", "0", "0", "0", "0", "0", "0", "0", "0", "0", "0", "0", "0", "0" ], "duration": 90.0, "sum": 1 }, "geometry": { "type": "Point", "coordinates": [ -122.286761230921684, 47.603327294993981 ] } },
{ "type": "Feature", "properties": { "lat": 47.603327312300351, "lon": -122.28910552206835, "time_of_day": "Morning", "causation": [ "0", "0", "0", "0", "0", "0", "0", "0", "1", "0", "0", "0", "0", "0", "0", "0", "0", "0", "0", "0", "0", "0", "0", "0" ], "duration": 90.0, "sum": 1 }, "geometry": { "type": "Point", "coordinates": [ -122.289105522068354, 47.603327312300351 ] } },
{ "type": "Feature", "properties": { "lat": 47.603337896893073, "lon": -122.28665789680244, "time_of_day": "Morning", "causation": [ "0", "0", "0", "0", "0", "0", "0", "0", "1", "0", "0", "0", "0", "0", "0", "0", "0", "0", "0", "0", "0", "0", "0", "0" ], "duration": 90.0, "sum": 1 }, "geometry": { "type": "Point", "coordinates": [ -122.286657896802438, 47.603337896893073 ] } },
{ "type": "Feature", "properties": { "lat": 47.603347067673518, "lon": -122.28776756530694, "time_of_day": "Morning", "causation": [ "0", "0", "0", "0", "0", "0", "0", "0", "1", "0", "0", "0", "0", "0", "0", "0", "0", "0", "0", "0", "0", "0", "0", "0" ], "duration": 90.0, "sum": 1 }, "geometry": { "type": "Point", "coordinates": [ -122.287767565306936, 47.603347067673518 ] } },
{ "type": "Feature", "properties": { "lat": 47.603373090959721, "lon": -122.2893578166604, "time_of_day": "Morning", "causation": [ "0", "0", "0", "0", "0", "0", "0", "0", "2", "0", "0", "0", "0", "0", "0", "0", "0", "0", "0", "0", "0", "0", "0", "0" ], "duration": 180.0, "sum": 2 }, "geometry": { "type": "Point", "coordinates": [ -122.289357816660399, 47.603373090959721 ] } },
{ "type": "Feature", "properties": { "lat": 47.603403381634557, "lon": -122.28612476906856, "time_of_day": "Morning", "causation": [ "0", "0", "0", "0", "0", "0", "0", "0", "1", "0", "0", "0", "0", "0", "0", "0", "0", "0", "0", "0", "0", "0", "0", "0" ], "duration": 90.0, "sum": 1 }, "geometry": { "type": "Point", "coordinates": [ -122.286124769068564, 47.603403381634557 ] } },
{ "type": "Feature", "properties": { "lat": 47.603412994200468, "lon": -122.28478633676444, "time_of_day": "Morning", "causation": [ "0", "0", "0", "0", "0", "0", "0", "0", "1", "0", "0", "0", "0", "0", "0", "0", "0", "0", "0", "0", "0", "0", "0", "0" ], "duration": 90.0, "sum": 1 }, "geometry": { "type": "Point", "coordinates": [ -122.284786336764441, 47.603412994200468 ] } },
{ "type": "Feature", "properties": { "lat": 47.603432858043135, "lon": -122.28639787458562, "time_of_day": "Morning", "causation": [ "0", "0", "0", "0", "0", "0", "0", "0", "1", "0", "0", "0", "0", "0", "0", "0", "0", "0", "0", "0", "0", "0", "0", "0" ], "duration": 90.0, "sum": 1 }, "geometry": { "type": "Point", "coordinates": [ -122.286397874585617, 47.603432858043135 ] } },
{ "type": "Feature", "properties": { "lat": 47.603444159170721, "lon": -122.28691074738263, "time_of_day": "Morning", "causation": [ "0", "0", "0", "0", "0", "0", "0", "0", "1", "0", "0", "0", "0", "0", "0", "0", "0", "0", "0", "0", "0", "0", "0", "0" ], "duration": 90.0, "sum": 1 }, "geometry": { "type": "Point", "coordinates": [ -122.286910747382635, 47.603444159170721 ] } },
{ "type": "Feature", "properties": { "lat": 47.603451434978567, "lon": -122.28882422824528, "time_of_day": "Morning", "causation": [ "0", "0", "0", "0", "0", "0", "0", "0", "1", "0", "0", "0", "0", "0", "0", "0", "0", "0", "0", "0", "0", "0", "0", "0" ], "duration": 90.0, "sum": 1 }, "geometry": { "type": "Point", "coordinates": [ -122.288824228245275, 47.603451434978567 ] } },
{ "type": "Feature", "properties": { "lat": 47.60345746213595, "lon": -122.28549753103889, "time_of_day": "Morning", "causation": [ "0", "0", "0", "0", "0", "0", "0", "0", "1", "0", "0", "0", "0", "0", "0", "0", "0", "0", "0", "0", "0", "0", "0", "0" ], "duration": 90.0, "sum": 1 }, "geometry": { "type": "Point", "coordinates": [ -122.285497531038885, 47.60345746213595 ] } },
{ "type": "Feature", "properties": { "lat": 47.603472462088291, "lon": -122.28521750155612, "time_of_day": "Morning", "causation": [ "0", "0", "0", "0", "0", "0", "0", "0", "1", "0", "0", "0", "0", "0", "0", "0", "0", "0", "0", "0", "0", "0", "0", "0" ], "duration": 90.0, "sum": 1 }, "geometry": { "type": "Point", "coordinates": [ -122.285217501556119, 47.603472462088291 ] } },
{ "type": "Feature", "properties": { "lat": 47.603499606934541, "lon": -122.28864132219245, "time_of_day": "Morning", "causation": [ "0", "0", "0", "0", "0", "0", "0", "0", "1", "0", "0", "0", "0", "0", "0", "0", "0", "0", "0", "0", "0", "0", "0", "0" ], "duration": 90.0, "sum": 1 }, "geometry": { "type": "Point", "coordinates": [ -122.288641322192447, 47.603499606934541 ] } },
{ "type": "Feature", "properties": { "lat": 47.603548211396728, "lon": -122.2884590927994, "time_of_day": "Morning", "causation": [ "0", "0", "0", "0", "0", "0", "0", "0", "1", "0", "0", "0", "0", "0", "0", "0", "0", "0", "0", "0", "0", "0", "0", "0" ], "duration": 90.0, "sum": 1 }, "geometry": { "type": "Point", "coordinates": [ -122.2884590927994, 47.603548211396728 ] } },
{ "type": "Feature", "properties": { "lat": 47.603552488094586, "lon": -122.28478565816148, "time_of_day": "Morning", "causation": [ "0", "0", "0", "0", "0", "0", "0", "0", "1", "0", "0", "0", "0", "0", "0", "0", "0", "0", "0", "0", "0", "0", "0", "0" ], "duration": 90.0, "sum": 1 }, "geometry": { "type": "Point", "coordinates": [ -122.284785658161482, 47.603552488094586 ] } },
{ "type": "Feature", "properties": { "lat": 47.603598964911193, "lon": -122.2880489484406, "time_of_day": "Morning", "causation": [ "0", "0", "0", "0", "0", "0", "0", "0", "1", "0", "0", "0", "0", "0", "0", "0", "0", "0", "0", "0", "0", "0", "0", "0" ], "duration": 90.0, "sum": 1 }, "geometry": { "type": "Point", "coordinates": [ -122.288048948440604, 47.603598964911193 ] } },
{ "type": "Feature", "properties": { "lat": 47.603635281124483, "lon": -122.2836239874399, "time_of_day": "Morning", "causation": [ "0", "0", "0", "0", "0", "0", "0", "0", "1", "0", "0", "0", "0", "0", "0", "0", "0", "0", "0", "0", "0", "0", "0", "0" ], "duration": 90.0, "sum": 1 }, "geometry": { "type": "Point", "coordinates": [ -122.283623987439896, 47.603635281124483 ] } },
{ "type": "Feature", "properties": { "lat": 47.603653582520337, "lon": -122.28557958441628, "time_of_day": "Morning", "causation": [ "0", "0", "0", "0", "0", "0", "0", "0", "1", "0", "0", "0", "0", "0", "0", "0", "0", "0", "0", "0", "0", "0", "0", "0" ], "duration": 90.0, "sum": 1 }, "geometry": { "type": "Point", "coordinates": [ -122.285579584416283, 47.603653582520337 ] } },
{ "type": "Feature", "properties": { "lat": 47.603656732433969, "lon": -122.28505818161229, "time_of_day": "Morning", "causation": [ "0", "0", "0", "0", "0", "0", "0", "0", "1", "0", "0", "0", "0", "0", "0", "0", "0", "0", "0", "0", "0", "0", "0", "0" ], "duration": 90.0, "sum": 1 }, "geometry": { "type": "Point", "coordinates": [ -122.285058181612285, 47.603656732433969 ] } },
{ "type": "Feature", "properties": { "lat": 47.603668799723735, "lon": -122.28602381634325, "time_of_day": "Morning", "causation": [ "0", "0", "0", "0", "0", "0", "0", "0", "1", "0", "0", "0", "0", "0", "0", "0", "0", "0", "0", "0", "0", "0", "0", "0" ], "duration": 90.0, "sum": 1 }, "geometry": { "type": "Point", "coordinates": [ -122.286023816343246, 47.603668799723735 ] } },
{ "type": "Feature", "properties": { "lat": 47.603672771537497, "lon": -122.28620174287006, "time_of_day": "Morning", "causation": [ "0", "0", "0", "0", "0", "0", "0", "0", "1", "0", "0", "0", "0", "0", "0", "0", "0", "0", "0", "0", "0", "0", "0", "0" ], "duration": 90.0, "sum": 1 }, "geometry": { "type": "Point", "coordinates": [ -122.286201742870063, 47.603672771537497 ] } },
{ "type": "Feature", "properties": { "lat": 47.60370983575524, "lon": -122.28541943790751, "time_of_day": "Morning", "causation": [ "0", "0", "0", "0", "0", "0", "0", "0", "1", "0", "0", "0", "0", "0", "0", "0", "0", "0", "0", "0", "0", "0", "0", "0" ], "duration": 261.0, "sum": 1 }, "geometry": { "type": "Point", "coordinates": [ -122.285419437907507, 47.60370983575524 ] } },
{ "type": "Feature", "properties": { "lat": 47.603744065261971, "lon": -122.2892495761884, "time_of_day": "Morning", "causation": [ "0", "0", "0", "0", "0", "0", "0", "0", "1", "0", "0", "0", "0", "0", "0", "0", "0", "0", "0", "0", "0", "0", "0", "0" ], "duration": 90.0, "sum": 1 }, "geometry": { "type": "Point", "coordinates": [ -122.289249576188396, 47.603744065261971 ] } },
{ "type": "Feature", "properties": { "lat": 47.603759026044138, "lon": -122.28943891951882, "time_of_day": "Morning", "causation": [ "0", "0", "0", "0", "0", "0", "0", "0", "1", "0", "0", "0", "0", "0", "0", "0", "0", "0", "0", "0", "0", "0", "0", "0" ], "duration": 90.0, "sum": 1 }, "geometry": { "type": "Point", "coordinates": [ -122.289438919518815, 47.603759026044138 ] } },
{ "type": "Feature", "properties": { "lat": 47.603797241265696, "lon": -122.28896085923218, "time_of_day": "Morning", "causation": [ "0", "0", "0", "0", "0", "0", "0", "0", "1", "0", "0", "0", "0", "0", "0", "0", "0", "0", "0", "0", "0", "0", "0", "0" ], "duration": 90.0, "sum": 1 }, "geometry": { "type": "Point", "coordinates": [ -122.288960859232176, 47.603797241265696 ] } },
{ "type": "Feature", "properties": { "lat": 47.603821468524977, "lon": -122.2866996230134, "time_of_day": "Morning", "causation": [ "0", "0", "0", "0", "0", "0", "0", "0", "1", "0", "0", "0", "0", "0", "0", "0", "0", "0", "0", "0", "0", "0", "0", "0" ], "duration": 90.0, "sum": 1 }, "geometry": { "type": "Point", "coordinates": [ -122.286699623013405, 47.603821468524977 ] } },
{ "type": "Feature", "properties": { "lat": 47.603834749377093, "lon": -122.28684780449622, "time_of_day": "Morning", "causation": [ "0", "0", "0", "0", "0", "0", "0", "0", "1", "0", "0", "0", "0", "0", "0", "0", "0", "0", "0", "0", "0", "0", "0", "0" ], "duration": 90.0, "sum": 1 }, "geometry": { "type": "Point", "coordinates": [ -122.286847804496219, 47.603834749377093 ] } },
{ "type": "Feature", "properties": { "lat": 47.603837422349017, "lon": -122.29013995626715, "time_of_day": "Morning", "causation": [ "0", "0", "0", "0", "0", "0", "0", "0", "1", "0", "0", "0", "0", "0", "0", "0", "0", "0", "0", "0", "0", "0", "0", "0" ], "duration": 90.0, "sum": 1 }, "geometry": { "type": "Point", "coordinates": [ -122.290139956267154, 47.603837422349017 ] } },
{ "type": "Feature", "properties": { "lat": 47.603843389370283, "lon": -122.28779894275227, "time_of_day": "Morning", "causation": [ "0", "0", "0", "0", "0", "0", "0", "0", "1", "0", "0", "0", "0", "0", "0", "0", "0", "0", "0", "0", "0", "0", "0", "0" ], "duration": 90.0, "sum": 1 }, "geometry": { "type": "Point", "coordinates": [ -122.287798942752275, 47.603843389370283 ] } },
{ "type": "Feature", "properties": { "lat": 47.60384535150375, "lon": -122.28450164726324, "time_of_day": "Morning", "causation": [ "0", "0", "0", "0", "0", "0", "0", "0", "2", "0", "0", "0", "0", "0", "0", "0", "0", "0", "0", "0", "0", "0", "0", "0" ], "duration": 180.0, "sum": 2 }, "geometry": { "type": "Point", "coordinates": [ -122.284501647263241, 47.60384535150375 ] } },
{ "type": "Feature", "properties": { "lat": 47.603846537368398, "lon": -122.28841871006848, "time_of_day": "Morning", "causation": [ "0", "0", "0", "0", "0", "0", "0", "0", "1", "0", "0", "0", "0", "0", "0", "0", "0", "0", "0", "0", "0", "0", "0", "0" ], "duration": 90.0, "sum": 1 }, "geometry": { "type": "Point", "coordinates": [ -122.288418710068484, 47.603846537368398 ] } },
{ "type": "Feature", "properties": { "lat": 47.603874682122253, "lon": -122.28756310042355, "time_of_day": "Morning", "causation": [ "0", "0", "0", "0", "0", "0", "0", "0", "1", "0", "0", "0", "0", "0", "0", "0", "0", "0", "0", "0", "0", "0", "0", "0" ], "duration": 90.0, "sum": 1 }, "geometry": { "type": "Point", "coordinates": [ -122.287563100423554, 47.603874682122253 ] } },
{ "type": "Feature", "properties": { "lat": 47.603896816818086, "lon": -122.2873216503108, "time_of_day": "Morning", "causation": [ "0", "0", "0", "0", "0", "0", "0", "0", "1", "0", "0", "0", "0", "0", "0", "0", "0", "0", "0", "0", "0", "0", "0", "0" ], "duration": 90.0, "sum": 1 }, "geometry": { "type": "Point", "coordinates": [ -122.287321650310801, 47.603896816818086 ] } },
{ "type": "Feature", "properties": { "lat": 47.603899822729055, "lon": -122.28744279497292, "time_of_day": "Morning", "causation": [ "0", "0", "0", "0", "0", "0", "0", "0", "1", "0", "0", "0", "0", "0", "0", "0", "0", "0", "0", "0", "0", "0", "0", "0" ], "duration": 90.0, "sum": 1 }, "geometry": { "type": "Point", "coordinates": [ -122.287442794972918, 47.603899822729055 ] } },
{ "type": "Feature", "properties": { "lat": 47.603933801655209, "lon": -122.28972953111854, "time_of_day": "Morning", "causation": [ "0", "0", "0", "0", "0", "0", "0", "0", "1", "0", "0", "0", "0", "0", "0", "0", "0", "0", "0", "0", "0", "0", "0", "0" ], "duration": 90.0, "sum": 1 }, "geometry": { "type": "Point", "coordinates": [ -122.289729531118539, 47.603933801655209 ] } },
{ "type": "Feature", "properties": { "lat": 47.603935127297788, "lon": -122.2870800721098, "time_of_day": "Morning", "causation": [ "0", "0", "0", "0", "0", "0", "0", "0", "2", "0", "0", "0", "0", "0", "0", "0", "0", "0", "0", "0", "0", "0", "0", "0" ], "duration": 180.0, "sum": 2 }, "geometry": { "type": "Point", "coordinates": [ -122.287080072109802, 47.603935127297788 ] } },
{ "type": "Feature", "properties": { "lat": 47.603949792639199, "lon": -122.28797222471329, "time_of_day": "Morning", "causation": [ "0", "0", "0", "0", "0", "0", "0", "0", "1", "0", "0", "0", "0", "0", "0", "0", "0", "0", "0", "0", "0", "0", "0", "0" ], "duration": 90.0, "sum": 1 }, "geometry": { "type": "Point", "coordinates": [ -122.287972224713286, 47.603949792639199 ] } },
{ "type": "Feature", "properties": { "lat": 47.60395007980113, "lon": -122.28996667161806, "time_of_day": "Morning", "causation": [ "0", "0", "0", "0", "0", "0", "0", "0", "1", "0", "0", "0", "0", "0", "0", "0", "0", "0", "0", "0", "0", "0", "0", "0" ], "duration": 90.0, "sum": 1 }, "geometry": { "type": "Point", "coordinates": [ -122.28996667161806, 47.60395007980113 ] } },
{ "type": "Feature", "properties": { "lat": 47.603966824514522, "lon": -122.28720818494976, "time_of_day": "Morning", "causation": [ "0", "0", "0", "0", "0", "0", "0", "0", "1", "0", "0", "0", "0", "0", "0", "0", "0", "0", "0", "0", "0", "0", "0", "0" ], "duration": 90.0, "sum": 1 }, "geometry": { "type": "Point", "coordinates": [ -122.287208184949762, 47.603966824514522 ] } },
{ "type": "Feature", "properties": { "lat": 47.604013465169928, "lon": -122.28440832286856, "time_of_day": "Morning", "causation": [ "0", "0", "0", "0", "0", "0", "0", "0", "1", "0", "0", "0", "0", "0", "0", "0", "0", "0", "0", "0", "0", "0", "0", "0" ], "duration": 90.0, "sum": 1 }, "geometry": { "type": "Point", "coordinates": [ -122.284408322868558, 47.604013465169928 ] } },
{ "type": "Feature", "properties": { "lat": 47.604013565064598, "lon": -122.28598108729062, "time_of_day": "Morning", "causation": [ "0", "0", "0", "0", "0", "0", "0", "0", "1", "0", "0", "0", "0", "0", "0", "0", "0", "0", "0", "0", "0", "0", "0", "0" ], "duration": 90.0, "sum": 1 }, "geometry": { "type": "Point", "coordinates": [ -122.285981087290622, 47.604013565064598 ] } },
{ "type": "Feature", "properties": { "lat": 47.604014798325977, "lon": -122.28860634815244, "time_of_day": "Morning", "causation": [ "0", "0", "0", "0", "0", "0", "0", "0", "1", "0", "0", "0", "0", "0", "0", "0", "0", "0", "0", "0", "0", "0", "0", "0" ], "duration": 90.0, "sum": 1 }, "geometry": { "type": "Point", "coordinates": [ -122.288606348152442, 47.604014798325977 ] } },
{ "type": "Feature", "properties": { "lat": 47.604039243725779, "lon": -122.2876865503532, "time_of_day": "Morning", "causation": [ "0", "0", "0", "0", "0", "0", "0", "0", "1", "0", "0", "0", "0", "0", "0", "0", "0", "0", "0", "0", "0", "0", "0", "0" ], "duration": 90.0, "sum": 1 }, "geometry": { "type": "Point", "coordinates": [ -122.2876865503532, 47.604039243725779 ] } },
{ "type": "Feature", "properties": { "lat": 47.60404285057168, "lon": -122.28664747256175, "time_of_day": "Morning", "causation": [ "0", "0", "0", "0", "0", "0", "0", "0", "1", "0", "0", "0", "0", "0", "0", "0", "0", "0", "0", "0", "0", "0", "0", "0" ], "duration": 90.0, "sum": 1 }, "geometry": { "type": "Point", "coordinates": [ -122.286647472561754, 47.60404285057168 ] } },
{ "type": "Feature", "properties": { "lat": 47.604048658505889, "lon": -122.28491816557256, "time_of_day": "Morning", "causation": [ "0", "0", "0", "0", "0", "0", "0", "0", "1", "0", "0", "0", "0", "0", "0", "0", "0", "0", "0", "0", "0", "0", "0", "0" ], "duration": 261.0, "sum": 1 }, "geometry": { "type": "Point", "coordinates": [ -122.284918165572563, 47.604048658505889 ] } },
{ "type": "Feature", "properties": { "lat": 47.60407074383928, "lon": -122.28567128568019, "time_of_day": "Morning", "causation": [ "0", "0", "0", "0", "0", "0", "0", "0", "1", "0", "0", "0", "0", "0", "0", "0", "0", "0", "0", "0", "0", "0", "0", "0" ], "duration": 90.0, "sum": 1 }, "geometry": { "type": "Point", "coordinates": [ -122.285671285680195, 47.60407074383928 ] } },
{ "type": "Feature", "properties": { "lat": 47.60408658936678, "lon": -122.28740168922452, "time_of_day": "Morning", "causation": [ "0", "0", "0", "0", "0", "0", "0", "0", "1", "0", "0", "0", "0", "0", "0", "0", "0", "0", "0", "0", "0", "0", "0", "0" ], "duration": 90.0, "sum": 1 }, "geometry": { "type": "Point", "coordinates": [ -122.287401689224524, 47.60408658936678 ] } },
{ "type": "Feature", "properties": { "lat": 47.604122090019963, "lon": -122.2842959828141, "time_of_day": "Morning", "causation": [ "0", "0", "0", "0", "0", "0", "0", "0", "1", "0", "0", "0", "0", "0", "0", "0", "0", "0", "0", "0", "0", "0", "0", "0" ], "duration": 90.0, "sum": 1 }, "geometry": { "type": "Point", "coordinates": [ -122.284295982814101, 47.604122090019963 ] } },
{ "type": "Feature", "properties": { "lat": 47.604138637701467, "lon": -122.28468336550796, "time_of_day": "Morning", "causation": [ "0", "0", "0", "0", "0", "0", "0", "0", "1", "0", "0", "0", "0", "0", "0", "0", "0", "0", "0", "0", "0", "0", "0", "0" ], "duration": 261.0, "sum": 1 }, "geometry": { "type": "Point", "coordinates": [ -122.284683365507959, 47.604138637701467 ] } },
{ "type": "Feature", "properties": { "lat": 47.604150001932062, "lon": -122.28752042340146, "time_of_day": "Morning", "causation": [ "0", "0", "0", "0", "0", "0", "0", "0", "1", "0", "0", "0", "0", "0", "0", "0", "0", "0", "0", "0", "0", "0", "0", "0" ], "duration": 90.0, "sum": 1 }, "geometry": { "type": "Point", "coordinates": [ -122.28752042340146, 47.604150001932062 ] } },
{ "type": "Feature", "properties": { "lat": 47.604152344223117, "lon": -122.28813935687231, "time_of_day": "Morning", "causation": [ "0", "0", "0", "0", "0", "0", "0", "0", "1", "0", "0", "0", "0", "0", "0", "0", "0", "0", "0", "0", "0", "0", "0", "0" ], "duration": 90.0, "sum": 1 }, "geometry": { "type": "Point", "coordinates": [ -122.288139356872307, 47.604152344223117 ] } },
{ "type": "Feature", "properties": { "lat": 47.604192206843152, "lon": -122.2884554295028, "time_of_day": "Morning", "causation": [ "0", "0", "0", "0", "0", "0", "0", "0", "1", "0", "0", "0", "0", "0", "0", "0", "0", "0", "0", "0", "0", "0", "0", "0" ], "duration": 90.0, "sum": 1 }, "geometry": { "type": "Point", "coordinates": [ -122.288455429502804, 47.604192206843152 ] } },
{ "type": "Feature", "properties": { "lat": 47.604196663157389, "lon": -122.28606677333968, "time_of_day": "Morning", "causation": [ "0", "0", "0", "0", "0", "0", "0", "0", "1", "0", "0", "0", "0", "0", "0", "0", "0", "0", "0", "0", "0", "0", "0", "0" ], "duration": 90.0, "sum": 1 }, "geometry": { "type": "Point", "coordinates": [ -122.286066773339684, 47.604196663157389 ] } },
{ "type": "Feature", "properties": { "lat": 47.604230896503758, "lon": -122.28413283483439, "time_of_day": "Morning", "causation": [ "0", "0", "0", "0", "0", "0", "0", "0", "1", "0", "0", "0", "0", "0", "0", "0", "0", "0", "0", "0", "0", "0", "0", "0" ], "duration": 90.0, "sum": 1 }, "geometry": { "type": "Point", "coordinates": [ -122.284132834834395, 47.604230896503758 ] } },
{ "type": "Feature", "properties": { "lat": 47.604241426191479, "lon": -122.28762092193888, "time_of_day": "Morning", "causation": [ "0", "0", "0", "0", "0", "0", "0", "0", "1", "0", "0", "0", "0", "0", "0", "0", "0", "0", "0", "0", "0", "0", "0", "0" ], "duration": 90.0, "sum": 1 }, "geometry": { "type": "Point", "coordinates": [ -122.287620921938881, 47.604241426191479 ] } },
{ "type": "Feature", "properties": { "lat": 47.604243244575919, "lon": -122.28791753286023, "time_of_day": "Morning", "causation": [ "0", "0", "0", "0", "0", "0", "0", "0", "1", "0", "0", "0", "0", "0", "0", "0", "0", "0", "0", "0", "0", "0", "0", "0" ], "duration": 90.0, "sum": 1 }, "geometry": { "type": "Point", "coordinates": [ -122.287917532860234, 47.604243244575919 ] } },
{ "type": "Feature", "properties": { "lat": 47.604257160534097, "lon": -122.28889611204778, "time_of_day": "Morning", "causation": [ "0", "0", "0", "0", "0", "0", "0", "0", "1", "0", "0", "0", "0", "0", "0", "0", "0", "0", "0", "0", "0", "0", "0", "0" ], "duration": 90.0, "sum": 1 }, "geometry": { "type": "Point", "coordinates": [ -122.28889611204778, 47.604257160534097 ] } },
{ "type": "Feature", "properties": { "lat": 47.604265056827607, "lon": -122.28537253041388, "time_of_day": "Morning", "causation": [ "0", "0", "0", "0", "0", "0", "0", "0", "1", "0", "0", "0", "0", "0", "0", "0", "0", "0", "0", "0", "0", "0", "0", "0" ], "duration": 261.0, "sum": 1 }, "geometry": { "type": "Point", "coordinates": [ -122.285372530413881, 47.604265056827607 ] } },
{ "type": "Feature", "properties": { "lat": 47.604272447411816, "lon": -122.28943384472556, "time_of_day": "Morning", "causation": [ "0", "0", "0", "0", "0", "0", "0", "0", "1", "0", "0", "0", "0", "0", "0", "0", "0", "0", "0", "0", "0", "0", "0", "0" ], "duration": 90.0, "sum": 1 }, "geometry": { "type": "Point", "coordinates": [ -122.289433844725565, 47.604272447411816 ] } },
{ "type": "Feature", "properties": { "lat": 47.604294932327264, "lon": -122.28641509745648, "time_of_day": "Morning", "causation": [ "0", "0", "0", "0", "0", "0", "0", "0", "1", "0", "0", "0", "0", "0", "0", "0", "0", "0", "0", "0", "0", "0", "0", "0" ], "duration": 90.0, "sum": 1 }, "geometry": { "type": "Point", "coordinates": [ -122.286415097456484, 47.604294932327264 ] } },
{ "type": "Feature", "properties": { "lat": 47.604314718923717, "lon": -122.2846214652963, "time_of_day": "Morning", "causation": [ "0", "0", "0", "0", "0", "0", "0", "0", "1", "0", "0", "0", "0", "0", "0", "0", "0", "0", "0", "0", "0", "0", "0", "0" ], "duration": 261.0, "sum": 1 }, "geometry": { "type": "Point", "coordinates": [ -122.284621465296297, 47.604314718923717 ] } },
{ "type": "Feature", "properties": { "lat": 47.604356755266878, "lon": -122.2859204990672, "time_of_day": "Morning", "causation": [ "0", "0", "0", "0", "0", "0", "0", "0", "1", "0", "0", "0", "0", "0", "0", "0", "0", "0", "0", "0", "0", "0", "0", "0" ], "duration": 90.0, "sum": 1 }, "geometry": { "type": "Point", "coordinates": [ -122.285920499067203, 47.604356755266878 ] } },
{ "type": "Feature", "properties": { "lat": 47.604407089255908, "lon": -122.28515995253696, "time_of_day": "Morning", "causation": [ "0", "0", "0", "0", "0", "0", "0", "0", "2", "0", "0", "0", "0", "0", "0", "0", "0", "0", "0", "0", "0", "0", "0", "0" ], "duration": 522.0, "sum": 2 }, "geometry": { "type": "Point", "coordinates": [ -122.285159952536958, 47.604407089255908 ] } },
{ "type": "Feature", "properties": { "lat": 47.604427573669128, "lon": -122.28447611112792, "time_of_day": "Morning", "causation": [ "0", "0", "0", "0", "0", "0", "0", "0", "1", "0", "0", "0", "0", "0", "0", "0", "0", "0", "0", "0", "0", "0", "0", "0" ], "duration": 261.0, "sum": 1 }, "geometry": { "type": "Point", "coordinates": [ -122.284476111127915, 47.604427573669128 ] } },
{ "type": "Feature", "properties": { "lat": 47.604435186778268, "lon": -122.28405466254409, "time_of_day": "Morning", "causation": [ "0", "0", "0", "0", "0", "0", "0", "0", "1", "0", "0", "0", "0", "0", "0", "0", "0", "0", "0", "0", "0", "0", "0", "0" ], "duration": 90.0, "sum": 1 }, "geometry": { "type": "Point", "coordinates": [ -122.284054662544094, 47.604435186778268 ] } },
{ "type": "Feature", "properties": { "lat": 47.604438770341893, "lon": -122.28654508134905, "time_of_day": "Morning", "causation": [ "0", "0", "0", "0", "0", "0", "0", "0", "1", "0", "0", "0", "0", "0", "0", "0", "0", "0", "0", "0", "0", "0", "0", "0" ], "duration": 90.0, "sum": 1 }, "geometry": { "type": "Point", "coordinates": [ -122.286545081349047, 47.604438770341893 ] } },
{ "type": "Feature", "properties": { "lat": 47.60444031714372, "lon": -122.28624851476179, "time_of_day": "Morning", "causation": [ "0", "0", "0", "0", "0", "0", "0", "0", "2", "0", "0", "0", "0", "0", "0", "0", "0", "0", "0", "0", "0", "0", "0", "0" ], "duration": 180.0, "sum": 2 }, "geometry": { "type": "Point", "coordinates": [ -122.286248514761795, 47.60444031714372 ] } },
{ "type": "Feature", "properties": { "lat": 47.604459121965597, "lon": -122.2894734850446, "time_of_day": "Morning", "causation": [ "0", "0", "0", "0", "0", "0", "0", "0", "1", "0", "0", "0", "0", "0", "0", "0", "0", "0", "0", "0", "0", "0", "0", "0" ], "duration": 90.0, "sum": 1 }, "geometry": { "type": "Point", "coordinates": [ -122.289473485044596, 47.604459121965597 ] } },
{ "type": "Feature", "properties": { "lat": 47.604469771241007, "lon": -122.28578552299908, "time_of_day": "Morning", "causation": [ "0", "0", "0", "0", "0", "0", "0", "0", "1", "0", "0", "0", "0", "0", "0", "0", "0", "0", "0", "0", "0", "0", "0", "0" ], "duration": 90.0, "sum": 1 }, "geometry": { "type": "Point", "coordinates": [ -122.285785522999078, 47.604469771241007 ] } },
{ "type": "Feature", "properties": { "lat": 47.604497583792977, "lon": -122.28794058755672, "time_of_day": "Morning", "causation": [ "0", "0", "0", "0", "0", "0", "0", "0", "1", "0", "0", "0", "0", "0", "0", "0", "0", "0", "0", "0", "0", "0", "0", "0" ], "duration": 90.0, "sum": 1 }, "geometry": { "type": "Point", "coordinates": [ -122.287940587556719, 47.604497583792977 ] } },
{ "type": "Feature", "properties": { "lat": 47.604507123347979, "lon": -122.2850752105017, "time_of_day": "Morning", "causation": [ "0", "0", "0", "0", "0", "0", "0", "0", "1", "0", "0", "0", "0", "0", "0", "0", "0", "0", "0", "0", "0", "0", "0", "0" ], "duration": 261.0, "sum": 1 }, "geometry": { "type": "Point", "coordinates": [ -122.285075210501702, 47.604507123347979 ] } },
{ "type": "Feature", "properties": { "lat": 47.604530131553219, "lon": -122.28863464920212, "time_of_day": "Morning", "causation": [ "0", "0", "0", "0", "0", "0", "0", "0", "1", "0", "0", "0", "0", "0", "0", "0", "0", "0", "0", "0", "0", "0", "0", "0" ], "duration": 90.0, "sum": 1 }, "geometry": { "type": "Point", "coordinates": [ -122.288634649202123, 47.604530131553219 ] } },
{ "type": "Feature", "properties": { "lat": 47.604534815756615, "lon": -122.28824714198922, "time_of_day": "Morning", "causation": [ "0", "0", "0", "0", "0", "0", "0", "0", "1", "0", "0", "0", "0", "0", "0", "0", "0", "0", "0", "0", "0", "0", "0", "0" ], "duration": 90.0, "sum": 1 }, "geometry": { "type": "Point", "coordinates": [ -122.288247141989217, 47.604534815756615 ] } },
{ "type": "Feature", "properties": { "lat": 47.604546079628662, "lon": -122.28561613457026, "time_of_day": "Morning", "causation": [ "0", "0", "0", "0", "0", "0", "0", "0", "1", "0", "0", "0", "0", "0", "0", "0", "0", "0", "0", "0", "0", "0", "0", "0" ], "duration": 90.0, "sum": 1 }, "geometry": { "type": "Point", "coordinates": [ -122.285616134570262, 47.604546079628662 ] } },
{ "type": "Feature", "properties": { "lat": 47.604568244787323, "lon": -122.28401993272678, "time_of_day": "Morning", "causation": [ "0", "0", "0", "0", "0", "0", "0", "0", "1", "0", "0", "0", "0", "0", "0", "0", "0", "0", "0", "0", "0", "0", "0", "0" ], "duration": 90.0, "sum": 1 }, "geometry": { "type": "Point", "coordinates": [ -122.284019932726778, 47.604568244787323 ] } },
{ "type": "Feature", "properties": { "lat": 47.604579580675626, "lon": -122.28429747135446, "time_of_day": "Morning", "causation": [ "0", "0", "0", "0", "0", "0", "0", "0", "1", "0", "0", "0", "0", "0", "0", "0", "0", "0", "0", "0", "0", "0", "0", "0" ], "duration": 261.0, "sum": 1 }, "geometry": { "type": "Point", "coordinates": [ -122.284297471354463, 47.604579580675626 ] } },
{ "type": "Feature", "properties": { "lat": 47.604600908596481, "lon": -122.28794199175807, "time_of_day": "Morning", "causation": [ "0", "0", "0", "0", "0", "0", "0", "0", "1", "0", "0", "0", "0", "0", "0", "0", "0", "0", "0", "0", "0", "0", "0", "0" ], "duration": 90.0, "sum": 1 }, "geometry": { "type": "Point", "coordinates": [ -122.287941991758075, 47.604600908596481 ] } },
{ "type": "Feature", "properties": { "lat": 47.604635301309123, "lon": -122.28492249176088, "time_of_day": "Morning", "causation": [ "0", "0", "0", "0", "0", "0", "0", "0", "1", "0", "0", "0", "0", "0", "0", "0", "0", "0", "0", "0", "0", "0", "0", "0" ], "duration": 261.0, "sum": 1 }, "geometry": { "type": "Point", "coordinates": [ -122.284922491760881, 47.604635301309123 ] } },
{ "type": "Feature", "properties": { "lat": 47.604635695756784, "lon": -122.28604610393994, "time_of_day": "Morning", "causation": [ "0", "0", "0", "0", "0", "0", "0", "0", "1", "0", "0", "0", "0", "0", "0", "0", "0", "0", "0", "0", "0", "0", "0", "0" ], "duration": 90.0, "sum": 1 }, "geometry": { "type": "Point", "coordinates": [ -122.286046103939938, 47.604635695756784 ] } },
{ "type": "Feature", "properties": { "lat": 47.604679179891853, "lon": -122.28327436016838, "time_of_day": "Morning", "causation": [ "0", "0", "0", "0", "0", "0", "0", "0", "1", "0", "0", "0", "0", "0", "0", "0", "0", "0", "0", "0", "0", "0", "0", "0" ], "duration": 90.0, "sum": 1 }, "geometry": { "type": "Point", "coordinates": [ -122.283274360168377, 47.604679179891853 ] } },
{ "type": "Feature", "properties": { "lat": 47.60469306456578, "lon": -122.28866878606829, "time_of_day": "Morning", "causation": [ "0", "0", "0", "0", "0", "0", "0", "0", "1", "0", "0", "0", "0", "0", "0", "0", "0", "0", "0", "0", "0", "0", "0", "0" ], "duration": 90.0, "sum": 1 }, "geometry": { "type": "Point", "coordinates": [ -122.288668786068285, 47.60469306456578 ] } },
{ "type": "Feature", "properties": { "lat": 47.604704566105589, "lon": -122.28795443306728, "time_of_day": "Morning", "causation": [ "0", "0", "0", "0", "0", "0", "0", "0", "1", "0", "0", "0", "0", "0", "0", "0", "0", "0", "0", "0", "0", "0", "0", "0" ], "duration": 90.0, "sum": 1 }, "geometry": { "type": "Point", "coordinates": [ -122.287954433067284, 47.604704566105589 ] } },
{ "type": "Feature", "properties": { "lat": 47.60471494131734, "lon": -122.28544386703508, "time_of_day": "Morning", "causation": [ "0", "0", "0", "0", "0", "0", "0", "0", "1", "0", "0", "0", "0", "0", "0", "0", "0", "0", "0", "0", "0", "0", "0", "0" ], "duration": 90.0, "sum": 1 }, "geometry": { "type": "Point", "coordinates": [ -122.285443867035085, 47.60471494131734 ] } },
{ "type": "Feature", "properties": { "lat": 47.604720204378459, "lon": -122.28826617867162, "time_of_day": "Morning", "causation": [ "0", "0", "0", "0", "0", "0", "0", "0", "1", "0", "0", "0", "0", "0", "0", "0", "0", "0", "0", "0", "0", "0", "0", "0" ], "duration": 90.0, "sum": 1 }, "geometry": { "type": "Point", "coordinates": [ -122.28826617867162, 47.604720204378459 ] } },
{ "type": "Feature", "properties": { "lat": 47.604724392663528, "lon": -122.28441097604394, "time_of_day": "Morning", "causation": [ "0", "0", "0", "0", "0", "0", "0", "0", "1", "0", "0", "0", "0", "0", "0", "0", "0", "0", "0", "0", "0", "0", "0", "0" ], "duration": 261.0, "sum": 1 }, "geometry": { "type": "Point", "coordinates": [ -122.284410976043944, 47.604724392663528 ] } },
{ "type": "Feature", "properties": { "lat": 47.604770086851936, "lon": -122.28489966304672, "time_of_day": "Morning", "causation": [ "0", "0", "0", "0", "0", "0", "0", "0", "1", "0", "0", "0", "0", "0", "0", "0", "0", "0", "0", "0", "0", "0", "0", "0" ], "duration": 261.0, "sum": 1 }, "geometry": { "type": "Point", "coordinates": [ -122.284899663046716, 47.604770086851936 ] } },
{ "type": "Feature", "properties": { "lat": 47.604774722816728, "lon": -122.28396021096128, "time_of_day": "Morning", "causation": [ "0", "0", "0", "0", "0", "0", "0", "0", "1", "0", "0", "0", "0", "0", "0", "0", "0", "0", "0", "0", "0", "0", "0", "0" ], "duration": 261.0, "sum": 1 }, "geometry": { "type": "Point", "coordinates": [ -122.283960210961283, 47.604774722816728 ] } },
{ "type": "Feature", "properties": { "lat": 47.60480137272139, "lon": -122.28592018705716, "time_of_day": "Morning", "causation": [ "0", "0", "0", "0", "0", "0", "0", "0", "1", "0", "0", "0", "0", "0", "0", "0", "0", "0", "0", "0", "0", "0", "0", "0" ], "duration": 90.0, "sum": 1 }, "geometry": { "type": "Point", "coordinates": [ -122.285920187057158, 47.60480137272139 ] } },
{ "type": "Feature", "properties": { "lat": 47.604804820672605, "lon": -122.28795532577624, "time_of_day": "Morning", "causation": [ "0", "0", "0", "0", "0", "0", "0", "0", "1", "0", "0", "0", "0", "0", "0", "0", "0", "0", "0", "0", "0", "0", "0", "0" ], "duration": 90.0, "sum": 1 }, "geometry": { "type": "Point", "coordinates": [ -122.287955325776238, 47.604804820672605 ] } },
{ "type": "Feature", "properties": { "lat": 47.604886032173347, "lon": -122.28539961589256, "time_of_day": "Morning", "causation": [ "0", "0", "0", "0", "0", "0", "0", "0", "1", "0", "0", "0", "0", "0", "0", "0", "0", "0", "0", "0", "0", "0", "0", "0" ], "duration": 90.0, "sum": 1 }, "geometry": { "type": "Point", "coordinates": [ -122.285399615892558, 47.604886032173347 ] } },
{ "type": "Feature", "properties": { "lat": 47.604887519351337, "lon": -122.28495301390149, "time_of_day": "Morning", "causation": [ "0", "0", "0", "0", "0", "0", "0", "0", "1", "0", "0", "0", "0", "0", "0", "0", "0", "0", "0", "0", "0", "0", "0", "0" ], "duration": 261.0, "sum": 1 }, "geometry": { "type": "Point", "coordinates": [ -122.284953013901486, 47.604887519351337 ] } },
{ "type": "Feature", "properties": { "lat": 47.604907516431027, "lon": -122.28831493903805, "time_of_day": "Morning", "causation": [ "0", "0", "0", "0", "0", "0", "0", "0", "1", "0", "0", "0", "0", "0", "0", "0", "0", "0", "0", "0", "0", "0", "0", "0" ], "duration": 90.0, "sum": 1 }, "geometry": { "type": "Point", "coordinates": [ -122.288314939038045, 47.604907516431027 ] } },
{ "type": "Feature", "properties": { "lat": 47.604936166696511, "lon": -122.28789741958258, "time_of_day": "Morning", "causation": [ "0", "0", "0", "0", "0", "0", "0", "0", "1", "0", "0", "0", "0", "0", "0", "0", "0", "0", "0", "0", "0", "0", "0", "0" ], "duration": 90.0, "sum": 1 }, "geometry": { "type": "Point", "coordinates": [ -122.287897419582578, 47.604936166696511 ] } },
{ "type": "Feature", "properties": { "lat": 47.604942338140447, "lon": -122.28440457390607, "time_of_day": "Morning", "causation": [ "0", "0", "0", "0", "0", "0", "0", "0", "1", "0", "0", "0", "0", "0", "0", "0", "0", "0", "0", "0", "0", "0", "0", "0" ], "duration": 261.0, "sum": 1 }, "geometry": { "type": "Point", "coordinates": [ -122.284404573906073, 47.604942338140447 ] } },
{ "type": "Feature", "properties": { "lat": 47.604952262009732, "lon": -122.28592655573055, "time_of_day": "Morning", "causation": [ "0", "0", "0", "0", "0", "0", "0", "0", "1", "0", "0", "0", "0", "0", "0", "0", "0", "0", "0", "0", "0", "0", "0", "0" ], "duration": 90.0, "sum": 1 }, "geometry": { "type": "Point", "coordinates": [ -122.285926555730555, 47.604952262009732 ] } },
{ "type": "Feature", "properties": { "lat": 47.605004681897533, "lon": -122.28489562885288, "time_of_day": "Morning", "causation": [ "0", "0", "0", "0", "0", "0", "0", "0", "1", "0", "0", "0", "0", "0", "0", "0", "0", "0", "0", "0", "0", "0", "0", "0" ], "duration": 261.0, "sum": 1 }, "geometry": { "type": "Point", "coordinates": [ -122.28489562885288, 47.605004681897533 ] } },
{ "type": "Feature", "properties": { "lat": 47.605007323174561, "lon": -122.28367362949204, "time_of_day": "Morning", "causation": [ "0", "0", "0", "0", "0", "0", "0", "0", "1", "0", "0", "0", "0", "0", "0", "0", "0", "0", "0", "0", "0", "0", "0", "0" ], "duration": 261.0, "sum": 1 }, "geometry": { "type": "Point", "coordinates": [ -122.283673629492043, 47.605007323174561 ] } },
{ "type": "Feature", "properties": { "lat": 47.605088142964988, "lon": -122.28371813245774, "time_of_day": "Morning", "causation": [ "0", "0", "0", "0", "0", "0", "0", "0", "1", "0", "0", "0", "0", "0", "0", "0", "0", "0", "0", "0", "0", "0", "0", "0" ], "duration": 90.0, "sum": 1 }, "geometry": { "type": "Point", "coordinates": [ -122.283718132457736, 47.605088142964988 ] } },
{ "type": "Feature", "properties": { "lat": 47.605233865600731, "lon": -122.28392009606792, "time_of_day": "Morning", "causation": [ "0", "0", "0", "0", "0", "0", "0", "0", "1", "0", "0", "0", "0", "0", "0", "0", "0", "0", "0", "0", "0", "0", "0", "0" ], "duration": 261.0, "sum": 1 }, "geometry": { "type": "Point", "coordinates": [ -122.283920096067916, 47.605233865600731 ] } },
{ "type": "Feature", "properties": { "lat": 47.605299833322562, "lon": -122.284389417276, "time_of_day": "Morning", "causation": [ "0", "0", "0", "0", "0", "0", "0", "0", "1", "0", "0", "0", "0", "0", "0", "0", "0", "0", "0", "0", "0", "0", "0", "0" ], "duration": 261.0, "sum": 1 }, "geometry": { "type": "Point", "coordinates": [ -122.284389417276003, 47.605299833322562 ] } },
{ "type": "Feature", "properties": { "lat": 47.605327616245432, "lon": -122.2848725380252, "time_of_day": "Morning", "causation": [ "0", "0", "0", "0", "0", "0", "0", "0", "2", "0", "0", "0", "0", "0", "0", "0", "0", "0", "0", "0", "0", "0", "0", "0" ], "duration": 522.0, "sum": 2 }, "geometry": { "type": "Point", "coordinates": [ -122.284872538025198, 47.605327616245432 ] } },
{ "type": "Feature", "properties": { "lat": 47.605371211045878, "lon": -122.28375662835498, "time_of_day": "Morning", "causation": [ "0", "0", "0", "0", "0", "0", "0", "0", "1", "0", "0", "0", "0", "0", "0", "0", "0", "0", "0", "0", "0", "0", "0", "0" ], "duration": 90.0, "sum": 1 }, "geometry": { "type": "Point", "coordinates": [ -122.283756628354979, 47.605371211045878 ] } },
{ "type": "Feature", "properties": { "lat": 47.605501111215098, "lon": -122.28384730084043, "time_of_day": "Morning", "causation": [ "0", "0", "0", "0", "0", "0", "0", "0", "1", "0", "0", "0", "0", "0", "0", "0", "0", "0", "0", "0", "0", "0", "0", "0" ], "duration": 90.0, "sum": 1 }, "geometry": { "type": "Point", "coordinates": [ -122.283847300840435, 47.605501111215098 ] } },
{ "type": "Feature", "properties": { "lat": 47.605639364264611, "lon": -122.2838455512332, "time_of_day": "Morning", "causation": [ "0", "0", "0", "0", "0", "0", "0", "0", "1", "0", "0", "0", "0", "0", "0", "0", "0", "0", "0", "0", "0", "0", "0", "0" ], "duration": 90.0, "sum": 1 }, "geometry": { "type": "Point", "coordinates": [ -122.283845551233199, 47.605639364264611 ] } },
{ "type": "Feature", "properties": { "lat": 47.605799484015748, "lon": -122.28389701316716, "time_of_day": "Morning", "causation": [ "0", "0", "0", "0", "0", "0", "0", "0", "1", "0", "0", "0", "0", "0", "0", "0", "0", "0", "0", "0", "0", "0", "0", "0" ], "duration": 90.0, "sum": 1 }, "geometry": { "type": "Point", "coordinates": [ -122.283897013167163, 47.605799484015748 ] } },
{ "type": "Feature", "properties": { "lat": 47.60606042718117, "lon": -122.28420392220021, "time_of_day": "Morning", "causation": [ "0", "0", "0", "0", "0", "0", "0", "0", "1", "0", "0", "0", "0", "0", "0", "0", "0", "0", "0", "0", "0", "0", "0", "0" ], "duration": 90.0, "sum": 1 }, "geometry": { "type": "Point", "coordinates": [ -122.284203922200206, 47.60606042718117 ] } },
{ "type": "Feature", "properties": { "lat": 47.606083461506586, "lon": -122.28465138836452, "time_of_day": "Morning", "causation": [ "0", "0", "0", "0", "0", "0", "0", "0", "1", "0", "0", "0", "0", "0", "0", "0", "0", "0", "0", "0", "0", "0", "0", "0" ], "duration": 90.0, "sum": 1 }, "geometry": { "type": "Point", "coordinates": [ -122.284651388364523, 47.606083461506586 ] } },
{ "type": "Feature", "properties": { "lat": 47.606085164275569, "lon": -122.28387086231174, "time_of_day": "Morning", "causation": [ "0", "0", "0", "0", "0", "0", "0", "0", "1", "0", "0", "0", "0", "0", "0", "0", "0", "0", "0", "0", "0", "0", "0", "0" ], "duration": 90.0, "sum": 1 }, "geometry": { "type": "Point", "coordinates": [ -122.283870862311744, 47.606085164275569 ] } },
{ "type": "Feature", "properties": { "lat": 47.606250467272922, "lon": -122.28389291632196, "time_of_day": "Morning", "causation": [ "0", "0", "0", "0", "0", "0", "0", "0", "1", "0", "0", "0", "0", "0", "0", "0", "0", "0", "0", "0", "0", "0", "0", "0" ], "duration": 90.0, "sum": 1 }, "geometry": { "type": "Point", "coordinates": [ -122.28389291632196, 47.606250467272922 ] } },
{ "type": "Feature", "properties": { "lat": 47.606397561808912, "lon": -122.28388181228624, "time_of_day": "Morning", "causation": [ "0", "0", "0", "0", "0", "0", "0", "0", "1", "0", "0", "0", "0", "0", "0", "0", "0", "0", "0", "0", "0", "0", "0", "0" ], "duration": 90.0, "sum": 1 }, "geometry": { "type": "Point", "coordinates": [ -122.283881812286239, 47.606397561808912 ] } },
{ "type": "Feature", "properties": { "lat": 47.606581534753822, "lon": -122.28384791607236, "time_of_day": "Morning", "causation": [ "0", "0", "0", "0", "0", "0", "0", "0", "1", "0", "0", "0", "0", "0", "0", "0", "0", "0", "0", "0", "0", "0", "0", "0" ], "duration": 90.0, "sum": 1 }, "geometry": { "type": "Point", "coordinates": [ -122.283847916072361, 47.606581534753822 ] } },
{ "type": "Feature", "properties": { "lat": 47.607201192108576, "lon": -122.2836812021239, "time_of_day": "Morning", "causation": [ "0", "0", "0", "0", "0", "0", "0", "0", "1", "0", "0", "0", "0", "0", "0", "0", "0", "0", "0", "0", "0", "0", "0", "0" ], "duration": 90.0, "sum": 1 }, "geometry": { "type": "Point", "coordinates": [ -122.283681202123901, 47.607201192108576 ] } },
{ "type": "Feature", "properties": { "lat": 47.607930755578025, "lon": -122.28372702729952, "time_of_day": "Morning", "causation": [ "0", "0", "0", "0", "0", "0", "0", "0", "1", "0", "0", "0", "0", "0", "0", "0", "0", "0", "0", "0", "0", "0", "0", "0" ], "duration": 90.0, "sum": 1 }, "geometry": { "type": "Point", "coordinates": [ -122.28372702729952, 47.607930755578025 ] } },
{ "type": "Feature", "properties": { "lat": 47.615661667531192, "lon": -122.325342668191, "time_of_day": "Morning", "causation": [ "0", "0", "0", "0", "0", "0", "0", "0", "77", "0", "0", "0", "0", "0", "0", "0", "0", "0", "0", "0", "0", "0", "0", "0" ], "duration": 76846.0, "sum": 77 }, "geometry": { "type": "Point", "coordinates": [ -122.325342668190999, 47.615661667531192 ] } },
{ "type": "Feature", "properties": { "lat": 47.615842239582527, "lon": -122.32474860697792, "time_of_day": "Late Night", "causation": [ "0", "0", "0", "0", "0", "0", "0", "0", "33", "0", "0", "0", "0", "0", "0", "0", "0", "0", "0", "0", "0", "0", "0", "0" ], "duration": 2079.0, "sum": 33 }, "geometry": { "type": "Point", "coordinates": [ -122.32474860697792, 47.615842239582527 ] } },
{ "type": "Feature", "properties": { "lat": 47.615852814689291, "lon": -122.32595747061178, "time_of_day": "Morning", "causation": [ "0", "0", "0", "0", "0", "0", "0", "0", "21", "0", "0", "0", "0", "0", "0", "0", "0", "0", "0", "0", "0", "0", "0", "0" ], "duration": 20958.0, "sum": 21 }, "geometry": { "type": "Point", "coordinates": [ -122.325957470611783, 47.615852814689291 ] } },
{ "type": "Feature", "properties": { "lat": 47.615928740186838, "lon": -122.32420205833203, "time_of_day": "Morning", "causation": [ "0", "0", "0", "0", "0", "0", "0", "0", "69", "0", "0", "0", "0", "0", "0", "0", "0", "0", "0", "0", "0", "0", "0", "0" ], "duration": 68862.0, "sum": 69 }, "geometry": { "type": "Point", "coordinates": [ -122.324202058332034, 47.615928740186838 ] } },
{ "type": "Feature", "properties": { "lat": 47.615929551054442, "lon": -122.32645727991778, "time_of_day": "Morning", "causation": [ "0", "0", "0", "0", "0", "0", "0", "0", "69", "0", "0", "0", "0", "0", "0", "0", "0", "0", "0", "0", "0", "0", "0", "0" ], "duration": 68862.0, "sum": 69 }, "geometry": { "type": "Point", "coordinates": [ -122.326457279917776, 47.615929551054442 ] } },
{ "type": "Feature", "properties": { "lat": 47.615957906907887, "lon": -122.32476900739424, "time_of_day": "Late Night", "causation": [ "0", "0", "0", "0", "0", "0", "0", "0", "2", "0", "0", "0", "0", "0", "0", "0", "0", "0", "0", "0", "0", "0", "0", "0" ], "duration": 126.0, "sum": 2 }, "geometry": { "type": "Point", "coordinates": [ -122.324769007394238, 47.615957906907887 ] } },
{ "type": "Feature", "properties": { "lat": 47.616056945671112, "lon": -122.32487733591316, "time_of_day": "Late Night", "causation": [ "0", "0", "0", "0", "0", "0", "0", "0", "1", "0", "0", "0", "0", "0", "0", "0", "0", "0", "0", "0", "0", "0", "0", "0" ], "duration": 63.0, "sum": 1 }, "geometry": { "type": "Point", "coordinates": [ -122.324877335913158, 47.616056945671112 ] } },
{ "type": "Feature", "properties": { "lat": 47.616101177368442, "lon": -122.32592506100292, "time_of_day": "Morning", "causation": [ "0", "0", "0", "0", "0", "0", "0", "0", "37", "0", "0", "0", "0", "0", "0", "0", "0", "0", "0", "0", "0", "0", "0", "0" ], "duration": 36926.0, "sum": 37 }, "geometry": { "type": "Point", "coordinates": [ -122.32592506100292, 47.616101177368442 ] } },
{ "type": "Feature", "properties": { "lat": 47.61618650439501, "lon": -122.32489036098802, "time_of_day": "Late Night", "causation": [ "0", "0", "0", "0", "0", "0", "0", "0", "27", "0", "0", "0", "0", "0", "0", "0", "0", "0", "0", "0", "0", "0", "0", "0" ], "duration": 1701.0, "sum": 27 }, "geometry": { "type": "Point", "coordinates": [ -122.324890360988022, 47.61618650439501 ] } },
{ "type": "Feature", "properties": { "lat": 47.616187965946494, "lon": -122.3237711279224, "time_of_day": "Late Night", "causation": [ "0", "0", "0", "0", "0", "0", "0", "0", "31", "0", "0", "0", "0", "0", "0", "0", "0", "0", "0", "0", "0", "0", "0", "0" ], "duration": 1953.0, "sum": 31 }, "geometry": { "type": "Point", "coordinates": [ -122.323771127922399, 47.616187965946494 ] } },
{ "type": "Feature", "properties": { "lat": 47.616481456530117, "lon": -122.32651729306144, "time_of_day": "Morning", "causation": [ "0", "0", "0", "0", "0", "0", "0", "0", "23", "0", "0", "0", "0", "0", "0", "0", "0", "0", "0", "0", "0", "0", "0", "0" ], "duration": 22954.0, "sum": 23 }, "geometry": { "type": "Point", "coordinates": [ -122.326517293061443, 47.616481456530117 ] } },
{ "type": "Feature", "properties": { "lat": 47.61651030444694, "lon": -122.32528033068895, "time_of_day": "Late Night", "causation": [ "0", "0", "0", "0", "0", "0", "0", "0", "22", "0", "0", "0", "0", "0", "0", "0", "0", "0", "0", "0", "0", "0", "0", "0" ], "duration": 1386.0, "sum": 22 }, "geometry": { "type": "Point", "coordinates": [ -122.325280330688955, 47.61651030444694 ] } },
{ "type": "Feature", "properties": { "lat": 47.616542094732885, "lon": -122.32593485114552, "time_of_day": "Late Night", "causation": [ "0", "0", "0", "0", "0", "0", "0", "0", "50", "0", "0", "0", "0", "0", "0", "0", "0", "0", "0", "0", "0", "0", "0", "0" ], "duration": 3150.0, "sum": 50 }, "geometry": { "type": "Point", "coordinates": [ -122.325934851145519, 47.616542094732885 ] } },
{ "type": "Feature", "properties": { "lat": 47.616569162717603, "lon": -122.32380539030048, "time_of_day": "Morning", "causation": [ "0", "0", "0", "0", "0", "0", "0", "0", "40", "0", "0", "0", "0", "0", "0", "0", "0", "0", "0", "0", "0", "0", "0", "0" ], "duration": 39920.0, "sum": 40 }, "geometry": { "type": "Point", "coordinates": [ -122.323805390300478, 47.616569162717603 ] } },
{ "type": "Feature", "properties": { "lat": 47.616569956861923, "lon": -122.32473368751532, "time_of_day": "Morning", "causation": [ "0", "0", "0", "0", "0", "0", "0", "0", "69", "0", "0", "0", "0", "0", "0", "0", "0", "0", "0", "0", "0", "0", "0", "0" ], "duration": 68862.0, "sum": 69 }, "geometry": { "type": "Point", "coordinates": [ -122.32473368751532, 47.616569956861923 ] } },
{ "type": "Feature", "properties": { "lat": 47.61659564615524, "lon": -122.3242087025982, "time_of_day": "Morning", "causation": [ "0", "0", "0", "0", "0", "0", "0", "0", "34", "0", "0", "0", "0", "0", "0", "0", "0", "0", "0", "0", "0", "0", "0", "0" ], "duration": 33932.0, "sum": 34 }, "geometry": { "type": "Point", "coordinates": [ -122.324208702598199, 47.61659564615524 ] } },
{ "type": "Feature", "properties": { "lat": 47.616709583693201, "lon": -122.32538750100468, "time_of_day": "Morning", "causation": [ "0", "0", "0", "0", "0", "0", "0", "0", "1", "0", "0", "0", "0", "0", "0", "0", "0", "0", "0", "0", "0", "0", "0", "0" ], "duration": 998.0, "sum": 1 }, "geometry": { "type": "Point", "coordinates": [ -122.325387501004684, 47.616709583693201 ] } },
{ "type": "Feature", "properties": { "lat": 47.61706466607464, "lon": -122.32530985356118, "time_of_day": "Morning", "causation": [ "0", "0", "0", "0", "0", "0", "0", "0", "2", "0", "0", "0", "0", "0", "0", "0", "0", "0", "0", "0", "0", "0", "0", "0" ], "duration": 1996.0, "sum": 2 }, "geometry": { "type": "Point", "coordinates": [ -122.32530985356118, 47.61706466607464 ] } },
{ "type": "Feature", "properties": { "lat": 47.61732022628604, "lon": -122.32527932542858, "time_of_day": "Morning", "causation": [ "0", "0", "0", "0", "0", "0", "0", "0", "11", "0", "0", "0", "0", "0", "0", "0", "0", "0", "0", "0", "0", "0", "0", "0" ], "duration": 10978.0, "sum": 11 }, "geometry": { "type": "Point", "coordinates": [ -122.325279325428582, 47.61732022628604 ] } },
{ "type": "Feature", "properties": { "lat": 47.617459703141222, "lon": -122.32432551155092, "time_of_day": "Morning", "causation": [ "0", "0", "0", "0", "0", "0", "0", "0", "2", "0", "0", "0", "0", "0", "0", "0", "0", "0", "0", "0", "0", "0", "0", "0" ], "duration": 1996.0, "sum": 2 }, "geometry": { "type": "Point", "coordinates": [ -122.324325511550924, 47.617459703141222 ] } },
{ "type": "Feature", "properties": { "lat": 47.617592644333328, "lon": -122.32479817606992, "time_of_day": "Morning", "causation": [ "0", "0", "0", "0", "0", "0", "0", "0", "54", "0", "0", "0", "0", "0", "0", "0", "0", "0", "0", "0", "0", "0", "0", "0" ], "duration": 53892.0, "sum": 54 }, "geometry": { "type": "Point", "coordinates": [ -122.324798176069919, 47.617592644333328 ] } },
{ "type": "Feature", "properties": { "lat": 47.61793034271097, "lon": -122.32498387380306, "time_of_day": "Morning", "causation": [ "0", "0", "0", "0", "0", "0", "0", "0", "1", "0", "0", "0", "0", "0", "0", "0", "0", "0", "0", "0", "0", "0", "0", "0" ], "duration": 998.0, "sum": 1 }, "geometry": { "type": "Point", "coordinates": [ -122.324983873803063, 47.61793034271097 ] } },
{ "type": "Feature", "properties": { "lat": 47.618033119108006, "lon": -122.32483068702072, "time_of_day": "Morning", "causation": [ "0", "0", "0", "0", "0", "0", "0", "0", "67", "0", "0", "0", "0", "0", "0", "0", "0", "0", "0", "0", "0", "0", "0", "0" ], "duration": 66866.0, "sum": 67 }, "geometry": { "type": "Point", "coordinates": [ -122.324830687020722, 47.618033119108006 ] } },
{ "type": "Feature", "properties": { "lat": 47.61942637661037, "lon": -122.28652010789374, "time_of_day": "Morning", "causation": [ "0", "0", "0", "0", "0", "0", "0", "0", "1", "0", "0", "0", "0", "0", "0", "0", "0", "0", "0", "0", "0", "0", "0", "0" ], "duration": 1216.0, "sum": 1 }, "geometry": { "type": "Point", "coordinates": [ -122.286520107893736, 47.61942637661037 ] } },
{ "type": "Feature", "properties": { "lat": 47.619558095504509, "lon": -122.28721568302264, "time_of_day": "Morning", "causation": [ "0", "0", "0", "0", "0", "0", "0", "0", "1", "0", "0", "0", "0", "0", "0", "0", "0", "0", "0", "0", "0", "0", "0", "0" ], "duration": 1216.0, "sum": 1 }, "geometry": { "type": "Point", "coordinates": [ -122.287215683022637, 47.619558095504509 ] } },
{ "type": "Feature", "properties": { "lat": 47.619559729233771, "lon": -122.28665673537311, "time_of_day": "Morning", "causation": [ "0", "0", "0", "0", "0", "0", "0", "0", "1", "0", "0", "0", "0", "0", "0", "0", "0", "0", "0", "0", "0", "0", "0", "0" ], "duration": 1216.0, "sum": 1 }, "geometry": { "type": "Point", "coordinates": [ -122.286656735373114, 47.619559729233771 ] } },
{ "type": "Feature", "properties": { "lat": 47.619670777282963, "lon": -122.28665281741768, "time_of_day": "Morning", "causation": [ "0", "0", "0", "0", "0", "0", "0", "0", "1", "0", "0", "0", "0", "0", "0", "0", "0", "0", "0", "0", "0", "0", "0", "0" ], "duration": 1216.0, "sum": 1 }, "geometry": { "type": "Point", "coordinates": [ -122.286652817417675, 47.619670777282963 ] } },
{ "type": "Feature", "properties": { "lat": 47.61967177809457, "lon": -122.28722384823308, "time_of_day": "Morning", "causation": [ "0", "0", "0", "0", "0", "0", "0", "0", "1", "0", "0", "0", "0", "0", "0", "0", "0", "0", "0", "0", "0", "0", "0", "0" ], "duration": 1216.0, "sum": 1 }, "geometry": { "type": "Point", "coordinates": [ -122.287223848233083, 47.61967177809457 ] } },
{ "type": "Feature", "properties": { "lat": 47.619782608062593, "lon": -122.28664295970722, "time_of_day": "Morning", "causation": [ "0", "0", "0", "0", "0", "0", "0", "0", "1", "0", "0", "0", "0", "0", "0", "0", "0", "0", "0", "0", "0", "0", "0", "0" ], "duration": 1216.0, "sum": 1 }, "geometry": { "type": "Point", "coordinates": [ -122.286642959707223, 47.619782608062593 ] } },
{ "type": "Feature", "properties": { "lat": 47.619794713473823, "lon": -122.28725890867643, "time_of_day": "Morning", "causation": [ "0", "0", "0", "0", "0", "0", "0", "0", "1", "0", "0", "0", "0", "0", "0", "0", "0", "0", "0", "0", "0", "0", "0", "0" ], "duration": 1216.0, "sum": 1 }, "geometry": { "type": "Point", "coordinates": [ -122.287258908676435, 47.619794713473823 ] } },
{ "type": "Feature", "properties": { "lat": 47.619877051245368, "lon": -122.28723478396756, "time_of_day": "Morning", "causation": [ "0", "0", "0", "0", "0", "0", "0", "0", "1", "0", "0", "0", "0", "0", "0", "0", "0", "0", "0", "0", "0", "0", "0", "0" ], "duration": 1216.0, "sum": 1 }, "geometry": { "type": "Point", "coordinates": [ -122.287234783967563, 47.619877051245368 ] } },
{ "type": "Feature", "properties": { "lat": 47.61987756441934, "lon": -122.28672208318332, "time_of_day": "Morning", "causation": [ "0", "0", "0", "0", "0", "0", "0", "0", "1", "0", "0", "0", "0", "0", "0", "0", "0", "0", "0", "0", "0", "0", "0", "0" ], "duration": 1216.0, "sum": 1 }, "geometry": { "type": "Point", "coordinates": [ -122.286722083183321, 47.61987756441934 ] } },
{ "type": "Feature", "properties": { "lat": 47.619993774337431, "lon": -122.28724269763192, "time_of_day": "Morning", "causation": [ "0", "0", "0", "0", "0", "0", "0", "0", "1", "0", "0", "0", "0", "0", "0", "0", "0", "0", "0", "0", "0", "0", "0", "0" ], "duration": 1216.0, "sum": 1 }, "geometry": { "type": "Point", "coordinates": [ -122.287242697631925, 47.619993774337431 ] } },
{ "type": "Feature", "properties": { "lat": 47.620012889233863, "lon": -122.28672124847662, "time_of_day": "Morning", "causation": [ "0", "0", "0", "0", "0", "0", "0", "0", "1", "0", "0", "0", "0", "0", "0", "0", "0", "0", "0", "0", "0", "0", "0", "0" ], "duration": 1216.0, "sum": 1 }, "geometry": { "type": "Point", "coordinates": [ -122.286721248476624, 47.620012889233863 ] } },
{ "type": "Feature", "properties": { "lat": 47.620297496609382, "lon": -122.28723594485346, "time_of_day": "Morning", "causation": [ "0", "0", "0", "0", "0", "0", "0", "0", "1", "0", "0", "0", "0", "0", "0", "0", "0", "0", "0", "0", "0", "0", "0", "0" ], "duration": 1216.0, "sum": 1 }, "geometry": { "type": "Point", "coordinates": [ -122.287235944853464, 47.620297496609382 ] } },
{ "type": "Feature", "properties": { "lat": 47.620330397473744, "lon": -122.2866664260614, "time_of_day": "Morning", "causation": [ "0", "0", "0", "0", "0", "0", "0", "0", "1", "0", "0", "0", "0", "0", "0", "0", "0", "0", "0", "0", "0", "0", "0", "0" ], "duration": 1216.0, "sum": 1 }, "geometry": { "type": "Point", "coordinates": [ -122.286666426061402, 47.620330397473744 ] } },
{ "type": "Feature", "properties": { "lat": 47.620333577875087, "lon": -122.28650559045865, "time_of_day": "Morning", "causation": [ "0", "0", "0", "0", "0", "0", "0", "0", "1", "0", "0", "0", "0", "0", "0", "0", "0", "0", "0", "0", "0", "0", "0", "0" ], "duration": 1216.0, "sum": 1 }, "geometry": { "type": "Point", "coordinates": [ -122.286505590458646, 47.620333577875087 ] } },
{ "type": "Feature", "properties": { "lat": 47.620374221307749, "lon": -122.28715424845744, "time_of_day": "Morning", "causation": [ "0", "0", "0", "0", "0", "0", "0", "0", "1", "0", "0", "0", "0", "0", "0", "0", "0", "0", "0", "0", "0", "0", "0", "0" ], "duration": 1216.0, "sum": 1 }, "geometry": { "type": "Point", "coordinates": [ -122.287154248457441, 47.620374221307749 ] } },
{ "type": "Feature", "properties": { "lat": 47.620525939236451, "lon": -122.28725718053884, "time_of_day": "Morning", "causation": [ "0", "0", "0", "0", "0", "0", "0", "0", "1", "0", "0", "0", "0", "0", "0", "0", "0", "0", "0", "0", "0", "0", "0", "0" ], "duration": 1216.0, "sum": 1 }, "geometry": { "type": "Point", "coordinates": [ -122.287257180538845, 47.620525939236451 ] } },
{ "type": "Feature", "properties": { "lat": 47.620728832597152, "lon": -122.28730844777976, "time_of_day": "Morning", "causation": [ "0", "0", "0", "0", "0", "0", "0", "0", "1", "0", "0", "0", "0", "0", "0", "0", "0", "0", "0", "0", "0", "0", "0", "0" ], "duration": 1216.0, "sum": 1 }, "geometry": { "type": "Point", "coordinates": [ -122.287308447779765, 47.620728832597152 ] } },
{ "type": "Feature", "properties": { "lat": 47.620861633498237, "lon": -122.28727567110484, "time_of_day": "Morning", "causation": [ "0", "0", "0", "0", "0", "0", "0", "0", "1", "0", "0", "0", "0", "0", "0", "0", "0", "0", "0", "0", "0", "0", "0", "0" ], "duration": 1216.0, "sum": 1 }, "geometry": { "type": "Point", "coordinates": [ -122.287275671104837, 47.620861633498237 ] } },
{ "type": "Feature", "properties": { "lat": 47.620947265285629, "lon": -122.28723342426755, "time_of_day": "Morning", "causation": [ "0", "0", "0", "0", "0", "0", "0", "0", "1", "0", "0", "0", "0", "0", "0", "0", "0", "0", "0", "0", "0", "0", "0", "0" ], "duration": 1216.0, "sum": 1 }, "geometry": { "type": "Point", "coordinates": [ -122.287233424267555, 47.620947265285629 ] } },
{ "type": "Feature", "properties": { "lat": 47.621043330977777, "lon": -122.28652424782386, "time_of_day": "Morning", "causation": [ "0", "0", "0", "0", "0", "0", "0", "0", "1", "0", "0", "0", "0", "0", "0", "0", "0", "0", "0", "0", "0", "0", "0", "0" ], "duration": 1216.0, "sum": 1 }, "geometry": { "type": "Point", "coordinates": [ -122.286524247823863, 47.621043330977777 ] } },
{ "type": "Feature", "properties": { "lat": 47.62105328622556, "lon": -122.28722317402671, "time_of_day": "Morning", "causation": [ "0", "0", "0", "0", "0", "0", "0", "0", "1", "0", "0", "0", "0", "0", "0", "0", "0", "0", "0", "0", "0", "0", "0", "0" ], "duration": 1216.0, "sum": 1 }, "geometry": { "type": "Point", "coordinates": [ -122.287223174026707, 47.62105328622556 ] } },
{ "type": "Feature", "properties": { "lat": 47.62117081144757, "lon": -122.28719428927296, "time_of_day": "Morning", "causation": [ "0", "0", "0", "0", "0", "0", "0", "0", "1", "0", "0", "0", "0", "0", "0", "0", "0", "0", "0", "0", "0", "0", "0", "0" ], "duration": 1216.0, "sum": 1 }, "geometry": { "type": "Point", "coordinates": [ -122.287194289272961, 47.62117081144757 ] } },
{ "type": "Feature", "properties": { "lat": 47.621208319563223, "lon": -122.28573455859026, "time_of_day": "Morning", "causation": [ "0", "0", "0", "0", "0", "0", "0", "0", "1", "0", "0", "0", "0", "0", "0", "0", "0", "0", "0", "0", "0", "0", "0", "0" ], "duration": 1216.0, "sum": 1 }, "geometry": { "type": "Point", "coordinates": [ -122.285734558590264, 47.621208319563223 ] } },
{ "type": "Feature", "properties": { "lat": 47.621474614126271, "lon": -122.28619844361798, "time_of_day": "Morning", "causation": [ "0", "0", "0", "0", "0", "0", "0", "0", "1", "0", "0", "0", "0", "0", "0", "0", "0", "0", "0", "0", "0", "0", "0", "0" ], "duration": 1216.0, "sum": 1 }, "geometry": { "type": "Point", "coordinates": [ -122.286198443617977, 47.621474614126271 ] } },
{ "type": "Feature", "properties": { "lat": 47.621475832862892, "lon": -122.28753480050844, "time_of_day": "Morning", "causation": [ "0", "0", "0", "0", "0", "0", "0", "0", "1", "0", "0", "0", "0", "0", "0", "0", "0", "0", "0", "0", "0", "0", "0", "0" ], "duration": 1216.0, "sum": 1 }, "geometry": { "type": "Point", "coordinates": [ -122.287534800508439, 47.621475832862892 ] } },
{ "type": "Feature", "properties": { "lat": 47.621502062205842, "lon": -122.28687910283251, "time_of_day": "Morning", "causation": [ "0", "0", "0", "0", "0", "0", "0", "0", "1", "0", "0", "0", "0", "0", "0", "0", "0", "0", "0", "0", "0", "0", "0", "0" ], "duration": 1216.0, "sum": 1 }, "geometry": { "type": "Point", "coordinates": [ -122.286879102832515, 47.621502062205842 ] } },
{ "type": "Feature", "properties": { "lat": 47.621562561643373, "lon": -122.28754450066572, "time_of_day": "Morning", "causation": [ "0", "0", "0", "0", "0", "0", "0", "0", "1", "0", "0", "0", "0", "0", "0", "0", "0", "0", "0", "0", "0", "0", "0", "0" ], "duration": 1216.0, "sum": 1 }, "geometry": { "type": "Point", "coordinates": [ -122.287544500665717, 47.621562561643373 ] } },
{ "type": "Feature", "properties": { "lat": 47.621644298061398, "lon": -122.28629102390146, "time_of_day": "Morning", "causation": [ "0", "0", "0", "0", "0", "0", "0", "0", "1", "0", "0", "0", "0", "0", "0", "0", "0", "0", "0", "0", "0", "0", "0", "0" ], "duration": 1216.0, "sum": 1 }, "geometry": { "type": "Point", "coordinates": [ -122.286291023901455, 47.621644298061398 ] } },
{ "type": "Feature", "properties": { "lat": 47.621668652735501, "lon": -122.28691738289986, "time_of_day": "Morning", "causation": [ "0", "0", "0", "0", "0", "0", "0", "0", "1", "0", "0", "0", "0", "0", "0", "0", "0", "0", "0", "0", "0", "0", "0", "0" ], "duration": 1216.0, "sum": 1 }, "geometry": { "type": "Point", "coordinates": [ -122.286917382899858, 47.621668652735501 ] } },
{ "type": "Feature", "properties": { "lat": 47.621745742881664, "lon": -122.28756245734129, "time_of_day": "Morning", "causation": [ "0", "0", "0", "0", "0", "0", "0", "0", "1", "0", "0", "0", "0", "0", "0", "0", "0", "0", "0", "0", "0", "0", "0", "0" ], "duration": 1216.0, "sum": 1 }, "geometry": { "type": "Point", "coordinates": [ -122.287562457341295, 47.621745742881664 ] } },
{ "type": "Feature", "properties": { "lat": 47.621817756330188, "lon": -122.28689653363833, "time_of_day": "Morning", "causation": [ "0", "0", "0", "0", "0", "0", "0", "0", "1", "0", "0", "0", "0", "0", "0", "0", "0", "0", "0", "0", "0", "0", "0", "0" ], "duration": 1216.0, "sum": 1 }, "geometry": { "type": "Point", "coordinates": [ -122.286896533638327, 47.621817756330188 ] } },
{ "type": "Feature", "properties": { "lat": 47.621856450297287, "lon": -122.28751183053052, "time_of_day": "Morning", "causation": [ "0", "0", "0", "0", "0", "0", "0", "0", "1", "0", "0", "0", "0", "0", "0", "0", "0", "0", "0", "0", "0", "0", "0", "0" ], "duration": 1216.0, "sum": 1 }, "geometry": { "type": "Point", "coordinates": [ -122.287511830530519, 47.621856450297287 ] } },
{ "type": "Feature", "properties": { "lat": 47.621870561048105, "lon": -122.28631270206608, "time_of_day": "Morning", "causation": [ "0", "0", "0", "0", "0", "0", "0", "0", "2", "0", "0", "0", "0", "0", "0", "0", "0", "0", "0", "0", "0", "0", "0", "0" ], "duration": 2432.0, "sum": 2 }, "geometry": { "type": "Point", "coordinates": [ -122.286312702066084, 47.621870561048105 ] } },
{ "type": "Feature", "properties": { "lat": 47.622013478204849, "lon": -122.28690602145446, "time_of_day": "Morning", "causation": [ "0", "0", "0", "0", "0", "0", "0", "0", "1", "0", "0", "0", "0", "0", "0", "0", "0", "0", "0", "0", "0", "0", "0", "0" ], "duration": 1216.0, "sum": 1 }, "geometry": { "type": "Point", "coordinates": [ -122.286906021454456, 47.622013478204849 ] } },
{ "type": "Feature", "properties": { "lat": 47.622033548464159, "lon": -122.28749107188308, "time_of_day": "Morning", "causation": [ "0", "0", "0", "0", "0", "0", "0", "0", "1", "0", "0", "0", "0", "0", "0", "0", "0", "0", "0", "0", "0", "0", "0", "0" ], "duration": 1216.0, "sum": 1 }, "geometry": { "type": "Point", "coordinates": [ -122.287491071883082, 47.622033548464159 ] } },
{ "type": "Feature", "properties": { "lat": 47.622150185260757, "lon": -122.28627661301449, "time_of_day": "Morning", "causation": [ "0", "0", "0", "0", "0", "0", "0", "0", "1", "0", "0", "0", "0", "0", "0", "0", "0", "0", "0", "0", "0", "0", "0", "0" ], "duration": 1216.0, "sum": 1 }, "geometry": { "type": "Point", "coordinates": [ -122.286276613014493, 47.622150185260757 ] } },
{ "type": "Feature", "properties": { "lat": 47.622172569253422, "lon": -122.2869085036736, "time_of_day": "Morning", "causation": [ "0", "0", "0", "0", "0", "0", "0", "0", "1", "0", "0", "0", "0", "0", "0", "0", "0", "0", "0", "0", "0", "0", "0", "0" ], "duration": 1216.0, "sum": 1 }, "geometry": { "type": "Point", "coordinates": [ -122.286908503673601, 47.622172569253422 ] } },
{ "type": "Feature", "properties": { "lat": 47.622183580282467, "lon": -122.2874844774604, "time_of_day": "Morning", "causation": [ "0", "0", "0", "0", "0", "0", "0", "0", "1", "0", "0", "0", "0", "0", "0", "0", "0", "0", "0", "0", "0", "0", "0", "0" ], "duration": 1216.0, "sum": 1 }, "geometry": { "type": "Point", "coordinates": [ -122.287484477460396, 47.622183580282467 ] } },
{ "type": "Feature", "properties": { "lat": 47.622334519643331, "lon": -122.28694943689256, "time_of_day": "Morning", "causation": [ "0", "0", "0", "0", "0", "0", "0", "0", "1", "0", "0", "0", "0", "0", "0", "0", "0", "0", "0", "0", "0", "0", "0", "0" ], "duration": 1216.0, "sum": 1 }, "geometry": { "type": "Point", "coordinates": [ -122.286949436892556, 47.622334519643331 ] } },
{ "type": "Feature", "properties": { "lat": 47.622338664383442, "lon": -122.28677604527979, "time_of_day": "Morning", "causation": [ "0", "0", "0", "0", "0", "0", "0", "0", "1", "0", "0", "0", "0", "0", "0", "0", "0", "0", "0", "0", "0", "0", "0", "0" ], "duration": 1216.0, "sum": 1 }, "geometry": { "type": "Point", "coordinates": [ -122.286776045279794, 47.622338664383442 ] } },
{ "type": "Feature", "properties": { "lat": 47.62234317357855, "lon": -122.2866017918498, "time_of_day": "Morning", "causation": [ "0", "0", "0", "0", "0", "0", "0", "0", "1", "0", "0", "0", "0", "0", "0", "0", "0", "0", "0", "0", "0", "0", "0", "0" ], "duration": 1216.0, "sum": 1 }, "geometry": { "type": "Point", "coordinates": [ -122.286601791849804, 47.62234317357855 ] } },
{ "type": "Feature", "properties": { "lat": 47.62236192098819, "lon": -122.2864555271186, "time_of_day": "Morning", "causation": [ "0", "0", "0", "0", "0", "0", "0", "0", "1", "0", "0", "0", "0", "0", "0", "0", "0", "0", "0", "0", "0", "0", "0", "0" ], "duration": 1216.0, "sum": 1 }, "geometry": { "type": "Point", "coordinates": [ -122.286455527118605, 47.62236192098819 ] } },
{ "type": "Feature", "properties": { "lat": 47.622365395194841, "lon": -122.28755424015095, "time_of_day": "Morning", "causation": [ "0", "0", "0", "0", "0", "0", "0", "0", "1", "0", "0", "0", "0", "0", "0", "0", "0", "0", "0", "0", "0", "0", "0", "0" ], "duration": 1216.0, "sum": 1 }, "geometry": { "type": "Point", "coordinates": [ -122.287554240150953, 47.622365395194841 ] } },
{ "type": "Feature", "properties": { "lat": 47.622737769936471, "lon": -122.28648832002632, "time_of_day": "Morning", "causation": [ "0", "0", "0", "0", "0", "0", "0", "0", "1", "0", "0", "0", "0", "0", "0", "0", "0", "0", "0", "0", "0", "0", "0", "0" ], "duration": 1216.0, "sum": 1 }, "geometry": { "type": "Point", "coordinates": [ -122.286488320026322, 47.622737769936471 ] } },
{ "type": "Feature", "properties": { "lat": 47.622763589250823, "lon": -122.28681823796948, "time_of_day": "Morning", "causation": [ "0", "0", "0", "0", "0", "0", "0", "0", "1", "0", "0", "0", "0", "0", "0", "0", "0", "0", "0", "0", "0", "0", "0", "0" ], "duration": 1216.0, "sum": 1 }, "geometry": { "type": "Point", "coordinates": [ -122.286818237969484, 47.622763589250823 ] } },
{ "type": "Feature", "properties": { "lat": 47.623076267320663, "lon": -122.28710133887807, "time_of_day": "Morning", "causation": [ "0", "0", "0", "0", "0", "0", "0", "0", "3", "0", "0", "0", "0", "0", "0", "0", "0", "0", "0", "0", "0", "0", "0", "0" ], "duration": 3648.0, "sum": 3 }, "geometry": { "type": "Point", "coordinates": [ -122.287101338878074, 47.623076267320663 ] } },
{ "type": "Feature", "properties": { "lat": 47.623746478538969, "lon": -122.33339170112836, "time_of_day": "Morning", "causation": [ "0", "0", "0", "0", "0", "0", "0", "0", "0", "0", "0", "0", "0", "0", "0", "0", "0", "0", "72", "0", "0", "0", "0", "0" ], "duration": 2952.0, "sum": 72 }, "geometry": { "type": "Point", "coordinates": [ -122.333391701128363, 47.623746478538969 ] } },
{ "type": "Feature", "properties": { "lat": 47.629979111437592, "lon": -122.33005616491002, "time_of_day": "Morning", "causation": [ "0", "0", "0", "0", "0", "0", "0", "0", "1", "0", "0", "0", "0", "0", "0", "0", "0", "0", "0", "0", "0", "0", "0", "0" ], "duration": 374.0, "sum": 1 }, "geometry": { "type": "Point", "coordinates": [ -122.330056164910019, 47.629979111437592 ] } },
{ "type": "Feature", "properties": { "lat": 47.630185060454139, "lon": -122.32957668592972, "time_of_day": "Morning", "causation": [ "0", "0", "0", "0", "0", "0", "0", "0", "1", "0", "0", "0", "0", "0", "0", "0", "0", "0", "0", "0", "0", "0", "0", "0" ], "duration": 374.0, "sum": 1 }, "geometry": { "type": "Point", "coordinates": [ -122.329576685929723, 47.630185060454139 ] } },
{ "type": "Feature", "properties": { "lat": 47.630752442836602, "lon": -122.35158591721152, "time_of_day": "Morning", "causation": [ "0", "0", "2", "0", "0", "0", "0", "0", "0", "0", "0", "0", "0", "0", "0", "0", "0", "0", "0", "0", "0", "0", "0", "0" ], "duration": 314.0, "sum": 2 }, "geometry": { "type": "Point", "coordinates": [ -122.351585917211523, 47.630752442836602 ] } },
{ "type": "Feature", "properties": { "lat": 47.630784580634369, "lon": -122.35105546214174, "time_of_day": "Morning", "causation": [ "0", "0", "1", "0", "0", "0", "0", "0", "0", "0", "0", "0", "0", "0", "0", "0", "0", "0", "0", "0", "0", "0", "0", "0" ], "duration": 157.0, "sum": 1 }, "geometry": { "type": "Point", "coordinates": [ -122.351055462141744, 47.630784580634369 ] } },
{ "type": "Feature", "properties": { "lat": 47.630792041098019, "lon": -122.35187102367968, "time_of_day": "Morning", "causation": [ "0", "0", "2", "0", "0", "0", "0", "0", "0", "0", "0", "0", "0", "0", "0", "0", "0", "0", "0", "0", "0", "0", "0", "0" ], "duration": 314.0, "sum": 2 }, "geometry": { "type": "Point", "coordinates": [ -122.351871023679678, 47.630792041098019 ] } },
{ "type": "Feature", "properties": { "lat": 47.630794028512739, "lon": -122.32694181646468, "time_of_day": "Morning", "causation": [ "0", "0", "0", "0", "0", "0", "0", "0", "0", "0", "0", "0", "0", "0", "0", "0", "0", "0", "1", "0", "0", "0", "0", "0" ], "duration": 219.0, "sum": 1 }, "geometry": { "type": "Point", "coordinates": [ -122.326941816464682, 47.630794028512739 ] } },
{ "type": "Feature", "properties": { "lat": 47.63081356142785, "lon": -122.32919614564632, "time_of_day": "Morning", "causation": [ "0", "0", "0", "0", "0", "0", "0", "0", "117", "0", "0", "0", "0", "0", "0", "0", "0", "0", "0", "0", "0", "0", "0", "0" ], "duration": 43758.0, "sum": 117 }, "geometry": { "type": "Point", "coordinates": [ -122.329196145646321, 47.63081356142785 ] } },
{ "type": "Feature", "properties": { "lat": 47.630898395271792, "lon": -122.35107957246603, "time_of_day": "Morning", "causation": [ "0", "0", "1", "0", "0", "0", "0", "0", "0", "0", "0", "0", "0", "0", "0", "0", "0", "0", "0", "0", "0", "0", "0", "0" ], "duration": 157.0, "sum": 1 }, "geometry": { "type": "Point", "coordinates": [ -122.351079572466034, 47.630898395271792 ] } },
{ "type": "Feature", "properties": { "lat": 47.63090227503568, "lon": -122.35084644008252, "time_of_day": "Morning", "causation": [ "0", "0", "1", "0", "0", "0", "0", "0", "0", "0", "0", "0", "0", "0", "0", "0", "0", "0", "0", "0", "0", "0", "0", "0" ], "duration": 157.0, "sum": 1 }, "geometry": { "type": "Point", "coordinates": [ -122.35084644008252, 47.63090227503568 ] } },
{ "type": "Feature", "properties": { "lat": 47.631107640461913, "lon": -122.35101570428284, "time_of_day": "Morning", "causation": [ "0", "0", "1", "0", "0", "0", "0", "0", "0", "0", "0", "0", "0", "0", "0", "0", "0", "0", "0", "0", "0", "0", "0", "0" ], "duration": 157.0, "sum": 1 }, "geometry": { "type": "Point", "coordinates": [ -122.351015704282844, 47.631107640461913 ] } },
{ "type": "Feature", "properties": { "lat": 47.636831361158563, "lon": -122.40813435418534, "time_of_day": "Morning", "causation": [ "0", "0", "0", "0", "0", "0", "0", "0", "0", "0", "0", "0", "0", "0", "0", "0", "0", "0", "1", "0", "0", "0", "0", "0" ], "duration": 502.0, "sum": 1 }, "geometry": { "type": "Point", "coordinates": [ -122.408134354185336, 47.636831361158563 ] } },
{ "type": "Feature", "properties": { "lat": 47.636958967063045, "lon": -122.40839627444072, "time_of_day": "Morning", "causation": [ "0", "0", "0", "0", "0", "0", "0", "0", "0", "0", "0", "0", "0", "0", "0", "0", "0", "0", "1", "0", "0", "0", "0", "0" ], "duration": 502.0, "sum": 1 }, "geometry": { "type": "Point", "coordinates": [ -122.408396274440719, 47.636958967063045 ] } },
{ "type": "Feature", "properties": { "lat": 47.636966540958433, "lon": -122.40880707416588, "time_of_day": "Morning", "causation": [ "0", "0", "0", "0", "0", "0", "0", "0", "0", "0", "0", "0", "0", "0", "0", "0", "0", "0", "1", "0", "0", "0", "0", "0" ], "duration": 502.0, "sum": 1 }, "geometry": { "type": "Point", "coordinates": [ -122.408807074165878, 47.636966540958433 ] } },
{ "type": "Feature", "properties": { "lat": 47.637047289161984, "lon": -122.40908205645644, "time_of_day": "Morning", "causation": [ "0", "0", "0", "0", "0", "0", "0", "0", "0", "0", "0", "0", "0", "0", "0", "0", "0", "0", "1", "0", "0", "0", "0", "0" ], "duration": 502.0, "sum": 1 }, "geometry": { "type": "Point", "coordinates": [ -122.409082056456441, 47.637047289161984 ] } },
{ "type": "Feature", "properties": { "lat": 47.637317182208783, "lon": -122.40956970325404, "time_of_day": "Morning", "causation": [ "0", "0", "0", "0", "0", "0", "0", "0", "0", "0", "0", "0", "0", "0", "0", "0", "0", "0", "1", "0", "0", "0", "0", "0" ], "duration": 502.0, "sum": 1 }, "geometry": { "type": "Point", "coordinates": [ -122.409569703254036, 47.637317182208783 ] } },
{ "type": "Feature", "properties": { "lat": 47.637604081435057, "lon": -122.40967550378484, "time_of_day": "Morning", "causation": [ "0", "0", "0", "0", "0", "0", "0", "0", "0", "0", "0", "0", "0", "0", "0", "0", "0", "0", "1", "0", "0", "0", "0", "0" ], "duration": 502.0, "sum": 1 }, "geometry": { "type": "Point", "coordinates": [ -122.40967550378484, 47.637604081435057 ] } },
{ "type": "Feature", "properties": { "lat": 47.637649690803727, "lon": -122.40979704745806, "time_of_day": "Morning", "causation": [ "0", "0", "0", "0", "0", "0", "0", "0", "0", "0", "0", "0", "0", "0", "0", "0", "0", "0", "1", "0", "0", "0", "0", "0" ], "duration": 502.0, "sum": 1 }, "geometry": { "type": "Point", "coordinates": [ -122.409797047458056, 47.637649690803727 ] } },
{ "type": "Feature", "properties": { "lat": 47.637802223083277, "lon": -122.4101225551068, "time_of_day": "Morning", "causation": [ "0", "0", "0", "0", "0", "0", "0", "0", "0", "0", "0", "0", "0", "0", "0", "0", "0", "0", "1", "0", "0", "0", "0", "0" ], "duration": 502.0, "sum": 1 }, "geometry": { "type": "Point", "coordinates": [ -122.410122555106796, 47.637802223083277 ] } },
{ "type": "Feature", "properties": { "lat": 47.637963210101645, "lon": -122.4102874303092, "time_of_day": "Morning", "causation": [ "0", "0", "0", "0", "0", "0", "0", "0", "0", "0", "0", "0", "0", "0", "0", "0", "0", "0", "2", "0", "0", "0", "0", "0" ], "duration": 1004.0, "sum": 2 }, "geometry": { "type": "Point", "coordinates": [ -122.410287430309197, 47.637963210101645 ] } },
{ "type": "Feature", "properties": { "lat": 47.638122288670957, "lon": -122.41049484385564, "time_of_day": "Morning", "causation": [ "0", "0", "0", "0", "0", "0", "0", "0", "0", "0", "0", "0", "0", "0", "0", "0", "0", "0", "1", "0", "0", "0", "0", "0" ], "duration": 502.0, "sum": 1 }, "geometry": { "type": "Point", "coordinates": [ -122.410494843855645, 47.638122288670957 ] } },
{ "type": "Feature", "properties": { "lat": 47.638172673136012, "lon": -122.41083694710682, "time_of_day": "Morning", "causation": [ "0", "0", "0", "0", "0", "0", "0", "0", "0", "0", "0", "0", "0", "0", "0", "0", "0", "0", "3", "0", "0", "0", "0", "0" ], "duration": 1506.0, "sum": 3 }, "geometry": { "type": "Point", "coordinates": [ -122.410836947106816, 47.638172673136012 ] } },
{ "type": "Feature", "properties": { "lat": 47.638303448099336, "lon": -122.41103418135836, "time_of_day": "Morning", "causation": [ "0", "0", "0", "0", "0", "0", "0", "0", "0", "0", "0", "0", "0", "0", "0", "0", "0", "0", "1", "0", "0", "0", "0", "0" ], "duration": 502.0, "sum": 1 }, "geometry": { "type": "Point", "coordinates": [ -122.41103418135836, 47.638303448099336 ] } },
{ "type": "Feature", "properties": { "lat": 47.63841122875948, "lon": -122.41062131497384, "time_of_day": "Morning", "causation": [ "0", "0", "0", "0", "0", "0", "0", "0", "0", "0", "0", "0", "0", "0", "0", "0", "0", "0", "1", "0", "0", "0", "0", "0" ], "duration": 502.0, "sum": 1 }, "geometry": { "type": "Point", "coordinates": [ -122.410621314973838, 47.63841122875948 ] } },
{ "type": "Feature", "properties": { "lat": 47.638471987243179, "lon": -122.41134748787459, "time_of_day": "Morning", "causation": [ "0", "0", "0", "0", "0", "0", "0", "0", "0", "0", "0", "0", "0", "0", "0", "0", "0", "0", "1", "0", "0", "0", "0", "0" ], "duration": 502.0, "sum": 1 }, "geometry": { "type": "Point", "coordinates": [ -122.411347487874593, 47.638471987243179 ] } },
{ "type": "Feature", "properties": { "lat": 47.638546618302335, "lon": -122.4116101820898, "time_of_day": "Morning", "causation": [ "0", "0", "0", "0", "0", "0", "0", "0", "0", "0", "0", "0", "0", "0", "0", "0", "0", "0", "1", "0", "0", "0", "0", "0" ], "duration": 502.0, "sum": 1 }, "geometry": { "type": "Point", "coordinates": [ -122.411610182089802, 47.638546618302335 ] } },
{ "type": "Feature", "properties": { "lat": 47.638764822817897, "lon": -122.4118143496428, "time_of_day": "Morning", "causation": [ "0", "0", "0", "0", "0", "0", "0", "0", "0", "0", "0", "0", "0", "0", "0", "0", "0", "0", "1", "0", "0", "0", "0", "0" ], "duration": 502.0, "sum": 1 }, "geometry": { "type": "Point", "coordinates": [ -122.411814349642796, 47.638764822817897 ] } },
{ "type": "Feature", "properties": { "lat": 47.63909223859698, "lon": -122.41179185473828, "time_of_day": "Morning", "causation": [ "0", "0", "0", "0", "0", "0", "0", "0", "0", "0", "0", "0", "0", "0", "0", "0", "0", "0", "1", "0", "0", "0", "0", "0" ], "duration": 502.0, "sum": 1 }, "geometry": { "type": "Point", "coordinates": [ -122.411791854738283, 47.63909223859698 ] } },
{ "type": "Feature", "properties": { "lat": 47.639291917838293, "lon": -122.41250017816158, "time_of_day": "Morning", "causation": [ "0", "0", "0", "0", "0", "0", "0", "0", "0", "0", "0", "0", "0", "0", "0", "0", "0", "0", "1", "0", "0", "0", "0", "0" ], "duration": 502.0, "sum": 1 }, "geometry": { "type": "Point", "coordinates": [ -122.412500178161579, 47.639291917838293 ] } },
{ "type": "Feature", "properties": { "lat": 47.639563847331118, "lon": -122.41280150644516, "time_of_day": "Morning", "causation": [ "0", "0", "0", "0", "0", "0", "0", "0", "0", "0", "0", "0", "0", "0", "0", "0", "0", "0", "1", "0", "0", "0", "0", "0" ], "duration": 502.0, "sum": 1 }, "geometry": { "type": "Point", "coordinates": [ -122.412801506445163, 47.639563847331118 ] } },
{ "type": "Feature", "properties": { "lat": 47.639686645773637, "lon": -122.41312831059776, "time_of_day": "Morning", "causation": [ "0", "0", "0", "0", "0", "0", "0", "0", "0", "0", "0", "0", "0", "0", "0", "0", "0", "0", "1", "0", "0", "0", "0", "0" ], "duration": 502.0, "sum": 1 }, "geometry": { "type": "Point", "coordinates": [ -122.413128310597756, 47.639686645773637 ] } },
{ "type": "Feature", "properties": { "lat": 47.639846726226502, "lon": -122.41328771266367, "time_of_day": "Morning", "causation": [ "0", "0", "0", "0", "0", "0", "0", "0", "0", "0", "0", "0", "0", "0", "0", "0", "0", "0", "2", "0", "0", "0", "0", "0" ], "duration": 1004.0, "sum": 2 }, "geometry": { "type": "Point", "coordinates": [ -122.413287712663674, 47.639846726226502 ] } },
{ "type": "Feature", "properties": { "lat": 47.639940583861438, "lon": -122.41270937208392, "time_of_day": "Morning", "causation": [ "0", "0", "0", "0", "0", "0", "0", "0", "0", "0", "0", "0", "0", "0", "0", "0", "0", "0", "1", "0", "0", "0", "0", "0" ], "duration": 502.0, "sum": 1 }, "geometry": { "type": "Point", "coordinates": [ -122.412709372083924, 47.639940583861438 ] } },
{ "type": "Feature", "properties": { "lat": 47.640004029815628, "lon": -122.4134594261549, "time_of_day": "Morning", "causation": [ "0", "0", "0", "0", "0", "0", "0", "0", "0", "0", "0", "0", "0", "0", "0", "0", "0", "0", "1", "0", "0", "0", "0", "0" ], "duration": 502.0, "sum": 1 }, "geometry": { "type": "Point", "coordinates": [ -122.413459426154901, 47.640004029815628 ] } },
{ "type": "Feature", "properties": { "lat": 47.640137748521852, "lon": -122.41370663097813, "time_of_day": "Morning", "causation": [ "0", "0", "0", "0", "0", "0", "0", "0", "0", "0", "0", "0", "0", "0", "0", "0", "0", "0", "1", "0", "0", "0", "0", "0" ], "duration": 502.0, "sum": 1 }, "geometry": { "type": "Point", "coordinates": [ -122.413706630978126, 47.640137748521852 ] } },
{ "type": "Feature", "properties": { "lat": 47.640428820971223, "lon": -122.41381588962152, "time_of_day": "Morning", "causation": [ "0", "0", "0", "0", "0", "0", "0", "0", "0", "0", "0", "0", "0", "0", "0", "0", "0", "0", "2", "0", "0", "0", "0", "0" ], "duration": 1004.0, "sum": 2 }, "geometry": { "type": "Point", "coordinates": [ -122.413815889621517, 47.640428820971223 ] } },
{ "type": "Feature", "properties": { "lat": 47.64047529171944, "lon": -122.41398236746576, "time_of_day": "Morning", "causation": [ "0", "0", "0", "0", "0", "0", "0", "0", "0", "0", "0", "0", "0", "0", "0", "0", "0", "0", "1", "0", "0", "0", "0", "0" ], "duration": 502.0, "sum": 1 }, "geometry": { "type": "Point", "coordinates": [ -122.413982367465763, 47.64047529171944 ] } },
{ "type": "Feature", "properties": { "lat": 47.640603069316747, "lon": -122.4148981184708, "time_of_day": "Morning", "causation": [ "0", "0", "0", "0", "0", "0", "0", "0", "0", "0", "0", "0", "0", "0", "0", "0", "0", "0", "1", "0", "0", "0", "0", "0" ], "duration": 502.0, "sum": 1 }, "geometry": { "type": "Point", "coordinates": [ -122.414898118470802, 47.640603069316747 ] } },
{ "type": "Feature", "properties": { "lat": 47.640669743184851, "lon": -122.41421414225594, "time_of_day": "Morning", "causation": [ "0", "0", "0", "0", "0", "0", "0", "0", "0", "0", "0", "0", "0", "0", "0", "0", "0", "0", "1", "0", "0", "0", "0", "0" ], "duration": 502.0, "sum": 1 }, "geometry": { "type": "Point", "coordinates": [ -122.414214142255943, 47.640669743184851 ] } },
{ "type": "Feature", "properties": { "lat": 47.640938515997092, "lon": -122.41444909543516, "time_of_day": "Morning", "causation": [ "0", "0", "0", "0", "0", "0", "0", "0", "0", "0", "0", "0", "0", "0", "0", "0", "0", "0", "1", "0", "0", "0", "0", "0" ], "duration": 502.0, "sum": 1 }, "geometry": { "type": "Point", "coordinates": [ -122.41444909543516, 47.640938515997092 ] } },
{ "type": "Feature", "properties": { "lat": 47.641091809149408, "lon": -122.41481900722576, "time_of_day": "Morning", "causation": [ "0", "0", "0", "0", "0", "0", "0", "0", "0", "0", "0", "0", "0", "0", "0", "0", "0", "0", "2", "0", "0", "0", "0", "0" ], "duration": 1004.0, "sum": 2 }, "geometry": { "type": "Point", "coordinates": [ -122.414819007225759, 47.641091809149408 ] } },
{ "type": "Feature", "properties": { "lat": 47.64114253313187, "lon": -122.4149555365852, "time_of_day": "Morning", "causation": [ "0", "0", "0", "0", "0", "0", "0", "0", "0", "0", "0", "0", "0", "0", "0", "0", "0", "0", "1", "0", "0", "0", "0", "0" ], "duration": 502.0, "sum": 1 }, "geometry": { "type": "Point", "coordinates": [ -122.414955536585197, 47.64114253313187 ] } },
{ "type": "Feature", "properties": { "lat": 47.641312513284412, "lon": -122.41554307461648, "time_of_day": "Morning", "causation": [ "0", "0", "0", "0", "0", "0", "0", "0", "0", "0", "0", "0", "0", "0", "0", "0", "0", "0", "1", "0", "0", "0", "0", "0" ], "duration": 502.0, "sum": 1 }, "geometry": { "type": "Point", "coordinates": [ -122.41554307461648, 47.641312513284412 ] } },
{ "type": "Feature", "properties": { "lat": 47.641339075703272, "lon": -122.41487819709788, "time_of_day": "Morning", "causation": [ "0", "0", "0", "0", "0", "0", "0", "0", "0", "0", "0", "0", "0", "0", "0", "0", "0", "0", "2", "0", "0", "0", "0", "0" ], "duration": 1004.0, "sum": 2 }, "geometry": { "type": "Point", "coordinates": [ -122.414878197097877, 47.641339075703272 ] } },
{ "type": "Feature", "properties": { "lat": 47.641369382291167, "lon": -122.41449056462686, "time_of_day": "Morning", "causation": [ "0", "0", "0", "0", "0", "0", "0", "0", "0", "0", "0", "0", "0", "0", "0", "0", "0", "0", "1", "0", "0", "0", "0", "0" ], "duration": 502.0, "sum": 1 }, "geometry": { "type": "Point", "coordinates": [ -122.41449056462686, 47.641369382291167 ] } },
{ "type": "Feature", "properties": { "lat": 47.6414549260912, "lon": -122.415731067045, "time_of_day": "Morning", "causation": [ "0", "0", "0", "0", "0", "0", "0", "0", "0", "0", "0", "0", "0", "0", "0", "0", "0", "0", "1", "0", "0", "0", "0", "0" ], "duration": 502.0, "sum": 1 }, "geometry": { "type": "Point", "coordinates": [ -122.415731067045002, 47.6414549260912 ] } },
{ "type": "Feature", "properties": { "lat": 47.641675577959887, "lon": -122.4157483954117, "time_of_day": "Morning", "causation": [ "0", "0", "0", "0", "0", "0", "0", "0", "0", "0", "0", "0", "0", "0", "0", "0", "0", "0", "1", "0", "0", "0", "0", "0" ], "duration": 502.0, "sum": 1 }, "geometry": { "type": "Point", "coordinates": [ -122.415748395411697, 47.641675577959887 ] } },
{ "type": "Feature", "properties": { "lat": 47.641680191155032, "lon": -122.41530768801567, "time_of_day": "Morning", "causation": [ "0", "0", "0", "0", "0", "0", "0", "0", "0", "0", "0", "0", "0", "0", "0", "0", "0", "0", "1", "0", "0", "0", "0", "0" ], "duration": 502.0, "sum": 1 }, "geometry": { "type": "Point", "coordinates": [ -122.415307688015673, 47.641680191155032 ] } },
{ "type": "Feature", "properties": { "lat": 47.641845060867837, "lon": -122.41601382072332, "time_of_day": "Morning", "causation": [ "0", "0", "0", "0", "0", "0", "0", "0", "0", "0", "0", "0", "0", "0", "0", "0", "0", "0", "1", "0", "0", "0", "0", "0" ], "duration": 502.0, "sum": 1 }, "geometry": { "type": "Point", "coordinates": [ -122.416013820723322, 47.641845060867837 ] } },
{ "type": "Feature", "properties": { "lat": 47.641947040672655, "lon": -122.41544088674024, "time_of_day": "Morning", "causation": [ "0", "0", "0", "0", "0", "0", "0", "0", "0", "0", "0", "0", "0", "0", "0", "0", "0", "0", "1", "0", "0", "0", "0", "0" ], "duration": 502.0, "sum": 1 }, "geometry": { "type": "Point", "coordinates": [ -122.415440886740242, 47.641947040672655 ] } },
{ "type": "Feature", "properties": { "lat": 47.641964192888601, "lon": -122.4156514021581, "time_of_day": "Morning", "causation": [ "0", "0", "0", "0", "0", "0", "0", "0", "0", "0", "0", "0", "0", "0", "0", "0", "0", "0", "1", "0", "0", "0", "0", "0" ], "duration": 502.0, "sum": 1 }, "geometry": { "type": "Point", "coordinates": [ -122.415651402158105, 47.641964192888601 ] } },
{ "type": "Feature", "properties": { "lat": 47.642181933830329, "lon": -122.41590166601738, "time_of_day": "Morning", "causation": [ "0", "0", "0", "0", "0", "0", "0", "0", "0", "0", "0", "0", "0", "0", "0", "0", "0", "0", "1", "0", "0", "0", "0", "0" ], "duration": 502.0, "sum": 1 }, "geometry": { "type": "Point", "coordinates": [ -122.415901666017376, 47.642181933830329 ] } },
{ "type": "Feature", "properties": { "lat": 47.64232327016083, "lon": -122.4159307215574, "time_of_day": "Morning", "causation": [ "0", "0", "0", "0", "0", "0", "0", "0", "0", "0", "0", "0", "0", "0", "0", "0", "0", "0", "1", "0", "0", "0", "0", "0" ], "duration": 502.0, "sum": 1 }, "geometry": { "type": "Point", "coordinates": [ -122.415930721557402, 47.64232327016083 ] } },
{ "type": "Feature", "properties": { "lat": 47.642430282405712, "lon": -122.34384346444456, "time_of_day": "Morning", "causation": [ "0", "0", "0", "0", "0", "0", "0", "0", "0", "0", "0", "0", "0", "0", "0", "0", "0", "0", "1", "0", "0", "0", "0", "0" ], "duration": 300.0, "sum": 1 }, "geometry": { "type": "Point", "coordinates": [ -122.343843464444561, 47.642430282405712 ] } },
{ "type": "Feature", "properties": { "lat": 47.642441903533431, "lon": -122.41624291055427, "time_of_day": "Morning", "causation": [ "0", "0", "0", "0", "0", "0", "0", "0", "0", "0", "0", "0", "0", "0", "0", "0", "0", "0", "1", "0", "0", "0", "0", "0" ], "duration": 502.0, "sum": 1 }, "geometry": { "type": "Point", "coordinates": [ -122.416242910554274, 47.642441903533431 ] } },
{ "type": "Feature", "properties": { "lat": 47.642497213790307, "lon": -122.41510093377823, "time_of_day": "Morning", "causation": [ "0", "0", "0", "0", "0", "0", "0", "0", "0", "0", "0", "0", "0", "0", "0", "0", "0", "0", "1", "0", "0", "0", "0", "0" ], "duration": 502.0, "sum": 1 }, "geometry": { "type": "Point", "coordinates": [ -122.415100933778234, 47.642497213790307 ] } },
{ "type": "Feature", "properties": { "lat": 47.642753279662152, "lon": -122.41651346474876, "time_of_day": "Morning", "causation": [ "0", "0", "0", "0", "0", "0", "0", "0", "0", "0", "0", "0", "0", "0", "0", "0", "0", "0", "1", "0", "0", "0", "0", "0" ], "duration": 502.0, "sum": 1 }, "geometry": { "type": "Point", "coordinates": [ -122.41651346474876, 47.642753279662152 ] } },
{ "type": "Feature", "properties": { "lat": 47.642907153125734, "lon": -122.41527180619296, "time_of_day": "Morning", "causation": [ "0", "0", "0", "0", "0", "0", "0", "0", "0", "0", "0", "0", "0", "0", "0", "0", "0", "0", "1", "0", "0", "0", "0", "0" ], "duration": 502.0, "sum": 1 }, "geometry": { "type": "Point", "coordinates": [ -122.415271806192962, 47.642907153125734 ] } },
{ "type": "Feature", "properties": { "lat": 47.642980463851323, "lon": -122.41668235512502, "time_of_day": "Morning", "causation": [ "0", "0", "0", "0", "0", "0", "0", "0", "0", "0", "0", "0", "0", "0", "0", "0", "0", "0", "1", "0", "0", "0", "0", "0" ], "duration": 502.0, "sum": 1 }, "geometry": { "type": "Point", "coordinates": [ -122.416682355125019, 47.642980463851323 ] } },
{ "type": "Feature", "properties": { "lat": 47.643064666022731, "lon": -122.41578795994606, "time_of_day": "Morning", "causation": [ "0", "0", "0", "0", "0", "0", "0", "0", "0", "0", "0", "0", "0", "0", "0", "0", "0", "0", "1", "0", "0", "0", "0", "0" ], "duration": 502.0, "sum": 1 }, "geometry": { "type": "Point", "coordinates": [ -122.415787959946059, 47.643064666022731 ] } },
{ "type": "Feature", "properties": { "lat": 47.643279036349163, "lon": -122.41578435609766, "time_of_day": "Morning", "causation": [ "0", "0", "0", "0", "0", "0", "0", "0", "0", "0", "0", "0", "0", "0", "0", "0", "0", "0", "1", "0", "0", "0", "0", "0" ], "duration": 502.0, "sum": 1 }, "geometry": { "type": "Point", "coordinates": [ -122.41578435609766, 47.643279036349163 ] } },
{ "type": "Feature", "properties": { "lat": 47.643286155720929, "lon": -122.41529275347509, "time_of_day": "Morning", "causation": [ "0", "0", "0", "0", "0", "0", "0", "0", "0", "0", "0", "0", "0", "0", "0", "0", "0", "0", "1", "0", "0", "0", "0", "0" ], "duration": 502.0, "sum": 1 }, "geometry": { "type": "Point", "coordinates": [ -122.415292753475086, 47.643286155720929 ] } },
{ "type": "Feature", "properties": { "lat": 47.643400071706921, "lon": -122.41562669335342, "time_of_day": "Morning", "causation": [ "0", "0", "0", "0", "0", "0", "0", "0", "0", "0", "0", "0", "0", "0", "0", "0", "0", "0", "1", "0", "0", "0", "0", "0" ], "duration": 502.0, "sum": 1 }, "geometry": { "type": "Point", "coordinates": [ -122.415626693353417, 47.643400071706921 ] } },
{ "type": "Feature", "properties": { "lat": 47.64345871094357, "lon": -122.4164111844038, "time_of_day": "Morning", "causation": [ "0", "0", "0", "0", "0", "0", "0", "0", "0", "0", "0", "0", "0", "0", "0", "0", "0", "0", "1", "0", "0", "0", "0", "0" ], "duration": 502.0, "sum": 1 }, "geometry": { "type": "Point", "coordinates": [ -122.416411184403799, 47.64345871094357 ] } },
{ "type": "Feature", "properties": { "lat": 47.643516836437129, "lon": -122.41555411145234, "time_of_day": "Morning", "causation": [ "0", "0", "0", "0", "0", "0", "0", "0", "0", "0", "0", "0", "0", "0", "0", "0", "0", "0", "1", "0", "0", "0", "0", "0" ], "duration": 502.0, "sum": 1 }, "geometry": { "type": "Point", "coordinates": [ -122.415554111452337, 47.643516836437129 ] } },
{ "type": "Feature", "properties": { "lat": 47.643587928311078, "lon": -122.41648059014705, "time_of_day": "Morning", "causation": [ "0", "0", "0", "0", "0", "0", "0", "0", "0", "0", "0", "0", "0", "0", "0", "0", "0", "0", "1", "0", "0", "0", "0", "0" ], "duration": 502.0, "sum": 1 }, "geometry": { "type": "Point", "coordinates": [ -122.416480590147046, 47.643587928311078 ] } },
{ "type": "Feature", "properties": { "lat": 47.643692061372775, "lon": -122.41528403138769, "time_of_day": "Morning", "causation": [ "0", "0", "0", "0", "0", "0", "0", "0", "0", "0", "0", "0", "0", "0", "0", "0", "0", "0", "1", "0", "0", "0", "0", "0" ], "duration": 502.0, "sum": 1 }, "geometry": { "type": "Point", "coordinates": [ -122.415284031387685, 47.643692061372775 ] } },
{ "type": "Feature", "properties": { "lat": 47.643786974752473, "lon": -122.41490257044524, "time_of_day": "Morning", "causation": [ "0", "0", "0", "0", "0", "0", "0", "0", "0", "0", "0", "0", "0", "0", "0", "0", "0", "0", "1", "0", "0", "0", "0", "0" ], "duration": 502.0, "sum": 1 }, "geometry": { "type": "Point", "coordinates": [ -122.414902570445236, 47.643786974752473 ] } },
{ "type": "Feature", "properties": { "lat": 47.643831332353152, "lon": -122.41591238826447, "time_of_day": "Morning", "causation": [ "0", "0", "0", "0", "0", "0", "0", "0", "0", "0", "0", "0", "0", "0", "0", "0", "0", "0", "1", "0", "0", "0", "0", "0" ], "duration": 502.0, "sum": 1 }, "geometry": { "type": "Point", "coordinates": [ -122.415912388264474, 47.643831332353152 ] } },
{ "type": "Feature", "properties": { "lat": 47.643865038614393, "lon": -122.41465638894432, "time_of_day": "Morning", "causation": [ "0", "0", "0", "0", "0", "0", "0", "0", "0", "0", "0", "0", "0", "0", "0", "0", "0", "0", "1", "0", "0", "0", "0", "0" ], "duration": 502.0, "sum": 1 }, "geometry": { "type": "Point", "coordinates": [ -122.414656388944323, 47.643865038614393 ] } },
{ "type": "Feature", "properties": { "lat": 47.649944888418368, "lon": -122.37908603918341, "time_of_day": "Morning", "causation": [ "0", "0", "0", "0", "0", "0", "0", "0", "0", "0", "0", "0", "0", "0", "0", "0", "0", "0", "8", "0", "0", "0", "0", "0" ], "duration": 80.0, "sum": 8 }, "geometry": { "type": "Point", "coordinates": [ -122.379086039183406, 47.649944888418368 ] } },
{ "type": "Feature", "properties": { "lat": 47.650315264865057, "lon": -122.306016389669, "time_of_day": "Late Night", "causation": [ "0", "0", "0", "0", "0", "0", "0", "0", "1", "0", "0", "0", "0", "0", "0", "0", "0", "0", "0", "0", "0", "0", "0", "0" ], "duration": 49.0, "sum": 1 }, "geometry": { "type": "Point", "coordinates": [ -122.306016389668997, 47.650315264865057 ] } },
{ "type": "Feature", "properties": { "lat": 47.65400872700944, "lon": -122.31630701631489, "time_of_day": "Morning", "causation": [ "0", "0", "0", "0", "0", "0", "0", "0", "163", "0", "0", "0", "0", "0", "0", "0", "0", "0", "0", "0", "0", "0", "0", "0" ], "duration": 278730.0, "sum": 163 }, "geometry": { "type": "Point", "coordinates": [ -122.316307016314894, 47.65400872700944 ] } },
{ "type": "Feature", "properties": { "lat": 47.661108548170361, "lon": -122.34400340910857, "time_of_day": "Morning", "causation": [ "0", "0", "0", "0", "0", "0", "0", "0", "1", "0", "0", "0", "0", "0", "0", "0", "0", "0", "0", "0", "0", "0", "0", "0" ], "duration": 139.0, "sum": 1 }, "geometry": { "type": "Point", "coordinates": [ -122.344003409108566, 47.661108548170361 ] } },
{ "type": "Feature", "properties": { "lat": 47.661163914932267, "lon": -122.34173897096936, "time_of_day": "Late Night", "causation": [ "0", "0", "0", "0", "0", "0", "0", "0", "2", "0", "0", "0", "0", "0", "0", "0", "0", "0", "0", "0", "0", "0", "0", "0" ], "duration": 140.0, "sum": 2 }, "geometry": { "type": "Point", "coordinates": [ -122.341738970969359, 47.661163914932267 ] } },
{ "type": "Feature", "properties": { "lat": 47.661175695239457, "lon": -122.33992054977948, "time_of_day": "Late Night", "causation": [ "0", "0", "0", "0", "0", "0", "0", "0", "1", "0", "0", "0", "0", "0", "0", "0", "0", "0", "0", "0", "0", "0", "0", "0" ], "duration": 465.0, "sum": 1 }, "geometry": { "type": "Point", "coordinates": [ -122.339920549779478, 47.661175695239457 ] } },
{ "type": "Feature", "properties": { "lat": 47.661185170933251, "lon": -122.33948023801524, "time_of_day": "Late Night", "causation": [ "0", "0", "0", "0", "0", "0", "0", "0", "1", "0", "0", "0", "0", "0", "0", "0", "0", "0", "0", "0", "0", "0", "0", "0" ], "duration": 465.0, "sum": 1 }, "geometry": { "type": "Point", "coordinates": [ -122.339480238015241, 47.661185170933251 ] } },
{ "type": "Feature", "properties": { "lat": 47.661190830349931, "lon": -122.33961589273508, "time_of_day": "Late Night", "causation": [ "0", "0", "0", "0", "0", "0", "0", "0", "3", "0", "0", "0", "0", "0", "0", "0", "0", "0", "0", "0", "0", "0", "0", "0" ], "duration": 1395.0, "sum": 3 }, "geometry": { "type": "Point", "coordinates": [ -122.339615892735083, 47.661190830349931 ] } },
{ "type": "Feature", "properties": { "lat": 47.661196195172494, "lon": -122.33978575055345, "time_of_day": "Late Night", "causation": [ "0", "0", "0", "0", "0", "0", "0", "0", "1", "0", "0", "0", "0", "0", "0", "0", "0", "0", "0", "0", "0", "0", "0", "0" ], "duration": 465.0, "sum": 1 }, "geometry": { "type": "Point", "coordinates": [ -122.339785750553446, 47.661196195172494 ] } },
{ "type": "Feature", "properties": { "lat": 47.661204725017853, "lon": -122.34008512709934, "time_of_day": "Late Night", "causation": [ "0", "0", "0", "0", "0", "0", "0", "0", "1", "0", "0", "0", "0", "0", "0", "0", "0", "0", "0", "0", "0", "0", "0", "0" ], "duration": 465.0, "sum": 1 }, "geometry": { "type": "Point", "coordinates": [ -122.340085127099343, 47.661204725017853 ] } },
{ "type": "Feature", "properties": { "lat": 47.661207000446105, "lon": -122.33935143544038, "time_of_day": "Late Night", "causation": [ "0", "0", "0", "0", "0", "0", "0", "0", "1", "0", "0", "0", "0", "0", "0", "0", "0", "0", "0", "0", "0", "0", "0", "0" ], "duration": 465.0, "sum": 1 }, "geometry": { "type": "Point", "coordinates": [ -122.339351435440378, 47.661207000446105 ] } },
{ "type": "Feature", "properties": { "lat": 47.661491951754734, "lon": -122.38574987932378, "time_of_day": "Morning", "causation": [ "0", "0", "0", "0", "0", "0", "0", "0", "1", "0", "0", "0", "0", "0", "0", "0", "0", "0", "0", "0", "0", "0", "0", "0" ], "duration": 178.0, "sum": 1 }, "geometry": { "type": "Point", "coordinates": [ -122.385749879323782, 47.661491951754734 ] } },
{ "type": "Feature", "properties": { "lat": 47.661506662253572, "lon": -122.3382954478765, "time_of_day": "Late Night", "causation": [ "0", "0", "0", "0", "0", "0", "0", "0", "11", "0", "0", "0", "0", "0", "0", "0", "0", "0", "0", "0", "0", "0", "0", "0" ], "duration": 5115.0, "sum": 11 }, "geometry": { "type": "Point", "coordinates": [ -122.338295447876504, 47.661506662253572 ] } },
{ "type": "Feature", "properties": { "lat": 47.661565184050083, "lon": -122.34103293284331, "time_of_day": "Late Night", "causation": [ "0", "0", "0", "0", "0", "0", "0", "0", "6", "0", "0", "0", "0", "0", "0", "0", "0", "0", "0", "0", "0", "0", "0", "0" ], "duration": 2790.0, "sum": 6 }, "geometry": { "type": "Point", "coordinates": [ -122.341032932843305, 47.661565184050083 ] } },
{ "type": "Feature", "properties": { "lat": 47.661587188615442, "lon": -122.34418841081576, "time_of_day": "Morning", "causation": [ "0", "0", "0", "0", "0", "0", "0", "0", "22", "0", "0", "0", "0", "0", "0", "0", "0", "0", "0", "0", "0", "0", "0", "0" ], "duration": 3058.0, "sum": 22 }, "geometry": { "type": "Point", "coordinates": [ -122.344188410815761, 47.661587188615442 ] } },
{ "type": "Feature", "properties": { "lat": 47.661593497660483, "lon": -122.34005118460732, "time_of_day": "Late Night", "causation": [ "0", "0", "0", "0", "0", "0", "0", "0", "1", "0", "0", "0", "0", "0", "0", "0", "0", "0", "0", "0", "0", "0", "0", "0" ], "duration": 465.0, "sum": 1 }, "geometry": { "type": "Point", "coordinates": [ -122.340051184607319, 47.661593497660483 ] } },
{ "type": "Feature", "properties": { "lat": 47.661598474780703, "lon": -122.34034198567352, "time_of_day": "Late Night", "causation": [ "0", "0", "0", "0", "0", "0", "0", "0", "2", "0", "0", "0", "0", "0", "0", "0", "0", "0", "0", "0", "0", "0", "0", "0" ], "duration": 930.0, "sum": 2 }, "geometry": { "type": "Point", "coordinates": [ -122.340341985673518, 47.661598474780703 ] } },
{ "type": "Feature", "properties": { "lat": 47.661603513459376, "lon": -122.34020402195642, "time_of_day": "Late Night", "causation": [ "0", "0", "0", "0", "0", "0", "0", "0", "1", "0", "0", "0", "0", "0", "0", "0", "0", "0", "0", "0", "0", "0", "0", "0" ], "duration": 465.0, "sum": 1 }, "geometry": { "type": "Point", "coordinates": [ -122.340204021956424, 47.661603513459376 ] } },
{ "type": "Feature", "properties": { "lat": 47.661604596236216, "lon": -122.33839542309796, "time_of_day": "Late Night", "causation": [ "0", "0", "0", "0", "0", "0", "0", "0", "2", "0", "0", "0", "0", "0", "0", "0", "0", "0", "0", "0", "0", "0", "0", "0" ], "duration": 930.0, "sum": 2 }, "geometry": { "type": "Point", "coordinates": [ -122.338395423097964, 47.661604596236216 ] } },
{ "type": "Feature", "properties": { "lat": 47.661604800489457, "lon": -122.33855324841051, "time_of_day": "Late Night", "causation": [ "0", "0", "0", "0", "0", "0", "0", "0", "1", "0", "0", "0", "0", "0", "0", "0", "0", "0", "0", "0", "0", "0", "0", "0" ], "duration": 465.0, "sum": 1 }, "geometry": { "type": "Point", "coordinates": [ -122.338553248410506, 47.661604800489457 ] } },
{ "type": "Feature", "properties": { "lat": 47.66160739750547, "lon": -122.34118586816712, "time_of_day": "Late Night", "causation": [ "0", "0", "0", "0", "0", "0", "0", "0", "3", "0", "0", "0", "0", "0", "0", "0", "0", "0", "0", "0", "0", "0", "0", "0" ], "duration": 1395.0, "sum": 3 }, "geometry": { "type": "Point", "coordinates": [ -122.341185868167116, 47.66160739750547 ] } },
{ "type": "Feature", "properties": { "lat": 47.661611606944398, "lon": -122.33869821579106, "time_of_day": "Late Night", "causation": [ "0", "0", "0", "0", "0", "0", "0", "0", "2", "0", "0", "0", "0", "0", "0", "0", "0", "0", "0", "0", "0", "0", "0", "0" ], "duration": 930.0, "sum": 2 }, "geometry": { "type": "Point", "coordinates": [ -122.338698215791055, 47.661611606944398 ] } },
{ "type": "Feature", "properties": { "lat": 47.661649046022426, "lon": -122.38630868927216, "time_of_day": "Morning", "causation": [ "0", "0", "0", "0", "0", "0", "0", "0", "2", "0", "0", "0", "0", "0", "0", "0", "0", "0", "0", "0", "0", "0", "0", "0" ], "duration": 356.0, "sum": 2 }, "geometry": { "type": "Point", "coordinates": [ -122.386308689272155, 47.661649046022426 ] } },
{ "type": "Feature", "properties": { "lat": 47.66165769272088, "lon": -122.33890042199111, "time_of_day": "Late Night", "causation": [ "0", "0", "0", "0", "0", "0", "0", "0", "5", "0", "0", "0", "0", "0", "0", "0", "0", "0", "0", "0", "0", "0", "0", "0" ], "duration": 2325.0, "sum": 5 }, "geometry": { "type": "Point", "coordinates": [ -122.338900421991113, 47.66165769272088 ] } },
{ "type": "Feature", "properties": { "lat": 47.66168053293071, "lon": -122.33966509415778, "time_of_day": "Late Night", "causation": [ "0", "0", "0", "0", "0", "0", "0", "0", "1", "0", "0", "0", "0", "0", "0", "0", "0", "0", "0", "0", "0", "0", "0", "0" ], "duration": 465.0, "sum": 1 }, "geometry": { "type": "Point", "coordinates": [ -122.33966509415778, 47.66168053293071 ] } },
{ "type": "Feature", "properties": { "lat": 47.661811597783192, "lon": -122.34141570578106, "time_of_day": "Late Night", "causation": [ "0", "0", "0", "0", "0", "0", "0", "0", "1", "0", "0", "0", "0", "0", "0", "0", "0", "0", "0", "0", "0", "0", "0", "0" ], "duration": 465.0, "sum": 1 }, "geometry": { "type": "Point", "coordinates": [ -122.34141570578106, 47.661811597783192 ] } },
{ "type": "Feature", "properties": { "lat": 47.661913089044333, "lon": -122.34342746725066, "time_of_day": "Morning", "causation": [ "0", "0", "0", "0", "0", "0", "0", "0", "2", "0", "0", "0", "0", "0", "0", "0", "0", "0", "0", "0", "0", "0", "0", "0" ], "duration": 278.0, "sum": 2 }, "geometry": { "type": "Point", "coordinates": [ -122.343427467250663, 47.661913089044333 ] } },
{ "type": "Feature", "properties": { "lat": 47.661918903324541, "lon": -122.34359877788084, "time_of_day": "Morning", "causation": [ "0", "0", "0", "0", "0", "0", "0", "0", "1", "0", "0", "0", "0", "0", "0", "0", "0", "0", "0", "0", "0", "0", "0", "0" ], "duration": 139.0, "sum": 1 }, "geometry": { "type": "Point", "coordinates": [ -122.343598777880842, 47.661918903324541 ] } },
{ "type": "Feature", "properties": { "lat": 47.664636329512362, "lon": -122.38131409272908, "time_of_day": "Late Night", "causation": [ "0", "0", "0", "0", "0", "0", "0", "0", "1", "0", "0", "0", "0", "0", "0", "0", "0", "0", "0", "0", "0", "0", "0", "0" ], "duration": 219.0, "sum": 1 }, "geometry": { "type": "Point", "coordinates": [ -122.381314092729085, 47.664636329512362 ] } },
{ "type": "Feature", "properties": { "lat": 47.665051811704423, "lon": -122.38115371315456, "time_of_day": "Late Night", "causation": [ "0", "0", "0", "0", "0", "0", "0", "0", "1", "0", "0", "0", "0", "0", "0", "0", "0", "0", "0", "0", "0", "0", "0", "0" ], "duration": 219.0, "sum": 1 }, "geometry": { "type": "Point", "coordinates": [ -122.381153713154561, 47.665051811704423 ] } },
{ "type": "Feature", "properties": { "lat": 47.665402175035993, "lon": -122.38168742189418, "time_of_day": "Late Night", "causation": [ "0", "0", "0", "0", "0", "0", "0", "0", "5", "0", "0", "0", "0", "0", "0", "0", "0", "0", "0", "0", "0", "0", "0", "0" ], "duration": 1095.0, "sum": 5 }, "geometry": { "type": "Point", "coordinates": [ -122.381687421894185, 47.665402175035993 ] } },
{ "type": "Feature", "properties": { "lat": 47.665465517008187, "lon": -122.38242020781492, "time_of_day": "Late Night", "causation": [ "0", "0", "0", "0", "0", "0", "0", "0", "4", "0", "0", "0", "0", "0", "0", "0", "0", "0", "0", "0", "0", "0", "0", "0" ], "duration": 876.0, "sum": 4 }, "geometry": { "type": "Point", "coordinates": [ -122.382420207814917, 47.665465517008187 ] } },
{ "type": "Feature", "properties": { "lat": 47.665475338878423, "lon": -122.38188603293192, "time_of_day": "Late Night", "causation": [ "0", "0", "0", "0", "0", "0", "0", "0", "3", "0", "0", "0", "0", "0", "0", "0", "0", "0", "0", "0", "0", "0", "0", "0" ], "duration": 657.0, "sum": 3 }, "geometry": { "type": "Point", "coordinates": [ -122.381886032931916, 47.665475338878423 ] } },
{ "type": "Feature", "properties": { "lat": 47.665499285114862, "lon": -122.38125481368211, "time_of_day": "Late Night", "causation": [ "0", "0", "0", "0", "0", "0", "0", "0", "1", "0", "0", "0", "0", "0", "0", "0", "0", "0", "0", "0", "0", "0", "0", "0" ], "duration": 219.0, "sum": 1 }, "geometry": { "type": "Point", "coordinates": [ -122.381254813682105, 47.665499285114862 ] } },
{ "type": "Feature", "properties": { "lat": 47.665527702453019, "lon": -122.3825928064464, "time_of_day": "Late Night", "causation": [ "0", "0", "0", "0", "0", "0", "0", "0", "1", "0", "0", "0", "0", "0", "0", "0", "0", "0", "0", "0", "0", "0", "0", "0" ], "duration": 219.0, "sum": 1 }, "geometry": { "type": "Point", "coordinates": [ -122.382592806446397, 47.665527702453019 ] } },
{ "type": "Feature", "properties": { "lat": 47.66556904285931, "lon": -122.38191647167326, "time_of_day": "Morning", "causation": [ "0", "0", "0", "0", "0", "0", "0", "0", "6", "0", "0", "0", "0", "0", "0", "0", "0", "0", "0", "0", "0", "0", "0", "0" ], "duration": 132.0, "sum": 6 }, "geometry": { "type": "Point", "coordinates": [ -122.381916471673264, 47.66556904285931 ] } },
{ "type": "Feature", "properties": { "lat": 47.665582462071377, "lon": -122.38271215495308, "time_of_day": "Morning", "causation": [ "0", "0", "0", "0", "0", "0", "0", "0", "1", "0", "0", "0", "0", "0", "0", "0", "0", "0", "0", "0", "0", "0", "0", "0" ], "duration": 22.0, "sum": 1 }, "geometry": { "type": "Point", "coordinates": [ -122.382712154953083, 47.665582462071377 ] } },
{ "type": "Feature", "properties": { "lat": 47.665659470542472, "lon": -122.38192874545869, "time_of_day": "Morning", "causation": [ "0", "0", "0", "0", "0", "0", "0", "0", "8", "0", "0", "0", "0", "0", "0", "0", "0", "0", "0", "0", "0", "0", "0", "0" ], "duration": 176.0, "sum": 8 }, "geometry": { "type": "Point", "coordinates": [ -122.381928745458694, 47.665659470542472 ] } },
{ "type": "Feature", "properties": { "lat": 47.665809666945748, "lon": -122.38297668688853, "time_of_day": "Morning", "causation": [ "0", "0", "0", "0", "0", "0", "0", "0", "9", "0", "0", "0", "0", "0", "0", "0", "0", "0", "0", "0", "0", "0", "0", "0" ], "duration": 198.0, "sum": 9 }, "geometry": { "type": "Point", "coordinates": [ -122.382976686888526, 47.665809666945748 ] } },
{ "type": "Feature", "properties": { "lat": 47.665993325894433, "lon": -122.38311002772956, "time_of_day": "Morning", "causation": [ "0", "0", "0", "0", "0", "0", "0", "0", "3", "0", "0", "0", "0", "0", "0", "0", "0", "0", "0", "0", "0", "0", "0", "0" ], "duration": 66.0, "sum": 3 }, "geometry": { "type": "Point", "coordinates": [ -122.383110027729558, 47.665993325894433 ] } },
{ "type": "Feature", "properties": { "lat": 47.666007377356017, "lon": -122.38239196513248, "time_of_day": "Morning", "causation": [ "0", "0", "0", "0", "0", "0", "0", "0", "6", "0", "0", "0", "0", "0", "0", "0", "0", "0", "0", "0", "0", "0", "0", "0" ], "duration": 132.0, "sum": 6 }, "geometry": { "type": "Point", "coordinates": [ -122.382391965132484, 47.666007377356017 ] } },
{ "type": "Feature", "properties": { "lat": 47.66606861388496, "lon": -122.38322985603386, "time_of_day": "Morning", "causation": [ "0", "0", "0", "0", "0", "0", "0", "0", "4", "0", "0", "0", "0", "0", "0", "0", "0", "0", "0", "0", "0", "0", "0", "0" ], "duration": 88.0, "sum": 4 }, "geometry": { "type": "Point", "coordinates": [ -122.383229856033864, 47.66606861388496 ] } },
{ "type": "Feature", "properties": { "lat": 47.66616487556233, "lon": -122.38322906091835, "time_of_day": "Morning", "causation": [ "0", "0", "0", "0", "0", "0", "0", "0", "1", "0", "0", "0", "0", "0", "0", "0", "0", "0", "0", "0", "0", "0", "0", "0" ], "duration": 22.0, "sum": 1 }, "geometry": { "type": "Point", "coordinates": [ -122.383229060918353, 47.66616487556233 ] } },
{ "type": "Feature", "properties": { "lat": 47.667035462462998, "lon": -122.40015771813091, "time_of_day": "Late Night", "causation": [ "0", "0", "0", "0", "0", "0", "0", "0", "1", "0", "0", "0", "0", "0", "0", "0", "0", "0", "0", "0", "0", "0", "0", "0" ], "duration": 379.0, "sum": 1 }, "geometry": { "type": "Point", "coordinates": [ -122.400157718130913, 47.667035462462998 ] } },
{ "type": "Feature", "properties": { "lat": 47.667516353367581, "lon": -122.38495263805852, "time_of_day": "Late Night", "causation": [ "0", "0", "0", "0", "0", "0", "0", "0", "28", "0", "0", "0", "0", "0", "0", "0", "0", "0", "0", "0", "0", "0", "0", "0" ], "duration": 6132.0, "sum": 28 }, "geometry": { "type": "Point", "coordinates": [ -122.384952638058522, 47.667516353367581 ] } },
{ "type": "Feature", "properties": { "lat": 47.667665479309335, "lon": -122.40021896395524, "time_of_day": "Late Night", "causation": [ "0", "0", "0", "0", "0", "0", "0", "0", "36", "0", "0", "0", "0", "0", "0", "0", "0", "0", "0", "0", "0", "0", "0", "0" ], "duration": 13644.0, "sum": 36 }, "geometry": { "type": "Point", "coordinates": [ -122.40021896395524, 47.667665479309335 ] } },
{ "type": "Feature", "properties": { "lat": 47.667805852089614, "lon": -122.39581845358192, "time_of_day": "Late Night", "causation": [ "0", "0", "0", "0", "0", "0", "0", "0", "3", "0", "0", "0", "0", "0", "0", "0", "0", "0", "0", "0", "0", "0", "0", "0" ], "duration": 1137.0, "sum": 3 }, "geometry": { "type": "Point", "coordinates": [ -122.395818453581924, 47.667805852089614 ] } },
{ "type": "Feature", "properties": { "lat": 47.667821366975907, "lon": -122.3998236685301, "time_of_day": "Late Night", "causation": [ "0", "0", "0", "0", "0", "0", "0", "0", "39", "0", "0", "0", "0", "0", "0", "0", "0", "0", "0", "0", "0", "0", "0", "0" ], "duration": 14781.0, "sum": 39 }, "geometry": { "type": "Point", "coordinates": [ -122.399823668530104, 47.667821366975907 ] } },
{ "type": "Feature", "properties": { "lat": 47.667916796990802, "lon": -122.38568431045158, "time_of_day": "Late Night", "causation": [ "0", "0", "0", "0", "0", "0", "0", "0", "10", "0", "0", "0", "0", "0", "0", "0", "0", "0", "0", "0", "0", "0", "0", "0" ], "duration": 2190.0, "sum": 10 }, "geometry": { "type": "Point", "coordinates": [ -122.38568431045158, 47.667916796990802 ] } },
{ "type": "Feature", "properties": { "lat": 47.667985675810861, "lon": -122.38452019043876, "time_of_day": "Late Night", "causation": [ "0", "0", "0", "0", "0", "0", "0", "0", "5", "0", "0", "0", "0", "0", "0", "0", "0", "0", "0", "0", "0", "0", "0", "0" ], "duration": 1095.0, "sum": 5 }, "geometry": { "type": "Point", "coordinates": [ -122.384520190438764, 47.667985675810861 ] } },
{ "type": "Feature", "properties": { "lat": 47.667986761561032, "lon": -122.40089213669128, "time_of_day": "Late Night", "causation": [ "0", "0", "0", "0", "0", "0", "0", "0", "20", "0", "0", "0", "0", "0", "0", "0", "0", "0", "0", "0", "0", "0", "0", "0" ], "duration": 7580.0, "sum": 20 }, "geometry": { "type": "Point", "coordinates": [ -122.400892136691283, 47.667986761561032 ] } },
{ "type": "Feature", "properties": { "lat": 47.668251473091999, "lon": -122.3855328761644, "time_of_day": "Morning", "causation": [ "0", "0", "0", "0", "0", "0", "0", "0", "2", "0", "0", "0", "0", "0", "0", "0", "0", "0", "0", "0", "0", "0", "0", "0" ], "duration": 44.0, "sum": 2 }, "geometry": { "type": "Point", "coordinates": [ -122.385532876164405, 47.668251473091999 ] } },
{ "type": "Feature", "properties": { "lat": 47.668329156945468, "lon": -122.3862719248912, "time_of_day": "Late Night", "causation": [ "0", "0", "0", "0", "0", "0", "0", "0", "15", "0", "0", "0", "0", "0", "0", "0", "0", "0", "0", "0", "0", "0", "0", "0" ], "duration": 3285.0, "sum": 15 }, "geometry": { "type": "Point", "coordinates": [ -122.386271924891204, 47.668329156945468 ] } },
{ "type": "Feature", "properties": { "lat": 47.668413527008667, "lon": -122.38502839801006, "time_of_day": "Late Night", "causation": [ "0", "0", "0", "0", "0", "0", "0", "0", "3", "0", "0", "0", "0", "0", "0", "0", "0", "0", "0", "0", "0", "0", "0", "0" ], "duration": 657.0, "sum": 3 }, "geometry": { "type": "Point", "coordinates": [ -122.385028398010064, 47.668413527008667 ] } },
{ "type": "Feature", "properties": { "lat": 47.668414023333277, "lon": -122.38445178611748, "time_of_day": "Late Night", "causation": [ "0", "0", "0", "0", "0", "0", "0", "0", "1", "0", "0", "0", "0", "0", "0", "0", "0", "0", "0", "0", "0", "0", "0", "0" ], "duration": 219.0, "sum": 1 }, "geometry": { "type": "Point", "coordinates": [ -122.384451786117481, 47.668414023333277 ] } },
{ "type": "Feature", "properties": { "lat": 47.668472587000402, "lon": -122.38539416064764, "time_of_day": "Late Night", "causation": [ "0", "0", "0", "0", "0", "0", "0", "0", "10", "0", "0", "0", "0", "0", "0", "0", "0", "0", "0", "0", "0", "0", "0", "0" ], "duration": 2190.0, "sum": 10 }, "geometry": { "type": "Point", "coordinates": [ -122.385394160647635, 47.668472587000402 ] } },
{ "type": "Feature", "properties": { "lat": 47.668497095791857, "lon": -122.38581046703464, "time_of_day": "Late Night", "causation": [ "0", "0", "0", "0", "0", "0", "0", "0", "2", "0", "0", "0", "0", "0", "0", "0", "0", "0", "0", "0", "0", "0", "0", "0" ], "duration": 438.0, "sum": 2 }, "geometry": { "type": "Point", "coordinates": [ -122.385810467034645, 47.668497095791857 ] } },
{ "type": "Feature", "properties": { "lat": 47.668922628784642, "lon": -122.39138071714063, "time_of_day": "Morning", "causation": [ "0", "0", "0", "0", "0", "0", "0", "0", "1", "0", "0", "0", "0", "0", "0", "0", "0", "0", "0", "0", "0", "0", "0", "0" ], "duration": 44.0, "sum": 1 }, "geometry": { "type": "Point", "coordinates": [ -122.391380717140635, 47.668922628784642 ] } },
{ "type": "Feature", "properties": { "lat": 47.668944345248605, "lon": -122.3918979339898, "time_of_day": "Morning", "causation": [ "0", "0", "0", "0", "0", "0", "0", "0", "1", "0", "0", "0", "0", "0", "0", "0", "0", "0", "0", "0", "0", "0", "0", "0" ], "duration": 44.0, "sum": 1 }, "geometry": { "type": "Point", "coordinates": [ -122.391897933989796, 47.668944345248605 ] } },
{ "type": "Feature", "properties": { "lat": 47.668954531681777, "lon": -122.39062052534838, "time_of_day": "Morning", "causation": [ "0", "0", "0", "0", "0", "0", "0", "0", "1", "0", "0", "0", "0", "0", "0", "0", "0", "0", "0", "0", "0", "0", "0", "0" ], "duration": 44.0, "sum": 1 }, "geometry": { "type": "Point", "coordinates": [ -122.390620525348382, 47.668954531681777 ] } },
{ "type": "Feature", "properties": { "lat": 47.66908436260146, "lon": -122.40271768682756, "time_of_day": "Late Night", "causation": [ "0", "0", "0", "0", "0", "0", "0", "0", "1", "0", "0", "0", "0", "0", "0", "0", "0", "0", "0", "0", "0", "0", "0", "0" ], "duration": 379.0, "sum": 1 }, "geometry": { "type": "Point", "coordinates": [ -122.402717686827557, 47.66908436260146 ] } },
{ "type": "Feature", "properties": { "lat": 47.671657553899344, "lon": -122.35132196692324, "time_of_day": "Late Night", "causation": [ "0", "0", "0", "0", "0", "0", "0", "0", "0", "0", "0", "0", "0", "0", "0", "0", "0", "0", "1", "0", "0", "0", "0", "0" ], "duration": 1825.0, "sum": 1 }, "geometry": { "type": "Point", "coordinates": [ -122.351321966923237, 47.671657553899344 ] } },
{ "type": "Feature", "properties": { "lat": 47.67275294092947, "lon": -122.27014271272741, "time_of_day": "Morning", "causation": [ "0", "0", "0", "0", "0", "0", "0", "0", "0", "0", "0", "0", "0", "0", "0", "0", "0", "1", "0", "0", "0", "0", "0", "0" ], "duration": 0.0, "sum": 1 }, "geometry": { "type": "Point", "coordinates": [ -122.270142712727406, 47.67275294092947 ] } },
{ "type": "Feature", "properties": { "lat": 47.672981785270579, "lon": -122.2701505048518, "time_of_day": "Morning", "causation": [ "0", "0", "0", "0", "0", "0", "0", "0", "0", "0", "0", "0", "0", "0", "0", "0", "0", "1", "0", "0", "0", "0", "0", "0" ], "duration": 0.0, "sum": 1 }, "geometry": { "type": "Point", "coordinates": [ -122.270150504851799, 47.672981785270579 ] } },
{ "type": "Feature", "properties": { "lat": 47.673016841121047, "lon": -122.269843062409, "time_of_day": "Morning", "causation": [ "0", "0", "0", "0", "0", "0", "0", "0", "0", "0", "0", "0", "0", "0", "0", "0", "0", "1", "0", "0", "0", "0", "0", "0" ], "duration": 0.0, "sum": 1 }, "geometry": { "type": "Point", "coordinates": [ -122.269843062408995, 47.673016841121047 ] } },
{ "type": "Feature", "properties": { "lat": 47.67314031051292, "lon": -122.27016797985316, "time_of_day": "Morning", "causation": [ "0", "0", "0", "0", "0", "0", "0", "0", "0", "0", "0", "0", "0", "0", "0", "0", "0", "1", "0", "0", "0", "0", "0", "0" ], "duration": 0.0, "sum": 1 }, "geometry": { "type": "Point", "coordinates": [ -122.270167979853156, 47.67314031051292 ] } },
{ "type": "Feature", "properties": { "lat": 47.67322301208177, "lon": -122.26985936486088, "time_of_day": "Morning", "causation": [ "0", "0", "0", "0", "0", "0", "0", "0", "0", "0", "0", "0", "0", "0", "0", "0", "0", "1", "0", "0", "0", "0", "0", "0" ], "duration": 22.0, "sum": 1 }, "geometry": { "type": "Point", "coordinates": [ -122.269859364860878, 47.67322301208177 ] } },
{ "type": "Feature", "properties": { "lat": 47.673243870601326, "lon": -122.26951505642992, "time_of_day": "Morning", "causation": [ "0", "0", "0", "0", "0", "0", "0", "0", "0", "0", "0", "0", "0", "0", "0", "0", "0", "1", "0", "0", "0", "0", "0", "0" ], "duration": 22.0, "sum": 1 }, "geometry": { "type": "Point", "coordinates": [ -122.269515056429924, 47.673243870601326 ] } },
{ "type": "Feature", "properties": { "lat": 47.673285565602434, "lon": -122.27019279333932, "time_of_day": "Morning", "causation": [ "0", "0", "0", "0", "0", "0", "0", "0", "0", "0", "0", "0", "0", "0", "0", "0", "0", "1", "0", "0", "0", "0", "0", "0" ], "duration": 0.0, "sum": 1 }, "geometry": { "type": "Point", "coordinates": [ -122.270192793339319, 47.673285565602434 ] } },
{ "type": "Feature", "properties": { "lat": 47.673371765017222, "lon": -122.26933074940516, "time_of_day": "Morning", "causation": [ "0", "0", "0", "0", "0", "0", "0", "0", "0", "0", "0", "0", "0", "0", "0", "0", "0", "1", "0", "0", "0", "0", "0", "0" ], "duration": 22.0, "sum": 1 }, "geometry": { "type": "Point", "coordinates": [ -122.269330749405157, 47.673371765017222 ] } },
{ "type": "Feature", "properties": { "lat": 47.673565753919931, "lon": -122.26915535569384, "time_of_day": "Morning", "causation": [ "0", "0", "0", "0", "0", "0", "0", "0", "0", "0", "0", "0", "0", "0", "0", "0", "0", "1", "0", "0", "0", "0", "0", "0" ], "duration": 22.0, "sum": 1 }, "geometry": { "type": "Point", "coordinates": [ -122.26915535569384, 47.673565753919931 ] } },
{ "type": "Feature", "properties": { "lat": 47.673629377797376, "lon": -122.26968027036708, "time_of_day": "Morning", "causation": [ "0", "0", "0", "0", "0", "0", "0", "0", "0", "0", "0", "0", "0", "0", "0", "0", "0", "1", "0", "0", "0", "0", "0", "0" ], "duration": 22.0, "sum": 1 }, "geometry": { "type": "Point", "coordinates": [ -122.269680270367076, 47.673629377797376 ] } },
{ "type": "Feature", "properties": { "lat": 47.673692482323602, "lon": -122.27009833283644, "time_of_day": "Morning", "causation": [ "0", "0", "0", "0", "0", "0", "0", "0", "0", "0", "0", "0", "0", "0", "0", "0", "0", "1", "0", "0", "0", "0", "0", "0" ], "duration": 0.0, "sum": 1 }, "geometry": { "type": "Point", "coordinates": [ -122.27009833283644, 47.673692482323602 ] } },
{ "type": "Feature", "properties": { "lat": 47.673731395958136, "lon": -122.269064573519, "time_of_day": "Morning", "causation": [ "0", "0", "0", "0", "0", "0", "0", "0", "0", "0", "0", "0", "0", "0", "0", "0", "0", "1", "0", "0", "0", "0", "0", "0" ], "duration": 22.0, "sum": 1 }, "geometry": { "type": "Point", "coordinates": [ -122.269064573519003, 47.673731395958136 ] } },
{ "type": "Feature", "properties": { "lat": 47.673752919701101, "lon": -122.26965721138752, "time_of_day": "Morning", "causation": [ "0", "0", "0", "0", "0", "0", "0", "0", "0", "0", "0", "0", "0", "0", "0", "0", "0", "1", "0", "0", "0", "0", "0", "0" ], "duration": 22.0, "sum": 1 }, "geometry": { "type": "Point", "coordinates": [ -122.269657211387525, 47.673752919701101 ] } },
{ "type": "Feature", "properties": { "lat": 47.673760694121135, "lon": -122.26870332200204, "time_of_day": "Morning", "causation": [ "0", "0", "0", "0", "0", "0", "0", "0", "0", "0", "0", "0", "0", "0", "0", "0", "0", "1", "0", "0", "0", "0", "0", "0" ], "duration": 22.0, "sum": 1 }, "geometry": { "type": "Point", "coordinates": [ -122.26870332200204, 47.673760694121135 ] } },
{ "type": "Feature", "properties": { "lat": 47.673787251857362, "lon": -122.27070427851898, "time_of_day": "Morning", "causation": [ "0", "0", "0", "0", "0", "0", "0", "0", "0", "0", "0", "0", "0", "0", "0", "0", "0", "1", "0", "0", "0", "0", "0", "0" ], "duration": 0.0, "sum": 1 }, "geometry": { "type": "Point", "coordinates": [ -122.270704278518977, 47.673787251857362 ] } },
{ "type": "Feature", "properties": { "lat": 47.673842445220671, "lon": -122.27008904503096, "time_of_day": "Morning", "causation": [ "0", "0", "0", "0", "0", "0", "0", "0", "0", "0", "0", "0", "0", "0", "0", "0", "0", "1", "0", "0", "0", "0", "0", "0" ], "duration": 0.0, "sum": 1 }, "geometry": { "type": "Point", "coordinates": [ -122.270089045030957, 47.673842445220671 ] } },
{ "type": "Feature", "properties": { "lat": 47.673857270328739, "lon": -122.26909531997001, "time_of_day": "Morning", "causation": [ "0", "0", "0", "0", "0", "0", "0", "0", "0", "0", "0", "0", "0", "0", "0", "0", "0", "1", "0", "0", "0", "0", "0", "0" ], "duration": 22.0, "sum": 1 }, "geometry": { "type": "Point", "coordinates": [ -122.269095319970006, 47.673857270328739 ] } },
{ "type": "Feature", "properties": { "lat": 47.673910225301313, "lon": -122.2685263112792, "time_of_day": "Morning", "causation": [ "0", "0", "0", "0", "0", "0", "0", "0", "0", "0", "0", "0", "0", "0", "0", "0", "0", "1", "0", "0", "0", "0", "0", "0" ], "duration": 22.0, "sum": 1 }, "geometry": { "type": "Point", "coordinates": [ -122.268526311279203, 47.673910225301313 ] } },
{ "type": "Feature", "properties": { "lat": 47.673931077133481, "lon": -122.27074722152656, "time_of_day": "Morning", "causation": [ "0", "0", "0", "0", "0", "0", "0", "0", "0", "0", "0", "0", "0", "0", "0", "0", "0", "1", "0", "0", "0", "0", "0", "0" ], "duration": 0.0, "sum": 1 }, "geometry": { "type": "Point", "coordinates": [ -122.270747221526562, 47.673931077133481 ] } },
{ "type": "Feature", "properties": { "lat": 47.673964428798335, "lon": -122.26966374295978, "time_of_day": "Morning", "causation": [ "0", "0", "0", "0", "0", "0", "0", "0", "0", "0", "0", "0", "0", "0", "0", "0", "0", "1", "0", "0", "0", "0", "0", "0" ], "duration": 22.0, "sum": 1 }, "geometry": { "type": "Point", "coordinates": [ -122.269663742959779, 47.673964428798335 ] } },
{ "type": "Feature", "properties": { "lat": 47.673965886165803, "lon": -122.27007245533532, "time_of_day": "Morning", "causation": [ "0", "0", "0", "0", "0", "0", "0", "0", "0", "0", "0", "0", "0", "0", "0", "0", "0", "1", "0", "0", "0", "0", "0", "0" ], "duration": 0.0, "sum": 1 }, "geometry": { "type": "Point", "coordinates": [ -122.270072455335324, 47.673965886165803 ] } },
{ "type": "Feature", "properties": { "lat": 47.674022381957869, "lon": -122.27071504021325, "time_of_day": "Morning", "causation": [ "0", "0", "0", "0", "0", "0", "0", "0", "0", "0", "0", "0", "0", "0", "0", "0", "0", "1", "0", "0", "0", "0", "0", "0" ], "duration": 0.0, "sum": 1 }, "geometry": { "type": "Point", "coordinates": [ -122.270715040213247, 47.674022381957869 ] } },
{ "type": "Feature", "properties": { "lat": 47.674088861171015, "lon": -122.27009568272678, "time_of_day": "Morning", "causation": [ "0", "0", "0", "0", "0", "0", "0", "0", "0", "0", "0", "0", "0", "0", "0", "0", "0", "1", "0", "0", "0", "0", "0", "0" ], "duration": 0.0, "sum": 1 }, "geometry": { "type": "Point", "coordinates": [ -122.270095682726776, 47.674088861171015 ] } },
{ "type": "Feature", "properties": { "lat": 47.674102296340962, "lon": -122.26910085090576, "time_of_day": "Morning", "causation": [ "0", "0", "0", "0", "0", "0", "0", "0", "0", "0", "0", "0", "0", "0", "0", "0", "0", "1", "0", "0", "0", "0", "0", "0" ], "duration": 22.0, "sum": 1 }, "geometry": { "type": "Point", "coordinates": [ -122.269100850905758, 47.674102296340962 ] } },
{ "type": "Feature", "properties": { "lat": 47.674138525222183, "lon": -122.26962388115554, "time_of_day": "Morning", "causation": [ "0", "0", "0", "0", "0", "0", "0", "0", "0", "0", "0", "0", "0", "0", "0", "0", "0", "1", "0", "0", "0", "0", "0", "0" ], "duration": 22.0, "sum": 1 }, "geometry": { "type": "Point", "coordinates": [ -122.269623881155539, 47.674138525222183 ] } },
{ "type": "Feature", "properties": { "lat": 47.674198544412576, "lon": -122.26812144642864, "time_of_day": "Morning", "causation": [ "0", "0", "0", "0", "0", "0", "0", "0", "0", "0", "0", "0", "0", "0", "0", "0", "0", "1", "0", "0", "0", "0", "0", "0" ], "duration": 22.0, "sum": 1 }, "geometry": { "type": "Point", "coordinates": [ -122.268121446428637, 47.674198544412576 ] } },
{ "type": "Feature", "properties": { "lat": 47.67420988310414, "lon": -122.27070828226012, "time_of_day": "Morning", "causation": [ "0", "0", "0", "0", "0", "0", "0", "0", "0", "0", "0", "0", "0", "0", "0", "0", "0", "1", "0", "0", "0", "0", "0", "0" ], "duration": 0.0, "sum": 1 }, "geometry": { "type": "Point", "coordinates": [ -122.270708282260117, 47.67420988310414 ] } },
{ "type": "Feature", "properties": { "lat": 47.674211471601431, "lon": -122.26844906719415, "time_of_day": "Morning", "causation": [ "0", "0", "0", "0", "0", "0", "0", "0", "0", "0", "0", "0", "0", "0", "0", "0", "0", "1", "0", "0", "0", "0", "0", "0" ], "duration": 22.0, "sum": 1 }, "geometry": { "type": "Point", "coordinates": [ -122.268449067194155, 47.674211471601431 ] } },
{ "type": "Feature", "properties": { "lat": 47.674223333014503, "lon": -122.27008605184102, "time_of_day": "Morning", "causation": [ "0", "0", "0", "0", "0", "0", "0", "0", "0", "0", "0", "0", "0", "0", "0", "0", "0", "1", "0", "0", "0", "0", "0", "0" ], "duration": 0.0, "sum": 1 }, "geometry": { "type": "Point", "coordinates": [ -122.27008605184102, 47.674223333014503 ] } },
{ "type": "Feature", "properties": { "lat": 47.674314906699038, "lon": -122.26966289011716, "time_of_day": "Morning", "causation": [ "0", "0", "0", "0", "0", "0", "0", "0", "0", "0", "0", "0", "0", "0", "0", "0", "0", "1", "0", "0", "0", "0", "0", "0" ], "duration": 22.0, "sum": 1 }, "geometry": { "type": "Point", "coordinates": [ -122.269662890117161, 47.674314906699038 ] } },
{ "type": "Feature", "properties": { "lat": 47.67431650967756, "lon": -122.26906796983336, "time_of_day": "Morning", "causation": [ "0", "0", "0", "0", "0", "0", "0", "0", "0", "0", "0", "0", "0", "0", "0", "0", "0", "1", "0", "0", "0", "0", "0", "0" ], "duration": 22.0, "sum": 1 }, "geometry": { "type": "Point", "coordinates": [ -122.269067969833358, 47.67431650967756 ] } },
{ "type": "Feature", "properties": { "lat": 47.674336967763011, "lon": -122.27071867837851, "time_of_day": "Morning", "causation": [ "0", "0", "0", "0", "0", "0", "0", "0", "0", "0", "0", "0", "0", "0", "0", "0", "0", "1", "0", "0", "0", "0", "0", "0" ], "duration": 0.0, "sum": 1 }, "geometry": { "type": "Point", "coordinates": [ -122.270718678378515, 47.674336967763011 ] } },
{ "type": "Feature", "properties": { "lat": 47.674396275844245, "lon": -122.27001115612796, "time_of_day": "Morning", "causation": [ "0", "0", "0", "0", "0", "0", "0", "0", "0", "0", "0", "0", "0", "0", "0", "0", "0", "1", "0", "0", "0", "0", "0", "0" ], "duration": 0.0, "sum": 1 }, "geometry": { "type": "Point", "coordinates": [ -122.270011156127964, 47.674396275844245 ] } },
{ "type": "Feature", "properties": { "lat": 47.674439430523798, "lon": -122.26781490663816, "time_of_day": "Morning", "causation": [ "0", "0", "0", "0", "0", "0", "0", "0", "0", "0", "0", "0", "0", "0", "0", "0", "0", "1", "0", "0", "0", "0", "0", "0" ], "duration": 22.0, "sum": 1 }, "geometry": { "type": "Point", "coordinates": [ -122.267814906638165, 47.674439430523798 ] } },
{ "type": "Feature", "properties": { "lat": 47.674457307466113, "lon": -122.26861572097501, "time_of_day": "Morning", "causation": [ "0", "0", "0", "0", "0", "0", "0", "0", "0", "0", "0", "0", "0", "0", "0", "0", "0", "1", "0", "0", "0", "0", "0", "0" ], "duration": 22.0, "sum": 1 }, "geometry": { "type": "Point", "coordinates": [ -122.268615720975006, 47.674457307466113 ] } },
{ "type": "Feature", "properties": { "lat": 47.674457850615411, "lon": -122.26835643498794, "time_of_day": "Morning", "causation": [ "0", "0", "0", "0", "0", "0", "0", "0", "0", "0", "0", "0", "0", "0", "0", "0", "0", "1", "0", "0", "0", "0", "0", "0" ], "duration": 22.0, "sum": 1 }, "geometry": { "type": "Point", "coordinates": [ -122.268356434987936, 47.674457850615411 ] } },
{ "type": "Feature", "properties": { "lat": 47.674459923366278, "lon": -122.26812219530586, "time_of_day": "Morning", "causation": [ "0", "0", "0", "0", "0", "0", "0", "0", "0", "0", "0", "0", "0", "0", "0", "0", "0", "1", "0", "0", "0", "0", "0", "0" ], "duration": 22.0, "sum": 1 }, "geometry": { "type": "Point", "coordinates": [ -122.268122195305864, 47.674459923366278 ] } },
{ "type": "Feature", "properties": { "lat": 47.674462393131797, "lon": -122.26960419827044, "time_of_day": "Morning", "causation": [ "0", "0", "0", "0", "0", "0", "0", "0", "0", "0", "0", "0", "0", "0", "0", "0", "0", "1", "0", "0", "0", "0", "0", "0" ], "duration": 22.0, "sum": 1 }, "geometry": { "type": "Point", "coordinates": [ -122.269604198270443, 47.674462393131797 ] } },
{ "type": "Feature", "properties": { "lat": 47.674479164136741, "lon": -122.26908398898379, "time_of_day": "Morning", "causation": [ "0", "0", "0", "0", "0", "0", "0", "0", "0", "0", "0", "0", "0", "0", "0", "0", "0", "1", "0", "0", "0", "0", "0", "0" ], "duration": 22.0, "sum": 1 }, "geometry": { "type": "Point", "coordinates": [ -122.269083988983795, 47.674479164136741 ] } },
{ "type": "Feature", "properties": { "lat": 47.674496808090417, "lon": -122.27064842792026, "time_of_day": "Morning", "causation": [ "0", "0", "0", "0", "0", "0", "0", "0", "0", "0", "0", "0", "0", "0", "0", "0", "0", "1", "0", "0", "0", "0", "0", "0" ], "duration": 0.0, "sum": 1 }, "geometry": { "type": "Point", "coordinates": [ -122.270648427920264, 47.674496808090417 ] } },
{ "type": "Feature", "properties": { "lat": 47.674519894023433, "lon": -122.27000271080364, "time_of_day": "Morning", "causation": [ "0", "0", "0", "0", "0", "0", "0", "0", "0", "0", "0", "0", "0", "0", "0", "0", "0", "1", "0", "0", "0", "0", "0", "0" ], "duration": 0.0, "sum": 1 }, "geometry": { "type": "Point", "coordinates": [ -122.270002710803638, 47.674519894023433 ] } },
{ "type": "Feature", "properties": { "lat": 47.674630403148598, "lon": -122.2705918471831, "time_of_day": "Morning", "causation": [ "0", "0", "0", "0", "0", "0", "0", "0", "0", "0", "0", "0", "0", "0", "0", "0", "0", "1", "0", "0", "0", "0", "0", "0" ], "duration": 0.0, "sum": 1 }, "geometry": { "type": "Point", "coordinates": [ -122.270591847183098, 47.674630403148598 ] } },
{ "type": "Feature", "properties": { "lat": 47.67466213396736, "lon": -122.26995023226952, "time_of_day": "Morning", "causation": [ "0", "0", "0", "0", "0", "0", "0", "0", "0", "0", "0", "0", "0", "0", "0", "0", "0", "1", "0", "0", "0", "0", "0", "0" ], "duration": 0.0, "sum": 1 }, "geometry": { "type": "Point", "coordinates": [ -122.269950232269522, 47.67466213396736 ] } },
{ "type": "Feature", "properties": { "lat": 47.674693458590227, "lon": -122.2695711108382, "time_of_day": "Morning", "causation": [ "0", "0", "0", "0", "0", "0", "0", "0", "0", "0", "0", "0", "0", "0", "0", "0", "0", "1", "0", "0", "0", "0", "0", "0" ], "duration": 22.0, "sum": 1 }, "geometry": { "type": "Point", "coordinates": [ -122.2695711108382, 47.674693458590227 ] } },
{ "type": "Feature", "properties": { "lat": 47.674752658636983, "lon": -122.26910618017472, "time_of_day": "Morning", "causation": [ "0", "0", "0", "0", "0", "0", "0", "0", "0", "0", "0", "0", "0", "0", "0", "0", "0", "1", "0", "0", "0", "0", "0", "0" ], "duration": 22.0, "sum": 1 }, "geometry": { "type": "Point", "coordinates": [ -122.269106180174717, 47.674752658636983 ] } },
{ "type": "Feature", "properties": { "lat": 47.674765011396467, "lon": -122.26849546693512, "time_of_day": "Morning", "causation": [ "0", "0", "0", "0", "0", "0", "0", "0", "0", "0", "0", "0", "0", "0", "0", "0", "0", "1", "0", "0", "0", "0", "0", "0" ], "duration": 22.0, "sum": 1 }, "geometry": { "type": "Point", "coordinates": [ -122.268495466935121, 47.674765011396467 ] } },
{ "type": "Feature", "properties": { "lat": 47.674768923970063, "lon": -122.27058820396719, "time_of_day": "Morning", "causation": [ "0", "0", "0", "0", "0", "0", "0", "0", "0", "0", "0", "0", "0", "0", "0", "0", "0", "1", "0", "0", "0", "0", "0", "0" ], "duration": 0.0, "sum": 1 }, "geometry": { "type": "Point", "coordinates": [ -122.270588203967193, 47.674768923970063 ] } },
{ "type": "Feature", "properties": { "lat": 47.674775414636677, "lon": -122.26825882107524, "time_of_day": "Morning", "causation": [ "0", "0", "0", "0", "0", "0", "0", "0", "0", "0", "0", "0", "0", "0", "0", "0", "0", "1", "0", "0", "0", "0", "0", "0" ], "duration": 22.0, "sum": 1 }, "geometry": { "type": "Point", "coordinates": [ -122.268258821075236, 47.674775414636677 ] } },
{ "type": "Feature", "properties": { "lat": 47.674783882463466, "lon": -122.26776754065934, "time_of_day": "Morning", "causation": [ "0", "0", "0", "0", "0", "0", "0", "0", "0", "0", "0", "0", "0", "0", "0", "0", "0", "1", "0", "0", "0", "0", "0", "0" ], "duration": 22.0, "sum": 1 }, "geometry": { "type": "Point", "coordinates": [ -122.267767540659335, 47.674783882463466 ] } },
{ "type": "Feature", "properties": { "lat": 47.674784391325929, "lon": -122.26800719168084, "time_of_day": "Morning", "causation": [ "0", "0", "0", "0", "0", "0", "0", "0", "0", "0", "0", "0", "0", "0", "0", "0", "0", "1", "0", "0", "0", "0", "0", "0" ], "duration": 22.0, "sum": 1 }, "geometry": { "type": "Point", "coordinates": [ -122.268007191680837, 47.674784391325929 ] } },
{ "type": "Feature", "properties": { "lat": 47.674787052938122, "lon": -122.26745279584394, "time_of_day": "Morning", "causation": [ "0", "0", "0", "0", "0", "0", "0", "0", "0", "0", "0", "0", "0", "0", "0", "0", "0", "1", "0", "0", "0", "0", "0", "0" ], "duration": 22.0, "sum": 1 }, "geometry": { "type": "Point", "coordinates": [ -122.267452795843937, 47.674787052938122 ] } },
{ "type": "Feature", "properties": { "lat": 47.674797172545219, "lon": -122.2699500393377, "time_of_day": "Morning", "causation": [ "0", "0", "0", "0", "0", "0", "0", "0", "0", "0", "0", "0", "0", "0", "0", "0", "0", "1", "0", "0", "0", "0", "0", "0" ], "duration": 0.0, "sum": 1 }, "geometry": { "type": "Point", "coordinates": [ -122.269950039337701, 47.674797172545219 ] } },
{ "type": "Feature", "properties": { "lat": 47.674814329253593, "lon": -122.2687598585137, "time_of_day": "Morning", "causation": [ "0", "0", "0", "0", "0", "0", "0", "0", "0", "0", "0", "0", "0", "0", "0", "0", "0", "1", "0", "0", "0", "0", "0", "0" ], "duration": 22.0, "sum": 1 }, "geometry": { "type": "Point", "coordinates": [ -122.268759858513704, 47.674814329253593 ] } },
{ "type": "Feature", "properties": { "lat": 47.674900125190462, "lon": -122.2690492801426, "time_of_day": "Morning", "causation": [ "0", "0", "0", "0", "0", "0", "0", "0", "0", "0", "0", "0", "0", "0", "0", "0", "0", "1", "0", "0", "0", "0", "0", "0" ], "duration": 22.0, "sum": 1 }, "geometry": { "type": "Point", "coordinates": [ -122.269049280142596, 47.674900125190462 ] } },
{ "type": "Feature", "properties": { "lat": 47.674904986705428, "lon": -122.27056397047444, "time_of_day": "Morning", "causation": [ "0", "0", "0", "0", "0", "0", "0", "0", "0", "0", "0", "0", "0", "0", "0", "0", "0", "1", "0", "0", "0", "0", "0", "0" ], "duration": 0.0, "sum": 1 }, "geometry": { "type": "Point", "coordinates": [ -122.270563970474441, 47.674904986705428 ] } },
{ "type": "Feature", "properties": { "lat": 47.674910145650088, "lon": -122.26957716006766, "time_of_day": "Morning", "causation": [ "0", "0", "0", "0", "0", "0", "0", "0", "0", "0", "0", "0", "0", "0", "0", "0", "0", "1", "0", "0", "0", "0", "0", "0" ], "duration": 22.0, "sum": 1 }, "geometry": { "type": "Point", "coordinates": [ -122.269577160067655, 47.674910145650088 ] } },
{ "type": "Feature", "properties": { "lat": 47.674923947484722, "lon": -122.26997282378149, "time_of_day": "Morning", "causation": [ "0", "0", "0", "0", "0", "0", "0", "0", "0", "0", "0", "0", "0", "0", "0", "0", "0", "1", "0", "0", "0", "0", "0", "0" ], "duration": 0.0, "sum": 1 }, "geometry": { "type": "Point", "coordinates": [ -122.269972823781487, 47.674923947484722 ] } },
{ "type": "Feature", "properties": { "lat": 47.675028421960441, "lon": -122.26867518943544, "time_of_day": "Morning", "causation": [ "0", "0", "0", "0", "0", "0", "0", "0", "0", "0", "0", "0", "0", "0", "0", "0", "0", "1", "0", "0", "0", "0", "0", "0" ], "duration": 22.0, "sum": 1 }, "geometry": { "type": "Point", "coordinates": [ -122.268675189435442, 47.675028421960441 ] } },
{ "type": "Feature", "properties": { "lat": 47.675040542628423, "lon": -122.27058775849278, "time_of_day": "Morning", "causation": [ "0", "0", "0", "0", "0", "0", "0", "0", "0", "0", "0", "0", "0", "0", "0", "0", "0", "1", "0", "0", "0", "0", "0", "0" ], "duration": 0.0, "sum": 1 }, "geometry": { "type": "Point", "coordinates": [ -122.27058775849278, 47.675040542628423 ] } },
{ "type": "Feature", "properties": { "lat": 47.675042314039146, "lon": -122.26996446045641, "time_of_day": "Morning", "causation": [ "0", "0", "0", "0", "0", "0", "0", "0", "0", "0", "0", "0", "0", "0", "0", "0", "0", "1", "0", "0", "0", "0", "0", "0" ], "duration": 0.0, "sum": 1 }, "geometry": { "type": "Point", "coordinates": [ -122.269964460456407, 47.675042314039146 ] } },
{ "type": "Feature", "properties": { "lat": 47.675091333795251, "lon": -122.2691739208971, "time_of_day": "Morning", "causation": [ "0", "0", "0", "0", "0", "0", "0", "0", "0", "0", "0", "0", "0", "0", "0", "0", "0", "1", "0", "0", "0", "0", "0", "0" ], "duration": 22.0, "sum": 1 }, "geometry": { "type": "Point", "coordinates": [ -122.269173920897103, 47.675091333795251 ] } },
{ "type": "Feature", "properties": { "lat": 47.675174875163584, "lon": -122.27055418003808, "time_of_day": "Morning", "causation": [ "0", "0", "0", "0", "0", "0", "0", "0", "0", "0", "0", "0", "0", "0", "0", "0", "0", "1", "0", "0", "0", "0", "0", "0" ], "duration": 0.0, "sum": 1 }, "geometry": { "type": "Point", "coordinates": [ -122.270554180038076, 47.675174875163584 ] } },
{ "type": "Feature", "properties": { "lat": 47.67520275592674, "lon": -122.2686643009442, "time_of_day": "Morning", "causation": [ "0", "0", "0", "0", "0", "0", "0", "0", "0", "0", "0", "0", "0", "0", "0", "0", "0", "1", "0", "0", "0", "0", "0", "0" ], "duration": 22.0, "sum": 1 }, "geometry": { "type": "Point", "coordinates": [ -122.268664300944195, 47.67520275592674 ] } },
{ "type": "Feature", "properties": { "lat": 47.675218270691232, "lon": -122.26994708482674, "time_of_day": "Morning", "causation": [ "0", "0", "0", "0", "0", "0", "0", "0", "0", "0", "0", "0", "0", "0", "0", "0", "0", "1", "0", "0", "0", "0", "0", "0" ], "duration": 0.0, "sum": 1 }, "geometry": { "type": "Point", "coordinates": [ -122.26994708482674, 47.675218270691232 ] } },
{ "type": "Feature", "properties": { "lat": 47.675245900984692, "lon": -122.26923940129346, "time_of_day": "Morning", "causation": [ "0", "0", "0", "0", "0", "0", "0", "0", "0", "0", "0", "0", "0", "0", "0", "0", "0", "1", "0", "0", "0", "0", "0", "0" ], "duration": 22.0, "sum": 1 }, "geometry": { "type": "Point", "coordinates": [ -122.269239401293461, 47.675245900984692 ] } },
{ "type": "Feature", "properties": { "lat": 47.675329443949359, "lon": -122.2705660059236, "time_of_day": "Morning", "causation": [ "0", "0", "0", "0", "0", "0", "0", "0", "0", "0", "0", "0", "0", "0", "0", "0", "0", "1", "0", "0", "0", "0", "0", "0" ], "duration": 0.0, "sum": 1 }, "geometry": { "type": "Point", "coordinates": [ -122.270566005923598, 47.675329443949359 ] } },
{ "type": "Feature", "properties": { "lat": 47.675331976533421, "lon": -122.2699734421449, "time_of_day": "Morning", "causation": [ "0", "0", "0", "0", "0", "0", "0", "0", "0", "0", "0", "0", "0", "0", "0", "0", "0", "1", "0", "0", "0", "0", "0", "0" ], "duration": 0.0, "sum": 1 }, "geometry": { "type": "Point", "coordinates": [ -122.269973442144902, 47.675331976533421 ] } },
{ "type": "Feature", "properties": { "lat": 47.675449245329332, "lon": -122.27056693187969, "time_of_day": "Morning", "causation": [ "0", "0", "0", "0", "0", "0", "0", "0", "0", "0", "0", "0", "0", "0", "0", "0", "0", "1", "0", "0", "0", "0", "0", "0" ], "duration": 0.0, "sum": 1 }, "geometry": { "type": "Point", "coordinates": [ -122.270566931879685, 47.675449245329332 ] } },
{ "type": "Feature", "properties": { "lat": 47.675493905439971, "lon": -122.26993805083244, "time_of_day": "Morning", "causation": [ "0", "0", "0", "0", "0", "0", "0", "0", "0", "0", "0", "0", "0", "0", "0", "0", "0", "1", "0", "0", "0", "0", "0", "0" ], "duration": 0.0, "sum": 1 }, "geometry": { "type": "Point", "coordinates": [ -122.269938050832437, 47.675493905439971 ] } },
{ "type": "Feature", "properties": { "lat": 47.675496690482568, "lon": -122.26878427175346, "time_of_day": "Morning", "causation": [ "0", "0", "0", "0", "0", "0", "0", "0", "0", "0", "0", "0", "0", "0", "0", "0", "0", "9", "0", "0", "0", "0", "0", "0" ], "duration": 0.0, "sum": 9 }, "geometry": { "type": "Point", "coordinates": [ -122.268784271753461, 47.675496690482568 ] } },
{ "type": "Feature", "properties": { "lat": 47.675504197224335, "lon": -122.26904067549189, "time_of_day": "Morning", "causation": [ "0", "0", "0", "0", "0", "0", "0", "0", "0", "0", "0", "0", "0", "0", "0", "0", "0", "9", "0", "0", "0", "0", "0", "0" ], "duration": 0.0, "sum": 9 }, "geometry": { "type": "Point", "coordinates": [ -122.269040675491894, 47.675504197224335 ] } },
{ "type": "Feature", "properties": { "lat": 47.675506821458328, "lon": -122.26862609184803, "time_of_day": "Morning", "causation": [ "0", "0", "0", "0", "0", "0", "0", "0", "0", "0", "0", "0", "0", "0", "0", "0", "0", "9", "0", "0", "0", "0", "0", "0" ], "duration": 0.0, "sum": 9 }, "geometry": { "type": "Point", "coordinates": [ -122.268626091848034, 47.675506821458328 ] } },
{ "type": "Feature", "properties": { "lat": 47.675557714793193, "lon": -122.26933352516184, "time_of_day": "Morning", "causation": [ "0", "0", "0", "0", "0", "0", "0", "0", "0", "0", "0", "0", "0", "0", "0", "0", "0", "11", "0", "0", "0", "0", "0", "0" ], "duration": 0.0, "sum": 11 }, "geometry": { "type": "Point", "coordinates": [ -122.269333525161841, 47.675557714793193 ] } },
{ "type": "Feature", "properties": { "lat": 47.67557032814755, "lon": -122.27062142645882, "time_of_day": "Morning", "causation": [ "0", "0", "0", "0", "0", "0", "0", "0", "0", "0", "0", "0", "0", "0", "0", "0", "0", "1", "0", "0", "0", "0", "0", "0" ], "duration": 0.0, "sum": 1 }, "geometry": { "type": "Point", "coordinates": [ -122.270621426458817, 47.67557032814755 ] } },
{ "type": "Feature", "properties": { "lat": 47.67558561188924, "lon": -122.2699392339692, "time_of_day": "Morning", "causation": [ "0", "0", "0", "0", "0", "0", "0", "0", "0", "0", "0", "0", "0", "0", "0", "0", "0", "1", "0", "0", "0", "0", "0", "0" ], "duration": 0.0, "sum": 1 }, "geometry": { "type": "Point", "coordinates": [ -122.269939233969197, 47.67558561188924 ] } },
{ "type": "Feature", "properties": { "lat": 47.675895303713361, "lon": -122.2708189344896, "time_of_day": "Morning", "causation": [ "0", "0", "0", "0", "0", "0", "0", "0", "0", "0", "0", "0", "0", "0", "0", "0", "0", "1", "0", "0", "0", "0", "0", "0" ], "duration": 0.0, "sum": 1 }, "geometry": { "type": "Point", "coordinates": [ -122.270818934489597, 47.675895303713361 ] } },
{ "type": "Feature", "properties": { "lat": 47.67594963395306, "lon": -122.27025324777232, "time_of_day": "Morning", "causation": [ "0", "0", "0", "0", "0", "0", "0", "0", "0", "0", "0", "0", "0", "0", "0", "0", "0", "1", "0", "0", "0", "0", "0", "0" ], "duration": 0.0, "sum": 1 }, "geometry": { "type": "Point", "coordinates": [ -122.270253247772317, 47.67594963395306 ] } },
{ "type": "Feature", "properties": { "lat": 47.67603968585815, "lon": -122.27021084344918, "time_of_day": "Morning", "causation": [ "0", "0", "0", "0", "0", "0", "0", "0", "0", "0", "0", "0", "0", "0", "0", "0", "0", "1", "0", "0", "0", "0", "0", "0" ], "duration": 0.0, "sum": 1 }, "geometry": { "type": "Point", "coordinates": [ -122.270210843449178, 47.67603968585815 ] } },
{ "type": "Feature", "properties": { "lat": 47.676081974079707, "lon": -122.27081458556248, "time_of_day": "Morning", "causation": [ "0", "0", "0", "0", "0", "0", "0", "0", "0", "0", "0", "0", "0", "0", "0", "0", "0", "1", "0", "0", "0", "0", "0", "0" ], "duration": 0.0, "sum": 1 }, "geometry": { "type": "Point", "coordinates": [ -122.270814585562476, 47.676081974079707 ] } },
{ "type": "Feature", "properties": { "lat": 47.676247027541805, "lon": -122.27078364311316, "time_of_day": "Morning", "causation": [ "0", "0", "0", "0", "0", "0", "0", "0", "0", "0", "0", "0", "0", "0", "0", "0", "0", "1", "0", "0", "0", "0", "0", "0" ], "duration": 0.0, "sum": 1 }, "geometry": { "type": "Point", "coordinates": [ -122.270783643113162, 47.676247027541805 ] } },
{ "type": "Feature", "properties": { "lat": 47.676282881860367, "lon": -122.27023385589079, "time_of_day": "Morning", "causation": [ "0", "0", "0", "0", "0", "0", "0", "0", "0", "0", "0", "0", "0", "0", "0", "0", "0", "1", "0", "0", "0", "0", "0", "0" ], "duration": 0.0, "sum": 1 }, "geometry": { "type": "Point", "coordinates": [ -122.270233855890794, 47.676282881860367 ] } },
{ "type": "Feature", "properties": { "lat": 47.676381363963507, "lon": -122.27020958044116, "time_of_day": "Morning", "causation": [ "0", "0", "0", "0", "0", "0", "0", "0", "0", "0", "0", "0", "0", "0", "0", "0", "0", "1", "0", "0", "0", "0", "0", "0" ], "duration": 0.0, "sum": 1 }, "geometry": { "type": "Point", "coordinates": [ -122.270209580441161, 47.676381363963507 ] } },
{ "type": "Feature", "properties": { "lat": 47.676446196537455, "lon": -122.2707863832657, "time_of_day": "Morning", "causation": [ "0", "0", "0", "0", "0", "0", "0", "0", "0", "0", "0", "0", "0", "0", "0", "0", "0", "1", "0", "0", "0", "0", "0", "0" ], "duration": 0.0, "sum": 1 }, "geometry": { "type": "Point", "coordinates": [ -122.270786383265701, 47.676446196537455 ] } },
{ "type": "Feature", "properties": { "lat": 47.676501299629379, "lon": -122.26865119498494, "time_of_day": "Morning", "causation": [ "0", "0", "0", "0", "0", "0", "0", "0", "0", "0", "0", "0", "0", "0", "0", "0", "0", "1", "0", "0", "0", "0", "0", "0" ], "duration": 0.0, "sum": 1 }, "geometry": { "type": "Point", "coordinates": [ -122.26865119498494, 47.676501299629379 ] } },
{ "type": "Feature", "properties": { "lat": 47.676577707309377, "lon": -122.27078823450285, "time_of_day": "Morning", "causation": [ "0", "0", "0", "0", "0", "0", "0", "0", "0", "0", "0", "0", "0", "0", "0", "0", "0", "1", "0", "0", "0", "0", "0", "0" ], "duration": 0.0, "sum": 1 }, "geometry": { "type": "Point", "coordinates": [ -122.270788234502845, 47.676577707309377 ] } },
{ "type": "Feature", "properties": { "lat": 47.676584186592272, "lon": -122.27024091199974, "time_of_day": "Morning", "causation": [ "0", "0", "0", "0", "0", "0", "0", "0", "0", "0", "0", "0", "0", "0", "0", "0", "0", "1", "0", "0", "0", "0", "0", "0" ], "duration": 0.0, "sum": 1 }, "geometry": { "type": "Point", "coordinates": [ -122.270240911999736, 47.676584186592272 ] } },
{ "type": "Feature", "properties": { "lat": 47.676721319419698, "lon": -122.27026100839984, "time_of_day": "Morning", "causation": [ "0", "0", "0", "0", "0", "0", "0", "0", "0", "0", "0", "0", "0", "0", "0", "0", "0", "1", "0", "0", "0", "0", "0", "0" ], "duration": 0.0, "sum": 1 }, "geometry": { "type": "Point", "coordinates": [ -122.270261008399842, 47.676721319419698 ] } },
{ "type": "Feature", "properties": { "lat": 47.676729053660821, "lon": -122.27080425956775, "time_of_day": "Morning", "causation": [ "0", "0", "0", "0", "0", "0", "0", "0", "0", "0", "0", "0", "0", "0", "0", "0", "0", "1", "0", "0", "0", "0", "0", "0" ], "duration": 0.0, "sum": 1 }, "geometry": { "type": "Point", "coordinates": [ -122.270804259567754, 47.676729053660821 ] } },
{ "type": "Feature", "properties": { "lat": 47.676831104820657, "lon": -122.26857203663762, "time_of_day": "Morning", "causation": [ "0", "0", "0", "0", "0", "0", "0", "0", "0", "0", "0", "0", "0", "0", "0", "0", "0", "1", "0", "0", "0", "0", "0", "0" ], "duration": 0.0, "sum": 1 }, "geometry": { "type": "Point", "coordinates": [ -122.268572036637622, 47.676831104820657 ] } },
{ "type": "Feature", "properties": { "lat": 47.676886022378078, "lon": -122.2708160270773, "time_of_day": "Morning", "causation": [ "0", "0", "0", "0", "0", "0", "0", "0", "0", "0", "0", "0", "0", "0", "0", "0", "0", "1", "0", "0", "0", "0", "0", "0" ], "duration": 0.0, "sum": 1 }, "geometry": { "type": "Point", "coordinates": [ -122.270816027077302, 47.676886022378078 ] } },
{ "type": "Feature", "properties": { "lat": 47.676907464777443, "lon": -122.27022581971354, "time_of_day": "Morning", "causation": [ "0", "0", "0", "0", "0", "0", "0", "0", "0", "0", "0", "0", "0", "0", "0", "0", "0", "1", "0", "0", "0", "0", "0", "0" ], "duration": 0.0, "sum": 1 }, "geometry": { "type": "Point", "coordinates": [ -122.270225819713545, 47.676907464777443 ] } },
{ "type": "Feature", "properties": { "lat": 47.677023179660011, "lon": -122.2686052576075, "time_of_day": "Morning", "causation": [ "0", "0", "0", "0", "0", "0", "0", "0", "0", "0", "0", "0", "0", "0", "0", "0", "0", "1", "0", "0", "0", "0", "0", "0" ], "duration": 0.0, "sum": 1 }, "geometry": { "type": "Point", "coordinates": [ -122.268605257607504, 47.677023179660011 ] } },
{ "type": "Feature", "properties": { "lat": 47.67704393176718, "lon": -122.27082623729169, "time_of_day": "Morning", "causation": [ "0", "0", "0", "0", "0", "0", "0", "0", "0", "0", "0", "0", "0", "0", "0", "0", "0", "1", "0", "0", "0", "0", "0", "0" ], "duration": 0.0, "sum": 1 }, "geometry": { "type": "Point", "coordinates": [ -122.270826237291686, 47.67704393176718 ] } },
{ "type": "Feature", "properties": { "lat": 47.677046208445219, "lon": -122.27015275612776, "time_of_day": "Morning", "causation": [ "0", "0", "0", "0", "0", "0", "0", "0", "0", "0", "0", "0", "0", "0", "0", "0", "0", "1", "0", "0", "0", "0", "0", "0" ], "duration": 0.0, "sum": 1 }, "geometry": { "type": "Point", "coordinates": [ -122.270152756127757, 47.677046208445219 ] } },
{ "type": "Feature", "properties": { "lat": 47.677137449363457, "lon": -122.2685931886714, "time_of_day": "Morning", "causation": [ "0", "0", "0", "0", "0", "0", "0", "0", "0", "0", "0", "0", "0", "0", "0", "0", "0", "1", "0", "0", "0", "0", "0", "0" ], "duration": 0.0, "sum": 1 }, "geometry": { "type": "Point", "coordinates": [ -122.268593188671403, 47.677137449363457 ] } },
{ "type": "Feature", "properties": { "lat": 47.677202012439437, "lon": -122.27088200525444, "time_of_day": "Morning", "causation": [ "0", "0", "0", "0", "0", "0", "0", "0", "0", "0", "0", "0", "0", "0", "0", "0", "0", "1", "0", "0", "0", "0", "0", "0" ], "duration": 0.0, "sum": 1 }, "geometry": { "type": "Point", "coordinates": [ -122.270882005254435, 47.677202012439437 ] } },
{ "type": "Feature", "properties": { "lat": 47.67737976031701, "lon": -122.27080484134102, "time_of_day": "Morning", "causation": [ "0", "0", "0", "0", "0", "0", "0", "0", "0", "0", "0", "0", "0", "0", "0", "0", "0", "1", "0", "0", "0", "0", "0", "0" ], "duration": 0.0, "sum": 1 }, "geometry": { "type": "Point", "coordinates": [ -122.270804841341018, 47.67737976031701 ] } },
{ "type": "Feature", "properties": { "lat": 47.677388282380527, "lon": -122.26862313234948, "time_of_day": "Morning", "causation": [ "0", "0", "0", "0", "0", "0", "0", "0", "0", "0", "0", "0", "0", "0", "0", "0", "0", "1", "0", "0", "0", "0", "0", "0" ], "duration": 0.0, "sum": 1 }, "geometry": { "type": "Point", "coordinates": [ -122.268623132349475, 47.677388282380527 ] } },
{ "type": "Feature", "properties": { "lat": 47.677678189076751, "lon": -122.26867698090952, "time_of_day": "Morning", "causation": [ "0", "0", "0", "0", "0", "0", "0", "0", "0", "0", "0", "0", "0", "0", "0", "0", "0", "1", "0", "0", "0", "0", "0", "0" ], "duration": 0.0, "sum": 1 }, "geometry": { "type": "Point", "coordinates": [ -122.268676980909518, 47.677678189076751 ] } },
{ "type": "Feature", "properties": { "lat": 47.677729770154052, "lon": -122.26924674299646, "time_of_day": "Morning", "causation": [ "0", "0", "0", "0", "0", "0", "0", "0", "0", "0", "0", "0", "0", "0", "0", "0", "0", "1", "0", "0", "0", "0", "0", "0" ], "duration": 0.0, "sum": 1 }, "geometry": { "type": "Point", "coordinates": [ -122.269246742996458, 47.677729770154052 ] } },
{ "type": "Feature", "properties": { "lat": 47.677842348016434, "lon": -122.26868980558578, "time_of_day": "Morning", "causation": [ "0", "0", "0", "0", "0", "0", "0", "0", "0", "0", "0", "0", "0", "0", "0", "0", "0", "1", "0", "0", "0", "0", "0", "0" ], "duration": 0.0, "sum": 1 }, "geometry": { "type": "Point", "coordinates": [ -122.26868980558578, 47.677842348016434 ] } },
{ "type": "Feature", "properties": { "lat": 47.677847815461497, "lon": -122.26923662288036, "time_of_day": "Morning", "causation": [ "0", "0", "0", "0", "0", "0", "0", "0", "0", "0", "0", "0", "0", "0", "0", "0", "0", "1", "0", "0", "0", "0", "0", "0" ], "duration": 0.0, "sum": 1 }, "geometry": { "type": "Point", "coordinates": [ -122.269236622880356, 47.677847815461497 ] } },
{ "type": "Feature", "properties": { "lat": 47.678008855945059, "lon": -122.26922207567875, "time_of_day": "Morning", "causation": [ "0", "0", "0", "0", "0", "0", "0", "0", "0", "0", "0", "0", "0", "0", "0", "0", "0", "1", "0", "0", "0", "0", "0", "0" ], "duration": 0.0, "sum": 1 }, "geometry": { "type": "Point", "coordinates": [ -122.269222075678755, 47.678008855945059 ] } },
{ "type": "Feature", "properties": { "lat": 47.678038335716657, "lon": -122.26869798782378, "time_of_day": "Morning", "causation": [ "0", "0", "0", "0", "0", "0", "0", "0", "0", "0", "0", "0", "0", "0", "0", "0", "0", "1", "0", "0", "0", "0", "0", "0" ], "duration": 0.0, "sum": 1 }, "geometry": { "type": "Point", "coordinates": [ -122.268697987823785, 47.678038335716657 ] } },
{ "type": "Feature", "properties": { "lat": 47.678147094451241, "lon": -122.26924517650454, "time_of_day": "Morning", "causation": [ "0", "0", "0", "0", "0", "0", "0", "0", "0", "0", "0", "0", "0", "0", "0", "0", "0", "1", "0", "0", "0", "0", "0", "0" ], "duration": 0.0, "sum": 1 }, "geometry": { "type": "Point", "coordinates": [ -122.26924517650454, 47.678147094451241 ] } },
{ "type": "Feature", "properties": { "lat": 47.678272081879513, "lon": -122.26825091927972, "time_of_day": "Morning", "causation": [ "0", "0", "0", "0", "0", "0", "0", "0", "0", "0", "0", "0", "0", "0", "0", "0", "0", "1", "0", "0", "0", "0", "0", "0" ], "duration": 0.0, "sum": 1 }, "geometry": { "type": "Point", "coordinates": [ -122.268250919279723, 47.678272081879513 ] } },
{ "type": "Feature", "properties": { "lat": 47.678285472875451, "lon": -122.26924738418752, "time_of_day": "Morning", "causation": [ "0", "0", "0", "0", "0", "0", "0", "0", "0", "0", "0", "0", "0", "0", "0", "0", "0", "1", "0", "0", "0", "0", "0", "0" ], "duration": 0.0, "sum": 1 }, "geometry": { "type": "Point", "coordinates": [ -122.269247384187523, 47.678285472875451 ] } },
{ "type": "Feature", "properties": { "lat": 47.678409605465767, "lon": -122.26924750113864, "time_of_day": "Morning", "causation": [ "0", "0", "0", "0", "0", "0", "0", "0", "0", "0", "0", "0", "0", "0", "0", "0", "0", "1", "0", "0", "0", "0", "0", "0" ], "duration": 0.0, "sum": 1 }, "geometry": { "type": "Point", "coordinates": [ -122.269247501138636, 47.678409605465767 ] } },
{ "type": "Feature", "properties": { "lat": 47.678462938963641, "lon": -122.26861425936872, "time_of_day": "Morning", "causation": [ "0", "0", "0", "0", "0", "0", "0", "0", "0", "0", "0", "0", "0", "0", "0", "0", "0", "1", "0", "0", "0", "0", "0", "0" ], "duration": 0.0, "sum": 1 }, "geometry": { "type": "Point", "coordinates": [ -122.268614259368718, 47.678462938963641 ] } },
{ "type": "Feature", "properties": { "lat": 47.678559772759037, "lon": -122.26924872317797, "time_of_day": "Morning", "causation": [ "0", "0", "0", "0", "0", "0", "0", "0", "0", "0", "0", "0", "0", "0", "0", "0", "0", "1", "0", "0", "0", "0", "0", "0" ], "duration": 0.0, "sum": 1 }, "geometry": { "type": "Point", "coordinates": [ -122.269248723177967, 47.678559772759037 ] } },
{ "type": "Feature", "properties": { "lat": 47.678702880508823, "lon": -122.26924984353936, "time_of_day": "Morning", "causation": [ "0", "0", "0", "0", "0", "0", "0", "0", "0", "0", "0", "0", "0", "0", "0", "0", "0", "1", "0", "0", "0", "0", "0", "0" ], "duration": 0.0, "sum": 1 }, "geometry": { "type": "Point", "coordinates": [ -122.269249843539356, 47.678702880508823 ] } },
{ "type": "Feature", "properties": { "lat": 47.678820391321963, "lon": -122.26924693139422, "time_of_day": "Morning", "causation": [ "0", "0", "0", "0", "0", "0", "0", "0", "0", "0", "0", "0", "0", "0", "0", "0", "0", "1", "0", "0", "0", "0", "0", "0" ], "duration": 0.0, "sum": 1 }, "geometry": { "type": "Point", "coordinates": [ -122.269246931394221, 47.678820391321963 ] } },
{ "type": "Feature", "properties": { "lat": 47.678959551686852, "lon": -122.26923926622096, "time_of_day": "Morning", "causation": [ "0", "0", "0", "0", "0", "0", "0", "0", "0", "0", "0", "0", "0", "0", "0", "0", "0", "1", "0", "0", "0", "0", "0", "0" ], "duration": 0.0, "sum": 1 }, "geometry": { "type": "Point", "coordinates": [ -122.269239266220964, 47.678959551686852 ] } },
{ "type": "Feature", "properties": { "lat": 47.679092579835789, "lon": -122.26923824445151, "time_of_day": "Morning", "causation": [ "0", "0", "0", "0", "0", "0", "0", "0", "0", "0", "0", "0", "0", "0", "0", "0", "0", "1", "0", "0", "0", "0", "0", "0" ], "duration": 0.0, "sum": 1 }, "geometry": { "type": "Point", "coordinates": [ -122.269238244451515, 47.679092579835789 ] } },
{ "type": "Feature", "properties": { "lat": 47.679223811990077, "lon": -122.26923659245132, "time_of_day": "Morning", "causation": [ "0", "0", "0", "0", "0", "0", "0", "0", "0", "0", "0", "0", "0", "0", "0", "0", "0", "1", "0", "0", "0", "0", "0", "0" ], "duration": 0.0, "sum": 1 }, "geometry": { "type": "Point", "coordinates": [ -122.269236592451321, 47.679223811990077 ] } },
{ "type": "Feature", "properties": { "lat": 47.680037062298801, "lon": -122.32518972429401, "time_of_day": "Late Night", "causation": [ "0", "0", "0", "0", "0", "0", "0", "0", "0", "0", "0", "0", "0", "0", "0", "0", "0", "0", "2", "0", "0", "0", "0", "0" ], "duration": 406.0, "sum": 2 }, "geometry": { "type": "Point", "coordinates": [ -122.325189724294006, 47.680037062298801 ] } },
{ "type": "Feature", "properties": { "lat": 47.680244883702237, "lon": -122.32537631992562, "time_of_day": "Late Night", "causation": [ "0", "0", "0", "0", "0", "0", "0", "0", "0", "0", "0", "0", "0", "0", "0", "0", "0", "0", "2", "0", "0", "0", "0", "0" ], "duration": 406.0, "sum": 2 }, "geometry": { "type": "Point", "coordinates": [ -122.325376319925624, 47.680244883702237 ] } },
{ "type": "Feature", "properties": { "lat": 47.6802699881286, "lon": -122.32491632982985, "time_of_day": "Late Night", "causation": [ "0", "0", "0", "0", "0", "0", "0", "0", "0", "0", "0", "0", "0", "0", "0", "0", "0", "0", "5", "0", "0", "0", "0", "0" ], "duration": 1015.0, "sum": 5 }, "geometry": { "type": "Point", "coordinates": [ -122.324916329829847, 47.6802699881286 ] } },
{ "type": "Feature", "properties": { "lat": 47.680274784202183, "lon": -122.32868222124188, "time_of_day": "Late Night", "causation": [ "0", "0", "0", "0", "0", "0", "0", "0", "0", "0", "0", "0", "0", "0", "0", "0", "0", "0", "1", "0", "0", "0", "0", "0" ], "duration": 203.0, "sum": 1 }, "geometry": { "type": "Point", "coordinates": [ -122.328682221241877, 47.680274784202183 ] } },
{ "type": "Feature", "properties": { "lat": 47.680509904494286, "lon": -122.32569387583889, "time_of_day": "Late Night", "causation": [ "0", "0", "0", "0", "0", "0", "0", "0", "0", "0", "0", "0", "0", "0", "0", "0", "0", "0", "1", "0", "0", "0", "0", "0" ], "duration": 203.0, "sum": 1 }, "geometry": { "type": "Point", "coordinates": [ -122.325693875838894, 47.680509904494286 ] } },
{ "type": "Feature", "properties": { "lat": 47.68054713476495, "lon": -122.32547259930854, "time_of_day": "Late Night", "causation": [ "0", "0", "0", "0", "0", "0", "0", "0", "0", "0", "0", "0", "0", "0", "0", "0", "0", "0", "5", "0", "0", "0", "0", "0" ], "duration": 1015.0, "sum": 5 }, "geometry": { "type": "Point", "coordinates": [ -122.32547259930854, 47.68054713476495 ] } },
{ "type": "Feature", "properties": { "lat": 47.680569324469332, "lon": -122.32533240513747, "time_of_day": "Late Night", "causation": [ "0", "0", "0", "0", "0", "0", "0", "0", "0", "0", "0", "0", "0", "0", "0", "0", "0", "0", "2", "0", "0", "0", "0", "0" ], "duration": 406.0, "sum": 2 }, "geometry": { "type": "Point", "coordinates": [ -122.325332405137473, 47.680569324469332 ] } },
{ "type": "Feature", "properties": { "lat": 47.680649402289013, "lon": -122.3250082195742, "time_of_day": "Late Night", "causation": [ "0", "0", "0", "0", "0", "0", "0", "0", "0", "0", "0", "0", "0", "0", "0", "0", "0", "0", "2", "0", "0", "0", "0", "0" ], "duration": 406.0, "sum": 2 }, "geometry": { "type": "Point", "coordinates": [ -122.325008219574201, 47.680649402289013 ] } },
{ "type": "Feature", "properties": { "lat": 47.682667020680121, "lon": -122.39167639612792, "time_of_day": "Late Night", "causation": [ "0", "0", "0", "0", "0", "0", "0", "0", "0", "0", "0", "0", "0", "0", "0", "0", "0", "1", "0", "0", "0", "0", "0", "0" ], "duration": 3.0, "sum": 1 }, "geometry": { "type": "Point", "coordinates": [ -122.39167639612792, 47.682667020680121 ] } },
{ "type": "Feature", "properties": { "lat": 47.682667020680121, "lon": -122.39167639612792, "time_of_day": "Morning", "causation": [ "0", "0", "0", "0", "0", "0", "0", "0", "0", "0", "0", "0", "0", "0", "0", "0", "0", "1", "1", "0", "0", "0", "0", "0" ], "duration": 389.0, "sum": 2 }, "geometry": { "type": "Point", "coordinates": [ -122.39167639612792, 47.682667020680121 ] } },
{ "type": "Feature", "properties": { "lat": 47.683144910239605, "lon": -122.2753444431667, "time_of_day": "Late Night", "causation": [ "0", "0", "0", "0", "0", "0", "0", "0", "0", "0", "0", "0", "0", "0", "0", "0", "0", "1", "0", "0", "0", "0", "0", "0" ], "duration": 3.0, "sum": 1 }, "geometry": { "type": "Point", "coordinates": [ -122.275344443166702, 47.683144910239605 ] } },
{ "type": "Feature", "properties": { "lat": 47.683144910239605, "lon": -122.2753444431667, "time_of_day": "Morning", "causation": [ "0", "0", "0", "0", "0", "0", "0", "0", "0", "0", "0", "0", "0", "0", "0", "0", "0", "1", "1", "0", "0", "0", "0", "0" ], "duration": 389.0, "sum": 2 }, "geometry": { "type": "Point", "coordinates": [ -122.275344443166702, 47.683144910239605 ] } },
{ "type": "Feature", "properties": { "lat": 47.683212922081815, "lon": -122.27773573651643, "time_of_day": "Late Night", "causation": [ "0", "0", "0", "0", "0", "0", "0", "0", "0", "0", "0", "0", "0", "0", "0", "0", "0", "1", "0", "0", "0", "0", "0", "0" ], "duration": 3.0, "sum": 1 }, "geometry": { "type": "Point", "coordinates": [ -122.277735736516433, 47.683212922081815 ] } },
{ "type": "Feature", "properties": { "lat": 47.683212922081815, "lon": -122.27773573651643, "time_of_day": "Morning", "causation": [ "0", "0", "0", "0", "0", "0", "0", "0", "0", "0", "0", "0", "0", "0", "0", "0", "0", "1", "1", "0", "0", "0", "0", "0" ], "duration": 389.0, "sum": 2 }, "geometry": { "type": "Point", "coordinates": [ -122.277735736516433, 47.683212922081815 ] } },
{ "type": "Feature", "properties": { "lat": 47.683240033371206, "lon": -122.27563306479564, "time_of_day": "Late Night", "causation": [ "0", "0", "0", "0", "0", "0", "0", "0", "0", "0", "0", "0", "0", "0", "0", "0", "0", "1", "0", "0", "0", "0", "0", "0" ], "duration": 3.0, "sum": 1 }, "geometry": { "type": "Point", "coordinates": [ -122.275633064795642, 47.683240033371206 ] } },
{ "type": "Feature", "properties": { "lat": 47.683240033371206, "lon": -122.27563306479564, "time_of_day": "Morning", "causation": [ "0", "0", "0", "0", "0", "0", "0", "0", "0", "0", "0", "0", "0", "0", "0", "0", "0", "1", "1", "0", "0", "0", "0", "0" ], "duration": 389.0, "sum": 2 }, "geometry": { "type": "Point", "coordinates": [ -122.275633064795642, 47.683240033371206 ] } },
{ "type": "Feature", "properties": { "lat": 47.683250166410737, "lon": -122.2736162019406, "time_of_day": "Late Night", "causation": [ "0", "0", "0", "0", "0", "0", "0", "0", "0", "0", "0", "0", "0", "0", "0", "0", "0", "1", "0", "0", "0", "0", "0", "0" ], "duration": 3.0, "sum": 1 }, "geometry": { "type": "Point", "coordinates": [ -122.273616201940598, 47.683250166410737 ] } },
{ "type": "Feature", "properties": { "lat": 47.683250166410737, "lon": -122.2736162019406, "time_of_day": "Morning", "causation": [ "0", "0", "0", "0", "0", "0", "0", "0", "0", "0", "0", "0", "0", "0", "0", "0", "0", "1", "1", "0", "0", "0", "0", "0" ], "duration": 389.0, "sum": 2 }, "geometry": { "type": "Point", "coordinates": [ -122.273616201940598, 47.683250166410737 ] } },
{ "type": "Feature", "properties": { "lat": 47.683253757598138, "lon": -122.27421879561491, "time_of_day": "Late Night", "causation": [ "0", "0", "0", "0", "0", "0", "0", "0", "0", "0", "0", "0", "0", "0", "0", "0", "0", "1", "0", "0", "0", "0", "0", "0" ], "duration": 3.0, "sum": 1 }, "geometry": { "type": "Point", "coordinates": [ -122.274218795614914, 47.683253757598138 ] } },
{ "type": "Feature", "properties": { "lat": 47.683253757598138, "lon": -122.27421879561491, "time_of_day": "Morning", "causation": [ "0", "0", "0", "0", "0", "0", "0", "0", "0", "0", "0", "0", "0", "0", "0", "0", "0", "1", "1", "0", "0", "0", "0", "0" ], "duration": 389.0, "sum": 2 }, "geometry": { "type": "Point", "coordinates": [ -122.274218795614914, 47.683253757598138 ] } },
{ "type": "Feature", "properties": { "lat": 47.683254793827153, "lon": -122.275975693737, "time_of_day": "Late Night", "causation": [ "0", "0", "0", "0", "0", "0", "0", "0", "0", "0", "0", "0", "0", "0", "0", "0", "0", "1", "0", "0", "0", "0", "0", "0" ], "duration": 3.0, "sum": 1 }, "geometry": { "type": "Point", "coordinates": [ -122.275975693736996, 47.683254793827153 ] } },
{ "type": "Feature", "properties": { "lat": 47.683254793827153, "lon": -122.275975693737, "time_of_day": "Morning", "causation": [ "0", "0", "0", "0", "0", "0", "0", "0", "0", "0", "0", "0", "0", "0", "0", "0", "0", "1", "1", "0", "0", "0", "0", "0" ], "duration": 389.0, "sum": 2 }, "geometry": { "type": "Point", "coordinates": [ -122.275975693736996, 47.683254793827153 ] } },
{ "type": "Feature", "properties": { "lat": 47.683256232473482, "lon": -122.27632308942924, "time_of_day": "Late Night", "causation": [ "0", "0", "0", "0", "0", "0", "0", "0", "0", "0", "0", "0", "0", "0", "0", "0", "0", "1", "0", "0", "0", "0", "0", "0" ], "duration": 3.0, "sum": 1 }, "geometry": { "type": "Point", "coordinates": [ -122.276323089429241, 47.683256232473482 ] } },
{ "type": "Feature", "properties": { "lat": 47.683256232473482, "lon": -122.27632308942924, "time_of_day": "Morning", "causation": [ "0", "0", "0", "0", "0", "0", "0", "0", "0", "0", "0", "0", "0", "0", "0", "0", "0", "1", "1", "0", "0", "0", "0", "0" ], "duration": 389.0, "sum": 2 }, "geometry": { "type": "Point", "coordinates": [ -122.276323089429241, 47.683256232473482 ] } },
{ "type": "Feature", "properties": { "lat": 47.683265946158336, "lon": -122.27385569450428, "time_of_day": "Late Night", "causation": [ "0", "0", "0", "0", "0", "0", "0", "0", "0", "0", "0", "0", "0", "0", "0", "0", "0", "1", "0", "0", "0", "0", "0", "0" ], "duration": 3.0, "sum": 1 }, "geometry": { "type": "Point", "coordinates": [ -122.273855694504277, 47.683265946158336 ] } },
{ "type": "Feature", "properties": { "lat": 47.683265946158336, "lon": -122.27385569450428, "time_of_day": "Morning", "causation": [ "0", "0", "0", "0", "0", "0", "0", "0", "0", "0", "0", "0", "0", "0", "0", "0", "0", "1", "1", "0", "0", "0", "0", "0" ], "duration": 389.0, "sum": 2 }, "geometry": { "type": "Point", "coordinates": [ -122.273855694504277, 47.683265946158336 ] } },
{ "type": "Feature", "properties": { "lat": 47.683274161157037, "lon": -122.27456606338932, "time_of_day": "Late Night", "causation": [ "0", "0", "0", "0", "0", "0", "0", "0", "0", "0", "0", "0", "0", "0", "0", "0", "0", "1", "0", "0", "0", "0", "0", "0" ], "duration": 3.0, "sum": 1 }, "geometry": { "type": "Point", "coordinates": [ -122.274566063389315, 47.683274161157037 ] } },
{ "type": "Feature", "properties": { "lat": 47.683274161157037, "lon": -122.27456606338932, "time_of_day": "Morning", "causation": [ "0", "0", "0", "0", "0", "0", "0", "0", "0", "0", "0", "0", "0", "0", "0", "0", "0", "1", "1", "0", "0", "0", "0", "0" ], "duration": 389.0, "sum": 2 }, "geometry": { "type": "Point", "coordinates": [ -122.274566063389315, 47.683274161157037 ] } },
{ "type": "Feature", "properties": { "lat": 47.683275218451897, "lon": -122.27487092331693, "time_of_day": "Late Night", "causation": [ "0", "0", "0", "0", "0", "0", "0", "0", "0", "0", "0", "0", "0", "0", "0", "0", "0", "1", "0", "0", "0", "0", "0", "0" ], "duration": 3.0, "sum": 1 }, "geometry": { "type": "Point", "coordinates": [ -122.274870923316925, 47.683275218451897 ] } },
{ "type": "Feature", "properties": { "lat": 47.683275218451897, "lon": -122.27487092331693, "time_of_day": "Morning", "causation": [ "0", "0", "0", "0", "0", "0", "0", "0", "0", "0", "0", "0", "0", "0", "0", "0", "0", "1", "1", "0", "0", "0", "0", "0" ], "duration": 389.0, "sum": 2 }, "geometry": { "type": "Point", "coordinates": [ -122.274870923316925, 47.683275218451897 ] } },
{ "type": "Feature", "properties": { "lat": 47.683282176634521, "lon": -122.276963474204, "time_of_day": "Late Night", "causation": [ "0", "0", "0", "0", "0", "0", "0", "0", "0", "0", "0", "0", "0", "0", "0", "0", "0", "1", "0", "0", "0", "0", "0", "0" ], "duration": 3.0, "sum": 1 }, "geometry": { "type": "Point", "coordinates": [ -122.276963474203995, 47.683282176634521 ] } },
{ "type": "Feature", "properties": { "lat": 47.683282176634521, "lon": -122.276963474204, "time_of_day": "Morning", "causation": [ "0", "0", "0", "0", "0", "0", "0", "0", "0", "0", "0", "0", "0", "0", "0", "0", "0", "1", "1", "0", "0", "0", "0", "0" ], "duration": 389.0, "sum": 2 }, "geometry": { "type": "Point", "coordinates": [ -122.276963474203995, 47.683282176634521 ] } },
{ "type": "Feature", "properties": { "lat": 47.683294241405335, "lon": -122.27669179921833, "time_of_day": "Late Night", "causation": [ "0", "0", "0", "0", "0", "0", "0", "0", "0", "0", "0", "0", "0", "0", "0", "0", "0", "1", "0", "0", "0", "0", "0", "0" ], "duration": 3.0, "sum": 1 }, "geometry": { "type": "Point", "coordinates": [ -122.276691799218327, 47.683294241405335 ] } },
{ "type": "Feature", "properties": { "lat": 47.683294241405335, "lon": -122.27669179921833, "time_of_day": "Morning", "causation": [ "0", "0", "0", "0", "0", "0", "0", "0", "0", "0", "0", "0", "0", "0", "0", "0", "0", "1", "1", "0", "0", "0", "0", "0" ], "duration": 389.0, "sum": 2 }, "geometry": { "type": "Point", "coordinates": [ -122.276691799218327, 47.683294241405335 ] } },
{ "type": "Feature", "properties": { "lat": 47.68341001665155, "lon": -122.27758282853723, "time_of_day": "Late Night", "causation": [ "0", "0", "0", "0", "0", "0", "0", "0", "0", "0", "0", "0", "0", "0", "0", "0", "0", "1", "0", "0", "0", "0", "0", "0" ], "duration": 3.0, "sum": 1 }, "geometry": { "type": "Point", "coordinates": [ -122.277582828537234, 47.68341001665155 ] } },
{ "type": "Feature", "properties": { "lat": 47.68341001665155, "lon": -122.27758282853723, "time_of_day": "Morning", "causation": [ "0", "0", "0", "0", "0", "0", "0", "0", "0", "0", "0", "0", "0", "0", "0", "0", "0", "1", "1", "0", "0", "0", "0", "0" ], "duration": 389.0, "sum": 2 }, "geometry": { "type": "Point", "coordinates": [ -122.277582828537234, 47.68341001665155 ] } },
{ "type": "Feature", "properties": { "lat": 47.683630583342243, "lon": -122.27358199590029, "time_of_day": "Late Night", "causation": [ "0", "0", "0", "0", "0", "0", "0", "0", "0", "0", "0", "0", "0", "0", "0", "0", "0", "1", "0", "0", "0", "0", "0", "0" ], "duration": 3.0, "sum": 1 }, "geometry": { "type": "Point", "coordinates": [ -122.273581995900287, 47.683630583342243 ] } },
{ "type": "Feature", "properties": { "lat": 47.683630583342243, "lon": -122.27358199590029, "time_of_day": "Morning", "causation": [ "0", "0", "0", "0", "0", "0", "0", "0", "0", "0", "0", "0", "0", "0", "0", "0", "0", "1", "1", "0", "0", "0", "0", "0" ], "duration": 389.0, "sum": 2 }, "geometry": { "type": "Point", "coordinates": [ -122.273581995900287, 47.683630583342243 ] } },
{ "type": "Feature", "properties": { "lat": 47.683636014217612, "lon": -122.27753791139976, "time_of_day": "Late Night", "causation": [ "0", "0", "0", "0", "0", "0", "0", "0", "0", "0", "0", "0", "0", "0", "0", "0", "0", "1", "0", "0", "0", "0", "0", "0" ], "duration": 3.0, "sum": 1 }, "geometry": { "type": "Point", "coordinates": [ -122.277537911399762, 47.683636014217612 ] } },
{ "type": "Feature", "properties": { "lat": 47.683636014217612, "lon": -122.27753791139976, "time_of_day": "Morning", "causation": [ "0", "0", "0", "0", "0", "0", "0", "0", "0", "0", "0", "0", "0", "0", "0", "0", "0", "1", "1", "0", "0", "0", "0", "0" ], "duration": 389.0, "sum": 2 }, "geometry": { "type": "Point", "coordinates": [ -122.277537911399762, 47.683636014217612 ] } },
{ "type": "Feature", "properties": { "lat": 47.683675166209042, "lon": -122.27549293954289, "time_of_day": "Late Night", "causation": [ "0", "0", "0", "0", "0", "0", "0", "0", "0", "0", "0", "0", "0", "0", "0", "0", "0", "1", "0", "0", "0", "0", "0", "0" ], "duration": 3.0, "sum": 1 }, "geometry": { "type": "Point", "coordinates": [ -122.275492939542886, 47.683675166209042 ] } },
{ "type": "Feature", "properties": { "lat": 47.683675166209042, "lon": -122.27549293954289, "time_of_day": "Morning", "causation": [ "0", "0", "0", "0", "0", "0", "0", "0", "0", "0", "0", "0", "0", "0", "0", "0", "0", "1", "1", "0", "0", "0", "0", "0" ], "duration": 389.0, "sum": 2 }, "geometry": { "type": "Point", "coordinates": [ -122.275492939542886, 47.683675166209042 ] } },
{ "type": "Feature", "properties": { "lat": 47.683723389826767, "lon": -122.2757465400786, "time_of_day": "Late Night", "causation": [ "0", "0", "0", "0", "0", "0", "0", "0", "0", "0", "0", "0", "0", "0", "0", "0", "0", "1", "0", "0", "0", "0", "0", "0" ], "duration": 3.0, "sum": 1 }, "geometry": { "type": "Point", "coordinates": [ -122.2757465400786, 47.683723389826767 ] } },
{ "type": "Feature", "properties": { "lat": 47.683723389826767, "lon": -122.2757465400786, "time_of_day": "Morning", "causation": [ "0", "0", "0", "0", "0", "0", "0", "0", "0", "0", "0", "0", "0", "0", "0", "0", "0", "1", "1", "0", "0", "0", "0", "0" ], "duration": 389.0, "sum": 2 }, "geometry": { "type": "Point", "coordinates": [ -122.2757465400786, 47.683723389826767 ] } },
{ "type": "Feature", "properties": { "lat": 47.683730694967821, "lon": -122.27450322942056, "time_of_day": "Late Night", "causation": [ "0", "0", "0", "0", "0", "0", "0", "0", "0", "0", "0", "0", "0", "0", "0", "0", "0", "1", "0", "0", "0", "0", "0", "0" ], "duration": 3.0, "sum": 1 }, "geometry": { "type": "Point", "coordinates": [ -122.27450322942056, 47.683730694967821 ] } },
{ "type": "Feature", "properties": { "lat": 47.683730694967821, "lon": -122.27450322942056, "time_of_day": "Morning", "causation": [ "0", "0", "0", "0", "0", "0", "0", "0", "0", "0", "0", "0", "0", "0", "0", "0", "0", "1", "1", "0", "0", "0", "0", "0" ], "duration": 389.0, "sum": 2 }, "geometry": { "type": "Point", "coordinates": [ -122.27450322942056, 47.683730694967821 ] } },
{ "type": "Feature", "properties": { "lat": 47.683731803789392, "lon": -122.27473189426496, "time_of_day": "Late Night", "causation": [ "0", "0", "0", "0", "0", "0", "0", "0", "0", "0", "0", "0", "0", "0", "0", "0", "0", "1", "0", "0", "0", "0", "0", "0" ], "duration": 3.0, "sum": 1 }, "geometry": { "type": "Point", "coordinates": [ -122.27473189426496, 47.683731803789392 ] } },
{ "type": "Feature", "properties": { "lat": 47.683731803789392, "lon": -122.27473189426496, "time_of_day": "Morning", "causation": [ "0", "0", "0", "0", "0", "0", "0", "0", "0", "0", "0", "0", "0", "0", "0", "0", "0", "1", "1", "0", "0", "0", "0", "0" ], "duration": 389.0, "sum": 2 }, "geometry": { "type": "Point", "coordinates": [ -122.27473189426496, 47.683731803789392 ] } },
{ "type": "Feature", "properties": { "lat": 47.683746044699987, "lon": -122.27494348771624, "time_of_day": "Late Night", "causation": [ "0", "0", "0", "0", "0", "0", "0", "0", "0", "0", "0", "0", "0", "0", "0", "0", "0", "1", "0", "0", "0", "0", "0", "0" ], "duration": 3.0, "sum": 1 }, "geometry": { "type": "Point", "coordinates": [ -122.274943487716243, 47.683746044699987 ] } },
{ "type": "Feature", "properties": { "lat": 47.683746044699987, "lon": -122.27494348771624, "time_of_day": "Morning", "causation": [ "0", "0", "0", "0", "0", "0", "0", "0", "0", "0", "0", "0", "0", "0", "0", "0", "0", "1", "1", "0", "0", "0", "0", "0" ], "duration": 389.0, "sum": 2 }, "geometry": { "type": "Point", "coordinates": [ -122.274943487716243, 47.683746044699987 ] } },
{ "type": "Feature", "properties": { "lat": 47.6837753997984, "lon": -122.27596936615278, "time_of_day": "Late Night", "causation": [ "0", "0", "0", "0", "0", "0", "0", "0", "0", "0", "0", "0", "0", "0", "0", "0", "0", "1", "0", "0", "0", "0", "0", "0" ], "duration": 3.0, "sum": 1 }, "geometry": { "type": "Point", "coordinates": [ -122.275969366152779, 47.6837753997984 ] } },
{ "type": "Feature", "properties": { "lat": 47.6837753997984, "lon": -122.27596936615278, "time_of_day": "Morning", "causation": [ "0", "0", "0", "0", "0", "0", "0", "0", "0", "0", "0", "0", "0", "0", "0", "0", "0", "1", "1", "0", "0", "0", "0", "0" ], "duration": 389.0, "sum": 2 }, "geometry": { "type": "Point", "coordinates": [ -122.275969366152779, 47.6837753997984 ] } },
{ "type": "Feature", "properties": { "lat": 47.683793473137001, "lon": -122.27751855824816, "time_of_day": "Late Night", "causation": [ "0", "0", "0", "0", "0", "0", "0", "0", "0", "0", "0", "0", "0", "0", "0", "0", "0", "1", "0", "0", "0", "0", "0", "0" ], "duration": 3.0, "sum": 1 }, "geometry": { "type": "Point", "coordinates": [ -122.277518558248161, 47.683793473137001 ] } },
{ "type": "Feature", "properties": { "lat": 47.683793473137001, "lon": -122.27751855824816, "time_of_day": "Morning", "causation": [ "0", "0", "0", "0", "0", "0", "0", "0", "0", "0", "0", "0", "0", "0", "0", "0", "0", "1", "1", "0", "0", "0", "0", "0" ], "duration": 389.0, "sum": 2 }, "geometry": { "type": "Point", "coordinates": [ -122.277518558248161, 47.683793473137001 ] } },
{ "type": "Feature", "properties": { "lat": 47.683843075270048, "lon": -122.27429570791853, "time_of_day": "Late Night", "causation": [ "0", "0", "0", "0", "0", "0", "0", "0", "0", "0", "0", "0", "0", "0", "0", "0", "0", "1", "0", "0", "0", "0", "0", "0" ], "duration": 3.0, "sum": 1 }, "geometry": { "type": "Point", "coordinates": [ -122.274295707918526, 47.683843075270048 ] } },
{ "type": "Feature", "properties": { "lat": 47.683843075270048, "lon": -122.27429570791853, "time_of_day": "Morning", "causation": [ "0", "0", "0", "0", "0", "0", "0", "0", "0", "0", "0", "0", "0", "0", "0", "0", "0", "1", "1", "0", "0", "0", "0", "0" ], "duration": 389.0, "sum": 2 }, "geometry": { "type": "Point", "coordinates": [ -122.274295707918526, 47.683843075270048 ] } },
{ "type": "Feature", "properties": { "lat": 47.683850702532681, "lon": -122.27613004787356, "time_of_day": "Late Night", "causation": [ "0", "0", "0", "0", "0", "0", "0", "0", "0", "0", "0", "0", "0", "0", "0", "0", "0", "1", "0", "0", "0", "0", "0", "0" ], "duration": 3.0, "sum": 1 }, "geometry": { "type": "Point", "coordinates": [ -122.276130047873565, 47.683850702532681 ] } },
{ "type": "Feature", "properties": { "lat": 47.683850702532681, "lon": -122.27613004787356, "time_of_day": "Morning", "causation": [ "0", "0", "0", "0", "0", "0", "0", "0", "0", "0", "0", "0", "0", "0", "0", "0", "0", "1", "1", "0", "0", "0", "0", "0" ], "duration": 389.0, "sum": 2 }, "geometry": { "type": "Point", "coordinates": [ -122.276130047873565, 47.683850702532681 ] } },
{ "type": "Feature", "properties": { "lat": 47.683902015098397, "lon": -122.2764263547582, "time_of_day": "Late Night", "causation": [ "0", "0", "0", "0", "0", "0", "0", "0", "0", "0", "0", "0", "0", "0", "0", "0", "0", "1", "0", "0", "0", "0", "0", "0" ], "duration": 3.0, "sum": 1 }, "geometry": { "type": "Point", "coordinates": [ -122.2764263547582, 47.683902015098397 ] } },
{ "type": "Feature", "properties": { "lat": 47.683902015098397, "lon": -122.2764263547582, "time_of_day": "Morning", "causation": [ "0", "0", "0", "0", "0", "0", "0", "0", "0", "0", "0", "0", "0", "0", "0", "0", "0", "1", "1", "0", "0", "0", "0", "0" ], "duration": 389.0, "sum": 2 }, "geometry": { "type": "Point", "coordinates": [ -122.2764263547582, 47.683902015098397 ] } },
{ "type": "Feature", "properties": { "lat": 47.683931455782229, "lon": -122.277541810648, "time_of_day": "Late Night", "causation": [ "0", "0", "0", "0", "0", "0", "0", "0", "0", "0", "0", "0", "0", "0", "0", "0", "0", "1", "0", "0", "0", "0", "0", "0" ], "duration": 3.0, "sum": 1 }, "geometry": { "type": "Point", "coordinates": [ -122.277541810648003, 47.683931455782229 ] } },
{ "type": "Feature", "properties": { "lat": 47.683931455782229, "lon": -122.277541810648, "time_of_day": "Morning", "causation": [ "0", "0", "0", "0", "0", "0", "0", "0", "0", "0", "0", "0", "0", "0", "0", "0", "0", "1", "1", "0", "0", "0", "0", "0" ], "duration": 389.0, "sum": 2 }, "geometry": { "type": "Point", "coordinates": [ -122.277541810648003, 47.683931455782229 ] } },
{ "type": "Feature", "properties": { "lat": 47.684002081220036, "lon": -122.27660466177848, "time_of_day": "Late Night", "causation": [ "0", "0", "0", "0", "0", "0", "0", "0", "0", "0", "0", "0", "0", "0", "0", "0", "0", "1", "0", "0", "0", "0", "0", "0" ], "duration": 3.0, "sum": 1 }, "geometry": { "type": "Point", "coordinates": [ -122.276604661778478, 47.684002081220036 ] } },
{ "type": "Feature", "properties": { "lat": 47.684002081220036, "lon": -122.27660466177848, "time_of_day": "Morning", "causation": [ "0", "0", "0", "0", "0", "0", "0", "0", "0", "0", "0", "0", "0", "0", "0", "0", "0", "1", "1", "0", "0", "0", "0", "0" ], "duration": 389.0, "sum": 2 }, "geometry": { "type": "Point", "coordinates": [ -122.276604661778478, 47.684002081220036 ] } },
{ "type": "Feature", "properties": { "lat": 47.684003691876015, "lon": -122.27413671428144, "time_of_day": "Late Night", "causation": [ "0", "0", "0", "0", "0", "0", "0", "0", "0", "0", "0", "0", "0", "0", "0", "0", "0", "1", "0", "0", "0", "0", "0", "0" ], "duration": 3.0, "sum": 1 }, "geometry": { "type": "Point", "coordinates": [ -122.27413671428144, 47.684003691876015 ] } },
{ "type": "Feature", "properties": { "lat": 47.684003691876015, "lon": -122.27413671428144, "time_of_day": "Morning", "causation": [ "0", "0", "0", "0", "0", "0", "0", "0", "0", "0", "0", "0", "0", "0", "0", "0", "0", "1", "1", "0", "0", "0", "0", "0" ], "duration": 389.0, "sum": 2 }, "geometry": { "type": "Point", "coordinates": [ -122.27413671428144, 47.684003691876015 ] } },
{ "type": "Feature", "properties": { "lat": 47.684017643020027, "lon": -122.27497873598342, "time_of_day": "Late Night", "causation": [ "0", "0", "0", "0", "0", "0", "0", "0", "0", "0", "0", "0", "0", "0", "0", "0", "0", "3", "0", "0", "0", "0", "0", "0" ], "duration": 6.0, "sum": 3 }, "geometry": { "type": "Point", "coordinates": [ -122.274978735983424, 47.684017643020027 ] } },
{ "type": "Feature", "properties": { "lat": 47.684017643020027, "lon": -122.27497873598342, "time_of_day": "Morning", "causation": [ "0", "0", "0", "0", "0", "0", "0", "0", "0", "0", "0", "0", "0", "0", "0", "0", "0", "1", "1", "0", "0", "0", "0", "0" ], "duration": 389.0, "sum": 2 }, "geometry": { "type": "Point", "coordinates": [ -122.274978735983424, 47.684017643020027 ] } },
{ "type": "Feature", "properties": { "lat": 47.684027651492123, "lon": -122.27549699328236, "time_of_day": "Late Night", "causation": [ "0", "0", "0", "0", "0", "0", "0", "0", "0", "0", "0", "0", "0", "0", "0", "0", "0", "3", "0", "0", "0", "0", "0", "0" ], "duration": 6.0, "sum": 3 }, "geometry": { "type": "Point", "coordinates": [ -122.27549699328236, 47.684027651492123 ] } },
{ "type": "Feature", "properties": { "lat": 47.684032414597397, "lon": -122.27392519048844, "time_of_day": "Late Night", "causation": [ "0", "0", "0", "0", "0", "0", "0", "0", "0", "0", "0", "0", "0", "0", "0", "0", "0", "1", "0", "0", "0", "0", "0", "0" ], "duration": 3.0, "sum": 1 }, "geometry": { "type": "Point", "coordinates": [ -122.273925190488441, 47.684032414597397 ] } },
{ "type": "Feature", "properties": { "lat": 47.684032414597397, "lon": -122.27392519048844, "time_of_day": "Morning", "causation": [ "0", "0", "0", "0", "0", "0", "0", "0", "0", "0", "0", "0", "0", "0", "0", "0", "0", "1", "1", "0", "0", "0", "0", "0" ], "duration": 389.0, "sum": 2 }, "geometry": { "type": "Point", "coordinates": [ -122.273925190488441, 47.684032414597397 ] } },
{ "type": "Feature", "properties": { "lat": 47.684070953333283, "lon": -122.2747599563214, "time_of_day": "Late Night", "causation": [ "0", "0", "0", "0", "0", "0", "0", "0", "0", "0", "0", "0", "0", "0", "0", "0", "0", "3", "0", "0", "0", "0", "0", "0" ], "duration": 6.0, "sum": 3 }, "geometry": { "type": "Point", "coordinates": [ -122.274759956321404, 47.684070953333283 ] } },
{ "type": "Feature", "properties": { "lat": 47.684070953333283, "lon": -122.2747599563214, "time_of_day": "Morning", "causation": [ "0", "0", "0", "0", "0", "0", "0", "0", "0", "0", "0", "0", "0", "0", "0", "0", "0", "1", "1", "0", "0", "0", "0", "0" ], "duration": 389.0, "sum": 2 }, "geometry": { "type": "Point", "coordinates": [ -122.274759956321404, 47.684070953333283 ] } },
{ "type": "Feature", "properties": { "lat": 47.68407621490713, "lon": -122.27578858301356, "time_of_day": "Late Night", "causation": [ "0", "0", "0", "0", "0", "0", "0", "0", "0", "0", "0", "0", "0", "0", "0", "0", "0", "3", "0", "0", "0", "0", "0", "0" ], "duration": 6.0, "sum": 3 }, "geometry": { "type": "Point", "coordinates": [ -122.275788583013565, 47.68407621490713 ] } },
{ "type": "Feature", "properties": { "lat": 47.684116347670056, "lon": -122.27372119838084, "time_of_day": "Late Night", "causation": [ "0", "0", "0", "0", "0", "0", "0", "0", "0", "0", "0", "0", "0", "0", "0", "0", "0", "1", "0", "0", "0", "0", "0", "0" ], "duration": 3.0, "sum": 1 }, "geometry": { "type": "Point", "coordinates": [ -122.273721198380841, 47.684116347670056 ] } },
{ "type": "Feature", "properties": { "lat": 47.684116347670056, "lon": -122.27372119838084, "time_of_day": "Morning", "causation": [ "0", "0", "0", "0", "0", "0", "0", "0", "0", "0", "0", "0", "0", "0", "0", "0", "0", "1", "1", "0", "0", "0", "0", "0" ], "duration": 389.0, "sum": 2 }, "geometry": { "type": "Point", "coordinates": [ -122.273721198380841, 47.684116347670056 ] } },
{ "type": "Feature", "properties": { "lat": 47.684133095603492, "lon": -122.27762955544164, "time_of_day": "Late Night", "causation": [ "0", "0", "0", "0", "0", "0", "0", "0", "0", "0", "0", "0", "0", "0", "0", "0", "0", "1", "0", "0", "0", "0", "0", "0" ], "duration": 3.0, "sum": 1 }, "geometry": { "type": "Point", "coordinates": [ -122.277629555441635, 47.684133095603492 ] } },
{ "type": "Feature", "properties": { "lat": 47.684133095603492, "lon": -122.27762955544164, "time_of_day": "Morning", "causation": [ "0", "0", "0", "0", "0", "0", "0", "0", "0", "0", "0", "0", "0", "0", "0", "0", "0", "1", "1", "0", "0", "0", "0", "0" ], "duration": 389.0, "sum": 2 }, "geometry": { "type": "Point", "coordinates": [ -122.277629555441635, 47.684133095603492 ] } },
{ "type": "Feature", "properties": { "lat": 47.684169614309873, "lon": -122.2760346409588, "time_of_day": "Late Night", "causation": [ "0", "0", "0", "0", "0", "0", "0", "0", "0", "0", "0", "0", "0", "0", "0", "0", "0", "3", "0", "0", "0", "0", "0", "0" ], "duration": 6.0, "sum": 3 }, "geometry": { "type": "Point", "coordinates": [ -122.276034640958798, 47.684169614309873 ] } },
{ "type": "Feature", "properties": { "lat": 47.684197141602347, "lon": -122.2768997255336, "time_of_day": "Late Night", "causation": [ "0", "0", "0", "0", "0", "0", "0", "0", "0", "0", "0", "0", "0", "0", "0", "0", "0", "1", "0", "0", "0", "0", "0", "0" ], "duration": 3.0, "sum": 1 }, "geometry": { "type": "Point", "coordinates": [ -122.276899725533596, 47.684197141602347 ] } },
{ "type": "Feature", "properties": { "lat": 47.684197141602347, "lon": -122.2768997255336, "time_of_day": "Morning", "causation": [ "0", "0", "0", "0", "0", "0", "0", "0", "0", "0", "0", "0", "0", "0", "0", "0", "0", "1", "1", "0", "0", "0", "0", "0" ], "duration": 389.0, "sum": 2 }, "geometry": { "type": "Point", "coordinates": [ -122.276899725533596, 47.684197141602347 ] } },
{ "type": "Feature", "properties": { "lat": 47.684206399698091, "lon": -122.2744608632399, "time_of_day": "Late Night", "causation": [ "0", "0", "0", "0", "0", "0", "0", "0", "0", "0", "0", "0", "0", "0", "0", "0", "0", "3", "0", "0", "0", "0", "0", "0" ], "duration": 6.0, "sum": 3 }, "geometry": { "type": "Point", "coordinates": [ -122.274460863239895, 47.684206399698091 ] } },
{ "type": "Feature", "properties": { "lat": 47.684206399698091, "lon": -122.2744608632399, "time_of_day": "Morning", "causation": [ "0", "0", "0", "0", "0", "0", "0", "0", "0", "0", "0", "0", "0", "0", "0", "0", "0", "1", "1", "0", "0", "0", "0", "0" ], "duration": 389.0, "sum": 2 }, "geometry": { "type": "Point", "coordinates": [ -122.274460863239895, 47.684206399698091 ] } },
{ "type": "Feature", "properties": { "lat": 47.684234072884514, "lon": -122.27631975836287, "time_of_day": "Late Night", "causation": [ "0", "0", "0", "0", "0", "0", "0", "0", "0", "0", "0", "0", "0", "0", "0", "0", "0", "1", "0", "0", "0", "0", "0", "0" ], "duration": 3.0, "sum": 1 }, "geometry": { "type": "Point", "coordinates": [ -122.276319758362874, 47.684234072884514 ] } },
{ "type": "Feature", "properties": { "lat": 47.684234072884514, "lon": -122.27631975836287, "time_of_day": "Morning", "causation": [ "0", "0", "0", "0", "0", "0", "0", "0", "0", "0", "0", "0", "0", "0", "0", "0", "0", "1", "1", "0", "0", "0", "0", "0" ], "duration": 389.0, "sum": 2 }, "geometry": { "type": "Point", "coordinates": [ -122.276319758362874, 47.684234072884514 ] } },
{ "type": "Feature", "properties": { "lat": 47.684271236678548, "lon": -122.27359766645068, "time_of_day": "Late Night", "causation": [ "0", "0", "0", "0", "0", "0", "0", "0", "0", "0", "0", "0", "0", "0", "0", "0", "0", "1", "0", "0", "0", "0", "0", "0" ], "duration": 3.0, "sum": 1 }, "geometry": { "type": "Point", "coordinates": [ -122.273597666450684, 47.684271236678548 ] } },
{ "type": "Feature", "properties": { "lat": 47.684271236678548, "lon": -122.27359766645068, "time_of_day": "Morning", "causation": [ "0", "0", "0", "0", "0", "0", "0", "0", "0", "0", "0", "0", "0", "0", "0", "0", "0", "1", "1", "0", "0", "0", "0", "0" ], "duration": 389.0, "sum": 2 }, "geometry": { "type": "Point", "coordinates": [ -122.273597666450684, 47.684271236678548 ] } },
{ "type": "Feature", "properties": { "lat": 47.684294667265966, "lon": -122.27429404793106, "time_of_day": "Late Night", "causation": [ "0", "0", "0", "0", "0", "0", "0", "0", "0", "0", "0", "0", "0", "0", "0", "0", "0", "3", "0", "0", "0", "0", "0", "0" ], "duration": 6.0, "sum": 3 }, "geometry": { "type": "Point", "coordinates": [ -122.274294047931065, 47.684294667265966 ] } },
{ "type": "Feature", "properties": { "lat": 47.684294667265966, "lon": -122.27429404793106, "time_of_day": "Morning", "causation": [ "0", "0", "0", "0", "0", "0", "0", "0", "0", "0", "0", "0", "0", "0", "0", "0", "0", "1", "1", "0", "0", "0", "0", "0" ], "duration": 389.0, "sum": 2 }, "geometry": { "type": "Point", "coordinates": [ -122.274294047931065, 47.684294667265966 ] } },
{ "type": "Feature", "properties": { "lat": 47.684385561106957, "lon": -122.27402445947816, "time_of_day": "Late Night", "causation": [ "0", "0", "0", "0", "0", "0", "0", "0", "0", "0", "0", "0", "0", "0", "0", "0", "0", "6", "0", "0", "0", "0", "0", "0" ], "duration": 12.0, "sum": 6 }, "geometry": { "type": "Point", "coordinates": [ -122.274024459478156, 47.684385561106957 ] } },
{ "type": "Feature", "properties": { "lat": 47.684385561106957, "lon": -122.27402445947816, "time_of_day": "Morning", "causation": [ "0", "0", "0", "0", "0", "0", "0", "0", "0", "0", "0", "0", "0", "0", "0", "0", "0", "2", "2", "0", "0", "0", "0", "0" ], "duration": 778.0, "sum": 4 }, "geometry": { "type": "Point", "coordinates": [ -122.274024459478156, 47.684385561106957 ] } },
{ "type": "Feature", "properties": { "lat": 47.684401284220691, "lon": -122.2777383937549, "time_of_day": "Late Night", "causation": [ "0", "0", "0", "0", "0", "0", "0", "0", "0", "0", "0", "0", "0", "0", "0", "0", "0", "1", "0", "0", "0", "0", "0", "0" ], "duration": 3.0, "sum": 1 }, "geometry": { "type": "Point", "coordinates": [ -122.277738393754902, 47.684401284220691 ] } },
{ "type": "Feature", "properties": { "lat": 47.684401284220691, "lon": -122.2777383937549, "time_of_day": "Morning", "causation": [ "0", "0", "0", "0", "0", "0", "0", "0", "0", "0", "0", "0", "0", "0", "0", "0", "0", "1", "1", "0", "0", "0", "0", "0" ], "duration": 389.0, "sum": 2 }, "geometry": { "type": "Point", "coordinates": [ -122.277738393754902, 47.684401284220691 ] } },
{ "type": "Feature", "properties": { "lat": 47.684440786946006, "lon": -122.27639445522288, "time_of_day": "Late Night", "causation": [ "0", "0", "0", "0", "0", "0", "0", "0", "0", "0", "0", "0", "0", "0", "0", "0", "0", "1", "0", "0", "0", "0", "0", "0" ], "duration": 3.0, "sum": 1 }, "geometry": { "type": "Point", "coordinates": [ -122.276394455222885, 47.684440786946006 ] } },
{ "type": "Feature", "properties": { "lat": 47.684440786946006, "lon": -122.27639445522288, "time_of_day": "Morning", "causation": [ "0", "0", "0", "0", "0", "0", "0", "0", "0", "0", "0", "0", "0", "0", "0", "0", "0", "1", "1", "0", "0", "0", "0", "0" ], "duration": 389.0, "sum": 2 }, "geometry": { "type": "Point", "coordinates": [ -122.276394455222885, 47.684440786946006 ] } },
{ "type": "Feature", "properties": { "lat": 47.684474160556661, "lon": -122.27720136503009, "time_of_day": "Late Night", "causation": [ "0", "0", "0", "0", "0", "0", "0", "0", "0", "0", "0", "0", "0", "0", "0", "0", "0", "1", "0", "0", "0", "0", "0", "0" ], "duration": 3.0, "sum": 1 }, "geometry": { "type": "Point", "coordinates": [ -122.277201365030095, 47.684474160556661 ] } },
{ "type": "Feature", "properties": { "lat": 47.684474160556661, "lon": -122.27720136503009, "time_of_day": "Morning", "causation": [ "0", "0", "0", "0", "0", "0", "0", "0", "0", "0", "0", "0", "0", "0", "0", "0", "0", "1", "1", "0", "0", "0", "0", "0" ], "duration": 389.0, "sum": 2 }, "geometry": { "type": "Point", "coordinates": [ -122.277201365030095, 47.684474160556661 ] } },
{ "type": "Feature", "properties": { "lat": 47.684479765770362, "lon": -122.27558281030601, "time_of_day": "Late Night", "causation": [ "0", "0", "0", "0", "0", "0", "0", "0", "0", "0", "0", "0", "0", "0", "0", "0", "0", "3", "0", "0", "0", "0", "0", "0" ], "duration": 6.0, "sum": 3 }, "geometry": { "type": "Point", "coordinates": [ -122.275582810306005, 47.684479765770362 ] } },
{ "type": "Feature", "properties": { "lat": 47.684493005337814, "lon": -122.27487994305817, "time_of_day": "Late Night", "causation": [ "0", "0", "0", "0", "0", "0", "0", "0", "0", "0", "0", "0", "0", "0", "0", "0", "0", "3", "0", "0", "0", "0", "0", "0" ], "duration": 6.0, "sum": 3 }, "geometry": { "type": "Point", "coordinates": [ -122.274879943058167, 47.684493005337814 ] } },
{ "type": "Feature", "properties": { "lat": 47.684493005337814, "lon": -122.27487994305817, "time_of_day": "Morning", "causation": [ "0", "0", "0", "0", "0", "0", "0", "0", "0", "0", "0", "0", "0", "0", "0", "0", "0", "1", "1", "0", "0", "0", "0", "0" ], "duration": 389.0, "sum": 2 }, "geometry": { "type": "Point", "coordinates": [ -122.274879943058167, 47.684493005337814 ] } },
{ "type": "Feature", "properties": { "lat": 47.684601740823133, "lon": -122.27340165159043, "time_of_day": "Late Night", "causation": [ "0", "0", "0", "0", "0", "0", "0", "0", "0", "0", "0", "0", "0", "0", "0", "0", "0", "2", "0", "0", "0", "0", "0", "0" ], "duration": 6.0, "sum": 2 }, "geometry": { "type": "Point", "coordinates": [ -122.273401651590433, 47.684601740823133 ] } },
{ "type": "Feature", "properties": { "lat": 47.684601740823133, "lon": -122.27340165159043, "time_of_day": "Morning", "causation": [ "0", "0", "0", "0", "0", "0", "0", "0", "0", "0", "0", "0", "0", "0", "0", "0", "0", "2", "2", "0", "0", "0", "0", "0" ], "duration": 778.0, "sum": 4 }, "geometry": { "type": "Point", "coordinates": [ -122.273401651590433, 47.684601740823133 ] } },
{ "type": "Feature", "properties": { "lat": 47.684616282402217, "lon": -122.27457098017057, "time_of_day": "Late Night", "causation": [ "0", "0", "0", "0", "0", "0", "0", "0", "0", "0", "0", "0", "0", "0", "0", "0", "0", "3", "0", "0", "0", "0", "0", "0" ], "duration": 6.0, "sum": 3 }, "geometry": { "type": "Point", "coordinates": [ -122.274570980170566, 47.684616282402217 ] } },
{ "type": "Feature", "properties": { "lat": 47.684616282402217, "lon": -122.27457098017057, "time_of_day": "Morning", "causation": [ "0", "0", "0", "0", "0", "0", "0", "0", "0", "0", "0", "0", "0", "0", "0", "0", "0", "1", "1", "0", "0", "0", "0", "0" ], "duration": 389.0, "sum": 2 }, "geometry": { "type": "Point", "coordinates": [ -122.274570980170566, 47.684616282402217 ] } },
{ "type": "Feature", "properties": { "lat": 47.684621039628723, "lon": -122.27602015194606, "time_of_day": "Late Night", "causation": [ "0", "0", "0", "0", "0", "0", "0", "0", "0", "0", "0", "0", "0", "0", "0", "0", "0", "1", "0", "0", "0", "0", "0", "0" ], "duration": 3.0, "sum": 1 }, "geometry": { "type": "Point", "coordinates": [ -122.276020151946057, 47.684621039628723 ] } },
{ "type": "Feature", "properties": { "lat": 47.684621039628723, "lon": -122.27602015194606, "time_of_day": "Morning", "causation": [ "0", "0", "0", "0", "0", "0", "0", "0", "0", "0", "0", "0", "0", "0", "0", "0", "0", "1", "1", "0", "0", "0", "0", "0" ], "duration": 389.0, "sum": 2 }, "geometry": { "type": "Point", "coordinates": [ -122.276020151946057, 47.684621039628723 ] } },
{ "type": "Feature", "properties": { "lat": 47.684638003507629, "lon": -122.27558007618551, "time_of_day": "Late Night", "causation": [ "0", "0", "0", "0", "0", "0", "0", "0", "0", "0", "0", "0", "0", "0", "0", "0", "0", "3", "0", "0", "0", "0", "0", "0" ], "duration": 6.0, "sum": 3 }, "geometry": { "type": "Point", "coordinates": [ -122.275580076185506, 47.684638003507629 ] } },
{ "type": "Feature", "properties": { "lat": 47.684648445895171, "lon": -122.27730473768447, "time_of_day": "Late Night", "causation": [ "0", "0", "0", "0", "0", "0", "0", "0", "0", "0", "0", "0", "0", "0", "0", "0", "0", "1", "0", "0", "0", "0", "0", "0" ], "duration": 3.0, "sum": 1 }, "geometry": { "type": "Point", "coordinates": [ -122.277304737684474, 47.684648445895171 ] } },
{ "type": "Feature", "properties": { "lat": 47.684648445895171, "lon": -122.27730473768447, "time_of_day": "Morning", "causation": [ "0", "0", "0", "0", "0", "0", "0", "0", "0", "0", "0", "0", "0", "0", "0", "0", "0", "1", "1", "0", "0", "0", "0", "0" ], "duration": 389.0, "sum": 2 }, "geometry": { "type": "Point", "coordinates": [ -122.277304737684474, 47.684648445895171 ] } },
{ "type": "Feature", "properties": { "lat": 47.684683372056938, "lon": -122.27327665183154, "time_of_day": "Late Night", "causation": [ "0", "0", "0", "0", "0", "0", "0", "0", "0", "0", "0", "0", "0", "0", "0", "0", "0", "1", "0", "0", "0", "0", "0", "0" ], "duration": 3.0, "sum": 1 }, "geometry": { "type": "Point", "coordinates": [ -122.273276651831537, 47.684683372056938 ] } },
{ "type": "Feature", "properties": { "lat": 47.684683372056938, "lon": -122.27327665183154, "time_of_day": "Morning", "causation": [ "0", "0", "0", "0", "0", "0", "0", "0", "0", "0", "0", "0", "0", "0", "0", "0", "0", "1", "1", "0", "0", "0", "0", "0" ], "duration": 389.0, "sum": 2 }, "geometry": { "type": "Point", "coordinates": [ -122.273276651831537, 47.684683372056938 ] } },
{ "type": "Feature", "properties": { "lat": 47.684684059056949, "lon": -122.27492208096714, "time_of_day": "Late Night", "causation": [ "0", "0", "0", "0", "0", "0", "0", "0", "0", "0", "0", "0", "0", "0", "0", "0", "0", "3", "0", "0", "0", "0", "0", "0" ], "duration": 6.0, "sum": 3 }, "geometry": { "type": "Point", "coordinates": [ -122.274922080967144, 47.684684059056949 ] } },
{ "type": "Feature", "properties": { "lat": 47.68468823670031, "lon": -122.27668858832794, "time_of_day": "Late Night", "causation": [ "0", "0", "0", "0", "0", "0", "0", "0", "0", "0", "0", "0", "0", "0", "0", "0", "0", "1", "0", "0", "0", "0", "0", "0" ], "duration": 3.0, "sum": 1 }, "geometry": { "type": "Point", "coordinates": [ -122.276688588327943, 47.68468823670031 ] } },
{ "type": "Feature", "properties": { "lat": 47.68468823670031, "lon": -122.27668858832794, "time_of_day": "Morning", "causation": [ "0", "0", "0", "0", "0", "0", "0", "0", "0", "0", "0", "0", "0", "0", "0", "0", "0", "1", "1", "0", "0", "0", "0", "0" ], "duration": 389.0, "sum": 2 }, "geometry": { "type": "Point", "coordinates": [ -122.276688588327943, 47.68468823670031 ] } },
{ "type": "Feature", "properties": { "lat": 47.684728309512252, "lon": -122.2739351082562, "time_of_day": "Late Night", "causation": [ "0", "0", "0", "0", "0", "0", "0", "0", "0", "0", "0", "0", "0", "0", "0", "0", "0", "3", "0", "0", "0", "0", "0", "0" ], "duration": 6.0, "sum": 3 }, "geometry": { "type": "Point", "coordinates": [ -122.273935108256197, 47.684728309512252 ] } },
{ "type": "Feature", "properties": { "lat": 47.684728309512252, "lon": -122.2739351082562, "time_of_day": "Morning", "causation": [ "0", "0", "0", "0", "0", "0", "0", "0", "0", "0", "0", "0", "0", "0", "0", "0", "0", "1", "1", "0", "0", "0", "0", "0" ], "duration": 389.0, "sum": 2 }, "geometry": { "type": "Point", "coordinates": [ -122.273935108256197, 47.684728309512252 ] } },
{ "type": "Feature", "properties": { "lat": 47.684783294611726, "lon": -122.27559416704358, "time_of_day": "Late Night", "causation": [ "0", "0", "0", "0", "0", "0", "0", "0", "0", "0", "0", "0", "0", "0", "0", "0", "0", "3", "0", "0", "0", "0", "0", "0" ], "duration": 6.0, "sum": 3 }, "geometry": { "type": "Point", "coordinates": [ -122.275594167043579, 47.684783294611726 ] } },
{ "type": "Feature", "properties": { "lat": 47.684814015238402, "lon": -122.27733536716708, "time_of_day": "Late Night", "causation": [ "0", "0", "0", "0", "0", "0", "0", "0", "0", "0", "0", "0", "0", "0", "0", "0", "0", "1", "0", "0", "0", "0", "0", "0" ], "duration": 3.0, "sum": 1 }, "geometry": { "type": "Point", "coordinates": [ -122.277335367167083, 47.684814015238402 ] } },
{ "type": "Feature", "properties": { "lat": 47.684814015238402, "lon": -122.27733536716708, "time_of_day": "Morning", "causation": [ "0", "0", "0", "0", "0", "0", "0", "0", "0", "0", "0", "0", "0", "0", "0", "0", "0", "1", "1", "0", "0", "0", "0", "0" ], "duration": 389.0, "sum": 2 }, "geometry": { "type": "Point", "coordinates": [ -122.277335367167083, 47.684814015238402 ] } },
{ "type": "Feature", "properties": { "lat": 47.684824331965629, "lon": -122.27609462727716, "time_of_day": "Late Night", "causation": [ "0", "0", "0", "0", "0", "0", "0", "0", "0", "0", "0", "0", "0", "0", "0", "0", "0", "1", "0", "0", "0", "0", "0", "0" ], "duration": 3.0, "sum": 1 }, "geometry": { "type": "Point", "coordinates": [ -122.27609462727716, 47.684824331965629 ] } },
{ "type": "Feature", "properties": { "lat": 47.684824331965629, "lon": -122.27609462727716, "time_of_day": "Morning", "causation": [ "0", "0", "0", "0", "0", "0", "0", "0", "0", "0", "0", "0", "0", "0", "0", "0", "0", "1", "1", "0", "0", "0", "0", "0" ], "duration": 389.0, "sum": 2 }, "geometry": { "type": "Point", "coordinates": [ -122.27609462727716, 47.684824331965629 ] } },
{ "type": "Feature", "properties": { "lat": 47.684872497528957, "lon": -122.27484320628676, "time_of_day": "Late Night", "causation": [ "0", "0", "0", "0", "0", "0", "0", "0", "0", "0", "0", "0", "0", "0", "0", "0", "0", "3", "0", "0", "0", "0", "0", "0" ], "duration": 6.0, "sum": 3 }, "geometry": { "type": "Point", "coordinates": [ -122.274843206286761, 47.684872497528957 ] } },
{ "type": "Feature", "properties": { "lat": 47.684872497528957, "lon": -122.27484320628676, "time_of_day": "Morning", "causation": [ "0", "0", "0", "0", "0", "0", "0", "0", "0", "0", "0", "0", "0", "0", "0", "0", "0", "1", "1", "0", "0", "0", "0", "0" ], "duration": 389.0, "sum": 2 }, "geometry": { "type": "Point", "coordinates": [ -122.274843206286761, 47.684872497528957 ] } },
{ "type": "Feature", "properties": { "lat": 47.684880373864083, "lon": -122.27379080447764, "time_of_day": "Late Night", "causation": [ "0", "0", "0", "0", "0", "0", "0", "0", "0", "0", "0", "0", "0", "0", "0", "0", "0", "6", "0", "0", "0", "0", "0", "0" ], "duration": 12.0, "sum": 6 }, "geometry": { "type": "Point", "coordinates": [ -122.273790804477642, 47.684880373864083 ] } },
{ "type": "Feature", "properties": { "lat": 47.684880373864083, "lon": -122.27379080447764, "time_of_day": "Morning", "causation": [ "0", "0", "0", "0", "0", "0", "0", "0", "0", "0", "0", "0", "0", "0", "0", "0", "0", "2", "2", "0", "0", "0", "0", "0" ], "duration": 778.0, "sum": 4 }, "geometry": { "type": "Point", "coordinates": [ -122.273790804477642, 47.684880373864083 ] } },
{ "type": "Feature", "properties": { "lat": 47.684882506329394, "lon": -122.2767876218395, "time_of_day": "Late Night", "causation": [ "0", "0", "0", "0", "0", "0", "0", "0", "0", "0", "0", "0", "0", "0", "0", "0", "0", "1", "0", "0", "0", "0", "0", "0" ], "duration": 3.0, "sum": 1 }, "geometry": { "type": "Point", "coordinates": [ -122.276787621839503, 47.684882506329394 ] } },
{ "type": "Feature", "properties": { "lat": 47.684882506329394, "lon": -122.2767876218395, "time_of_day": "Morning", "causation": [ "0", "0", "0", "0", "0", "0", "0", "0", "0", "0", "0", "0", "0", "0", "0", "0", "0", "1", "1", "0", "0", "0", "0", "0" ], "duration": 389.0, "sum": 2 }, "geometry": { "type": "Point", "coordinates": [ -122.276787621839503, 47.684882506329394 ] } },
{ "type": "Feature", "properties": { "lat": 47.684890063975622, "lon": -122.27322192585926, "time_of_day": "Late Night", "causation": [ "0", "0", "0", "0", "0", "0", "0", "0", "0", "0", "0", "0", "0", "0", "0", "0", "0", "1", "0", "0", "0", "0", "0", "0" ], "duration": 3.0, "sum": 1 }, "geometry": { "type": "Point", "coordinates": [ -122.273221925859261, 47.684890063975622 ] } },
{ "type": "Feature", "properties": { "lat": 47.684890063975622, "lon": -122.27322192585926, "time_of_day": "Morning", "causation": [ "0", "0", "0", "0", "0", "0", "0", "0", "0", "0", "0", "0", "0", "0", "0", "0", "0", "1", "1", "0", "0", "0", "0", "0" ], "duration": 389.0, "sum": 2 }, "geometry": { "type": "Point", "coordinates": [ -122.273221925859261, 47.684890063975622 ] } },
{ "type": "Feature", "properties": { "lat": 47.684957646464277, "lon": -122.27495719409823, "time_of_day": "Late Night", "causation": [ "0", "0", "0", "0", "0", "0", "0", "0", "0", "0", "0", "0", "0", "0", "0", "0", "0", "3", "0", "0", "0", "0", "0", "0" ], "duration": 6.0, "sum": 3 }, "geometry": { "type": "Point", "coordinates": [ -122.274957194098235, 47.684957646464277 ] } },
{ "type": "Feature", "properties": { "lat": 47.684957646464277, "lon": -122.27495719409823, "time_of_day": "Morning", "causation": [ "0", "0", "0", "0", "0", "0", "0", "0", "0", "0", "0", "0", "0", "0", "0", "0", "0", "1", "1", "0", "0", "0", "0", "0" ], "duration": 389.0, "sum": 2 }, "geometry": { "type": "Point", "coordinates": [ -122.274957194098235, 47.684957646464277 ] } },
{ "type": "Feature", "properties": { "lat": 47.684976654457557, "lon": -122.27603456952248, "time_of_day": "Late Night", "causation": [ "0", "0", "0", "0", "0", "0", "0", "0", "0", "0", "0", "0", "0", "0", "0", "0", "0", "1", "0", "0", "0", "0", "0", "0" ], "duration": 3.0, "sum": 1 }, "geometry": { "type": "Point", "coordinates": [ -122.27603456952248, 47.684976654457557 ] } },
{ "type": "Feature", "properties": { "lat": 47.684976654457557, "lon": -122.27603456952248, "time_of_day": "Morning", "causation": [ "0", "0", "0", "0", "0", "0", "0", "0", "0", "0", "0", "0", "0", "0", "0", "0", "0", "1", "1", "0", "0", "0", "0", "0" ], "duration": 389.0, "sum": 2 }, "geometry": { "type": "Point", "coordinates": [ -122.27603456952248, 47.684976654457557 ] } },
{ "type": "Feature", "properties": { "lat": 47.684981280201178, "lon": -122.27450497230409, "time_of_day": "Late Night", "causation": [ "0", "0", "0", "0", "0", "0", "0", "0", "0", "0", "0", "0", "0", "0", "0", "0", "0", "3", "0", "0", "0", "0", "0", "0" ], "duration": 6.0, "sum": 3 }, "geometry": { "type": "Point", "coordinates": [ -122.274504972304086, 47.684981280201178 ] } },
{ "type": "Feature", "properties": { "lat": 47.684981280201178, "lon": -122.27450497230409, "time_of_day": "Morning", "causation": [ "0", "0", "0", "0", "0", "0", "0", "0", "0", "0", "0", "0", "0", "0", "0", "0", "0", "1", "1", "0", "0", "0", "0", "0" ], "duration": 389.0, "sum": 2 }, "geometry": { "type": "Point", "coordinates": [ -122.274504972304086, 47.684981280201178 ] } },
{ "type": "Feature", "properties": { "lat": 47.684983496128837, "lon": -122.27558636879, "time_of_day": "Late Night", "causation": [ "0", "0", "0", "0", "0", "0", "0", "0", "0", "0", "0", "0", "0", "0", "0", "0", "0", "3", "0", "0", "0", "0", "0", "0" ], "duration": 6.0, "sum": 3 }, "geometry": { "type": "Point", "coordinates": [ -122.275586368790002, 47.684983496128837 ] } },
{ "type": "Feature", "properties": { "lat": 47.684983496128837, "lon": -122.27558636879, "time_of_day": "Morning", "causation": [ "0", "0", "0", "0", "0", "0", "0", "0", "0", "0", "0", "0", "0", "0", "0", "0", "0", "1", "1", "0", "0", "0", "0", "0" ], "duration": 389.0, "sum": 2 }, "geometry": { "type": "Point", "coordinates": [ -122.275586368790002, 47.684983496128837 ] } },
{ "type": "Feature", "properties": { "lat": 47.684999246924434, "lon": -122.27740388450196, "time_of_day": "Late Night", "causation": [ "0", "0", "0", "0", "0", "0", "0", "0", "0", "0", "0", "0", "0", "0", "0", "0", "0", "1", "0", "0", "0", "0", "0", "0" ], "duration": 3.0, "sum": 1 }, "geometry": { "type": "Point", "coordinates": [ -122.277403884501965, 47.684999246924434 ] } },
{ "type": "Feature", "properties": { "lat": 47.684999246924434, "lon": -122.27740388450196, "time_of_day": "Morning", "causation": [ "0", "0", "0", "0", "0", "0", "0", "0", "0", "0", "0", "0", "0", "0", "0", "0", "0", "1", "1", "0", "0", "0", "0", "0" ], "duration": 389.0, "sum": 2 }, "geometry": { "type": "Point", "coordinates": [ -122.277403884501965, 47.684999246924434 ] } },
{ "type": "Feature", "properties": { "lat": 47.685065024588589, "lon": -122.27680676626288, "time_of_day": "Late Night", "causation": [ "0", "0", "0", "0", "0", "0", "0", "0", "0", "0", "0", "0", "0", "0", "0", "0", "0", "1", "0", "0", "0", "0", "0", "0" ], "duration": 3.0, "sum": 1 }, "geometry": { "type": "Point", "coordinates": [ -122.276806766262879, 47.685065024588589 ] } },
{ "type": "Feature", "properties": { "lat": 47.685065024588589, "lon": -122.27680676626288, "time_of_day": "Morning", "causation": [ "0", "0", "0", "0", "0", "0", "0", "0", "0", "0", "0", "0", "0", "0", "0", "0", "0", "1", "1", "0", "0", "0", "0", "0" ], "duration": 389.0, "sum": 2 }, "geometry": { "type": "Point", "coordinates": [ -122.276806766262879, 47.685065024588589 ] } },
{ "type": "Feature", "properties": { "lat": 47.685067113095975, "lon": -122.2731869652491, "time_of_day": "Late Night", "causation": [ "0", "0", "0", "0", "0", "0", "0", "0", "0", "0", "0", "0", "0", "0", "0", "0", "0", "1", "0", "0", "0", "0", "0", "0" ], "duration": 3.0, "sum": 1 }, "geometry": { "type": "Point", "coordinates": [ -122.273186965249096, 47.685067113095975 ] } },
{ "type": "Feature", "properties": { "lat": 47.685067113095975, "lon": -122.2731869652491, "time_of_day": "Morning", "causation": [ "0", "0", "0", "0", "0", "0", "0", "0", "0", "0", "0", "0", "0", "0", "0", "0", "0", "1", "1", "0", "0", "0", "0", "0" ], "duration": 389.0, "sum": 2 }, "geometry": { "type": "Point", "coordinates": [ -122.273186965249096, 47.685067113095975 ] } },
{ "type": "Feature", "properties": { "lat": 47.685093136862122, "lon": -122.27439607538577, "time_of_day": "Late Night", "causation": [ "0", "0", "0", "0", "0", "0", "0", "0", "0", "0", "0", "0", "0", "0", "0", "0", "0", "3", "0", "0", "0", "0", "0", "0" ], "duration": 6.0, "sum": 3 }, "geometry": { "type": "Point", "coordinates": [ -122.274396075385766, 47.685093136862122 ] } },
{ "type": "Feature", "properties": { "lat": 47.685093136862122, "lon": -122.27439607538577, "time_of_day": "Morning", "causation": [ "0", "0", "0", "0", "0", "0", "0", "0", "0", "0", "0", "0", "0", "0", "0", "0", "0", "1", "1", "0", "0", "0", "0", "0" ], "duration": 389.0, "sum": 2 }, "geometry": { "type": "Point", "coordinates": [ -122.274396075385766, 47.685093136862122 ] } },
{ "type": "Feature", "properties": { "lat": 47.685155064882622, "lon": -122.2737941641016, "time_of_day": "Late Night", "causation": [ "0", "0", "0", "0", "0", "0", "0", "0", "0", "0", "0", "0", "0", "0", "0", "0", "0", "3", "0", "0", "0", "0", "0", "0" ], "duration": 6.0, "sum": 3 }, "geometry": { "type": "Point", "coordinates": [ -122.273794164101602, 47.685155064882622 ] } },
{ "type": "Feature", "properties": { "lat": 47.685155064882622, "lon": -122.2737941641016, "time_of_day": "Morning", "causation": [ "0", "0", "0", "0", "0", "0", "0", "0", "0", "0", "0", "0", "0", "0", "0", "0", "0", "1", "1", "0", "0", "0", "0", "0" ], "duration": 389.0, "sum": 2 }, "geometry": { "type": "Point", "coordinates": [ -122.273794164101602, 47.685155064882622 ] } },
{ "type": "Feature", "properties": { "lat": 47.685175093989663, "lon": -122.27613306721452, "time_of_day": "Late Night", "causation": [ "0", "0", "0", "0", "0", "0", "0", "0", "0", "0", "0", "0", "0", "0", "0", "0", "0", "1", "0", "0", "0", "0", "0", "0" ], "duration": 3.0, "sum": 1 }, "geometry": { "type": "Point", "coordinates": [ -122.276133067214516, 47.685175093989663 ] } },
{ "type": "Feature", "properties": { "lat": 47.685175093989663, "lon": -122.27613306721452, "time_of_day": "Morning", "causation": [ "0", "0", "0", "0", "0", "0", "0", "0", "0", "0", "0", "0", "0", "0", "0", "0", "0", "1", "1", "0", "0", "0", "0", "0" ], "duration": 389.0, "sum": 2 }, "geometry": { "type": "Point", "coordinates": [ -122.276133067214516, 47.685175093989663 ] } },
{ "type": "Feature", "properties": { "lat": 47.685176085576579, "lon": -122.27494546924569, "time_of_day": "Late Night", "causation": [ "0", "0", "0", "0", "0", "0", "0", "0", "0", "0", "0", "0", "0", "0", "0", "0", "0", "3", "0", "0", "0", "0", "0", "0" ], "duration": 6.0, "sum": 3 }, "geometry": { "type": "Point", "coordinates": [ -122.274945469245694, 47.685176085576579 ] } },
{ "type": "Feature", "properties": { "lat": 47.685176085576579, "lon": -122.27494546924569, "time_of_day": "Morning", "causation": [ "0", "0", "0", "0", "0", "0", "0", "0", "0", "0", "0", "0", "0", "0", "0", "0", "0", "1", "1", "0", "0", "0", "0", "0" ], "duration": 389.0, "sum": 2 }, "geometry": { "type": "Point", "coordinates": [ -122.274945469245694, 47.685176085576579 ] } },
{ "type": "Feature", "properties": { "lat": 47.685201144467328, "lon": -122.26389837741074, "time_of_day": "Late Night", "causation": [ "0", "0", "0", "0", "0", "0", "0", "0", "0", "0", "0", "0", "0", "0", "0", "0", "0", "1", "0", "0", "0", "0", "0", "0" ], "duration": 3.0, "sum": 1 }, "geometry": { "type": "Point", "coordinates": [ -122.26389837741074, 47.685201144467328 ] } },
{ "type": "Feature", "properties": { "lat": 47.685201144467328, "lon": -122.26389837741074, "time_of_day": "Morning", "causation": [ "0", "0", "0", "0", "0", "0", "0", "0", "0", "0", "0", "0", "0", "0", "0", "0", "0", "1", "1", "0", "0", "0", "0", "0" ], "duration": 389.0, "sum": 2 }, "geometry": { "type": "Point", "coordinates": [ -122.26389837741074, 47.685201144467328 ] } },
{ "type": "Feature", "properties": { "lat": 47.685202301558178, "lon": -122.27741204133871, "time_of_day": "Late Night", "causation": [ "0", "0", "0", "0", "0", "0", "0", "0", "0", "0", "0", "0", "0", "0", "0", "0", "0", "1", "0", "0", "0", "0", "0", "0" ], "duration": 3.0, "sum": 1 }, "geometry": { "type": "Point", "coordinates": [ -122.277412041338707, 47.685202301558178 ] } },
{ "type": "Feature", "properties": { "lat": 47.685202301558178, "lon": -122.27741204133871, "time_of_day": "Morning", "causation": [ "0", "0", "0", "0", "0", "0", "0", "0", "0", "0", "0", "0", "0", "0", "0", "0", "0", "1", "1", "0", "0", "0", "0", "0" ], "duration": 389.0, "sum": 2 }, "geometry": { "type": "Point", "coordinates": [ -122.277412041338707, 47.685202301558178 ] } },
{ "type": "Feature", "properties": { "lat": 47.685246591731257, "lon": -122.27324226595704, "time_of_day": "Late Night", "causation": [ "0", "0", "0", "0", "0", "0", "0", "0", "0", "0", "0", "0", "0", "0", "0", "0", "0", "1", "0", "0", "0", "0", "0", "0" ], "duration": 3.0, "sum": 1 }, "geometry": { "type": "Point", "coordinates": [ -122.273242265957037, 47.685246591731257 ] } },
{ "type": "Feature", "properties": { "lat": 47.685246591731257, "lon": -122.27324226595704, "time_of_day": "Morning", "causation": [ "0", "0", "0", "0", "0", "0", "0", "0", "0", "0", "0", "0", "0", "0", "0", "0", "0", "1", "1", "0", "0", "0", "0", "0" ], "duration": 389.0, "sum": 2 }, "geometry": { "type": "Point", "coordinates": [ -122.273242265957037, 47.685246591731257 ] } },
{ "type": "Feature", "properties": { "lat": 47.685269367674699, "lon": -122.2767893381578, "time_of_day": "Late Night", "causation": [ "0", "0", "0", "0", "0", "0", "0", "0", "0", "0", "0", "0", "0", "0", "0", "0", "0", "1", "0", "0", "0", "0", "0", "0" ], "duration": 3.0, "sum": 1 }, "geometry": { "type": "Point", "coordinates": [ -122.276789338157798, 47.685269367674699 ] } },
{ "type": "Feature", "properties": { "lat": 47.685269367674699, "lon": -122.2767893381578, "time_of_day": "Morning", "causation": [ "0", "0", "0", "0", "0", "0", "0", "0", "0", "0", "0", "0", "0", "0", "0", "0", "0", "1", "1", "0", "0", "0", "0", "0" ], "duration": 389.0, "sum": 2 }, "geometry": { "type": "Point", "coordinates": [ -122.276789338157798, 47.685269367674699 ] } },
{ "type": "Feature", "properties": { "lat": 47.685279348446798, "lon": -122.27557513859908, "time_of_day": "Late Night", "causation": [ "0", "0", "0", "0", "0", "0", "0", "0", "0", "0", "0", "0", "0", "0", "0", "0", "0", "3", "0", "0", "0", "0", "0", "0" ], "duration": 6.0, "sum": 3 }, "geometry": { "type": "Point", "coordinates": [ -122.275575138599081, 47.685279348446798 ] } },
{ "type": "Feature", "properties": { "lat": 47.685279348446798, "lon": -122.27557513859908, "time_of_day": "Morning", "causation": [ "0", "0", "0", "0", "0", "0", "0", "0", "0", "0", "0", "0", "0", "0", "0", "0", "0", "1", "1", "0", "0", "0", "0", "0" ], "duration": 389.0, "sum": 2 }, "geometry": { "type": "Point", "coordinates": [ -122.275575138599081, 47.685279348446798 ] } },
{ "type": "Feature", "properties": { "lat": 47.685308846436442, "lon": -122.27495581614592, "time_of_day": "Late Night", "causation": [ "0", "0", "0", "0", "0", "0", "0", "0", "0", "0", "0", "0", "0", "0", "0", "0", "0", "3", "0", "0", "0", "0", "0", "0" ], "duration": 6.0, "sum": 3 }, "geometry": { "type": "Point", "coordinates": [ -122.274955816145919, 47.685308846436442 ] } },
{ "type": "Feature", "properties": { "lat": 47.685308846436442, "lon": -122.27495581614592, "time_of_day": "Morning", "causation": [ "0", "0", "0", "0", "0", "0", "0", "0", "0", "0", "0", "0", "0", "0", "0", "0", "0", "1", "1", "0", "0", "0", "0", "0" ], "duration": 389.0, "sum": 2 }, "geometry": { "type": "Point", "coordinates": [ -122.274955816145919, 47.685308846436442 ] } },
{ "type": "Feature", "properties": { "lat": 47.68531653752175, "lon": -122.27621108479322, "time_of_day": "Late Night", "causation": [ "0", "0", "0", "0", "0", "0", "0", "0", "0", "0", "0", "0", "0", "0", "0", "0", "0", "1", "0", "0", "0", "0", "0", "0" ], "duration": 3.0, "sum": 1 }, "geometry": { "type": "Point", "coordinates": [ -122.276211084793218, 47.68531653752175 ] } },
{ "type": "Feature", "properties": { "lat": 47.68531653752175, "lon": -122.27621108479322, "time_of_day": "Morning", "causation": [ "0", "0", "0", "0", "0", "0", "0", "0", "0", "0", "0", "0", "0", "0", "0", "0", "0", "1", "1", "0", "0", "0", "0", "0" ], "duration": 389.0, "sum": 2 }, "geometry": { "type": "Point", "coordinates": [ -122.276211084793218, 47.68531653752175 ] } },
{ "type": "Feature", "properties": { "lat": 47.685352101503682, "lon": -122.27442490068287, "time_of_day": "Late Night", "causation": [ "0", "0", "0", "0", "0", "0", "0", "0", "0", "0", "0", "0", "0", "0", "0", "0", "0", "3", "0", "0", "0", "0", "0", "0" ], "duration": 6.0, "sum": 3 }, "geometry": { "type": "Point", "coordinates": [ -122.274424900682874, 47.685352101503682 ] } },
{ "type": "Feature", "properties": { "lat": 47.685352101503682, "lon": -122.27442490068287, "time_of_day": "Morning", "causation": [ "0", "0", "0", "0", "0", "0", "0", "0", "0", "0", "0", "0", "0", "0", "0", "0", "0", "1", "1", "0", "0", "0", "0", "0" ], "duration": 389.0, "sum": 2 }, "geometry": { "type": "Point", "coordinates": [ -122.274424900682874, 47.685352101503682 ] } },
{ "type": "Feature", "properties": { "lat": 47.685377773745522, "lon": -122.27736309051213, "time_of_day": "Late Night", "causation": [ "0", "0", "0", "0", "0", "0", "0", "0", "0", "0", "0", "0", "0", "0", "0", "0", "0", "1", "0", "0", "0", "0", "0", "0" ], "duration": 3.0, "sum": 1 }, "geometry": { "type": "Point", "coordinates": [ -122.277363090512125, 47.685377773745522 ] } },
{ "type": "Feature", "properties": { "lat": 47.685377773745522, "lon": -122.27736309051213, "time_of_day": "Morning", "causation": [ "0", "0", "0", "0", "0", "0", "0", "0", "0", "0", "0", "0", "0", "0", "0", "0", "0", "1", "1", "0", "0", "0", "0", "0" ], "duration": 389.0, "sum": 2 }, "geometry": { "type": "Point", "coordinates": [ -122.277363090512125, 47.685377773745522 ] } },
{ "type": "Feature", "properties": { "lat": 47.685415536632952, "lon": -122.27323753931924, "time_of_day": "Late Night", "causation": [ "0", "0", "0", "0", "0", "0", "0", "0", "0", "0", "0", "0", "0", "0", "0", "0", "0", "1", "0", "0", "0", "0", "0", "0" ], "duration": 3.0, "sum": 1 }, "geometry": { "type": "Point", "coordinates": [ -122.27323753931924, 47.685415536632952 ] } },
{ "type": "Feature", "properties": { "lat": 47.685415536632952, "lon": -122.27323753931924, "time_of_day": "Morning", "causation": [ "0", "0", "0", "0", "0", "0", "0", "0", "0", "0", "0", "0", "0", "0", "0", "0", "0", "1", "1", "0", "0", "0", "0", "0" ], "duration": 389.0, "sum": 2 }, "geometry": { "type": "Point", "coordinates": [ -122.27323753931924, 47.685415536632952 ] } },
{ "type": "Feature", "properties": { "lat": 47.685433963074487, "lon": -122.27612179176958, "time_of_day": "Late Night", "causation": [ "0", "0", "0", "0", "0", "0", "0", "0", "0", "0", "0", "0", "0", "0", "0", "0", "0", "1", "0", "0", "0", "0", "0", "0" ], "duration": 3.0, "sum": 1 }, "geometry": { "type": "Point", "coordinates": [ -122.276121791769583, 47.685433963074487 ] } },
{ "type": "Feature", "properties": { "lat": 47.685433963074487, "lon": -122.27612179176958, "time_of_day": "Morning", "causation": [ "0", "0", "0", "0", "0", "0", "0", "0", "0", "0", "0", "0", "0", "0", "0", "0", "0", "1", "1", "0", "0", "0", "0", "0" ], "duration": 389.0, "sum": 2 }, "geometry": { "type": "Point", "coordinates": [ -122.276121791769583, 47.685433963074487 ] } },
{ "type": "Feature", "properties": { "lat": 47.685435264459137, "lon": -122.27681490779504, "time_of_day": "Late Night", "causation": [ "0", "0", "0", "0", "0", "0", "0", "0", "0", "0", "0", "0", "0", "0", "0", "0", "0", "1", "0", "0", "0", "0", "0", "0" ], "duration": 3.0, "sum": 1 }, "geometry": { "type": "Point", "coordinates": [ -122.276814907795043, 47.685435264459137 ] } },
{ "type": "Feature", "properties": { "lat": 47.685435264459137, "lon": -122.27681490779504, "time_of_day": "Morning", "causation": [ "0", "0", "0", "0", "0", "0", "0", "0", "0", "0", "0", "0", "0", "0", "0", "0", "0", "1", "1", "0", "0", "0", "0", "0" ], "duration": 389.0, "sum": 2 }, "geometry": { "type": "Point", "coordinates": [ -122.276814907795043, 47.685435264459137 ] } },
{ "type": "Feature", "properties": { "lat": 47.685460827829523, "lon": -122.27378453030828, "time_of_day": "Late Night", "causation": [ "0", "0", "0", "0", "0", "0", "0", "0", "0", "0", "0", "0", "0", "0", "0", "0", "0", "3", "0", "0", "0", "0", "0", "0" ], "duration": 6.0, "sum": 3 }, "geometry": { "type": "Point", "coordinates": [ -122.273784530308276, 47.685460827829523 ] } },
{ "type": "Feature", "properties": { "lat": 47.685460827829523, "lon": -122.27378453030828, "time_of_day": "Morning", "causation": [ "0", "0", "0", "0", "0", "0", "0", "0", "0", "0", "0", "0", "0", "0", "0", "0", "0", "1", "1", "0", "0", "0", "0", "0" ], "duration": 389.0, "sum": 2 }, "geometry": { "type": "Point", "coordinates": [ -122.273784530308276, 47.685460827829523 ] } },
{ "type": "Feature", "properties": { "lat": 47.685467337586751, "lon": -122.27561023066568, "time_of_day": "Late Night", "causation": [ "0", "0", "0", "0", "0", "0", "0", "0", "0", "0", "0", "0", "0", "0", "0", "0", "0", "3", "0", "0", "0", "0", "0", "0" ], "duration": 6.0, "sum": 3 }, "geometry": { "type": "Point", "coordinates": [ -122.275610230665677, 47.685467337586751 ] } },
{ "type": "Feature", "properties": { "lat": 47.685467337586751, "lon": -122.27561023066568, "time_of_day": "Morning", "causation": [ "0", "0", "0", "0", "0", "0", "0", "0", "0", "0", "0", "0", "0", "0", "0", "0", "0", "1", "1", "0", "0", "0", "0", "0" ], "duration": 389.0, "sum": 2 }, "geometry": { "type": "Point", "coordinates": [ -122.275610230665677, 47.685467337586751 ] } },
{ "type": "Feature", "properties": { "lat": 47.685478491973043, "lon": -122.27488990866162, "time_of_day": "Late Night", "causation": [ "0", "0", "0", "0", "0", "0", "0", "0", "0", "0", "0", "0", "0", "0", "0", "0", "0", "3", "0", "0", "0", "0", "0", "0" ], "duration": 6.0, "sum": 3 }, "geometry": { "type": "Point", "coordinates": [ -122.274889908661621, 47.685478491973043 ] } },
{ "type": "Feature", "properties": { "lat": 47.685478491973043, "lon": -122.27488990866162, "time_of_day": "Morning", "causation": [ "0", "0", "0", "0", "0", "0", "0", "0", "0", "0", "0", "0", "0", "0", "0", "0", "0", "1", "1", "0", "0", "0", "0", "0" ], "duration": 389.0, "sum": 2 }, "geometry": { "type": "Point", "coordinates": [ -122.274889908661621, 47.685478491973043 ] } },
{ "type": "Feature", "properties": { "lat": 47.685507560648801, "lon": -122.27443696001532, "time_of_day": "Late Night", "causation": [ "0", "0", "0", "0", "0", "0", "0", "0", "0", "0", "0", "0", "0", "0", "0", "0", "0", "3", "0", "0", "0", "0", "0", "0" ], "duration": 6.0, "sum": 3 }, "geometry": { "type": "Point", "coordinates": [ -122.274436960015322, 47.685507560648801 ] } },
{ "type": "Feature", "properties": { "lat": 47.685507560648801, "lon": -122.27443696001532, "time_of_day": "Morning", "causation": [ "0", "0", "0", "0", "0", "0", "0", "0", "0", "0", "0", "0", "0", "0", "0", "0", "0", "1", "1", "0", "0", "0", "0", "0" ], "duration": 389.0, "sum": 2 }, "geometry": { "type": "Point", "coordinates": [ -122.274436960015322, 47.685507560648801 ] } },
{ "type": "Feature", "properties": { "lat": 47.685585216474017, "lon": -122.27676192012532, "time_of_day": "Late Night", "causation": [ "0", "0", "0", "0", "0", "0", "0", "0", "0", "0", "0", "0", "0", "0", "0", "0", "0", "1", "0", "0", "0", "0", "0", "0" ], "duration": 3.0, "sum": 1 }, "geometry": { "type": "Point", "coordinates": [ -122.276761920125324, 47.685585216474017 ] } },
{ "type": "Feature", "properties": { "lat": 47.685585216474017, "lon": -122.27676192012532, "time_of_day": "Morning", "causation": [ "0", "0", "0", "0", "0", "0", "0", "0", "0", "0", "0", "0", "0", "0", "0", "0", "0", "1", "1", "0", "0", "0", "0", "0" ], "duration": 389.0, "sum": 2 }, "geometry": { "type": "Point", "coordinates": [ -122.276761920125324, 47.685585216474017 ] } },
{ "type": "Feature", "properties": { "lat": 47.685595333950118, "lon": -122.27734437100564, "time_of_day": "Late Night", "causation": [ "0", "0", "0", "0", "0", "0", "0", "0", "0", "0", "0", "0", "0", "0", "0", "0", "0", "1", "0", "0", "0", "0", "0", "0" ], "duration": 3.0, "sum": 1 }, "geometry": { "type": "Point", "coordinates": [ -122.27734437100564, 47.685595333950118 ] } },
{ "type": "Feature", "properties": { "lat": 47.685595333950118, "lon": -122.27734437100564, "time_of_day": "Morning", "causation": [ "0", "0", "0", "0", "0", "0", "0", "0", "0", "0", "0", "0", "0", "0", "0", "0", "0", "1", "1", "0", "0", "0", "0", "0" ], "duration": 389.0, "sum": 2 }, "geometry": { "type": "Point", "coordinates": [ -122.27734437100564, 47.685595333950118 ] } },
{ "type": "Feature", "properties": { "lat": 47.685620367622903, "lon": -122.27561186339378, "time_of_day": "Late Night", "causation": [ "0", "0", "0", "0", "0", "0", "0", "0", "0", "0", "0", "0", "0", "0", "0", "0", "0", "3", "0", "0", "0", "0", "0", "0" ], "duration": 6.0, "sum": 3 }, "geometry": { "type": "Point", "coordinates": [ -122.275611863393777, 47.685620367622903 ] } },
{ "type": "Feature", "properties": { "lat": 47.685620367622903, "lon": -122.27561186339378, "time_of_day": "Morning", "causation": [ "0", "0", "0", "0", "0", "0", "0", "0", "0", "0", "0", "0", "0", "0", "0", "0", "0", "1", "1", "0", "0", "0", "0", "0" ], "duration": 389.0, "sum": 2 }, "geometry": { "type": "Point", "coordinates": [ -122.275611863393777, 47.685620367622903 ] } },
{ "type": "Feature", "properties": { "lat": 47.685638267014227, "lon": -122.27380440879509, "time_of_day": "Late Night", "causation": [ "0", "0", "0", "0", "0", "0", "0", "0", "0", "0", "0", "0", "0", "0", "0", "0", "0", "3", "0", "0", "0", "0", "0", "0" ], "duration": 6.0, "sum": 3 }, "geometry": { "type": "Point", "coordinates": [ -122.273804408795087, 47.685638267014227 ] } },
{ "type": "Feature", "properties": { "lat": 47.685638267014227, "lon": -122.27380440879509, "time_of_day": "Morning", "causation": [ "0", "0", "0", "0", "0", "0", "0", "0", "0", "0", "0", "0", "0", "0", "0", "0", "0", "1", "1", "0", "0", "0", "0", "0" ], "duration": 389.0, "sum": 2 }, "geometry": { "type": "Point", "coordinates": [ -122.273804408795087, 47.685638267014227 ] } },
{ "type": "Feature", "properties": { "lat": 47.685654985468538, "lon": -122.27448941924207, "time_of_day": "Late Night", "causation": [ "0", "0", "0", "0", "0", "0", "0", "0", "0", "0", "0", "0", "0", "0", "0", "0", "0", "3", "0", "0", "0", "0", "0", "0" ], "duration": 6.0, "sum": 3 }, "geometry": { "type": "Point", "coordinates": [ -122.274489419242073, 47.685654985468538 ] } },
{ "type": "Feature", "properties": { "lat": 47.685654985468538, "lon": -122.27448941924207, "time_of_day": "Morning", "causation": [ "0", "0", "0", "0", "0", "0", "0", "0", "0", "0", "0", "0", "0", "0", "0", "0", "0", "1", "1", "0", "0", "0", "0", "0" ], "duration": 389.0, "sum": 2 }, "geometry": { "type": "Point", "coordinates": [ -122.274489419242073, 47.685654985468538 ] } },
{ "type": "Feature", "properties": { "lat": 47.685682340311267, "lon": -122.2749638805044, "time_of_day": "Late Night", "causation": [ "0", "0", "0", "0", "0", "0", "0", "0", "0", "0", "0", "0", "0", "0", "0", "0", "0", "3", "0", "0", "0", "0", "0", "0" ], "duration": 6.0, "sum": 3 }, "geometry": { "type": "Point", "coordinates": [ -122.274963880504401, 47.685682340311267 ] } },
{ "type": "Feature", "properties": { "lat": 47.685682340311267, "lon": -122.2749638805044, "time_of_day": "Morning", "causation": [ "0", "0", "0", "0", "0", "0", "0", "0", "0", "0", "0", "0", "0", "0", "0", "0", "0", "1", "1", "0", "0", "0", "0", "0" ], "duration": 389.0, "sum": 2 }, "geometry": { "type": "Point", "coordinates": [ -122.274963880504401, 47.685682340311267 ] } },
{ "type": "Feature", "properties": { "lat": 47.685743724749166, "lon": -122.27731401192328, "time_of_day": "Late Night", "causation": [ "0", "0", "0", "0", "0", "0", "0", "0", "0", "0", "0", "0", "0", "0", "0", "0", "0", "1", "0", "0", "0", "0", "0", "0" ], "duration": 3.0, "sum": 1 }, "geometry": { "type": "Point", "coordinates": [ -122.277314011923281, 47.685743724749166 ] } },
{ "type": "Feature", "properties": { "lat": 47.685743724749166, "lon": -122.27731401192328, "time_of_day": "Morning", "causation": [ "0", "0", "0", "0", "0", "0", "0", "0", "0", "0", "0", "0", "0", "0", "0", "0", "0", "1", "1", "0", "0", "0", "0", "0" ], "duration": 389.0, "sum": 2 }, "geometry": { "type": "Point", "coordinates": [ -122.277314011923281, 47.685743724749166 ] } },
{ "type": "Feature", "properties": { "lat": 47.685777353310016, "lon": -122.27681028438457, "time_of_day": "Late Night", "causation": [ "0", "0", "0", "0", "0", "0", "0", "0", "0", "0", "0", "0", "0", "0", "0", "0", "0", "1", "0", "0", "0", "0", "0", "0" ], "duration": 3.0, "sum": 1 }, "geometry": { "type": "Point", "coordinates": [ -122.276810284384567, 47.685777353310016 ] } },
{ "type": "Feature", "properties": { "lat": 47.685777353310016, "lon": -122.27681028438457, "time_of_day": "Morning", "causation": [ "0", "0", "0", "0", "0", "0", "0", "0", "0", "0", "0", "0", "0", "0", "0", "0", "0", "1", "1", "0", "0", "0", "0", "0" ], "duration": 389.0, "sum": 2 }, "geometry": { "type": "Point", "coordinates": [ -122.276810284384567, 47.685777353310016 ] } },
{ "type": "Feature", "properties": { "lat": 47.685785651192425, "lon": -122.27609746005308, "time_of_day": "Late Night", "causation": [ "0", "0", "0", "0", "0", "0", "0", "0", "0", "0", "0", "0", "0", "0", "0", "0", "0", "1", "0", "0", "0", "0", "0", "0" ], "duration": 3.0, "sum": 1 }, "geometry": { "type": "Point", "coordinates": [ -122.27609746005308, 47.685785651192425 ] } },
{ "type": "Feature", "properties": { "lat": 47.685785651192425, "lon": -122.27609746005308, "time_of_day": "Morning", "causation": [ "0", "0", "0", "0", "0", "0", "0", "0", "0", "0", "0", "0", "0", "0", "0", "0", "0", "1", "1", "0", "0", "0", "0", "0" ], "duration": 389.0, "sum": 2 }, "geometry": { "type": "Point", "coordinates": [ -122.27609746005308, 47.685785651192425 ] } },
{ "type": "Feature", "properties": { "lat": 47.685809523911445, "lon": -122.27567607875341, "time_of_day": "Late Night", "causation": [ "0", "0", "0", "0", "0", "0", "0", "0", "0", "0", "0", "0", "0", "0", "0", "0", "0", "3", "0", "0", "0", "0", "0", "0" ], "duration": 6.0, "sum": 3 }, "geometry": { "type": "Point", "coordinates": [ -122.275676078753406, 47.685809523911445 ] } },
{ "type": "Feature", "properties": { "lat": 47.685809523911445, "lon": -122.27567607875341, "time_of_day": "Morning", "causation": [ "0", "0", "0", "0", "0", "0", "0", "0", "0", "0", "0", "0", "0", "0", "0", "0", "0", "1", "1", "0", "0", "0", "0", "0" ], "duration": 389.0, "sum": 2 }, "geometry": { "type": "Point", "coordinates": [ -122.275676078753406, 47.685809523911445 ] } },
{ "type": "Feature", "properties": { "lat": 47.685820013190082, "lon": -122.27381279741354, "time_of_day": "Late Night", "causation": [ "0", "0", "0", "0", "0", "0", "0", "0", "0", "0", "0", "0", "0", "0", "0", "0", "0", "3", "0", "0", "0", "0", "0", "0" ], "duration": 6.0, "sum": 3 }, "geometry": { "type": "Point", "coordinates": [ -122.273812797413541, 47.685820013190082 ] } },
{ "type": "Feature", "properties": { "lat": 47.685820013190082, "lon": -122.27381279741354, "time_of_day": "Morning", "causation": [ "0", "0", "0", "0", "0", "0", "0", "0", "0", "0", "0", "0", "0", "0", "0", "0", "0", "1", "1", "0", "0", "0", "0", "0" ], "duration": 389.0, "sum": 2 }, "geometry": { "type": "Point", "coordinates": [ -122.273812797413541, 47.685820013190082 ] } },
{ "type": "Feature", "properties": { "lat": 47.685830625312597, "lon": -122.27445945042911, "time_of_day": "Late Night", "causation": [ "0", "0", "0", "0", "0", "0", "0", "0", "0", "0", "0", "0", "0", "0", "0", "0", "0", "3", "0", "0", "0", "0", "0", "0" ], "duration": 6.0, "sum": 3 }, "geometry": { "type": "Point", "coordinates": [ -122.274459450429106, 47.685830625312597 ] } },
{ "type": "Feature", "properties": { "lat": 47.685830625312597, "lon": -122.27445945042911, "time_of_day": "Morning", "causation": [ "0", "0", "0", "0", "0", "0", "0", "0", "0", "0", "0", "0", "0", "0", "0", "0", "0", "1", "1", "0", "0", "0", "0", "0" ], "duration": 389.0, "sum": 2 }, "geometry": { "type": "Point", "coordinates": [ -122.274459450429106, 47.685830625312597 ] } },
{ "type": "Feature", "properties": { "lat": 47.685833229119162, "lon": -122.27496549253269, "time_of_day": "Late Night", "causation": [ "0", "0", "0", "0", "0", "0", "0", "0", "0", "0", "0", "0", "0", "0", "0", "0", "0", "3", "0", "0", "0", "0", "0", "0" ], "duration": 6.0, "sum": 3 }, "geometry": { "type": "Point", "coordinates": [ -122.274965492532687, 47.685833229119162 ] } },
{ "type": "Feature", "properties": { "lat": 47.685833229119162, "lon": -122.27496549253269, "time_of_day": "Morning", "causation": [ "0", "0", "0", "0", "0", "0", "0", "0", "0", "0", "0", "0", "0", "0", "0", "0", "0", "1", "1", "0", "0", "0", "0", "0" ], "duration": 389.0, "sum": 2 }, "geometry": { "type": "Point", "coordinates": [ -122.274965492532687, 47.685833229119162 ] } },
{ "type": "Feature", "properties": { "lat": 47.685925158714497, "lon": -122.2773641031382, "time_of_day": "Late Night", "causation": [ "0", "0", "0", "0", "0", "0", "0", "0", "0", "0", "0", "0", "0", "0", "0", "0", "0", "1", "0", "0", "0", "0", "0", "0" ], "duration": 3.0, "sum": 1 }, "geometry": { "type": "Point", "coordinates": [ -122.277364103138197, 47.685925158714497 ] } },
{ "type": "Feature", "properties": { "lat": 47.685925158714497, "lon": -122.2773641031382, "time_of_day": "Morning", "causation": [ "0", "0", "0", "0", "0", "0", "0", "0", "0", "0", "0", "0", "0", "0", "0", "0", "0", "1", "1", "0", "0", "0", "0", "0" ], "duration": 389.0, "sum": 2 }, "geometry": { "type": "Point", "coordinates": [ -122.277364103138197, 47.685925158714497 ] } },
{ "type": "Feature", "properties": { "lat": 47.685960562501613, "lon": -122.276786961646, "time_of_day": "Late Night", "causation": [ "0", "0", "0", "0", "0", "0", "0", "0", "0", "0", "0", "0", "0", "0", "0", "0", "0", "1", "0", "0", "0", "0", "0", "0" ], "duration": 3.0, "sum": 1 }, "geometry": { "type": "Point", "coordinates": [ -122.276786961645996, 47.685960562501613 ] } },
{ "type": "Feature", "properties": { "lat": 47.685960562501613, "lon": -122.276786961646, "time_of_day": "Morning", "causation": [ "0", "0", "0", "0", "0", "0", "0", "0", "0", "0", "0", "0", "0", "0", "0", "0", "0", "1", "1", "0", "0", "0", "0", "0" ], "duration": 389.0, "sum": 2 }, "geometry": { "type": "Point", "coordinates": [ -122.276786961645996, 47.685960562501613 ] } },
{ "type": "Feature", "properties": { "lat": 47.685990290091269, "lon": -122.27610090085332, "time_of_day": "Late Night", "causation": [ "0", "0", "0", "0", "0", "0", "0", "0", "0", "0", "0", "0", "0", "0", "0", "0", "0", "1", "0", "0", "0", "0", "0", "0" ], "duration": 3.0, "sum": 1 }, "geometry": { "type": "Point", "coordinates": [ -122.276100900853322, 47.685990290091269 ] } },
{ "type": "Feature", "properties": { "lat": 47.685990290091269, "lon": -122.27610090085332, "time_of_day": "Morning", "causation": [ "0", "0", "0", "0", "0", "0", "0", "0", "0", "0", "0", "0", "0", "0", "0", "0", "0", "1", "1", "0", "0", "0", "0", "0" ], "duration": 389.0, "sum": 2 }, "geometry": { "type": "Point", "coordinates": [ -122.276100900853322, 47.685990290091269 ] } },
{ "type": "Feature", "properties": { "lat": 47.686003919874906, "lon": -122.27568008629882, "time_of_day": "Late Night", "causation": [ "0", "0", "0", "0", "0", "0", "0", "0", "0", "0", "0", "0", "0", "0", "0", "0", "0", "3", "0", "0", "0", "0", "0", "0" ], "duration": 6.0, "sum": 3 }, "geometry": { "type": "Point", "coordinates": [ -122.27568008629882, 47.686003919874906 ] } },
{ "type": "Feature", "properties": { "lat": 47.686003919874906, "lon": -122.27568008629882, "time_of_day": "Morning", "causation": [ "0", "0", "0", "0", "0", "0", "0", "0", "0", "0", "0", "0", "0", "0", "0", "0", "0", "1", "1", "0", "0", "0", "0", "0" ], "duration": 389.0, "sum": 2 }, "geometry": { "type": "Point", "coordinates": [ -122.27568008629882, 47.686003919874906 ] } },
{ "type": "Feature", "properties": { "lat": 47.686005721708526, "lon": -122.27444816978222, "time_of_day": "Late Night", "causation": [ "0", "0", "0", "0", "0", "0", "0", "0", "0", "0", "0", "0", "0", "0", "0", "0", "0", "3", "0", "0", "0", "0", "0", "0" ], "duration": 6.0, "sum": 3 }, "geometry": { "type": "Point", "coordinates": [ -122.274448169782218, 47.686005721708526 ] } },
{ "type": "Feature", "properties": { "lat": 47.686005721708526, "lon": -122.27444816978222, "time_of_day": "Morning", "causation": [ "0", "0", "0", "0", "0", "0", "0", "0", "0", "0", "0", "0", "0", "0", "0", "0", "0", "1", "1", "0", "0", "0", "0", "0" ], "duration": 389.0, "sum": 2 }, "geometry": { "type": "Point", "coordinates": [ -122.274448169782218, 47.686005721708526 ] } },
{ "type": "Feature", "properties": { "lat": 47.686026464718722, "lon": -122.27492033922746, "time_of_day": "Late Night", "causation": [ "0", "0", "0", "0", "0", "0", "0", "0", "0", "0", "0", "0", "0", "0", "0", "0", "0", "3", "0", "0", "0", "0", "0", "0" ], "duration": 6.0, "sum": 3 }, "geometry": { "type": "Point", "coordinates": [ -122.274920339227464, 47.686026464718722 ] } },
{ "type": "Feature", "properties": { "lat": 47.686026464718722, "lon": -122.27492033922746, "time_of_day": "Morning", "causation": [ "0", "0", "0", "0", "0", "0", "0", "0", "0", "0", "0", "0", "0", "0", "0", "0", "0", "1", "1", "0", "0", "0", "0", "0" ], "duration": 389.0, "sum": 2 }, "geometry": { "type": "Point", "coordinates": [ -122.274920339227464, 47.686026464718722 ] } },
{ "type": "Feature", "properties": { "lat": 47.686309453284899, "lon": -122.2756385237726, "time_of_day": "Late Night", "causation": [ "0", "0", "0", "0", "0", "0", "0", "0", "0", "0", "0", "0", "0", "0", "0", "0", "0", "1", "0", "0", "0", "0", "0", "0" ], "duration": 3.0, "sum": 1 }, "geometry": { "type": "Point", "coordinates": [ -122.275638523772599, 47.686309453284899 ] } },
{ "type": "Feature", "properties": { "lat": 47.686309453284899, "lon": -122.2756385237726, "time_of_day": "Morning", "causation": [ "0", "0", "0", "0", "0", "0", "0", "0", "0", "0", "0", "0", "0", "0", "0", "0", "0", "1", "1", "0", "0", "0", "0", "0" ], "duration": 389.0, "sum": 2 }, "geometry": { "type": "Point", "coordinates": [ -122.275638523772599, 47.686309453284899 ] } },
{ "type": "Feature", "properties": { "lat": 47.686310386996723, "lon": -122.27619162436233, "time_of_day": "Late Night", "causation": [ "0", "0", "0", "0", "0", "0", "0", "0", "0", "0", "0", "0", "0", "0", "0", "0", "0", "1", "0", "0", "0", "0", "0", "0" ], "duration": 3.0, "sum": 1 }, "geometry": { "type": "Point", "coordinates": [ -122.276191624362326, 47.686310386996723 ] } },
{ "type": "Feature", "properties": { "lat": 47.686310386996723, "lon": -122.27619162436233, "time_of_day": "Morning", "causation": [ "0", "0", "0", "0", "0", "0", "0", "0", "0", "0", "0", "0", "0", "0", "0", "0", "0", "1", "1", "0", "0", "0", "0", "0" ], "duration": 389.0, "sum": 2 }, "geometry": { "type": "Point", "coordinates": [ -122.276191624362326, 47.686310386996723 ] } },
{ "type": "Feature", "properties": { "lat": 47.686328443659768, "lon": -122.2749867814816, "time_of_day": "Late Night", "causation": [ "0", "0", "0", "0", "0", "0", "0", "0", "0", "0", "0", "0", "0", "0", "0", "0", "0", "3", "0", "0", "0", "0", "0", "0" ], "duration": 6.0, "sum": 3 }, "geometry": { "type": "Point", "coordinates": [ -122.274986781481601, 47.686328443659768 ] } },
{ "type": "Feature", "properties": { "lat": 47.686328443659768, "lon": -122.2749867814816, "time_of_day": "Morning", "causation": [ "0", "0", "0", "0", "0", "0", "0", "0", "0", "0", "0", "0", "0", "0", "0", "0", "0", "1", "1", "0", "0", "0", "0", "0" ], "duration": 389.0, "sum": 2 }, "geometry": { "type": "Point", "coordinates": [ -122.274986781481601, 47.686328443659768 ] } },
{ "type": "Feature", "properties": { "lat": 47.686331261009421, "lon": -122.2773560605996, "time_of_day": "Late Night", "causation": [ "0", "0", "0", "0", "0", "0", "0", "0", "0", "0", "0", "0", "0", "0", "0", "0", "0", "1", "0", "0", "0", "0", "0", "0" ], "duration": 3.0, "sum": 1 }, "geometry": { "type": "Point", "coordinates": [ -122.277356060599601, 47.686331261009421 ] } },
{ "type": "Feature", "properties": { "lat": 47.686331261009421, "lon": -122.2773560605996, "time_of_day": "Morning", "causation": [ "0", "0", "0", "0", "0", "0", "0", "0", "0", "0", "0", "0", "0", "0", "0", "0", "0", "1", "1", "0", "0", "0", "0", "0" ], "duration": 389.0, "sum": 2 }, "geometry": { "type": "Point", "coordinates": [ -122.277356060599601, 47.686331261009421 ] } },
{ "type": "Feature", "properties": { "lat": 47.686345297705685, "lon": -122.27448368629705, "time_of_day": "Late Night", "causation": [ "0", "0", "0", "0", "0", "0", "0", "0", "0", "0", "0", "0", "0", "0", "0", "0", "0", "6", "0", "0", "0", "0", "0", "0" ], "duration": 12.0, "sum": 6 }, "geometry": { "type": "Point", "coordinates": [ -122.274483686297046, 47.686345297705685 ] } },
{ "type": "Feature", "properties": { "lat": 47.686345297705685, "lon": -122.27448368629705, "time_of_day": "Morning", "causation": [ "0", "0", "0", "0", "0", "0", "0", "0", "0", "0", "0", "0", "0", "0", "0", "0", "0", "2", "2", "0", "0", "0", "0", "0" ], "duration": 778.0, "sum": 4 }, "geometry": { "type": "Point", "coordinates": [ -122.274483686297046, 47.686345297705685 ] } },
{ "type": "Feature", "properties": { "lat": 47.686348220554336, "lon": -122.27676799056894, "time_of_day": "Late Night", "causation": [ "0", "0", "0", "0", "0", "0", "0", "0", "0", "0", "0", "0", "0", "0", "0", "0", "0", "1", "0", "0", "0", "0", "0", "0" ], "duration": 3.0, "sum": 1 }, "geometry": { "type": "Point", "coordinates": [ -122.276767990568942, 47.686348220554336 ] } },
{ "type": "Feature", "properties": { "lat": 47.686348220554336, "lon": -122.27676799056894, "time_of_day": "Morning", "causation": [ "0", "0", "0", "0", "0", "0", "0", "0", "0", "0", "0", "0", "0", "0", "0", "0", "0", "1", "1", "0", "0", "0", "0", "0" ], "duration": 389.0, "sum": 2 }, "geometry": { "type": "Point", "coordinates": [ -122.276767990568942, 47.686348220554336 ] } },
{ "type": "Feature", "properties": { "lat": 47.686499993153497, "lon": -122.2773787957837, "time_of_day": "Late Night", "causation": [ "0", "0", "0", "0", "0", "0", "0", "0", "0", "0", "0", "0", "0", "0", "0", "0", "0", "1", "0", "0", "0", "0", "0", "0" ], "duration": 3.0, "sum": 1 }, "geometry": { "type": "Point", "coordinates": [ -122.277378795783704, 47.686499993153497 ] } },
{ "type": "Feature", "properties": { "lat": 47.686499993153497, "lon": -122.2773787957837, "time_of_day": "Morning", "causation": [ "0", "0", "0", "0", "0", "0", "0", "0", "0", "0", "0", "0", "0", "0", "0", "0", "0", "1", "1", "0", "0", "0", "0", "0" ], "duration": 389.0, "sum": 2 }, "geometry": { "type": "Point", "coordinates": [ -122.277378795783704, 47.686499993153497 ] } },
{ "type": "Feature", "properties": { "lat": 47.686506467765142, "lon": -122.27682969151374, "time_of_day": "Late Night", "causation": [ "0", "0", "0", "0", "0", "0", "0", "0", "0", "0", "0", "0", "0", "0", "0", "0", "0", "1", "0", "0", "0", "0", "0", "0" ], "duration": 3.0, "sum": 1 }, "geometry": { "type": "Point", "coordinates": [ -122.27682969151374, 47.686506467765142 ] } },
{ "type": "Feature", "properties": { "lat": 47.686506467765142, "lon": -122.27682969151374, "time_of_day": "Morning", "causation": [ "0", "0", "0", "0", "0", "0", "0", "0", "0", "0", "0", "0", "0", "0", "0", "0", "0", "1", "1", "0", "0", "0", "0", "0" ], "duration": 389.0, "sum": 2 }, "geometry": { "type": "Point", "coordinates": [ -122.27682969151374, 47.686506467765142 ] } },
{ "type": "Feature", "properties": { "lat": 47.686516201498819, "lon": -122.27621889803892, "time_of_day": "Late Night", "causation": [ "0", "0", "0", "0", "0", "0", "0", "0", "0", "0", "0", "0", "0", "0", "0", "0", "0", "1", "0", "0", "0", "0", "0", "0" ], "duration": 3.0, "sum": 1 }, "geometry": { "type": "Point", "coordinates": [ -122.27621889803892, 47.686516201498819 ] } },
{ "type": "Feature", "properties": { "lat": 47.686516201498819, "lon": -122.27621889803892, "time_of_day": "Morning", "causation": [ "0", "0", "0", "0", "0", "0", "0", "0", "0", "0", "0", "0", "0", "0", "0", "0", "0", "1", "1", "0", "0", "0", "0", "0" ], "duration": 389.0, "sum": 2 }, "geometry": { "type": "Point", "coordinates": [ -122.27621889803892, 47.686516201498819 ] } },
{ "type": "Feature", "properties": { "lat": 47.686518639414494, "lon": -122.27497124351279, "time_of_day": "Late Night", "causation": [ "0", "0", "0", "0", "0", "0", "0", "0", "0", "0", "0", "0", "0", "0", "0", "0", "0", "3", "0", "0", "0", "0", "0", "0" ], "duration": 6.0, "sum": 3 }, "geometry": { "type": "Point", "coordinates": [ -122.274971243512795, 47.686518639414494 ] } },
{ "type": "Feature", "properties": { "lat": 47.686518639414494, "lon": -122.27497124351279, "time_of_day": "Morning", "causation": [ "0", "0", "0", "0", "0", "0", "0", "0", "0", "0", "0", "0", "0", "0", "0", "0", "0", "1", "1", "0", "0", "0", "0", "0" ], "duration": 389.0, "sum": 2 }, "geometry": { "type": "Point", "coordinates": [ -122.274971243512795, 47.686518639414494 ] } },
{ "type": "Feature", "properties": { "lat": 47.68652653740287, "lon": -122.27450504138704, "time_of_day": "Late Night", "causation": [ "0", "0", "0", "0", "0", "0", "0", "0", "0", "0", "0", "0", "0", "0", "0", "0", "0", "3", "0", "0", "0", "0", "0", "0" ], "duration": 6.0, "sum": 3 }, "geometry": { "type": "Point", "coordinates": [ -122.274505041387044, 47.68652653740287 ] } },
{ "type": "Feature", "properties": { "lat": 47.68652653740287, "lon": -122.27450504138704, "time_of_day": "Morning", "causation": [ "0", "0", "0", "0", "0", "0", "0", "0", "0", "0", "0", "0", "0", "0", "0", "0", "0", "1", "1", "0", "0", "0", "0", "0" ], "duration": 389.0, "sum": 2 }, "geometry": { "type": "Point", "coordinates": [ -122.274505041387044, 47.68652653740287 ] } },
{ "type": "Feature", "properties": { "lat": 47.686568420629001, "lon": -122.27390417402589, "time_of_day": "Late Night", "causation": [ "0", "0", "0", "0", "0", "0", "0", "0", "0", "0", "0", "0", "0", "0", "0", "0", "0", "6", "0", "0", "0", "0", "0", "0" ], "duration": 12.0, "sum": 6 }, "geometry": { "type": "Point", "coordinates": [ -122.273904174025887, 47.686568420629001 ] } },
{ "type": "Feature", "properties": { "lat": 47.686568420629001, "lon": -122.27390417402589, "time_of_day": "Morning", "causation": [ "0", "0", "0", "0", "0", "0", "0", "0", "0", "0", "0", "0", "0", "0", "0", "0", "0", "2", "2", "0", "0", "0", "0", "0" ], "duration": 778.0, "sum": 4 }, "geometry": { "type": "Point", "coordinates": [ -122.273904174025887, 47.686568420629001 ] } },
{ "type": "Feature", "properties": { "lat": 47.686578874640517, "lon": -122.27333740561404, "time_of_day": "Late Night", "causation": [ "0", "0", "0", "0", "0", "0", "0", "0", "0", "0", "0", "0", "0", "0", "0", "0", "0", "1", "0", "0", "0", "0", "0", "0" ], "duration": 3.0, "sum": 1 }, "geometry": { "type": "Point", "coordinates": [ -122.273337405614043, 47.686578874640517 ] } },
{ "type": "Feature", "properties": { "lat": 47.686578874640517, "lon": -122.27333740561404, "time_of_day": "Morning", "causation": [ "0", "0", "0", "0", "0", "0", "0", "0", "0", "0", "0", "0", "0", "0", "0", "0", "0", "1", "1", "0", "0", "0", "0", "0" ], "duration": 389.0, "sum": 2 }, "geometry": { "type": "Point", "coordinates": [ -122.273337405614043, 47.686578874640517 ] } },
{ "type": "Feature", "properties": { "lat": 47.686598049026422, "lon": -122.2756876455627, "time_of_day": "Late Night", "causation": [ "0", "0", "0", "0", "0", "0", "0", "0", "0", "0", "0", "0", "0", "0", "0", "0", "0", "3", "0", "0", "0", "0", "0", "0" ], "duration": 6.0, "sum": 3 }, "geometry": { "type": "Point", "coordinates": [ -122.275687645562698, 47.686598049026422 ] } },
{ "type": "Feature", "properties": { "lat": 47.686598049026422, "lon": -122.2756876455627, "time_of_day": "Morning", "causation": [ "0", "0", "0", "0", "0", "0", "0", "0", "0", "0", "0", "0", "0", "0", "0", "0", "0", "1", "1", "0", "0", "0", "0", "0" ], "duration": 389.0, "sum": 2 }, "geometry": { "type": "Point", "coordinates": [ -122.275687645562698, 47.686598049026422 ] } },
{ "type": "Feature", "properties": { "lat": 47.686667909851614, "lon": -122.27616533503638, "time_of_day": "Late Night", "causation": [ "0", "0", "0", "0", "0", "0", "0", "0", "0", "0", "0", "0", "0", "0", "0", "0", "0", "1", "0", "0", "0", "0", "0", "0" ], "duration": 3.0, "sum": 1 }, "geometry": { "type": "Point", "coordinates": [ -122.276165335036382, 47.686667909851614 ] } },
{ "type": "Feature", "properties": { "lat": 47.686667909851614, "lon": -122.27616533503638, "time_of_day": "Morning", "causation": [ "0", "0", "0", "0", "0", "0", "0", "0", "0", "0", "0", "0", "0", "0", "0", "0", "0", "1", "1", "0", "0", "0", "0", "0" ], "duration": 389.0, "sum": 2 }, "geometry": { "type": "Point", "coordinates": [ -122.276165335036382, 47.686667909851614 ] } },
{ "type": "Feature", "properties": { "lat": 47.68668657103273, "lon": -122.27499636087948, "time_of_day": "Late Night", "causation": [ "0", "0", "0", "0", "0", "0", "0", "0", "0", "0", "0", "0", "0", "0", "0", "0", "0", "3", "0", "0", "0", "0", "0", "0" ], "duration": 6.0, "sum": 3 }, "geometry": { "type": "Point", "coordinates": [ -122.274996360879484, 47.68668657103273 ] } },
{ "type": "Feature", "properties": { "lat": 47.68668657103273, "lon": -122.27499636087948, "time_of_day": "Morning", "causation": [ "0", "0", "0", "0", "0", "0", "0", "0", "0", "0", "0", "0", "0", "0", "0", "0", "0", "1", "1", "0", "0", "0", "0", "0" ], "duration": 389.0, "sum": 2 }, "geometry": { "type": "Point", "coordinates": [ -122.274996360879484, 47.68668657103273 ] } },
{ "type": "Feature", "properties": { "lat": 47.686694407535633, "lon": -122.27740099825614, "time_of_day": "Late Night", "causation": [ "0", "0", "0", "0", "0", "0", "0", "0", "0", "0", "0", "0", "0", "0", "0", "0", "0", "1", "0", "0", "0", "0", "0", "0" ], "duration": 3.0, "sum": 1 }, "geometry": { "type": "Point", "coordinates": [ -122.277400998256141, 47.686694407535633 ] } },
{ "type": "Feature", "properties": { "lat": 47.686694407535633, "lon": -122.27740099825614, "time_of_day": "Morning", "causation": [ "0", "0", "0", "0", "0", "0", "0", "0", "0", "0", "0", "0", "0", "0", "0", "0", "0", "1", "1", "0", "0", "0", "0", "0" ], "duration": 389.0, "sum": 2 }, "geometry": { "type": "Point", "coordinates": [ -122.277400998256141, 47.686694407535633 ] } },
{ "type": "Feature", "properties": { "lat": 47.686700412383971, "lon": -122.27454003941362, "time_of_day": "Late Night", "causation": [ "0", "0", "0", "0", "0", "0", "0", "0", "0", "0", "0", "0", "0", "0", "0", "0", "0", "3", "0", "0", "0", "0", "0", "0" ], "duration": 6.0, "sum": 3 }, "geometry": { "type": "Point", "coordinates": [ -122.274540039413623, 47.686700412383971 ] } },
{ "type": "Feature", "properties": { "lat": 47.686700412383971, "lon": -122.27454003941362, "time_of_day": "Morning", "causation": [ "0", "0", "0", "0", "0", "0", "0", "0", "0", "0", "0", "0", "0", "0", "0", "0", "0", "1", "1", "0", "0", "0", "0", "0" ], "duration": 389.0, "sum": 2 }, "geometry": { "type": "Point", "coordinates": [ -122.274540039413623, 47.686700412383971 ] } },
{ "type": "Feature", "properties": { "lat": 47.686714738797541, "lon": -122.27680418165434, "time_of_day": "Late Night", "causation": [ "0", "0", "0", "0", "0", "0", "0", "0", "0", "0", "0", "0", "0", "0", "0", "0", "0", "1", "0", "0", "0", "0", "0", "0" ], "duration": 3.0, "sum": 1 }, "geometry": { "type": "Point", "coordinates": [ -122.276804181654342, 47.686714738797541 ] } },
{ "type": "Feature", "properties": { "lat": 47.686714738797541, "lon": -122.27680418165434, "time_of_day": "Morning", "causation": [ "0", "0", "0", "0", "0", "0", "0", "0", "0", "0", "0", "0", "0", "0", "0", "0", "0", "1", "1", "0", "0", "0", "0", "0" ], "duration": 389.0, "sum": 2 }, "geometry": { "type": "Point", "coordinates": [ -122.276804181654342, 47.686714738797541 ] } },
{ "type": "Feature", "properties": { "lat": 47.686834716349559, "lon": -122.27619120069777, "time_of_day": "Late Night", "causation": [ "0", "0", "0", "0", "0", "0", "0", "0", "0", "0", "0", "0", "0", "0", "0", "0", "0", "1", "0", "0", "0", "0", "0", "0" ], "duration": 3.0, "sum": 1 }, "geometry": { "type": "Point", "coordinates": [ -122.276191200697767, 47.686834716349559 ] } },
{ "type": "Feature", "properties": { "lat": 47.686834716349559, "lon": -122.27619120069777, "time_of_day": "Morning", "causation": [ "0", "0", "0", "0", "0", "0", "0", "0", "0", "0", "0", "0", "0", "0", "0", "0", "0", "1", "1", "0", "0", "0", "0", "0" ], "duration": 389.0, "sum": 2 }, "geometry": { "type": "Point", "coordinates": [ -122.276191200697767, 47.686834716349559 ] } },
{ "type": "Feature", "properties": { "lat": 47.686841464554092, "lon": -122.27504101017868, "time_of_day": "Late Night", "causation": [ "0", "0", "0", "0", "0", "0", "0", "0", "0", "0", "0", "0", "0", "0", "0", "0", "0", "3", "0", "0", "0", "0", "0", "0" ], "duration": 6.0, "sum": 3 }, "geometry": { "type": "Point", "coordinates": [ -122.275041010178683, 47.686841464554092 ] } },
{ "type": "Feature", "properties": { "lat": 47.686841464554092, "lon": -122.27504101017868, "time_of_day": "Morning", "causation": [ "0", "0", "0", "0", "0", "0", "0", "0", "0", "0", "0", "0", "0", "0", "0", "0", "0", "1", "1", "0", "0", "0", "0", "0" ], "duration": 389.0, "sum": 2 }, "geometry": { "type": "Point", "coordinates": [ -122.275041010178683, 47.686841464554092 ] } },
{ "type": "Feature", "properties": { "lat": 47.686842354236113, "lon": -122.27570896083932, "time_of_day": "Late Night", "causation": [ "0", "0", "0", "0", "0", "0", "0", "0", "0", "0", "0", "0", "0", "0", "0", "0", "0", "3", "0", "0", "0", "0", "0", "0" ], "duration": 6.0, "sum": 3 }, "geometry": { "type": "Point", "coordinates": [ -122.275708960839324, 47.686842354236113 ] } },
{ "type": "Feature", "properties": { "lat": 47.686842354236113, "lon": -122.27570896083932, "time_of_day": "Morning", "causation": [ "0", "0", "0", "0", "0", "0", "0", "0", "0", "0", "0", "0", "0", "0", "0", "0", "0", "1", "1", "0", "0", "0", "0", "0" ], "duration": 389.0, "sum": 2 }, "geometry": { "type": "Point", "coordinates": [ -122.275708960839324, 47.686842354236113 ] } },
{ "type": "Feature", "properties": { "lat": 47.686857339284217, "lon": -122.27687438612172, "time_of_day": "Late Night", "causation": [ "0", "0", "0", "0", "0", "0", "0", "0", "0", "0", "0", "0", "0", "0", "0", "0", "0", "1", "0", "0", "0", "0", "0", "0" ], "duration": 3.0, "sum": 1 }, "geometry": { "type": "Point", "coordinates": [ -122.276874386121719, 47.686857339284217 ] } },
{ "type": "Feature", "properties": { "lat": 47.686857339284217, "lon": -122.27687438612172, "time_of_day": "Morning", "causation": [ "0", "0", "0", "0", "0", "0", "0", "0", "0", "0", "0", "0", "0", "0", "0", "0", "0", "1", "1", "0", "0", "0", "0", "0" ], "duration": 389.0, "sum": 2 }, "geometry": { "type": "Point", "coordinates": [ -122.276874386121719, 47.686857339284217 ] } },
{ "type": "Feature", "properties": { "lat": 47.686867952778002, "lon": -122.27442748159662, "time_of_day": "Late Night", "causation": [ "0", "0", "0", "0", "0", "0", "0", "0", "0", "0", "0", "0", "0", "0", "0", "0", "0", "6", "0", "0", "0", "0", "0", "0" ], "duration": 12.0, "sum": 6 }, "geometry": { "type": "Point", "coordinates": [ -122.274427481596618, 47.686867952778002 ] } },
{ "type": "Feature", "properties": { "lat": 47.686867952778002, "lon": -122.27442748159662, "time_of_day": "Morning", "causation": [ "0", "0", "0", "0", "0", "0", "0", "0", "0", "0", "0", "0", "0", "0", "0", "0", "0", "2", "2", "0", "0", "0", "0", "0" ], "duration": 778.0, "sum": 4 }, "geometry": { "type": "Point", "coordinates": [ -122.274427481596618, 47.686867952778002 ] } },
{ "type": "Feature", "properties": { "lat": 47.686884271314582, "lon": -122.27742209984044, "time_of_day": "Late Night", "causation": [ "0", "0", "0", "0", "0", "0", "0", "0", "0", "0", "0", "0", "0", "0", "0", "0", "0", "2", "0", "0", "0", "0", "0", "0" ], "duration": 6.0, "sum": 2 }, "geometry": { "type": "Point", "coordinates": [ -122.277422099840436, 47.686884271314582 ] } },
{ "type": "Feature", "properties": { "lat": 47.686884271314582, "lon": -122.27742209984044, "time_of_day": "Morning", "causation": [ "0", "0", "0", "0", "0", "0", "0", "0", "0", "0", "0", "0", "0", "0", "0", "0", "0", "2", "2", "0", "0", "0", "0", "0" ], "duration": 778.0, "sum": 4 }, "geometry": { "type": "Point", "coordinates": [ -122.277422099840436, 47.686884271314582 ] } },
{ "type": "Feature", "properties": { "lat": 47.686916147020696, "lon": -122.27330138646138, "time_of_day": "Late Night", "causation": [ "0", "0", "0", "0", "0", "0", "0", "0", "0", "0", "0", "0", "0", "0", "0", "0", "0", "1", "0", "0", "0", "0", "0", "0" ], "duration": 3.0, "sum": 1 }, "geometry": { "type": "Point", "coordinates": [ -122.273301386461384, 47.686916147020696 ] } },
{ "type": "Feature", "properties": { "lat": 47.686916147020696, "lon": -122.27330138646138, "time_of_day": "Morning", "causation": [ "0", "0", "0", "0", "0", "0", "0", "0", "0", "0", "0", "0", "0", "0", "0", "0", "0", "1", "1", "0", "0", "0", "0", "0" ], "duration": 389.0, "sum": 2 }, "geometry": { "type": "Point", "coordinates": [ -122.273301386461384, 47.686916147020696 ] } },
{ "type": "Feature", "properties": { "lat": 47.68695133699147, "lon": -122.27384310636285, "time_of_day": "Late Night", "causation": [ "0", "0", "0", "0", "0", "0", "0", "0", "0", "0", "0", "0", "0", "0", "0", "0", "0", "3", "0", "0", "0", "0", "0", "0" ], "duration": 6.0, "sum": 3 }, "geometry": { "type": "Point", "coordinates": [ -122.273843106362847, 47.68695133699147 ] } },
{ "type": "Feature", "properties": { "lat": 47.68695133699147, "lon": -122.27384310636285, "time_of_day": "Morning", "causation": [ "0", "0", "0", "0", "0", "0", "0", "0", "0", "0", "0", "0", "0", "0", "0", "0", "0", "1", "1", "0", "0", "0", "0", "0" ], "duration": 389.0, "sum": 2 }, "geometry": { "type": "Point", "coordinates": [ -122.273843106362847, 47.68695133699147 ] } },
{ "type": "Feature", "properties": { "lat": 47.686988720994897, "lon": -122.27568763219595, "time_of_day": "Late Night", "causation": [ "0", "0", "0", "0", "0", "0", "0", "0", "0", "0", "0", "0", "0", "0", "0", "0", "0", "3", "0", "0", "0", "0", "0", "0" ], "duration": 6.0, "sum": 3 }, "geometry": { "type": "Point", "coordinates": [ -122.275687632195954, 47.686988720994897 ] } },
{ "type": "Feature", "properties": { "lat": 47.686988720994897, "lon": -122.27568763219595, "time_of_day": "Morning", "causation": [ "0", "0", "0", "0", "0", "0", "0", "0", "0", "0", "0", "0", "0", "0", "0", "0", "0", "1", "1", "0", "0", "0", "0", "0" ], "duration": 389.0, "sum": 2 }, "geometry": { "type": "Point", "coordinates": [ -122.275687632195954, 47.686988720994897 ] } },
{ "type": "Feature", "properties": { "lat": 47.686992734207536, "lon": -122.2761852826346, "time_of_day": "Late Night", "causation": [ "0", "0", "0", "0", "0", "0", "0", "0", "0", "0", "0", "0", "0", "0", "0", "0", "0", "1", "0", "0", "0", "0", "0", "0" ], "duration": 3.0, "sum": 1 }, "geometry": { "type": "Point", "coordinates": [ -122.2761852826346, 47.686992734207536 ] } },
{ "type": "Feature", "properties": { "lat": 47.686992734207536, "lon": -122.2761852826346, "time_of_day": "Morning", "causation": [ "0", "0", "0", "0", "0", "0", "0", "0", "0", "0", "0", "0", "0", "0", "0", "0", "0", "1", "1", "0", "0", "0", "0", "0" ], "duration": 389.0, "sum": 2 }, "geometry": { "type": "Point", "coordinates": [ -122.2761852826346, 47.686992734207536 ] } },
{ "type": "Feature", "properties": { "lat": 47.687020007261033, "lon": -122.27446896037496, "time_of_day": "Late Night", "causation": [ "0", "0", "0", "0", "0", "0", "0", "0", "0", "0", "0", "0", "0", "0", "0", "0", "0", "1", "0", "0", "0", "0", "0", "0" ], "duration": 3.0, "sum": 1 }, "geometry": { "type": "Point", "coordinates": [ -122.274468960374961, 47.687020007261033 ] } },
{ "type": "Feature", "properties": { "lat": 47.687020007261033, "lon": -122.27446896037496, "time_of_day": "Morning", "causation": [ "0", "0", "0", "0", "0", "0", "0", "0", "0", "0", "0", "0", "0", "0", "0", "0", "0", "1", "1", "0", "0", "0", "0", "0" ], "duration": 389.0, "sum": 2 }, "geometry": { "type": "Point", "coordinates": [ -122.274468960374961, 47.687020007261033 ] } },
{ "type": "Feature", "properties": { "lat": 47.687025079963256, "lon": -122.27498703741098, "time_of_day": "Late Night", "causation": [ "0", "0", "0", "0", "0", "0", "0", "0", "0", "0", "0", "0", "0", "0", "0", "0", "0", "3", "0", "0", "0", "0", "0", "0" ], "duration": 6.0, "sum": 3 }, "geometry": { "type": "Point", "coordinates": [ -122.27498703741098, 47.687025079963256 ] } },
{ "type": "Feature", "properties": { "lat": 47.687025079963256, "lon": -122.27498703741098, "time_of_day": "Morning", "causation": [ "0", "0", "0", "0", "0", "0", "0", "0", "0", "0", "0", "0", "0", "0", "0", "0", "0", "1", "1", "0", "0", "0", "0", "0" ], "duration": 389.0, "sum": 2 }, "geometry": { "type": "Point", "coordinates": [ -122.27498703741098, 47.687025079963256 ] } },
{ "type": "Feature", "properties": { "lat": 47.687033374276758, "lon": -122.27689813095655, "time_of_day": "Late Night", "causation": [ "0", "0", "0", "0", "0", "0", "0", "0", "0", "0", "0", "0", "0", "0", "0", "0", "0", "1", "0", "0", "0", "0", "0", "0" ], "duration": 3.0, "sum": 1 }, "geometry": { "type": "Point", "coordinates": [ -122.276898130956553, 47.687033374276758 ] } },
{ "type": "Feature", "properties": { "lat": 47.687033374276758, "lon": -122.27689813095655, "time_of_day": "Morning", "causation": [ "0", "0", "0", "0", "0", "0", "0", "0", "0", "0", "0", "0", "0", "0", "0", "0", "0", "1", "1", "0", "0", "0", "0", "0" ], "duration": 389.0, "sum": 2 }, "geometry": { "type": "Point", "coordinates": [ -122.276898130956553, 47.687033374276758 ] } },
{ "type": "Feature", "properties": { "lat": 47.687072681757201, "lon": -122.27746780996986, "time_of_day": "Late Night", "causation": [ "0", "0", "0", "0", "0", "0", "0", "0", "0", "0", "0", "0", "0", "0", "0", "0", "0", "1", "0", "0", "0", "0", "0", "0" ], "duration": 3.0, "sum": 1 }, "geometry": { "type": "Point", "coordinates": [ -122.277467809969863, 47.687072681757201 ] } },
{ "type": "Feature", "properties": { "lat": 47.687072681757201, "lon": -122.27746780996986, "time_of_day": "Morning", "causation": [ "0", "0", "0", "0", "0", "0", "0", "0", "0", "0", "0", "0", "0", "0", "0", "0", "0", "1", "1", "0", "0", "0", "0", "0" ], "duration": 389.0, "sum": 2 }, "geometry": { "type": "Point", "coordinates": [ -122.277467809969863, 47.687072681757201 ] } },
{ "type": "Feature", "properties": { "lat": 47.687081831783011, "lon": -122.273856872097, "time_of_day": "Late Night", "causation": [ "0", "0", "0", "0", "0", "0", "0", "0", "0", "0", "0", "0", "0", "0", "0", "0", "0", "1", "0", "0", "0", "0", "0", "0" ], "duration": 3.0, "sum": 1 }, "geometry": { "type": "Point", "coordinates": [ -122.273856872096999, 47.687081831783011 ] } },
{ "type": "Feature", "properties": { "lat": 47.687081831783011, "lon": -122.273856872097, "time_of_day": "Morning", "causation": [ "0", "0", "0", "0", "0", "0", "0", "0", "0", "0", "0", "0", "0", "0", "0", "0", "0", "1", "1", "0", "0", "0", "0", "0" ], "duration": 389.0, "sum": 2 }, "geometry": { "type": "Point", "coordinates": [ -122.273856872096999, 47.687081831783011 ] } },
{ "type": "Feature", "properties": { "lat": 47.687126019681159, "lon": -122.27325858754706, "time_of_day": "Late Night", "causation": [ "0", "0", "0", "0", "0", "0", "0", "0", "0", "0", "0", "0", "0", "0", "0", "0", "0", "1", "0", "0", "0", "0", "0", "0" ], "duration": 3.0, "sum": 1 }, "geometry": { "type": "Point", "coordinates": [ -122.273258587547062, 47.687126019681159 ] } },
{ "type": "Feature", "properties": { "lat": 47.687126019681159, "lon": -122.27325858754706, "time_of_day": "Morning", "causation": [ "0", "0", "0", "0", "0", "0", "0", "0", "0", "0", "0", "0", "0", "0", "0", "0", "0", "1", "1", "0", "0", "0", "0", "0" ], "duration": 389.0, "sum": 2 }, "geometry": { "type": "Point", "coordinates": [ -122.273258587547062, 47.687126019681159 ] } },
{ "type": "Feature", "properties": { "lat": 47.687163997568703, "lon": -122.27445996787873, "time_of_day": "Late Night", "causation": [ "0", "0", "0", "0", "0", "0", "0", "0", "0", "0", "0", "0", "0", "0", "0", "0", "0", "1", "0", "0", "0", "0", "0", "0" ], "duration": 3.0, "sum": 1 }, "geometry": { "type": "Point", "coordinates": [ -122.274459967878727, 47.687163997568703 ] } },
{ "type": "Feature", "properties": { "lat": 47.687163997568703, "lon": -122.27445996787873, "time_of_day": "Morning", "causation": [ "0", "0", "0", "0", "0", "0", "0", "0", "0", "0", "0", "0", "0", "0", "0", "0", "0", "1", "1", "0", "0", "0", "0", "0" ], "duration": 389.0, "sum": 2 }, "geometry": { "type": "Point", "coordinates": [ -122.274459967878727, 47.687163997568703 ] } },
{ "type": "Feature", "properties": { "lat": 47.687177715663701, "lon": -122.274989733513, "time_of_day": "Late Night", "causation": [ "0", "0", "0", "0", "0", "0", "0", "0", "0", "0", "0", "0", "0", "0", "0", "0", "0", "3", "0", "0", "0", "0", "0", "0" ], "duration": 6.0, "sum": 3 }, "geometry": { "type": "Point", "coordinates": [ -122.274989733512996, 47.687177715663701 ] } },
{ "type": "Feature", "properties": { "lat": 47.687177715663701, "lon": -122.274989733513, "time_of_day": "Morning", "causation": [ "0", "0", "0", "0", "0", "0", "0", "0", "0", "0", "0", "0", "0", "0", "0", "0", "0", "1", "1", "0", "0", "0", "0", "0" ], "duration": 389.0, "sum": 2 }, "geometry": { "type": "Point", "coordinates": [ -122.274989733512996, 47.687177715663701 ] } },
{ "type": "Feature", "properties": { "lat": 47.687183952824661, "lon": -122.2756754037877, "time_of_day": "Late Night", "causation": [ "0", "0", "0", "0", "0", "0", "0", "0", "0", "0", "0", "0", "0", "0", "0", "0", "0", "3", "0", "0", "0", "0", "0", "0" ], "duration": 6.0, "sum": 3 }, "geometry": { "type": "Point", "coordinates": [ -122.275675403787702, 47.687183952824661 ] } },
{ "type": "Feature", "properties": { "lat": 47.687183952824661, "lon": -122.2756754037877, "time_of_day": "Morning", "causation": [ "0", "0", "0", "0", "0", "0", "0", "0", "0", "0", "0", "0", "0", "0", "0", "0", "0", "1", "1", "0", "0", "0", "0", "0" ], "duration": 389.0, "sum": 2 }, "geometry": { "type": "Point", "coordinates": [ -122.275675403787702, 47.687183952824661 ] } },
{ "type": "Feature", "properties": { "lat": 47.687197799639371, "lon": -122.2761250832334, "time_of_day": "Late Night", "causation": [ "0", "0", "0", "0", "0", "0", "0", "0", "0", "0", "0", "0", "0", "0", "0", "0", "0", "1", "0", "0", "0", "0", "0", "0" ], "duration": 3.0, "sum": 1 }, "geometry": { "type": "Point", "coordinates": [ -122.276125083233396, 47.687197799639371 ] } },
{ "type": "Feature", "properties": { "lat": 47.687197799639371, "lon": -122.2761250832334, "time_of_day": "Morning", "causation": [ "0", "0", "0", "0", "0", "0", "0", "0", "0", "0", "0", "0", "0", "0", "0", "0", "0", "1", "1", "0", "0", "0", "0", "0" ], "duration": 389.0, "sum": 2 }, "geometry": { "type": "Point", "coordinates": [ -122.276125083233396, 47.687197799639371 ] } },
{ "type": "Feature", "properties": { "lat": 47.687239430620359, "lon": -122.27689827236328, "time_of_day": "Late Night", "causation": [ "0", "0", "0", "0", "0", "0", "0", "0", "0", "0", "0", "0", "0", "0", "0", "0", "0", "1", "0", "0", "0", "0", "0", "0" ], "duration": 3.0, "sum": 1 }, "geometry": { "type": "Point", "coordinates": [ -122.276898272363283, 47.687239430620359 ] } },
{ "type": "Feature", "properties": { "lat": 47.687239430620359, "lon": -122.27689827236328, "time_of_day": "Morning", "causation": [ "0", "0", "0", "0", "0", "0", "0", "0", "0", "0", "0", "0", "0", "0", "0", "0", "0", "1", "1", "0", "0", "0", "0", "0" ], "duration": 389.0, "sum": 2 }, "geometry": { "type": "Point", "coordinates": [ -122.276898272363283, 47.687239430620359 ] } },
{ "type": "Feature", "properties": { "lat": 47.687271306527151, "lon": -122.27746503448419, "time_of_day": "Late Night", "causation": [ "0", "0", "0", "0", "0", "0", "0", "0", "0", "0", "0", "0", "0", "0", "0", "0", "0", "1", "0", "0", "0", "0", "0", "0" ], "duration": 3.0, "sum": 1 }, "geometry": { "type": "Point", "coordinates": [ -122.277465034484194, 47.687271306527151 ] } },
{ "type": "Feature", "properties": { "lat": 47.687271306527151, "lon": -122.27746503448419, "time_of_day": "Morning", "causation": [ "0", "0", "0", "0", "0", "0", "0", "0", "0", "0", "0", "0", "0", "0", "0", "0", "0", "1", "1", "0", "0", "0", "0", "0" ], "duration": 389.0, "sum": 2 }, "geometry": { "type": "Point", "coordinates": [ -122.277465034484194, 47.687271306527151 ] } },
{ "type": "Feature", "properties": { "lat": 47.68729037135882, "lon": -122.27385363082035, "time_of_day": "Late Night", "causation": [ "0", "0", "0", "0", "0", "0", "0", "0", "0", "0", "0", "0", "0", "0", "0", "0", "0", "1", "0", "0", "0", "0", "0", "0" ], "duration": 3.0, "sum": 1 }, "geometry": { "type": "Point", "coordinates": [ -122.273853630820355, 47.68729037135882 ] } },
{ "type": "Feature", "properties": { "lat": 47.68729037135882, "lon": -122.27385363082035, "time_of_day": "Morning", "causation": [ "0", "0", "0", "0", "0", "0", "0", "0", "0", "0", "0", "0", "0", "0", "0", "0", "0", "1", "1", "0", "0", "0", "0", "0" ], "duration": 389.0, "sum": 2 }, "geometry": { "type": "Point", "coordinates": [ -122.273853630820355, 47.68729037135882 ] } },
{ "type": "Feature", "properties": { "lat": 47.687295619755247, "lon": -122.27631649955435, "time_of_day": "Late Night", "causation": [ "0", "0", "0", "0", "0", "0", "0", "0", "0", "0", "0", "0", "0", "0", "0", "0", "0", "1", "0", "0", "0", "0", "0", "0" ], "duration": 3.0, "sum": 1 }, "geometry": { "type": "Point", "coordinates": [ -122.276316499554355, 47.687295619755247 ] } },
{ "type": "Feature", "properties": { "lat": 47.687295619755247, "lon": -122.27631649955435, "time_of_day": "Morning", "causation": [ "0", "0", "0", "0", "0", "0", "0", "0", "0", "0", "0", "0", "0", "0", "0", "0", "0", "1", "1", "0", "0", "0", "0", "0" ], "duration": 389.0, "sum": 2 }, "geometry": { "type": "Point", "coordinates": [ -122.276316499554355, 47.687295619755247 ] } },
{ "type": "Feature", "properties": { "lat": 47.687340067828451, "lon": -122.27565931590502, "time_of_day": "Late Night", "causation": [ "0", "0", "0", "0", "0", "0", "0", "0", "0", "0", "0", "0", "0", "0", "0", "0", "0", "3", "0", "0", "0", "0", "0", "0" ], "duration": 6.0, "sum": 3 }, "geometry": { "type": "Point", "coordinates": [ -122.275659315905017, 47.687340067828451 ] } },
{ "type": "Feature", "properties": { "lat": 47.687340067828451, "lon": -122.27565931590502, "time_of_day": "Morning", "causation": [ "0", "0", "0", "0", "0", "0", "0", "0", "0", "0", "0", "0", "0", "0", "0", "0", "0", "1", "1", "0", "0", "0", "0", "0" ], "duration": 389.0, "sum": 2 }, "geometry": { "type": "Point", "coordinates": [ -122.275659315905017, 47.687340067828451 ] } },
{ "type": "Feature", "properties": { "lat": 47.687341073858988, "lon": -122.2732896958064, "time_of_day": "Late Night", "causation": [ "0", "0", "0", "0", "0", "0", "0", "0", "0", "0", "0", "0", "0", "0", "0", "0", "0", "1", "0", "0", "0", "0", "0", "0" ], "duration": 3.0, "sum": 1 }, "geometry": { "type": "Point", "coordinates": [ -122.273289695806398, 47.687341073858988 ] } },
{ "type": "Feature", "properties": { "lat": 47.687341073858988, "lon": -122.2732896958064, "time_of_day": "Morning", "causation": [ "0", "0", "0", "0", "0", "0", "0", "0", "0", "0", "0", "0", "0", "0", "0", "0", "0", "1", "1", "0", "0", "0", "0", "0" ], "duration": 389.0, "sum": 2 }, "geometry": { "type": "Point", "coordinates": [ -122.273289695806398, 47.687341073858988 ] } },
{ "type": "Feature", "properties": { "lat": 47.6873517020557, "lon": -122.27502718534276, "time_of_day": "Late Night", "causation": [ "0", "0", "0", "0", "0", "0", "0", "0", "0", "0", "0", "0", "0", "0", "0", "0", "0", "3", "0", "0", "0", "0", "0", "0" ], "duration": 6.0, "sum": 3 }, "geometry": { "type": "Point", "coordinates": [ -122.275027185342765, 47.6873517020557 ] } },
{ "type": "Feature", "properties": { "lat": 47.6873517020557, "lon": -122.27502718534276, "time_of_day": "Morning", "causation": [ "0", "0", "0", "0", "0", "0", "0", "0", "0", "0", "0", "0", "0", "0", "0", "0", "0", "1", "1", "0", "0", "0", "0", "0" ], "duration": 389.0, "sum": 2 }, "geometry": { "type": "Point", "coordinates": [ -122.275027185342765, 47.6873517020557 ] } },
{ "type": "Feature", "properties": { "lat": 47.687363773358399, "lon": -122.27451834372684, "time_of_day": "Late Night", "causation": [ "0", "0", "0", "0", "0", "0", "0", "0", "0", "0", "0", "0", "0", "0", "0", "0", "0", "1", "0", "0", "0", "0", "0", "0" ], "duration": 3.0, "sum": 1 }, "geometry": { "type": "Point", "coordinates": [ -122.274518343726839, 47.687363773358399 ] } },
{ "type": "Feature", "properties": { "lat": 47.687363773358399, "lon": -122.27451834372684, "time_of_day": "Morning", "causation": [ "0", "0", "0", "0", "0", "0", "0", "0", "0", "0", "0", "0", "0", "0", "0", "0", "0", "1", "1", "0", "0", "0", "0", "0" ], "duration": 389.0, "sum": 2 }, "geometry": { "type": "Point", "coordinates": [ -122.274518343726839, 47.687363773358399 ] } },
{ "type": "Feature", "properties": { "lat": 47.687421921927488, "lon": -122.27685780907662, "time_of_day": "Late Night", "causation": [ "0", "0", "0", "0", "0", "0", "0", "0", "0", "0", "0", "0", "0", "0", "0", "0", "0", "1", "0", "0", "0", "0", "0", "0" ], "duration": 3.0, "sum": 1 }, "geometry": { "type": "Point", "coordinates": [ -122.276857809076617, 47.687421921927488 ] } },
{ "type": "Feature", "properties": { "lat": 47.687421921927488, "lon": -122.27685780907662, "time_of_day": "Morning", "causation": [ "0", "0", "0", "0", "0", "0", "0", "0", "0", "0", "0", "0", "0", "0", "0", "0", "0", "1", "1", "0", "0", "0", "0", "0" ], "duration": 389.0, "sum": 2 }, "geometry": { "type": "Point", "coordinates": [ -122.276857809076617, 47.687421921927488 ] } },
{ "type": "Feature", "properties": { "lat": 47.687458004253095, "lon": -122.27744384885504, "time_of_day": "Late Night", "causation": [ "0", "0", "0", "0", "0", "0", "0", "0", "0", "0", "0", "0", "0", "0", "0", "0", "0", "1", "0", "0", "0", "0", "0", "0" ], "duration": 3.0, "sum": 1 }, "geometry": { "type": "Point", "coordinates": [ -122.277443848855043, 47.687458004253095 ] } },
{ "type": "Feature", "properties": { "lat": 47.687458004253095, "lon": -122.27744384885504, "time_of_day": "Morning", "causation": [ "0", "0", "0", "0", "0", "0", "0", "0", "0", "0", "0", "0", "0", "0", "0", "0", "0", "1", "1", "0", "0", "0", "0", "0" ], "duration": 389.0, "sum": 2 }, "geometry": { "type": "Point", "coordinates": [ -122.277443848855043, 47.687458004253095 ] } },
{ "type": "Feature", "properties": { "lat": 47.687487667433878, "lon": -122.27621230158702, "time_of_day": "Late Night", "causation": [ "0", "0", "0", "0", "0", "0", "0", "0", "0", "0", "0", "0", "0", "0", "0", "0", "0", "1", "0", "0", "0", "0", "0", "0" ], "duration": 3.0, "sum": 1 }, "geometry": { "type": "Point", "coordinates": [ -122.276212301587023, 47.687487667433878 ] } },
{ "type": "Feature", "properties": { "lat": 47.687487667433878, "lon": -122.27621230158702, "time_of_day": "Morning", "causation": [ "0", "0", "0", "0", "0", "0", "0", "0", "0", "0", "0", "0", "0", "0", "0", "0", "0", "1", "1", "0", "0", "0", "0", "0" ], "duration": 389.0, "sum": 2 }, "geometry": { "type": "Point", "coordinates": [ -122.276212301587023, 47.687487667433878 ] } },
{ "type": "Feature", "properties": { "lat": 47.687497023526078, "lon": -122.27325404345844, "time_of_day": "Late Night", "causation": [ "0", "0", "0", "0", "0", "0", "0", "0", "0", "0", "0", "0", "0", "0", "0", "0", "0", "1", "0", "0", "0", "0", "0", "0" ], "duration": 3.0, "sum": 1 }, "geometry": { "type": "Point", "coordinates": [ -122.273254043458437, 47.687497023526078 ] } },
{ "type": "Feature", "properties": { "lat": 47.687497023526078, "lon": -122.27325404345844, "time_of_day": "Morning", "causation": [ "0", "0", "0", "0", "0", "0", "0", "0", "0", "0", "0", "0", "0", "0", "0", "0", "0", "1", "1", "0", "0", "0", "0", "0" ], "duration": 389.0, "sum": 2 }, "geometry": { "type": "Point", "coordinates": [ -122.273254043458437, 47.687497023526078 ] } },
{ "type": "Feature", "properties": { "lat": 47.687509057369141, "lon": -122.27501253084996, "time_of_day": "Late Night", "causation": [ "0", "0", "0", "0", "0", "0", "0", "0", "0", "0", "0", "0", "0", "0", "0", "0", "0", "3", "0", "0", "0", "0", "0", "0" ], "duration": 6.0, "sum": 3 }, "geometry": { "type": "Point", "coordinates": [ -122.275012530849963, 47.687509057369141 ] } },
{ "type": "Feature", "properties": { "lat": 47.687509057369141, "lon": -122.27501253084996, "time_of_day": "Morning", "causation": [ "0", "0", "0", "0", "0", "0", "0", "0", "0", "0", "0", "0", "0", "0", "0", "0", "0", "1", "1", "0", "0", "0", "0", "0" ], "duration": 389.0, "sum": 2 }, "geometry": { "type": "Point", "coordinates": [ -122.275012530849963, 47.687509057369141 ] } },
{ "type": "Feature", "properties": { "lat": 47.687514821316846, "lon": -122.27454401096932, "time_of_day": "Late Night", "causation": [ "0", "0", "0", "0", "0", "0", "0", "0", "0", "0", "0", "0", "0", "0", "0", "0", "0", "1", "0", "0", "0", "0", "0", "0" ], "duration": 3.0, "sum": 1 }, "geometry": { "type": "Point", "coordinates": [ -122.274544010969322, 47.687514821316846 ] } },
{ "type": "Feature", "properties": { "lat": 47.687514821316846, "lon": -122.27454401096932, "time_of_day": "Morning", "causation": [ "0", "0", "0", "0", "0", "0", "0", "0", "0", "0", "0", "0", "0", "0", "0", "0", "0", "1", "1", "0", "0", "0", "0", "0" ], "duration": 389.0, "sum": 2 }, "geometry": { "type": "Point", "coordinates": [ -122.274544010969322, 47.687514821316846 ] } },
{ "type": "Feature", "properties": { "lat": 47.687533560877583, "lon": -122.27572571277696, "time_of_day": "Late Night", "causation": [ "0", "0", "0", "0", "0", "0", "0", "0", "0", "0", "0", "0", "0", "0", "0", "0", "0", "3", "0", "0", "0", "0", "0", "0" ], "duration": 6.0, "sum": 3 }, "geometry": { "type": "Point", "coordinates": [ -122.275725712776961, 47.687533560877583 ] } },
{ "type": "Feature", "properties": { "lat": 47.687533560877583, "lon": -122.27572571277696, "time_of_day": "Morning", "causation": [ "0", "0", "0", "0", "0", "0", "0", "0", "0", "0", "0", "0", "0", "0", "0", "0", "0", "1", "1", "0", "0", "0", "0", "0" ], "duration": 389.0, "sum": 2 }, "geometry": { "type": "Point", "coordinates": [ -122.275725712776961, 47.687533560877583 ] } },
{ "type": "Feature", "properties": { "lat": 47.687551944378271, "lon": -122.27393033868118, "time_of_day": "Late Night", "causation": [ "0", "0", "0", "0", "0", "0", "0", "0", "0", "0", "0", "0", "0", "0", "0", "0", "0", "1", "0", "0", "0", "0", "0", "0" ], "duration": 3.0, "sum": 1 }, "geometry": { "type": "Point", "coordinates": [ -122.273930338681183, 47.687551944378271 ] } },
{ "type": "Feature", "properties": { "lat": 47.687551944378271, "lon": -122.27393033868118, "time_of_day": "Morning", "causation": [ "0", "0", "0", "0", "0", "0", "0", "0", "0", "0", "0", "0", "0", "0", "0", "0", "0", "1", "1", "0", "0", "0", "0", "0" ], "duration": 389.0, "sum": 2 }, "geometry": { "type": "Point", "coordinates": [ -122.273930338681183, 47.687551944378271 ] } },
{ "type": "Feature", "properties": { "lat": 47.687593905619572, "lon": -122.27683187954636, "time_of_day": "Late Night", "causation": [ "0", "0", "0", "0", "0", "0", "0", "0", "0", "0", "0", "0", "0", "0", "0", "0", "0", "1", "0", "0", "0", "0", "0", "0" ], "duration": 3.0, "sum": 1 }, "geometry": { "type": "Point", "coordinates": [ -122.276831879546364, 47.687593905619572 ] } },
{ "type": "Feature", "properties": { "lat": 47.687593905619572, "lon": -122.27683187954636, "time_of_day": "Morning", "causation": [ "0", "0", "0", "0", "0", "0", "0", "0", "0", "0", "0", "0", "0", "0", "0", "0", "0", "1", "1", "0", "0", "0", "0", "0" ], "duration": 389.0, "sum": 2 }, "geometry": { "type": "Point", "coordinates": [ -122.276831879546364, 47.687593905619572 ] } },
{ "type": "Feature", "properties": { "lat": 47.687614377330704, "lon": -122.27741882336858, "time_of_day": "Late Night", "causation": [ "0", "0", "0", "0", "0", "0", "0", "0", "0", "0", "0", "0", "0", "0", "0", "0", "0", "1", "0", "0", "0", "0", "0", "0" ], "duration": 3.0, "sum": 1 }, "geometry": { "type": "Point", "coordinates": [ -122.277418823368578, 47.687614377330704 ] } },
{ "type": "Feature", "properties": { "lat": 47.687614377330704, "lon": -122.27741882336858, "time_of_day": "Morning", "causation": [ "0", "0", "0", "0", "0", "0", "0", "0", "0", "0", "0", "0", "0", "0", "0", "0", "0", "1", "1", "0", "0", "0", "0", "0" ], "duration": 389.0, "sum": 2 }, "geometry": { "type": "Point", "coordinates": [ -122.277418823368578, 47.687614377330704 ] } },
{ "type": "Feature", "properties": { "lat": 47.687643878584289, "lon": -122.2733796245265, "time_of_day": "Late Night", "causation": [ "0", "0", "0", "0", "0", "0", "0", "0", "0", "0", "0", "0", "0", "0", "0", "0", "0", "1", "0", "0", "0", "0", "0", "0" ], "duration": 3.0, "sum": 1 }, "geometry": { "type": "Point", "coordinates": [ -122.273379624526498, 47.687643878584289 ] } },
{ "type": "Feature", "properties": { "lat": 47.687643878584289, "lon": -122.2733796245265, "time_of_day": "Morning", "causation": [ "0", "0", "0", "0", "0", "0", "0", "0", "0", "0", "0", "0", "0", "0", "0", "0", "0", "1", "1", "0", "0", "0", "0", "0" ], "duration": 389.0, "sum": 2 }, "geometry": { "type": "Point", "coordinates": [ -122.273379624526498, 47.687643878584289 ] } },
{ "type": "Feature", "properties": { "lat": 47.687677422978425, "lon": -122.27495351297161, "time_of_day": "Late Night", "causation": [ "0", "0", "0", "0", "0", "0", "0", "0", "0", "0", "0", "0", "0", "0", "0", "0", "0", "1", "0", "0", "0", "0", "0", "0" ], "duration": 3.0, "sum": 1 }, "geometry": { "type": "Point", "coordinates": [ -122.274953512971607, 47.687677422978425 ] } },
{ "type": "Feature", "properties": { "lat": 47.687677422978425, "lon": -122.27495351297161, "time_of_day": "Morning", "causation": [ "0", "0", "0", "0", "0", "0", "0", "0", "0", "0", "0", "0", "0", "0", "0", "0", "0", "1", "1", "0", "0", "0", "0", "0" ], "duration": 389.0, "sum": 2 }, "geometry": { "type": "Point", "coordinates": [ -122.274953512971607, 47.687677422978425 ] } },
{ "type": "Feature", "properties": { "lat": 47.687690195338057, "lon": -122.27465974354598, "time_of_day": "Late Night", "causation": [ "0", "0", "0", "0", "0", "0", "0", "0", "0", "0", "0", "0", "0", "0", "0", "0", "0", "1", "0", "0", "0", "0", "0", "0" ], "duration": 3.0, "sum": 1 }, "geometry": { "type": "Point", "coordinates": [ -122.274659743545982, 47.687690195338057 ] } },
{ "type": "Feature", "properties": { "lat": 47.687690195338057, "lon": -122.27465974354598, "time_of_day": "Morning", "causation": [ "0", "0", "0", "0", "0", "0", "0", "0", "0", "0", "0", "0", "0", "0", "0", "0", "0", "1", "1", "0", "0", "0", "0", "0" ], "duration": 389.0, "sum": 2 }, "geometry": { "type": "Point", "coordinates": [ -122.274659743545982, 47.687690195338057 ] } },
{ "type": "Feature", "properties": { "lat": 47.687702609932927, "lon": -122.27569986041593, "time_of_day": "Late Night", "causation": [ "0", "0", "0", "0", "0", "0", "0", "0", "0", "0", "0", "0", "0", "0", "0", "0", "0", "1", "0", "0", "0", "0", "0", "0" ], "duration": 3.0, "sum": 1 }, "geometry": { "type": "Point", "coordinates": [ -122.275699860415926, 47.687702609932927 ] } },
{ "type": "Feature", "properties": { "lat": 47.687702609932927, "lon": -122.27569986041593, "time_of_day": "Morning", "causation": [ "0", "0", "0", "0", "0", "0", "0", "0", "0", "0", "0", "0", "0", "0", "0", "0", "0", "1", "1", "0", "0", "0", "0", "0" ], "duration": 389.0, "sum": 2 }, "geometry": { "type": "Point", "coordinates": [ -122.275699860415926, 47.687702609932927 ] } },
{ "type": "Feature", "properties": { "lat": 47.687787376999097, "lon": -122.27729522071952, "time_of_day": "Late Night", "causation": [ "0", "0", "0", "0", "0", "0", "0", "0", "0", "0", "0", "0", "0", "0", "0", "0", "0", "1", "0", "0", "0", "0", "0", "0" ], "duration": 3.0, "sum": 1 }, "geometry": { "type": "Point", "coordinates": [ -122.277295220719523, 47.687787376999097 ] } },
{ "type": "Feature", "properties": { "lat": 47.687787376999097, "lon": -122.27729522071952, "time_of_day": "Morning", "causation": [ "0", "0", "0", "0", "0", "0", "0", "0", "0", "0", "0", "0", "0", "0", "0", "0", "0", "1", "1", "0", "0", "0", "0", "0" ], "duration": 389.0, "sum": 2 }, "geometry": { "type": "Point", "coordinates": [ -122.277295220719523, 47.687787376999097 ] } },
{ "type": "Feature", "properties": { "lat": 47.687825559103445, "lon": -122.27584672989612, "time_of_day": "Late Night", "causation": [ "0", "0", "0", "0", "0", "0", "0", "0", "0", "0", "0", "0", "0", "0", "0", "0", "0", "1", "0", "0", "0", "0", "0", "0" ], "duration": 3.0, "sum": 1 }, "geometry": { "type": "Point", "coordinates": [ -122.275846729896116, 47.687825559103445 ] } },
{ "type": "Feature", "properties": { "lat": 47.687825559103445, "lon": -122.27584672989612, "time_of_day": "Morning", "causation": [ "0", "0", "0", "0", "0", "0", "0", "0", "0", "0", "0", "0", "0", "0", "0", "0", "0", "1", "1", "0", "0", "0", "0", "0" ], "duration": 389.0, "sum": 2 }, "geometry": { "type": "Point", "coordinates": [ -122.275846729896116, 47.687825559103445 ] } },
{ "type": "Feature", "properties": { "lat": 47.687854956265909, "lon": -122.27509572281625, "time_of_day": "Late Night", "causation": [ "0", "0", "0", "0", "0", "0", "0", "0", "0", "0", "0", "0", "0", "0", "0", "0", "0", "1", "0", "0", "0", "0", "0", "0" ], "duration": 3.0, "sum": 1 }, "geometry": { "type": "Point", "coordinates": [ -122.275095722816246, 47.687854956265909 ] } },
{ "type": "Feature", "properties": { "lat": 47.687854956265909, "lon": -122.27509572281625, "time_of_day": "Morning", "causation": [ "0", "0", "0", "0", "0", "0", "0", "0", "0", "0", "0", "0", "0", "0", "0", "0", "0", "1", "1", "0", "0", "0", "0", "0" ], "duration": 389.0, "sum": 2 }, "geometry": { "type": "Point", "coordinates": [ -122.275095722816246, 47.687854956265909 ] } },
{ "type": "Feature", "properties": { "lat": 47.687874808261981, "lon": -122.27348885698616, "time_of_day": "Late Night", "causation": [ "0", "0", "0", "0", "0", "0", "0", "0", "0", "0", "0", "0", "0", "0", "0", "0", "0", "1", "0", "0", "0", "0", "0", "0" ], "duration": 3.0, "sum": 1 }, "geometry": { "type": "Point", "coordinates": [ -122.273488856986162, 47.687874808261981 ] } },
{ "type": "Feature", "properties": { "lat": 47.687874808261981, "lon": -122.27348885698616, "time_of_day": "Morning", "causation": [ "0", "0", "0", "0", "0", "0", "0", "0", "0", "0", "0", "0", "0", "0", "0", "0", "0", "1", "1", "0", "0", "0", "0", "0" ], "duration": 389.0, "sum": 2 }, "geometry": { "type": "Point", "coordinates": [ -122.273488856986162, 47.687874808261981 ] } },
{ "type": "Feature", "properties": { "lat": 47.687908866040679, "lon": -122.2741890777653, "time_of_day": "Late Night", "causation": [ "0", "0", "0", "0", "0", "0", "0", "0", "0", "0", "0", "0", "0", "0", "0", "0", "0", "1", "0", "0", "0", "0", "0", "0" ], "duration": 3.0, "sum": 1 }, "geometry": { "type": "Point", "coordinates": [ -122.2741890777653, 47.687908866040679 ] } },
{ "type": "Feature", "properties": { "lat": 47.687908866040679, "lon": -122.2741890777653, "time_of_day": "Morning", "causation": [ "0", "0", "0", "0", "0", "0", "0", "0", "0", "0", "0", "0", "0", "0", "0", "0", "0", "1", "1", "0", "0", "0", "0", "0" ], "duration": 389.0, "sum": 2 }, "geometry": { "type": "Point", "coordinates": [ -122.2741890777653, 47.687908866040679 ] } },
{ "type": "Feature", "properties": { "lat": 47.687940983565959, "lon": -122.27651603923231, "time_of_day": "Late Night", "causation": [ "0", "0", "0", "0", "0", "0", "0", "0", "0", "0", "0", "0", "0", "0", "0", "0", "0", "1", "0", "0", "0", "0", "0", "0" ], "duration": 3.0, "sum": 1 }, "geometry": { "type": "Point", "coordinates": [ -122.276516039232305, 47.687940983565959 ] } },
{ "type": "Feature", "properties": { "lat": 47.687940983565959, "lon": -122.27651603923231, "time_of_day": "Morning", "causation": [ "0", "0", "0", "0", "0", "0", "0", "0", "0", "0", "0", "0", "0", "0", "0", "0", "0", "1", "1", "0", "0", "0", "0", "0" ], "duration": 389.0, "sum": 2 }, "geometry": { "type": "Point", "coordinates": [ -122.276516039232305, 47.687940983565959 ] } },
{ "type": "Feature", "properties": { "lat": 47.688027988714232, "lon": -122.27635517000336, "time_of_day": "Late Night", "causation": [ "0", "0", "0", "0", "0", "0", "0", "0", "0", "0", "0", "0", "0", "0", "0", "0", "0", "1", "0", "0", "0", "0", "0", "0" ], "duration": 3.0, "sum": 1 }, "geometry": { "type": "Point", "coordinates": [ -122.276355170003356, 47.688027988714232 ] } },
{ "type": "Feature", "properties": { "lat": 47.688027988714232, "lon": -122.27635517000336, "time_of_day": "Morning", "causation": [ "0", "0", "0", "0", "0", "0", "0", "0", "0", "0", "0", "0", "0", "0", "0", "0", "0", "1", "1", "0", "0", "0", "0", "0" ], "duration": 389.0, "sum": 2 }, "geometry": { "type": "Point", "coordinates": [ -122.276355170003356, 47.688027988714232 ] } },
{ "type": "Feature", "properties": { "lat": 47.688047738358847, "lon": -122.27708651374503, "time_of_day": "Late Night", "causation": [ "0", "0", "0", "0", "0", "0", "0", "0", "0", "0", "0", "0", "0", "0", "0", "0", "0", "1", "0", "0", "0", "0", "0", "0" ], "duration": 3.0, "sum": 1 }, "geometry": { "type": "Point", "coordinates": [ -122.277086513745033, 47.688047738358847 ] } },
{ "type": "Feature", "properties": { "lat": 47.688047738358847, "lon": -122.27708651374503, "time_of_day": "Morning", "causation": [ "0", "0", "0", "0", "0", "0", "0", "0", "0", "0", "0", "0", "0", "0", "0", "0", "0", "1", "1", "0", "0", "0", "0", "0" ], "duration": 389.0, "sum": 2 }, "geometry": { "type": "Point", "coordinates": [ -122.277086513745033, 47.688047738358847 ] } },
{ "type": "Feature", "properties": { "lat": 47.688108748647572, "lon": -122.27620719863783, "time_of_day": "Late Night", "causation": [ "0", "0", "0", "0", "0", "0", "0", "0", "0", "0", "0", "0", "0", "0", "0", "0", "0", "1", "0", "0", "0", "0", "0", "0" ], "duration": 3.0, "sum": 1 }, "geometry": { "type": "Point", "coordinates": [ -122.276207198637834, 47.688108748647572 ] } },
{ "type": "Feature", "properties": { "lat": 47.688108748647572, "lon": -122.27620719863783, "time_of_day": "Morning", "causation": [ "0", "0", "0", "0", "0", "0", "0", "0", "0", "0", "0", "0", "0", "0", "0", "0", "0", "1", "1", "0", "0", "0", "0", "0" ], "duration": 389.0, "sum": 2 }, "geometry": { "type": "Point", "coordinates": [ -122.276207198637834, 47.688108748647572 ] } },
{ "type": "Feature", "properties": { "lat": 47.688117506786583, "lon": -122.27377939581103, "time_of_day": "Late Night", "causation": [ "0", "0", "0", "0", "0", "0", "0", "0", "0", "0", "0", "0", "0", "0", "0", "0", "0", "1", "0", "0", "0", "0", "0", "0" ], "duration": 3.0, "sum": 1 }, "geometry": { "type": "Point", "coordinates": [ -122.273779395811033, 47.688117506786583 ] } },
{ "type": "Feature", "properties": { "lat": 47.688117506786583, "lon": -122.27377939581103, "time_of_day": "Morning", "causation": [ "0", "0", "0", "0", "0", "0", "0", "0", "0", "0", "0", "0", "0", "0", "0", "0", "0", "1", "1", "0", "0", "0", "0", "0" ], "duration": 389.0, "sum": 2 }, "geometry": { "type": "Point", "coordinates": [ -122.273779395811033, 47.688117506786583 ] } },
{ "type": "Feature", "properties": { "lat": 47.688135033932227, "lon": -122.27463793618888, "time_of_day": "Late Night", "causation": [ "0", "0", "0", "0", "0", "0", "0", "0", "0", "0", "0", "0", "0", "0", "0", "0", "0", "2", "0", "0", "0", "0", "0", "0" ], "duration": 6.0, "sum": 2 }, "geometry": { "type": "Point", "coordinates": [ -122.274637936188881, 47.688135033932227 ] } },
{ "type": "Feature", "properties": { "lat": 47.688135033932227, "lon": -122.27463793618888, "time_of_day": "Morning", "causation": [ "0", "0", "0", "0", "0", "0", "0", "0", "0", "0", "0", "0", "0", "0", "0", "0", "0", "2", "2", "0", "0", "0", "0", "0" ], "duration": 778.0, "sum": 4 }, "geometry": { "type": "Point", "coordinates": [ -122.274637936188881, 47.688135033932227 ] } },
{ "type": "Feature", "properties": { "lat": 47.688192153765662, "lon": -122.27691193492052, "time_of_day": "Late Night", "causation": [ "0", "0", "0", "0", "0", "0", "0", "0", "0", "0", "0", "0", "0", "0", "0", "0", "0", "1", "0", "0", "0", "0", "0", "0" ], "duration": 3.0, "sum": 1 }, "geometry": { "type": "Point", "coordinates": [ -122.27691193492052, 47.688192153765662 ] } },
{ "type": "Feature", "properties": { "lat": 47.688192153765662, "lon": -122.27691193492052, "time_of_day": "Morning", "causation": [ "0", "0", "0", "0", "0", "0", "0", "0", "0", "0", "0", "0", "0", "0", "0", "0", "0", "1", "1", "0", "0", "0", "0", "0" ], "duration": 389.0, "sum": 2 }, "geometry": { "type": "Point", "coordinates": [ -122.27691193492052, 47.688192153765662 ] } },
{ "type": "Feature", "properties": { "lat": 47.688226123156923, "lon": -122.27589106470568, "time_of_day": "Late Night", "causation": [ "0", "0", "0", "0", "0", "0", "0", "0", "0", "0", "0", "0", "0", "0", "0", "0", "0", "1", "0", "0", "0", "0", "0", "0" ], "duration": 3.0, "sum": 1 }, "geometry": { "type": "Point", "coordinates": [ -122.275891064705675, 47.688226123156923 ] } },
{ "type": "Feature", "properties": { "lat": 47.688226123156923, "lon": -122.27589106470568, "time_of_day": "Morning", "causation": [ "0", "0", "0", "0", "0", "0", "0", "0", "0", "0", "0", "0", "0", "0", "0", "0", "0", "1", "1", "0", "0", "0", "0", "0" ], "duration": 389.0, "sum": 2 }, "geometry": { "type": "Point", "coordinates": [ -122.275891064705675, 47.688226123156923 ] } },
{ "type": "Feature", "properties": { "lat": 47.688229297024847, "lon": -122.27485709148624, "time_of_day": "Late Night", "causation": [ "0", "0", "0", "0", "0", "0", "0", "0", "0", "0", "0", "0", "0", "0", "0", "0", "0", "1", "0", "0", "0", "0", "0", "0" ], "duration": 3.0, "sum": 1 }, "geometry": { "type": "Point", "coordinates": [ -122.27485709148624, 47.688229297024847 ] } },
{ "type": "Feature", "properties": { "lat": 47.688229297024847, "lon": -122.27485709148624, "time_of_day": "Morning", "causation": [ "0", "0", "0", "0", "0", "0", "0", "0", "0", "0", "0", "0", "0", "0", "0", "0", "0", "1", "1", "0", "0", "0", "0", "0" ], "duration": 389.0, "sum": 2 }, "geometry": { "type": "Point", "coordinates": [ -122.27485709148624, 47.688229297024847 ] } },
{ "type": "Feature", "properties": { "lat": 47.688241100077192, "lon": -122.27387906022727, "time_of_day": "Late Night", "causation": [ "0", "0", "0", "0", "0", "0", "0", "0", "0", "0", "0", "0", "0", "0", "0", "0", "0", "1", "0", "0", "0", "0", "0", "0" ], "duration": 3.0, "sum": 1 }, "geometry": { "type": "Point", "coordinates": [ -122.273879060227273, 47.688241100077192 ] } },
{ "type": "Feature", "properties": { "lat": 47.688241100077192, "lon": -122.27387906022727, "time_of_day": "Morning", "causation": [ "0", "0", "0", "0", "0", "0", "0", "0", "0", "0", "0", "0", "0", "0", "0", "0", "0", "1", "1", "0", "0", "0", "0", "0" ], "duration": 389.0, "sum": 2 }, "geometry": { "type": "Point", "coordinates": [ -122.273879060227273, 47.688241100077192 ] } },
{ "type": "Feature", "properties": { "lat": 47.688272939358377, "lon": -122.27569368351898, "time_of_day": "Late Night", "causation": [ "0", "0", "0", "0", "0", "0", "0", "0", "0", "0", "0", "0", "0", "0", "0", "0", "0", "1", "0", "0", "0", "0", "0", "0" ], "duration": 3.0, "sum": 1 }, "geometry": { "type": "Point", "coordinates": [ -122.27569368351898, 47.688272939358377 ] } },
{ "type": "Feature", "properties": { "lat": 47.688272939358377, "lon": -122.27569368351898, "time_of_day": "Morning", "causation": [ "0", "0", "0", "0", "0", "0", "0", "0", "0", "0", "0", "0", "0", "0", "0", "0", "0", "1", "1", "0", "0", "0", "0", "0" ], "duration": 389.0, "sum": 2 }, "geometry": { "type": "Point", "coordinates": [ -122.27569368351898, 47.688272939358377 ] } },
{ "type": "Feature", "properties": { "lat": 47.688292201031302, "lon": -122.27508918023128, "time_of_day": "Late Night", "causation": [ "0", "0", "0", "0", "0", "0", "0", "0", "0", "0", "0", "0", "0", "0", "0", "0", "0", "1", "0", "0", "0", "0", "0", "0" ], "duration": 3.0, "sum": 1 }, "geometry": { "type": "Point", "coordinates": [ -122.275089180231276, 47.688292201031302 ] } },
{ "type": "Feature", "properties": { "lat": 47.688292201031302, "lon": -122.27508918023128, "time_of_day": "Morning", "causation": [ "0", "0", "0", "0", "0", "0", "0", "0", "0", "0", "0", "0", "0", "0", "0", "0", "0", "1", "1", "0", "0", "0", "0", "0" ], "duration": 389.0, "sum": 2 }, "geometry": { "type": "Point", "coordinates": [ -122.275089180231276, 47.688292201031302 ] } },
{ "type": "Feature", "properties": { "lat": 47.688307513352669, "lon": -122.27671540714393, "time_of_day": "Late Night", "causation": [ "0", "0", "0", "0", "0", "0", "0", "0", "0", "0", "0", "0", "0", "0", "0", "0", "0", "1", "0", "0", "0", "0", "0", "0" ], "duration": 3.0, "sum": 1 }, "geometry": { "type": "Point", "coordinates": [ -122.276715407143925, 47.688307513352669 ] } },
{ "type": "Feature", "properties": { "lat": 47.688307513352669, "lon": -122.27671540714393, "time_of_day": "Morning", "causation": [ "0", "0", "0", "0", "0", "0", "0", "0", "0", "0", "0", "0", "0", "0", "0", "0", "0", "1", "1", "0", "0", "0", "0", "0" ], "duration": 389.0, "sum": 2 }, "geometry": { "type": "Point", "coordinates": [ -122.276715407143925, 47.688307513352669 ] } },
{ "type": "Feature", "properties": { "lat": 47.688322382780186, "lon": -122.27410960264464, "time_of_day": "Late Night", "causation": [ "0", "0", "0", "0", "0", "0", "0", "0", "0", "0", "0", "0", "0", "0", "0", "0", "0", "1", "0", "0", "0", "0", "0", "0" ], "duration": 3.0, "sum": 1 }, "geometry": { "type": "Point", "coordinates": [ -122.274109602644643, 47.688322382780186 ] } },
{ "type": "Feature", "properties": { "lat": 47.688322382780186, "lon": -122.27410960264464, "time_of_day": "Morning", "causation": [ "0", "0", "0", "0", "0", "0", "0", "0", "0", "0", "0", "0", "0", "0", "0", "0", "0", "1", "1", "0", "0", "0", "0", "0" ], "duration": 389.0, "sum": 2 }, "geometry": { "type": "Point", "coordinates": [ -122.274109602644643, 47.688322382780186 ] } },
{ "type": "Feature", "properties": { "lat": 47.688414794757563, "lon": -122.27654442839172, "time_of_day": "Late Night", "causation": [ "0", "0", "0", "0", "0", "0", "0", "0", "0", "0", "0", "0", "0", "0", "0", "0", "0", "1", "0", "0", "0", "0", "0", "0" ], "duration": 3.0, "sum": 1 }, "geometry": { "type": "Point", "coordinates": [ -122.276544428391716, 47.688414794757563 ] } },
{ "type": "Feature", "properties": { "lat": 47.688414794757563, "lon": -122.27654442839172, "time_of_day": "Morning", "causation": [ "0", "0", "0", "0", "0", "0", "0", "0", "0", "0", "0", "0", "0", "0", "0", "0", "0", "1", "1", "0", "0", "0", "0", "0" ], "duration": 389.0, "sum": 2 }, "geometry": { "type": "Point", "coordinates": [ -122.276544428391716, 47.688414794757563 ] } },
{ "type": "Feature", "properties": { "lat": 47.688419122317683, "lon": -122.27422492939318, "time_of_day": "Late Night", "causation": [ "0", "0", "0", "0", "0", "0", "0", "0", "0", "0", "0", "0", "0", "0", "0", "0", "0", "1", "0", "0", "0", "0", "0", "0" ], "duration": 3.0, "sum": 1 }, "geometry": { "type": "Point", "coordinates": [ -122.274224929393185, 47.688419122317683 ] } },
{ "type": "Feature", "properties": { "lat": 47.688419122317683, "lon": -122.27422492939318, "time_of_day": "Morning", "causation": [ "0", "0", "0", "0", "0", "0", "0", "0", "0", "0", "0", "0", "0", "0", "0", "0", "0", "1", "1", "0", "0", "0", "0", "0" ], "duration": 389.0, "sum": 2 }, "geometry": { "type": "Point", "coordinates": [ -122.274224929393185, 47.688419122317683 ] } },
{ "type": "Feature", "properties": { "lat": 47.688467176439282, "lon": -122.276363692784, "time_of_day": "Late Night", "causation": [ "0", "0", "0", "0", "0", "0", "0", "0", "0", "0", "0", "0", "0", "0", "0", "0", "0", "1", "0", "0", "0", "0", "0", "0" ], "duration": 3.0, "sum": 1 }, "geometry": { "type": "Point", "coordinates": [ -122.276363692784003, 47.688467176439282 ] } },
{ "type": "Feature", "properties": { "lat": 47.688467176439282, "lon": -122.276363692784, "time_of_day": "Morning", "causation": [ "0", "0", "0", "0", "0", "0", "0", "0", "0", "0", "0", "0", "0", "0", "0", "0", "0", "1", "1", "0", "0", "0", "0", "0" ], "duration": 389.0, "sum": 2 }, "geometry": { "type": "Point", "coordinates": [ -122.276363692784003, 47.688467176439282 ] } },
{ "type": "Feature", "properties": { "lat": 47.68850311673561, "lon": -122.27448823021052, "time_of_day": "Late Night", "causation": [ "0", "0", "0", "0", "0", "0", "0", "0", "0", "0", "0", "0", "0", "0", "0", "0", "0", "1", "0", "0", "0", "0", "0", "0" ], "duration": 3.0, "sum": 1 }, "geometry": { "type": "Point", "coordinates": [ -122.274488230210522, 47.68850311673561 ] } },
{ "type": "Feature", "properties": { "lat": 47.68850311673561, "lon": -122.27448823021052, "time_of_day": "Morning", "causation": [ "0", "0", "0", "0", "0", "0", "0", "0", "0", "0", "0", "0", "0", "0", "0", "0", "0", "1", "1", "0", "0", "0", "0", "0" ], "duration": 389.0, "sum": 2 }, "geometry": { "type": "Point", "coordinates": [ -122.274488230210522, 47.68850311673561 ] } },
{ "type": "Feature", "properties": { "lat": 47.688582605245855, "lon": -122.27613322799138, "time_of_day": "Late Night", "causation": [ "0", "0", "0", "0", "0", "0", "0", "0", "0", "0", "0", "0", "0", "0", "0", "0", "0", "1", "0", "0", "0", "0", "0", "0" ], "duration": 3.0, "sum": 1 }, "geometry": { "type": "Point", "coordinates": [ -122.27613322799138, 47.688582605245855 ] } },
{ "type": "Feature", "properties": { "lat": 47.688582605245855, "lon": -122.27613322799138, "time_of_day": "Morning", "causation": [ "0", "0", "0", "0", "0", "0", "0", "0", "0", "0", "0", "0", "0", "0", "0", "0", "0", "1", "1", "0", "0", "0", "0", "0" ], "duration": 389.0, "sum": 2 }, "geometry": { "type": "Point", "coordinates": [ -122.27613322799138, 47.688582605245855 ] } },
{ "type": "Feature", "properties": { "lat": 47.688596178236907, "lon": -122.27466060875317, "time_of_day": "Late Night", "causation": [ "0", "0", "0", "0", "0", "0", "0", "0", "0", "0", "0", "0", "0", "0", "0", "0", "0", "1", "0", "0", "0", "0", "0", "0" ], "duration": 3.0, "sum": 1 }, "geometry": { "type": "Point", "coordinates": [ -122.274660608753166, 47.688596178236907 ] } },
{ "type": "Feature", "properties": { "lat": 47.688596178236907, "lon": -122.27466060875317, "time_of_day": "Morning", "causation": [ "0", "0", "0", "0", "0", "0", "0", "0", "0", "0", "0", "0", "0", "0", "0", "0", "0", "1", "1", "0", "0", "0", "0", "0" ], "duration": 389.0, "sum": 2 }, "geometry": { "type": "Point", "coordinates": [ -122.274660608753166, 47.688596178236907 ] } },
{ "type": "Feature", "properties": { "lat": 47.68861580975706, "lon": -122.27596891308062, "time_of_day": "Late Night", "causation": [ "0", "0", "0", "0", "0", "0", "0", "0", "0", "0", "0", "0", "0", "0", "0", "0", "0", "2", "0", "0", "0", "0", "0", "0" ], "duration": 6.0, "sum": 2 }, "geometry": { "type": "Point", "coordinates": [ -122.275968913080618, 47.68861580975706 ] } },
{ "type": "Feature", "properties": { "lat": 47.68861580975706, "lon": -122.27596891308062, "time_of_day": "Morning", "causation": [ "0", "0", "0", "0", "0", "0", "0", "0", "0", "0", "0", "0", "0", "0", "0", "0", "0", "2", "2", "0", "0", "0", "0", "0" ], "duration": 778.0, "sum": 4 }, "geometry": { "type": "Point", "coordinates": [ -122.275968913080618, 47.68861580975706 ] } },
{ "type": "Feature", "properties": { "lat": 47.688657601309551, "lon": -122.27488689947543, "time_of_day": "Late Night", "causation": [ "0", "0", "0", "0", "0", "0", "0", "0", "0", "0", "0", "0", "0", "0", "0", "0", "0", "1", "0", "0", "0", "0", "0", "0" ], "duration": 3.0, "sum": 1 }, "geometry": { "type": "Point", "coordinates": [ -122.274886899475433, 47.688657601309551 ] } },
{ "type": "Feature", "properties": { "lat": 47.688657601309551, "lon": -122.27488689947543, "time_of_day": "Morning", "causation": [ "0", "0", "0", "0", "0", "0", "0", "0", "0", "0", "0", "0", "0", "0", "0", "0", "0", "1", "1", "0", "0", "0", "0", "0" ], "duration": 389.0, "sum": 2 }, "geometry": { "type": "Point", "coordinates": [ -122.274886899475433, 47.688657601309551 ] } },
{ "type": "Feature", "properties": { "lat": 47.688658099276097, "lon": -122.27515925599316, "time_of_day": "Late Night", "causation": [ "0", "0", "0", "0", "0", "0", "0", "0", "0", "0", "0", "0", "0", "0", "0", "0", "0", "1", "0", "0", "0", "0", "0", "0" ], "duration": 3.0, "sum": 1 }, "geometry": { "type": "Point", "coordinates": [ -122.275159255993159, 47.688658099276097 ] } },
{ "type": "Feature", "properties": { "lat": 47.688658099276097, "lon": -122.27515925599316, "time_of_day": "Morning", "causation": [ "0", "0", "0", "0", "0", "0", "0", "0", "0", "0", "0", "0", "0", "0", "0", "0", "0", "1", "1", "0", "0", "0", "0", "0" ], "duration": 389.0, "sum": 2 }, "geometry": { "type": "Point", "coordinates": [ -122.275159255993159, 47.688658099276097 ] } },
{ "type": "Feature", "properties": { "lat": 47.688674909733919, "lon": -122.27565203903733, "time_of_day": "Late Night", "causation": [ "0", "0", "0", "0", "0", "0", "0", "0", "0", "0", "0", "0", "0", "0", "0", "0", "0", "1", "0", "0", "0", "0", "0", "0" ], "duration": 3.0, "sum": 1 }, "geometry": { "type": "Point", "coordinates": [ -122.275652039037325, 47.688674909733919 ] } },
{ "type": "Feature", "properties": { "lat": 47.688674909733919, "lon": -122.27565203903733, "time_of_day": "Morning", "causation": [ "0", "0", "0", "0", "0", "0", "0", "0", "0", "0", "0", "0", "0", "0", "0", "0", "0", "1", "1", "0", "0", "0", "0", "0" ], "duration": 389.0, "sum": 2 }, "geometry": { "type": "Point", "coordinates": [ -122.275652039037325, 47.688674909733919 ] } },
{ "type": "Feature", "properties": { "lat": 47.688681855502921, "lon": -122.27661109489851, "time_of_day": "Late Night", "causation": [ "0", "0", "0", "0", "0", "0", "0", "0", "0", "0", "0", "0", "0", "0", "0", "0", "0", "1", "0", "0", "0", "0", "0", "0" ], "duration": 3.0, "sum": 1 }, "geometry": { "type": "Point", "coordinates": [ -122.276611094898513, 47.688681855502921 ] } },
{ "type": "Feature", "properties": { "lat": 47.688681855502921, "lon": -122.27661109489851, "time_of_day": "Morning", "causation": [ "0", "0", "0", "0", "0", "0", "0", "0", "0", "0", "0", "0", "0", "0", "0", "0", "0", "1", "1", "0", "0", "0", "0", "0" ], "duration": 389.0, "sum": 2 }, "geometry": { "type": "Point", "coordinates": [ -122.276611094898513, 47.688681855502921 ] } },
{ "type": "Feature", "properties": { "lat": 47.688835132538962, "lon": -122.36757872678189, "time_of_day": "Late Night", "causation": [ "0", "0", "0", "0", "0", "0", "0", "0", "1", "0", "0", "0", "0", "0", "0", "0", "0", "0", "0", "0", "0", "0", "0", "0" ], "duration": 60.0, "sum": 1 }, "geometry": { "type": "Point", "coordinates": [ -122.367578726781886, 47.688835132538962 ] } },
{ "type": "Feature", "properties": { "lat": 47.688835804908642, "lon": -122.36682836600244, "time_of_day": "Late Night", "causation": [ "0", "0", "0", "0", "0", "0", "0", "0", "1", "0", "0", "0", "0", "0", "0", "0", "0", "0", "0", "0", "0", "0", "0", "0" ], "duration": 60.0, "sum": 1 }, "geometry": { "type": "Point", "coordinates": [ -122.366828366002437, 47.688835804908642 ] } },
{ "type": "Feature", "properties": { "lat": 47.688950151031072, "lon": -122.36657416034048, "time_of_day": "Late Night", "causation": [ "0", "0", "0", "0", "0", "0", "0", "0", "1", "0", "0", "0", "0", "0", "0", "0", "0", "0", "0", "0", "0", "0", "0", "0" ], "duration": 60.0, "sum": 1 }, "geometry": { "type": "Point", "coordinates": [ -122.366574160340477, 47.688950151031072 ] } },
{ "type": "Feature", "properties": { "lat": 47.688951989647059, "lon": -122.36806844513102, "time_of_day": "Late Night", "causation": [ "0", "0", "0", "0", "0", "0", "0", "0", "1", "0", "0", "0", "0", "0", "0", "0", "0", "0", "0", "0", "0", "0", "0", "0" ], "duration": 60.0, "sum": 1 }, "geometry": { "type": "Point", "coordinates": [ -122.368068445131016, 47.688951989647059 ] } },
{ "type": "Feature", "properties": { "lat": 47.688962341088121, "lon": -122.36697893418288, "time_of_day": "Late Night", "causation": [ "0", "0", "0", "0", "0", "0", "0", "0", "1", "0", "0", "0", "0", "0", "0", "0", "0", "0", "0", "0", "0", "0", "0", "0" ], "duration": 60.0, "sum": 1 }, "geometry": { "type": "Point", "coordinates": [ -122.366978934182882, 47.688962341088121 ] } },
{ "type": "Feature", "properties": { "lat": 47.688963194619831, "lon": -122.36757151130514, "time_of_day": "Late Night", "causation": [ "0", "0", "0", "0", "0", "0", "0", "0", "1", "0", "0", "0", "0", "0", "0", "0", "0", "0", "0", "0", "0", "0", "0", "0" ], "duration": 60.0, "sum": 1 }, "geometry": { "type": "Point", "coordinates": [ -122.367571511305144, 47.688963194619831 ] } },
{ "type": "Feature", "properties": { "lat": 47.689228174889251, "lon": -122.36627607526241, "time_of_day": "Late Night", "causation": [ "0", "0", "0", "0", "0", "0", "0", "0", "2", "0", "0", "0", "0", "0", "0", "0", "0", "0", "0", "0", "0", "0", "0", "0" ], "duration": 120.0, "sum": 2 }, "geometry": { "type": "Point", "coordinates": [ -122.366276075262405, 47.689228174889251 ] } },
{ "type": "Feature", "properties": { "lat": 47.689230977736806, "lon": -122.36659714057078, "time_of_day": "Late Night", "causation": [ "0", "0", "0", "0", "0", "0", "0", "0", "1", "0", "0", "0", "0", "0", "0", "0", "0", "0", "0", "0", "0", "0", "0", "0" ], "duration": 60.0, "sum": 1 }, "geometry": { "type": "Point", "coordinates": [ -122.366597140570775, 47.689230977736806 ] } },
{ "type": "Feature", "properties": { "lat": 47.689233850253238, "lon": -122.36645052117191, "time_of_day": "Late Night", "causation": [ "0", "0", "0", "0", "0", "0", "0", "0", "1", "0", "0", "0", "0", "0", "0", "0", "0", "0", "0", "0", "0", "0", "0", "0" ], "duration": 60.0, "sum": 1 }, "geometry": { "type": "Point", "coordinates": [ -122.366450521171913, 47.689233850253238 ] } },
{ "type": "Feature", "properties": { "lat": 47.68923386776477, "lon": -122.36652565046759, "time_of_day": "Late Night", "causation": [ "0", "0", "0", "0", "0", "0", "0", "0", "1", "0", "0", "0", "0", "0", "0", "0", "0", "0", "0", "0", "0", "0", "0", "0" ], "duration": 60.0, "sum": 1 }, "geometry": { "type": "Point", "coordinates": [ -122.366525650467594, 47.68923386776477 ] } },
{ "type": "Feature", "properties": { "lat": 47.689278234836067, "lon": -122.36808155046002, "time_of_day": "Late Night", "causation": [ "0", "0", "0", "0", "0", "0", "0", "0", "1", "0", "0", "0", "0", "0", "0", "0", "0", "0", "0", "0", "0", "0", "0", "0" ], "duration": 60.0, "sum": 1 }, "geometry": { "type": "Point", "coordinates": [ -122.368081550460019, 47.689278234836067 ] } },
{ "type": "Feature", "properties": { "lat": 47.689306295168983, "lon": -122.36679825992395, "time_of_day": "Late Night", "causation": [ "0", "0", "0", "0", "0", "0", "0", "0", "1", "0", "0", "0", "0", "0", "0", "0", "0", "0", "0", "0", "0", "0", "0", "0" ], "duration": 60.0, "sum": 1 }, "geometry": { "type": "Point", "coordinates": [ -122.366798259923954, 47.689306295168983 ] } },
{ "type": "Feature", "properties": { "lat": 47.69453409879943, "lon": -122.33615564309618, "time_of_day": "Afternoon", "causation": [ "0", "0", "0", "0", "0", "0", "0", "0", "0", "0", "0", "0", "0", "0", "1", "0", "0", "0", "0", "0", "0", "0", "0", "0" ], "duration": 1478.0, "sum": 1 }, "geometry": { "type": "Point", "coordinates": [ -122.336155643096177, 47.69453409879943 ] } },
{ "type": "Feature", "properties": { "lat": 47.694667129026897, "lon": -122.33622227269694, "time_of_day": "Afternoon", "causation": [ "0", "0", "0", "0", "0", "0", "0", "0", "0", "0", "0", "0", "0", "0", "1", "0", "0", "0", "0", "0", "0", "0", "0", "0" ], "duration": 1478.0, "sum": 1 }, "geometry": { "type": "Point", "coordinates": [ -122.336222272696943, 47.694667129026897 ] } },
{ "type": "Feature", "properties": { "lat": 47.6947859503099, "lon": -122.33618531530919, "time_of_day": "Afternoon", "causation": [ "0", "0", "0", "0", "0", "0", "0", "0", "0", "0", "0", "0", "0", "0", "1", "0", "0", "0", "0", "0", "0", "0", "0", "0" ], "duration": 1478.0, "sum": 1 }, "geometry": { "type": "Point", "coordinates": [ -122.336185315309194, 47.6947859503099 ] } },
{ "type": "Feature", "properties": { "lat": 47.69491651660978, "lon": -122.33620590272641, "time_of_day": "Afternoon", "causation": [ "0", "0", "0", "0", "0", "0", "0", "0", "0", "0", "0", "0", "0", "0", "1", "0", "0", "0", "0", "0", "0", "0", "0", "0" ], "duration": 1478.0, "sum": 1 }, "geometry": { "type": "Point", "coordinates": [ -122.336205902726405, 47.69491651660978 ] } },
{ "type": "Feature", "properties": { "lat": 47.695106257197033, "lon": -122.33621884459669, "time_of_day": "Afternoon", "causation": [ "0", "0", "0", "0", "0", "0", "0", "0", "0", "0", "0", "0", "0", "0", "1", "0", "0", "0", "0", "0", "0", "0", "0", "0" ], "duration": 1478.0, "sum": 1 }, "geometry": { "type": "Point", "coordinates": [ -122.336218844596686, 47.695106257197033 ] } },
{ "type": "Feature", "properties": { "lat": 47.695259224058269, "lon": -122.33610667368626, "time_of_day": "Afternoon", "causation": [ "0", "0", "0", "0", "0", "0", "0", "0", "0", "0", "0", "0", "0", "0", "1", "0", "0", "0", "0", "0", "0", "0", "0", "0" ], "duration": 1478.0, "sum": 1 }, "geometry": { "type": "Point", "coordinates": [ -122.33610667368626, 47.695259224058269 ] } },
{ "type": "Feature", "properties": { "lat": 47.695373521749843, "lon": -122.33609330370534, "time_of_day": "Afternoon", "causation": [ "0", "0", "0", "0", "0", "0", "0", "0", "0", "0", "0", "0", "0", "0", "1", "0", "0", "0", "0", "0", "0", "0", "0", "0" ], "duration": 1478.0, "sum": 1 }, "geometry": { "type": "Point", "coordinates": [ -122.33609330370534, 47.695373521749843 ] } },
{ "type": "Feature", "properties": { "lat": 47.695516725241966, "lon": -122.33614430754372, "time_of_day": "Afternoon", "causation": [ "0", "0", "0", "0", "0", "0", "0", "0", "0", "0", "0", "0", "0", "0", "1", "0", "0", "0", "0", "0", "0", "0", "0", "0" ], "duration": 1478.0, "sum": 1 }, "geometry": { "type": "Point", "coordinates": [ -122.336144307543719, 47.695516725241966 ] } },
{ "type": "Feature", "properties": { "lat": 47.695672472743126, "lon": -122.33610217507218, "time_of_day": "Afternoon", "causation": [ "0", "0", "0", "0", "0", "0", "0", "0", "0", "0", "0", "0", "0", "0", "1", "0", "0", "0", "0", "0", "0", "0", "0", "0" ], "duration": 1478.0, "sum": 1 }, "geometry": { "type": "Point", "coordinates": [ -122.336102175072185, 47.695672472743126 ] } },
{ "type": "Feature", "properties": { "lat": 47.696125923359418, "lon": -122.33685233301416, "time_of_day": "Afternoon", "causation": [ "0", "0", "0", "0", "0", "0", "0", "0", "0", "0", "0", "0", "0", "0", "1", "0", "0", "0", "0", "0", "0", "0", "0", "0" ], "duration": 1478.0, "sum": 1 }, "geometry": { "type": "Point", "coordinates": [ -122.336852333014164, 47.696125923359418 ] } },
{ "type": "Feature", "properties": { "lat": 47.696249772416287, "lon": -122.33603283991968, "time_of_day": "Afternoon", "causation": [ "0", "0", "0", "0", "0", "0", "0", "0", "0", "0", "0", "0", "0", "0", "1", "0", "0", "0", "0", "0", "0", "0", "0", "0" ], "duration": 1478.0, "sum": 1 }, "geometry": { "type": "Point", "coordinates": [ -122.336032839919682, 47.696249772416287 ] } },
{ "type": "Feature", "properties": { "lat": 47.696368069782793, "lon": -122.33686291555968, "time_of_day": "Afternoon", "causation": [ "0", "0", "0", "0", "0", "0", "0", "0", "0", "0", "0", "0", "0", "0", "1", "0", "0", "0", "0", "0", "0", "0", "0", "0" ], "duration": 1478.0, "sum": 1 }, "geometry": { "type": "Point", "coordinates": [ -122.336862915559678, 47.696368069782793 ] } },
{ "type": "Feature", "properties": { "lat": 47.696370271863117, "lon": -122.33617850798136, "time_of_day": "Afternoon", "causation": [ "0", "0", "0", "0", "0", "0", "0", "0", "0", "0", "0", "0", "0", "0", "1", "0", "0", "0", "0", "0", "0", "0", "0", "0" ], "duration": 1478.0, "sum": 1 }, "geometry": { "type": "Point", "coordinates": [ -122.336178507981359, 47.696370271863117 ] } },
{ "type": "Feature", "properties": { "lat": 47.696526367936336, "lon": -122.33683844895739, "time_of_day": "Afternoon", "causation": [ "0", "0", "0", "0", "0", "0", "0", "0", "0", "0", "0", "0", "0", "0", "1", "0", "0", "0", "0", "0", "0", "0", "0", "0" ], "duration": 1478.0, "sum": 1 }, "geometry": { "type": "Point", "coordinates": [ -122.336838448957394, 47.696526367936336 ] } },
{ "type": "Feature", "properties": { "lat": 47.69660929207344, "lon": -122.3275476841264, "time_of_day": "Afternoon", "causation": [ "0", "0", "0", "0", "0", "0", "0", "0", "0", "0", "0", "0", "0", "0", "1", "0", "0", "0", "0", "0", "0", "0", "0", "0" ], "duration": 1478.0, "sum": 1 }, "geometry": { "type": "Point", "coordinates": [ -122.327547684126401, 47.69660929207344 ] } },
{ "type": "Feature", "properties": { "lat": 47.696630452541811, "lon": -122.33622462389152, "time_of_day": "Afternoon", "causation": [ "0", "0", "0", "0", "0", "0", "0", "0", "0", "0", "0", "0", "0", "0", "1", "0", "0", "0", "0", "0", "0", "0", "0", "0" ], "duration": 1478.0, "sum": 1 }, "geometry": { "type": "Point", "coordinates": [ -122.336224623891525, 47.696630452541811 ] } },
{ "type": "Feature", "properties": { "lat": 47.696688888815579, "lon": -122.336845532826, "time_of_day": "Afternoon", "causation": [ "0", "0", "0", "0", "0", "0", "0", "0", "0", "0", "0", "0", "0", "0", "1", "0", "0", "0", "0", "0", "0", "0", "0", "0" ], "duration": 1478.0, "sum": 1 }, "geometry": { "type": "Point", "coordinates": [ -122.336845532826004, 47.696688888815579 ] } },
{ "type": "Feature", "properties": { "lat": 47.696721122900392, "lon": -122.32811915369255, "time_of_day": "Afternoon", "causation": [ "0", "0", "0", "0", "0", "0", "0", "0", "0", "0", "0", "0", "0", "0", "1", "0", "0", "0", "0", "0", "0", "0", "0", "0" ], "duration": 1478.0, "sum": 1 }, "geometry": { "type": "Point", "coordinates": [ -122.328119153692555, 47.696721122900392 ] } },
{ "type": "Feature", "properties": { "lat": 47.696728218842296, "lon": -122.3361930468033, "time_of_day": "Afternoon", "causation": [ "0", "0", "0", "0", "0", "0", "0", "0", "0", "0", "0", "0", "0", "0", "1", "0", "0", "0", "0", "0", "0", "0", "0", "0" ], "duration": 1478.0, "sum": 1 }, "geometry": { "type": "Point", "coordinates": [ -122.336193046803302, 47.696728218842296 ] } },
{ "type": "Feature", "properties": { "lat": 47.696810884421879, "lon": -122.33679560526204, "time_of_day": "Afternoon", "causation": [ "0", "0", "0", "0", "0", "0", "0", "0", "0", "0", "0", "0", "0", "0", "1", "0", "0", "0", "0", "0", "0", "0", "0", "0" ], "duration": 1478.0, "sum": 1 }, "geometry": { "type": "Point", "coordinates": [ -122.33679560526204, 47.696810884421879 ] } },
{ "type": "Feature", "properties": { "lat": 47.696827530052566, "lon": -122.33616464576625, "time_of_day": "Afternoon", "causation": [ "0", "0", "0", "0", "0", "0", "0", "0", "0", "0", "0", "0", "0", "0", "1", "0", "0", "0", "0", "0", "0", "0", "0", "0" ], "duration": 1478.0, "sum": 1 }, "geometry": { "type": "Point", "coordinates": [ -122.336164645766246, 47.696827530052566 ] } },
{ "type": "Feature", "properties": { "lat": 47.696945955770502, "lon": -122.3282904461468, "time_of_day": "Afternoon", "causation": [ "0", "0", "0", "0", "0", "0", "0", "0", "0", "0", "0", "0", "0", "0", "1", "0", "0", "0", "0", "0", "0", "0", "0", "0" ], "duration": 1478.0, "sum": 1 }, "geometry": { "type": "Point", "coordinates": [ -122.328290446146795, 47.696945955770502 ] } },
{ "type": "Feature", "properties": { "lat": 47.696954820355572, "lon": -122.33680536386311, "time_of_day": "Afternoon", "causation": [ "0", "0", "0", "0", "0", "0", "0", "0", "0", "0", "0", "0", "0", "0", "1", "0", "0", "0", "0", "0", "0", "0", "0", "0" ], "duration": 1478.0, "sum": 1 }, "geometry": { "type": "Point", "coordinates": [ -122.336805363863107, 47.696954820355572 ] } },
{ "type": "Feature", "properties": { "lat": 47.696959100491128, "lon": -122.3279167895509, "time_of_day": "Afternoon", "causation": [ "0", "0", "0", "0", "0", "0", "0", "0", "0", "0", "0", "0", "0", "0", "1", "0", "0", "0", "0", "0", "0", "0", "0", "0" ], "duration": 1478.0, "sum": 1 }, "geometry": { "type": "Point", "coordinates": [ -122.327916789550898, 47.696959100491128 ] } },
{ "type": "Feature", "properties": { "lat": 47.696966373876428, "lon": -122.32804446742516, "time_of_day": "Afternoon", "causation": [ "0", "0", "0", "0", "0", "0", "0", "0", "0", "0", "0", "0", "0", "0", "1", "0", "0", "0", "0", "0", "0", "0", "0", "0" ], "duration": 1478.0, "sum": 1 }, "geometry": { "type": "Point", "coordinates": [ -122.328044467425158, 47.696966373876428 ] } },
{ "type": "Feature", "properties": { "lat": 47.696968563863486, "lon": -122.32812787405604, "time_of_day": "Afternoon", "causation": [ "0", "0", "0", "0", "0", "0", "0", "0", "0", "0", "0", "0", "0", "0", "1", "0", "0", "0", "0", "0", "0", "0", "0", "0" ], "duration": 1478.0, "sum": 1 }, "geometry": { "type": "Point", "coordinates": [ -122.328127874056037, 47.696968563863486 ] } },
{ "type": "Feature", "properties": { "lat": 47.696970919084833, "lon": -122.3281812622506, "time_of_day": "Afternoon", "causation": [ "0", "0", "0", "0", "0", "0", "0", "0", "0", "0", "0", "0", "0", "0", "1", "0", "0", "0", "0", "0", "0", "0", "0", "0" ], "duration": 1478.0, "sum": 1 }, "geometry": { "type": "Point", "coordinates": [ -122.328181262250595, 47.696970919084833 ] } },
{ "type": "Feature", "properties": { "lat": 47.696975003440883, "lon": -122.33635617169897, "time_of_day": "Afternoon", "causation": [ "0", "0", "0", "0", "0", "0", "0", "0", "0", "0", "0", "0", "0", "0", "1", "0", "0", "0", "0", "0", "0", "0", "0", "0" ], "duration": 1478.0, "sum": 1 }, "geometry": { "type": "Point", "coordinates": [ -122.336356171698966, 47.696975003440883 ] } },
{ "type": "Feature", "properties": { "lat": 47.696992910708822, "lon": -122.3276582069484, "time_of_day": "Afternoon", "causation": [ "0", "0", "0", "0", "0", "0", "0", "0", "0", "0", "0", "0", "0", "0", "3", "0", "0", "0", "0", "0", "0", "0", "0", "0" ], "duration": 4434.0, "sum": 3 }, "geometry": { "type": "Point", "coordinates": [ -122.327658206948399, 47.696992910708822 ] } },
{ "type": "Feature", "properties": { "lat": 47.697064497644277, "lon": -122.3278851562976, "time_of_day": "Afternoon", "causation": [ "0", "0", "0", "0", "0", "0", "0", "0", "0", "0", "0", "0", "0", "0", "1", "0", "0", "0", "0", "0", "0", "0", "0", "0" ], "duration": 1478.0, "sum": 1 }, "geometry": { "type": "Point", "coordinates": [ -122.327885156297597, 47.697064497644277 ] } },
{ "type": "Feature", "properties": { "lat": 47.697075877023437, "lon": -122.33682489051776, "time_of_day": "Afternoon", "causation": [ "0", "0", "0", "0", "0", "0", "0", "0", "0", "0", "0", "0", "0", "0", "1", "0", "0", "0", "0", "0", "0", "0", "0", "0" ], "duration": 1478.0, "sum": 1 }, "geometry": { "type": "Point", "coordinates": [ -122.336824890517761, 47.697075877023437 ] } },
{ "type": "Feature", "properties": { "lat": 47.697085160490843, "lon": -122.3281095808761, "time_of_day": "Afternoon", "causation": [ "0", "0", "0", "0", "0", "0", "0", "0", "0", "0", "0", "0", "0", "0", "2", "0", "0", "0", "0", "0", "0", "0", "0", "0" ], "duration": 2956.0, "sum": 2 }, "geometry": { "type": "Point", "coordinates": [ -122.328109580876102, 47.697085160490843 ] } },
{ "type": "Feature", "properties": { "lat": 47.697117981468473, "lon": -122.32765758069873, "time_of_day": "Afternoon", "causation": [ "0", "0", "0", "0", "0", "0", "0", "0", "0", "0", "0", "0", "0", "0", "3", "0", "0", "0", "0", "0", "0", "0", "0", "0" ], "duration": 4434.0, "sum": 3 }, "geometry": { "type": "Point", "coordinates": [ -122.327657580698727, 47.697117981468473 ] } },
{ "type": "Feature", "properties": { "lat": 47.697123800006231, "lon": -122.32789447794242, "time_of_day": "Afternoon", "causation": [ "0", "0", "0", "0", "0", "0", "0", "0", "0", "0", "0", "0", "0", "0", "1", "0", "0", "0", "0", "0", "0", "0", "0", "0" ], "duration": 1478.0, "sum": 1 }, "geometry": { "type": "Point", "coordinates": [ -122.327894477942422, 47.697123800006231 ] } },
{ "type": "Feature", "properties": { "lat": 47.697143132336059, "lon": -122.33616774058842, "time_of_day": "Afternoon", "causation": [ "0", "0", "0", "0", "0", "0", "0", "0", "0", "0", "0", "0", "0", "0", "1", "0", "0", "0", "0", "0", "0", "0", "0", "0" ], "duration": 1478.0, "sum": 1 }, "geometry": { "type": "Point", "coordinates": [ -122.336167740588422, 47.697143132336059 ] } },
{ "type": "Feature", "properties": { "lat": 47.69720736439352, "lon": -122.3281322964569, "time_of_day": "Afternoon", "causation": [ "0", "0", "0", "0", "0", "0", "0", "0", "0", "0", "0", "0", "0", "0", "1", "0", "0", "0", "0", "0", "0", "0", "0", "0" ], "duration": 1478.0, "sum": 1 }, "geometry": { "type": "Point", "coordinates": [ -122.3281322964569, 47.69720736439352 ] } },
{ "type": "Feature", "properties": { "lat": 47.697236247671178, "lon": -122.33683226148356, "time_of_day": "Afternoon", "causation": [ "0", "0", "0", "0", "0", "0", "0", "0", "0", "0", "0", "0", "0", "0", "1", "0", "0", "0", "0", "0", "0", "0", "0", "0" ], "duration": 1478.0, "sum": 1 }, "geometry": { "type": "Point", "coordinates": [ -122.336832261483565, 47.697236247671178 ] } },
{ "type": "Feature", "properties": { "lat": 47.697244463958448, "lon": -122.32790979722854, "time_of_day": "Afternoon", "causation": [ "0", "0", "0", "0", "0", "0", "0", "0", "0", "0", "0", "0", "0", "0", "3", "0", "0", "0", "0", "0", "0", "0", "0", "0" ], "duration": 4434.0, "sum": 3 }, "geometry": { "type": "Point", "coordinates": [ -122.327909797228543, 47.697244463958448 ] } },
{ "type": "Feature", "properties": { "lat": 47.697254856240441, "lon": -122.3362125880317, "time_of_day": "Afternoon", "causation": [ "0", "0", "0", "0", "0", "0", "0", "0", "0", "0", "0", "0", "0", "0", "1", "0", "0", "0", "0", "0", "0", "0", "0", "0" ], "duration": 1478.0, "sum": 1 }, "geometry": { "type": "Point", "coordinates": [ -122.3362125880317, 47.697254856240441 ] } },
{ "type": "Feature", "properties": { "lat": 47.697381487122371, "lon": -122.33679791223494, "time_of_day": "Afternoon", "causation": [ "0", "0", "0", "0", "0", "0", "0", "0", "0", "0", "0", "0", "0", "0", "1", "0", "0", "0", "0", "0", "0", "0", "0", "0" ], "duration": 1478.0, "sum": 1 }, "geometry": { "type": "Point", "coordinates": [ -122.336797912234942, 47.697381487122371 ] } },
{ "type": "Feature", "properties": { "lat": 47.69742609379459, "lon": -122.33617247839584, "time_of_day": "Afternoon", "causation": [ "0", "0", "0", "0", "0", "0", "0", "0", "0", "0", "0", "0", "0", "0", "1", "0", "0", "0", "0", "0", "0", "0", "0", "0" ], "duration": 1478.0, "sum": 1 }, "geometry": { "type": "Point", "coordinates": [ -122.336172478395838, 47.69742609379459 ] } },
{ "type": "Feature", "properties": { "lat": 47.697514657059685, "lon": -122.33682145727708, "time_of_day": "Afternoon", "causation": [ "0", "0", "0", "0", "0", "0", "0", "0", "0", "0", "0", "0", "0", "0", "2", "0", "0", "0", "0", "0", "0", "0", "0", "0" ], "duration": 2956.0, "sum": 2 }, "geometry": { "type": "Point", "coordinates": [ -122.336821457277082, 47.697514657059685 ] } },
{ "type": "Feature", "properties": { "lat": 47.697590643804944, "lon": -122.33581833237338, "time_of_day": "Afternoon", "causation": [ "0", "0", "0", "0", "0", "0", "0", "0", "0", "0", "0", "0", "0", "0", "1", "0", "0", "0", "0", "0", "0", "0", "0", "0" ], "duration": 1478.0, "sum": 1 }, "geometry": { "type": "Point", "coordinates": [ -122.335818332373378, 47.697590643804944 ] } },
{ "type": "Feature", "properties": { "lat": 47.697594573953332, "lon": -122.3362059465134, "time_of_day": "Afternoon", "causation": [ "0", "0", "0", "0", "0", "0", "0", "0", "0", "0", "0", "0", "0", "0", "1", "0", "0", "0", "0", "0", "0", "0", "0", "0" ], "duration": 1478.0, "sum": 1 }, "geometry": { "type": "Point", "coordinates": [ -122.336205946513402, 47.697594573953332 ] } },
{ "type": "Feature", "properties": { "lat": 47.697625115718282, "lon": -122.33732441880667, "time_of_day": "Afternoon", "causation": [ "0", "0", "0", "0", "0", "0", "0", "0", "0", "0", "0", "0", "0", "0", "1", "0", "0", "0", "0", "0", "0", "0", "0", "0" ], "duration": 1478.0, "sum": 1 }, "geometry": { "type": "Point", "coordinates": [ -122.337324418806674, 47.697625115718282 ] } },
{ "type": "Feature", "properties": { "lat": 47.697643709821683, "lon": -122.33681039587678, "time_of_day": "Afternoon", "causation": [ "0", "0", "0", "0", "0", "0", "0", "0", "0", "0", "0", "0", "0", "0", "2", "0", "0", "0", "0", "0", "0", "0", "0", "0" ], "duration": 2956.0, "sum": 2 }, "geometry": { "type": "Point", "coordinates": [ -122.336810395876782, 47.697643709821683 ] } },
{ "type": "Feature", "properties": { "lat": 47.697929525717683, "lon": -122.33619789572384, "time_of_day": "Afternoon", "causation": [ "0", "0", "0", "0", "0", "0", "0", "0", "0", "0", "0", "0", "0", "0", "1", "0", "0", "0", "0", "0", "0", "0", "0", "0" ], "duration": 1478.0, "sum": 1 }, "geometry": { "type": "Point", "coordinates": [ -122.336197895723842, 47.697929525717683 ] } },
{ "type": "Feature", "properties": { "lat": 47.697941854822687, "lon": -122.33674859577276, "time_of_day": "Afternoon", "causation": [ "0", "0", "0", "0", "0", "0", "0", "0", "0", "0", "0", "0", "0", "0", "2", "0", "0", "0", "0", "0", "0", "0", "0", "0" ], "duration": 2956.0, "sum": 2 }, "geometry": { "type": "Point", "coordinates": [ -122.336748595772761, 47.697941854822687 ] } },
{ "type": "Feature", "properties": { "lat": 47.698080863470793, "lon": -122.33679493346088, "time_of_day": "Afternoon", "causation": [ "0", "0", "0", "0", "0", "0", "0", "0", "0", "0", "0", "0", "0", "0", "1", "0", "0", "0", "0", "0", "0", "0", "0", "0" ], "duration": 1478.0, "sum": 1 }, "geometry": { "type": "Point", "coordinates": [ -122.33679493346088, 47.698080863470793 ] } },
{ "type": "Feature", "properties": { "lat": 47.698093168585487, "lon": -122.3362278165508, "time_of_day": "Afternoon", "causation": [ "0", "0", "0", "0", "0", "0", "0", "0", "0", "0", "0", "0", "0", "0", "1", "0", "0", "0", "0", "0", "0", "0", "0", "0" ], "duration": 1478.0, "sum": 1 }, "geometry": { "type": "Point", "coordinates": [ -122.336227816550803, 47.698093168585487 ] } },
{ "type": "Feature", "properties": { "lat": 47.69819599853961, "lon": -122.33624930882104, "time_of_day": "Afternoon", "causation": [ "0", "0", "0", "0", "0", "0", "0", "0", "0", "0", "0", "0", "0", "0", "1", "0", "0", "0", "0", "0", "0", "0", "0", "0" ], "duration": 1478.0, "sum": 1 }, "geometry": { "type": "Point", "coordinates": [ -122.336249308821039, 47.69819599853961 ] } },
{ "type": "Feature", "properties": { "lat": 47.698221674527389, "lon": -122.33678694570378, "time_of_day": "Afternoon", "causation": [ "0", "0", "0", "0", "0", "0", "0", "0", "0", "0", "0", "0", "0", "0", "1", "0", "0", "0", "0", "0", "0", "0", "0", "0" ], "duration": 1478.0, "sum": 1 }, "geometry": { "type": "Point", "coordinates": [ -122.336786945703778, 47.698221674527389 ] } },
{ "type": "Feature", "properties": { "lat": 47.69835897602956, "lon": -122.33679725581764, "time_of_day": "Afternoon", "causation": [ "0", "0", "0", "0", "0", "0", "0", "0", "0", "0", "0", "0", "0", "0", "1", "0", "0", "0", "0", "0", "0", "0", "0", "0" ], "duration": 1478.0, "sum": 1 }, "geometry": { "type": "Point", "coordinates": [ -122.336797255817643, 47.69835897602956 ] } },
{ "type": "Feature", "properties": { "lat": 47.69849736555701, "lon": -122.3368149247986, "time_of_day": "Afternoon", "causation": [ "0", "0", "0", "0", "0", "0", "0", "0", "0", "0", "0", "0", "0", "0", "1", "0", "0", "0", "0", "0", "0", "0", "0", "0" ], "duration": 1478.0, "sum": 1 }, "geometry": { "type": "Point", "coordinates": [ -122.336814924798603, 47.69849736555701 ] } },
{ "type": "Feature", "properties": { "lat": 47.698500314061782, "lon": -122.33627944547467, "time_of_day": "Afternoon", "causation": [ "0", "0", "0", "0", "0", "0", "0", "0", "0", "0", "0", "0", "0", "0", "1", "0", "0", "0", "0", "0", "0", "0", "0", "0" ], "duration": 1478.0, "sum": 1 }, "geometry": { "type": "Point", "coordinates": [ -122.336279445474673, 47.698500314061782 ] } },
{ "type": "Feature", "properties": { "lat": 47.698592697545621, "lon": -122.33626639550501, "time_of_day": "Afternoon", "causation": [ "0", "0", "0", "0", "0", "0", "0", "0", "0", "0", "0", "0", "0", "0", "1", "0", "0", "0", "0", "0", "0", "0", "0", "0" ], "duration": 1478.0, "sum": 1 }, "geometry": { "type": "Point", "coordinates": [ -122.336266395505007, 47.698592697545621 ] } },
{ "type": "Feature", "properties": { "lat": 47.698593848675202, "lon": -122.3368712426295, "time_of_day": "Afternoon", "causation": [ "0", "0", "0", "0", "0", "0", "0", "0", "0", "0", "0", "0", "0", "0", "1", "0", "0", "0", "0", "0", "0", "0", "0", "0" ], "duration": 1478.0, "sum": 1 }, "geometry": { "type": "Point", "coordinates": [ -122.336871242629499, 47.698593848675202 ] } },
{ "type": "Feature", "properties": { "lat": 47.69866241549078, "lon": -122.3362079376804, "time_of_day": "Afternoon", "causation": [ "0", "0", "0", "0", "0", "0", "0", "0", "0", "0", "0", "0", "0", "0", "1", "0", "0", "0", "0", "0", "0", "0", "0", "0" ], "duration": 1478.0, "sum": 1 }, "geometry": { "type": "Point", "coordinates": [ -122.336207937680399, 47.69866241549078 ] } },
{ "type": "Feature", "properties": { "lat": 47.698663193833411, "lon": -122.33688742519212, "time_of_day": "Afternoon", "causation": [ "0", "0", "0", "0", "0", "0", "0", "0", "0", "0", "0", "0", "0", "0", "1", "0", "0", "0", "0", "0", "0", "0", "0", "0" ], "duration": 1478.0, "sum": 1 }, "geometry": { "type": "Point", "coordinates": [ -122.336887425192117, 47.698663193833411 ] } },
{ "type": "Feature", "properties": { "lat": 47.698775119163415, "lon": -122.33623358664251, "time_of_day": "Afternoon", "causation": [ "0", "0", "0", "0", "0", "0", "0", "0", "0", "0", "0", "0", "0", "0", "1", "0", "0", "0", "0", "0", "0", "0", "0", "0" ], "duration": 1478.0, "sum": 1 }, "geometry": { "type": "Point", "coordinates": [ -122.336233586642507, 47.698775119163415 ] } },
{ "type": "Feature", "properties": { "lat": 47.698794141056872, "lon": -122.33684524475606, "time_of_day": "Afternoon", "causation": [ "0", "0", "0", "0", "0", "0", "0", "0", "0", "0", "0", "0", "0", "0", "1", "0", "0", "0", "0", "0", "0", "0", "0", "0" ], "duration": 1478.0, "sum": 1 }, "geometry": { "type": "Point", "coordinates": [ -122.336845244756063, 47.698794141056872 ] } },
{ "type": "Feature", "properties": { "lat": 47.698906680962864, "lon": -122.33616430201964, "time_of_day": "Afternoon", "causation": [ "0", "0", "0", "0", "0", "0", "0", "0", "0", "0", "0", "0", "0", "0", "1", "0", "0", "0", "0", "0", "0", "0", "0", "0" ], "duration": 1478.0, "sum": 1 }, "geometry": { "type": "Point", "coordinates": [ -122.33616430201964, 47.698906680962864 ] } },
{ "type": "Feature", "properties": { "lat": 47.699039263433491, "lon": -122.33627755724945, "time_of_day": "Afternoon", "causation": [ "0", "0", "0", "0", "0", "0", "0", "0", "0", "0", "0", "0", "0", "0", "1", "0", "0", "0", "0", "0", "0", "0", "0", "0" ], "duration": 1478.0, "sum": 1 }, "geometry": { "type": "Point", "coordinates": [ -122.336277557249446, 47.699039263433491 ] } },
{ "type": "Feature", "properties": { "lat": 47.699078429278167, "lon": -122.33679244944879, "time_of_day": "Afternoon", "causation": [ "0", "0", "0", "0", "0", "0", "0", "0", "0", "0", "0", "0", "0", "0", "1", "0", "0", "0", "0", "0", "0", "0", "0", "0" ], "duration": 1478.0, "sum": 1 }, "geometry": { "type": "Point", "coordinates": [ -122.336792449448794, 47.699078429278167 ] } },
{ "type": "Feature", "properties": { "lat": 47.699173546669776, "lon": -122.33628407452356, "time_of_day": "Afternoon", "causation": [ "0", "0", "0", "0", "0", "0", "0", "0", "0", "0", "0", "0", "0", "0", "1", "0", "0", "0", "0", "0", "0", "0", "0", "0" ], "duration": 1478.0, "sum": 1 }, "geometry": { "type": "Point", "coordinates": [ -122.336284074523562, 47.699173546669776 ] } },
{ "type": "Feature", "properties": { "lat": 47.69919680514851, "lon": -122.3368146531553, "time_of_day": "Afternoon", "causation": [ "0", "0", "0", "0", "0", "0", "0", "0", "0", "0", "0", "0", "0", "0", "1", "0", "0", "0", "0", "0", "0", "0", "0", "0" ], "duration": 1478.0, "sum": 1 }, "geometry": { "type": "Point", "coordinates": [ -122.336814653155301, 47.69919680514851 ] } },
{ "type": "Feature", "properties": { "lat": 47.699281101720068, "lon": -122.33625976952216, "time_of_day": "Afternoon", "causation": [ "0", "0", "0", "0", "0", "0", "0", "0", "0", "0", "0", "0", "0", "0", "1", "0", "0", "0", "0", "0", "0", "0", "0", "0" ], "duration": 1478.0, "sum": 1 }, "geometry": { "type": "Point", "coordinates": [ -122.336259769522158, 47.699281101720068 ] } },
{ "type": "Feature", "properties": { "lat": 47.699333487138787, "lon": -122.33679624105068, "time_of_day": "Afternoon", "causation": [ "0", "0", "0", "0", "0", "0", "0", "0", "0", "0", "0", "0", "0", "0", "1", "0", "0", "0", "0", "0", "0", "0", "0", "0" ], "duration": 1478.0, "sum": 1 }, "geometry": { "type": "Point", "coordinates": [ -122.336796241050678, 47.699333487138787 ] } },
{ "type": "Feature", "properties": { "lat": 47.699366656113042, "lon": -122.33402577089024, "time_of_day": "Afternoon", "causation": [ "0", "0", "0", "0", "0", "0", "0", "0", "0", "0", "0", "0", "0", "0", "2", "0", "0", "0", "0", "0", "0", "0", "0", "0" ], "duration": 2956.0, "sum": 2 }, "geometry": { "type": "Point", "coordinates": [ -122.334025770890236, 47.699366656113042 ] } },
{ "type": "Feature", "properties": { "lat": 47.699735629626495, "lon": -122.33626643378622, "time_of_day": "Afternoon", "causation": [ "0", "0", "0", "0", "0", "0", "0", "0", "0", "0", "0", "0", "0", "0", "1", "0", "0", "0", "0", "0", "0", "0", "0", "0" ], "duration": 1478.0, "sum": 1 }, "geometry": { "type": "Point", "coordinates": [ -122.336266433786221, 47.699735629626495 ] } },
{ "type": "Feature", "properties": { "lat": 47.699786105098347, "lon": -122.34162266527056, "time_of_day": "Afternoon", "causation": [ "0", "0", "0", "0", "0", "0", "0", "0", "0", "0", "0", "0", "0", "0", "1", "0", "0", "0", "0", "0", "0", "0", "0", "0" ], "duration": 1478.0, "sum": 1 }, "geometry": { "type": "Point", "coordinates": [ -122.341622665270563, 47.699786105098347 ] } },
{ "type": "Feature", "properties": { "lat": 47.699795237797588, "lon": -122.33690788126781, "time_of_day": "Afternoon", "causation": [ "0", "0", "0", "0", "0", "0", "0", "0", "0", "0", "0", "0", "0", "0", "1", "0", "0", "0", "0", "0", "0", "0", "0", "0" ], "duration": 1478.0, "sum": 1 }, "geometry": { "type": "Point", "coordinates": [ -122.336907881267805, 47.699795237797588 ] } },
{ "type": "Feature", "properties": { "lat": 47.69998627813851, "lon": -122.3368461675863, "time_of_day": "Afternoon", "causation": [ "0", "0", "0", "0", "0", "0", "0", "0", "0", "0", "0", "0", "0", "0", "1", "0", "0", "0", "0", "0", "0", "0", "0", "0" ], "duration": 1478.0, "sum": 1 }, "geometry": { "type": "Point", "coordinates": [ -122.336846167586302, 47.69998627813851 ] } },
{ "type": "Feature", "properties": { "lat": 47.700053649764797, "lon": -122.3360913622269, "time_of_day": "Afternoon", "causation": [ "0", "0", "0", "0", "0", "0", "0", "0", "0", "0", "0", "0", "0", "0", "1", "0", "0", "0", "0", "0", "0", "0", "0", "0" ], "duration": 1478.0, "sum": 1 }, "geometry": { "type": "Point", "coordinates": [ -122.336091362226895, 47.700053649764797 ] } },
{ "type": "Feature", "properties": { "lat": 47.700153948247603, "lon": -122.33622707783574, "time_of_day": "Afternoon", "causation": [ "0", "0", "0", "0", "0", "0", "0", "0", "0", "0", "0", "0", "0", "0", "1", "0", "0", "0", "0", "0", "0", "0", "0", "0" ], "duration": 1478.0, "sum": 1 }, "geometry": { "type": "Point", "coordinates": [ -122.336227077835744, 47.700153948247603 ] } },
{ "type": "Feature", "properties": { "lat": 47.700169232696851, "lon": -122.33688925451558, "time_of_day": "Afternoon", "causation": [ "0", "0", "0", "0", "0", "0", "0", "0", "0", "0", "0", "0", "0", "0", "2", "0", "0", "0", "0", "0", "0", "0", "0", "0" ], "duration": 2956.0, "sum": 2 }, "geometry": { "type": "Point", "coordinates": [ -122.336889254515583, 47.700169232696851 ] } },
{ "type": "Feature", "properties": { "lat": 47.700290178793246, "lon": -122.33625264872336, "time_of_day": "Afternoon", "causation": [ "0", "0", "0", "0", "0", "0", "0", "0", "0", "0", "0", "0", "0", "0", "1", "0", "0", "0", "0", "0", "0", "0", "0", "0" ], "duration": 1478.0, "sum": 1 }, "geometry": { "type": "Point", "coordinates": [ -122.336252648723359, 47.700290178793246 ] } },
{ "type": "Feature", "properties": { "lat": 47.700318148578937, "lon": -122.3368657372492, "time_of_day": "Afternoon", "causation": [ "0", "0", "0", "0", "0", "0", "0", "0", "0", "0", "0", "0", "0", "0", "1", "0", "0", "0", "0", "0", "0", "0", "0", "0" ], "duration": 1478.0, "sum": 1 }, "geometry": { "type": "Point", "coordinates": [ -122.336865737249198, 47.700318148578937 ] } },
{ "type": "Feature", "properties": { "lat": 47.700428528660936, "lon": -122.3362105048918, "time_of_day": "Afternoon", "causation": [ "0", "0", "0", "0", "0", "0", "0", "0", "0", "0", "0", "0", "0", "0", "1", "0", "0", "0", "0", "0", "0", "0", "0", "0" ], "duration": 1478.0, "sum": 1 }, "geometry": { "type": "Point", "coordinates": [ -122.336210504891795, 47.700428528660936 ] } },
{ "type": "Feature", "properties": { "lat": 47.700436010544621, "lon": -122.34137172308758, "time_of_day": "Afternoon", "causation": [ "0", "0", "0", "0", "0", "0", "0", "0", "0", "0", "0", "0", "0", "0", "1", "0", "0", "0", "0", "0", "0", "0", "0", "0" ], "duration": 1478.0, "sum": 1 }, "geometry": { "type": "Point", "coordinates": [ -122.341371723087576, 47.700436010544621 ] } },
{ "type": "Feature", "properties": { "lat": 47.700451317692931, "lon": -122.33682425743901, "time_of_day": "Afternoon", "causation": [ "0", "0", "0", "0", "0", "0", "0", "0", "0", "0", "0", "0", "0", "0", "1", "0", "0", "0", "0", "0", "0", "0", "0", "0" ], "duration": 1478.0, "sum": 1 }, "geometry": { "type": "Point", "coordinates": [ -122.336824257439005, 47.700451317692931 ] } },
{ "type": "Feature", "properties": { "lat": 47.700575992835603, "lon": -122.33625384256725, "time_of_day": "Afternoon", "causation": [ "0", "0", "0", "0", "0", "0", "0", "0", "0", "0", "0", "0", "0", "0", "2", "0", "0", "0", "0", "0", "0", "0", "0", "0" ], "duration": 2956.0, "sum": 2 }, "geometry": { "type": "Point", "coordinates": [ -122.336253842567245, 47.700575992835603 ] } },
{ "type": "Feature", "properties": { "lat": 47.700712035694721, "lon": -122.3362288053908, "time_of_day": "Afternoon", "causation": [ "0", "0", "0", "0", "0", "0", "0", "0", "0", "0", "0", "0", "0", "0", "1", "0", "0", "0", "0", "0", "0", "0", "0", "0" ], "duration": 1478.0, "sum": 1 }, "geometry": { "type": "Point", "coordinates": [ -122.336228805390803, 47.700712035694721 ] } },
{ "type": "Feature", "properties": { "lat": 47.700719230394327, "lon": -122.33684654549531, "time_of_day": "Afternoon", "causation": [ "0", "0", "0", "0", "0", "0", "0", "0", "0", "0", "0", "0", "0", "0", "1", "0", "0", "0", "0", "0", "0", "0", "0", "0" ], "duration": 1478.0, "sum": 1 }, "geometry": { "type": "Point", "coordinates": [ -122.336846545495305, 47.700719230394327 ] } },
{ "type": "Feature", "properties": { "lat": 47.700823713144217, "lon": -122.33628570226809, "time_of_day": "Afternoon", "causation": [ "0", "0", "0", "0", "0", "0", "0", "0", "0", "0", "0", "0", "0", "0", "1", "0", "0", "0", "0", "0", "0", "0", "0", "0" ], "duration": 1478.0, "sum": 1 }, "geometry": { "type": "Point", "coordinates": [ -122.336285702268086, 47.700823713144217 ] } },
{ "type": "Feature", "properties": { "lat": 47.700849910726376, "lon": -122.3368307903572, "time_of_day": "Afternoon", "causation": [ "0", "0", "0", "0", "0", "0", "0", "0", "0", "0", "0", "0", "0", "0", "1", "0", "0", "0", "0", "0", "0", "0", "0", "0" ], "duration": 1478.0, "sum": 1 }, "geometry": { "type": "Point", "coordinates": [ -122.336830790357197, 47.700849910726376 ] } },
{ "type": "Feature", "properties": { "lat": 47.700891403576406, "lon": -122.34556628272996, "time_of_day": "Afternoon", "causation": [ "0", "0", "0", "0", "0", "0", "0", "0", "0", "0", "0", "0", "0", "0", "51", "0", "0", "0", "0", "0", "0", "0", "0", "0" ], "duration": 75378.0, "sum": 51 }, "geometry": { "type": "Point", "coordinates": [ -122.345566282729962, 47.700891403576406 ] } },
{ "type": "Feature", "properties": { "lat": 47.700959447086042, "lon": -122.33689719655072, "time_of_day": "Afternoon", "causation": [ "0", "0", "0", "0", "0", "0", "0", "0", "0", "0", "0", "0", "0", "0", "1", "0", "0", "0", "0", "0", "0", "0", "0", "0" ], "duration": 1478.0, "sum": 1 }, "geometry": { "type": "Point", "coordinates": [ -122.336897196550723, 47.700959447086042 ] } },
{ "type": "Feature", "properties": { "lat": 47.700997492611847, "lon": -122.33624620795982, "time_of_day": "Afternoon", "causation": [ "0", "0", "0", "0", "0", "0", "0", "0", "0", "0", "0", "0", "0", "0", "1", "0", "0", "0", "0", "0", "0", "0", "0", "0" ], "duration": 1478.0, "sum": 1 }, "geometry": { "type": "Point", "coordinates": [ -122.336246207959817, 47.700997492611847 ] } },
{ "type": "Feature", "properties": { "lat": 47.701028755128569, "lon": -122.33691482078758, "time_of_day": "Afternoon", "causation": [ "0", "0", "0", "0", "0", "0", "0", "0", "0", "0", "0", "0", "0", "0", "1", "0", "0", "0", "0", "0", "0", "0", "0", "0" ], "duration": 1478.0, "sum": 1 }, "geometry": { "type": "Point", "coordinates": [ -122.336914820787584, 47.701028755128569 ] } },
{ "type": "Feature", "properties": { "lat": 47.701124610343015, "lon": -122.33618516343029, "time_of_day": "Afternoon", "causation": [ "0", "0", "0", "0", "0", "0", "0", "0", "0", "0", "0", "0", "0", "0", "1", "0", "0", "0", "0", "0", "0", "0", "0", "0" ], "duration": 1478.0, "sum": 1 }, "geometry": { "type": "Point", "coordinates": [ -122.336185163430287, 47.701124610343015 ] } },
{ "type": "Feature", "properties": { "lat": 47.70113503367849, "lon": -122.33683382368643, "time_of_day": "Afternoon", "causation": [ "0", "0", "0", "0", "0", "0", "0", "0", "0", "0", "0", "0", "0", "0", "1", "0", "0", "0", "0", "0", "0", "0", "0", "0" ], "duration": 1478.0, "sum": 1 }, "geometry": { "type": "Point", "coordinates": [ -122.336833823686433, 47.70113503367849 ] } },
{ "type": "Feature", "properties": { "lat": 47.701154991341802, "lon": -122.34389950552516, "time_of_day": "Afternoon", "causation": [ "0", "0", "0", "0", "0", "0", "0", "0", "0", "0", "0", "0", "0", "0", "1", "0", "0", "0", "0", "0", "0", "0", "0", "0" ], "duration": 1478.0, "sum": 1 }, "geometry": { "type": "Point", "coordinates": [ -122.343899505525158, 47.701154991341802 ] } },
{ "type": "Feature", "properties": { "lat": 47.701167303382931, "lon": -122.34339347162042, "time_of_day": "Afternoon", "causation": [ "0", "0", "0", "0", "0", "0", "0", "0", "0", "0", "0", "0", "0", "0", "2", "0", "0", "0", "0", "0", "0", "0", "0", "0" ], "duration": 2956.0, "sum": 2 }, "geometry": { "type": "Point", "coordinates": [ -122.343393471620416, 47.701167303382931 ] } },
{ "type": "Feature", "properties": { "lat": 47.701170165435158, "lon": -122.33803880522969, "time_of_day": "Afternoon", "causation": [ "0", "0", "0", "0", "0", "0", "0", "0", "0", "0", "0", "0", "0", "0", "1", "0", "0", "0", "0", "0", "0", "0", "0", "0" ], "duration": 1478.0, "sum": 1 }, "geometry": { "type": "Point", "coordinates": [ -122.338038805229687, 47.701170165435158 ] } },
{ "type": "Feature", "properties": { "lat": 47.70122894732647, "lon": -122.335806134132, "time_of_day": "Afternoon", "causation": [ "0", "0", "0", "0", "0", "0", "0", "0", "0", "0", "0", "0", "0", "0", "1", "0", "0", "0", "0", "0", "0", "0", "0", "0" ], "duration": 1478.0, "sum": 1 }, "geometry": { "type": "Point", "coordinates": [ -122.335806134132, 47.70122894732647 ] } },
{ "type": "Feature", "properties": { "lat": 47.701236317450508, "lon": -122.33802376301232, "time_of_day": "Afternoon", "causation": [ "0", "0", "0", "0", "0", "0", "0", "0", "0", "0", "0", "0", "0", "0", "1", "0", "0", "0", "0", "0", "0", "0", "0", "0" ], "duration": 1478.0, "sum": 1 }, "geometry": { "type": "Point", "coordinates": [ -122.338023763012316, 47.701236317450508 ] } },
{ "type": "Feature", "properties": { "lat": 47.701242461520451, "lon": -122.3478957492318, "time_of_day": "Afternoon", "causation": [ "0", "0", "0", "0", "0", "0", "0", "0", "0", "0", "0", "0", "0", "0", "1", "0", "0", "0", "0", "0", "0", "0", "0", "0" ], "duration": 1478.0, "sum": 1 }, "geometry": { "type": "Point", "coordinates": [ -122.347895749231796, 47.701242461520451 ] } },
{ "type": "Feature", "properties": { "lat": 47.701253425953567, "lon": -122.33848345520028, "time_of_day": "Afternoon", "causation": [ "0", "0", "0", "0", "0", "0", "0", "0", "0", "0", "0", "0", "0", "0", "1", "0", "0", "0", "0", "0", "0", "0", "0", "0" ], "duration": 1478.0, "sum": 1 }, "geometry": { "type": "Point", "coordinates": [ -122.338483455200276, 47.701253425953567 ] } },
{ "type": "Feature", "properties": { "lat": 47.701254515704683, "lon": -122.33685864376868, "time_of_day": "Afternoon", "causation": [ "0", "0", "0", "0", "0", "0", "0", "0", "0", "0", "0", "0", "0", "0", "1", "0", "0", "0", "0", "0", "0", "0", "0", "0" ], "duration": 1478.0, "sum": 1 }, "geometry": { "type": "Point", "coordinates": [ -122.336858643768679, 47.701254515704683 ] } },
{ "type": "Feature", "properties": { "lat": 47.701254937890432, "lon": -122.33624484246398, "time_of_day": "Afternoon", "causation": [ "0", "0", "0", "0", "0", "0", "0", "0", "0", "0", "0", "0", "0", "0", "1", "0", "0", "0", "0", "0", "0", "0", "0", "0" ], "duration": 1478.0, "sum": 1 }, "geometry": { "type": "Point", "coordinates": [ -122.336244842463984, 47.701254937890432 ] } },
{ "type": "Feature", "properties": { "lat": 47.701261473131474, "lon": -122.34962906080978, "time_of_day": "Afternoon", "causation": [ "0", "0", "0", "0", "0", "0", "0", "0", "0", "0", "0", "0", "0", "0", "1", "0", "0", "0", "0", "0", "0", "0", "0", "0" ], "duration": 1478.0, "sum": 1 }, "geometry": { "type": "Point", "coordinates": [ -122.349629060809775, 47.701261473131474 ] } },
{ "type": "Feature", "properties": { "lat": 47.701267622939511, "lon": -122.34946086893756, "time_of_day": "Afternoon", "causation": [ "0", "0", "0", "0", "0", "0", "0", "0", "0", "0", "0", "0", "0", "0", "1", "0", "0", "0", "0", "0", "0", "0", "0", "0" ], "duration": 1478.0, "sum": 1 }, "geometry": { "type": "Point", "coordinates": [ -122.349460868937555, 47.701267622939511 ] } },
{ "type": "Feature", "properties": { "lat": 47.701269525592842, "lon": -122.34928018854018, "time_of_day": "Afternoon", "causation": [ "0", "0", "0", "0", "0", "0", "0", "0", "0", "0", "0", "0", "0", "0", "1", "0", "0", "0", "0", "0", "0", "0", "0", "0" ], "duration": 1478.0, "sum": 1 }, "geometry": { "type": "Point", "coordinates": [ -122.349280188540178, 47.701269525592842 ] } },
{ "type": "Feature", "properties": { "lat": 47.701269645609216, "lon": -122.34910151145868, "time_of_day": "Afternoon", "causation": [ "0", "0", "0", "0", "0", "0", "0", "0", "0", "0", "0", "0", "0", "0", "1", "0", "0", "0", "0", "0", "0", "0", "0", "0" ], "duration": 1478.0, "sum": 1 }, "geometry": { "type": "Point", "coordinates": [ -122.349101511458684, 47.701269645609216 ] } },
{ "type": "Feature", "properties": { "lat": 47.701270949807977, "lon": -122.3373507058664, "time_of_day": "Afternoon", "causation": [ "0", "0", "0", "0", "0", "0", "0", "0", "0", "0", "0", "0", "0", "0", "1", "0", "0", "0", "0", "0", "0", "0", "0", "0" ], "duration": 1478.0, "sum": 1 }, "geometry": { "type": "Point", "coordinates": [ -122.337350705866399, 47.701270949807977 ] } },
{ "type": "Feature", "properties": { "lat": 47.70127382978859, "lon": -122.34830564406668, "time_of_day": "Afternoon", "causation": [ "0", "0", "0", "0", "0", "0", "0", "0", "0", "0", "0", "0", "0", "0", "1", "0", "0", "0", "0", "0", "0", "0", "0", "0" ], "duration": 1478.0, "sum": 1 }, "geometry": { "type": "Point", "coordinates": [ -122.348305644066684, 47.70127382978859 ] } },
{ "type": "Feature", "properties": { "lat": 47.70127498896624, "lon": -122.34809545231344, "time_of_day": "Afternoon", "causation": [ "0", "0", "0", "0", "0", "0", "0", "0", "0", "0", "0", "0", "0", "0", "1", "0", "0", "0", "0", "0", "0", "0", "0", "0" ], "duration": 1478.0, "sum": 1 }, "geometry": { "type": "Point", "coordinates": [ -122.348095452313444, 47.70127498896624 ] } },
{ "type": "Feature", "properties": { "lat": 47.70127762165756, "lon": -122.34850738518412, "time_of_day": "Afternoon", "causation": [ "0", "0", "0", "0", "0", "0", "0", "0", "0", "0", "0", "0", "0", "0", "1", "0", "0", "0", "0", "0", "0", "0", "0", "0" ], "duration": 1478.0, "sum": 1 }, "geometry": { "type": "Point", "coordinates": [ -122.348507385184121, 47.70127762165756 ] } },
{ "type": "Feature", "properties": { "lat": 47.701281553572372, "lon": -122.34981026924544, "time_of_day": "Afternoon", "causation": [ "0", "0", "0", "0", "0", "0", "0", "0", "0", "0", "0", "0", "0", "0", "1", "0", "0", "0", "0", "0", "0", "0", "0", "0" ], "duration": 1478.0, "sum": 1 }, "geometry": { "type": "Point", "coordinates": [ -122.349810269245438, 47.701281553572372 ] } },
{ "type": "Feature", "properties": { "lat": 47.701281774391269, "lon": -122.3486967642052, "time_of_day": "Afternoon", "causation": [ "0", "0", "0", "0", "0", "0", "0", "0", "0", "0", "0", "0", "0", "0", "2", "0", "0", "0", "0", "0", "0", "0", "0", "0" ], "duration": 2956.0, "sum": 2 }, "geometry": { "type": "Point", "coordinates": [ -122.348696764205201, 47.701281774391269 ] } },
{ "type": "Feature", "properties": { "lat": 47.701282646394333, "lon": -122.3488975793866, "time_of_day": "Afternoon", "causation": [ "0", "0", "0", "0", "0", "0", "0", "0", "0", "0", "0", "0", "0", "0", "1", "0", "0", "0", "0", "0", "0", "0", "0", "0" ], "duration": 1478.0, "sum": 1 }, "geometry": { "type": "Point", "coordinates": [ -122.348897579386602, 47.701282646394333 ] } },
{ "type": "Feature", "properties": { "lat": 47.701284734144011, "lon": -122.34762632680196, "time_of_day": "Afternoon", "causation": [ "0", "0", "0", "0", "0", "0", "0", "0", "0", "0", "0", "0", "0", "0", "1", "0", "0", "0", "0", "0", "0", "0", "0", "0" ], "duration": 1478.0, "sum": 1 }, "geometry": { "type": "Point", "coordinates": [ -122.347626326801958, 47.701284734144011 ] } },
{ "type": "Feature", "properties": { "lat": 47.701305928929379, "lon": -122.33802705090751, "time_of_day": "Afternoon", "causation": [ "0", "0", "0", "0", "0", "0", "0", "0", "0", "0", "0", "0", "0", "0", "1", "0", "0", "0", "0", "0", "0", "0", "0", "0" ], "duration": 1478.0, "sum": 1 }, "geometry": { "type": "Point", "coordinates": [ -122.338027050907513, 47.701305928929379 ] } },
{ "type": "Feature", "properties": { "lat": 47.701579817510371, "lon": -122.33627781401424, "time_of_day": "Afternoon", "causation": [ "0", "0", "0", "0", "0", "0", "0", "0", "0", "0", "0", "0", "0", "0", "1", "0", "0", "0", "0", "0", "0", "0", "0", "0" ], "duration": 1478.0, "sum": 1 }, "geometry": { "type": "Point", "coordinates": [ -122.336277814014238, 47.701579817510371 ] } },
{ "type": "Feature", "properties": { "lat": 47.701612944728751, "lon": -122.33674391067407, "time_of_day": "Afternoon", "causation": [ "0", "0", "0", "0", "0", "0", "0", "0", "0", "0", "0", "0", "0", "0", "1", "0", "0", "0", "0", "0", "0", "0", "0", "0" ], "duration": 1478.0, "sum": 1 }, "geometry": { "type": "Point", "coordinates": [ -122.336743910674073, 47.701612944728751 ] } },
{ "type": "Feature", "properties": { "lat": 47.701617667936709, "lon": -122.3496682540314, "time_of_day": "Afternoon", "causation": [ "0", "0", "0", "0", "0", "0", "0", "0", "0", "0", "0", "0", "0", "0", "1", "0", "0", "0", "0", "0", "0", "0", "0", "0" ], "duration": 1478.0, "sum": 1 }, "geometry": { "type": "Point", "coordinates": [ -122.3496682540314, 47.701617667936709 ] } },
{ "type": "Feature", "properties": { "lat": 47.70162539274245, "lon": -122.34038978184756, "time_of_day": "Afternoon", "causation": [ "0", "0", "0", "0", "0", "0", "0", "0", "0", "0", "0", "0", "0", "0", "1", "0", "0", "0", "0", "0", "0", "0", "0", "0" ], "duration": 1478.0, "sum": 1 }, "geometry": { "type": "Point", "coordinates": [ -122.340389781847563, 47.70162539274245 ] } },
{ "type": "Feature", "properties": { "lat": 47.701630465681802, "lon": -122.33981872044173, "time_of_day": "Afternoon", "causation": [ "0", "0", "0", "0", "0", "0", "0", "0", "0", "0", "0", "0", "0", "0", "1", "0", "0", "0", "0", "0", "0", "0", "0", "0" ], "duration": 1478.0, "sum": 1 }, "geometry": { "type": "Point", "coordinates": [ -122.339818720441727, 47.701630465681802 ] } },
{ "type": "Feature", "properties": { "lat": 47.701632948848001, "lon": -122.34821008468748, "time_of_day": "Afternoon", "causation": [ "0", "0", "0", "0", "0", "0", "0", "0", "0", "0", "0", "0", "0", "0", "1", "0", "0", "0", "0", "0", "0", "0", "0", "0" ], "duration": 1478.0, "sum": 1 }, "geometry": { "type": "Point", "coordinates": [ -122.34821008468748, 47.701632948848001 ] } },
{ "type": "Feature", "properties": { "lat": 47.701635246008742, "lon": -122.34927303007076, "time_of_day": "Afternoon", "causation": [ "0", "0", "0", "0", "0", "0", "0", "0", "0", "0", "0", "0", "0", "0", "1", "0", "0", "0", "0", "0", "0", "0", "0", "0" ], "duration": 1478.0, "sum": 1 }, "geometry": { "type": "Point", "coordinates": [ -122.349273030070762, 47.701635246008742 ] } },
{ "type": "Feature", "properties": { "lat": 47.701638497680939, "lon": -122.33651766423525, "time_of_day": "Afternoon", "causation": [ "0", "0", "0", "0", "0", "0", "0", "0", "0", "0", "0", "0", "0", "0", "1", "0", "0", "0", "0", "0", "0", "0", "0", "0" ], "duration": 1478.0, "sum": 1 }, "geometry": { "type": "Point", "coordinates": [ -122.336517664235245, 47.701638497680939 ] } },
{ "type": "Feature", "properties": { "lat": 47.701639264375757, "lon": -122.34097849393204, "time_of_day": "Afternoon", "causation": [ "0", "0", "0", "0", "0", "0", "0", "0", "0", "0", "0", "0", "0", "0", "1", "0", "0", "0", "0", "0", "0", "0", "0", "0" ], "duration": 1478.0, "sum": 1 }, "geometry": { "type": "Point", "coordinates": [ -122.340978493932042, 47.701639264375757 ] } },
{ "type": "Feature", "properties": { "lat": 47.701639483347776, "lon": -122.3486962082554, "time_of_day": "Afternoon", "causation": [ "0", "0", "0", "0", "0", "0", "0", "0", "0", "0", "0", "0", "0", "0", "1", "0", "0", "0", "0", "0", "0", "0", "0", "0" ], "duration": 1478.0, "sum": 1 }, "geometry": { "type": "Point", "coordinates": [ -122.348696208255404, 47.701639483347776 ] } },
{ "type": "Feature", "properties": { "lat": 47.701642696691962, "lon": -122.33826795209292, "time_of_day": "Afternoon", "causation": [ "0", "0", "0", "0", "0", "0", "0", "0", "0", "0", "0", "0", "0", "0", "1", "0", "0", "0", "0", "0", "0", "0", "0", "0" ], "duration": 1478.0, "sum": 1 }, "geometry": { "type": "Point", "coordinates": [ -122.33826795209292, 47.701642696691962 ] } },
{ "type": "Feature", "properties": { "lat": 47.701643465259359, "lon": -122.33706263791549, "time_of_day": "Afternoon", "causation": [ "0", "0", "0", "0", "0", "0", "0", "0", "0", "0", "0", "0", "0", "0", "1", "0", "0", "0", "0", "0", "0", "0", "0", "0" ], "duration": 1478.0, "sum": 1 }, "geometry": { "type": "Point", "coordinates": [ -122.337062637915494, 47.701643465259359 ] } },
{ "type": "Feature", "properties": { "lat": 47.701643752383802, "lon": -122.33802576826334, "time_of_day": "Afternoon", "causation": [ "0", "0", "0", "0", "0", "0", "0", "0", "0", "0", "0", "0", "0", "0", "1", "0", "0", "0", "0", "0", "0", "0", "0", "0" ], "duration": 1478.0, "sum": 1 }, "geometry": { "type": "Point", "coordinates": [ -122.338025768263336, 47.701643752383802 ] } },
{ "type": "Feature", "properties": { "lat": 47.701644440304889, "lon": -122.34020034047001, "time_of_day": "Afternoon", "causation": [ "0", "0", "0", "0", "0", "0", "0", "0", "0", "0", "0", "0", "0", "0", "1", "0", "0", "0", "0", "0", "0", "0", "0", "0" ], "duration": 1478.0, "sum": 1 }, "geometry": { "type": "Point", "coordinates": [ -122.340200340470005, 47.701644440304889 ] } },
{ "type": "Feature", "properties": { "lat": 47.701645701217352, "lon": -122.33778196115352, "time_of_day": "Afternoon", "causation": [ "0", "0", "0", "0", "0", "0", "0", "0", "0", "0", "0", "0", "0", "0", "1", "0", "0", "0", "0", "0", "0", "0", "0", "0" ], "duration": 1478.0, "sum": 1 }, "geometry": { "type": "Point", "coordinates": [ -122.337781961153524, 47.701645701217352 ] } },
{ "type": "Feature", "properties": { "lat": 47.7016496929973, "lon": -122.34803358095674, "time_of_day": "Afternoon", "causation": [ "0", "0", "0", "0", "0", "0", "0", "0", "0", "0", "0", "0", "0", "0", "1", "0", "0", "0", "0", "0", "0", "0", "0", "0" ], "duration": 1478.0, "sum": 1 }, "geometry": { "type": "Point", "coordinates": [ -122.348033580956738, 47.7016496929973 ] } },
{ "type": "Feature", "properties": { "lat": 47.701649790783442, "lon": -122.33691682219155, "time_of_day": "Afternoon", "causation": [ "0", "0", "0", "0", "0", "0", "0", "0", "0", "0", "0", "0", "0", "0", "1", "0", "0", "0", "0", "0", "0", "0", "0", "0" ], "duration": 1478.0, "sum": 1 }, "geometry": { "type": "Point", "coordinates": [ -122.336916822191554, 47.701649790783442 ] } },
{ "type": "Feature", "properties": { "lat": 47.701653271340611, "lon": -122.3415757932701, "time_of_day": "Afternoon", "causation": [ "0", "0", "0", "0", "0", "0", "0", "0", "0", "0", "0", "0", "0", "0", "1", "0", "0", "0", "0", "0", "0", "0", "0", "0" ], "duration": 1478.0, "sum": 1 }, "geometry": { "type": "Point", "coordinates": [ -122.341575793270096, 47.701653271340611 ] } },
{ "type": "Feature", "properties": { "lat": 47.701660172798242, "lon": -122.34788499515436, "time_of_day": "Afternoon", "causation": [ "0", "0", "0", "0", "0", "0", "0", "0", "0", "0", "0", "0", "0", "0", "1", "0", "0", "0", "0", "0", "0", "0", "0", "0" ], "duration": 1478.0, "sum": 1 }, "geometry": { "type": "Point", "coordinates": [ -122.347884995154359, 47.701660172798242 ] } },
{ "type": "Feature", "properties": { "lat": 47.701708403397703, "lon": -122.34001694618094, "time_of_day": "Afternoon", "causation": [ "0", "0", "0", "0", "0", "0", "0", "0", "0", "0", "0", "0", "0", "0", "1", "0", "0", "0", "0", "0", "0", "0", "0", "0" ], "duration": 1478.0, "sum": 1 }, "geometry": { "type": "Point", "coordinates": [ -122.340016946180938, 47.701708403397703 ] } },
{ "type": "Feature", "properties": { "lat": 47.701830282920447, "lon": -122.33850779929982, "time_of_day": "Afternoon", "causation": [ "0", "0", "0", "0", "0", "0", "0", "0", "0", "0", "0", "0", "0", "0", "1", "0", "0", "0", "0", "0", "0", "0", "0", "0" ], "duration": 1478.0, "sum": 1 }, "geometry": { "type": "Point", "coordinates": [ -122.338507799299819, 47.701830282920447 ] } },
{ "type": "Feature", "properties": { "lat": 47.701847673851603, "lon": -122.33673265321846, "time_of_day": "Afternoon", "causation": [ "0", "0", "0", "0", "0", "0", "0", "0", "0", "0", "0", "0", "0", "0", "1", "0", "0", "0", "0", "0", "0", "0", "0", "0" ], "duration": 1478.0, "sum": 1 }, "geometry": { "type": "Point", "coordinates": [ -122.336732653218462, 47.701847673851603 ] } },
{ "type": "Feature", "properties": { "lat": 47.701855780087413, "lon": -122.33783511189139, "time_of_day": "Afternoon", "causation": [ "0", "0", "0", "0", "0", "0", "0", "0", "0", "0", "0", "0", "0", "0", "1", "0", "0", "0", "0", "0", "0", "0", "0", "0" ], "duration": 1478.0, "sum": 1 }, "geometry": { "type": "Point", "coordinates": [ -122.337835111891394, 47.701855780087413 ] } },
{ "type": "Feature", "properties": { "lat": 47.701870194072619, "lon": -122.33705050849451, "time_of_day": "Afternoon", "causation": [ "0", "0", "0", "0", "0", "0", "0", "0", "0", "0", "0", "0", "0", "0", "1", "0", "0", "0", "0", "0", "0", "0", "0", "0" ], "duration": 1478.0, "sum": 1 }, "geometry": { "type": "Point", "coordinates": [ -122.337050508494514, 47.701870194072619 ] } },
{ "type": "Feature", "properties": { "lat": 47.701908673088873, "lon": -122.33826679096614, "time_of_day": "Afternoon", "causation": [ "0", "0", "0", "0", "0", "0", "0", "0", "0", "0", "0", "0", "0", "0", "1", "0", "0", "0", "0", "0", "0", "0", "0", "0" ], "duration": 1478.0, "sum": 1 }, "geometry": { "type": "Point", "coordinates": [ -122.338266790966145, 47.701908673088873 ] } },
{ "type": "Feature", "properties": { "lat": 47.701986823796979, "lon": -122.33783031239663, "time_of_day": "Afternoon", "causation": [ "0", "0", "0", "0", "0", "0", "0", "0", "0", "0", "0", "0", "0", "0", "1", "0", "0", "0", "0", "0", "0", "0", "0", "0" ], "duration": 1478.0, "sum": 1 }, "geometry": { "type": "Point", "coordinates": [ -122.337830312396633, 47.701986823796979 ] } },
{ "type": "Feature", "properties": { "lat": 47.702056118286762, "lon": -122.337103562434, "time_of_day": "Afternoon", "causation": [ "0", "0", "0", "0", "0", "0", "0", "0", "0", "0", "0", "0", "0", "0", "1", "0", "0", "0", "0", "0", "0", "0", "0", "0" ], "duration": 1478.0, "sum": 1 }, "geometry": { "type": "Point", "coordinates": [ -122.337103562433995, 47.702056118286762 ] } },
{ "type": "Feature", "properties": { "lat": 47.702196139221797, "lon": -122.33677569002649, "time_of_day": "Afternoon", "causation": [ "0", "0", "0", "0", "0", "0", "0", "0", "0", "0", "0", "0", "0", "0", "1", "0", "0", "0", "0", "0", "0", "0", "0", "0" ], "duration": 1478.0, "sum": 1 }, "geometry": { "type": "Point", "coordinates": [ -122.336775690026485, 47.702196139221797 ] } },
{ "type": "Feature", "properties": { "lat": 47.702231336906777, "lon": -122.33816888244245, "time_of_day": "Afternoon", "causation": [ "0", "0", "0", "0", "0", "0", "0", "0", "0", "0", "0", "0", "0", "0", "2", "0", "0", "0", "0", "0", "0", "0", "0", "0" ], "duration": 2956.0, "sum": 2 }, "geometry": { "type": "Point", "coordinates": [ -122.338168882442446, 47.702231336906777 ] } },
{ "type": "Feature", "properties": { "lat": 47.702244873996221, "lon": -122.33782656347913, "time_of_day": "Afternoon", "causation": [ "0", "0", "0", "0", "0", "0", "0", "0", "0", "0", "0", "0", "0", "0", "1", "0", "0", "0", "0", "0", "0", "0", "0", "0" ], "duration": 1478.0, "sum": 1 }, "geometry": { "type": "Point", "coordinates": [ -122.337826563479126, 47.702244873996221 ] } },
{ "type": "Feature", "properties": { "lat": 47.702350531818688, "lon": -122.33721499700692, "time_of_day": "Afternoon", "causation": [ "0", "0", "0", "0", "0", "0", "0", "0", "0", "0", "0", "0", "0", "0", "1", "0", "0", "0", "0", "0", "0", "0", "0", "0" ], "duration": 1478.0, "sum": 1 }, "geometry": { "type": "Point", "coordinates": [ -122.337214997006924, 47.702350531818688 ] } },
{ "type": "Feature", "properties": { "lat": 47.702432454510586, "lon": -122.3378554223859, "time_of_day": "Afternoon", "causation": [ "0", "0", "0", "0", "0", "0", "0", "0", "0", "0", "0", "0", "0", "0", "1", "0", "0", "0", "0", "0", "0", "0", "0", "0" ], "duration": 1478.0, "sum": 1 }, "geometry": { "type": "Point", "coordinates": [ -122.3378554223859, 47.702432454510586 ] } },
{ "type": "Feature", "properties": { "lat": 47.702435659252231, "lon": -122.33825566455556, "time_of_day": "Afternoon", "causation": [ "0", "0", "0", "0", "0", "0", "0", "0", "0", "0", "0", "0", "0", "0", "1", "0", "0", "0", "0", "0", "0", "0", "0", "0" ], "duration": 1478.0, "sum": 1 }, "geometry": { "type": "Point", "coordinates": [ -122.338255664555561, 47.702435659252231 ] } },
{ "type": "Feature", "properties": { "lat": 47.726650393956419, "lon": -122.34824024876008, "time_of_day": "Morning", "causation": [ "0", "0", "0", "0", "0", "0", "0", "0", "71", "0", "0", "0", "0", "0", "0", "0", "0", "0", "0", "0", "0", "0", "0", "0" ], "duration": 6816.0, "sum": 71 }, "geometry": { "type": "Point", "coordinates": [ -122.348240248760078, 47.726650393956419 ] } },
{ "type": "Feature", "properties": { "lat": 47.729491141617927, "lon": -122.36658307617968, "time_of_day": "Morning", "causation": [ "0", "0", "0", "0", "0", "0", "0", "0", "1", "0", "0", "0", "0", "0", "0", "0", "0", "0", "0", "0", "0", "0", "0", "0" ], "duration": 819.0, "sum": 1 }, "geometry": { "type": "Point", "coordinates": [ -122.36658307617968, 47.729491141617927 ] } },
{ "type": "Feature", "properties": { "lat": 47.729569355162425, "lon": -122.36392311998792, "time_of_day": "Morning", "causation": [ "0", "0", "0", "0", "0", "0", "0", "0", "1", "0", "0", "0", "0", "0", "0", "0", "0", "0", "0", "0", "0", "0", "0", "0" ], "duration": 819.0, "sum": 1 }, "geometry": { "type": "Point", "coordinates": [ -122.363923119987916, 47.729569355162425 ] } },
{ "type": "Feature", "properties": { "lat": 47.72959194294166, "lon": -122.36497203686878, "time_of_day": "Morning", "causation": [ "0", "0", "0", "0", "0", "0", "0", "0", "1", "0", "0", "0", "0", "0", "0", "0", "0", "0", "0", "0", "0", "0", "0", "0" ], "duration": 819.0, "sum": 1 }, "geometry": { "type": "Point", "coordinates": [ -122.364972036868778, 47.72959194294166 ] } },
{ "type": "Feature", "properties": { "lat": 47.729689576095645, "lon": -122.36355368279597, "time_of_day": "Morning", "causation": [ "0", "0", "0", "0", "0", "0", "0", "0", "1", "0", "0", "0", "0", "0", "0", "0", "0", "0", "0", "0", "0", "0", "0", "0" ], "duration": 819.0, "sum": 1 }, "geometry": { "type": "Point", "coordinates": [ -122.363553682795967, 47.729689576095645 ] } },
{ "type": "Feature", "properties": { "lat": 47.729850739719886, "lon": -122.36621293066143, "time_of_day": "Morning", "causation": [ "0", "0", "0", "0", "0", "0", "0", "0", "1", "0", "0", "0", "0", "0", "0", "0", "0", "0", "0", "0", "0", "0", "0", "0" ], "duration": 819.0, "sum": 1 }, "geometry": { "type": "Point", "coordinates": [ -122.366212930661433, 47.729850739719886 ] } },
{ "type": "Feature", "properties": { "lat": 47.729904378430128, "lon": -122.36260754233172, "time_of_day": "Morning", "causation": [ "0", "0", "0", "0", "0", "0", "0", "0", "1", "0", "0", "0", "0", "0", "0", "0", "0", "0", "0", "0", "0", "0", "0", "0" ], "duration": 819.0, "sum": 1 }, "geometry": { "type": "Point", "coordinates": [ -122.362607542331716, 47.729904378430128 ] } },
{ "type": "Feature", "properties": { "lat": 47.730200493919881, "lon": -122.36346803547625, "time_of_day": "Morning", "causation": [ "0", "0", "0", "0", "0", "0", "0", "0", "1", "0", "0", "0", "0", "0", "0", "0", "0", "0", "0", "0", "0", "0", "0", "0" ], "duration": 819.0, "sum": 1 }, "geometry": { "type": "Point", "coordinates": [ -122.363468035476245, 47.730200493919881 ] } },
{ "type": "Feature", "properties": { "lat": 47.730300225304958, "lon": -122.36252935540398, "time_of_day": "Morning", "causation": [ "0", "0", "0", "0", "0", "0", "0", "0", "1", "0", "0", "0", "0", "0", "0", "0", "0", "0", "0", "0", "0", "0", "0", "0" ], "duration": 819.0, "sum": 1 }, "geometry": { "type": "Point", "coordinates": [ -122.362529355403979, 47.730300225304958 ] } },
{ "type": "Feature", "properties": { "lat": 47.730685135364851, "lon": -122.3640213947486, "time_of_day": "Morning", "causation": [ "0", "0", "0", "0", "0", "0", "0", "0", "1", "0", "0", "0", "0", "0", "0", "0", "0", "0", "0", "0", "0", "0", "0", "0" ], "duration": 819.0, "sum": 1 }, "geometry": { "type": "Point", "coordinates": [ -122.364021394748605, 47.730685135364851 ] } },
{ "type": "Feature", "properties": { "lat": 47.730747212506401, "lon": -122.362707275014, "time_of_day": "Morning", "causation": [ "0", "0", "0", "0", "0", "0", "0", "0", "1", "0", "0", "0", "0", "0", "0", "0", "0", "0", "0", "0", "0", "0", "0", "0" ], "duration": 819.0, "sum": 1 }, "geometry": { "type": "Point", "coordinates": [ -122.362707275014003, 47.730747212506401 ] } },
{ "type": "Feature", "properties": { "lat": 47.730855752680405, "lon": -122.36972111946628, "time_of_day": "Late Night", "causation": [ "0", "0", "0", "0", "0", "0", "0", "0", "1", "0", "0", "0", "0", "0", "0", "0", "0", "0", "0", "0", "0", "0", "0", "0" ], "duration": 1213.0, "sum": 1 }, "geometry": { "type": "Point", "coordinates": [ -122.369721119466277, 47.730855752680405 ] } },
{ "type": "Feature", "properties": { "lat": 47.730876011319651, "lon": -122.37094107912225, "time_of_day": "Morning", "causation": [ "0", "0", "0", "0", "0", "0", "0", "0", "1", "0", "0", "0", "0", "0", "0", "0", "0", "0", "0", "0", "0", "0", "0", "0" ], "duration": 819.0, "sum": 1 }, "geometry": { "type": "Point", "coordinates": [ -122.370941079122247, 47.730876011319651 ] } },
{ "type": "Feature", "properties": { "lat": 47.730932160046088, "lon": -122.36791470344224, "time_of_day": "Late Night", "causation": [ "0", "0", "0", "0", "0", "0", "0", "0", "1", "0", "0", "0", "0", "0", "0", "0", "0", "0", "0", "0", "0", "0", "0", "0" ], "duration": 1213.0, "sum": 1 }, "geometry": { "type": "Point", "coordinates": [ -122.367914703442239, 47.730932160046088 ] } },
{ "type": "Feature", "properties": { "lat": 47.731104258439252, "lon": -122.36881594280004, "time_of_day": "Late Night", "causation": [ "0", "0", "0", "0", "0", "0", "0", "0", "1", "0", "0", "0", "0", "0", "0", "0", "0", "0", "0", "0", "0", "0", "0", "0" ], "duration": 1213.0, "sum": 1 }, "geometry": { "type": "Point", "coordinates": [ -122.36881594280004, 47.731104258439252 ] } },
{ "type": "Feature", "properties": { "lat": 47.73110911792584, "lon": -122.36285652905096, "time_of_day": "Morning", "causation": [ "0", "0", "0", "0", "0", "0", "0", "0", "1", "0", "0", "0", "0", "0", "0", "0", "0", "0", "0", "0", "0", "0", "0", "0" ], "duration": 819.0, "sum": 1 }, "geometry": { "type": "Point", "coordinates": [ -122.362856529050958, 47.73110911792584 ] } },
{ "type": "Feature", "properties": { "lat": 47.731168542839079, "lon": -122.37202244255025, "time_of_day": "Morning", "causation": [ "0", "0", "0", "0", "0", "0", "0", "0", "1", "0", "0", "0", "0", "0", "0", "0", "0", "0", "0", "0", "0", "0", "0", "0" ], "duration": 819.0, "sum": 1 }, "geometry": { "type": "Point", "coordinates": [ -122.372022442550247, 47.731168542839079 ] } },
{ "type": "Feature", "properties": { "lat": 47.731264151149283, "lon": -122.3703673477864, "time_of_day": "Late Night", "causation": [ "0", "0", "0", "0", "0", "0", "0", "0", "1", "0", "0", "0", "0", "0", "0", "0", "0", "0", "0", "0", "0", "0", "0", "0" ], "duration": 1213.0, "sum": 1 }, "geometry": { "type": "Point", "coordinates": [ -122.370367347786399, 47.731264151149283 ] } },
{ "type": "Feature", "properties": { "lat": 47.731305777858807, "lon": -122.36989828274324, "time_of_day": "Late Night", "causation": [ "0", "0", "0", "0", "0", "0", "0", "0", "1", "0", "0", "0", "0", "0", "0", "0", "0", "0", "0", "0", "0", "0", "0", "0" ], "duration": 1213.0, "sum": 1 }, "geometry": { "type": "Point", "coordinates": [ -122.369898282743236, 47.731305777858807 ] } },
{ "type": "Feature", "properties": { "lat": 47.731334586774523, "lon": -122.3645452092006, "time_of_day": "Morning", "causation": [ "0", "0", "0", "0", "0", "0", "0", "0", "1", "0", "0", "0", "0", "0", "0", "0", "0", "0", "0", "0", "0", "0", "0", "0" ], "duration": 819.0, "sum": 1 }, "geometry": { "type": "Point", "coordinates": [ -122.3645452092006, 47.731334586774523 ] } },
{ "type": "Feature", "properties": { "lat": 47.731457549205039, "lon": -122.3683600280734, "time_of_day": "Late Night", "causation": [ "0", "0", "0", "0", "0", "0", "0", "0", "1", "0", "0", "0", "0", "0", "0", "0", "0", "0", "0", "0", "0", "0", "0", "0" ], "duration": 1213.0, "sum": 1 }, "geometry": { "type": "Point", "coordinates": [ -122.368360028073397, 47.731457549205039 ] } },
{ "type": "Feature", "properties": { "lat": 47.731477520994147, "lon": -122.36664165904632, "time_of_day": "Morning", "causation": [ "0", "0", "0", "0", "0", "0", "0", "0", "1", "0", "0", "0", "0", "0", "0", "0", "0", "0", "0", "0", "0", "0", "0", "0" ], "duration": 819.0, "sum": 1 }, "geometry": { "type": "Point", "coordinates": [ -122.366641659046323, 47.731477520994147 ] } },
{ "type": "Feature", "properties": { "lat": 47.731525066097511, "lon": -122.36727147686383, "time_of_day": "Morning", "causation": [ "0", "0", "0", "0", "0", "0", "0", "0", "1", "0", "0", "0", "0", "0", "0", "0", "0", "0", "0", "0", "0", "0", "0", "0" ], "duration": 819.0, "sum": 1 }, "geometry": { "type": "Point", "coordinates": [ -122.367271476863834, 47.731525066097511 ] } },
{ "type": "Feature", "properties": { "lat": 47.731675241053807, "lon": -122.36565979258552, "time_of_day": "Morning", "causation": [ "0", "0", "0", "0", "0", "0", "0", "0", "1", "0", "0", "0", "0", "0", "0", "0", "0", "0", "0", "0", "0", "0", "0", "0" ], "duration": 819.0, "sum": 1 }, "geometry": { "type": "Point", "coordinates": [ -122.365659792585518, 47.731675241053807 ] } },
{ "type": "Feature", "properties": { "lat": 47.731682388780932, "lon": -122.37204080664291, "time_of_day": "Morning", "causation": [ "0", "0", "0", "0", "0", "0", "0", "0", "1", "0", "0", "0", "0", "0", "0", "0", "0", "0", "0", "0", "0", "0", "0", "0" ], "duration": 819.0, "sum": 1 }, "geometry": { "type": "Point", "coordinates": [ -122.372040806642914, 47.731682388780932 ] } },
{ "type": "Feature", "properties": { "lat": 47.73176660486088, "lon": -122.36612101621893, "time_of_day": "Morning", "causation": [ "0", "0", "0", "0", "0", "0", "0", "0", "1", "0", "0", "0", "0", "0", "0", "0", "0", "0", "0", "0", "0", "0", "0", "0" ], "duration": 819.0, "sum": 1 }, "geometry": { "type": "Point", "coordinates": [ -122.366121016218926, 47.73176660486088 ] } },
{ "type": "Feature", "properties": { "lat": 47.732132248484312, "lon": -122.365459325914, "time_of_day": "Morning", "causation": [ "0", "0", "0", "0", "0", "0", "0", "0", "1", "0", "0", "0", "0", "0", "0", "0", "0", "0", "0", "0", "0", "0", "0", "0" ], "duration": 819.0, "sum": 1 }, "geometry": { "type": "Point", "coordinates": [ -122.365459325914003, 47.732132248484312 ] } },
{ "type": "Feature", "properties": { "lat": 47.732157921639562, "lon": -122.37136813166764, "time_of_day": "Morning", "causation": [ "0", "0", "0", "0", "0", "0", "0", "0", "1", "0", "0", "0", "0", "0", "0", "0", "0", "0", "0", "0", "0", "0", "0", "0" ], "duration": 819.0, "sum": 1 }, "geometry": { "type": "Point", "coordinates": [ -122.371368131667637, 47.732157921639562 ] } },
{ "type": "Feature", "properties": { "lat": 47.732241293669283, "lon": -122.36589483967369, "time_of_day": "Morning", "causation": [ "0", "0", "0", "0", "0", "0", "0", "0", "1", "0", "0", "0", "0", "0", "0", "0", "0", "0", "0", "0", "0", "0", "0", "0" ], "duration": 819.0, "sum": 1 }, "geometry": { "type": "Point", "coordinates": [ -122.365894839673686, 47.732241293669283 ] } },
{ "type": "Feature", "properties": { "lat": 47.732360783821299, "lon": -122.37221993432701, "time_of_day": "Morning", "causation": [ "0", "0", "0", "0", "0", "0", "0", "0", "1", "0", "0", "0", "0", "0", "0", "0", "0", "0", "0", "0", "0", "0", "0", "0" ], "duration": 819.0, "sum": 1 }, "geometry": { "type": "Point", "coordinates": [ -122.372219934327006, 47.732360783821299 ] } },
{ "type": "Feature", "properties": { "lat": 47.732488436112682, "lon": -122.36734818799572, "time_of_day": "Morning", "causation": [ "0", "0", "0", "0", "0", "0", "0", "0", "1", "0", "0", "0", "0", "0", "0", "0", "0", "0", "0", "0", "0", "0", "0", "0" ], "duration": 819.0, "sum": 1 }, "geometry": { "type": "Point", "coordinates": [ -122.367348187995717, 47.732488436112682 ] } },
{ "type": "Feature", "properties": { "lat": 47.732522047753207, "lon": -122.36880683050312, "time_of_day": "Late Night", "causation": [ "0", "0", "0", "0", "0", "0", "0", "0", "1", "0", "0", "0", "0", "0", "0", "0", "0", "0", "0", "0", "0", "0", "0", "0" ], "duration": 1213.0, "sum": 1 }, "geometry": { "type": "Point", "coordinates": [ -122.368806830503118, 47.732522047753207 ] } },
{ "type": "Feature", "properties": { "lat": 47.732580300700953, "lon": -122.3697051092347, "time_of_day": "Late Night", "causation": [ "0", "0", "0", "0", "0", "0", "0", "0", "1", "0", "0", "0", "0", "0", "0", "0", "0", "0", "0", "0", "0", "0", "0", "0" ], "duration": 1213.0, "sum": 1 }, "geometry": { "type": "Point", "coordinates": [ -122.369705109234701, 47.732580300700953 ] } },
{ "type": "Feature", "properties": { "lat": 47.732591331831323, "lon": -122.36831030289366, "time_of_day": "Morning", "causation": [ "0", "0", "0", "0", "0", "0", "0", "0", "1", "0", "0", "0", "0", "0", "0", "0", "0", "0", "0", "0", "0", "0", "0", "0" ], "duration": 819.0, "sum": 1 }, "geometry": { "type": "Point", "coordinates": [ -122.368310302893661, 47.732591331831323 ] } },
{ "type": "Feature", "properties": { "lat": 47.732604191527443, "lon": -122.36667176324001, "time_of_day": "Morning", "causation": [ "0", "0", "0", "0", "0", "0", "0", "0", "1", "0", "0", "0", "0", "0", "0", "0", "0", "0", "0", "0", "0", "0", "0", "0" ], "duration": 819.0, "sum": 1 }, "geometry": { "type": "Point", "coordinates": [ -122.366671763240006, 47.732604191527443 ] } },
{ "type": "Feature", "properties": { "lat": 47.732685955871617, "lon": -122.36771770869292, "time_of_day": "Morning", "causation": [ "0", "0", "0", "0", "0", "0", "0", "0", "1", "0", "0", "0", "0", "0", "0", "0", "0", "0", "0", "0", "0", "0", "0", "0" ], "duration": 819.0, "sum": 1 }, "geometry": { "type": "Point", "coordinates": [ -122.367717708692922, 47.732685955871617 ] } },
{ "type": "Feature", "properties": { "lat": 47.733029394480894, "lon": -122.36720170993314, "time_of_day": "Late Night", "causation": [ "0", "0", "0", "0", "0", "0", "0", "0", "1", "0", "0", "0", "0", "0", "0", "0", "0", "0", "0", "0", "0", "0", "0", "0" ], "duration": 1213.0, "sum": 1 }, "geometry": { "type": "Point", "coordinates": [ -122.367201709933141, 47.733029394480894 ] } },
{ "type": "Feature", "properties": { "lat": 47.733433156757229, "lon": -122.36665642151344, "time_of_day": "Late Night", "causation": [ "0", "0", "0", "0", "0", "0", "0", "0", "1", "0", "0", "0", "0", "0", "0", "0", "0", "0", "0", "0", "0", "0", "0", "0" ], "duration": 1213.0, "sum": 1 }, "geometry": { "type": "Point", "coordinates": [ -122.36665642151344, 47.733433156757229 ] } },
{ "type": "Feature", "properties": { "lat": 47.733484459314994, "lon": -122.36788669337312, "time_of_day": "Late Night", "causation": [ "0", "0", "0", "0", "0", "0", "0", "0", "2", "0", "0", "0", "0", "0", "0", "0", "0", "0", "0", "0", "0", "0", "0", "0" ], "duration": 2426.0, "sum": 2 }, "geometry": { "type": "Point", "coordinates": [ -122.367886693373123, 47.733484459314994 ] } },
{ "type": "Feature", "properties": { "lat": 47.733536428729053, "lon": -122.36719157346435, "time_of_day": "Late Night", "causation": [ "0", "0", "0", "0", "0", "0", "0", "0", "1", "0", "0", "0", "0", "0", "0", "0", "0", "0", "0", "0", "0", "0", "0", "0" ], "duration": 1213.0, "sum": 1 }, "geometry": { "type": "Point", "coordinates": [ -122.367191573464353, 47.733536428729053 ] } },
{ "type": "Feature", "properties": { "lat": 47.734232684348619, "lon": -122.29298418788365, "time_of_day": "Afternoon", "causation": [ "0", "0", "0", "0", "0", "0", "0", "0", "0", "0", "0", "0", "0", "0", "0", "0", "0", "0", "1", "0", "0", "0", "0", "0" ], "duration": 441.0, "sum": 1 }, "geometry": { "type": "Point", "coordinates": [ -122.292984187883647, 47.734232684348619 ] } },
{ "type": "Feature", "properties": { "lat": 47.742303462179891, "lon": -122.35044000092029, "time_of_day": "Late Night", "causation": [ "0", "0", "0", "0", "0", "0", "0", "0", "8", "0", "0", "0", "0", "0", "0", "0", "0", "0", "0", "0", "0", "0", "0", "0" ], "duration": 584.0, "sum": 8 }, "geometry": { "type": "Point", "coordinates": [ -122.350440000920287, 47.742303462179891 ] } },
{ "type": "Feature", "properties": { "lat": 47.742303462179891, "lon": -122.35044000092029, "time_of_day": "Morning", "causation": [ "0", "0", "0", "0", "0", "0", "0", "0", "1", "0", "0", "0", "0", "0", "0", "0", "0", "0", "0", "0", "0", "0", "0", "0" ], "duration": 319.0, "sum": 1 }, "geometry": { "type": "Point", "coordinates": [ -122.350440000920287, 47.742303462179891 ] } },
{ "type": "Feature", "properties": { "lat": 47.743226622822249, "lon": -122.34948031973116, "time_of_day": "Late Night", "causation": [ "0", "0", "0", "0", "0", "0", "0", "0", "1", "0", "0", "0", "0", "0", "0", "0", "0", "0", "0", "0", "0", "0", "0", "0" ], "duration": 73.0, "sum": 1 }, "geometry": { "type": "Point", "coordinates": [ -122.349480319731157, 47.743226622822249 ] } },
{ "type": "Feature", "properties": { "lat": 47.743226622822249, "lon": -122.34948031973116, "time_of_day": "Morning", "causation": [ "0", "0", "0", "0", "0", "0", "0", "0", "5", "0", "0", "0", "0", "0", "0", "0", "0", "0", "0", "0", "0", "0", "0", "0" ], "duration": 1595.0, "sum": 5 }, "geometry": { "type": "Point", "coordinates": [ -122.349480319731157, 47.743226622822249 ] } },
{ "type": "Feature", "properties": { "lat": 47.748952346669775, "lon": -122.34464148271186, "time_of_day": "Morning", "causation": [ "0", "0", "0", "0", "0", "0", "0", "0", "0", "0", "0", "0", "0", "0", "0", "0", "0", "0", "1", "0", "0", "0", "0", "0" ], "duration": 137.0, "sum": 1 }, "geometry": { "type": "Point", "coordinates": [ -122.344641482711864, 47.748952346669775 ] } },
{ "type": "Feature", "properties": { "lat": 47.748963711594158, "lon": -122.34409081437234, "time_of_day": "Morning", "causation": [ "0", "0", "0", "0", "0", "0", "0", "0", "0", "0", "0", "0", "0", "0", "0", "0", "0", "0", "1", "0", "0", "0", "0", "0" ], "duration": 553.0, "sum": 1 }, "geometry": { "type": "Point", "coordinates": [ -122.344090814372336, 47.748963711594158 ] } },
{ "type": "Feature", "properties": { "lat": 47.74897899075718, "lon": -122.3433508851346, "time_of_day": "Morning", "causation": [ "0", "0", "0", "0", "0", "0", "0", "0", "0", "0", "0", "0", "0", "0", "0", "0", "0", "0", "1", "0", "0", "0", "0", "0" ], "duration": 553.0, "sum": 1 }, "geometry": { "type": "Point", "coordinates": [ -122.343350885134598, 47.74897899075718 ] } },
{ "type": "Feature", "properties": { "lat": 47.748979594502373, "lon": -122.34359695272978, "time_of_day": "Morning", "causation": [ "0", "0", "0", "0", "0", "0", "0", "0", "0", "0", "0", "0", "0", "0", "0", "0", "0", "0", "1", "0", "0", "0", "0", "0" ], "duration": 553.0, "sum": 1 }, "geometry": { "type": "Point", "coordinates": [ -122.343596952729783, 47.748979594502373 ] } },
{ "type": "Feature", "properties": { "lat": 47.748995853941011, "lon": -122.34375029907019, "time_of_day": "Morning", "causation": [ "0", "0", "0", "0", "0", "0", "0", "0", "0", "0", "0", "0", "0", "0", "0", "0", "0", "0", "1", "0", "0", "0", "0", "0" ], "duration": 553.0, "sum": 1 }, "geometry": { "type": "Point", "coordinates": [ -122.343750299070194, 47.748995853941011 ] } },
{ "type": "Feature", "properties": { "lat": 47.749055759959667, "lon": -122.34306300480657, "time_of_day": "Morning", "causation": [ "0", "0", "0", "0", "0", "0", "0", "0", "0", "0", "0", "0", "0", "0", "0", "0", "0", "0", "1", "0", "0", "0", "0", "0" ], "duration": 553.0, "sum": 1 }, "geometry": { "type": "Point", "coordinates": [ -122.343063004806567, 47.749055759959667 ] } },
{ "type": "Feature", "properties": { "lat": 47.749467695105984, "lon": -122.3436326286463, "time_of_day": "Morning", "causation": [ "0", "0", "0", "0", "0", "0", "0", "0", "0", "0", "0", "0", "0", "0", "0", "0", "0", "0", "1", "0", "0", "0", "0", "0" ], "duration": 553.0, "sum": 1 }, "geometry": { "type": "Point", "coordinates": [ -122.343632628646304, 47.749467695105984 ] } },
{ "type": "Feature", "properties": { "lat": 47.749477160198794, "lon": -122.34341700298764, "time_of_day": "Morning", "causation": [ "0", "0", "0", "0", "0", "0", "0", "0", "0", "0", "0", "0", "0", "0", "0", "0", "0", "0", "1", "0", "0", "0", "0", "0" ], "duration": 553.0, "sum": 1 }, "geometry": { "type": "Point", "coordinates": [ -122.343417002987636, 47.749477160198794 ] } },
{ "type": "Feature", "properties": { "lat": 47.749482378933152, "lon": -122.34406688710408, "time_of_day": "Morning", "causation": [ "0", "0", "0", "0", "0", "0", "0", "0", "0", "0", "0", "0", "0", "0", "0", "0", "0", "0", "1", "0", "0", "0", "0", "0" ], "duration": 553.0, "sum": 1 }, "geometry": { "type": "Point", "coordinates": [ -122.344066887104077, 47.749482378933152 ] } },
{ "type": "Feature", "properties": { "lat": 47.749523719353455, "lon": -122.34470854958629, "time_of_day": "Morning", "causation": [ "0", "0", "0", "0", "0", "0", "0", "0", "0", "0", "0", "0", "0", "0", "0", "0", "0", "0", "1", "0", "0", "0", "0", "0" ], "duration": 137.0, "sum": 1 }, "geometry": { "type": "Point", "coordinates": [ -122.344708549586286, 47.749523719353455 ] } },
{ "type": "Feature", "properties": { "lat": 47.752530339514067, "lon": -122.31700287063288, "time_of_day": "Morning", "causation": [ "0", "0", "0", "0", "0", "0", "0", "0", "0", "0", "0", "0", "0", "0", "0", "0", "0", "0", "0", "0", "1", "0", "0", "0" ], "duration": 31.0, "sum": 1 }, "geometry": { "type": "Point", "coordinates": [ -122.317002870632876, 47.752530339514067 ] } },
{ "type": "Feature", "properties": { "lat": 47.752681991886099, "lon": -122.31700610475848, "time_of_day": "Morning", "causation": [ "0", "0", "0", "0", "0", "0", "0", "0", "0", "0", "0", "0", "0", "0", "0", "0", "0", "0", "0", "0", "1", "0", "0", "0" ], "duration": 31.0, "sum": 1 }, "geometry": { "type": "Point", "coordinates": [ -122.317006104758477, 47.752681991886099 ] } },
{ "type": "Feature", "properties": { "lat": 47.752685338393377, "lon": -122.31754191913532, "time_of_day": "Morning", "causation": [ "0", "0", "0", "0", "0", "0", "0", "0", "0", "0", "0", "0", "0", "0", "0", "0", "0", "0", "0", "0", "1", "0", "0", "0" ], "duration": 31.0, "sum": 1 }, "geometry": { "type": "Point", "coordinates": [ -122.317541919135323, 47.752685338393377 ] } },
{ "type": "Feature", "properties": { "lat": 47.752871243981922, "lon": -122.31703455752228, "time_of_day": "Morning", "causation": [ "0", "0", "0", "0", "0", "0", "0", "0", "0", "0", "0", "0", "0", "0", "0", "0", "0", "0", "0", "0", "1", "0", "0", "0" ], "duration": 31.0, "sum": 1 }, "geometry": { "type": "Point", "coordinates": [ -122.317034557522277, 47.752871243981922 ] } },
{ "type": "Feature", "properties": { "lat": 47.752898395029199, "lon": -122.3178155970062, "time_of_day": "Morning", "causation": [ "0", "0", "0", "0", "0", "0", "0", "0", "0", "0", "0", "0", "0", "0", "0", "0", "0", "0", "0", "0", "1", "0", "0", "0" ], "duration": 31.0, "sum": 1 }, "geometry": { "type": "Point", "coordinates": [ -122.317815597006202, 47.752898395029199 ] } },
{ "type": "Feature", "properties": { "lat": 47.753035692090258, "lon": -122.31764317197783, "time_of_day": "Morning", "causation": [ "0", "0", "0", "0", "0", "0", "0", "0", "0", "0", "0", "0", "0", "0", "0", "0", "0", "0", "0", "0", "1", "0", "0", "0" ], "duration": 31.0, "sum": 1 }, "geometry": { "type": "Point", "coordinates": [ -122.317643171977835, 47.753035692090258 ] } },
{ "type": "Feature", "properties": { "lat": 47.753043915267291, "lon": -122.31702900038503, "time_of_day": "Morning", "causation": [ "0", "0", "0", "0", "0", "0", "0", "0", "0", "0", "0", "0", "0", "0", "0", "0", "0", "0", "0", "0", "1", "0", "0", "0" ], "duration": 31.0, "sum": 1 }, "geometry": { "type": "Point", "coordinates": [ -122.317029000385034, 47.753043915267291 ] } },
{ "type": "Feature", "properties": { "lat": 47.753215408811357, "lon": -122.31765484666296, "time_of_day": "Morning", "causation": [ "0", "0", "0", "0", "0", "0", "0", "0", "0", "0", "0", "0", "0", "0", "0", "0", "0", "0", "0", "0", "1", "0", "0", "0" ], "duration": 31.0, "sum": 1 }, "geometry": { "type": "Point", "coordinates": [ -122.317654846662961, 47.753215408811357 ] } },
{ "type": "Feature", "properties": { "lat": 47.753248358381661, "lon": -122.31703422382508, "time_of_day": "Morning", "causation": [ "0", "0", "0", "0", "0", "0", "0", "0", "0", "0", "0", "0", "0", "0", "0", "0", "0", "0", "0", "0", "1", "0", "0", "0" ], "duration": 31.0, "sum": 1 }, "geometry": { "type": "Point", "coordinates": [ -122.317034223825075, 47.753248358381661 ] } },
{ "type": "Feature", "properties": { "lat": 47.75338408750239, "lon": -122.31704572433334, "time_of_day": "Morning", "causation": [ "0", "0", "0", "0", "0", "0", "0", "0", "0", "0", "0", "0", "0", "0", "0", "0", "0", "0", "0", "0", "1", "0", "0", "0" ], "duration": 31.0, "sum": 1 }, "geometry": { "type": "Point", "coordinates": [ -122.31704572433334, 47.75338408750239 ] } },
{ "type": "Feature", "properties": { "lat": 47.75343512588384, "lon": -122.31776343185729, "time_of_day": "Morning", "causation": [ "0", "0", "0", "0", "0", "0", "0", "0", "0", "0", "0", "0", "0", "0", "0", "0", "0", "0", "0", "0", "1", "0", "0", "0" ], "duration": 31.0, "sum": 1 }, "geometry": { "type": "Point", "coordinates": [ -122.317763431857287, 47.75343512588384 ] } },
{ "type": "Feature", "properties": { "lat": 47.753577312625374, "lon": -122.3170495130331, "time_of_day": "Morning", "causation": [ "0", "0", "0", "0", "0", "0", "0", "0", "0", "0", "0", "0", "0", "0", "0", "0", "0", "0", "0", "0", "1", "0", "0", "0" ], "duration": 31.0, "sum": 1 }, "geometry": { "type": "Point", "coordinates": [ -122.317049513033098, 47.753577312625374 ] } },
{ "type": "Feature", "properties": { "lat": 47.753578894974886, "lon": -122.31761851761534, "time_of_day": "Morning", "causation": [ "0", "0", "0", "0", "0", "0", "0", "0", "0", "0", "0", "0", "0", "0", "0", "0", "0", "0", "0", "0", "1", "0", "0", "0" ], "duration": 31.0, "sum": 1 }, "geometry": { "type": "Point", "coordinates": [ -122.317618517615344, 47.753578894974886 ] } },
{ "type": "Feature", "properties": { "lat": 47.753748976713993, "lon": -122.31706217940042, "time_of_day": "Morning", "causation": [ "0", "0", "0", "0", "0", "0", "0", "0", "0", "0", "0", "0", "0", "0", "0", "0", "0", "0", "0", "0", "1", "0", "0", "0" ], "duration": 31.0, "sum": 1 }, "geometry": { "type": "Point", "coordinates": [ -122.317062179400423, 47.753748976713993 ] } },
{ "type": "Feature", "properties": { "lat": 47.753756141623008, "lon": -122.31762423409512, "time_of_day": "Morning", "causation": [ "0", "0", "0", "0", "0", "0", "0", "0", "0", "0", "0", "0", "0", "0", "0", "0", "0", "0", "0", "0", "1", "0", "0", "0" ], "duration": 31.0, "sum": 1 }, "geometry": { "type": "Point", "coordinates": [ -122.317624234095121, 47.753756141623008 ] } },
{ "type": "Feature", "properties": { "lat": 47.753916998601305, "lon": -122.3176600095204, "time_of_day": "Morning", "causation": [ "0", "0", "0", "0", "0", "0", "0", "0", "0", "0", "0", "0", "0", "0", "0", "0", "0", "0", "0", "0", "1", "0", "0", "0" ], "duration": 31.0, "sum": 1 }, "geometry": { "type": "Point", "coordinates": [ -122.317660009520395, 47.753916998601305 ] } },
{ "type": "Feature", "properties": { "lat": 47.753936514529883, "lon": -122.31706893234259, "time_of_day": "Morning", "causation": [ "0", "0", "0", "0", "0", "0", "0", "0", "0", "0", "0", "0", "0", "0", "0", "0", "0", "0", "0", "0", "1", "0", "0", "0" ], "duration": 31.0, "sum": 1 }, "geometry": { "type": "Point", "coordinates": [ -122.317068932342593, 47.753936514529883 ] } },
{ "type": "Feature", "properties": { "lat": 47.754120166466151, "lon": -122.3170738461538, "time_of_day": "Morning", "causation": [ "0", "0", "0", "0", "0", "0", "0", "0", "0", "0", "0", "0", "0", "0", "0", "0", "0", "0", "0", "0", "1", "0", "0", "0" ], "duration": 31.0, "sum": 1 }, "geometry": { "type": "Point", "coordinates": [ -122.317073846153804, 47.754120166466151 ] } },
{ "type": "Feature", "properties": { "lat": 47.754126308691042, "lon": -122.31766158927068, "time_of_day": "Morning", "causation": [ "0", "0", "0", "0", "0", "0", "0", "0", "0", "0", "0", "0", "0", "0", "0", "0", "0", "0", "0", "0", "1", "0", "0", "0" ], "duration": 31.0, "sum": 1 }, "geometry": { "type": "Point", "coordinates": [ -122.317661589270685, 47.754126308691042 ] } },
{ "type": "Feature", "properties": { "lat": 47.75426912196621, "lon": -122.31707276664484, "time_of_day": "Morning", "causation": [ "0", "0", "0", "0", "0", "0", "0", "0", "0", "0", "0", "0", "0", "0", "0", "0", "0", "0", "0", "0", "1", "0", "0", "0" ], "duration": 31.0, "sum": 1 }, "geometry": { "type": "Point", "coordinates": [ -122.317072766644841, 47.75426912196621 ] } },
{ "type": "Feature", "properties": { "lat": 47.754458952546358, "lon": -122.31700970581004, "time_of_day": "Morning", "causation": [ "0", "0", "0", "0", "0", "0", "0", "0", "0", "0", "0", "0", "0", "0", "0", "0", "0", "0", "0", "0", "1", "0", "0", "0" ], "duration": 31.0, "sum": 1 }, "geometry": { "type": "Point", "coordinates": [ -122.317009705810037, 47.754458952546358 ] } },
{ "type": "Feature", "properties": { "lat": 47.754468096169546, "lon": -122.31776496306657, "time_of_day": "Morning", "causation": [ "0", "0", "0", "0", "0", "0", "0", "0", "0", "0", "0", "0", "0", "0", "0", "0", "0", "0", "0", "0", "1", "0", "0", "0" ], "duration": 31.0, "sum": 1 }, "geometry": { "type": "Point", "coordinates": [ -122.317764963066566, 47.754468096169546 ] } },
{ "type": "Feature", "properties": { "lat": 47.754640842715979, "lon": -122.31701789107616, "time_of_day": "Morning", "causation": [ "0", "0", "0", "0", "0", "0", "0", "0", "0", "0", "0", "0", "0", "0", "0", "0", "0", "0", "0", "0", "1", "0", "0", "0" ], "duration": 31.0, "sum": 1 }, "geometry": { "type": "Point", "coordinates": [ -122.317017891076162, 47.754640842715979 ] } },
{ "type": "Feature", "properties": { "lat": 47.754654594986107, "lon": -122.31773940827976, "time_of_day": "Morning", "causation": [ "0", "0", "0", "0", "0", "0", "0", "0", "0", "0", "0", "0", "0", "0", "0", "0", "0", "0", "0", "0", "1", "0", "0", "0" ], "duration": 31.0, "sum": 1 }, "geometry": { "type": "Point", "coordinates": [ -122.317739408279763, 47.754654594986107 ] } },
{ "type": "Feature", "properties": { "lat": 47.754787023284472, "lon": -122.3170383026785, "time_of_day": "Morning", "causation": [ "0", "0", "0", "0", "0", "0", "0", "0", "0", "0", "0", "0", "0", "0", "0", "0", "0", "0", "0", "0", "1", "0", "0", "0" ], "duration": 31.0, "sum": 1 }, "geometry": { "type": "Point", "coordinates": [ -122.317038302678498, 47.754787023284472 ] } },
{ "type": "Feature", "properties": { "lat": 47.754866133386727, "lon": -122.31778266459123, "time_of_day": "Morning", "causation": [ "0", "0", "0", "0", "0", "0", "0", "0", "0", "0", "0", "0", "0", "0", "0", "0", "0", "0", "0", "0", "1", "0", "0", "0" ], "duration": 31.0, "sum": 1 }, "geometry": { "type": "Point", "coordinates": [ -122.317782664591235, 47.754866133386727 ] } },
{ "type": "Feature", "properties": { "lat": 47.754995735089757, "lon": -122.31691621650552, "time_of_day": "Morning", "causation": [ "0", "0", "0", "0", "0", "0", "0", "0", "0", "0", "0", "0", "0", "0", "0", "0", "0", "0", "0", "0", "1", "0", "0", "0" ], "duration": 31.0, "sum": 1 }, "geometry": { "type": "Point", "coordinates": [ -122.316916216505518, 47.754995735089757 ] } },
{ "type": "Feature", "properties": { "lat": 47.755015295348699, "lon": -122.31773639817062, "time_of_day": "Morning", "causation": [ "0", "0", "0", "0", "0", "0", "0", "0", "0", "0", "0", "0", "0", "0", "0", "0", "0", "0", "0", "0", "1", "0", "0", "0" ], "duration": 31.0, "sum": 1 }, "geometry": { "type": "Point", "coordinates": [ -122.317736398170624, 47.755015295348699 ] } },
{ "type": "Feature", "properties": { "lat": 47.755204508088447, "lon": -122.31688258967688, "time_of_day": "Morning", "causation": [ "0", "0", "0", "0", "0", "0", "0", "0", "0", "0", "0", "0", "0", "0", "0", "0", "0", "0", "0", "0", "1", "0", "0", "0" ], "duration": 31.0, "sum": 1 }, "geometry": { "type": "Point", "coordinates": [ -122.316882589676879, 47.755204508088447 ] } },
{ "type": "Feature", "properties": { "lat": 47.755238763374429, "lon": -122.31779865958931, "time_of_day": "Morning", "causation": [ "0", "0", "0", "0", "0", "0", "0", "0", "0", "0", "0", "0", "0", "0", "0", "0", "0", "0", "0", "0", "1", "0", "0", "0" ], "duration": 31.0, "sum": 1 }, "geometry": { "type": "Point", "coordinates": [ -122.317798659589315, 47.755238763374429 ] } },
{ "type": "Feature", "properties": { "lat": 47.755350178323333, "lon": -122.31699202274356, "time_of_day": "Morning", "causation": [ "0", "0", "0", "0", "0", "0", "0", "0", "0", "0", "0", "0", "0", "0", "0", "0", "0", "0", "0", "0", "1", "0", "0", "0" ], "duration": 31.0, "sum": 1 }, "geometry": { "type": "Point", "coordinates": [ -122.316992022743563, 47.755350178323333 ] } },
{ "type": "Feature", "properties": { "lat": 47.755372135568585, "lon": -122.31767816106276, "time_of_day": "Morning", "causation": [ "0", "0", "0", "0", "0", "0", "0", "0", "0", "0", "0", "0", "0", "0", "0", "0", "0", "0", "0", "0", "1", "0", "0", "0" ], "duration": 31.0, "sum": 1 }, "geometry": { "type": "Point", "coordinates": [ -122.317678161062759, 47.755372135568585 ] } },
{ "type": "Feature", "properties": { "lat": 47.755589892326718, "lon": -122.31762803333579, "time_of_day": "Morning", "causation": [ "0", "0", "0", "0", "0", "0", "0", "0", "0", "0", "0", "0", "0", "0", "0", "0", "0", "0", "0", "0", "1", "0", "0", "0" ], "duration": 31.0, "sum": 1 }, "geometry": { "type": "Point", "coordinates": [ -122.317628033335794, 47.755589892326718 ] } },
{ "type": "Feature", "properties": { "lat": 47.755605857443122, "lon": -122.31719928670242, "time_of_day": "Morning", "causation": [ "0", "0", "0", "0", "0", "0", "0", "0", "0", "0", "0", "0", "0", "0", "0", "0", "0", "0", "0", "0", "1", "0", "0", "0" ], "duration": 31.0, "sum": 1 }, "geometry": { "type": "Point", "coordinates": [ -122.317199286702419, 47.755605857443122 ] } },
{ "type": "Feature", "properties": { "lat": 47.767036349565096, "lon": -122.3860463082614, "time_of_day": "Morning", "causation": [ "0", "0", "0", "0", "0", "0", "0", "0", "1", "0", "0", "0", "0", "0", "0", "0", "0", "0", "0", "0", "0", "0", "0", "0" ], "duration": 423.0, "sum": 1 }, "geometry": { "type": "Point", "coordinates": [ -122.386046308261399, 47.767036349565096 ] } },
{ "type": "Feature", "properties": { "lat": 47.767156539170081, "lon": -122.38488363454546, "time_of_day": "Morning", "causation": [ "0", "0", "0", "0", "0", "0", "0", "0", "1", "0", "0", "0", "0", "0", "0", "0", "0", "0", "0", "0", "0", "0", "0", "0" ], "duration": 423.0, "sum": 1 }, "geometry": { "type": "Point", "coordinates": [ -122.38488363454546, 47.767156539170081 ] } },
{ "type": "Feature", "properties": { "lat": 47.767161677916349, "lon": -122.38565897187408, "time_of_day": "Morning", "causation": [ "0", "0", "0", "0", "0", "0", "0", "0", "1", "0", "0", "0", "0", "0", "0", "0", "0", "0", "0", "0", "0", "0", "0", "0" ], "duration": 423.0, "sum": 1 }, "geometry": { "type": "Point", "coordinates": [ -122.385658971874079, 47.767161677916349 ] } },
{ "type": "Feature", "properties": { "lat": 47.767192312900548, "lon": -122.30167376804836, "time_of_day": "Morning", "causation": [ "0", "0", "0", "0", "0", "0", "0", "0", "1", "0", "0", "0", "0", "0", "0", "0", "0", "0", "0", "0", "0", "0", "0", "0" ], "duration": 218.0, "sum": 1 }, "geometry": { "type": "Point", "coordinates": [ -122.30167376804836, 47.767192312900548 ] } },
{ "type": "Feature", "properties": { "lat": 47.767205676920483, "lon": -122.38364446067982, "time_of_day": "Morning", "causation": [ "0", "0", "0", "0", "0", "0", "0", "0", "1", "0", "0", "0", "0", "0", "0", "0", "0", "0", "0", "0", "0", "0", "0", "0" ], "duration": 423.0, "sum": 1 }, "geometry": { "type": "Point", "coordinates": [ -122.383644460679818, 47.767205676920483 ] } },
{ "type": "Feature", "properties": { "lat": 47.767207788339832, "lon": -122.38451626169127, "time_of_day": "Morning", "causation": [ "0", "0", "0", "0", "0", "0", "0", "0", "1", "0", "0", "0", "0", "0", "0", "0", "0", "0", "0", "0", "0", "0", "0", "0" ], "duration": 423.0, "sum": 1 }, "geometry": { "type": "Point", "coordinates": [ -122.384516261691275, 47.767207788339832 ] } },
{ "type": "Feature", "properties": { "lat": 47.76722773778328, "lon": -122.30251520290344, "time_of_day": "Morning", "causation": [ "0", "0", "0", "0", "0", "0", "0", "0", "1", "0", "0", "0", "0", "0", "0", "0", "0", "0", "0", "0", "0", "0", "0", "0" ], "duration": 218.0, "sum": 1 }, "geometry": { "type": "Point", "coordinates": [ -122.302515202903436, 47.76722773778328 ] } },
{ "type": "Feature", "properties": { "lat": 47.767294798532497, "lon": -122.30212024255113, "time_of_day": "Morning", "causation": [ "0", "0", "0", "0", "0", "0", "0", "0", "1", "0", "0", "0", "0", "0", "0", "0", "0", "0", "0", "0", "0", "0", "0", "0" ], "duration": 218.0, "sum": 1 }, "geometry": { "type": "Point", "coordinates": [ -122.302120242551126, 47.767294798532497 ] } },
{ "type": "Feature", "properties": { "lat": 47.76735902615512, "lon": -122.38373034984058, "time_of_day": "Morning", "causation": [ "0", "0", "0", "0", "0", "0", "0", "0", "1", "0", "0", "0", "0", "0", "0", "0", "0", "0", "0", "0", "0", "0", "0", "0" ], "duration": 423.0, "sum": 1 }, "geometry": { "type": "Point", "coordinates": [ -122.383730349840576, 47.76735902615512 ] } },
{ "type": "Feature", "properties": { "lat": 47.767370432012342, "lon": -122.38561516817867, "time_of_day": "Morning", "causation": [ "0", "0", "0", "0", "0", "0", "0", "0", "1", "0", "0", "0", "0", "0", "0", "0", "0", "0", "0", "0", "0", "0", "0", "0" ], "duration": 423.0, "sum": 1 }, "geometry": { "type": "Point", "coordinates": [ -122.385615168178674, 47.767370432012342 ] } },
{ "type": "Feature", "properties": { "lat": 47.76739616717753, "lon": -122.3843613355512, "time_of_day": "Morning", "causation": [ "0", "0", "0", "0", "0", "0", "0", "0", "1", "0", "0", "0", "0", "0", "0", "0", "0", "0", "0", "0", "0", "0", "0", "0" ], "duration": 423.0, "sum": 1 }, "geometry": { "type": "Point", "coordinates": [ -122.384361335551205, 47.76739616717753 ] } },
{ "type": "Feature", "properties": { "lat": 47.767522478247216, "lon": -122.38499830822202, "time_of_day": "Morning", "causation": [ "0", "0", "0", "0", "0", "0", "0", "0", "1", "0", "0", "0", "0", "0", "0", "0", "0", "0", "0", "0", "0", "0", "0", "0" ], "duration": 423.0, "sum": 1 }, "geometry": { "type": "Point", "coordinates": [ -122.384998308222023, 47.767522478247216 ] } },
{ "type": "Feature", "properties": { "lat": 47.767562032579626, "lon": -122.38435274697834, "time_of_day": "Morning", "causation": [ "0", "0", "0", "0", "0", "0", "0", "0", "1", "0", "0", "0", "0", "0", "0", "0", "0", "0", "0", "0", "0", "0", "0", "0" ], "duration": 423.0, "sum": 1 }, "geometry": { "type": "Point", "coordinates": [ -122.384352746978337, 47.767562032579626 ] } },
{ "type": "Feature", "properties": { "lat": 47.767563397040718, "lon": -122.30157423243664, "time_of_day": "Morning", "causation": [ "0", "0", "0", "0", "0", "0", "0", "0", "1", "0", "0", "0", "0", "0", "0", "0", "0", "0", "0", "0", "0", "0", "0", "0" ], "duration": 218.0, "sum": 1 }, "geometry": { "type": "Point", "coordinates": [ -122.301574232436636, 47.767563397040718 ] } },
{ "type": "Feature", "properties": { "lat": 47.76756952174356, "lon": -122.30189611586266, "time_of_day": "Morning", "causation": [ "0", "0", "0", "0", "0", "0", "0", "0", "1", "0", "0", "0", "0", "0", "0", "0", "0", "0", "0", "0", "0", "0", "0", "0" ], "duration": 218.0, "sum": 1 }, "geometry": { "type": "Point", "coordinates": [ -122.301896115862661, 47.76756952174356 ] } },
{ "type": "Feature", "properties": { "lat": 47.76757075582092, "lon": -122.38368543955556, "time_of_day": "Morning", "causation": [ "0", "0", "0", "0", "0", "0", "0", "0", "1", "0", "0", "0", "0", "0", "0", "0", "0", "0", "0", "0", "0", "0", "0", "0" ], "duration": 423.0, "sum": 1 }, "geometry": { "type": "Point", "coordinates": [ -122.383685439555563, 47.76757075582092 ] } },
{ "type": "Feature", "properties": { "lat": 47.76759339087458, "lon": -122.30255442655582, "time_of_day": "Morning", "causation": [ "0", "0", "0", "0", "0", "0", "0", "0", "1", "0", "0", "0", "0", "0", "0", "0", "0", "0", "0", "0", "0", "0", "0", "0" ], "duration": 218.0, "sum": 1 }, "geometry": { "type": "Point", "coordinates": [ -122.302554426555815, 47.76759339087458 ] } },
{ "type": "Feature", "properties": { "lat": 47.767622651483457, "lon": -122.38606698462787, "time_of_day": "Morning", "causation": [ "0", "0", "0", "0", "0", "0", "0", "0", "1", "0", "0", "0", "0", "0", "0", "0", "0", "0", "0", "0", "0", "0", "0", "0" ], "duration": 423.0, "sum": 1 }, "geometry": { "type": "Point", "coordinates": [ -122.386066984627874, 47.767622651483457 ] } },
{ "type": "Feature", "properties": { "lat": 47.767708703114337, "lon": -122.38375780128356, "time_of_day": "Morning", "causation": [ "0", "0", "0", "0", "0", "0", "0", "0", "1", "0", "0", "0", "0", "0", "0", "0", "0", "0", "0", "0", "0", "0", "0", "0" ], "duration": 423.0, "sum": 1 }, "geometry": { "type": "Point", "coordinates": [ -122.383757801283565, 47.767708703114337 ] } },
{ "type": "Feature", "properties": { "lat": 47.767744136531959, "lon": -122.38490242905333, "time_of_day": "Morning", "causation": [ "0", "0", "0", "0", "0", "0", "0", "0", "1", "0", "0", "0", "0", "0", "0", "0", "0", "0", "0", "0", "0", "0", "0", "0" ], "duration": 423.0, "sum": 1 }, "geometry": { "type": "Point", "coordinates": [ -122.384902429053327, 47.767744136531959 ] } },
{ "type": "Feature", "properties": { "lat": 47.767765741773495, "lon": -122.38567183363236, "time_of_day": "Morning", "causation": [ "0", "0", "0", "0", "0", "0", "0", "0", "1", "0", "0", "0", "0", "0", "0", "0", "0", "0", "0", "0", "0", "0", "0", "0" ], "duration": 423.0, "sum": 1 }, "geometry": { "type": "Point", "coordinates": [ -122.385671833632358, 47.767765741773495 ] } },
{ "type": "Feature", "properties": { "lat": 47.76780493866346, "lon": -122.38435609284085, "time_of_day": "Morning", "causation": [ "0", "0", "0", "0", "0", "0", "0", "0", "1", "0", "0", "0", "0", "0", "0", "0", "0", "0", "0", "0", "0", "0", "0", "0" ], "duration": 423.0, "sum": 1 }, "geometry": { "type": "Point", "coordinates": [ -122.384356092840846, 47.76780493866346 ] } },
{ "type": "Feature", "properties": { "lat": 47.767821607797529, "lon": -122.38492635511888, "time_of_day": "Morning", "causation": [ "0", "0", "0", "0", "0", "0", "0", "0", "1", "0", "0", "0", "0", "0", "0", "0", "0", "0", "0", "0", "0", "0", "0", "0" ], "duration": 423.0, "sum": 1 }, "geometry": { "type": "Point", "coordinates": [ -122.384926355118878, 47.767821607797529 ] } },
{ "type": "Feature", "properties": { "lat": 47.767842441348023, "lon": -122.30158151190392, "time_of_day": "Morning", "causation": [ "0", "0", "0", "0", "0", "0", "0", "0", "1", "0", "0", "0", "0", "0", "0", "0", "0", "0", "0", "0", "0", "0", "0", "0" ], "duration": 218.0, "sum": 1 }, "geometry": { "type": "Point", "coordinates": [ -122.301581511903919, 47.767842441348023 ] } },
{ "type": "Feature", "properties": { "lat": 47.767855450042859, "lon": -122.38373503459518, "time_of_day": "Morning", "causation": [ "0", "0", "0", "0", "0", "0", "0", "0", "1", "0", "0", "0", "0", "0", "0", "0", "0", "0", "0", "0", "0", "0", "0", "0" ], "duration": 423.0, "sum": 1 }, "geometry": { "type": "Point", "coordinates": [ -122.383735034595176, 47.767855450042859 ] } },
{ "type": "Feature", "properties": { "lat": 47.76786159724201, "lon": -122.30253371957924, "time_of_day": "Morning", "causation": [ "0", "0", "0", "0", "0", "0", "0", "0", "1", "0", "0", "0", "0", "0", "0", "0", "0", "0", "0", "0", "0", "0", "0", "0" ], "duration": 218.0, "sum": 1 }, "geometry": { "type": "Point", "coordinates": [ -122.302533719579245, 47.76786159724201 ] } },
{ "type": "Feature", "properties": { "lat": 47.768035320890448, "lon": -122.38373528162889, "time_of_day": "Morning", "causation": [ "0", "0", "0", "0", "0", "0", "0", "0", "2", "0", "0", "0", "0", "0", "0", "0", "0", "0", "0", "0", "0", "0", "0", "0" ], "duration": 846.0, "sum": 2 }, "geometry": { "type": "Point", "coordinates": [ -122.383735281628887, 47.768035320890448 ] } },
{ "type": "Feature", "properties": { "lat": 47.7680369074181, "lon": -122.38435999837078, "time_of_day": "Morning", "causation": [ "0", "0", "0", "0", "0", "0", "0", "0", "1", "0", "0", "0", "0", "0", "0", "0", "0", "0", "0", "0", "0", "0", "0", "0" ], "duration": 423.0, "sum": 1 }, "geometry": { "type": "Point", "coordinates": [ -122.384359998370783, 47.7680369074181 ] } },
{ "type": "Feature", "properties": { "lat": 47.768043673205803, "lon": -122.3849937529418, "time_of_day": "Morning", "causation": [ "0", "0", "0", "0", "0", "0", "0", "0", "1", "0", "0", "0", "0", "0", "0", "0", "0", "0", "0", "0", "0", "0", "0", "0" ], "duration": 423.0, "sum": 1 }, "geometry": { "type": "Point", "coordinates": [ -122.384993752941796, 47.768043673205803 ] } },
{ "type": "Feature", "properties": { "lat": 47.768055239937446, "lon": -122.38555088295136, "time_of_day": "Morning", "causation": [ "0", "0", "0", "0", "0", "0", "0", "0", "1", "0", "0", "0", "0", "0", "0", "0", "0", "0", "0", "0", "0", "0", "0", "0" ], "duration": 423.0, "sum": 1 }, "geometry": { "type": "Point", "coordinates": [ -122.385550882951364, 47.768055239937446 ] } },
{ "type": "Feature", "properties": { "lat": 47.768136304526045, "lon": -122.3016377153907, "time_of_day": "Morning", "causation": [ "0", "0", "0", "0", "0", "0", "0", "0", "1", "0", "0", "0", "0", "0", "0", "0", "0", "0", "0", "0", "0", "0", "0", "0" ], "duration": 218.0, "sum": 1 }, "geometry": { "type": "Point", "coordinates": [ -122.301637715390697, 47.768136304526045 ] } },
{ "type": "Feature", "properties": { "lat": 47.768165512396735, "lon": -122.38487574289536, "time_of_day": "Morning", "causation": [ "0", "0", "0", "0", "0", "0", "0", "0", "1", "0", "0", "0", "0", "0", "0", "0", "0", "0", "0", "0", "0", "0", "0", "0" ], "duration": 423.0, "sum": 1 }, "geometry": { "type": "Point", "coordinates": [ -122.38487574289536, 47.768165512396735 ] } },
{ "type": "Feature", "properties": { "lat": 47.768167941701208, "lon": -122.30215064992429, "time_of_day": "Morning", "causation": [ "0", "0", "0", "0", "0", "0", "0", "0", "1", "0", "0", "0", "0", "0", "0", "0", "0", "0", "0", "0", "0", "0", "0", "0" ], "duration": 218.0, "sum": 1 }, "geometry": { "type": "Point", "coordinates": [ -122.302150649924286, 47.768167941701208 ] } },
{ "type": "Feature", "properties": { "lat": 47.768177112173127, "lon": -122.38433863198424, "time_of_day": "Morning", "causation": [ "0", "0", "0", "0", "0", "0", "0", "0", "1", "0", "0", "0", "0", "0", "0", "0", "0", "0", "0", "0", "0", "0", "0", "0" ], "duration": 423.0, "sum": 1 }, "geometry": { "type": "Point", "coordinates": [ -122.384338631984235, 47.768177112173127 ] } },
{ "type": "Feature", "properties": { "lat": 47.768187256189279, "lon": -122.30191795917024, "time_of_day": "Morning", "causation": [ "0", "0", "0", "0", "0", "0", "0", "0", "1", "0", "0", "0", "0", "0", "0", "0", "0", "0", "0", "0", "0", "0", "0", "0" ], "duration": 218.0, "sum": 1 }, "geometry": { "type": "Point", "coordinates": [ -122.30191795917024, 47.768187256189279 ] } },
{ "type": "Feature", "properties": { "lat": 47.768224156525598, "lon": -122.3025414416916, "time_of_day": "Morning", "causation": [ "0", "0", "0", "0", "0", "0", "0", "0", "1", "0", "0", "0", "0", "0", "0", "0", "0", "0", "0", "0", "0", "0", "0", "0" ], "duration": 218.0, "sum": 1 }, "geometry": { "type": "Point", "coordinates": [ -122.302541441691602, 47.768224156525598 ] } },
{ "type": "Feature", "properties": { "lat": 47.768354724688649, "lon": -122.38441145833394, "time_of_day": "Morning", "causation": [ "0", "0", "0", "0", "0", "0", "0", "0", "1", "0", "0", "0", "0", "0", "0", "0", "0", "0", "0", "0", "0", "0", "0", "0" ], "duration": 423.0, "sum": 1 }, "geometry": { "type": "Point", "coordinates": [ -122.384411458333943, 47.768354724688649 ] } },
{ "type": "Feature", "properties": { "lat": 47.768367758168743, "lon": -122.38490161147875, "time_of_day": "Morning", "causation": [ "0", "0", "0", "0", "0", "0", "0", "0", "1", "0", "0", "0", "0", "0", "0", "0", "0", "0", "0", "0", "0", "0", "0", "0" ], "duration": 423.0, "sum": 1 }, "geometry": { "type": "Point", "coordinates": [ -122.384901611478753, 47.768367758168743 ] } },
{ "type": "Feature", "properties": { "lat": 47.768398992366926, "lon": -122.38369296760756, "time_of_day": "Morning", "causation": [ "0", "0", "0", "0", "0", "0", "0", "0", "1", "0", "0", "0", "0", "0", "0", "0", "0", "0", "0", "0", "0", "0", "0", "0" ], "duration": 423.0, "sum": 1 }, "geometry": { "type": "Point", "coordinates": [ -122.383692967607558, 47.768398992366926 ] } },
{ "type": "Feature", "properties": { "lat": 47.768484323873082, "lon": -122.38447561796195, "time_of_day": "Morning", "causation": [ "0", "0", "0", "0", "0", "0", "0", "0", "1", "0", "0", "0", "0", "0", "0", "0", "0", "0", "0", "0", "0", "0", "0", "0" ], "duration": 423.0, "sum": 1 }, "geometry": { "type": "Point", "coordinates": [ -122.384475617961954, 47.768484323873082 ] } },
{ "type": "Feature", "properties": { "lat": 47.768621292358745, "lon": -122.38495542295551, "time_of_day": "Morning", "causation": [ "0", "0", "0", "0", "0", "0", "0", "0", "1", "0", "0", "0", "0", "0", "0", "0", "0", "0", "0", "0", "0", "0", "0", "0" ], "duration": 423.0, "sum": 1 }, "geometry": { "type": "Point", "coordinates": [ -122.384955422955514, 47.768621292358745 ] } },
{ "type": "Feature", "properties": { "lat": 47.768656063936376, "lon": -122.38434962915029, "time_of_day": "Morning", "causation": [ "0", "0", "0", "0", "0", "0", "0", "0", "1", "0", "0", "0", "0", "0", "0", "0", "0", "0", "0", "0", "0", "0", "0", "0" ], "duration": 423.0, "sum": 1 }, "geometry": { "type": "Point", "coordinates": [ -122.384349629150293, 47.768656063936376 ] } },
{ "type": "Feature", "properties": { "lat": 47.768669949509459, "lon": -122.38355180150074, "time_of_day": "Morning", "causation": [ "0", "0", "0", "0", "0", "0", "0", "0", "1", "0", "0", "0", "0", "0", "0", "0", "0", "0", "0", "0", "0", "0", "0", "0" ], "duration": 423.0, "sum": 1 }, "geometry": { "type": "Point", "coordinates": [ -122.383551801500744, 47.768669949509459 ] } },
{ "type": "Feature", "properties": { "lat": 47.769017901964922, "lon": -122.38454026632446, "time_of_day": "Morning", "causation": [ "0", "0", "0", "0", "0", "0", "0", "0", "1", "0", "0", "0", "0", "0", "0", "0", "0", "0", "0", "0", "0", "0", "0", "0" ], "duration": 423.0, "sum": 1 }, "geometry": { "type": "Point", "coordinates": [ -122.384540266324464, 47.769017901964922 ] } },
{ "type": "Feature", "properties": { "lat": 47.76902653547684, "lon": -122.38502026832366, "time_of_day": "Morning", "causation": [ "0", "0", "0", "0", "0", "0", "0", "0", "1", "0", "0", "0", "0", "0", "0", "0", "0", "0", "0", "0", "0", "0", "0", "0" ], "duration": 423.0, "sum": 1 }, "geometry": { "type": "Point", "coordinates": [ -122.385020268323657, 47.76902653547684 ] } },
{ "type": "Feature", "properties": { "lat": 47.769041277129659, "lon": -122.38366685383272, "time_of_day": "Morning", "causation": [ "0", "0", "0", "0", "0", "0", "0", "0", "1", "0", "0", "0", "0", "0", "0", "0", "0", "0", "0", "0", "0", "0", "0", "0" ], "duration": 423.0, "sum": 1 }, "geometry": { "type": "Point", "coordinates": [ -122.383666853832722, 47.769041277129659 ] } },
{ "type": "Feature", "properties": { "lat": 47.769174813110759, "lon": -122.3836638774473, "time_of_day": "Morning", "causation": [ "0", "0", "0", "0", "0", "0", "0", "0", "1", "0", "0", "0", "0", "0", "0", "0", "0", "0", "0", "0", "0", "0", "0", "0" ], "duration": 423.0, "sum": 1 }, "geometry": { "type": "Point", "coordinates": [ -122.383663877447304, 47.769174813110759 ] } },
{ "type": "Feature", "properties": { "lat": 47.769175583980513, "lon": -122.38503476071701, "time_of_day": "Morning", "causation": [ "0", "0", "0", "0", "0", "0", "0", "0", "1", "0", "0", "0", "0", "0", "0", "0", "0", "0", "0", "0", "0", "0", "0", "0" ], "duration": 423.0, "sum": 1 }, "geometry": { "type": "Point", "coordinates": [ -122.385034760717005, 47.769175583980513 ] } },
{ "type": "Feature", "properties": { "lat": 47.769244240937454, "lon": -122.38452848361638, "time_of_day": "Morning", "causation": [ "0", "0", "0", "0", "0", "0", "0", "0", "1", "0", "0", "0", "0", "0", "0", "0", "0", "0", "0", "0", "0", "0", "0", "0" ], "duration": 423.0, "sum": 1 }, "geometry": { "type": "Point", "coordinates": [ -122.384528483616378, 47.769244240937454 ] } },
{ "type": "Feature", "properties": { "lat": 47.769345733731193, "lon": -122.38503122359688, "time_of_day": "Morning", "causation": [ "0", "0", "0", "0", "0", "0", "0", "0", "1", "0", "0", "0", "0", "0", "0", "0", "0", "0", "0", "0", "0", "0", "0", "0" ], "duration": 423.0, "sum": 1 }, "geometry": { "type": "Point", "coordinates": [ -122.385031223596883, 47.769345733731193 ] } },
{ "type": "Feature", "properties": { "lat": 47.76937220148001, "lon": -122.3837534614712, "time_of_day": "Morning", "causation": [ "0", "0", "0", "0", "0", "0", "0", "0", "1", "0", "0", "0", "0", "0", "0", "0", "0", "0", "0", "0", "0", "0", "0", "0" ], "duration": 423.0, "sum": 1 }, "geometry": { "type": "Point", "coordinates": [ -122.383753461471201, 47.76937220148001 ] } },
{ "type": "Feature", "properties": { "lat": 47.769497185334352, "lon": -122.38433754202156, "time_of_day": "Morning", "causation": [ "0", "0", "0", "0", "0", "0", "0", "0", "1", "0", "0", "0", "0", "0", "0", "0", "0", "0", "0", "0", "0", "0", "0", "0" ], "duration": 423.0, "sum": 1 }, "geometry": { "type": "Point", "coordinates": [ -122.384337542021555, 47.769497185334352 ] } },
{ "type": "Feature", "properties": { "lat": 47.769512705970932, "lon": -122.38373585599156, "time_of_day": "Morning", "causation": [ "0", "0", "0", "0", "0", "0", "0", "0", "1", "0", "0", "0", "0", "0", "0", "0", "0", "0", "0", "0", "0", "0", "0", "0" ], "duration": 423.0, "sum": 1 }, "geometry": { "type": "Point", "coordinates": [ -122.38373585599156, 47.769512705970932 ] } },
{ "type": "Feature", "properties": { "lat": 47.777355895727759, "lon": -122.3342281205519, "time_of_day": "Morning", "causation": [ "0", "0", "0", "0", "0", "0", "0", "0", "1", "0", "0", "0", "0", "0", "0", "0", "0", "1", "0", "0", "0", "0", "0", "0" ], "duration": 560.0, "sum": 2 }, "geometry": { "type": "Point", "coordinates": [ -122.334228120551899, 47.777355895727759 ] } }
]
}
